time,voltage_V
2019-01-31 11:20:58+00:00,12.662546730754558
2019-01-31 16:23:12+00:00,14.067292286564433
2019-02-01 11:51:12+00:00,12.953688868543528
2019-02-02 17:48:28+00:00,12.836194399938964
2019-02-03 23:37:55+00:00,12.749523155565727
2019-03-09 22:28:43+00:00,11.702143892576489
2019-03-10 07:38:39+00:00,12.044556343938352
2019-03-10 11:51:07+00:00,13.485008010986498
2019-03-10 19:47:43+00:00,12.953688868543528
2019-03-11 02:26:36+00:00,12.59113450827802
2019-03-11 07:45:02+00:00,13.081254291599908
2019-03-11 15:58:43+00:00,13.362325474937055
2019-03-11 19:40:21+00:00,12.907606622415503
2019-03-11 22:58:08+00:00,12.498970016021971
2019-03-12 02:15:30+00:00,12.417486839093614
2019-03-12 05:32:47+00:00,12.386663614862288
2019-03-12 09:11:17+00:00,13.193865873197527
2019-03-12 12:29:05+00:00,14.087739375906006
2019-03-12 15:47:40+00:00,13.065995269703212
2019-03-12 19:18:22+00:00,12.723887998779276
2019-03-12 22:38:33+00:00,12.652475776302738
2019-03-13 01:59:38+00:00,12.575570305943389
2019-03-13 05:17:37+00:00,12.509346150911728
2019-03-13 09:09:27+00:00,13.535973144121463
2019-03-13 12:32:34+00:00,14.092927443350884
2019-03-13 17:11:40.299999952+00:00,13.377584496833752
2019-03-13 21:07:11+00:00,12.49408712901503
2019-03-14 00:07:04.299999952+00:00,12.46845197222858
2019-03-14 03:19:47+00:00,12.412298771648738
2019-03-14 06:56:07+00:00,12.391851682307164
2019-03-14 10:12:22+00:00,13.57686732280461
2019-03-14 13:30:19+00:00,14.077363241016252
2019-03-14 19:54:30+00:00,12.662546730754558
2019-03-14 23:12:01+00:00,12.585946440833142
2019-03-15 02:29:14+00:00,12.5297932402533
2019-03-15 05:46:26+00:00,12.463263904783703
2019-03-15 09:22:03+00:00,13.48989089799344
2019-03-15 12:39:50+00:00,14.087739375906006
2019-03-15 15:49:33+00:00,13.34706645304036
2019-03-15 19:47:36.700000048+00:00,12.907606622415503
2019-03-15 22:48:33.799999952+00:00,12.401922636758984
2019-03-16 01:49:07+00:00,12.514534218356603
2019-03-16 05:01:41+00:00,12.458075837338829
2019-03-16 08:42:51+00:00,13.2143129625391
2019-03-16 12:01:26+00:00,14.067292286564433
2019-03-16 15:20:00+00:00,13.081254291599908
2019-03-16 19:06:17+00:00,12.723887998779276
2019-03-16 22:06:04+00:00,12.19256885633631
2019-03-17 01:06:37+00:00,12.259098191805906
2019-03-17 04:23:45+00:00,12.213015945677885
2019-03-17 08:03:00+00:00,12.647287708857862
2019-03-17 11:20:22+00:00,13.428854810406651
2019-03-17 14:37:53+00:00,13.234760051880674
2019-03-17 18:33:15+00:00,12.7186999313344
2019-03-17 21:34:12+00:00,12.299992370489052
2019-03-18 00:41:33+00:00,12.182497901884489
2019-03-18 03:58:49+00:00,12.136415655756466
2019-03-18 07:48:08+00:00,12.596017395284962
2019-03-18 11:05:22+00:00,13.316243228809032
2019-03-18 14:23:02+00:00,13.908903639276724
2019-03-18 17:40:50+00:00,12.98420691233692
2019-03-18 20:59:23+00:00,12.381475547417413
2019-03-19 00:17:57+00:00,12.361028458075838
2019-03-19 03:35:05+00:00,12.223392080567637
2019-03-19 06:52:20+00:00,12.335698481727322
2019-03-19 10:09:44+00:00,13.122148470283054
2019-03-19 13:26:36+00:00,13.668726634622722
2019-03-20 13:31:04+00:00,14.005951018539712
2019-03-20 16:48:19+00:00,12.795300221255816
2019-03-20 20:06:42+00:00,12.299992370489052
2019-03-21 02:11:08+00:00,12.25391012436103
2019-03-21 09:26:41+00:00,13.168230716411076
2019-03-21 12:44:31+00:00,14.052033264667736
2019-03-21 16:03:05+00:00,13.352254520485236
2019-03-21 20:07:35+00:00,12.488899061570152
2019-03-21 23:07:22+00:00,12.146486610208283
2019-03-22 02:15:06+00:00,12.22827496757458
2019-03-22 05:36:43+00:00,12.105897611963073
2019-03-22 08:57:40+00:00,12.979324025329976
2019-03-22 12:14:37.200000048+00:00,13.806668192568855
2019-03-22 15:35:03+00:00,13.571679255359731
2019-03-22 18:58:35+00:00,12.606393530174715
2019-03-22 22:22:36+00:00,12.40711070420386
2019-03-23 08:33:14+00:00,13.020218204013124
2019-03-23 11:51:49+00:00,13.34706645304036
2019-03-23 15:09:34+00:00,13.300984206912336
2019-03-23 19:20:32+00:00,12.550240329594873
2019-03-23 22:20:19+00:00,12.202944991226063
2019-03-24 01:28:30+00:00,12.24383916990921
2019-03-24 04:46:22+00:00,12.187380788891431
2019-03-24 08:50:55+00:00,12.79011215381094
2019-03-24 12:08:42+00:00,14.08255130846113
2019-03-24 15:27:14+00:00,13.132524605172808
2019-03-24 19:10:11.099999905+00:00,12.79011215381094
2019-03-24 22:27:14+00:00,12.458075837338829
2019-03-25 01:44:29+00:00,12.330510414282443
2019-03-25 05:01:42+00:00,12.202944991226063
2019-03-25 08:56:59+00:00,13.127336537727931
2019-03-25 12:14:16+00:00,14.067292286564433
2019-03-25 15:31:44+00:00,13.382772564278628
2019-03-25 19:45:19+00:00,12.570687418936446
2019-03-25 23:02:37+00:00,12.141603723201342
2019-03-26 02:19:49+00:00,12.141603723201342
2019-03-26 05:37:03+00:00,12.090333409628442
2019-03-26 09:09:32+00:00,13.106889448386358
2019-03-26 12:10:06+00:00,14.056916151674676
2019-03-26 15:10:27.299999952+00:00,12.815747310597391
2019-03-26 18:11:26+00:00,12.723887998779276
2019-03-26 21:11:13+00:00,12.361028458075838
2019-03-27 00:11:46+00:00,12.080262455176625
2019-03-27 03:26:02+00:00,12.126344701304646
2019-03-27 06:58:02+00:00,12.044556343938352
2019-03-27 10:15:48+00:00,12.928053711757077
2019-03-27 13:34:22+00:00,13.939421683070115
2019-03-27 16:52:57+00:00,13.398031586175325
2019-03-27 19:58:31+00:00,12.626840619516289
2019-03-27 22:58:17.299999952+00:00,12.44281681544213
2019-03-28 02:01:10+00:00,12.325322346837568
2019-03-28 05:18:24+00:00,12.207827878233006
2019-03-28 08:35:41+00:00,13.122148470283054
2019-03-28 11:52:57+00:00,14.07248035400931
2019-03-28 15:10:22+00:00,13.34706645304036
2019-03-28 18:40:23+00:00,12.810559243152513
2019-03-28 21:40:09+00:00,12.330510414282443
2019-03-29 00:41:38.900000095+00:00,12.131227588311589
2019-03-29 03:50:34+00:00,12.013733119707029
2019-03-29 09:21:31+00:00,13.331807431143664
2019-03-29 12:40:51+00:00,14.000762951094837
2019-03-29 15:59:25+00:00,13.112077515831237
2019-03-29 19:57:46+00:00,12.88715953307393
2019-03-29 23:15:08+00:00,12.688181887541008
2019-03-30 02:33:51+00:00,12.611581597619592
2019-03-30 05:52:39+00:00,12.555123216601816
2019-03-30 09:12:56+00:00,14.159151598382543
2019-03-30 12:30:06+00:00,14.10818646524758
2019-03-30 15:56:45+00:00,13.357137407492178
2019-03-30 20:03:25+00:00,12.846570534828718
2019-03-30 23:21:05+00:00,12.74433508812085
2019-03-31 02:38:45+00:00,12.677805752651254
2019-03-31 06:37:29.099999905+00:00,12.80567635614557
2019-03-31 09:37:52.900000095+00:00,14.159151598382543
2019-03-31 12:43:37.099999905+00:00,13.382772564278628
2019-03-31 16:26:49+00:00,12.677805752651254
2019-03-31 19:40:56+00:00,12.65735866330968
2019-03-31 23:00:41+00:00,12.534981307698176
2019-04-01 02:17:52+00:00,12.43274586099031
2019-04-01 05:35:38+00:00,12.361028458075838
2019-04-01 09:34:48+00:00,13.321431296253907
2019-04-01 12:53:53+00:00,14.169527733272298
2019-04-01 16:13:08+00:00,13.398031586175325
2019-04-01 20:31:17+00:00,12.626840619516289
2019-04-01 23:47:23+00:00,12.46845197222858
2019-04-02 03:05:44+00:00,12.386663614862288
2019-04-02 07:07:57+00:00,12.795300221255816
2019-04-02 10:25:09+00:00,14.128633554589152
2019-04-02 13:45:52+00:00,13.331807431143664
2019-04-02 17:03:39.599999905+00:00,13.341878385595482
2019-04-02 21:05:26+00:00,12.570687418936446
2019-04-03 00:06:42+00:00,12.263981078812847
2019-04-03 03:23:57+00:00,12.315251392385749
2019-04-03 07:32:14+00:00,12.74433508812085
2019-04-03 10:50:44+00:00,14.087739375906006
2019-04-03 14:13:42.400000095+00:00,13.34706645304036
2019-04-03 18:56:33.799999952+00:00,12.968947890440225
2019-04-03 22:10:28+00:00,12.498970016021971
2019-04-04 01:27:54+00:00,12.463263904783703
2019-04-04 04:45:08+00:00,12.39703974975204
2019-04-04 08:34:01+00:00,13.203936827649349
2019-04-04 11:56:38+00:00,14.036469062333104
2019-04-04 15:14:38.799999952+00:00,13.326619363698786
2019-04-04 18:46:54+00:00,12.749523155565727
2019-04-04 22:04:11+00:00,12.636911573968108
2019-04-05 01:21:30+00:00,12.5297932402533
2019-04-05 04:38:46+00:00,12.4785229266804
2019-04-05 08:47:18+00:00,13.209124895094224
2019-04-05 12:06:24+00:00,14.097810330357824
2019-04-05 16:05:44.400000095+00:00,13.357137407492178
2019-04-05 19:25:28+00:00,12.570687418936446
2019-04-05 22:47:39+00:00,12.146486610208283
2019-04-06 02:09:30+00:00,12.238651102464331
2019-04-06 05:31:23+00:00,12.141603723201342
2019-04-06 09:09:12+00:00,13.117265583276112
2019-04-06 12:09:45.900000095+00:00,14.056916151674676
2019-04-06 15:09:34+00:00,13.326619363698786
2019-04-06 19:16:40+00:00,12.749523155565727
2019-04-06 22:16:26.400000095+00:00,12.304875257495995
2019-04-07 01:16:59+00:00,12.320439459830624
2019-04-07 04:16:45+00:00,12.263981078812847
2019-04-07 07:50:53+00:00,12.917982757305255
2019-04-07 10:51:28+00:00,13.239642938887616
2019-04-07 13:51:15+00:00,14.021210040436408
2019-04-07 16:51:48.299999952+00:00,12.861829556725414
2019-04-07 20:28:05+00:00,12.427557793545434
2019-04-07 23:28:38+00:00,12.207827878233006
2019-04-08 02:29:25+00:00,12.162050812542915
2019-04-08 05:29:59+00:00,12.080262455176625
2019-04-08 09:02:46+00:00,13.030289158464942
2019-04-08 12:02:33+00:00,14.062104219119554
2019-04-08 15:14:35.500000+00:00,13.352254520485236
2019-04-08 18:42:51+00:00,12.560311284046692
2019-04-08 21:43:24+00:00,12.24383916990921
2019-04-09 01:04:09+00:00,12.2896162355993
2019-04-09 04:21:24+00:00,12.19256885633631
2019-04-09 08:26:12+00:00,13.025101091020066
2019-04-09 11:44:46+00:00,14.046845197222858
2019-04-09 15:02:35+00:00,13.28572518501564
2019-04-09 19:04:51.799999952+00:00,12.585946440833142
2019-04-09 22:05:31+00:00,12.299992370489052
2019-04-10 01:22:19+00:00,12.417486839093614
2019-04-10 04:39:34+00:00,12.34576943617914
2019-04-10 08:23:53+00:00,13.22438391699092
2019-04-10 11:40:45+00:00,14.036469062333104
2019-04-10 18:26:13.099999905+00:00,12.606393530174715
2019-04-10 21:27:57+00:00,12.248722056916153
2019-04-11 00:36:17+00:00,12.248722056916153
2019-04-11 03:53:28+00:00,12.182497901884489
2019-04-11 08:00:46+00:00,13.061112382696267
2019-04-11 11:21:57+00:00,13.939421683070115
2019-04-11 14:58:31.799999952+00:00,13.336690318150604
2019-04-11 18:22:59+00:00,12.897535667963684
2019-04-11 21:42:16+00:00,12.688181887541008
2019-04-12 01:00:49+00:00,12.560311284046692
2019-04-12 04:21:13+00:00,12.514534218356603
2019-04-12 07:38:24+00:00,13.336690318150604
2019-04-12 10:38:11+00:00,14.159151598382543
2019-04-12 13:39:59+00:00,13.398031586175325
2019-04-12 16:39:45+00:00,13.372701609826809
2019-04-12 20:37:06+00:00,12.498970016021971
2019-04-12 23:37:39+00:00,12.350957503624018
2019-04-13 02:38:14.400000095+00:00,12.299992370489052
2019-04-13 06:23:42+00:00,12.25391012436103
2019-04-13 09:23:33+00:00,13.055924315251392
2019-04-13 12:24:06+00:00,13.030289158464942
2019-04-13 15:23:54+00:00,14.1182574196994
2019-04-13 18:24:28+00:00,12.91279468986038
2019-04-13 21:24:14+00:00,12.514534218356603
2019-04-14 00:24:55+00:00,12.412298771648738
2019-04-14 03:26:21+00:00,12.304875257495995
2019-04-14 06:51:07.299999952+00:00,12.43274586099031
2019-04-14 09:51:51+00:00,13.740444037537197
2019-04-14 12:51:39+00:00,14.1182574196994
2019-04-14 15:56:47+00:00,13.367513542381932
2019-04-14 18:57:21+00:00,12.70862897688258
2019-04-14 22:10:49+00:00,12.585946440833142
2019-04-15 01:29:37+00:00,12.46845197222858
2019-04-15 04:46:59+00:00,12.366216525520716
2019-04-15 08:33:32+00:00,13.096818493934538
2019-04-15 11:33:20+00:00,14.133516441596097
2019-04-15 14:33:54+00:00,13.372701609826809
2019-04-15 18:54:26+00:00,12.963759822995346
2019-04-15 21:56:08+00:00,12.550240329594873
2019-04-16 00:57:04+00:00,12.534981307698176
2019-04-16 03:56:51+00:00,12.437933928435188
2019-04-16 06:57:25+00:00,12.550240329594873
2019-04-16 09:57:11+00:00,13.73006790264744
2019-04-16 12:57:46+00:00,14.113069352254522
2019-04-16 17:44:11.400000095+00:00,12.953688868543528
2019-04-16 20:46:03.599999905+00:00,12.933241779201952
2019-04-17 06:57:09+00:00,13.444113832303351
2019-04-17 10:12:52+00:00,13.403219653620202
2019-04-17 16:32:22.200000048+00:00,13.372701609826809
2019-04-17 19:36:56+00:00,12.632028686961164
2019-04-17 22:55:17+00:00,12.596017395284962
2019-04-18 06:39:27.200000048+00:00,12.78004119935912
2019-04-18 09:39:27+00:00,14.10818646524758
2019-04-18 12:40:01+00:00,13.357137407492178
2019-04-18 15:58:13.200000048+00:00,13.357137407492178
2019-04-18 19:33:12.700000048+00:00,12.473640039673455
2019-04-18 22:33:54+00:00,12.054627298390171
2019-04-19 01:35:07+00:00,12.223392080567637
2019-04-19 06:44:43+00:00,12.40711070420386
2019-04-19 09:45:53+00:00,13.28572518501564
2019-04-19 12:46:28+00:00,13.321431296253907
2019-04-19 15:47:01+00:00,13.34706645304036
2019-04-19 19:30:17.900000095+00:00,12.550240329594873
2019-04-19 22:31:40.099999905+00:00,12.15686274509804
2019-04-20 01:32:11+00:00,12.223392080567637
2019-04-20 04:32:44+00:00,12.126344701304646
2019-04-20 08:08:56+00:00,13.040665293354696
2019-04-20 11:09:29+00:00,14.062104219119554
2019-04-20 14:10:05+00:00,14.07248035400931
2019-04-20 19:38:59.700000048+00:00,12.611581597619592
2019-04-20 22:45:19+00:00,12.259098191805906
2019-04-21 02:02:32+00:00,12.509346150911728
2019-04-21 05:21:13+00:00,12.412298771648738
2019-04-21 08:43:37+00:00,12.7186999313344
2019-04-21 11:43:24+00:00,14.097810330357824
2019-04-21 14:47:58.400000095+00:00,13.357137407492178
2019-04-21 19:25:49+00:00,12.723887998779276
2019-04-21 22:44:42+00:00,12.647287708857862
2019-04-22 02:01:58+00:00,12.56549935149157
2019-04-22 05:19:12+00:00,12.488899061570152
2019-04-22 09:33:11+00:00,14.123445487144275
2019-04-22 12:50:27+00:00,13.362325474937055
2019-04-22 16:07:15+00:00,12.846570534828718
2019-04-22 20:18:26+00:00,12.53986419470512
2019-04-22 23:35:43+00:00,12.611581597619592
2019-04-23 02:52:34.599999905+00:00,12.560311284046692
2019-04-23 09:14:50+00:00,12.488899061570152
2019-04-23 12:31:16+00:00,12.259098191805906
2019-04-23 15:49:05+00:00,12.4785229266804
2019-04-23 19:50:36+00:00,12.182497901884489
2019-04-23 23:07:51+00:00,12.090333409628442
2019-04-24 06:24:42.400000095+00:00,12.371404592965591
2019-04-24 09:39:54+00:00,13.086442359044783
2019-04-24 12:59:48+00:00,14.246128023193714
2019-04-24 16:18:42+00:00,13.173418783855954
2019-04-24 19:36:12+00:00,12.79011215381094
2019-04-24 22:53:44+00:00,12.304875257495995
2019-04-25 02:10:56+00:00,12.27954528114748
2019-04-25 05:28:20+00:00,12.320439459830624
2019-04-25 09:15:01+00:00,13.382772564278628
2019-04-25 12:32:43+00:00,14.179598687724118
2019-04-25 15:54:48+00:00,13.41329060807202
2019-04-25 19:41:49+00:00,12.524605172808425
2019-04-25 22:59:51+00:00,12.56549935149157
2019-04-26 02:17:03+00:00,12.514534218356603
2019-04-26 05:33:37.200000048+00:00,12.458075837338829
2019-04-26 09:28:43+00:00,13.857938506141757
2019-04-26 12:48:41+00:00,14.159151598382543
2019-04-26 19:00:37+00:00,12.585946440833142
2019-04-26 22:12:55+00:00,12.366216525520716
2019-04-27 01:30:13+00:00,12.5297932402533
2019-04-27 06:55:47.200000048+00:00,12.892347600518807
2019-04-27 09:55:36+00:00,13.980315861753262
2019-04-27 12:58:24.900000095+00:00,13.392843518730448
2019-04-27 18:17:23+00:00,13.106889448386358
2019-04-27 21:36:14+00:00,12.371404592965591
2019-04-28 00:54:32+00:00,12.463263904783703
2019-04-28 04:12:23+00:00,12.386663614862288
2019-04-28 07:44:49.299999952+00:00,13.255207141222249
2019-04-28 10:45:27+00:00,14.128633554589152
2019-04-28 13:45:15+00:00,13.372701609826809
2019-04-28 16:45:47+00:00,12.90272373540856
2019-04-28 20:02:12+00:00,12.79011215381094
2019-04-28 23:19:34+00:00,12.713511863889524
2019-04-29 02:38:29+00:00,12.652475776302738
2019-04-29 06:44:12.400000095+00:00,13.050736247806515
2019-04-29 09:45:08+00:00,14.215304798962388
2019-04-29 12:44:55+00:00,13.423666742961776
2019-04-29 15:53:31.299999952+00:00,13.408407721065078
2019-04-29 19:23:26+00:00,12.87708857862211
2019-04-29 22:40:51+00:00,12.667734798199437
2019-04-30 01:58:10+00:00,12.585946440833142
2019-04-30 05:15:26+00:00,12.570687418936446
2019-04-30 08:57:47+00:00,14.205233844510568
2019-04-30 12:17:39+00:00,13.403219653620202
2019-04-30 17:08:25.900000095+00:00,13.403219653620202
2019-04-30 21:51:21+00:00,12.826123445487143
2019-05-01 01:11:09+00:00,12.70862897688258
2019-05-01 04:28:28+00:00,12.606393530174715
2019-05-01 07:49:34+00:00,13.500267032883194
2019-05-01 11:07:57.900000095+00:00,13.398031586175325
2019-05-01 14:40:19.900000095+00:00,13.398031586175325
2019-05-01 19:03:22+00:00,12.514534218356603
2019-05-01 22:03:09+00:00,12.498970016021971
2019-05-02 01:15:16+00:00,12.44281681544213
2019-05-02 04:32:45+00:00,12.376592660410468
2019-05-02 07:54:14+00:00,12.917982757305255
2019-05-02 11:13:11+00:00,14.128633554589152
2019-05-02 14:36:01.099999905+00:00,13.382772564278628
2019-05-02 19:45:06+00:00,12.836194399938964
2019-05-02 23:04:34+00:00,12.764782177462424
2019-05-03 02:23:49+00:00,12.769665064469368
2019-05-03 06:18:02.400000095+00:00,12.928053711757077
2019-05-03 09:36:04+00:00,14.159151598382543
2019-05-03 15:47:02+00:00,13.408407721065078
2019-05-03 21:30:18+00:00,12.509346150911728
2019-05-04 00:48:08+00:00,12.49408712901503
2019-05-04 04:06:34+00:00,12.437933928435188
2019-05-04 07:20:59+00:00,12.483710994125277
2019-05-04 10:39:07+00:00,13.617761501487756
2019-05-04 13:56:35+00:00,14.184786755168997
2019-05-04 17:30:11.299999952+00:00,12.774853131914243
2019-05-04 20:29:57+00:00,12.463263904783703
2019-05-04 23:41:45+00:00,12.458075837338829
2019-05-05 02:59:01+00:00,12.386663614862288
2019-05-05 07:11:24+00:00,12.56549935149157
2019-05-05 10:28:54+00:00,13.117265583276112
2019-05-05 13:46:14+00:00,14.164339665827422
2019-05-05 17:04:50+00:00,13.377584496833752
2019-05-05 21:03:22+00:00,12.366216525520716
2019-05-06 00:24:02+00:00,12.43274586099031
2019-05-06 03:41:39+00:00,12.356145571068897
2019-05-06 07:47:11+00:00,13.19874876020447
2019-05-06 11:06:30+00:00,14.092927443350884
2019-05-06 14:54:29+00:00,13.362325474937055
2019-05-06 20:14:18+00:00,12.636911573968108
2019-05-06 23:31:32+00:00,12.519417105363546
2019-05-07 02:48:52+00:00,12.524605172808425
2019-05-07 06:37:44.799999952+00:00,12.871900511177234
2019-05-07 09:54:59+00:00,14.113069352254522
2019-05-07 13:16:50+00:00,13.34706645304036
2019-05-07 16:35:22+00:00,13.336690318150604
2019-05-07 20:24:16+00:00,12.87708857862211
2019-05-07 23:42:34+00:00,12.800488288700691
2019-05-08 03:00:43+00:00,12.7186999313344
2019-05-08 06:47:15.299999952+00:00,13.2143129625391
2019-05-08 09:48:04+00:00,14.220492866407264
2019-05-08 12:53:14.200000048+00:00,13.423666742961776
2019-05-08 16:54:21+00:00,13.234760051880674
2019-05-08 20:17:46+00:00,12.928053711757077
2019-05-08 23:17:32+00:00,12.79011215381094
2019-05-09 02:18:05+00:00,12.7186999313344
2019-05-09 06:11:15+00:00,12.897535667963684
2019-05-09 09:28:32+00:00,14.215304798962388
2019-05-09 12:47:37+00:00,13.418478675516898
2019-05-09 16:05:29.200000048+00:00,13.408407721065078
2019-05-09 19:06:04+00:00,12.933241779201952
2019-05-09 22:06:36+00:00,12.764782177462424
2019-05-10 01:09:55+00:00,12.7186999313344
2019-05-10 04:27:13+00:00,12.677805752651254
2019-05-10 08:21:02+00:00,14.220492866407264
2019-05-10 11:21:29.400000095+00:00,13.41329060807202
2019-05-10 14:49:24+00:00,13.392843518730448
2019-05-10 17:49:10+00:00,12.88715953307393
2019-05-10 20:50:36+00:00,12.795300221255816
2019-05-10 23:51:09.900000095+00:00,12.682993820096131
2019-05-11 03:06:19+00:00,12.677805752651254
2019-05-11 07:28:47+00:00,13.22438391699092
2019-05-11 10:47:21+00:00,14.246128023193714
2019-05-11 13:54:59.900000095+00:00,13.433737697413594
2019-05-11 17:59:55+00:00,12.968947890440225
2019-05-11 21:00:27+00:00,12.672617685206378
2019-05-12 00:01:01+00:00,12.626840619516289
2019-05-12 03:07:29+00:00,12.611581597619592
2019-05-12 06:35:09+00:00,13.280537117570764
2019-05-12 09:55:52+00:00,14.220492866407264
2019-05-12 13:02:21.400000095+00:00,13.408407721065078
2019-05-12 16:03:41.400000095+00:00,13.403219653620202
2019-05-12 19:04:14+00:00,12.943617914091709
2019-05-12 22:19:35+00:00,12.70862897688258
2019-05-13 01:38:37+00:00,12.621652552071412
2019-05-13 04:56:26+00:00,12.642099641412983
2019-05-13 09:08:49+00:00,13.321431296253907
2019-05-13 12:27:24+00:00,14.179598687724118
2019-05-13 15:45:10+00:00,13.41329060807202
2019-05-13 19:50:51+00:00,12.91279468986038
2019-05-13 22:59:57+00:00,12.91279468986038
2019-05-14 02:17:33+00:00,12.856641489280538
2019-05-14 06:14:19.400000095+00:00,13.086442359044783
2019-05-14 09:36:14+00:00,13.423666742961776
2019-05-14 12:58:56.599999905+00:00,13.423666742961776
2019-05-14 16:41:49+00:00,12.87708857862211
2019-05-14 19:52:18+00:00,12.519417105363546
2019-05-15 06:17:58.799999952+00:00,12.810559243152513
2019-05-15 09:20:50+00:00,13.408407721065078
2019-05-15 12:21:24+00:00,13.352254520485236
2019-05-15 15:22:27.900000095+00:00,13.428854810406651
2019-05-15 19:06:06+00:00,12.652475776302738
2019-05-15 22:05:53+00:00,12.74433508812085
2019-05-16 01:06:26+00:00,12.688181887541008
2019-05-16 06:18:07.500000+00:00,12.739147020675974
2019-05-16 09:17:56+00:00,14.3071641107805
2019-05-16 12:19:22+00:00,13.454184786755173
2019-05-16 15:19:06.900000095+00:00,13.377584496833752
2019-05-16 18:27:41.099999905+00:00,12.739147020675974
2019-05-16 21:33:47+00:00,12.284428168154422
2019-05-17 06:23:05.400000095+00:00,12.555123216601816
2019-05-17 09:22:54+00:00,13.193865873197527
2019-05-17 12:23:29+00:00,13.392843518730448
2019-05-17 15:23:15.400000095+00:00,13.316243228809032
2019-05-17 19:15:08.299999952+00:00,12.907606622415503
2019-05-17 22:22:24+00:00,12.519417105363546
2019-05-18 02:05:57.599999905+00:00,12.662546730754558
2019-05-18 08:00:21+00:00,13.142595559624628
2019-05-18 11:17:27+00:00,14.149080643930724
2019-05-18 14:35:14+00:00,13.398031586175325
2019-05-18 18:11:41.200000048+00:00,13.061112382696267
2019-05-18 21:30:22+00:00,12.46845197222858
2019-05-19 00:30:09+00:00,12.473640039673455
2019-05-19 03:30:46.799999952+00:00,12.427557793545434
2019-05-19 07:32:50+00:00,13.071183337148089
2019-05-19 10:56:36+00:00,14.133516441596097
2019-05-19 14:10:16.799999952+00:00,13.387960631723503
2019-05-19 19:44:44+00:00,12.70862897688258
2019-05-19 23:02:23+00:00,12.412298771648738
2019-05-20 02:18:59+00:00,12.391851682307164
2019-05-20 06:19:13+00:00,12.585946440833142
2019-05-20 09:19:33+00:00,13.341878385595482
2019-05-20 12:20:07+00:00,14.123445487144275
2019-05-20 16:25:19.299999952+00:00,13.377584496833752
2019-05-20 19:26:15+00:00,12.93842984664683
2019-05-20 22:26:47+00:00,12.815747310597391
2019-05-21 06:17:13+00:00,12.897535667963684
2019-05-21 09:36:04+00:00,14.240939955748836
2019-05-21 12:54:38+00:00,13.428854810406651
2019-05-21 16:32:11.099999905+00:00,13.418478675516898
2019-05-21 20:22:29.799999952+00:00,12.519417105363546
2019-05-21 23:26:55+00:00,12.519417105363546
2019-05-22 02:44:43+00:00,12.448004882887007
2019-05-22 06:53:23.599999905+00:00,12.815747310597391
2019-05-22 09:53:16+00:00,13.648279545281149
2019-05-22 12:53:50+00:00,14.184786755168997
2019-05-22 15:56:09+00:00,13.403219653620202
2019-05-22 19:12:44.299999952+00:00,12.667734798199437
2019-05-22 22:13:24+00:00,12.59113450827802
2019-05-23 01:17:20+00:00,12.611581597619592
2019-05-23 04:34:34+00:00,12.555123216601816
2019-05-23 08:28:45.900000095+00:00,13.433737697413594
2019-05-23 11:29:27+00:00,14.133516441596097
2019-05-23 14:30:01+00:00,13.372701609826809
2019-05-23 17:32:47+00:00,12.866712443732355
2019-05-23 20:50:12+00:00,12.43274586099031
2019-05-24 00:08:14+00:00,12.560311284046692
2019-05-24 03:25:27+00:00,12.498970016021971
2019-05-24 07:38:21.599999905+00:00,12.9741359578851
2019-05-24 10:39:02+00:00,13.699549858854049
2019-05-24 13:38:50+00:00,14.149080643930724
2019-05-24 18:45:42.799999952+00:00,12.78004119935912
2019-05-24 21:47:06+00:00,12.785229266803997
2019-05-25 00:48:43+00:00,12.698252841992828
2019-05-25 04:06:34+00:00,12.60120546272984
2019-05-25 07:42:07+00:00,13.142595559624628
2019-05-25 11:00:41+00:00,14.276646066987109
2019-05-25 14:13:05.200000048+00:00,13.4697489890898
2019-05-25 19:02:52.799999952+00:00,12.5297932402533
2019-05-25 22:05:45+00:00,12.437933928435188
2019-05-26 01:24:41+00:00,12.366216525520716
2019-05-26 04:57:57+00:00,12.49408712901503
2019-05-26 09:01:55+00:00,13.265278095674066
2019-05-26 12:02:30+00:00,14.17441062027924
2019-05-26 15:02:16+00:00,13.392843518730448
2019-05-26 18:02:49.200000048+00:00,12.99977111467155
2019-05-26 21:02:37+00:00,12.473640039673455
2019-05-27 00:03:11+00:00,12.509346150911728
2019-05-27 03:03:44+00:00,12.427557793545434
2019-05-27 06:44:03.599999905+00:00,12.933241779201952
2019-05-27 09:43:52+00:00,13.61257343404288
2019-05-27 12:48:17.099999905+00:00,13.403219653620202
2019-05-27 19:19:02+00:00,12.632028686961164
2019-05-27 22:18:49+00:00,12.325322346837568
2019-05-28 01:24:34+00:00,12.371404592965591
2019-05-28 04:41:58+00:00,12.304875257495995
2019-05-28 08:30:45+00:00,13.367513542381932
2019-05-28 11:48:32+00:00,13.403219653620202
2019-05-28 15:07:05+00:00,13.408407721065078
2019-05-28 18:25:38+00:00,12.88715953307393
2019-05-28 21:44:10+00:00,12.65735866330968
2019-05-29 01:00:57+00:00,12.519417105363546
2019-05-29 04:19:30+00:00,12.448004882887007
2019-05-29 08:01:49+00:00,13.275349050125886
2019-05-29 11:01:36+00:00,14.220492866407264
2019-05-29 14:02:11+00:00,12.764782177462424
2019-05-29 17:01:57+00:00,13.444113832303351
2019-05-29 20:38:00+00:00,12.519417105363546
2019-05-29 23:58:44+00:00,12.682993820096131
2019-05-30 03:17:29+00:00,12.626840619516289
2019-05-30 07:06:08.700000048+00:00,12.9741359578851
2019-05-30 10:06:43.700000048+00:00,14.230563820859084
2019-05-30 13:06:31+00:00,13.41329060807202
2019-05-30 16:07:03+00:00,13.418478675516898
2019-05-30 19:06:54+00:00,12.580758373388266
2019-05-30 22:07:27+00:00,12.25391012436103
2019-05-31 01:08:22.299999952+00:00,12.4785229266804
2019-05-31 04:08:47+00:00,12.448004882887007
2019-05-31 07:43:56+00:00,13.193865873197527
2019-05-31 10:43:44+00:00,14.189974822613872
2019-05-31 13:44:18+00:00,13.387960631723503
2019-05-31 16:44:04.099999905+00:00,13.423666742961776
2019-05-31 19:45:37.200000048+00:00,12.632028686961164
2019-05-31 22:46:13+00:00,12.386663614862288
2019-06-01 01:45:59+00:00,12.44281681544213
2019-06-01 04:48:07.500000+00:00,12.40711070420386
2019-06-01 10:29:19+00:00,13.096818493934538
2019-06-01 13:48:06+00:00,14.251010910200655
2019-06-01 17:04:22+00:00,13.449301899748228
2019-06-01 21:05:17+00:00,12.892347600518807
2019-06-02 00:12:43+00:00,12.810559243152513
2019-06-02 03:29:58+00:00,12.795300221255816
2019-06-02 07:25:12+00:00,14.3584344243534
2019-06-02 10:46:59+00:00,13.474631876096744
2019-06-02 14:08:12+00:00,13.444113832303351
2019-06-02 17:27:34+00:00,13.091630426489662
2019-06-02 21:18:27+00:00,12.50415808346685
2019-06-03 00:39:38+00:00,12.534981307698176
2019-06-03 03:58:42+00:00,12.463263904783703
2019-06-03 08:22:09+00:00,13.392843518730448
2019-06-03 11:41:03+00:00,14.23575188830396
2019-06-03 15:05:46+00:00,13.428854810406651
2019-06-03 18:43:30.799999952+00:00,13.015030136568246
2019-06-03 21:58:35+00:00,12.304875257495995
2019-06-04 01:15:54+00:00,12.259098191805906
2019-06-04 04:33:40+00:00,12.27954528114748
2019-06-04 08:41:13+00:00,13.255207141222249
2019-06-04 12:02:32+00:00,14.159151598382543
2019-06-04 15:14:12.700000048+00:00,13.403219653620202
2019-06-04 18:15:39.700000048+00:00,13.025101091020066
2019-06-04 21:54:16+00:00,12.647287708857862
2019-06-05 01:12:03+00:00,12.65735866330968
2019-06-05 04:29:45+00:00,12.606393530174715
2019-06-05 08:37:54+00:00,13.60250247959106
2019-06-05 11:55:33+00:00,13.41329060807202
2019-06-05 15:14:41.400000095+00:00,13.418478675516898
2019-06-05 18:48:07+00:00,12.698252841992828
2019-06-05 22:08:30+00:00,12.294804303044176
2019-06-06 01:22:30+00:00,12.233463035019456
2019-06-06 04:39:41+00:00,12.162050812542915
2019-06-06 10:04:20+00:00,12.575570305943389
2019-06-06 13:22:05+00:00,13.699549858854049
2019-06-06 16:39:13+00:00,14.22568093385214
2019-06-06 20:45:53+00:00,12.534981307698176
2019-06-07 00:06:09+00:00,12.46845197222858
2019-06-07 03:25:03+00:00,12.40711070420386
2019-06-07 07:40:27+00:00,12.836194399938964
2019-06-07 10:57:37+00:00,14.011139085984588
2019-06-07 14:22:40+00:00,13.306172274357213
2019-06-07 17:38:03+00:00,12.91279468986038
2019-06-07 21:06:26+00:00,12.361028458075838
2019-06-08 00:24:02+00:00,12.488899061570152
2019-06-08 03:40:52.599999905+00:00,12.401922636758984
2019-06-08 07:34:27+00:00,13.280537117570764
2019-06-08 10:35:52+00:00,14.291905088883803
2019-06-08 13:35:40+00:00,13.459372854200048
2019-06-08 16:36:16.799999952+00:00,13.4697489890898
2019-06-08 20:43:05+00:00,12.498970016021971
2019-06-09 00:00:24+00:00,12.3408865491722
2019-06-09 03:17:39+00:00,12.274357213702602
2019-06-09 08:19:55.099999905+00:00,12.774853131914243
2019-06-09 11:19:44+00:00,13.530785076676588
2019-06-09 14:20:19+00:00,14.246128023193714
2019-06-09 17:20:52+00:00,13.382772564278628
2019-06-09 21:32:37+00:00,12.299992370489052
2019-06-10 00:50:08+00:00,12.391851682307164
2019-06-10 04:06:46+00:00,12.325322346837568
2019-06-10 08:28:19.900000095+00:00,13.321431296253907
2019-06-10 11:28:55+00:00,14.276646066987109
2019-06-10 14:29:18.099999905+00:00,13.408407721065078
2019-06-10 18:51:29.700000048+00:00,12.866712443732355
2019-06-10 21:55:21+00:00,12.448004882887007
2019-06-11 01:16:47+00:00,12.575570305943389
2019-06-11 04:41:05+00:00,12.53986419470512
2019-06-11 09:16:59+00:00,13.229571984435797
2019-06-11 12:34:50+00:00,14.256198977645534
2019-06-11 15:49:56+00:00,13.438925764858476
2019-06-11 19:27:01+00:00,12.90272373540856
2019-06-11 22:44:47+00:00,12.2896162355993
2019-06-12 02:02:18+00:00,12.381475547417413
2019-06-12 05:19:14.900000095+00:00,12.315251392385749
2019-06-12 09:09:40+00:00,13.719996948195622
2019-06-12 12:27:34+00:00,13.178301670862895
2019-06-12 15:45:20+00:00,13.331807431143664
2019-06-12 19:38:25+00:00,12.907606622415503
2019-06-12 22:38:11+00:00,12.284428168154422
2019-06-13 01:40:16+00:00,12.330510414282443
2019-06-13 05:02:31+00:00,12.126344701304646
2019-06-13 08:47:26.400000095+00:00,12.453192950331884
2019-06-13 12:16:38+00:00,13.694361791409172
2019-06-13 15:17:14+00:00,14.21011673151751
2019-06-13 19:35:46+00:00,12.596017395284962
2019-06-13 22:35:32+00:00,12.642099641412983
2019-06-14 01:40:52+00:00,12.60120546272984
2019-06-14 04:58:02+00:00,12.514534218356603
2019-06-14 09:11:07+00:00,13.387960631723503
2019-06-14 12:29:42+00:00,14.246128023193714
2019-06-14 15:33:53+00:00,13.428854810406651
2019-06-14 18:34:25+00:00,13.015030136568246
2019-06-14 21:34:12+00:00,12.56549935149157
2019-06-15 00:49:30+00:00,12.606393530174715
2019-06-15 04:06:48+00:00,12.53986419470512
2019-06-15 07:58:03+00:00,13.341878385595482
2019-06-15 11:16:45+00:00,14.26138704509041
2019-06-15 14:32:07+00:00,13.444113832303351
2019-06-15 19:07:59.900000095+00:00,13.025101091020066
2019-06-15 22:09:07.900000095+00:00,12.611581597619592
2019-06-16 01:21:24+00:00,12.667734798199437
2019-06-16 04:38:39+00:00,12.626840619516289
2019-06-16 08:32:19+00:00,14.251010910200655
2019-06-16 11:59:35.299999952+00:00,13.438925764858476
2019-06-16 19:43:25+00:00,12.647287708857862
2019-06-16 23:03:20+00:00,12.304875257495995
2019-06-17 02:20:55+00:00,12.269169146257726
2019-06-17 05:38:11+00:00,12.065003433279928
2019-06-17 09:16:37+00:00,13.178301670862895
2019-06-17 12:35:11+00:00,14.22568093385214
2019-06-17 15:50:38.599999905+00:00,13.428854810406651
2019-06-17 19:16:02+00:00,12.769665064469368
2019-06-17 22:20:01+00:00,12.27954528114748
2019-06-18 01:36:19+00:00,12.356145571068897
2019-06-18 04:53:40+00:00,12.274357213702602
2019-06-18 08:38:45+00:00,13.474631876096744
2019-06-18 11:58:44+00:00,14.205233844510568
2019-06-18 15:20:06+00:00,13.418478675516898
2019-06-18 18:19:52+00:00,13.00984206912337
2019-06-18 21:31:08+00:00,12.422369726100555
2019-06-19 00:31:42+00:00,12.427557793545434
2019-06-19 03:42:03+00:00,12.366216525520716
2019-06-19 07:55:23+00:00,13.2143129625391
2019-06-19 11:15:39+00:00,14.205233844510568
2019-06-19 14:33:43+00:00,13.41329060807202
2019-06-19 18:15:42.200000048+00:00,12.9741359578851
2019-06-19 21:35:52+00:00,12.7186999313344
2019-06-20 00:53:09+00:00,12.65735866330968
2019-06-20 04:10:24+00:00,12.56549935149157
2019-06-20 07:21:35+00:00,13.28572518501564
2019-06-20 10:38:56+00:00,14.220492866407264
2019-06-20 13:51:20.400000095+00:00,13.418478675516898
2019-06-20 17:04:19+00:00,13.41329060807202
2019-06-20 20:22:33+00:00,12.545052262149996
2019-06-20 23:40:02+00:00,12.555123216601816
2019-06-21 02:57:22+00:00,12.50415808346685
2019-06-21 08:11:32.400000095+00:00,13.168230716411076
2019-06-21 11:12:07.400000095+00:00,14.200045777065691
2019-06-21 14:12:50.599999905+00:00,13.418478675516898
2019-06-21 17:59:29+00:00,13.127336537727931
2019-06-21 22:00:52+00:00,12.636911573968108
2019-06-22 01:18:21+00:00,12.647287708857862
2019-06-22 04:35:44+00:00,12.580758373388266
2019-06-22 08:38:54+00:00,13.444113832303351
2019-06-22 12:02:18+00:00,14.256198977645534
2019-06-22 15:27:21+00:00,13.444113832303351
2019-06-22 18:48:41+00:00,12.917982757305255
2019-06-22 22:06:17+00:00,12.146486610208283
2019-06-23 01:25:13+00:00,12.422369726100555
2019-06-23 04:42:27+00:00,12.361028458075838
2019-06-23 08:32:42+00:00,13.41329060807202
2019-06-23 11:50:23+00:00,14.220492866407264
2019-06-23 15:09:38+00:00,13.280537117570764
2019-06-23 18:55:04.599999905+00:00,12.698252841992828
2019-06-23 21:55:51+00:00,12.22827496757458
2019-06-24 00:55:38+00:00,12.376592660410468
2019-06-24 04:08:00+00:00,12.294804303044176
2019-06-24 08:11:59+00:00,13.29579613946746
2019-06-24 11:29:48+00:00,14.184786755168997
2019-06-24 14:44:17.700000048+00:00,13.41329060807202
2019-06-24 17:52:56+00:00,13.418478675516898
2019-06-24 21:03:24+00:00,12.85145342183566
2019-06-25 00:20:39+00:00,12.70862897688258
2019-06-25 03:37:56+00:00,12.626840619516289
2019-06-25 07:12:11+00:00,13.495078965438315
2019-06-25 10:32:43+00:00,14.276646066987109
2019-06-25 13:52:46+00:00,13.474631876096744
2019-06-25 17:10:03+00:00,12.580758373388266
2019-06-25 20:28:07+00:00,12.330510414282443
2019-06-25 23:45:42+00:00,12.2896162355993
2019-06-26 03:03:21+00:00,12.202944991226063
2019-06-26 06:21:07+00:00,12.269169146257726
2019-06-26 09:39:14+00:00,13.362325474937055
2019-06-26 12:56:31+00:00,14.205233844510568
2019-06-26 16:14:05+00:00,12.994583047226673
2019-06-26 19:32:09+00:00,12.514534218356603
2019-06-26 22:50:42+00:00,12.49408712901503
2019-06-27 02:08:29+00:00,12.401922636758984
2019-06-27 05:26:47+00:00,12.34576943617914
2019-06-27 09:19:30+00:00,13.704432745860991
2019-06-27 12:37:38+00:00,14.230563820859084
2019-06-27 15:54:34.099999905+00:00,13.433737697413594
2019-06-27 19:46:29+00:00,12.575570305943389
2019-06-27 23:04:38+00:00,12.366216525520716
2019-06-28 02:21:54+00:00,12.294804303044176
2019-06-28 06:34:30.099999905+00:00,12.269169146257726
2019-06-28 09:49:05+00:00,13.796597238117036
2019-06-28 13:06:21+00:00,14.189974822613872
2019-06-28 18:21:52+00:00,12.509346150911728
2019-06-28 21:39:42+00:00,12.458075837338829
2019-06-29 00:57:12+00:00,12.366216525520716
2019-06-29 04:39:11.900000095+00:00,12.401922636758984
2019-06-29 08:10:11+00:00,12.647287708857862
2019-06-29 11:30:43+00:00,14.04165712977798
2019-06-29 14:48:18+00:00,14.23575188830396
2019-06-29 18:06:12+00:00,12.514534218356603
2019-06-29 21:26:10+00:00,12.207827878233006
2019-06-30 00:45:49+00:00,12.259098191805906
2019-06-30 04:03:00+00:00,12.207827878233006
2019-06-30 07:53:22+00:00,13.076371404592964
2019-06-30 11:10:50+00:00,14.194857709620814
2019-06-30 14:28:13+00:00,13.081254291599908
2019-06-30 17:45:44+00:00,12.498970016021971
2019-06-30 21:09:14+00:00,12.115968566414892
2019-07-01 00:24:33+00:00,12.274357213702602
2019-07-01 03:41:54+00:00,12.213015945677885
2019-07-01 07:25:15+00:00,12.979324025329976
2019-07-01 10:47:38+00:00,14.077363241016252
2019-07-01 14:05:03+00:00,13.398031586175325
2019-07-01 17:23:36+00:00,12.662546730754558
2019-07-01 21:10:57+00:00,12.647287708857862
2019-07-02 00:28:33+00:00,12.60120546272984
2019-07-02 03:45:49+00:00,12.391851682307164
2019-07-02 07:01:01+00:00,12.7186999313344
2019-07-02 10:52:51+00:00,14.327611200122073
2019-07-02 14:10:08+00:00,14.302281223773557
2019-07-02 17:27:22+00:00,12.785229266803997
2019-07-02 20:44:39+00:00,12.310063324940872
2019-07-03 00:01:57+00:00,12.248722056916153
2019-07-03 03:19:13+00:00,12.223392080567637
2019-07-03 07:03:48+00:00,12.90272373540856
2019-07-03 10:21:25+00:00,13.903715571831846
2019-07-03 13:40:32+00:00,14.23575188830396
2019-07-03 16:58:44+00:00,12.60120546272984
2019-07-03 20:17:17+00:00,12.458075837338829
2019-07-03 23:35:06+00:00,12.294804303044176
2019-07-04 02:52:37+00:00,12.233463035019456
2019-07-04 06:09:53+00:00,12.187380788891431
2019-07-04 11:13:18+00:00,12.698252841992828
2019-07-04 14:31:41.599999905+00:00,13.525902189669644
2019-07-04 17:51:53.500000+00:00,12.545052262149996
2019-07-04 21:08:13+00:00,12.09552147707332
2019-07-05 08:03:33+00:00,12.299992370489052
2019-07-05 11:22:06+00:00,12.677805752651254
2019-07-05 14:39:52+00:00,12.994583047226673
2019-07-05 17:58:26+00:00,12.294804303044176
2019-07-06 06:36:29.599999905+00:00,12.65735866330968
2019-07-06 09:54:03+00:00,13.398031586175325
2019-07-06 13:17:38+00:00,14.27145799954223
2019-07-06 16:36:47+00:00,12.968947890440225
2019-07-06 19:47:21+00:00,12.315251392385749
2019-07-06 23:03:18+00:00,12.263981078812847
2019-07-07 02:21:04.400000095+00:00,12.15686274509804
2019-07-07 05:38:40+00:00,12.131227588311589
2019-07-07 08:52:07+00:00,13.020218204013124
2019-07-07 12:09:42+00:00,14.22568093385214
2019-07-07 15:29:27+00:00,13.438925764858476
2019-07-07 19:41:49+00:00,12.437933928435188
2019-07-07 22:41:35+00:00,12.080262455176625
2019-07-08 01:42:09+00:00,12.27954528114748
2019-07-08 04:41:55+00:00,12.197756923781188
2019-07-08 08:18:32+00:00,12.632028686961164
2019-07-08 11:18:19+00:00,13.183489738307774
2019-07-08 14:19:39+00:00,13.73006790264744
2019-07-08 17:20:27+00:00,12.575570305943389
2019-07-08 20:20:14+00:00,12.238651102464331
2019-07-08 23:20:47+00:00,12.197756923781188
2019-07-09 02:36:15+00:00,12.166933699549858
2019-07-09 06:32:47.200000048+00:00,12.065003433279928
2019-07-09 09:44:47+00:00,12.958876935988403
2019-07-09 12:47:18+00:00,13.81704432745861
2019-07-09 16:05:59+00:00,13.679102769512475
2019-07-09 20:14:39+00:00,12.483710994125277
2019-07-09 23:38:27+00:00,12.4785229266804
2019-07-10 02:55:19+00:00,12.458075837338829
2019-07-10 06:53:01+00:00,12.78004119935912
2019-07-10 10:09:42+00:00,14.353246356908524
2019-07-10 13:28:17+00:00,14.32272831311513
2019-07-10 16:46:51+00:00,13.485008010986498
2019-07-10 20:04:38+00:00,12.335698481727322
2019-07-10 23:22:11+00:00,12.330510414282443
2019-07-11 02:40:50+00:00,12.259098191805906
2019-07-11 06:31:10.200000048+00:00,12.381475547417413
2019-07-11 09:46:48+00:00,13.26009002822919
2019-07-11 13:05:07+00:00,13.709620813305868
2019-07-11 16:23:42+00:00,13.459372854200048
2019-07-11 19:41:29+00:00,12.350957503624018
2019-07-11 22:51:02+00:00,12.310063324940872
2019-07-12 01:51:34.799999952+00:00,12.233463035019456
2019-07-12 04:51:21+00:00,12.172121766994737
2019-07-12 08:43:33+00:00,13.117265583276112
2019-07-12 11:44:01.299999952+00:00,13.617761501487756
2019-07-12 14:44:56+00:00,14.23575188830396
2019-07-12 17:44:43+00:00,12.917982757305255
2019-07-12 20:45:16+00:00,12.647287708857862
2019-07-12 23:55:14+00:00,12.46845197222858
2019-07-13 03:12:30+00:00,12.371404592965591
2019-07-13 06:40:47+00:00,12.233463035019456
2019-07-13 09:57:58+00:00,13.699549858854049
2019-07-13 13:15:59+00:00,13.444113832303351
2019-07-13 16:33:46+00:00,12.412298771648738
2019-07-13 19:52:19+00:00,12.115968566414892
2019-07-13 22:54:56+00:00,12.233463035019456
2019-07-14 01:54:41+00:00,12.187380788891431
2019-07-14 04:55:15+00:00,12.12115663385977
2019-07-14 08:31:52.500000+00:00,12.94850080109865
2019-07-14 11:32:47.500000+00:00,14.240939955748836
2019-07-14 14:34:00+00:00,13.423666742961776
2019-07-14 17:33:46+00:00,12.514534218356603
2019-07-14 20:34:19+00:00,12.238651102464331
2019-07-14 23:40:35.900000095+00:00,12.039368276493477
2019-07-15 03:44:38+00:00,12.172121766994737
2019-07-15 07:23:29.200000048+00:00,12.524605172808425
2019-07-15 10:24:09+00:00,12.59113450827802
2019-07-15 15:30:33+00:00,13.081254291599908
2019-07-15 18:31:06.599999905+00:00,12.386663614862288
2019-07-15 21:37:38+00:00,12.310063324940872
2019-07-16 00:54:56+00:00,12.21820401312276
2019-07-16 04:12:10+00:00,12.136415655756466
2019-07-16 08:06:21.700000048+00:00,12.5297932402533
2019-07-16 11:07:06+00:00,13.535973144121463
2019-07-16 14:06:53+00:00,13.444113832303351
2019-07-16 17:07:26.299999952+00:00,12.897535667963684
2019-07-16 20:10:15+00:00,12.427557793545434
2019-07-16 23:22:44+00:00,12.524605172808425
2019-07-17 02:39:55+00:00,12.458075837338829
2019-07-17 06:40:18+00:00,12.53986419470512
2019-07-17 09:40:16+00:00,13.112077515831237
2019-07-17 12:44:06+00:00,14.276646066987109
2019-07-17 16:06:24+00:00,13.433737697413594
2019-07-17 19:24:56+00:00,12.259098191805906
2019-07-17 22:42:57+00:00,12.371404592965591
2019-07-18 02:01:29+00:00,12.294804303044176
2019-07-18 05:18:45+00:00,12.223392080567637
2019-07-18 08:56:23+00:00,12.831006332494088
2019-07-18 12:21:16+00:00,13.535973144121463
2019-07-18 15:43:11+00:00,13.203936827649349
2019-07-18 20:23:19+00:00,12.749523155565727
2019-07-18 23:40:32+00:00,12.65735866330968
2019-07-19 02:59:15+00:00,12.580758373388266
2019-07-19 07:14:10.599999905+00:00,12.800488288700691
2019-07-19 10:14:14+00:00,12.98420691233692
2019-07-19 13:14:47+00:00,14.373693446250096
2019-07-19 16:14:35+00:00,12.831006332494088
2019-07-19 19:18:10+00:00,12.274357213702602
2019-07-19 22:25:11+00:00,12.304875257495995
2019-07-20 01:42:26+00:00,12.269169146257726
2019-07-20 04:59:41+00:00,12.19256885633631
2019-07-20 08:17:33+00:00,12.800488288700691
2019-07-20 11:37:03+00:00,14.33279926756695
2019-07-20 14:54:51+00:00,13.474631876096744
2019-07-20 19:14:39+00:00,12.580758373388266
2019-07-20 22:31:54+00:00,12.488899061570152
2019-07-21 01:48:45.200000048+00:00,12.401922636758984
2019-07-21 05:06:23+00:00,12.315251392385749
2019-07-21 08:23:49+00:00,12.933241779201952
2019-07-21 11:42:35+00:00,14.312352178225376
2019-07-21 15:05:10+00:00,13.464560921644924
2019-07-21 19:26:55.700000048+00:00,12.739147020675974
2019-07-21 22:44:07+00:00,12.417486839093614
2019-07-22 02:01:20+00:00,12.361028458075838
2019-07-22 05:18:33+00:00,12.320439459830624
2019-07-22 08:37:29+00:00,13.495078965438315
2019-07-22 11:54:27+00:00,14.26138704509041
2019-07-22 15:11:33+00:00,13.444113832303351
2019-07-22 18:30:06+00:00,12.79011215381094
2019-07-22 21:47:49+00:00,12.7186999313344
2019-07-23 01:05:04+00:00,12.647287708857862
2019-07-23 04:22:17+00:00,12.585946440833142
2019-07-23 08:44:43+00:00,13.776150148775464
2019-07-23 12:04:05+00:00,13.4697489890898
2019-07-23 16:01:44.400000095+00:00,13.061112382696267
2019-07-23 19:16:51+00:00,12.473640039673455
2019-07-23 22:31:03+00:00,12.626840619516289
2019-07-24 01:48:47+00:00,12.509346150911728
2019-07-24 05:06:07+00:00,12.356145571068897
2019-07-24 08:25:24+00:00,13.26009002822919
2019-07-24 11:43:49+00:00,13.48989089799344
2019-07-24 15:02:22+00:00,13.485008010986498
2019-07-24 18:35:26.099999905+00:00,12.892347600518807
2019-07-24 21:43:41+00:00,12.79011215381094
2019-07-25 01:00:54+00:00,12.713511863889524
2019-07-25 04:18:10+00:00,12.632028686961164
2019-07-25 08:06:12+00:00,14.164339665827422
2019-07-25 11:24:00+00:00,13.47981994354162
2019-07-25 14:42:33+00:00,13.474631876096744
2019-07-25 19:52:56.400000095+00:00,12.682993820096131
2019-07-25 22:53:28+00:00,12.53986419470512
2019-07-26 01:54:02+00:00,12.4785229266804
2019-07-26 04:53:48+00:00,12.422369726100555
2019-07-26 08:27:49.900000095+00:00,12.320439459830624
2019-07-26 11:28:43+00:00,13.219195849546043
2019-07-26 14:28:30+00:00,14.26138704509041
2019-07-26 17:56:34.799999952+00:00,12.98420691233692
2019-07-26 21:00:40+00:00,12.616464484626537
2019-07-27 00:01:14+00:00,12.550240329594873
2019-07-27 03:01:00+00:00,12.560311284046692
2019-07-27 06:57:57+00:00,13.183489738307774
2019-07-27 10:17:12+00:00,14.29709315632868
2019-07-27 13:26:01+00:00,13.459372854200048
2019-07-27 16:25:47+00:00,13.444113832303351
2019-07-27 20:22:29+00:00,12.856641489280538
2019-07-27 23:23:02+00:00,12.795300221255816
2019-07-28 02:22:48+00:00,12.729076066224154
2019-07-28 05:23:21+00:00,12.65735866330968
2019-07-28 08:53:52+00:00,14.317540245670251
2019-07-28 11:54:30+00:00,13.464560921644924
2019-07-28 15:52:52.700000048+00:00,13.459372854200048
2019-07-28 20:34:32+00:00,12.46845197222858
2019-07-28 23:51:57+00:00,12.534981307698176
2019-07-29 03:09:06+00:00,12.473640039673455
2019-07-29 07:09:34.599999905+00:00,12.75440604257267
2019-07-29 10:10:19+00:00,13.903715571831846
2019-07-29 13:10:07+00:00,14.26138704509041
2019-07-29 16:12:26.599999905+00:00,12.831006332494088
2019-07-29 19:12:14+00:00,12.795300221255816
2019-07-29 22:12:47+00:00,12.59113450827802
2019-07-30 01:12:32.700000048+00:00,12.498970016021971
2019-07-30 04:13:07+00:00,12.427557793545434
2019-07-30 07:38:58.700000048+00:00,12.7186999313344
2019-07-30 10:38:45+00:00,13.79140917067216
2019-07-30 13:39:19+00:00,14.3071641107805
2019-07-30 16:39:34.500000+00:00,13.459372854200048
2019-07-30 19:40:06+00:00,12.575570305943389
2019-07-30 22:39:53+00:00,12.294804303044176
2019-07-31 01:40:50.500000+00:00,12.27954528114748
2019-07-31 04:41:58.500000+00:00,12.213015945677885
2019-07-31 08:16:38+00:00,12.78004119935912
2019-07-31 11:17:12+00:00,13.796597238117036
2019-07-31 14:17:00+00:00,13.423666742961776
2019-07-31 17:17:33+00:00,13.137712672617685
2019-07-31 20:26:42.700000048+00:00,12.769665064469368
2019-07-31 23:27:19+00:00,12.703440909437704
2019-08-01 02:27:53+00:00,12.626840619516289
2019-08-01 05:27:39+00:00,12.56549935149157
2019-08-01 08:53:03+00:00,14.337987335011826
2019-08-01 11:53:35.700000048+00:00,13.454184786755173
2019-08-01 15:02:05.799999952+00:00,13.449301899748228
2019-08-01 19:53:36.400000095+00:00,12.810559243152513
2019-08-01 22:54:30+00:00,12.75440604257267
2019-08-02 01:55:03+00:00,12.698252841992828
2019-08-02 04:54:50+00:00,12.642099641412983
2019-08-02 08:14:07+00:00,13.203936827649349
2019-08-02 11:14:00.200000048+00:00,13.474631876096744
2019-08-02 14:15:26+00:00,13.48989089799344
2019-08-02 17:15:59+00:00,13.183489738307774
2019-08-02 20:21:48+00:00,12.749523155565727
2019-08-02 23:39:18+00:00,12.642099641412983
2019-08-03 02:56:40+00:00,12.570687418936446
2019-08-03 06:46:59+00:00,13.372701609826809
2019-08-03 10:04:50+00:00,14.32272831311513
2019-08-03 13:22:24+00:00,13.474631876096744
2019-08-03 20:20:41+00:00,12.836194399938964
2019-08-03 23:20:28+00:00,12.79011215381094
2019-08-04 02:21:01+00:00,12.723887998779276
2019-08-04 05:21:34+00:00,12.652475776302738
2019-08-04 09:07:16+00:00,13.495078965438315
2019-08-04 12:07:49+00:00,13.485008010986498
2019-08-04 15:07:35+00:00,13.47981994354162
2019-08-04 18:08:07+00:00,12.647287708857862
2019-08-04 21:07:54+00:00,12.366216525520716
2019-08-05 00:25:42+00:00,12.361028458075838
2019-08-05 03:42:58+00:00,12.299992370489052
2019-08-05 07:23:54.900000095+00:00,12.99977111467155
2019-08-05 10:24:41+00:00,13.954985885404746
2019-08-05 13:24:28.900000095+00:00,14.266575112535287
2019-08-05 16:25:40+00:00,12.667734798199437
2019-08-05 19:25:27+00:00,12.50415808346685
2019-08-05 22:26:00+00:00,12.248722056916153
2019-08-06 01:29:56+00:00,12.386663614862288
2019-08-06 04:47:10+00:00,12.310063324940872
2019-08-06 08:46:43+00:00,13.392843518730448
2019-08-06 11:46:29.900000095+00:00,14.266575112535287
2019-08-06 14:47:05+00:00,13.449301899748228
2019-08-06 18:03:38.400000095+00:00,12.826123445487143
2019-08-06 21:06:05+00:00,12.56549935149157
2019-08-07 00:25:56+00:00,12.458075837338829
2019-08-07 03:44:30+00:00,12.366216525520716
2019-08-07 07:29:29.500000+00:00,12.85145342183566
2019-08-07 10:30:18+00:00,13.78133821622034
2019-08-07 13:30:52+00:00,13.372701609826809
2019-08-07 16:35:33+00:00,13.474631876096744
2019-08-07 19:36:06+00:00,12.463263904783703
2019-08-07 22:35:52+00:00,12.15686274509804
2019-08-08 01:36:26+00:00,12.259098191805906
2019-08-08 04:37:06+00:00,12.213015945677885
2019-08-08 07:58:28+00:00,12.892347600518807
2019-08-08 10:58:36.900000095+00:00,13.219195849546043
2019-08-08 13:59:49+00:00,13.82711528191043
2019-08-08 16:59:37+00:00,13.6739147020676
2019-08-08 21:09:06+00:00,12.626840619516289
2019-08-09 00:09:39+00:00,12.50415808346685
2019-08-09 03:24:17+00:00,12.483710994125277
2019-08-09 07:05:17.700000048+00:00,12.74433508812085
2019-08-09 10:21:12+00:00,14.266575112535287
2019-08-09 13:36:41.200000048+00:00,13.449301899748228
2019-08-09 16:37:15+00:00,13.438925764858476
2019-08-09 19:37:00+00:00,12.642099641412983
2019-08-09 22:41:38+00:00,12.56549935149157
2019-08-10 01:58:51+00:00,12.524605172808425
2019-08-10 05:16:06+00:00,12.299992370489052
2019-08-10 08:23:56.900000095+00:00,12.177309834439612
2019-08-10 11:24:30+00:00,13.392843518730448
2019-08-10 14:25:04+00:00,13.592126344701306
2019-08-10 17:24:52+00:00,13.352254520485236
2019-08-10 20:27:04+00:00,12.713511863889524
2019-08-10 23:26:50+00:00,12.534981307698176
2019-08-11 02:32:04.099999905+00:00,12.4785229266804
2019-08-11 06:08:07+00:00,12.49408712901503
2019-08-11 09:35:52+00:00,14.3071641107805
2019-08-11 12:36:28+00:00,14.281834134431984
2019-08-11 15:36:14+00:00,13.459372854200048
2019-08-11 20:14:34+00:00,12.386663614862288
2019-08-11 23:17:25+00:00,12.284428168154422
2019-08-12 02:35:19+00:00,12.24383916990921
2019-08-12 06:17:38.200000048+00:00,12.131227588311589
2019-08-12 09:17:35.200000048+00:00,13.56679636835279
2019-08-12 12:18:10+00:00,14.22568093385214
2019-08-12 15:33:15.099999905+00:00,13.449301899748228
2019-08-12 18:50:47+00:00,12.866712443732355
2019-08-12 21:51:20+00:00,12.386663614862288
2019-08-13 00:52:02+00:00,12.463263904783703
2019-08-13 04:09:13+00:00,12.412298771648738
2019-08-13 08:08:29.599999905+00:00,12.928053711757077
2019-08-13 11:09:16+00:00,13.699549858854049
2019-08-13 14:09:50+00:00,13.423666742961776
2019-08-13 17:09:36+00:00,13.362325474937055
2019-08-13 20:10:09+00:00,12.764782177462424
2019-08-13 23:09:56+00:00,12.213015945677885
2019-08-14 02:10:29+00:00,12.223392080567637
2019-08-14 05:13:10+00:00,12.19256885633631
2019-08-14 08:31:05+00:00,12.616464484626537
2019-08-14 11:48:09+00:00,13.321431296253907
2019-08-14 15:06:05+00:00,14.22568093385214
2019-08-14 18:54:16.599999905+00:00,12.84138246738384
2019-08-14 22:08:03.400000095+00:00,12.534981307698176
2019-08-15 01:25:44+00:00,12.417486839093614
2019-08-15 04:42:59+00:00,12.371404592965591
2019-08-15 08:21:00+00:00,13.061112382696267
2019-08-15 11:38:47+00:00,14.240939955748836
2019-08-15 14:57:22+00:00,13.433737697413594
2019-08-15 18:15:55+00:00,12.820935378042268
2019-08-15 21:34:28+00:00,12.764782177462424
2019-08-16 00:51:15+00:00,12.498970016021971
2019-08-16 04:09:49+00:00,12.50415808346685
2019-08-16 08:10:18+00:00,13.47981994354162
2019-08-16 11:27:24+00:00,14.246128023193714
2019-08-16 14:45:59+00:00,12.9741359578851
2019-08-16 19:32:48.299999952+00:00,12.596017395284962
2019-08-16 22:33:59.700000048+00:00,12.524605172808425
2019-08-17 01:39:50+00:00,12.463263904783703
2019-08-17 04:56:41.400000095+00:00,12.39703974975204
2019-08-17 08:22:17+00:00,12.366216525520716
2019-08-17 11:40:45+00:00,13.086442359044783
2019-08-17 14:58:00+00:00,13.050736247806515
2019-08-17 18:16:33+00:00,12.74433508812085
2019-08-17 21:34:19+00:00,12.299992370489052
2019-08-18 00:44:59+00:00,12.223392080567637
2019-08-18 04:01:04+00:00,12.141603723201342
2019-08-18 08:18:24+00:00,12.269169146257726
2019-08-18 11:39:10+00:00,12.94850080109865
2019-08-18 14:57:10+00:00,13.362325474937055
2019-08-18 18:15:28+00:00,12.667734798199437
2019-08-18 21:33:59+00:00,12.325322346837568
2019-08-19 00:51:35+00:00,12.151674677653162
2019-08-19 04:08:45+00:00,12.080262455176625
2019-08-19 07:47:52+00:00,12.78004119935912
2019-08-19 11:07:12+00:00,13.25001907377737
2019-08-19 14:24:32+00:00,13.398031586175325
2019-08-19 17:42:12+00:00,12.652475776302738
2019-08-19 21:01:17+00:00,12.575570305943389
2019-08-20 00:18:59+00:00,12.488899061570152
2019-08-20 03:36:14+00:00,12.412298771648738
2019-08-20 07:25:01.200000048+00:00,12.575570305943389
2019-08-20 10:25:42+00:00,12.831006332494088
2019-08-20 13:25:29+00:00,13.19874876020447
2019-08-20 16:26:01+00:00,12.795300221255816
2019-08-20 19:38:11.500000+00:00,12.21820401312276
2019-08-20 22:38:50+00:00,12.177309834439612
2019-08-21 01:42:27+00:00,12.06988632028687
2019-08-21 07:45:08.599999905+00:00,12.325322346837568
2019-08-21 10:44:55+00:00,13.336690318150604
2019-08-21 13:45:29+00:00,13.117265583276112
2019-08-21 16:46:03+00:00,12.769665064469368
2019-08-21 19:45:49+00:00,12.49408712901503
2019-08-21 22:46:22.599999905+00:00,12.248722056916153
2019-08-22 01:50:08+00:00,12.029297322041655
2019-08-22 06:39:29.900000095+00:00,12.44281681544213
2019-08-22 09:39:19.099999905+00:00,13.51552605477989
2019-08-22 12:40:53+00:00,12.672617685206378
2019-08-22 15:40:39+00:00,14.363622491798276
2019-08-22 19:16:16.599999905+00:00,12.652475776302738
2019-08-22 22:16:54+00:00,12.56549935149157
2019-08-23 01:19:52+00:00,12.483710994125277
2019-08-23 04:37:07+00:00,12.412298771648738
2019-08-23 08:05:22+00:00,13.076371404592964
2019-08-23 11:05:08+00:00,13.280537117570764
2019-08-23 14:34:42.799999952+00:00,12.78004119935912
2019-08-23 18:48:48+00:00,12.550240329594873
2019-08-23 21:58:01+00:00,12.330510414282443
2019-08-24 01:15:17+00:00,12.284428168154422
2019-08-24 04:32:31+00:00,12.213015945677885
2019-08-24 08:42:18.500000+00:00,12.74433508812085
2019-08-24 11:43:09+00:00,13.607385366598002
2019-08-24 16:37:43+00:00,13.392843518730448
2019-08-24 19:38:15+00:00,12.422369726100555
2019-08-24 22:46:43+00:00,12.43274586099031
2019-08-25 02:04:36+00:00,12.361028458075838
2019-08-25 05:21:53+00:00,12.2896162355993
2019-08-25 09:25:07+00:00,14.388952468146792
2019-08-25 12:42:46+00:00,14.343175402456705
2019-08-25 18:29:20.099999905+00:00,12.907606622415503
2019-08-25 21:30:55+00:00,12.764782177462424
2019-08-26 00:35:57+00:00,12.682993820096131
2019-08-26 03:53:10+00:00,12.606393530174715
2019-08-26 08:12:57.799999952+00:00,13.300984206912336
2019-08-26 11:13:45.799999952+00:00,14.373693446250096
2019-08-26 14:13:33+00:00,13.495078965438315
2019-08-26 17:14:06+00:00,12.723887998779276
2019-08-26 20:13:53+00:00,12.43274586099031
2019-08-26 23:28:33+00:00,12.325322346837568
2019-08-27 02:45:49+00:00,12.233463035019456
2019-08-27 06:33:06+00:00,12.448004882887007
2019-08-27 09:45:41+00:00,13.387960631723503
2019-08-27 13:04:50+00:00,13.449301899748228
2019-08-27 16:23:22+00:00,13.4697489890898
2019-08-27 20:04:14+00:00,12.672617685206378
2019-08-27 23:20:10+00:00,12.560311284046692
2019-08-28 02:37:26+00:00,12.50415808346685
2019-08-28 06:02:41+00:00,12.5297932402533
2019-08-28 09:29:31+00:00,13.132524605172808
2019-08-28 13:38:54.700000048+00:00,12.989394979781796
2019-08-28 17:05:18+00:00,12.80567635614557
2019-08-28 20:06:58.200000048+00:00,12.555123216601816
2019-08-28 23:07:34+00:00,12.534981307698176
2019-08-29 02:07:21+00:00,12.458075837338829
2019-08-29 05:07:54+00:00,12.39703974975204
2019-08-29 09:32:15.400000095+00:00,13.60250247959106
2019-08-29 12:33:47.599999905+00:00,14.353246356908524
2019-08-29 15:33:37+00:00,13.464560921644924
2019-08-29 18:34:10+00:00,12.785229266803997
2019-08-29 21:37:03+00:00,12.44281681544213
2019-08-30 00:54:46+00:00,12.44281681544213
2019-08-30 04:12:05+00:00,12.376592660410468
2019-08-30 07:28:51+00:00,12.79011215381094
2019-08-30 10:47:25+00:00,14.33279926756695
2019-08-30 14:05:58+00:00,13.47981994354162
2019-08-30 17:24:30+00:00,12.800488288700691
2019-08-30 20:42:46+00:00,12.606393530174715
2019-08-31 00:00:09+00:00,12.448004882887007
2019-08-31 03:17:24+00:00,12.401922636758984
2019-08-31 06:35:03+00:00,12.509346150911728
2019-08-31 09:52:50+00:00,14.312352178225376
2019-08-31 13:11:05+00:00,14.302281223773557
2019-08-31 16:24:40+00:00,13.449301899748228
2019-08-31 19:41:39+00:00,12.65735866330968
2019-08-31 22:59:03+00:00,12.376592660410468
2019-09-01 02:16:01+00:00,12.335698481727322
2019-09-01 05:33:20+00:00,12.350957503624018
2019-09-01 09:06:01+00:00,13.096818493934538
2019-09-01 12:31:06+00:00,12.259098191805906
2019-09-01 15:31:43+00:00,12.437933928435188
2019-09-01 18:51:58+00:00,12.182497901884489
2019-09-01 21:53:19+00:00,12.080262455176625
2019-09-02 07:18:06.799999952+00:00,12.5297932402533
2019-09-02 10:18:46+00:00,12.928053711757077
2019-09-02 13:18:33+00:00,14.373693446250096
2019-09-02 16:19:07+00:00,12.667734798199437
2019-09-02 19:18:55.799999952+00:00,12.24383916990921
2019-09-02 22:19:44.900000095+00:00,12.187380788891431
2019-09-03 01:24:51+00:00,12.213015945677885
2019-09-03 04:42:08+00:00,12.15686274509804
2019-09-03 08:26:13+00:00,12.928053711757077
2019-09-03 11:26:00+00:00,13.597314412146185
2019-09-03 14:26:38.099999905+00:00,14.281834134431984
2019-09-03 17:27:22+00:00,13.127336537727931
2019-09-03 20:27:55+00:00,12.65735866330968
2019-09-03 23:27:41+00:00,12.422369726100555
2019-09-04 02:38:08+00:00,12.325322346837568
2019-09-04 06:19:32.500000+00:00,12.488899061570152
2019-09-04 09:19:37.500000+00:00,12.356145571068897
2019-09-04 12:21:02+00:00,13.158159761959258
2019-09-04 15:20:49+00:00,13.219195849546043
2019-09-04 18:21:23+00:00,12.585946440833142
2019-09-04 21:21:56+00:00,12.350957503624018
2019-09-05 00:21:43+00:00,12.294804303044176
2019-09-05 03:39:24+00:00,12.22827496757458
2019-09-05 07:26:39.599999905+00:00,12.621652552071412
2019-09-05 10:38:50+00:00,14.327611200122073
2019-09-05 13:58:56+00:00,14.29709315632868
2019-09-05 17:17:43+00:00,13.4697489890898
2019-09-05 21:15:02+00:00,12.238651102464331
2019-09-06 00:22:47+00:00,12.177309834439612
2019-09-06 03:28:18+00:00,12.110780498970016
2019-09-06 06:46:50.799999952+00:00,12.519417105363546
2019-09-06 09:46:39+00:00,13.63820859082933
2019-09-06 12:49:03+00:00,14.194857709620814
2019-09-06 16:09:38+00:00,13.41329060807202
2019-09-06 19:27:24+00:00,12.621652552071412
2019-09-06 22:45:33+00:00,12.509346150911728
2019-09-07 02:04:17+00:00,12.437933928435188
2019-09-07 05:21:35+00:00,12.361028458075838
2019-09-07 08:39:27+00:00,13.699549858854049
2019-09-07 11:58:02+00:00,14.276646066987109
2019-09-07 15:16:35+00:00,13.454184786755173
2019-09-07 18:48:02.400000095+00:00,12.483710994125277
2019-09-07 21:48:45+00:00,12.0854505226215
2019-09-08 00:50:39+00:00,12.197756923781188
2019-09-08 04:08:00+00:00,12.126344701304646
2019-09-08 08:35:58+00:00,12.91279468986038
2019-09-08 11:55:46+00:00,13.622949568932633
2019-09-08 15:13:33+00:00,13.41329060807202
2019-09-08 19:23:05+00:00,12.70862897688258
2019-09-08 22:22:52+00:00,12.59113450827802
2019-09-09 01:29:33+00:00,12.488899061570152
2019-09-09 04:46:52+00:00,12.2896162355993
2019-09-09 08:04:43+00:00,12.376592660410468
2019-09-09 11:23:16+00:00,13.454184786755173
2019-09-09 14:41:03+00:00,14.28702220187686
2019-09-09 17:59:36+00:00,12.820935378042268
2019-09-09 21:18:36+00:00,12.49408712901503
2019-09-10 00:37:10+00:00,12.294804303044176
2019-09-10 03:54:56+00:00,12.22827496757458
2019-09-10 07:13:29+00:00,12.636911573968108
2019-09-10 10:32:02+00:00,13.203936827649349
2019-09-10 13:49:36+00:00,14.256198977645534
2019-09-10 17:07:24+00:00,12.917982757305255
2019-09-10 20:41:40+00:00,12.335698481727322
2019-09-10 23:59:37+00:00,12.238651102464331
2019-09-11 03:18:10+00:00,12.202944991226063
2019-09-11 06:59:25.099999905+00:00,12.810559243152513
2019-09-11 10:00:10+00:00,14.276646066987109
2019-09-11 13:00:46+00:00,14.246128023193714
2019-09-11 16:06:40.200000048+00:00,13.438925764858476
2019-09-11 20:13:40+00:00,12.831006332494088
2019-09-12 00:53:21+00:00,12.785229266803997
2019-09-12 03:53:53+00:00,12.74433508812085
2019-09-12 07:43:52.500000+00:00,13.633020523384452
2019-09-12 10:44:47+00:00,13.495078965438315
2019-09-12 13:45:19.700000048+00:00,13.500267032883194
2019-09-12 18:37:16.099999905+00:00,12.836194399938964
2019-09-12 21:38:33+00:00,12.325322346837568
2019-09-13 00:38:20+00:00,12.49408712901503
2019-09-13 03:38:53+00:00,12.422369726100555
2019-09-13 07:02:14.299999952+00:00,12.98420691233692
2019-09-13 10:02:57+00:00,13.306172274357213
2019-09-13 13:03:32+00:00,14.27145799954223
2019-09-13 16:03:35.200000048+00:00,13.464560921644924
2019-09-13 19:39:58+00:00,12.596017395284962
2019-09-13 22:39:45+00:00,12.21820401312276
2019-09-14 06:37:18.500000+00:00,12.233463035019456
2019-09-14 09:37:12+00:00,13.582055390249486
2019-09-14 12:37:47+00:00,14.230563820859084
2019-09-14 15:37:34+00:00,13.423666742961776
2019-09-14 18:38:06+00:00,12.846570534828718
2019-09-14 21:38:39+00:00,12.315251392385749
2019-09-15 00:38:26+00:00,12.177309834439612
2019-09-15 03:55:09+00:00,12.19256885633631
2019-09-15 07:28:45.500000+00:00,12.585946440833142
2019-09-15 10:29:28+00:00,12.60120546272984
2019-09-15 13:29:15+00:00,13.137712672617685
2019-09-15 16:29:48+00:00,12.350957503624018
2019-09-15 19:32:09.700000048+00:00,12.21820401312276
2019-09-15 22:32:44+00:00,12.202944991226063
2019-09-16 01:33:16.799999952+00:00,12.131227588311589
2019-09-16 04:34:03+00:00,12.029297322041655
2019-09-16 08:12:36+00:00,13.132524605172808
2019-09-16 11:12:24+00:00,13.280537117570764
2019-09-16 14:12:58+00:00,13.658655680170902
2019-09-16 17:12:45+00:00,12.831006332494088
2019-09-16 20:13:18+00:00,12.50415808346685
2019-09-16 23:13:52+00:00,12.22827496757458
2019-09-17 02:13:39+00:00,12.259098191805906
2019-09-17 05:14:28+00:00,12.12115663385977
2019-09-17 08:14:59+00:00,12.376592660410468
2019-09-17 11:15:32+00:00,12.826123445487143
2019-09-17 14:15:19+00:00,13.607385366598002
2019-09-17 17:15:53+00:00,12.917982757305255
2019-09-17 20:31:20+00:00,12.335698481727322
2019-09-17 23:49:54+00:00,12.263981078812847
2019-09-18 03:07:40+00:00,12.172121766994737
2019-09-18 07:04:37.200000048+00:00,12.233463035019456
2019-09-18 10:04:41+00:00,13.341878385595482
2019-09-18 13:05:15+00:00,14.240939955748836
2019-09-18 16:05:50+00:00,13.423666742961776
2019-09-18 19:05:36+00:00,12.59113450827802
2019-09-18 22:06:09.200000048+00:00,12.39703974975204
2019-09-19 01:07:56+00:00,12.356145571068897
2019-09-19 07:14:51+00:00,12.3408865491722
2019-09-19 10:32:37+00:00,13.444113832303351
2019-09-19 13:51:11+00:00,12.616464484626537
2019-09-19 17:09:45+00:00,13.076371404592964
2019-09-19 20:50:50+00:00,12.636911573968108
2019-09-19 23:51:20.700000048+00:00,12.56549935149157
2019-09-20 03:02:19+00:00,12.488899061570152
2019-09-20 06:52:23.900000095+00:00,12.88715953307393
2019-09-20 09:52:21+00:00,14.343175402456705
2019-09-20 12:52:56+00:00,14.312352178225376
2019-09-20 16:48:23.400000095+00:00,13.147783627069504
2019-09-20 20:30:38+00:00,12.422369726100555
2019-09-20 23:31:11+00:00,12.361028458075838
2019-09-21 02:31:17.500000+00:00,12.294804303044176
2019-09-21 05:32:30+00:00,12.325322346837568
2019-09-21 09:25:21+00:00,13.704432745860991
2019-09-21 12:25:56+00:00,14.246128023193714
2019-09-21 15:27:02.099999905+00:00,13.433737697413594
2019-09-21 18:59:07.299999952+00:00,12.907606622415503
2019-09-21 21:59:53+00:00,12.49408712901503
2019-09-22 01:00:27.599999905+00:00,12.391851682307164
2019-09-22 04:01:13+00:00,12.274357213702602
2019-09-22 07:44:20.500000+00:00,13.387960631723503
2019-09-22 10:45:13+00:00,14.230563820859084
2019-09-22 13:46:36.799999952+00:00,13.438925764858476
2019-09-22 18:18:26+00:00,12.846570534828718
2019-09-22 21:37:29+00:00,12.509346150911728
2019-09-23 00:56:43+00:00,12.284428168154422
2019-09-23 04:18:55+00:00,12.335698481727322
2019-09-23 08:00:40+00:00,13.173418783855954
2019-09-23 11:00:26.700000048+00:00,13.530785076676588
2019-09-23 14:01:11.299999952+00:00,14.230563820859084
2019-09-23 17:01:48+00:00,13.112077515831237
2019-09-23 20:02:21+00:00,12.34576943617914
2019-09-23 23:02:07+00:00,12.146486610208283
2019-09-24 02:09:14+00:00,12.238651102464331
2019-09-24 05:28:02+00:00,12.213015945677885
2019-09-24 09:34:42+00:00,13.454184786755173
2019-09-24 12:34:29+00:00,14.215304798962388
2019-09-24 15:37:42.099999905+00:00,13.433737697413594
2019-09-24 19:37:46+00:00,12.897535667963684
2019-09-24 22:46:35+00:00,12.800488288700691
2019-09-25 02:04:42+00:00,12.729076066224154
2019-09-25 05:22:35+00:00,12.713511863889524
2019-09-25 09:07:26+00:00,14.291905088883803
2019-09-25 12:15:19.099999905+00:00,13.454184786755173
2019-09-25 16:00:04.500000+00:00,13.433737697413594
2019-09-25 19:00:52+00:00,12.759594110017549
2019-09-25 22:00:39+00:00,12.356145571068897
2019-09-26 01:11:37+00:00,12.534981307698176
2019-09-26 04:28:52+00:00,12.463263904783703
2019-09-26 08:15:39+00:00,13.597314412146185
2019-09-26 11:35:35+00:00,14.22568093385214
2019-09-26 14:55:38+00:00,13.433737697413594
2019-09-26 18:13:58.200000048+00:00,12.555123216601816
2019-09-26 21:26:50+00:00,12.19256885633631
2019-09-27 00:44:04+00:00,12.207827878233006
2019-09-27 04:01:28+00:00,12.151674677653162
2019-09-27 07:50:50+00:00,12.632028686961164
2019-09-27 11:02:38+00:00,12.626840619516289
2019-09-27 14:03:11+00:00,13.255207141222249
2019-09-27 17:02:58+00:00,12.91279468986038
2019-09-27 20:03:31+00:00,12.366216525520716
2019-09-27 23:03:18+00:00,12.284428168154422
2019-09-28 02:03:51+00:00,12.151674677653162
2019-09-28 05:18:47+00:00,12.126344701304646
2019-09-28 08:43:28+00:00,13.321431296253907
2019-09-28 11:43:15+00:00,14.240939955748836
2019-09-28 14:43:50+00:00,14.27145799954223
2019-09-28 17:43:37+00:00,12.882276646066988
2019-09-28 20:44:59+00:00,12.381475547417413
2019-09-29 00:01:56+00:00,12.350957503624018
2019-09-29 03:23:43+00:00,12.172121766994737
2019-09-29 06:52:00.700000048+00:00,12.422369726100555
2019-09-29 09:52:41+00:00,13.61257343404288
2019-09-29 12:53:18.299999952+00:00,14.230563820859084
2019-09-29 15:54:54+00:00,13.444113832303351
2019-09-29 19:36:18+00:00,12.80567635614557
2019-09-29 22:48:19+00:00,12.69306477454795
2019-09-30 02:07:34+00:00,12.606393530174715
2019-09-30 05:26:07+00:00,12.575570305943389
2019-09-30 09:02:11+00:00,14.276646066987109
2019-09-30 12:02:45+00:00,13.438925764858476
2019-09-30 15:02:31+00:00,13.444113832303351
2019-09-30 18:03:03+00:00,12.907606622415503
2019-09-30 21:02:50+00:00,12.723887998779276
2019-10-01 00:03:23+00:00,12.672617685206378
2019-10-01 03:18:01+00:00,12.555123216601816
2019-10-01 07:07:21+00:00,13.081254291599908
2019-10-01 10:24:52+00:00,14.312352178225376
2019-10-01 13:32:17+00:00,13.464560921644924
2019-10-01 18:24:26.299999952+00:00,12.87708857862211
2019-10-01 21:25:43+00:00,12.729076066224154
2019-10-02 00:42:32+00:00,12.621652552071412
2019-10-02 03:59:45+00:00,12.56549935149157
2019-10-02 07:33:58+00:00,13.306172274357213
2019-10-02 10:33:45+00:00,14.291905088883803
2019-10-02 13:34:21+00:00,13.438925764858476
2019-10-02 16:34:54.900000095+00:00,13.112077515831237
2019-10-02 20:19:15+00:00,12.27954528114748
2019-10-02 23:19:48+00:00,12.141603723201342
2019-10-03 02:19:36+00:00,12.029297322041655
2019-10-03 07:39:40.900000095+00:00,12.78004119935912
2019-10-03 10:40:20+00:00,13.85275043869688
2019-10-03 13:40:27.099999905+00:00,14.230563820859084
2019-10-03 16:42:42.900000095+00:00,13.433737697413594
2019-10-03 20:33:34.500000+00:00,12.739147020675974
2019-10-03 23:33:22+00:00,12.616464484626537
2019-10-04 02:45:25+00:00,12.534981307698176
2019-10-04 06:36:54.900000095+00:00,13.10170138094148
2019-10-04 09:37:44+00:00,14.281834134431984
2019-10-04 12:38:12.099999905+00:00,13.449301899748228
2019-10-04 15:40:03+00:00,13.444113832303351
2019-10-04 18:41:18.599999905+00:00,12.606393530174715
2019-10-04 21:52:49+00:00,12.550240329594873
2019-10-05 01:11:52+00:00,12.519417105363546
2019-10-05 04:23:28.299999952+00:00,12.498970016021971
2019-10-05 07:58:43+00:00,13.255207141222249
2019-10-05 10:59:17+00:00,14.302281223773557
2019-10-05 13:59:10.200000048+00:00,13.459372854200048
2019-10-05 16:59:43+00:00,12.861829556725414
2019-10-05 19:59:29+00:00,12.335698481727322
2019-10-05 23:00:44.200000048+00:00,12.580758373388266
2019-10-06 02:05:22+00:00,12.371404592965591
2019-10-06 05:23:32+00:00,12.361028458075838
2019-10-06 08:26:34+00:00,13.065995269703212
2019-10-06 11:27:08+00:00,13.500267032883194
2019-10-06 14:27:42+00:00,13.173418783855954
2019-10-06 18:08:31.900000095+00:00,12.892347600518807
2019-10-06 21:09:22+00:00,12.386663614862288
2019-10-07 00:14:51+00:00,12.202944991226063
2019-10-07 03:32:29+00:00,12.126344701304646
2019-10-07 06:54:34+00:00,12.667734798199437
2019-10-07 09:55:07+00:00,13.821927214465552
2019-10-07 12:54:55+00:00,14.230563820859084
2019-10-07 15:55:29+00:00,12.636911573968108
2019-10-07 19:55:26.599999905+00:00,12.677805752651254
2019-10-07 22:56:00+00:00,12.667734798199437
2019-10-08 01:55:47+00:00,12.545052262149996
2019-10-08 04:56:21+00:00,12.56549935149157
2019-10-08 08:36:58.299999952+00:00,13.556420233463037
2019-10-08 11:37:00+00:00,14.348058289463646
2019-10-08 14:38:17+00:00,13.48989089799344
2019-10-08 19:12:13.799999952+00:00,12.729076066224154
2019-10-08 22:16:58+00:00,12.5297932402533
2019-10-09 01:34:16+00:00,12.50415808346685
2019-10-09 04:51:38+00:00,12.417486839093614
2019-10-09 08:12:22+00:00,13.704432745860991
2019-10-09 11:12:09+00:00,14.32272831311513
2019-10-09 15:27:39.200000048+00:00,13.061112382696267
2019-10-09 18:37:50+00:00,12.636911573968108
2019-10-09 21:46:35+00:00,12.386663614862288
2019-10-10 00:46:22+00:00,12.274357213702602
2019-10-10 03:46:54+00:00,12.213015945677885
2019-10-10 07:14:01.099999905+00:00,12.846570534828718
2019-10-10 10:14:44.099999905+00:00,13.091630426489662
2019-10-10 13:14:31+00:00,13.627832455939576
2019-10-10 16:15:05+00:00,13.699549858854049
2019-10-10 19:14:52+00:00,12.703440909437704
2019-10-10 22:15:25+00:00,12.44281681544213
2019-10-11 01:16:16.900000095+00:00,12.294804303044176
2019-10-11 04:16:46+00:00,12.172121766994737
2019-10-11 07:19:05+00:00,12.87708857862211
2019-10-11 10:19:24.900000095+00:00,13.48989089799344
2019-10-11 13:20:26+00:00,13.485008010986498
2019-10-11 16:20:13+00:00,13.495078965438315
2019-10-11 19:20:45+00:00,12.44281681544213
2019-10-11 22:21:18+00:00,12.40711070420386
2019-10-12 01:25:16+00:00,12.299992370489052
2019-10-12 04:42:42+00:00,12.15686274509804
2019-10-12 08:02:01+00:00,12.98420691233692
2019-10-12 11:19:48+00:00,14.378881513694973
2019-10-12 14:38:21+00:00,12.84138246738384
2019-10-12 17:56:54+00:00,12.44281681544213
2019-10-12 21:08:52.500000+00:00,12.238651102464331
2019-10-13 00:09:25+00:00,12.136415655756466
2019-10-13 03:27:31+00:00,12.013733119707029
2019-10-13 08:51:06+00:00,13.015030136568246
2019-10-13 11:50:54+00:00,14.327611200122073
2019-10-13 14:51:28.200000048+00:00,13.081254291599908
2019-10-13 17:52:01+00:00,12.774853131914243
2019-10-13 20:52:30.799999952+00:00,12.12115663385977
2019-10-13 23:53:40+00:00,12.361028458075838
2019-10-14 02:53:26+00:00,12.131227588311589
2019-10-14 05:54:00+00:00,12.213015945677885
2019-10-14 08:53:47+00:00,13.786221103227284
2019-10-14 11:54:21.099999905+00:00,14.256198977645534
2019-10-14 14:54:56+00:00,13.444113832303351
2019-10-14 17:58:54+00:00,12.958876935988403
2019-10-14 20:59:28+00:00,12.636911573968108
2019-10-14 23:59:15+00:00,12.46845197222858
2019-10-15 02:59:49+00:00,12.39703974975204
2019-10-15 06:11:10.099999905+00:00,12.53986419470512
2019-10-15 09:11:48+00:00,13.934538796063173
2019-10-15 12:12:23+00:00,14.240939955748836
2019-10-15 15:12:11+00:00,13.433737697413594
2019-10-15 18:35:58+00:00,12.667734798199437
2019-10-15 21:35:43.799999952+00:00,12.56549935149157
2019-10-16 00:36:18+00:00,12.5297932402533
2019-10-16 03:36:04+00:00,12.488899061570152
2019-10-16 06:45:52.200000048+00:00,13.25001907377737
2019-10-16 09:46:30+00:00,14.251010910200655
2019-10-16 12:46:18+00:00,13.438925764858476
2019-10-16 15:46:50+00:00,13.423666742961776
2019-10-16 18:46:36+00:00,12.65735866330968
2019-10-16 21:47:09+00:00,12.560311284046692
2019-10-17 01:18:11+00:00,12.698252841992828
2019-10-17 04:29:11+00:00,12.524605172808425
2019-10-17 07:43:18+00:00,13.398031586175325
2019-10-17 10:44:46+00:00,14.312352178225376
2019-10-17 13:45:42+00:00,13.459372854200048
2019-10-17 16:46:33+00:00,13.086442359044783
2019-10-17 19:58:27+00:00,12.498970016021971
2019-10-17 22:58:14+00:00,12.483710994125277
2019-10-18 01:58:47+00:00,12.361028458075838
2019-10-18 04:58:34+00:00,12.320439459830624
2019-10-18 08:20:37+00:00,14.026398107881285
2019-10-18 11:21:11+00:00,14.26138704509041
2019-10-18 14:22:52+00:00,13.444113832303351
2019-10-18 19:13:37+00:00,12.836194399938964
2019-10-18 22:19:27+00:00,12.514534218356603
2019-10-19 01:36:51+00:00,12.361028458075838
2019-10-19 06:23:19.099999905+00:00,12.7186999313344
2019-10-19 09:34:20+00:00,14.256198977645534
2019-10-19 12:52:55+00:00,13.438925764858476
2019-10-19 16:11:28+00:00,13.367513542381932
2019-10-19 19:29:14+00:00,12.662546730754558
2019-10-19 22:47:47+00:00,12.69306477454795
2019-10-20 02:05:24+00:00,12.596017395284962
2019-10-20 05:22:53+00:00,12.463263904783703
2019-10-20 08:57:35+00:00,13.474631876096744
2019-10-20 11:57:22+00:00,14.302281223773557
2019-10-20 14:58:14+00:00,13.464560921644924
2019-10-20 17:58:00+00:00,12.882276646066988
2019-10-20 20:59:20+00:00,12.70862897688258
2019-10-21 00:00:06+00:00,12.7186999313344
2019-10-21 03:09:34+00:00,12.4785229266804
2019-10-21 06:58:48+00:00,13.096818493934538
2019-10-21 09:58:47+00:00,14.363622491798276
2019-10-21 12:59:24.400000095+00:00,13.474631876096744
2019-10-21 15:59:57+00:00,13.474631876096744
2019-10-21 19:41:01+00:00,12.448004882887007
2019-10-21 22:41:34+00:00,12.304875257495995
2019-10-22 01:41:21+00:00,12.197756923781188
2019-10-22 04:41:54+00:00,12.100709544518196
2019-10-22 07:41:41+00:00,12.933241779201952
2019-10-22 10:42:14+00:00,14.240939955748836
2019-10-22 13:48:25+00:00,13.428854810406651
2019-10-22 16:59:01.299999952+00:00,13.326619363698786
2019-10-22 20:27:19+00:00,12.453192950331884
2019-10-22 23:32:39+00:00,12.44281681544213
2019-10-23 02:49:57+00:00,12.325322346837568
2019-10-23 06:21:18+00:00,12.5297932402533
2019-10-23 09:37:24+00:00,13.868009460593576
2019-10-23 12:54:26+00:00,14.21011673151751
2019-10-23 16:00:56+00:00,12.826123445487143
2019-10-23 19:03:42+00:00,12.458075837338829
2019-10-23 22:14:47+00:00,12.524605172808425
2019-10-24 01:32:07+00:00,12.3408865491722
2019-10-24 04:49:33+00:00,12.22827496757458
2019-10-24 08:06:52+00:00,12.84138246738384
2019-10-24 11:25:26+00:00,14.220492866407264
2019-10-24 14:42:03+00:00,13.41329060807202
2019-10-24 18:44:08+00:00,12.749523155565727
2019-10-24 22:03:04+00:00,12.596017395284962
2019-10-25 01:20:29+00:00,12.519417105363546
2019-10-25 04:37:47+00:00,12.422369726100555
2019-10-25 08:24:05+00:00,13.776150148775464
2019-10-25 11:41:30+00:00,14.23575188830396
2019-10-25 14:59:16+00:00,13.050736247806515
2019-10-25 18:31:58.099999905+00:00,12.677805752651254
2019-10-25 21:31:51+00:00,12.44281681544213
2019-10-26 00:32:24+00:00,12.350957503624018
2019-10-26 03:42:27+00:00,12.24383916990921
2019-10-26 07:15:10+00:00,13.050736247806515
2019-10-26 10:38:45+00:00,14.184786755168997
2019-10-26 13:57:31+00:00,13.403219653620202
2019-10-26 16:58:32+00:00,13.331807431143664
2019-10-26 19:58:19+00:00,12.795300221255816
2019-10-26 22:58:52+00:00,12.65735866330968
2019-10-27 02:13:17+00:00,12.570687418936446
2019-10-27 05:30:05+00:00,12.463263904783703
2019-10-27 09:13:24+00:00,14.256198977645534
2019-10-27 12:32:34.099999905+00:00,13.428854810406651
2019-10-27 17:39:12.200000048+00:00,12.545052262149996
2019-10-27 20:40:15+00:00,12.585946440833142
2019-10-27 23:48:21+00:00,12.463263904783703
2019-10-28 03:05:35+00:00,12.371404592965591
2019-10-28 06:40:18+00:00,12.391851682307164
2019-10-28 09:57:33+00:00,14.28702220187686
2019-10-28 13:15:04+00:00,13.438925764858476
2019-10-28 16:33:08+00:00,13.438925764858476
2019-10-28 19:50:28+00:00,12.785229266803997
2019-10-28 23:07:46+00:00,12.56549935149157
2019-10-29 02:24:55+00:00,12.44281681544213
2019-10-29 06:10:18.299999952+00:00,12.498970016021971
2019-10-29 09:28:24+00:00,13.745326924544138
2019-10-29 12:45:38+00:00,14.246128023193714
2019-10-29 17:57:17.900000095+00:00,12.994583047226673
2019-10-29 21:16:50+00:00,12.294804303044176
2019-10-30 00:34:26+00:00,12.269169146257726
2019-10-30 03:51:56+00:00,12.126344701304646
2019-10-30 07:11:49.799999952+00:00,12.907606622415503
2019-10-30 10:12:28+00:00,14.26138704509041
2019-10-30 13:12:14.799999952+00:00,14.194857709620814
2019-10-30 18:15:11+00:00,12.866712443732355
2019-10-30 21:31:53+00:00,12.498970016021971
2019-10-31 00:49:08+00:00,12.3408865491722
2019-10-31 04:06:23+00:00,12.233463035019456
2019-10-31 08:08:59+00:00,12.943617914091709
2019-10-31 11:28:16+00:00,13.520714122224769
2019-10-31 14:46:51+00:00,14.246128023193714
2019-10-31 18:23:14.799999952+00:00,12.831006332494088
2019-10-31 21:23:59+00:00,12.437933928435188
2019-11-01 00:24:33+00:00,12.40711070420386
2019-11-01 03:24:18.799999952+00:00,12.381475547417413
2019-11-01 06:24:52+00:00,12.866712443732355
2019-11-01 09:24:39+00:00,14.29709315632868
2019-11-01 12:25:38.200000048+00:00,14.26138704509041
2019-11-01 16:00:08.599999905+00:00,13.382772564278628
2019-11-01 19:45:53+00:00,12.422369726100555
2019-11-01 23:03:10+00:00,12.274357213702602
2019-11-02 02:22:03+00:00,12.166933699549858
2019-11-02 05:41:59+00:00,12.19256885633631
2019-11-02 08:58:57+00:00,13.474631876096744
2019-11-02 11:59:33+00:00,14.189974822613872
2019-11-02 15:17:23+00:00,13.106889448386358
2019-11-02 18:51:19.700000048+00:00,12.636911573968108
2019-11-02 21:52:03+00:00,12.4785229266804
2019-11-03 00:51:49+00:00,12.350957503624018
2019-11-03 03:53:12+00:00,12.223392080567637
2019-11-03 06:54:45.900000095+00:00,12.606393530174715
2019-11-03 09:54:46+00:00,13.821927214465552
2019-11-03 12:55:21.099999905+00:00,14.194857709620814
2019-11-03 15:55:09+00:00,13.418478675516898
2019-11-03 19:04:53.700000048+00:00,12.861829556725414
2019-11-03 22:14:16+00:00,12.688181887541008
2019-11-04 01:31:13.900000095+00:00,12.585946440833142
2019-11-04 04:48:54+00:00,12.463263904783703
2019-11-04 08:06:14+00:00,13.41329060807202
2019-11-04 11:23:30+00:00,14.21011673151751
2019-11-04 14:35:31.500000+00:00,13.418478675516898
2019-11-04 17:36:06.500000+00:00,12.636911573968108
2019-11-04 20:36:39+00:00,12.177309834439612
2019-11-04 23:45:07+00:00,12.27954528114748
2019-11-05 03:02:18+00:00,12.162050812542915
2019-11-05 06:33:07+00:00,12.519417105363546
2019-11-05 09:39:48+00:00,13.658655680170902
2019-11-05 12:57:47+00:00,14.153963530937668
2019-11-05 17:47:11.900000095+00:00,13.106889448386358
2019-11-05 21:07:35.400000095+00:00,12.642099641412983
2019-11-06 00:25:42+00:00,12.555123216601816
2019-11-06 03:43:51+00:00,12.4785229266804
2019-11-06 07:16:28.099999905+00:00,13.18867780575265
2019-11-06 10:17:12+00:00,14.246128023193714
2019-11-06 13:19:21+00:00,13.428854810406651
2019-11-06 19:01:11.900000095+00:00,12.769665064469368
2019-11-06 22:01:56.799999952+00:00,12.596017395284962
2019-11-07 01:06:14+00:00,12.437933928435188
2019-11-07 04:27:34+00:00,12.427557793545434
2019-11-07 07:50:23+00:00,13.500267032883194
2019-11-07 11:06:53+00:00,14.21011673151751
2019-11-07 14:13:48+00:00,13.423666742961776
2019-11-07 19:38:21+00:00,12.60120546272984
2019-11-07 22:55:53+00:00,12.100709544518196
2019-11-08 02:09:04+00:00,12.335698481727322
2019-11-08 05:26:23+00:00,12.284428168154422
2019-11-08 08:56:50+00:00,13.510337987335014
2019-11-08 12:14:07+00:00,14.169527733272298
2019-11-08 17:09:25.299999952+00:00,13.112077515831237
2019-11-08 21:05:01+00:00,12.437933928435188
2019-11-09 00:23:35+00:00,12.56549935149157
2019-11-09 03:41:50+00:00,12.483710994125277
2019-11-09 06:58:31+00:00,13.076371404592964
2019-11-09 09:58:18+00:00,14.194857709620814
2019-11-09 12:58:53+00:00,13.408407721065078
2019-11-09 16:04:50.200000048+00:00,13.158159761959258
2019-11-09 19:12:36+00:00,12.729076066224154
2019-11-09 22:30:28+00:00,12.263981078812847
2019-11-10 01:49:01+00:00,12.310063324940872
2019-11-10 05:06:47+00:00,12.207827878233006
2019-11-10 08:42:20+00:00,13.571679255359731
2019-11-10 11:42:21.799999952+00:00,14.179598687724118
2019-11-10 14:56:50.200000048+00:00,13.408407721065078
2019-11-10 17:57:32.900000095+00:00,12.826123445487143
2019-11-10 20:57:19+00:00,12.335698481727322
2019-11-11 00:03:17+00:00,12.2896162355993
2019-11-11 03:22:23+00:00,12.075074387731746
2019-11-11 08:57:35+00:00,13.127336537727931
2019-11-11 12:16:09+00:00,14.17441062027924
2019-11-11 15:33:57+00:00,13.392843518730448
2019-11-11 18:52:30+00:00,12.49408712901503
2019-11-11 22:10:04+00:00,12.570687418936446
2019-11-12 01:28:38+00:00,12.453192950331884
2019-11-12 04:48:29+00:00,12.350957503624018
2019-11-12 08:06:22+00:00,13.178301670862895
2019-11-12 11:26:23+00:00,14.194857709620814
2019-11-12 14:44:30+00:00,13.341878385595482
2019-11-12 18:47:39+00:00,12.667734798199437
2019-11-12 21:47:26+00:00,12.672617685206378
2019-11-13 00:48:00+00:00,12.606393530174715
2019-11-13 03:47:46+00:00,12.519417105363546
2019-11-13 06:48:20+00:00,12.907606622415503
2019-11-13 09:48:54.200000048+00:00,13.92416266117342
2019-11-13 12:48:42+00:00,14.215304798962388
2019-11-13 15:51:43+00:00,13.132524605172808
2019-11-13 19:33:32+00:00,12.795300221255816
2019-11-13 22:46:37+00:00,12.560311284046692
2019-11-14 02:04:24+00:00,12.514534218356603
2019-11-14 05:22:57+00:00,12.40711070420386
2019-11-14 08:41:30+00:00,13.724879835202564
2019-11-14 11:59:18+00:00,14.22568093385214
2019-11-14 15:03:21+00:00,13.428854810406651
2019-11-14 19:14:50+00:00,12.498970016021971
2019-11-14 22:32:28+00:00,12.320439459830624
2019-11-15 01:49:52+00:00,12.207827878233006
2019-11-15 05:07:08+00:00,12.126344701304646
2019-11-15 08:35:46+00:00,13.362325474937055
2019-11-15 11:53:05+00:00,14.194857709620814
2019-11-15 15:07:57.299999952+00:00,13.41329060807202
2019-11-15 19:19:10+00:00,12.621652552071412
2019-11-15 22:36:26+00:00,12.166933699549858
2019-11-16 01:53:51+00:00,12.115968566414892
2019-11-16 05:11:07+00:00,12.029297322041655
2019-11-16 09:22:27+00:00,13.1630426489662
2019-11-16 12:39:57+00:00,14.149080643930724
2019-11-16 15:57:45+00:00,13.127336537727931
2019-11-16 19:15:06+00:00,12.60120546272984
2019-11-16 22:32:27+00:00,12.483710994125277
2019-11-17 01:49:42+00:00,12.427557793545434
2019-11-17 05:06:57+00:00,12.381475547417413
2019-11-17 08:25:14+00:00,13.438925764858476
2019-11-17 11:42:29+00:00,14.164339665827422
2019-11-17 15:00:47+00:00,13.398031586175325
2019-11-17 18:54:15+00:00,12.846570534828718
2019-11-17 22:11:47+00:00,12.60120546272984
2019-11-18 01:29:04+00:00,12.50415808346685
2019-11-18 04:46:19+00:00,12.448004882887007
2019-11-18 08:28:14+00:00,13.80148012512398
2019-11-18 11:45:32+00:00,14.189974822613872
2019-11-18 17:08:46+00:00,12.897535667963684
2019-11-18 20:25:59+00:00,12.304875257495995
2019-11-18 23:43:15+00:00,12.350957503624018
2019-11-19 03:00:37+00:00,12.269169146257726
2019-11-19 06:46:36.599999905+00:00,12.764782177462424
2019-11-19 10:04:09+00:00,13.88845654993515
2019-11-19 13:21:26+00:00,14.143892576485849
2019-11-19 16:36:54+00:00,12.88715953307393
2019-11-19 19:59:56+00:00,12.59113450827802
2019-11-19 23:23:21+00:00,12.560311284046692
2019-11-20 02:45:23+00:00,12.376592660410468
2019-11-20 06:06:16+00:00,12.269169146257726
2019-11-20 09:23:32+00:00,13.842374303807128
2019-11-20 12:40:51+00:00,14.17441062027924
2019-11-20 16:00:48.599999905+00:00,13.403219653620202
2019-11-20 20:23:24.099999905+00:00,12.79011215381094
2019-11-20 23:41:00+00:00,12.70862897688258
2019-11-21 02:58:21+00:00,12.647287708857862
2019-11-21 06:50:00+00:00,12.91279468986038
2019-11-21 10:06:18+00:00,14.246128023193714
2019-11-21 13:21:04+00:00,13.423666742961776
2019-11-21 17:53:52.799999952+00:00,12.907606622415503
2019-11-21 21:09:05+00:00,12.325322346837568
2019-11-22 00:28:15+00:00,12.366216525520716
2019-11-22 03:45:27+00:00,12.25391012436103
2019-11-22 07:21:55.599999905+00:00,12.560311284046692
2019-11-22 10:38:18+00:00,13.63820859082933
2019-11-22 13:55:42+00:00,14.169527733272298
2019-11-22 18:26:07+00:00,12.953688868543528
2019-11-22 21:43:41+00:00,12.652475776302738
2019-11-23 01:01:12+00:00,12.53986419470512
2019-11-23 04:18:39+00:00,12.422369726100555
2019-11-23 07:49:40+00:00,13.367513542381932
2019-11-23 11:07:30+00:00,14.17441062027924
2019-11-23 17:39:45.599999905+00:00,13.015030136568246
2019-11-23 21:10:53+00:00,12.356145571068897
2019-11-24 00:28:04+00:00,12.555123216601816
2019-11-24 03:45:34+00:00,12.4785229266804
2019-11-24 07:30:56+00:00,13.193865873197527
2019-11-24 10:49:05+00:00,14.184786755168997
2019-11-24 15:37:43.900000095+00:00,13.403219653620202
2019-11-24 20:59:50+00:00,12.723887998779276
2019-11-25 00:17:08+00:00,12.611581597619592
2019-11-25 03:34:30+00:00,12.545052262149996
2019-11-25 07:07:24+00:00,13.1630426489662
2019-11-25 10:26:54+00:00,14.189974822613872
2019-11-25 13:49:08.299999952+00:00,13.403219653620202
2019-11-25 19:15:23.299999952+00:00,12.682993820096131
2019-11-25 22:34:02+00:00,12.632028686961164
2019-11-26 01:51:23+00:00,12.621652552071412
2019-11-26 05:08:41+00:00,12.534981307698176
2019-11-26 09:01:32+00:00,14.220492866407264
2019-11-26 12:21:01+00:00,13.408407721065078
2019-11-26 18:22:25+00:00,12.866712443732355
2019-11-26 21:24:27+00:00,12.703440909437704
2019-11-27 00:24:14+00:00,12.642099641412983
2019-11-27 03:24:48+00:00,12.53986419470512
2019-11-27 06:35:37.200000048+00:00,12.866712443732355
2019-11-27 09:35:29+00:00,14.220492866407264
2019-11-27 12:42:01.599999905+00:00,13.408407721065078
2019-11-27 19:25:08.700000048+00:00,12.70862897688258
2019-11-27 22:25:49+00:00,12.59113450827802
2019-11-28 01:26:23+00:00,12.43274586099031
2019-11-28 04:27:03.099999905+00:00,12.27954528114748
2019-11-28 07:27:42.900000095+00:00,13.357137407492178
2019-11-28 10:27:29+00:00,14.17441062027924
2019-11-28 13:28:04+00:00,13.403219653620202
2019-11-28 16:27:50+00:00,12.933241779201952
2019-11-28 19:51:10+00:00,12.616464484626537
2019-11-28 22:51:43+00:00,12.69306477454795
2019-11-29 01:51:30+00:00,12.570687418936446
2019-11-29 04:52:03+00:00,12.44281681544213
2019-11-29 07:51:50+00:00,13.2143129625391
2019-11-29 10:52:25+00:00,14.189974822613872
2019-11-29 13:52:12+00:00,13.408407721065078
2019-11-29 17:13:41+00:00,13.00984206912337
2019-11-29 20:32:14+00:00,12.53986419470512
2019-11-29 23:49:46+00:00,12.498970016021971
2019-11-30 03:07:33+00:00,12.381475547417413
2019-11-30 06:53:32.900000095+00:00,12.953688868543528
2019-11-30 09:54:19.900000095+00:00,14.194857709620814
2019-11-30 14:04:33+00:00,13.398031586175325
2019-11-30 18:34:17+00:00,12.84138246738384
2019-11-30 21:54:13+00:00,12.647287708857862
2019-12-01 01:11:46+00:00,12.545052262149996
2019-12-01 04:28:59+00:00,12.473640039673455
2019-12-01 09:10:32+00:00,14.22568093385214
2019-12-01 12:28:28+00:00,13.418478675516898
2019-12-01 19:12:05+00:00,12.677805752651254
2019-12-01 22:34:21+00:00,12.555123216601816
2019-12-02 01:58:38+00:00,12.422369726100555
2019-12-02 05:16:41+00:00,12.310063324940872
2019-12-02 08:35:39+00:00,13.51552605477989
2019-12-02 11:54:19+00:00,14.184786755168997
2019-12-02 15:12:06+00:00,13.41329060807202
2019-12-02 18:30:38+00:00,12.856641489280538
2019-12-02 21:49:34+00:00,12.682993820096131
2019-12-03 01:06:56+00:00,12.585946440833142
2019-12-03 04:24:43+00:00,12.534981307698176
2019-12-03 07:43:17+00:00,13.377584496833752
2019-12-03 11:01:52+00:00,14.246128023193714
2019-12-03 14:20:25+00:00,13.433737697413594
2019-12-03 17:37:12+00:00,12.989394979781796
2019-12-03 20:55:44+00:00,12.856641489280538
2019-12-04 00:14:17+00:00,12.774853131914243
2019-12-04 03:31:14+00:00,12.713511863889524
2019-12-04 06:48:27+00:00,13.030289158464942
2019-12-04 10:05:44+00:00,14.246128023193714
2019-12-04 13:24:03+00:00,13.433737697413594
2019-12-04 16:41:49+00:00,13.050736247806515
2019-12-04 20:00:22+00:00,12.688181887541008
2019-12-04 23:18:55+00:00,12.550240329594873
2019-12-05 02:36:44.900000095+00:00,12.412298771648738
2019-12-05 05:54:19+00:00,12.437933928435188
2019-12-05 09:13:19+00:00,14.276646066987109
2019-12-05 12:30:45+00:00,14.215304798962388
2019-12-05 15:48:02+00:00,13.418478675516898
2019-12-05 19:05:22+00:00,12.611581597619592
2019-12-05 22:22:47+00:00,12.606393530174715
2019-12-06 01:40:01+00:00,12.5297932402533
2019-12-06 04:57:12+00:00,12.49408712901503
2019-12-06 08:31:42+00:00,13.709620813305868
2019-12-06 11:50:17+00:00,14.133516441596097
2019-12-06 15:06:38+00:00,13.47981994354162
2019-12-06 18:24:35+00:00,12.749523155565727
2019-12-06 21:42:00+00:00,12.151674677653162
2019-12-07 00:59:15+00:00,12.330510414282443
2019-12-07 04:16:31+00:00,12.22827496757458
2019-12-07 08:03:44+00:00,13.055924315251392
2019-12-07 11:21:06+00:00,14.189974822613872
2019-12-07 14:41:08.099999905+00:00,13.408407721065078
2019-12-07 19:47:59+00:00,12.74433508812085
2019-12-07 23:03:50+00:00,12.483710994125277
2019-12-08 02:21:05+00:00,12.391851682307164
2019-12-08 05:38:22+00:00,12.27954528114748
2019-12-08 09:14:25+00:00,13.653467612726024
2019-12-08 12:32:16+00:00,14.184786755168997
2019-12-08 18:18:58.099999905+00:00,12.933241779201952
2019-12-08 21:34:39+00:00,12.65735866330968
2019-12-09 00:51:53+00:00,12.550240329594873
2019-12-09 04:09:06+00:00,12.417486839093614
2019-12-09 07:27:47+00:00,13.1630426489662
2019-12-09 10:49:22+00:00,14.220492866407264
2019-12-09 14:07:10+00:00,13.41329060807202
2019-12-09 18:47:19+00:00,12.861829556725414
2019-12-09 22:05:04+00:00,12.733958953231095
2019-12-10 02:09:19+00:00,12.570687418936446
2019-12-10 05:26:33+00:00,12.448004882887007
2019-12-10 08:44:24+00:00,13.55123216601816
2019-12-10 12:03:13+00:00,14.215304798962388
2019-12-10 15:24:12+00:00,13.41329060807202
2019-12-10 18:46:27+00:00,12.682993820096131
2019-12-10 22:06:13+00:00,12.50415808346685
2019-12-11 01:24:46+00:00,12.34576943617914
2019-12-11 04:42:10+00:00,12.197756923781188
2019-12-11 08:00:01+00:00,13.331807431143664
2019-12-11 12:04:24+00:00,14.200045777065691
2019-12-11 15:23:13+00:00,13.418478675516898
2019-12-11 18:40:48+00:00,12.65735866330968
2019-12-11 21:58:04+00:00,12.621652552071412
2019-12-12 01:15:21+00:00,12.483710994125277
2019-12-12 04:32:39+00:00,12.350957503624018
2019-12-12 08:20:55+00:00,13.31136034180209
2019-12-12 11:38:09+00:00,14.220492866407264
2019-12-12 14:51:45+00:00,13.418478675516898
2019-12-12 19:32:03+00:00,12.800488288700691
2019-12-12 22:31:49+00:00,12.682993820096131
2019-12-13 01:32:23+00:00,12.560311284046692
2019-12-13 04:43:44+00:00,12.448004882887007
2019-12-13 09:09:01+00:00,13.806668192568855
2019-12-13 12:26:14+00:00,14.23575188830396
2019-12-13 15:44:30+00:00,13.423666742961776
2019-12-13 18:56:42+00:00,12.79011215381094
2019-12-13 22:14:05+00:00,12.49408712901503
2019-12-14 01:31:20+00:00,12.422369726100555
2019-12-14 04:48:33+00:00,12.299992370489052
2019-12-14 08:05:39+00:00,13.219195849546043
2019-12-14 11:24:13+00:00,14.23575188830396
2019-12-14 14:37:09+00:00,13.428854810406651
2019-12-14 18:12:39.200000048+00:00,12.642099641412983
2019-12-14 21:13:27+00:00,12.642099641412983
2019-12-15 00:14:00+00:00,12.570687418936446
2019-12-15 03:13:48+00:00,12.417486839093614
2019-12-15 08:00:03+00:00,13.34706645304036
2019-12-15 11:17:23+00:00,14.256198977645534
2019-12-15 14:32:38.099999905+00:00,13.433737697413594
2019-12-15 19:14:20+00:00,12.7186999313344
2019-12-15 22:33:05+00:00,12.59113450827802
2019-12-16 02:43:20+00:00,12.40711070420386
2019-12-16 06:00:49+00:00,12.473640039673455
2019-12-16 09:18:29.599999905+00:00,14.28702220187686
2019-12-16 12:19:05+00:00,14.256198977645534
2019-12-16 16:56:04+00:00,13.367513542381932
2019-12-16 21:04:25+00:00,12.785229266803997
2019-12-17 00:22:00+00:00,12.688181887541008
2019-12-17 03:39:12+00:00,12.585946440833142
2019-12-17 07:39:39+00:00,13.449301899748228
2019-12-17 10:58:53+00:00,14.26138704509041
2019-12-17 14:14:07+00:00,13.423666742961776
2019-12-17 18:21:36.299999952+00:00,12.861829556725414
2019-12-17 21:22:36+00:00,12.749523155565727
2019-12-18 00:22:22+00:00,12.672617685206378
2019-12-18 03:26:36+00:00,12.555123216601816
2019-12-18 07:38:54+00:00,13.106889448386358
2019-12-18 10:56:09+00:00,14.22568093385214
2019-12-18 14:13:25+00:00,13.423666742961776
2019-12-18 18:31:42+00:00,12.87708857862211
2019-12-18 21:50:04+00:00,12.361028458075838
2019-12-19 01:06:56.200000048+00:00,12.437933928435188
2019-12-19 04:24:29+00:00,12.350957503624018
2019-12-19 08:11:51+00:00,13.255207141222249
2019-12-19 11:29:05+00:00,14.21011673151751
2019-12-19 14:58:46.200000048+00:00,13.418478675516898
2019-12-19 20:20:47+00:00,12.545052262149996
2019-12-19 23:38:04+00:00,12.320439459830624
2019-12-20 02:56:29+00:00,12.238651102464331
2019-12-20 06:13:46+00:00,12.172121766994737
2019-12-20 09:31:59+00:00,13.403219653620202
2019-12-20 12:49:14+00:00,13.408407721065078
2019-12-20 16:06:51+00:00,12.585946440833142
2019-12-20 19:23:50.900000095+00:00,12.40711070420386
2019-12-20 22:27:20+00:00,12.284428168154422
2019-12-21 01:44:39+00:00,12.008850232700084
2019-12-21 09:11:50+00:00,13.239642938887616
2019-12-21 12:29:01+00:00,14.189974822613872
2019-12-21 15:45:54+00:00,13.25001907377737
2019-12-21 19:18:35.099999905+00:00,12.371404592965591
2019-12-21 22:35:29+00:00,12.350957503624018
2019-12-22 01:52:52+00:00,12.213015945677885
2019-12-22 05:10:09+00:00,12.080262455176625
2019-12-22 08:49:16+00:00,13.106889448386358
2019-12-22 11:49:03+00:00,14.169527733272298
2019-12-22 14:49:37+00:00,13.392843518730448
2019-12-22 17:55:25.200000048+00:00,12.713511863889524
2019-12-22 20:56:54.799999952+00:00,12.575570305943389
2019-12-22 23:57:34+00:00,12.437933928435188
2019-12-23 03:08:15+00:00,12.294804303044176
2019-12-23 06:25:53+00:00,12.274357213702602
2019-12-23 09:43:14+00:00,14.240939955748836
2019-12-23 13:01:49+00:00,14.153963530937668
2019-12-23 16:19:24.099999905+00:00,12.87708857862211
2019-12-23 19:21:06.900000095+00:00,12.652475776302738
2019-12-23 22:21:40+00:00,12.534981307698176
2019-12-24 01:38:46+00:00,12.391851682307164
2019-12-24 04:56:00+00:00,12.259098191805906
2019-12-24 08:51:15+00:00,13.22438391699092
2019-12-24 12:08:44+00:00,14.189974822613872
2019-12-24 15:26:04+00:00,13.403219653620202
2019-12-24 18:44:37+00:00,12.606393530174715
2019-12-24 22:02:41+00:00,12.488899061570152
2019-12-25 01:19:51+00:00,12.437933928435188
2019-12-25 04:37:05+00:00,12.223392080567637
2019-12-25 07:55:16+00:00,13.234760051880674
2019-12-25 11:13:51+00:00,14.23575188830396
2019-12-25 14:32:25+00:00,13.408407721065078
2019-12-25 17:50:12+00:00,12.907606622415503
2019-12-25 21:08:44+00:00,12.534981307698176
2019-12-26 00:26:18+00:00,12.427557793545434
2019-12-26 03:44:37+00:00,12.294804303044176
2019-12-26 07:02:07+00:00,12.769665064469368
2019-12-26 10:19:54+00:00,14.011139085984588
2019-12-26 13:38:29+00:00,14.23575188830396
2019-12-26 19:00:37+00:00,12.75440604257267
2019-12-26 22:00:23.599999905+00:00,12.5297932402533
2019-12-27 01:00:58+00:00,12.448004882887007
2019-12-27 04:14:04+00:00,12.350957503624018
2019-12-27 07:31:19+00:00,12.723887998779276
2019-12-27 10:48:33+00:00,13.8628213931487
2019-12-27 14:05:48+00:00,14.215304798962388
2019-12-27 17:23:03+00:00,12.826123445487143
2019-12-27 20:40:30+00:00,12.636911573968108
2019-12-27 23:57:45+00:00,12.5297932402533
2019-12-28 03:14:59+00:00,12.39703974975204
2019-12-28 06:32:13+00:00,12.412298771648738
2019-12-28 09:49:24+00:00,13.622949568932633
2019-12-28 13:06:39+00:00,14.22568093385214
2019-12-28 16:23:50+00:00,13.117265583276112
2019-12-28 19:38:25.099999905+00:00,12.733958953231095
2019-12-28 22:39:28.900000095+00:00,12.606393530174715
2019-12-29 01:39:16+00:00,12.50415808346685
2019-12-29 04:55:45+00:00,12.427557793545434
2019-12-29 08:13:01+00:00,13.377584496833752
2019-12-29 11:30:17+00:00,14.23575188830396
2019-12-29 14:49:33+00:00,13.41329060807202
2019-12-29 17:57:28.500000+00:00,12.943617914091709
2019-12-29 20:57:15+00:00,12.412298771648738
2019-12-29 23:57:49+00:00,12.381475547417413
2019-12-30 02:59:49+00:00,12.27954528114748
2019-12-30 06:17:04+00:00,12.27954528114748
2019-12-30 09:34:21+00:00,13.54116121156634
2019-12-30 12:51:36+00:00,14.230563820859084
2019-12-30 16:08:54+00:00,13.352254520485236
2019-12-30 19:26:11+00:00,12.785229266803997
2019-12-30 22:43:35+00:00,12.514534218356603
2019-12-31 02:50:54+00:00,12.3408865491722
2019-12-31 06:08:09+00:00,12.238651102464331
2019-12-31 09:25:22+00:00,13.535973144121463
2019-12-31 12:42:36+00:00,14.240939955748836
2019-12-31 15:59:47+00:00,12.75440604257267
2019-12-31 19:36:04+00:00,12.672617685206378
2019-12-31 22:35:51+00:00,12.545052262149996
2020-01-01 01:36:24+00:00,12.44281681544213
2020-01-01 04:36:38+00:00,12.34576943617914
2020-01-01 08:06:16+00:00,13.418478675516898
2020-01-01 11:23:35+00:00,14.28702220187686
2020-01-01 14:40:56+00:00,13.454184786755173
2020-01-01 17:58:13+00:00,12.733958953231095
2020-01-01 21:15:29+00:00,12.46845197222858
2020-01-02 00:32:43+00:00,12.320439459830624
2020-01-02 03:49:57+00:00,12.238651102464331
2020-01-02 07:07:12+00:00,12.519417105363546
2020-01-02 10:24:31+00:00,14.000762951094837
2020-01-02 13:41:48+00:00,14.29709315632868
2020-01-02 16:59:08+00:00,13.015030136568246
2020-01-02 20:16:23+00:00,12.764782177462424
2020-01-02 23:33:34+00:00,12.647287708857862
2020-01-03 02:50:55+00:00,12.575570305943389
2020-01-03 06:08:12+00:00,12.453192950331884
2020-01-03 09:36:35+00:00,14.496375982299536
2020-01-03 12:53:49+00:00,14.455481803616388
2020-01-03 16:11:28+00:00,13.530785076676588
2020-01-03 19:30:01+00:00,12.4785229266804
2020-01-03 22:48:34+00:00,12.44281681544213
2020-01-04 02:06:52+00:00,12.304875257495995
2020-01-04 05:24:04+00:00,12.19256885633631
2020-01-04 08:41:46+00:00,13.117265583276112
2020-01-04 11:59:13+00:00,14.388952468146792
2020-01-04 15:16:24+00:00,13.50545510032807
2020-01-04 18:33:40+00:00,12.448004882887007
2020-01-04 21:50:55+00:00,12.263981078812847
2020-01-05 01:08:10+00:00,12.126344701304646
2020-01-05 04:25:26+00:00,12.06988632028687
2020-01-05 08:57:22+00:00,13.061112382696267
2020-01-05 12:14:37+00:00,14.29709315632868
2020-01-05 15:31:52+00:00,13.459372854200048
2020-01-05 18:49:38+00:00,12.739147020675974
2020-01-05 22:08:11+00:00,12.729076066224154
2020-01-06 01:26:45+00:00,12.632028686961164
2020-01-06 04:43:54+00:00,12.5297932402533
2020-01-06 08:11:11+00:00,13.336690318150604
2020-01-06 11:29:07+00:00,14.3584344243534
2020-01-06 14:47:41+00:00,13.485008010986498
2020-01-06 18:06:14+00:00,12.836194399938964
2020-01-06 21:24:00+00:00,12.166933699549858
2020-01-07 00:30:40.500000+00:00,12.131227588311589
2020-01-07 07:01:39+00:00,12.197756923781188
2020-01-07 10:01:33+00:00,13.28572518501564
2020-01-07 13:02:08+00:00,14.281834134431984
2020-01-07 16:01:55+00:00,13.433737697413594
2020-01-07 19:02:48+00:00,12.79011215381094
2020-01-07 22:03:36+00:00,12.560311284046692
2020-01-08 01:04:08+00:00,12.463263904783703
2020-01-08 04:20:02+00:00,12.361028458075838
2020-01-08 08:16:57+00:00,13.229571984435797
2020-01-08 11:39:18.900000095+00:00,14.281834134431984
2020-01-08 15:00:35+00:00,13.438925764858476
2020-01-08 18:17:46+00:00,12.75440604257267
2020-01-08 21:36:20+00:00,12.12115663385977
2020-01-09 00:53:44+00:00,12.238651102464331
2020-01-09 04:11:00+00:00,12.166933699549858
2020-01-09 07:49:20+00:00,12.826123445487143
2020-01-09 11:06:36+00:00,13.56679636835279
2020-01-09 14:23:56+00:00,14.205233844510568
2020-01-09 17:41:23+00:00,12.928053711757077
2020-01-09 20:58:51+00:00,12.376592660410468
2020-01-10 00:16:07+00:00,12.401922636758984
2020-01-10 03:33:23+00:00,12.335698481727322
2020-01-10 07:06:46+00:00,12.49408712901503
2020-01-10 10:21:09+00:00,13.55123216601816
2020-01-10 13:38:07.799999952+00:00,14.200045777065691
2020-01-10 16:55:50+00:00,12.897535667963684
2020-01-10 20:13:22+00:00,12.294804303044176
2020-01-10 23:30:37+00:00,12.401922636758984
2020-01-11 02:47:53+00:00,12.259098191805906
2020-01-11 06:05:09+00:00,12.141603723201342
2020-01-11 09:22:24+00:00,13.173418783855954
2020-01-11 12:39:41+00:00,14.205233844510568
2020-01-11 15:56:55+00:00,13.408407721065078
2020-01-11 19:14:11+00:00,12.570687418936446
2020-01-11 22:31:34+00:00,12.437933928435188
2020-01-12 01:49:08+00:00,12.299992370489052
2020-01-12 05:07:56+00:00,12.172121766994737
2020-01-12 08:25:14+00:00,12.815747310597391
2020-01-12 11:42:32+00:00,13.137712672617685
2020-01-12 14:59:50+00:00,14.17441062027924
2020-01-12 18:25:04+00:00,12.733958953231095
2020-01-12 21:42:19+00:00,12.4785229266804
2020-01-13 01:02:14+00:00,12.386663614862288
2020-01-13 04:25:39+00:00,12.294804303044176
2020-01-13 08:11:44+00:00,13.15297169451438
2020-01-13 11:30:51+00:00,13.525902189669644
2020-01-13 14:48:41+00:00,13.55123216601816
2020-01-13 18:07:15+00:00,12.856641489280538
2020-01-13 21:25:48+00:00,12.524605172808425
2020-01-14 01:35:41+00:00,12.350957503624018
2020-01-14 04:52:55+00:00,12.263981078812847
2020-01-14 08:10:13+00:00,13.071183337148089
2020-01-14 11:27:27+00:00,13.454184786755173
2020-01-14 14:44:44+00:00,13.50545510032807
2020-01-14 18:54:04+00:00,12.545052262149996
2020-01-14 22:11:15+00:00,12.50415808346685
2020-01-15 01:28:35+00:00,12.366216525520716
2020-01-15 04:45:53+00:00,12.22827496757458
2020-01-15 08:03:11+00:00,13.004654001678492
2020-01-15 11:20:30+00:00,14.256198977645534
2020-01-15 14:39:50+00:00,14.246128023193714
2020-01-15 18:03:26+00:00,12.810559243152513
2020-01-15 21:25:16+00:00,12.27954528114748
2020-01-16 00:45:39+00:00,12.27954528114748
2020-01-16 07:15:50.299999952+00:00,12.907606622415503
2020-01-16 10:31:04+00:00,14.27145799954223
2020-01-16 13:48:19+00:00,14.240939955748836
2020-01-16 17:02:43+00:00,13.372701609826809
2020-01-16 20:20:22.099999905+00:00,12.733958953231095
2020-01-16 23:21:24+00:00,12.585946440833142
2020-01-17 02:21:11+00:00,12.524605172808425
2020-01-17 05:21:44+00:00,12.412298771648738
2020-01-17 08:21:31+00:00,13.63820859082933
2020-01-17 11:22:06+00:00,14.256198977645534
2020-01-17 14:22:38.900000095+00:00,13.444113832303351
2020-01-17 17:22:25+00:00,12.826123445487143
2020-01-17 20:22:58+00:00,12.739147020675974
2020-01-17 23:22:45+00:00,12.46845197222858
2020-01-18 02:23:18+00:00,12.401922636758984
2020-01-18 05:23:36.099999905+00:00,12.39703974975204
2020-01-18 08:26:33+00:00,13.66384374761578
2020-01-18 11:27:08+00:00,14.276646066987109
2020-01-18 14:30:01+00:00,13.444113832303351
2020-01-18 17:30:33+00:00,13.004654001678492
2020-01-18 20:46:12+00:00,12.764782177462424
2020-01-18 23:46:45+00:00,12.647287708857862
2020-01-19 02:46:32+00:00,12.555123216601816
2020-01-19 05:47:05+00:00,12.44281681544213
2020-01-19 08:58:02+00:00,13.500267032883194
2020-01-19 11:57:50+00:00,14.302281223773557
2020-01-19 14:58:24+00:00,13.459372854200048
2020-01-19 17:58:37.500000+00:00,12.846570534828718
2020-01-19 20:59:44+00:00,12.632028686961164
2020-01-20 00:02:33+00:00,12.483710994125277
2020-01-20 03:19:49+00:00,12.376592660410468
2020-01-20 06:37:04+00:00,12.259098191805906
2020-01-20 09:54:20+00:00,13.63820859082933
2020-01-20 13:11:33+00:00,14.220492866407264
2020-01-20 16:31:03+00:00,13.433737697413594
2020-01-20 19:48:49+00:00,12.662546730754558
2020-01-20 23:07:22+00:00,12.514534218356603
2020-01-21 02:25:26+00:00,12.458075837338829
2020-01-21 05:42:43+00:00,12.3408865491722
2020-01-21 09:55:03+00:00,13.622949568932633
2020-01-21 13:12:24+00:00,14.23575188830396
2020-01-21 16:28:06.599999905+00:00,13.408407721065078
2020-01-21 20:21:08+00:00,12.815747310597391
2020-01-21 23:39:14+00:00,12.473640039673455
2020-01-22 02:56:31+00:00,12.335698481727322
2020-01-22 06:13:47+00:00,12.330510414282443
2020-01-22 09:39:04+00:00,13.418478675516898
2020-01-22 14:34:28+00:00,13.459372854200048
2020-01-22 18:24:02+00:00,12.836194399938964
2020-01-22 21:45:30+00:00,12.626840619516289
2020-01-23 01:04:15+00:00,12.417486839093614
2020-01-23 04:22:22+00:00,12.27954528114748
2020-01-23 07:47:03+00:00,12.953688868543528
2020-01-23 11:04:42+00:00,14.230563820859084
2020-01-23 14:23:49+00:00,14.200045777065691
2020-01-23 17:41:39+00:00,12.647287708857862
2020-01-23 21:00:03+00:00,12.259098191805906
2020-01-24 00:17:14+00:00,12.27954528114748
2020-01-24 03:34:37+00:00,12.151674677653162
2020-01-24 08:39:26+00:00,12.989394979781796
2020-01-24 11:56:47+00:00,14.189974822613872
2020-01-24 16:02:13+00:00,13.403219653620202
2020-01-25 03:43:34+00:00,12.27954528114748
2020-01-25 07:00:49+00:00,12.417486839093614
2020-01-25 10:20:44+00:00,13.954985885404746
2020-01-25 13:44:35+00:00,14.215304798962388
2020-01-25 17:05:16+00:00,12.93842984664683
2020-01-25 20:23:02+00:00,12.473640039673455
2020-01-25 23:45:04+00:00,12.2896162355993
2020-01-26 03:50:18+00:00,12.100709544518196
2020-01-26 07:32:58+00:00,12.667734798199437
2020-01-26 10:50:45+00:00,13.735255970092318
2020-01-26 14:09:19+00:00,14.164339665827422
2020-01-26 17:19:59+00:00,13.040665293354696
2020-01-26 20:33:01+00:00,12.785229266803997
2020-01-26 23:49:22+00:00,12.662546730754558
2020-01-27 03:06:50+00:00,12.545052262149996
2020-01-27 06:24:08+00:00,12.50415808346685
2020-01-27 09:26:39+00:00,13.571679255359731
2020-01-27 12:27:14+00:00,14.22568093385214
2020-01-27 15:27:01+00:00,13.423666742961776
2020-01-27 19:36:11.799999952+00:00,12.846570534828718
2020-01-27 22:35:59+00:00,12.534981307698176
2020-01-28 01:39:08+00:00,12.463263904783703
2020-01-28 04:56:45+00:00,12.366216525520716
2020-01-28 08:13:19.400000095+00:00,13.015030136568246
2020-01-28 11:13:56+00:00,14.113069352254522
2020-01-28 14:13:44+00:00,14.23575188830396
2020-01-28 17:14:18+00:00,13.28572518501564
2020-01-28 20:36:14+00:00,12.381475547417413
2020-01-28 23:36:01+00:00,12.320439459830624
2020-01-29 02:36:34+00:00,12.146486610208283
2020-01-29 07:13:37.900000095+00:00,12.458075837338829
2020-01-29 10:15:39+00:00,13.444113832303351
2020-01-29 13:15:27+00:00,14.159151598382543
2020-01-29 16:18:23.900000095+00:00,13.29579613946746
2020-01-29 20:07:34.799999952+00:00,12.422369726100555
2020-01-29 23:27:26.599999905+00:00,12.350957503624018
2020-01-30 02:28:08+00:00,12.259098191805906
2020-01-30 05:27:55+00:00,12.146486610208283
2020-01-30 08:50:28+00:00,13.19874876020447
2020-01-30 11:51:03+00:00,14.143892576485849
2020-01-30 14:50:50+00:00,14.169527733272298
2020-01-30 19:09:31.299999952+00:00,12.871900511177234
2020-01-30 22:10:17+00:00,12.698252841992828
2020-01-31 01:10:49.700000048+00:00,12.596017395284962
2020-01-31 04:20:16+00:00,12.49408712901503
2020-01-31 07:37:30+00:00,13.158159761959258
2020-01-31 10:56:05+00:00,14.194857709620814
2020-01-31 14:14:40+00:00,13.408407721065078
2020-01-31 17:33:12+00:00,12.943617914091709
2020-01-31 20:33:24+00:00,12.713511863889524
2020-01-31 23:33:57+00:00,12.672617685206378
2020-02-01 02:33:44+00:00,12.524605172808425
2020-02-01 05:34:51.799999952+00:00,12.422369726100555
2020-02-01 09:25:50+00:00,14.251010910200655
2020-02-01 12:25:38+00:00,14.220492866407264
2020-02-01 15:27:09.900000095+00:00,13.423666742961776
2020-02-01 18:29:12+00:00,12.75440604257267
2020-02-01 21:29:29.700000048+00:00,12.259098191805906
2020-02-02 00:30:32+00:00,12.422369726100555
2020-02-02 07:25:11+00:00,12.90272373540856
2020-02-02 10:42:27+00:00,14.200045777065691
2020-02-02 14:00:22.700000048+00:00,13.41329060807202
2020-02-02 19:49:16+00:00,12.774853131914243
2020-02-03 04:13:54+00:00,12.40711070420386
2020-02-03 07:39:30+00:00,13.290913252460516
2020-02-03 13:18:02+00:00,13.408407721065078
2020-02-03 18:24:27+00:00,12.785229266803997
2020-02-03 21:41:43+00:00,12.545052262149996
2020-02-04 01:00:19+00:00,12.417486839093614
2020-02-04 04:18:52+00:00,12.356145571068897
2020-02-04 07:49:07+00:00,13.015030136568246
2020-02-04 10:49:49+00:00,14.220492866407264
2020-02-04 13:50:56+00:00,13.418478675516898
2020-02-04 16:51:10+00:00,13.158159761959258
2020-02-04 20:52:22+00:00,12.50415808346685
2020-02-05 00:00:02+00:00,12.70862897688258
2020-02-05 03:16:48.599999905+00:00,12.626840619516289
2020-02-05 06:57:57.799999952+00:00,12.846570534828718
2020-02-05 09:57:54+00:00,14.26138704509041
2020-02-05 12:58:29+00:00,12.514534218356603
2020-02-05 16:42:22.200000048+00:00,13.428854810406651
2020-02-05 21:11:45+00:00,12.636911573968108
2020-02-06 00:12:19+00:00,12.498970016021971
2020-02-06 03:12:05+00:00,12.381475547417413
2020-02-06 06:12:38+00:00,12.330510414282443
2020-02-06 09:12:24+00:00,13.622949568932633
2020-02-06 12:12:58.900000095+00:00,14.22568093385214
2020-02-06 15:13:33+00:00,13.438925764858476
2020-02-06 19:25:31+00:00,12.545052262149996
2020-02-06 22:42:43+00:00,12.381475547417413
2020-02-07 02:01:16+00:00,12.294804303044176
2020-02-07 06:42:29.500000+00:00,12.381475547417413
2020-02-07 09:43:39+00:00,13.735255970092318
2020-02-07 12:44:14+00:00,14.230563820859084
2020-02-07 17:40:16.099999905+00:00,12.907606622415503
2020-02-07 20:41:30+00:00,12.800488288700691
2020-02-07 23:41:39+00:00,12.69306477454795
2020-02-08 02:42:50+00:00,12.636911573968108
2020-02-08 05:42:37+00:00,12.555123216601816
2020-02-08 08:43:10+00:00,14.087739375906006
2020-02-08 11:43:45+00:00,14.251010910200655
2020-02-08 14:43:32+00:00,13.444113832303351
2020-02-08 17:44:03+00:00,12.856641489280538
2020-02-08 20:43:50+00:00,12.417486839093614
2020-02-08 23:49:15+00:00,12.09552147707332
2020-02-09 02:50:02+00:00,12.131227588311589
2020-02-09 05:55:21+00:00,12.0341802090486
2020-02-09 08:55:57+00:00,13.020218204013124
2020-02-09 11:56:31.900000095+00:00,13.832303349355309
2020-02-09 14:57:19+00:00,14.138704509040972
2020-02-09 17:57:06+00:00,12.795300221255816
2020-02-09 20:57:39+00:00,12.642099641412983
2020-02-10 00:06:19+00:00,12.498970016021971
2020-02-10 03:23:32+00:00,12.366216525520716
2020-02-10 06:40:46+00:00,12.39703974975204
2020-02-10 09:58:00+00:00,13.51552605477989
2020-02-10 13:15:15+00:00,14.205233844510568
2020-02-10 16:32:35+00:00,13.408407721065078
2020-02-10 20:33:51+00:00,12.667734798199437
2020-02-10 23:51:04+00:00,12.616464484626537
2020-02-11 03:08:19+00:00,12.550240329594873
2020-02-11 06:38:32+00:00,12.636911573968108
2020-02-11 10:14:47+00:00,14.27145799954223
2020-02-11 13:33:06+00:00,13.438925764858476
2020-02-11 16:49:24+00:00,13.096818493934538
2020-02-11 20:08:00+00:00,12.667734798199437
2020-02-11 23:26:02+00:00,12.448004882887007
2020-02-12 02:43:16+00:00,12.21820401312276
2020-02-12 06:00:32+00:00,12.090333409628442
2020-02-12 09:18:22+00:00,13.132524605172808
2020-02-12 12:35:51+00:00,14.230563820859084
2020-02-12 15:53:06+00:00,14.230563820859084
2020-02-12 19:35:05+00:00,12.703440909437704
2020-02-12 22:36:08+00:00,12.463263904783703
2020-02-13 01:53:18+00:00,12.248722056916153
2020-02-13 05:10:32+00:00,12.06988632028687
2020-02-13 08:27:45+00:00,12.979324025329976
2020-02-13 11:45:40+00:00,14.251010910200655
2020-02-13 15:03:28+00:00,14.240939955748836
2020-02-13 19:43:18+00:00,12.836194399938964
2020-02-13 22:44:04+00:00,12.733958953231095
2020-02-14 01:46:04+00:00,12.626840619516289
2020-02-14 05:03:17+00:00,12.509346150911728
2020-02-14 08:20:35+00:00,13.29579613946746
2020-02-14 11:37:57+00:00,14.26138704509041
2020-02-14 14:55:11+00:00,13.444113832303351
2020-02-14 18:12:25+00:00,12.90272373540856
2020-02-14 21:29:38+00:00,12.59113450827802
2020-02-15 00:46:53+00:00,12.448004882887007
2020-02-15 04:04:07+00:00,12.330510414282443
2020-02-15 07:21:20+00:00,13.076371404592964
2020-02-15 10:39:00+00:00,14.230563820859084
2020-02-15 13:56:13+00:00,13.418478675516898
2020-02-15 17:14:47+00:00,13.132524605172808
2020-02-15 20:32:33+00:00,12.534981307698176
2020-02-15 23:51:07+00:00,12.412298771648738
2020-02-16 03:08:20+00:00,12.335698481727322
2020-02-16 06:25:41+00:00,12.136415655756466
2020-02-16 09:42:55+00:00,14.194857709620814
2020-02-16 13:00:09+00:00,14.194857709620814
2020-02-16 16:17:19+00:00,13.408407721065078
2020-02-16 19:24:10+00:00,12.75440604257267
2020-02-16 22:25:08+00:00,12.606393530174715
2020-02-17 01:42:18+00:00,12.498970016021971
2020-02-17 04:59:34+00:00,12.350957503624018
2020-02-17 08:16:49+00:00,13.485008010986498
2020-02-17 11:34:04+00:00,14.164339665827422
2020-02-17 14:52:39+00:00,13.392843518730448
2020-02-17 18:10:25.500000+00:00,12.943617914091709
2020-02-17 21:10:59+00:00,12.65735866330968
2020-02-18 00:10:45+00:00,12.5297932402533
2020-02-18 03:11:19.099999905+00:00,12.448004882887007
2020-02-18 06:11:53+00:00,12.386663614862288
2020-02-18 09:11:39+00:00,13.714808880750743
2020-02-18 12:12:14+00:00,14.159151598382543
2020-02-18 15:12:59.900000095+00:00,13.382772564278628
2020-02-18 18:13:34+00:00,12.90272373540856
2020-02-18 21:14:07+00:00,12.677805752651254
2020-02-19 00:24:23+00:00,12.636911573968108
2020-02-19 03:41:36+00:00,12.473640039673455
2020-02-19 06:58:56+00:00,12.626840619516289
2020-02-19 10:16:11+00:00,14.169527733272298
2020-02-19 13:33:21+00:00,13.382772564278628
2020-02-19 16:52:04+00:00,13.392843518730448
2020-02-19 20:22:17+00:00,12.458075837338829
2020-02-19 23:40:51+00:00,12.4785229266804
2020-02-20 02:58:37+00:00,12.417486839093614
2020-02-20 06:56:19.400000095+00:00,12.606393530174715
2020-02-20 09:56:51.599999905+00:00,13.918974593728542
2020-02-20 12:57:51+00:00,14.138704509040972
2020-02-20 15:57:37.400000095+00:00,13.392843518730448
2020-02-20 19:24:09+00:00,12.575570305943389
2020-02-20 22:24:42+00:00,12.488899061570152
2020-02-21 01:24:29+00:00,12.422369726100555
2020-02-21 04:25:03+00:00,12.330510414282443
2020-02-21 07:39:05+00:00,12.866712443732355
2020-02-21 10:57:05+00:00,14.179598687724118
2020-02-21 14:16:27+00:00,13.367513542381932
2020-02-21 18:56:43+00:00,12.907606622415503
2020-02-21 22:13:59+00:00,12.361028458075838
2020-02-22 01:31:14+00:00,12.376592660410468
2020-02-22 04:48:30+00:00,12.2896162355993
2020-02-22 08:12:40+00:00,12.866712443732355
2020-02-22 11:30:40+00:00,14.133516441596097
2020-02-22 14:48:17+00:00,14.123445487144275
2020-02-22 18:06:06+00:00,12.774853131914243
2020-02-22 21:24:39+00:00,12.25391012436103
2020-02-23 00:43:14+00:00,12.371404592965591
2020-02-23 04:00:27+00:00,12.330510414282443
2020-02-23 07:12:40+00:00,12.621652552071412
2020-02-23 10:29:52+00:00,13.724879835202564
2020-02-23 13:47:09+00:00,14.1182574196994
2020-02-23 17:04:23+00:00,12.785229266803997
2020-02-23 20:21:38+00:00,12.463263904783703
2020-02-23 23:39:59+00:00,12.361028458075838
2020-02-24 02:57:13+00:00,12.248722056916153
2020-02-24 06:40:27.400000095+00:00,12.43274586099031
2020-02-24 09:56:39+00:00,13.56679636835279
2020-02-24 13:14:34+00:00,14.1182574196994
2020-02-24 16:32:21+00:00,13.418478675516898
2020-02-24 19:50:53+00:00,12.498970016021971
2020-02-24 23:09:27+00:00,12.5297932402533
2020-02-25 02:27:37+00:00,12.458075837338829
2020-02-25 05:44:54+00:00,12.448004882887007
2020-02-25 09:02:10+00:00,13.622949568932633
2020-02-25 12:21:29+00:00,14.159151598382543
2020-02-25 15:40:03+00:00,13.398031586175325
2020-02-25 19:06:49+00:00,12.616464484626537
2020-02-25 22:08:00+00:00,12.555123216601816
2020-02-26 01:08:33+00:00,12.427557793545434
2020-02-26 04:23:05+00:00,12.27954528114748
2020-02-26 07:34:26+00:00,13.122148470283054
2020-02-26 10:35:00+00:00,14.21011673151751
2020-02-26 13:34:48+00:00,14.189974822613872
2020-02-26 16:36:20.799999952+00:00,13.408407721065078
2020-02-26 19:36:43+00:00,12.626840619516289
2020-02-26 22:46:23+00:00,12.50415808346685
2020-02-27 02:04:00+00:00,12.463263904783703
2020-02-27 05:21:14+00:00,12.350957503624018
2020-02-27 08:38:27+00:00,13.26009002822919
2020-02-27 11:55:48+00:00,14.17441062027924
2020-02-27 15:13:03+00:00,13.382772564278628
2020-02-27 18:30:20+00:00,12.90272373540856
2020-02-27 21:50:36+00:00,12.534981307698176
2020-02-28 01:07:49+00:00,12.59113450827802
2020-02-28 04:25:04+00:00,12.458075837338829
2020-02-28 07:42:20+00:00,12.994583047226673
2020-02-28 10:59:36+00:00,14.169527733272298
2020-02-28 14:16:55+00:00,13.382772564278628
2020-02-28 17:34:39+00:00,13.025101091020066
2020-02-28 20:47:54+00:00,12.78004119935912
2020-02-29 00:05:07+00:00,12.723887998779276
2020-02-29 03:22:23+00:00,12.636911573968108
2020-02-29 07:13:04+00:00,13.147783627069504
2020-02-29 10:32:48+00:00,14.153963530937668
2020-02-29 13:51:22+00:00,13.372701609826809
2020-02-29 17:09:54+00:00,13.29579613946746
2020-02-29 20:49:13+00:00,12.5297932402533
2020-02-29 23:49:46+00:00,12.49408712901503
2020-03-01 02:49:33+00:00,12.417486839093614
2020-03-01 05:50:07+00:00,12.136415655756466
2020-03-01 08:50:57+00:00,13.58693827725643
2020-03-01 11:51:32+00:00,14.1182574196994
2020-03-01 15:04:45+00:00,13.357137407492178
2020-03-01 18:04:31+00:00,12.84138246738384
2020-03-01 21:05:04+00:00,12.401922636758984
2020-03-02 00:04:51+00:00,12.545052262149996
2020-03-02 03:18:39+00:00,12.463263904783703
2020-03-02 07:03:05+00:00,12.606393530174715
2020-03-02 10:20:52+00:00,13.970244907301442
2020-03-02 13:39:27+00:00,14.077363241016252
2020-03-02 16:58:00+00:00,13.34706645304036
2020-03-02 20:15:46+00:00,12.448004882887007
2020-03-02 23:34:08+00:00,12.545052262149996
2020-03-03 02:51:23+00:00,12.43274586099031
2020-03-03 06:08:17+00:00,12.39703974975204
2020-03-03 09:42:32+00:00,13.679102769512475
2020-03-03 12:59:47+00:00,14.087739375906006
2020-03-03 16:17:02+00:00,13.357137407492178
2020-03-03 20:15:16+00:00,12.50415808346685
2020-03-03 23:32:31+00:00,12.498970016021971
2020-03-04 02:49:46+00:00,12.391851682307164
2020-03-04 06:19:31.400000095+00:00,12.40711070420386
2020-03-04 09:38:55+00:00,13.679102769512475
2020-03-04 12:39:29+00:00,14.08255130846113
2020-03-04 15:39:17+00:00,13.392843518730448
2020-03-04 18:48:07.700000048+00:00,12.769665064469368
2020-03-04 21:47:56+00:00,12.269169146257726
2020-03-05 00:48:29+00:00,12.335698481727322
2020-03-05 04:02:40+00:00,12.24383916990921
2020-03-05 07:55:11.400000095+00:00,12.989394979781796
2020-03-05 10:55:54.400000095+00:00,14.07248035400931
2020-03-05 13:55:42+00:00,14.062104219119554
2020-03-05 16:56:37.599999905+00:00,12.749523155565727
2020-03-05 20:01:53+00:00,12.759594110017549
2020-03-05 23:19:08+00:00,12.545052262149996
2020-03-06 02:36:22+00:00,12.44281681544213
2020-03-06 05:56:27+00:00,12.422369726100555
2020-03-06 09:18:48+00:00,13.740444037537197
2020-03-06 12:18:36+00:00,14.08255130846113
2020-03-06 15:19:11+00:00,13.030289158464942
2020-03-06 18:18:57+00:00,12.98420691233692
2020-03-06 21:28:40+00:00,12.488899061570152
2020-03-07 00:45:53+00:00,12.4785229266804
2020-03-07 04:03:09+00:00,12.371404592965591
2020-03-07 07:39:56+00:00,13.127336537727931
2020-03-07 10:57:13+00:00,14.097810330357824
2020-03-07 14:33:32+00:00,13.34706645304036
2020-03-07 17:50:52+00:00,12.596017395284962
2020-03-07 21:09:16+00:00,12.65735866330968
2020-03-08 00:26:45+00:00,12.647287708857862
2020-03-08 03:44:04+00:00,12.59113450827802
2020-03-08 07:31:30.200000048+00:00,13.10170138094148
2020-03-08 10:32:15+00:00,14.102998397802702
2020-03-08 13:37:16+00:00,13.34706645304036
2020-03-08 16:54:30+00:00,12.75440604257267
2020-03-08 20:47:48+00:00,12.49408712901503
2020-03-09 00:05:03+00:00,12.49408712901503
2020-03-09 03:22:19+00:00,12.458075837338829
2020-03-09 06:39:29+00:00,12.514534218356603
2020-03-09 09:57:25+00:00,13.158159761959258
2020-03-09 13:15:59+00:00,14.052033264667736
2020-03-09 16:24:39+00:00,13.341878385595482
2020-03-09 20:20:04+00:00,12.60120546272984
2020-03-09 23:37:16+00:00,12.59113450827802
2020-03-10 02:54:32+00:00,12.49408712901503
2020-03-10 06:03:47+00:00,12.458075837338829
2020-03-10 09:04:36+00:00,13.474631876096744
2020-03-10 12:05:10+00:00,14.077363241016252
2020-03-10 15:04:58+00:00,13.34706645304036
2020-03-10 18:29:37.799999952+00:00,12.88715953307393
2020-03-10 21:31:10.700000048+00:00,12.616464484626537
2020-03-11 00:31:08+00:00,12.723887998779276
2020-03-11 03:31:41+00:00,12.672617685206378
2020-03-11 07:15:46.200000048+00:00,12.99977111467155
2020-03-11 10:16:35+00:00,14.133516441596097
2020-03-11 13:27:30.400000095+00:00,13.367513542381932
2020-03-11 19:02:35.900000095+00:00,12.87708857862211
2020-03-11 22:03:54+00:00,12.509346150911728
2020-03-12 01:03:41+00:00,12.60120546272984
2020-03-12 04:04:15+00:00,12.545052262149996
2020-03-12 07:24:35.099999905+00:00,13.071183337148089
2020-03-12 10:25:59.700000048+00:00,14.128633554589152
2020-03-12 13:26:52+00:00,13.352254520485236
2020-03-12 16:26:38+00:00,13.352254520485236
2020-03-12 19:38:47+00:00,12.882276646066988
2020-03-12 22:56:01+00:00,12.381475547417413
2020-03-13 02:13:15+00:00,12.53986419470512
2020-03-13 05:30:28+00:00,12.43274586099031
2020-03-13 08:47:38+00:00,13.525902189669644
2020-03-13 12:05:19+00:00,14.102998397802702
2020-03-13 15:22:30+00:00,13.352254520485236
2020-03-13 18:36:03+00:00,12.774853131914243
2020-03-13 21:35:49+00:00,12.749523155565727
2020-03-14 06:52:16.400000095+00:00,12.87708857862211
2020-03-14 10:08:56+00:00,14.149080643930724
2020-03-14 13:56:17.799999952+00:00,13.372701609826809
2020-03-14 19:05:04.299999952+00:00,12.585946440833142
2020-03-14 22:06:28+00:00,12.25391012436103
2020-03-15 01:07:02+00:00,12.43274586099031
2020-03-15 04:06:48+00:00,12.448004882887007
2020-03-15 07:18:04+00:00,12.93842984664683
2020-03-15 10:17:51+00:00,14.1182574196994
2020-03-15 13:19:17+00:00,13.1630426489662
2020-03-15 18:30:54.500000+00:00,12.923170824750134
2020-03-15 21:32:29.799999952+00:00,12.366216525520716
2020-03-16 00:33:54+00:00,12.366216525520716
2020-03-16 03:33:40+00:00,12.356145571068897
2020-03-16 07:12:43+00:00,12.80567635614557
2020-03-16 10:12:30+00:00,13.331807431143664
2020-03-16 13:13:04+00:00,13.408407721065078
2020-03-16 16:12:51+00:00,13.352254520485236
2020-03-16 19:13:24+00:00,12.580758373388266
2020-03-16 22:13:57.700000048+00:00,12.386663614862288
2020-03-17 01:27:44+00:00,12.401922636758984
2020-03-17 04:45:35+00:00,12.19256885633631
2020-03-17 08:04:08+00:00,13.04554818036164
2020-03-17 11:22:42+00:00,14.087739375906006
2020-03-17 14:40:30+00:00,13.398031586175325
2020-03-17 18:35:19.700000048+00:00,12.80567635614557
2020-03-17 21:36:08+00:00,12.274357213702602
2020-03-18 00:35:54.700000048+00:00,12.412298771648738
2020-03-18 03:36:28+00:00,12.391851682307164
2020-03-18 06:46:42+00:00,12.27954528114748
2020-03-18 10:05:16+00:00,13.387960631723503
2020-03-18 13:23:50+00:00,14.046845197222858
2020-03-18 16:42:24+00:00,13.091630426489662
2020-03-18 20:31:23+00:00,12.534981307698176
2020-03-19 02:20:56.200000048+00:00,12.703440909437704
2020-03-19 06:41:20.099999905+00:00,12.667734798199437
2020-03-19 09:41:56+00:00,14.149080643930724
2020-03-19 12:41:43+00:00,14.097810330357824
2020-03-19 15:42:16+00:00,13.357137407492178
2020-03-19 19:31:27.400000095+00:00,12.458075837338829
2020-03-20 02:36:42.900000095+00:00,12.70862897688258
2020-03-20 05:46:43+00:00,12.70862897688258
2020-03-20 09:34:45+00:00,14.215304798962388
2020-03-20 12:35:20+00:00,13.382772564278628
2020-03-20 15:40:54.200000048+00:00,13.367513542381932
2020-03-20 18:42:28+00:00,12.774853131914243
2020-03-20 21:43:02+00:00,12.386663614862288
2020-03-21 06:32:00.900000095+00:00,12.545052262149996
2020-03-21 09:34:01+00:00,13.653467612726024
2020-03-21 12:33:48+00:00,14.113069352254522
2020-03-21 15:34:22+00:00,13.352254520485236
2020-03-21 18:34:08+00:00,12.90272373540856
2020-03-21 21:34:41+00:00,12.182497901884489
2020-03-22 00:42:29+00:00,12.473640039673455
2020-03-22 03:59:49+00:00,12.391851682307164
2020-03-22 07:16:13+00:00,12.831006332494088
2020-03-22 10:16:11.099999905+00:00,14.10818646524758
2020-03-22 13:17:34+00:00,13.357137407492178
2020-03-22 16:17:20+00:00,13.352254520485236
2020-03-22 20:00:20+00:00,12.555123216601816
2020-03-22 23:00:53+00:00,12.59113450827802
2020-03-23 02:02:43+00:00,12.550240329594873
2020-03-23 06:11:13.299999952+00:00,12.545052262149996
2020-03-23 09:24:25+00:00,14.10818646524758
2020-03-23 12:24:59+00:00,13.362325474937055
2020-03-23 15:25:32+00:00,13.362325474937055
2020-03-23 18:25:18+00:00,12.677805752651254
2020-03-23 21:36:31+00:00,12.50415808346685
2020-03-24 00:55:04+00:00,12.386663614862288
2020-03-24 04:12:59+00:00,12.417486839093614
2020-03-24 07:32:18+00:00,12.85145342183566
2020-03-24 12:14:29+00:00,12.943617914091709
2020-03-24 15:14:34+00:00,13.25001907377737
2020-03-24 18:15:07+00:00,12.50415808346685
2020-03-24 21:15:22.299999952+00:00,12.115968566414892
2020-03-25 00:15:56+00:00,12.110780498970016
2020-03-25 03:16:29+00:00,12.0341802090486
2020-03-25 08:10:14+00:00,12.682993820096131
2020-03-25 11:10:48+00:00,14.087739375906006
2020-03-25 14:10:36+00:00,14.169527733272298
2020-03-25 17:11:24.700000048+00:00,13.050736247806515
2020-03-25 21:03:16+00:00,12.488899061570152
2020-03-26 00:03:50+00:00,12.371404592965591
2020-03-26 03:04:23+00:00,12.43274586099031
2020-03-26 06:34:24.700000048+00:00,12.861829556725414
2020-03-26 09:35:11+00:00,14.17441062027924
2020-03-26 12:34:59+00:00,14.138704509040972
2020-03-26 15:37:59+00:00,13.382772564278628
2020-03-26 19:13:09+00:00,12.74433508812085
2020-03-27 00:33:59+00:00,12.79011215381094
2020-03-27 05:23:21+00:00,12.632028686961164
2020-03-27 09:17:19+00:00,14.21011673151751
2020-03-27 13:02:39.599999905+00:00,13.403219653620202
2020-03-27 16:46:43+00:00,13.392843518730448
2020-03-27 20:34:48+00:00,12.50415808346685
2020-03-28 03:03:35.099999905+00:00,12.514534218356603
2020-03-28 07:11:42.099999905+00:00,13.132524605172808
2020-03-28 10:12:30+00:00,14.113069352254522
2020-03-28 13:39:17+00:00,13.367513542381932
2020-03-28 16:39:49+00:00,13.106889448386358
2020-03-28 19:40:22+00:00,12.65735866330968
2020-03-28 22:40:09+00:00,12.075074387731746
2020-03-29 01:40:42+00:00,12.182497901884489
2020-03-29 04:40:28+00:00,12.131227588311589
2020-03-29 07:41:29+00:00,12.933241779201952
2020-03-29 10:42:03+00:00,13.980315861753262
2020-03-29 13:41:51+00:00,14.056916151674676
2020-03-29 18:37:04+00:00,12.856641489280538
2020-03-29 21:37:08+00:00,12.248722056916153
2020-03-30 00:37:42+00:00,12.463263904783703
2020-03-30 03:37:28+00:00,12.381475547417413
2020-03-30 06:38:02+00:00,12.4785229266804
2020-03-30 09:38:36+00:00,13.485008010986498
2020-03-30 12:53:26.799999952+00:00,14.092927443350884
2020-03-30 16:13:50+00:00,13.362325474937055
2020-03-30 20:47:34+00:00,12.401922636758984
2020-03-31 00:03:08+00:00,12.381475547417413
2020-03-31 07:53:54+00:00,13.239642938887616
2020-03-31 10:53:41+00:00,14.092927443350884
2020-03-31 14:05:33.200000048+00:00,13.352254520485236
2020-03-31 20:04:01+00:00,12.56549935149157
2020-03-31 23:04:34+00:00,12.269169146257726
2020-04-01 07:31:57+00:00,13.065995269703212
2020-04-01 10:33:54+00:00,13.990691996643015
2020-04-01 13:34:29+00:00,14.062104219119554
2020-04-01 19:18:54.700000048+00:00,12.621652552071412
2020-04-01 23:16:14+00:00,12.739147020675974
2020-04-02 02:16:02.400000095+00:00,12.672617685206378
2020-04-02 05:36:26+00:00,12.626840619516289
2020-04-02 08:58:59+00:00,14.138704509040972
2020-04-02 11:59:56+00:00,13.357137407492178
2020-04-02 15:01:07+00:00,13.372701609826809
2020-04-02 18:00:54+00:00,12.892347600518807
2020-04-02 21:22:21+00:00,12.50415808346685
2020-04-03 00:24:32+00:00,12.46845197222858
2020-04-03 03:27:54+00:00,12.524605172808425
2020-04-03 08:34:37+00:00,14.046845197222858
2020-04-03 11:35:12+00:00,14.10818646524758
2020-04-03 18:42:28.700000048+00:00,12.953688868543528
2020-04-03 21:42:58+00:00,12.350957503624018
2020-04-04 00:43:32+00:00,12.294804303044176
2020-04-04 05:09:08+00:00,12.325322346837568
2020-04-04 08:58:33+00:00,13.300984206912336
2020-04-04 12:17:03+00:00,14.07248035400931
2020-04-04 15:34:51+00:00,13.331807431143664
2020-04-04 19:44:25+00:00,12.611581597619592
2020-04-04 22:44:59+00:00,12.647287708857862
2020-04-05 07:30:23.400000095+00:00,13.438925764858476
2020-04-05 10:31:31+00:00,14.138704509040972
2020-04-05 16:04:07+00:00,13.372701609826809
2020-04-05 19:49:11+00:00,12.43274586099031
2020-04-05 23:05:59.900000095+00:00,12.233463035019456
2020-04-06 02:05:49.500000+00:00,12.21820401312276
2020-04-06 07:13:34+00:00,12.907606622415503
2020-04-06 10:14:08+00:00,13.954985885404746
2020-04-06 13:13:55.400000095+00:00,14.052033264667736
2020-04-06 16:18:23.599999905+00:00,13.336690318150604
2020-04-06 19:19:18.299999952+00:00,12.831006332494088
2020-04-06 22:27:12.599999905+00:00,12.69306477454795
2020-04-07 06:21:49.700000048+00:00,12.626840619516289
2020-04-07 09:22:51+00:00,13.58693827725643
2020-04-07 12:23:26+00:00,14.123445487144275
2020-04-07 16:07:47.900000095+00:00,13.357137407492178
2020-04-07 19:38:35+00:00,12.534981307698176
2020-04-07 22:38:21.500000+00:00,12.509346150911728
2020-04-08 02:58:51.900000095+00:00,12.417486839093614
2020-04-08 06:37:58.500000+00:00,12.831006332494088
2020-04-08 09:38:48+00:00,13.510337987335014
2020-04-08 13:20:39+00:00,12.69306477454795
2020-04-08 16:20:28+00:00,12.391851682307164
2020-04-08 20:25:12+00:00,12.40711070420386
2020-04-08 23:24:58+00:00,12.269169146257726
2020-04-09 02:35:44+00:00,12.24383916990921
2020-04-09 05:53:55+00:00,12.166933699549858
2020-04-09 09:15:31+00:00,13.025101091020066
2020-04-09 12:33:18+00:00,14.164339665827422
2020-04-09 15:53:28.599999905+00:00,13.382772564278628
2020-04-09 19:15:24+00:00,12.580758373388266
2020-04-09 22:15:11+00:00,12.422369726100555
2020-04-10 01:23:11+00:00,12.488899061570152
2020-04-10 04:40:31+00:00,12.259098191805906
2020-04-11 08:53:51+00:00,12.90272373540856
2020-04-11 12:10:47+00:00,14.194857709620814
2020-04-11 15:48:50.500000+00:00,14.159151598382543
2020-04-11 19:03:06+00:00,12.785229266803997
2020-04-11 22:02:52+00:00,12.519417105363546
2020-04-12 01:03:26+00:00,12.575570305943389
2020-04-12 04:19:22+00:00,12.514534218356603
2020-04-12 07:54:51+00:00,13.193865873197527
2020-04-12 10:55:55+00:00,14.179598687724118
2020-04-12 14:23:18.500000+00:00,13.387960631723503
2020-04-12 19:25:30+00:00,12.575570305943389
2020-04-12 22:26:15+00:00,12.39703974975204
2020-04-13 01:26:02+00:00,12.350957503624018
2020-04-13 04:26:35+00:00,12.24383916990921
2020-04-13 07:56:39+00:00,13.255207141222249
2020-04-13 10:57:13+00:00,14.102998397802702
2020-04-13 13:57:00+00:00,14.07248035400931
2020-04-13 17:19:50+00:00,12.94850080109865
2020-04-13 20:30:33+00:00,12.652475776302738
2020-04-14 00:03:26.799999952+00:00,12.652475776302738
2020-04-14 07:10:26.099999905+00:00,13.106889448386358
2020-04-14 10:11:05+00:00,14.149080643930724
2020-04-14 13:46:37.900000095+00:00,13.372701609826809
2020-04-14 17:12:32+00:00,13.203936827649349
2020-04-14 20:28:12+00:00,12.310063324940872
2020-04-14 23:28:44+00:00,12.361028458075838
2020-04-15 02:28:31+00:00,12.304875257495995
2020-04-15 07:22:01+00:00,12.795300221255816
2020-04-15 10:22:35+00:00,14.04165712977798
2020-04-15 13:22:23+00:00,14.077363241016252
2020-04-15 18:28:49.700000048+00:00,12.815747310597391
2020-04-15 21:29:06+00:00,12.575570305943389
2020-04-16 00:45:34+00:00,12.4785229266804
2020-04-16 04:32:58+00:00,12.5297932402533
2020-04-16 08:48:10.799999952+00:00,13.239642938887616
2020-04-16 12:07:48+00:00,14.04165712977798
2020-04-16 15:26:23+00:00,13.352254520485236
2020-04-16 18:38:41+00:00,12.769665064469368
2020-04-16 21:38:28+00:00,12.366216525520716
2020-04-17 01:03:01.900000095+00:00,12.652475776302738
2020-04-17 07:11:41.700000048+00:00,12.928053711757077
2020-04-17 10:12:36.700000048+00:00,13.255207141222249
2020-04-17 13:12:42.299999952+00:00,14.10818646524758
2020-04-17 16:13:58+00:00,13.234760051880674
2020-04-17 19:13:44+00:00,12.498970016021971
2020-04-17 22:25:40+00:00,12.141603723201342
2020-04-18 04:57:27+00:00,12.39703974975204
2020-04-18 09:00:18+00:00,13.239642938887616
2020-04-18 12:00:06+00:00,14.10818646524758
2020-04-18 15:00:40+00:00,14.087739375906006
2020-04-18 18:01:14+00:00,12.963759822995346
2020-04-18 21:13:45+00:00,12.769665064469368
2020-04-19 00:14:18+00:00,12.59113450827802
2020-04-19 03:14:05+00:00,12.550240329594873
2020-04-19 06:32:10+00:00,12.238651102464331
2020-04-19 09:49:56+00:00,13.653467612726024
2020-04-19 13:08:31+00:00,14.113069352254522
2020-04-19 16:27:05+00:00,12.672617685206378
2020-04-19 19:44:38+00:00,12.672617685206378
2020-04-19 23:02:25+00:00,12.248722056916153
2020-04-20 02:20:58+00:00,12.259098191805906
2020-04-20 05:39:31+00:00,12.172121766994737
2020-04-20 08:41:18+00:00,12.943617914091709
2020-04-20 11:41:52+00:00,13.546349279011215
2020-04-20 14:41:39+00:00,14.149080643930724
2020-04-20 17:42:13.900000095+00:00,12.810559243152513
2020-04-20 21:02:52.900000095+00:00,12.514534218356603
2020-04-21 05:02:03.200000048+00:00,12.575570305943389
2020-04-21 08:18:27+00:00,13.25001907377737
2020-04-21 11:37:07+00:00,14.22568093385214
2020-04-21 14:55:13+00:00,13.408407721065078
2020-04-21 18:12:59+00:00,12.871900511177234
2020-04-21 21:31:32+00:00,12.366216525520716
2020-04-22 00:40:10.200000048+00:00,12.40711070420386
2020-04-22 07:36:25.900000095+00:00,12.943617914091709
2020-04-22 10:38:02.099999905+00:00,14.189974822613872
2020-04-22 13:39:04+00:00,14.138704509040972
2020-04-22 16:38:49.900000095+00:00,13.377584496833752
2020-04-22 19:58:43+00:00,12.545052262149996
2020-04-22 22:58:29.400000095+00:00,12.69306477454795
2020-04-23 02:01:23.500000+00:00,12.621652552071412
2020-04-23 06:35:07.299999952+00:00,12.764782177462424
2020-04-23 09:36:03+00:00,13.82711528191043
2020-04-23 12:36:38.400000095+00:00,14.164339665827422
2020-04-23 15:36:25+00:00,13.382772564278628
2020-04-23 18:36:57+00:00,12.856641489280538
2020-04-23 21:36:44+00:00,12.39703974975204
2020-04-24 00:37:17+00:00,12.473640039673455
2020-04-24 03:37:04+00:00,12.356145571068897
2020-04-24 06:52:28.599999905+00:00,12.87708857862211
2020-04-24 09:53:08+00:00,14.184786755168997
2020-04-24 12:52:56+00:00,14.133516441596097
2020-04-24 15:53:30+00:00,13.372701609826809
2020-04-24 19:41:15.400000095+00:00,12.810559243152513
2020-04-24 22:41:57+00:00,12.672617685206378
2020-04-25 03:52:20+00:00,12.800488288700691
2020-04-25 09:02:20+00:00,14.184786755168997
2020-04-25 12:13:25.200000048+00:00,13.398031586175325
2020-04-25 15:26:27.900000095+00:00,13.398031586175325
2020-04-25 20:14:22+00:00,12.60120546272984
2020-04-26 01:54:29.200000048+00:00,12.632028686961164
2020-04-26 06:41:30.099999905+00:00,12.632028686961164
2020-04-26 09:46:29+00:00,13.806668192568855
2020-04-26 12:47:03.500000+00:00,13.2143129625391
2020-04-26 15:46:50+00:00,13.459372854200048
2020-04-26 18:54:15+00:00,12.836194399938964
2020-04-26 22:13:39+00:00,12.749523155565727
2020-04-27 01:14:11+00:00,12.632028686961164
2020-04-27 04:13:58+00:00,12.488899061570152
2020-04-27 07:14:32+00:00,13.331807431143664
2020-04-27 10:15:06+00:00,14.240939955748836
2020-04-27 13:15:23.200000048+00:00,13.428854810406651
2020-04-27 16:16:54.599999905+00:00,13.428854810406651
2020-04-27 19:16:47+00:00,12.810559243152513
2020-04-27 22:17:20+00:00,12.131227588311589
2020-04-28 01:17:53+00:00,12.335698481727322
2020-04-28 04:32:57+00:00,12.284428168154422
2020-04-28 07:46:43+00:00,13.147783627069504
2020-04-28 11:04:18+00:00,14.143892576485849
2020-04-28 14:27:18+00:00,13.372701609826809
2020-04-28 17:48:17.099999905+00:00,13.382772564278628
2020-04-28 20:55:28+00:00,12.871900511177234
2020-04-28 23:56:01+00:00,12.80567635614557
2020-04-29 03:09:35+00:00,12.74433508812085
2020-04-29 06:59:54.299999952+00:00,13.352254520485236
2020-04-29 10:13:55+00:00,14.21011673151751
2020-04-29 14:38:48.299999952+00:00,13.403219653620202
2020-04-29 18:02:47+00:00,13.076371404592964
2020-04-29 21:25:30+00:00,12.366216525520716
2020-04-30 01:15:09.599999905+00:00,12.621652552071412
2020-04-30 09:43:38+00:00,13.546349279011215
2020-04-30 13:03:55+00:00,14.189974822613872
2020-04-30 16:22:59+00:00,13.408407721065078
2020-04-30 20:40:48+00:00,12.545052262149996
2020-04-30 23:41:22+00:00,12.509346150911728
2020-05-01 02:41:55+00:00,12.473640039673455
2020-05-01 06:06:18.099999905+00:00,12.7186999313344
2020-05-01 09:07:02+00:00,14.246128023193714
2020-05-01 12:06:50+00:00,14.200045777065691
2020-05-01 15:26:14+00:00,13.418478675516898
2020-05-01 18:44:46+00:00,12.831006332494088
2020-05-01 22:03:20+00:00,12.335698481727322
2020-05-02 01:19:08.099999905+00:00,12.356145571068897
2020-05-02 04:40:04+00:00,12.320439459830624
2020-05-02 07:48:43.099999905+00:00,13.183489738307774
2020-05-02 10:49:17+00:00,14.128633554589152
2020-05-02 13:49:52+00:00,13.362325474937055
2020-05-02 16:49:39+00:00,13.387960631723503
2020-05-02 19:50:12+00:00,12.514534218356603
2020-05-02 22:49:58.900000095+00:00,12.182497901884489
2020-05-03 01:51:30.599999905+00:00,12.269169146257726
2020-05-03 04:54:26+00:00,12.223392080567637
2020-05-03 08:10:32+00:00,12.509346150911728
2020-05-03 11:29:06+00:00,13.770962081330588
2020-05-03 14:47:41+00:00,14.133516441596097
2020-05-03 17:56:05.599999905+00:00,12.892347600518807
2020-05-03 21:08:38+00:00,12.60120546272984
2020-05-04 01:56:08+00:00,12.621652552071412
2020-05-04 05:14:42+00:00,12.509346150911728
2020-05-04 08:16:30+00:00,13.61257343404288
2020-05-04 11:18:04.299999952+00:00,14.159151598382543
2020-05-04 17:50:39.599999905+00:00,12.93842984664683
2020-05-05 00:09:16+00:00,12.91279468986038
2020-05-05 04:29:34+00:00,12.815747310597391
2020-05-05 08:22:33+00:00,13.449301899748228
2020-05-05 11:40:19+00:00,13.423666742961776
2020-05-05 14:58:51+00:00,13.418478675516898
2020-05-05 18:16:24.400000095+00:00,12.94850080109865
2020-05-05 21:26:12+00:00,12.596017395284962
2020-05-06 00:26:45+00:00,12.580758373388266
2020-05-06 03:40:46+00:00,12.534981307698176
2020-05-06 07:22:10+00:00,13.117265583276112
2020-05-06 10:39:57+00:00,14.153963530937668
2020-05-06 13:58:31+00:00,13.377584496833752
2020-05-06 19:33:00+00:00,12.774853131914243
2020-05-06 22:50:46+00:00,12.815747310597391
2020-05-07 07:04:54+00:00,13.485008010986498
2020-05-07 10:05:29+00:00,14.200045777065691
2020-05-07 14:16:21.799999952+00:00,13.398031586175325
2020-05-07 18:55:30.200000048+00:00,12.87708857862211
2020-05-07 22:08:10+00:00,12.371404592965591
2020-05-08 01:21:23+00:00,12.284428168154422
2020-05-08 04:38:36+00:00,12.21820401312276
2020-05-08 07:58:50+00:00,13.030289158464942
2020-05-08 11:22:04+00:00,14.092927443350884
2020-05-08 14:33:03+00:00,13.29579613946746
2020-05-08 17:33:37+00:00,12.94850080109865
2020-05-08 20:34:09+00:00,12.7186999313344
2020-05-08 23:33:56+00:00,12.453192950331884
2020-05-09 02:34:29+00:00,12.350957503624018
2020-05-09 05:34:26+00:00,12.304875257495995
2020-05-09 08:50:12+00:00,12.90272373540856
2020-05-09 11:50:45.900000095+00:00,13.444113832303351
2020-05-09 14:50:33+00:00,14.179598687724118
2020-05-09 18:38:41.299999952+00:00,12.90272373540856
2020-05-09 21:38:39+00:00,12.187380788891431
2020-05-10 06:50:57+00:00,13.03547722590982
2020-05-10 09:50:44+00:00,14.169527733272298
2020-05-10 12:51:19+00:00,14.138704509040972
2020-05-10 17:06:41.900000095+00:00,12.923170824750134
2020-05-10 20:06:41+00:00,12.534981307698176
2020-05-10 23:07:14+00:00,12.56549935149157
2020-05-11 02:16:33+00:00,12.46845197222858
2020-05-11 05:53:07+00:00,12.458075837338829
2020-05-11 08:54:19+00:00,13.341878385595482
2020-05-11 11:54:06+00:00,14.22568093385214
2020-05-11 15:00:32.700000048+00:00,13.428854810406651
2020-05-11 19:23:02+00:00,12.729076066224154
2020-05-11 22:23:35+00:00,12.575570305943389
2020-05-12 01:36:25+00:00,12.519417105363546
2020-05-12 04:53:39+00:00,12.473640039673455
2020-05-12 08:23:08+00:00,13.321431296253907
2020-05-12 11:23:29+00:00,14.200045777065691
2020-05-12 14:24:30+00:00,13.408407721065078
2020-05-12 17:25:03.900000095+00:00,13.091630426489662
2020-05-12 20:24:53+00:00,12.795300221255816
2020-05-12 23:25:26+00:00,12.800488288700691
2020-05-13 02:25:12+00:00,12.749523155565727
2020-05-13 05:25:45+00:00,12.698252841992828
2020-05-13 08:57:36+00:00,14.215304798962388
2020-05-13 12:04:16.400000095+00:00,13.41329060807202
2020-05-13 15:05:24+00:00,13.403219653620202
2020-05-13 19:16:38.599999905+00:00,12.759594110017549
2020-05-13 22:17:37+00:00,12.764782177462424
2020-05-14 01:17:23+00:00,12.7186999313344
2020-05-14 04:17:56.400000095+00:00,12.626840619516289
2020-05-14 07:50:19.200000048+00:00,14.220492866407264
2020-05-14 10:59:18.200000048+00:00,13.408407721065078
2020-05-14 16:13:40.500000+00:00,13.377584496833752
2020-05-14 19:14:44+00:00,12.75440604257267
2020-05-14 22:15:17+00:00,12.78004119935912
2020-05-15 01:23:16+00:00,12.636911573968108
2020-05-15 04:40:33+00:00,12.606393530174715
2020-05-15 07:50:25.400000095+00:00,13.76577401388571
2020-05-15 10:50:59.599999905+00:00,14.164339665827422
2020-05-15 14:43:38.400000095+00:00,13.398031586175325
2020-05-15 18:17:50+00:00,12.831006332494088
2020-05-15 21:18:23+00:00,12.514534218356603
2020-05-16 00:18:56+00:00,12.401922636758984
2020-05-16 03:18:43+00:00,12.46845197222858
2020-05-16 06:33:29+00:00,12.861829556725414
2020-05-16 09:33:14.900000095+00:00,14.169527733272298
2020-05-16 12:33:50+00:00,14.149080643930724
2020-05-16 18:38:17.299999952+00:00,13.025101091020066
2020-05-16 21:44:26+00:00,12.585946440833142
2020-05-17 04:32:58+00:00,12.524605172808425
2020-05-17 07:50:27+00:00,13.091630426489662
2020-05-17 11:08:26+00:00,12.514534218356603
2020-05-17 14:08:13+00:00,13.326619363698786
2020-05-17 17:08:47+00:00,13.117265583276112
2020-05-17 20:49:17.599999905+00:00,12.3408865491722
2020-05-17 23:49:48+00:00,12.284428168154422
2020-05-18 02:50:21+00:00,12.202944991226063
2020-05-18 05:50:07+00:00,12.202944991226063
2020-05-18 08:50:40+00:00,13.392843518730448
2020-05-18 11:50:28+00:00,14.22568093385214
2020-05-18 14:51:03+00:00,14.205233844510568
2020-05-18 18:32:02.599999905+00:00,12.989394979781796
2020-05-18 21:32:05+00:00,12.519417105363546
2020-05-19 00:32:39+00:00,12.626840619516289
2020-05-19 03:32:25+00:00,12.555123216601816
2020-05-19 07:07:46+00:00,13.076371404592964
2020-05-19 10:08:43+00:00,14.205233844510568
2020-05-19 13:08:31+00:00,13.408407721065078
2020-05-19 18:36:53.400000095+00:00,13.015030136568246
2020-05-19 21:37:04+00:00,12.698252841992828
2020-05-20 00:43:11+00:00,12.647287708857862
2020-05-20 04:00:06+00:00,12.596017395284962
2020-05-20 07:20:21+00:00,13.300984206912336
2020-05-20 10:38:52+00:00,14.240939955748836
2020-05-20 13:55:47+00:00,13.433737697413594
2020-05-20 17:13:00+00:00,13.392843518730448
2020-05-20 20:26:15.700000048+00:00,12.795300221255816
2020-05-21 04:14:47+00:00,12.795300221255816
2020-05-21 08:02:30+00:00,14.27145799954223
2020-05-21 12:32:39+00:00,13.444113832303351
2020-05-21 20:55:30+00:00,12.846570534828718
2020-05-22 07:36:32.400000095+00:00,14.246128023193714
2020-05-22 13:17:36+00:00,13.41329060807202
2020-05-22 18:50:18.200000048+00:00,12.820935378042268
2020-05-22 22:07:20+00:00,12.698252841992828
2020-05-23 01:24:38+00:00,12.642099641412983
2020-05-23 04:41:54+00:00,12.662546730754558
2020-05-23 08:54:02+00:00,13.454184786755173
2020-05-23 12:11:49+00:00,13.444113832303351
2020-05-23 15:30:21+00:00,13.438925764858476
2020-05-23 19:53:32+00:00,12.836194399938964
2020-05-23 22:53:19+00:00,12.79011215381094
2020-05-24 02:46:55+00:00,12.703440909437704
2020-05-24 06:41:21+00:00,13.423666742961776
2020-05-24 10:02:16.099999905+00:00,13.418478675516898
2020-05-24 15:19:03+00:00,13.408407721065078
2020-05-24 21:07:26+00:00,12.575570305943389
2020-05-25 02:52:17.299999952+00:00,12.632028686961164
2020-05-25 06:26:18+00:00,12.774853131914243
2020-05-25 09:38:45.599999905+00:00,14.27145799954223
2020-05-25 13:27:48.599999905+00:00,13.438925764858476
2020-05-25 19:35:54+00:00,12.820935378042268
2020-05-25 22:54:27+00:00,12.509346150911728
2020-05-26 02:12:14+00:00,12.509346150911728
2020-05-26 05:30:48+00:00,12.458075837338829
2020-05-26 08:49:21+00:00,13.821927214465552
2020-05-26 12:13:12+00:00,13.408407721065078
2020-05-26 19:20:18.599999905+00:00,12.826123445487143
2020-05-26 22:21:15+00:00,12.769665064469368
2020-05-27 01:38:17+00:00,12.672617685206378
2020-05-27 04:55:32+00:00,12.59113450827802
2020-05-27 08:37:59+00:00,13.26009002822919
2020-05-27 11:42:12.700000048+00:00,13.438925764858476
2020-05-27 14:42:49+00:00,14.28702220187686
2020-05-27 18:57:11+00:00,12.74433508812085
2020-05-27 21:56:58+00:00,12.831006332494088
2020-05-28 00:57:30+00:00,12.65735866330968
2020-05-28 03:57:18+00:00,12.611581597619592
2020-05-28 07:11:02+00:00,12.698252841992828
2020-05-28 10:29:15+00:00,14.312352178225376
2020-05-28 13:46:14+00:00,13.454184786755173
2020-05-28 19:37:31+00:00,12.826123445487143
2020-05-28 22:39:12+00:00,12.642099641412983
2020-05-29 07:28:51+00:00,13.147783627069504
2020-05-29 10:28:38+00:00,14.230563820859084
2020-05-29 18:45:34.299999952+00:00,12.917982757305255
2020-05-29 21:45:42+00:00,12.75440604257267
2020-05-30 00:46:14+00:00,12.800488288700691
2020-05-30 03:46:01+00:00,12.636911573968108
2020-05-30 06:48:36.400000095+00:00,13.25001907377737
2020-05-30 09:49:12+00:00,14.240939955748836
2020-05-30 13:04:22.700000048+00:00,13.428854810406651
2020-05-30 19:43:20+00:00,12.514534218356603
2020-05-30 22:43:05.900000095+00:00,12.580758373388266
2020-05-31 07:28:53.099999905+00:00,12.759594110017549
2020-05-31 10:29:44.099999905+00:00,14.08255130846113
2020-05-31 14:29:46.900000095+00:00,13.444113832303351
2020-05-31 20:34:38+00:00,12.774853131914243
2020-06-01 03:27:13+00:00,12.75440604257267
2020-06-01 07:08:58.599999905+00:00,13.699549858854049
2020-06-01 10:15:19.900000095+00:00,13.444113832303351
2020-06-01 13:46:07.200000048+00:00,13.428854810406651
2020-06-01 18:02:37+00:00,12.953688868543528
2020-06-01 21:04:01+00:00,12.4785229266804
2020-06-02 05:08:57.299999952+00:00,12.616464484626537
2020-06-02 08:48:00+00:00,14.276646066987109
2020-06-02 12:02:01.900000095+00:00,13.438925764858476
2020-06-02 19:21:39.900000095+00:00,12.861829556725414
2020-06-02 22:23:45+00:00,12.570687418936446
2020-06-03 01:23:31+00:00,12.473640039673455
2020-06-03 04:24:05+00:00,12.473640039673455
2020-06-03 07:48:52.799999952+00:00,13.464560921644924
2020-06-03 10:55:21+00:00,14.22568093385214
2020-06-03 14:25:25+00:00,13.41329060807202
2020-06-03 17:43:49+00:00,12.933241779201952
2020-06-03 21:01:05+00:00,12.820935378042268
2020-06-04 00:16:41.599999905+00:00,12.785229266803997
2020-06-04 04:27:16.700000048+00:00,12.74433508812085
2020-06-04 07:54:33.400000095+00:00,14.256198977645534
2020-06-04 11:43:44.400000095+00:00,13.41329060807202
2020-06-04 16:41:13+00:00,13.408407721065078
2020-06-04 19:40:59+00:00,12.580758373388266
2020-06-04 23:15:41.200000048+00:00,12.713511863889524
2020-06-05 07:29:36+00:00,13.556420233463037
2020-06-05 10:30:28+00:00,14.215304798962388
2020-06-05 15:04:43.900000095+00:00,13.408407721065078
2020-06-05 19:23:34+00:00,12.774853131914243
2020-06-05 22:24:07+00:00,12.632028686961164
2020-06-06 01:23:53.700000048+00:00,12.60120546272984
2020-06-06 04:24:27+00:00,12.5297932402533
2020-06-06 07:48:57+00:00,13.54116121156634
2020-06-06 10:49:31+00:00,14.256198977645534
2020-06-06 13:50:06.700000048+00:00,13.438925764858476
2020-06-06 16:51:02.400000095+00:00,13.444113832303351
2020-06-06 20:29:07+00:00,12.524605172808425
2020-06-07 07:40:23+00:00,12.672617685206378
2020-06-07 11:33:07+00:00,13.403219653620202
2020-06-07 14:32:07+00:00,14.363622491798276
2020-06-07 19:56:10+00:00,12.785229266803997
2020-06-07 23:13:10+00:00,12.749523155565727
2020-06-08 02:30:11+00:00,12.682993820096131
2020-06-08 05:46:25+00:00,12.611581597619592
2020-06-08 09:03:22+00:00,14.353246356908524
2020-06-08 13:01:09+00:00,13.459372854200048
2020-06-08 20:01:27+00:00,12.749523155565727
2020-06-08 23:00:28+00:00,12.749523155565727
2020-06-09 01:59:28+00:00,12.60120546272984
2020-06-09 04:58:29+00:00,12.545052262149996
2020-06-09 08:06:23+00:00,13.321431296253907
2020-06-09 12:28:26+00:00,12.846570534828718
2020-06-09 17:33:31+00:00,12.534981307698176
2020-06-09 20:32:31+00:00,12.448004882887007
2020-06-09 23:46:19+00:00,12.391851682307164
2020-06-10 03:03:20+00:00,12.335698481727322
2020-06-10 07:00:56+00:00,13.367513542381932
2020-06-10 09:59:56+00:00,14.414587624933242
2020-06-10 12:58:57+00:00,14.41977569237812
2020-06-10 16:17:22+00:00,13.48989089799344
2020-06-10 19:16:53+00:00,12.729076066224154
2020-06-10 22:20:02+00:00,12.636911573968108
2020-06-11 01:37:19+00:00,12.60120546272984
2020-06-11 04:54:50+00:00,12.524605172808425
2020-06-11 08:31:55+00:00,14.327611200122073
2020-06-11 11:31:26+00:00,14.378881513694973
2020-06-11 14:30:26+00:00,14.373693446250096
2020-06-11 17:29:27+00:00,13.56679636835279
2020-06-11 20:54:57+00:00,12.636911573968108
2020-06-12 00:11:58+00:00,12.632028686961164
2020-06-12 03:29:14+00:00,12.550240329594873
2020-06-12 08:01:19+00:00,13.219195849546043
2020-06-12 11:00:20+00:00,14.404211490043489
2020-06-12 14:04:32+00:00,13.48989089799344
2020-06-12 20:22:12+00:00,12.769665064469368
2020-06-12 23:21:13+00:00,12.69306477454795
2020-06-13 02:20:13+00:00,12.60120546272984
2020-06-13 05:19:27+00:00,12.534981307698176
2020-06-13 08:38:32+00:00,14.394140535591667
2020-06-13 12:16:06+00:00,13.485008010986498
2020-06-13 18:19:29+00:00,12.93842984664683
2020-06-13 21:41:33+00:00,12.39703974975204
2020-06-14 00:40:34+00:00,12.361028458075838
2020-06-14 03:39:34+00:00,12.330510414282443
2020-06-14 06:59:30+00:00,12.93842984664683
2020-06-14 10:31:55+00:00,13.704432745860991
2020-06-14 13:30:55+00:00,14.291905088883803
2020-06-14 16:29:56+00:00,14.291905088883803
2020-06-14 20:20:46+00:00,12.749523155565727
2020-06-14 23:19:47+00:00,12.647287708857862
2020-06-15 02:19:33+00:00,12.545052262149996
2020-06-15 05:38:41+00:00,12.555123216601816
2020-06-15 09:22:05+00:00,14.302281223773557
2020-06-15 12:55:04+00:00,13.428854810406651
2020-06-15 18:59:19+00:00,12.74433508812085
2020-06-15 21:58:19+00:00,12.647287708857862
2020-06-16 00:58:07+00:00,12.585946440833142
2020-06-16 03:57:20+00:00,12.40711070420386
2020-06-16 07:48:36+00:00,13.495078965438315
2020-06-16 11:05:36+00:00,14.276646066987109
2020-06-16 14:22:37+00:00,14.23575188830396
2020-06-16 17:39:38+00:00,13.760891126878768
2020-06-16 21:29:48+00:00,12.580758373388266
2020-06-17 00:28:49+00:00,12.483710994125277
2020-06-17 03:27:49+00:00,12.401922636758984
2020-06-17 06:51:36+00:00,13.122148470283054
2020-06-17 09:50:36+00:00,14.184786755168997
2020-06-17 12:49:37+00:00,14.21011673151751
2020-06-17 19:21:32+00:00,12.514534218356603
2020-06-17 22:20:33+00:00,12.53986419470512
2020-06-18 01:34:33+00:00,12.534981307698176
2020-06-18 04:52:05+00:00,12.39703974975204
2020-06-18 09:05:20+00:00,13.735255970092318
2020-06-21 00:11:36+00:00,12.40711070420386
2020-06-21 03:28:52+00:00,12.294804303044176
2020-06-21 07:06:09+00:00,13.091630426489662
2020-06-21 10:23:09+00:00,14.281834134431984
2020-06-21 13:40:10+00:00,14.28702220187686
2020-06-21 20:25:40+00:00,12.49408712901503
2020-06-21 23:24:40+00:00,12.524605172808425
2020-06-22 02:27:09+00:00,12.453192950331884
2020-06-22 05:44:25+00:00,12.44281681544213
2020-06-22 09:13:40+00:00,13.561608300907912
2020-06-22 12:30:41+00:00,14.276646066987109
2020-06-22 17:22:41+00:00,13.433737697413594
2020-06-22 21:23:04+00:00,12.606393530174715
2020-06-23 00:22:42+00:00,12.545052262149996
2020-06-23 03:22:05+00:00,12.4785229266804
2020-06-23 07:30:17+00:00,13.147783627069504
2020-06-23 10:29:19+00:00,14.26138704509041
2020-06-23 13:28:19+00:00,14.28702220187686
2020-06-23 16:28:58+00:00,13.418478675516898
2020-06-23 19:51:53+00:00,12.524605172808425
2020-06-23 22:50:54+00:00,12.46845197222858
2020-06-24 01:49:54+00:00,12.422369726100555
2020-06-24 04:48:55+00:00,12.366216525520716
2020-06-24 08:12:46+00:00,12.953688868543528
2020-06-24 11:30:25+00:00,14.28702220187686
2020-06-24 14:29:25+00:00,14.291905088883803
2020-06-24 17:28:26+00:00,13.918974593728542
2020-06-24 21:31:27+00:00,12.39703974975204
2020-06-25 00:30:28+00:00,12.498970016021971
2020-06-25 03:29:28+00:00,12.422369726100555
2020-06-25 07:48:07+00:00,13.535973144121463
2020-06-25 10:47:07+00:00,14.281834134431984
2020-06-25 15:54:08+00:00,13.423666742961776
2020-06-25 19:21:53+00:00,12.749523155565727
2020-06-25 22:20:54+00:00,12.759594110017549
2020-06-26 01:19:55+00:00,12.698252841992828
2020-06-26 04:18:55+00:00,12.632028686961164
2020-06-26 07:50:56+00:00,12.672617685206378
2020-06-26 11:14:50+00:00,14.348058289463646
2020-06-26 14:13:51+00:00,14.353246356908524
2020-06-26 18:15:57+00:00,12.84138246738384
2020-06-26 21:33:27+00:00,12.335698481727322
2020-06-27 00:48:48+00:00,12.320439459830624
2020-06-27 04:06:04+00:00,12.2896162355993
2020-06-27 07:45:33+00:00,13.219195849546043
2020-06-27 11:02:07+00:00,14.28702220187686
2020-06-27 14:44:56+00:00,13.398031586175325
2020-06-27 20:44:30+00:00,12.43274586099031
2020-06-28 00:02:36+00:00,12.453192950331884
2020-06-28 03:18:05+00:00,12.320439459830624
2020-06-28 06:54:37+00:00,12.826123445487143
2020-06-28 10:36:54+00:00,12.968947890440225
2020-06-28 13:54:15+00:00,13.444113832303351
2020-06-28 17:09:37+00:00,13.31136034180209
2020-06-28 20:29:37+00:00,12.555123216601816
2020-06-28 23:30:45+00:00,12.3408865491722
2020-06-29 02:48:31+00:00,12.21820401312276
2020-06-29 06:43:40+00:00,12.682993820096131
2020-06-29 09:42:40+00:00,14.363622491798276
2020-06-29 12:41:41+00:00,14.353246356908524
2020-06-29 15:41:33+00:00,14.3584344243534
2020-06-29 19:43:32+00:00,12.831006332494088
2020-06-29 22:42:32+00:00,12.606393530174715
2020-06-30 01:41:35+00:00,12.524605172808425
2020-06-30 04:41:33+00:00,12.483710994125277
2020-06-30 08:20:15+00:00,13.229571984435797
2020-06-30 11:19:15+00:00,14.348058289463646
2020-06-30 14:18:16+00:00,14.348058289463646
2020-06-30 17:17:16+00:00,13.949797817959867
2020-06-30 20:33:17+00:00,12.739147020675974
2020-06-30 23:32:17+00:00,12.636911573968108
2020-07-01 02:31:39+00:00,12.550240329594873
2020-07-01 05:31:18+00:00,12.453192950331884
2020-07-01 08:50:14+00:00,14.138704509040972
2020-07-01 11:49:14+00:00,14.363622491798276
2020-07-01 19:54:45+00:00,12.550240329594873
2020-07-01 22:53:46+00:00,12.575570305943389
2020-07-02 01:52:46+00:00,12.483710994125277
2020-07-02 04:51:46+00:00,12.463263904783703
2020-07-02 08:20:16+00:00,14.046845197222858
2020-07-02 11:19:16+00:00,14.302281223773557
2020-07-02 14:24:22+00:00,13.418478675516898
2020-07-02 17:23:22+00:00,13.433737697413594
2020-07-02 20:51:45+00:00,12.550240329594873
2020-07-02 23:51:38+00:00,12.545052262149996
2020-07-03 02:50:39+00:00,12.4785229266804
2020-07-03 06:15:56+00:00,13.076371404592964
2020-07-03 09:14:57+00:00,13.87838559548333
2020-07-03 12:13:58+00:00,13.444113832303351
2020-07-03 15:13:02+00:00,13.428854810406651
2020-07-03 20:40:18+00:00,12.422369726100555
2020-07-03 23:42:33+00:00,12.361028458075838
2020-07-04 02:59:34+00:00,12.21820401312276
2020-07-04 06:42:07+00:00,12.733958953231095
2020-07-04 09:51:04+00:00,12.733958953231095
2020-07-04 12:50:04+00:00,13.556420233463037
2020-07-04 15:49:57+00:00,13.474631876096744
2020-07-04 20:22:28+00:00,12.698252841992828
2020-07-04 23:36:04+00:00,12.59113450827802
2020-07-05 02:52:25+00:00,12.453192950331884
2020-07-05 06:40:16+00:00,12.871900511177234
2020-07-05 09:56:11+00:00,14.388952468146792
2020-07-05 13:12:44+00:00,14.388952468146792
2020-07-05 16:28:04+00:00,14.133516441596097
2020-07-05 20:57:27+00:00,12.749523155565727
2020-07-06 00:13:40+00:00,12.575570305943389
2020-07-06 03:29:56+00:00,12.483710994125277
2020-07-06 07:17:03+00:00,13.382772564278628
2020-07-06 10:32:26+00:00,14.353246356908524
2020-07-06 13:47:50+00:00,14.348058289463646
2020-07-06 17:04:37+00:00,14.33279926756695
2020-07-06 21:07:49+00:00,12.5297932402533
2020-07-07 00:07:43+00:00,12.555123216601816
2020-07-07 03:06:43+00:00,12.463263904783703
2020-07-07 06:06:30+00:00,12.498970016021971
2020-07-07 09:05:30+00:00,13.939421683070115
2020-07-07 12:17:30+00:00,14.27145799954223
2020-07-07 15:33:46+00:00,14.27145799954223
2020-07-07 19:51:15+00:00,12.43274586099031
2020-07-08 01:16:06+00:00,12.534981307698176
2020-07-08 04:25:47+00:00,12.437933928435188
2020-07-08 07:50:30+00:00,13.106889448386358
2020-07-08 10:49:33+00:00,14.266575112535287
2020-07-08 13:48:34+00:00,14.26138704509041
2020-07-08 16:47:34+00:00,14.26138704509041
2020-07-08 20:42:38+00:00,12.453192950331884
2020-07-08 23:41:38+00:00,12.427557793545434
2020-07-09 02:51:20+00:00,12.3408865491722
2020-07-09 07:29:40+00:00,13.086442359044783
2020-07-09 10:48:42+00:00,13.582055390249486
2020-07-09 14:08:59+00:00,14.27145799954223
2020-07-09 20:10:45+00:00,12.473640039673455
2020-07-09 23:13:15+00:00,12.458075837338829
2020-07-10 02:29:33+00:00,12.427557793545434
2020-07-10 06:17:57+00:00,12.611581597619592
2020-07-10 09:33:52+00:00,13.367513542381932
2020-07-11 23:48:59+00:00,12.115968566414892
2020-07-12 04:18:07+00:00,12.187380788891431
2020-07-12 08:02:25+00:00,12.795300221255816
2020-07-12 11:01:26+00:00,13.597314412146185
2020-07-12 14:00:26+00:00,14.240939955748836
2020-07-12 17:04:41+00:00,13.408407721065078
2020-07-12 20:09:19+00:00,12.463263904783703
2020-07-12 23:08:19+00:00,12.386663614862288
2020-07-13 02:07:20+00:00,12.248722056916153
2020-07-13 05:06:20+00:00,12.177309834439612
2020-07-13 08:30:12+00:00,13.31136034180209
2020-07-13 11:29:34+00:00,13.918974593728542
2020-07-13 14:28:34+00:00,14.302281223773557
2020-07-13 19:20:41+00:00,12.795300221255816
2020-07-13 22:20:14+00:00,12.172121766994737
2020-07-14 01:29:34+00:00,12.335698481727322
2020-07-14 04:46:46+00:00,12.182497901884489
2020-07-14 09:09:42+00:00,13.061112382696267
2020-07-14 12:08:43+00:00,13.811856260013734
2020-07-14 15:07:43+00:00,13.464560921644924
2020-07-14 18:17:12+00:00,12.534981307698176
2020-07-14 21:16:13+00:00,12.05981536583505
2020-07-15 00:24:13+00:00,12.24383916990921
2020-07-15 03:23:14+00:00,12.187380788891431
2020-07-15 06:56:12+00:00,12.386663614862288
2020-07-15 09:55:12+00:00,12.943617914091709
2020-07-15 12:55:01+00:00,13.122148470283054
2020-07-15 15:54:13+00:00,13.796597238117036
2020-07-15 19:43:21+00:00,12.575570305943389
2020-07-15 22:42:21+00:00,12.018921187151903
2020-07-16 01:41:22+00:00,12.371404592965591
2020-07-16 04:55:22+00:00,12.2896162355993
2020-07-16 08:56:23+00:00,13.29579613946746
2020-07-16 11:55:23+00:00,13.158159761959258
2020-07-16 14:54:24+00:00,13.500267032883194
2020-07-16 18:48:14+00:00,12.498970016021971
2020-07-16 22:05:15+00:00,12.029297322041655
2020-07-17 01:05:33+00:00,12.100709544518196
2020-07-17 04:04:34+00:00,12.105897611963073
2020-07-17 07:40:18+00:00,12.871900511177234
2020-07-17 10:39:19+00:00,13.244831006332491
2020-07-17 13:38:19+00:00,14.343175402456705
2020-07-17 16:37:20+00:00,14.348058289463646
2020-07-17 21:28:29+00:00,12.611581597619592
2020-07-18 00:45:54+00:00,12.545052262149996
2020-07-18 04:02:45+00:00,12.473640039673455
2020-07-18 07:35:35+00:00,13.300984206912336
2020-07-18 10:34:57+00:00,13.48989089799344
2020-07-18 13:34:35+00:00,13.387960631723503
2020-07-18 16:34:02+00:00,13.485008010986498
2020-07-18 20:03:50+00:00,12.596017395284962
2020-07-18 23:02:51+00:00,12.310063324940872
2020-07-19 05:23:42+00:00,12.269169146257726
2020-07-19 09:13:46+00:00,12.958876935988403
2020-07-19 12:12:46+00:00,14.32272831311513
2020-07-19 15:12:14+00:00,13.459372854200048
2020-07-19 18:55:28+00:00,12.642099641412983
2020-07-19 21:54:29+00:00,12.162050812542915
2020-07-20 00:54:46+00:00,12.177309834439612
2020-07-20 04:10:59+00:00,12.075074387731746
2020-07-20 07:35:04+00:00,12.7186999313344
2020-07-20 10:34:05+00:00,13.449301899748228
2020-07-20 13:32:58+00:00,14.33279926756695
2020-07-20 16:50:59+00:00,12.585946440833142
2020-07-20 20:17:51+00:00,12.350957503624018
2020-07-20 23:16:51+00:00,12.376592660410468
2020-07-21 02:15:52+00:00,12.299992370489052
2020-07-21 05:20:26+00:00,12.207827878233006
2020-07-21 08:47:14+00:00,13.112077515831237
2020-07-21 11:46:15+00:00,13.607385366598002
2020-07-21 14:45:15+00:00,13.454184786755173
2020-07-21 17:44:16+00:00,12.84138246738384
2020-07-21 20:48:37+00:00,12.376592660410468
2020-07-22 00:06:00+00:00,12.386663614862288
2020-07-22 03:23:00+00:00,12.284428168154422
2020-07-22 06:40:00+00:00,12.75440604257267
2020-07-22 09:57:01+00:00,13.658655680170902
2020-07-22 13:14:02+00:00,14.353246356908524
2020-07-22 16:24:47+00:00,13.372701609826809
2020-07-22 19:23:48+00:00,12.304875257495995
2020-07-22 22:24:12+00:00,12.310063324940872
2020-07-23 01:39:23+00:00,12.233463035019456
2020-07-23 04:55:33+00:00,12.065003433279928
2020-07-23 08:22:39+00:00,12.759594110017549
2020-07-23 11:40:30+00:00,13.127336537727931
2020-07-23 14:58:38+00:00,12.19256885633631
2020-07-23 20:36:39+00:00,12.27954528114748
2020-07-23 23:36:13+00:00,12.2896162355993
2020-07-24 02:35:13+00:00,12.15686274509804
2020-07-24 05:34:13+00:00,12.054627298390171
2020-07-24 09:00:29+00:00,12.98420691233692
2020-07-24 11:59:29+00:00,14.251010910200655
2020-07-24 14:58:30+00:00,13.449301899748228
2020-07-24 18:58:15+00:00,12.78004119935912
2020-07-24 21:57:15+00:00,12.611581597619592
2020-07-25 00:56:44+00:00,12.519417105363546
2020-07-25 03:56:16+00:00,12.427557793545434
2020-07-25 07:18:21+00:00,12.87708857862211
2020-07-25 10:17:21+00:00,14.36850537880522
2020-07-25 13:16:46+00:00,13.464560921644924
2020-07-25 16:16:22+00:00,12.815747310597391
2020-07-25 20:19:35+00:00,12.197756923781188
2020-07-25 23:18:44+00:00,12.284428168154422
2020-07-26 02:17:45+00:00,12.248722056916153
2020-07-26 05:16:48+00:00,12.19256885633631
2020-07-26 08:48:10+00:00,13.270466163118943
2020-07-26 11:47:10+00:00,12.785229266803997
2020-07-26 14:46:50+00:00,13.454184786755173
2020-07-26 17:46:18+00:00,13.076371404592964
2020-07-26 21:26:36+00:00,12.044556343938352
2020-07-27 00:25:36+00:00,12.172121766994737
2020-07-27 03:24:37+00:00,12.0854505226215
2020-07-27 06:50:43+00:00,12.785229266803997
2020-07-27 09:49:44+00:00,13.244831006332491
2020-07-27 12:48:44+00:00,14.312352178225376
2020-07-27 15:47:45+00:00,13.454184786755173
2020-07-27 19:13:26+00:00,12.483710994125277
2020-07-27 22:30:27+00:00,12.141603723201342
2020-07-28 01:50:48+00:00,12.21820401312276
2020-07-28 05:07:06+00:00,12.131227588311589
2020-07-28 09:02:42+00:00,12.820935378042268
2020-07-28 12:24:36+00:00,13.607385366598002
2020-07-28 15:43:17+00:00,13.454184786755173
2020-07-28 19:00:40+00:00,12.69306477454795
2020-07-28 22:17:58+00:00,12.166933699549858
2020-07-29 01:34:13+00:00,12.22827496757458
2020-07-29 04:51:29+00:00,12.162050812542915
2020-07-29 08:14:46+00:00,12.80567635614557
2020-07-29 11:33:30+00:00,13.449301899748228
2020-07-29 14:50:30+00:00,13.438925764858476
2020-07-29 18:07:31+00:00,12.65735866330968
2020-07-29 21:13:23+00:00,12.34576943617914
2020-07-30 00:12:23+00:00,12.3408865491722
2020-07-30 03:11:23+00:00,12.325322346837568
2020-07-30 06:31:34+00:00,12.626840619516289
2020-07-30 09:30:34+00:00,14.302281223773557
2020-07-30 12:29:35+00:00,14.29709315632868
2020-07-30 15:52:36+00:00,12.667734798199437
2020-07-30 19:42:59+00:00,12.5297932402533
2020-07-30 22:42:00+00:00,12.166933699549858
2020-07-31 01:41:00+00:00,12.34576943617914
2020-07-31 04:56:10+00:00,12.27954528114748
2020-07-31 10:11:33+00:00,12.90272373540856
2020-07-31 13:10:33+00:00,13.270466163118943
2020-07-31 16:09:34+00:00,13.679102769512475
2020-07-31 19:36:37+00:00,12.458075837338829
2020-07-31 22:53:48+00:00,12.391851682307164
2020-08-01 02:10:33+00:00,12.304875257495995
2020-08-01 05:27:49+00:00,12.182497901884489
2020-08-01 09:37:13+00:00,13.050736247806515
2020-08-01 12:55:46+00:00,14.429846646829938
2020-08-01 16:13:14+00:00,13.48989089799344
2020-08-01 20:17:13+00:00,12.371404592965591
2020-08-01 23:16:31+00:00,12.269169146257726
2020-08-02 02:29:24+00:00,12.166933699549858
2020-08-02 05:45:37+00:00,12.12115663385977
2020-08-02 09:36:05+00:00,13.158159761959258
2020-08-02 12:53:30+00:00,13.377584496833752
2020-08-02 16:10:54+00:00,12.677805752651254
2020-08-02 19:27:55+00:00,12.044556343938352
2020-08-02 22:45:07+00:00,12.43274586099031
2020-08-03 02:01:25+00:00,12.39703974975204
2020-08-03 05:17:41+00:00,12.366216525520716
2020-08-03 09:09:22+00:00,13.556420233463037
2020-08-03 12:29:16+00:00,14.36850537880522
2020-08-03 15:47:54+00:00,12.626840619516289
2020-08-03 18:47:55+00:00,12.606393530174715
2020-08-03 21:47:54+00:00,12.039368276493477
2020-08-04 00:47:17+00:00,12.304875257495995
2020-08-04 04:04:32+00:00,12.166933699549858
2020-08-04 07:15:16+00:00,12.197756923781188
2020-08-04 10:14:20+00:00,14.312352178225376
2020-08-04 13:13:20+00:00,14.312352178225376
2020-08-04 16:13:02+00:00,12.729076066224154
2020-08-04 19:26:08+00:00,12.473640039673455
2020-08-04 22:48:43+00:00,12.376592660410468
2020-08-05 02:14:21+00:00,12.299992370489052
2020-08-05 05:35:49+00:00,12.27954528114748
2020-08-05 09:26:28+00:00,14.3071641107805
2020-08-05 12:28:30+00:00,14.3071641107805
2020-08-05 15:43:18+00:00,13.428854810406651
2020-08-05 19:23:51+00:00,12.69306477454795
2020-08-05 22:27:39+00:00,12.34576943617914
2020-08-06 01:44:58+00:00,12.458075837338829
2020-08-06 05:02:08+00:00,12.40711070420386
2020-08-06 08:20:06+00:00,12.953688868543528
2020-08-06 11:37:07+00:00,14.302281223773557
2020-08-06 14:54:04+00:00,13.500267032883194
2020-08-06 18:03:26+00:00,12.826123445487143
2020-08-06 21:17:48+00:00,12.294804303044176
2020-08-07 00:30:19+00:00,12.197756923781188
2020-08-07 03:45:36+00:00,12.115968566414892
2020-08-07 06:58:52+00:00,12.090333409628442
2020-08-07 10:06:39+00:00,12.177309834439612
2020-08-07 13:05:39+00:00,13.423666742961776
2020-08-07 16:21:26+00:00,13.4697489890898
2020-08-07 20:29:47+00:00,12.299992370489052
2020-08-07 23:46:48+00:00,12.376592660410468
2020-08-08 03:03:48+00:00,12.2896162355993
2020-08-08 06:20:50+00:00,12.238651102464331
2020-08-08 09:20:00+00:00,12.662546730754558
2020-08-08 12:19:01+00:00,13.137712672617685
2020-08-08 15:18:01+00:00,13.316243228809032
2020-08-08 18:17:02+00:00,12.636911573968108
2020-08-08 21:16:04+00:00,12.330510414282443
2020-08-09 00:23:28+00:00,12.197756923781188
2020-08-09 03:41:14+00:00,12.075074387731746
2020-08-09 07:22:37+00:00,12.943617914091709
2020-08-09 10:39:38+00:00,13.382772564278628
2020-08-09 13:56:38+00:00,13.47981994354162
2020-08-09 17:13:39+00:00,12.764782177462424
2020-08-09 20:30:39+00:00,12.40711070420386
2020-08-09 23:47:47+00:00,12.223392080567637
2020-08-10 03:05:07+00:00,12.0854505226215
2020-08-10 06:32:20+00:00,12.330510414282443
2020-08-10 09:48:10+00:00,13.546349279011215
2020-08-10 13:05:30+00:00,14.327611200122073
2020-08-10 16:09:23+00:00,14.138704509040972
2020-08-10 19:29:01+00:00,12.769665064469368
2020-08-10 22:28:23+00:00,12.550240329594873
2020-08-11 01:36:10+00:00,12.371404592965591
2020-08-11 04:52:25+00:00,12.294804303044176
2020-08-11 08:04:03+00:00,12.473640039673455
2020-08-11 11:24:10+00:00,12.917982757305255
2020-08-11 14:44:26+00:00,13.00984206912337
2020-08-11 18:17:26+00:00,12.596017395284962
2020-08-11 21:20:19+00:00,12.039368276493477
2020-08-12 00:23:06+00:00,12.126344701304646
2020-08-12 03:39:26+00:00,12.105897611963073
2020-08-12 07:02:03+00:00,12.907606622415503
2020-08-12 10:01:46+00:00,14.373693446250096
2020-08-12 13:01:04+00:00,14.10818646524758
2020-08-12 16:05:00+00:00,13.428854810406651
2020-08-12 19:13:35+00:00,12.713511863889524
2020-08-12 22:23:30+00:00,12.550240329594873
2020-08-13 01:39:47+00:00,12.44281681544213
2020-08-13 04:55:03+00:00,12.401922636758984
2020-08-13 08:15:04+00:00,13.617761501487756
2020-08-13 11:32:35+00:00,14.343175402456705
2020-08-13 14:50:02+00:00,14.348058289463646
2020-08-13 18:07:03+00:00,12.749523155565727
2020-08-13 21:24:03+00:00,12.263981078812847
2020-08-14 00:41:03+00:00,12.2896162355993
2020-08-14 03:57:07+00:00,12.162050812542915
2020-08-14 07:14:08+00:00,12.22827496757458
2020-08-14 10:31:08+00:00,13.377584496833752
2020-08-14 13:36:28+00:00,12.585946440833142
2020-08-14 16:35:59+00:00,12.897535667963684
2020-08-14 19:35:10+00:00,12.391851682307164
2020-08-14 22:35:00+00:00,12.284428168154422
2020-08-15 01:34:01+00:00,12.19256885633631
2020-08-15 04:48:54+00:00,12.115968566414892
2020-08-15 08:52:38+00:00,12.943617914091709
2020-08-15 11:51:38+00:00,13.449301899748228
2020-08-15 14:50:39+00:00,13.500267032883194
2020-08-15 17:50:07+00:00,12.688181887541008
2020-08-15 20:50:33+00:00,12.27954528114748
2020-08-16 00:03:34+00:00,12.136415655756466
2020-08-16 03:21:25+00:00,12.09552147707332
2020-08-16 06:49:58+00:00,12.764782177462424
2020-08-16 10:09:39+00:00,13.03547722590982
2020-08-16 13:30:16+00:00,14.36850537880522
2020-08-16 16:51:48+00:00,13.300984206912336
2020-08-16 21:05:34+00:00,12.473640039673455
2020-08-17 00:24:24+00:00,12.350957503624018
2020-08-17 03:41:34+00:00,12.24383916990921
2020-08-17 07:03:21+00:00,12.9741359578851
2020-08-17 10:02:22+00:00,14.327611200122073
2020-08-17 13:01:22+00:00,14.33279926756695
2020-08-17 16:00:23+00:00,14.337987335011826
2020-08-17 19:00:31+00:00,12.729076066224154
2020-08-17 21:59:32+00:00,12.417486839093614
2020-08-18 00:58:32+00:00,12.299992370489052
2020-08-18 04:14:52+00:00,12.202944991226063
2020-08-18 07:32:53+00:00,12.585946440833142
2020-08-18 10:45:05+00:00,13.50545510032807
2020-08-18 13:44:54+00:00,14.302281223773557
2020-08-18 16:49:15+00:00,13.459372854200048
2020-08-18 20:00:26+00:00,12.488899061570152
2020-08-18 23:20:11+00:00,12.361028458075838
2020-08-19 02:39:13+00:00,12.223392080567637
2020-08-19 05:59:33+00:00,12.21820401312276
2020-08-19 09:16:34+00:00,12.958876935988403
2020-08-19 12:33:34+00:00,13.796597238117036
2020-08-19 15:50:35+00:00,13.459372854200048
2020-08-19 19:07:35+00:00,12.703440909437704
2020-08-19 22:24:36+00:00,12.202944991226063
2020-08-20 01:41:52+00:00,12.207827878233006
2020-08-20 04:58:38+00:00,12.090333409628442
2020-08-20 08:16:13+00:00,13.31136034180209
2020-08-20 11:29:15+00:00,14.266575112535287
2020-08-20 14:29:13+00:00,14.26138704509041
2020-08-20 19:09:08+00:00,12.509346150911728
2020-08-20 22:08:08+00:00,12.187380788891431
2020-08-21 01:07:09+00:00,12.284428168154422
2020-08-21 04:06:10+00:00,12.259098191805906
2020-08-21 07:41:08+00:00,12.91279468986038
2020-08-21 10:40:09+00:00,14.251010910200655
2020-08-21 13:39:47+00:00,13.173418783855954
2020-08-21 16:53:09+00:00,12.580758373388266
2020-08-21 20:09:51+00:00,12.2896162355993
2020-08-21 23:08:51+00:00,12.146486610208283
2020-08-22 02:08:18+00:00,12.049439230945296
2020-08-22 06:57:40+00:00,12.820935378042268
2020-08-22 09:56:41+00:00,14.3584344243534
2020-08-22 12:55:41+00:00,14.353246356908524
2020-08-22 15:54:42+00:00,13.454184786755173
2020-08-22 18:53:43+00:00,12.43274586099031
2020-08-22 21:52:43+00:00,12.509346150911728
2020-08-23 00:51:43+00:00,12.284428168154422
2020-08-23 03:50:44+00:00,12.320439459830624
2020-08-23 06:51:42+00:00,12.831006332494088
2020-08-23 09:50:43+00:00,13.63820859082933
2020-08-23 12:49:43+00:00,14.33279926756695
2020-08-23 15:48:47+00:00,12.84138246738384
2020-08-23 19:31:18+00:00,12.7186999313344
2020-08-23 22:47:36+00:00,12.09552147707332
2020-08-24 02:04:53+00:00,12.166933699549858
2020-08-24 05:22:09+00:00,12.05981536583505
2020-08-24 08:44:19+00:00,12.963759822995346
2020-08-24 12:01:56+00:00,13.683985656519418
2020-08-24 15:19:49+00:00,13.474631876096744
2020-08-24 19:00:33+00:00,12.65735866330968
2020-08-24 22:17:16+00:00,12.534981307698176
2020-08-25 01:42:04+00:00,12.391851682307164
2020-08-25 05:04:40+00:00,12.259098191805906
2020-08-25 09:01:33+00:00,13.209124895094224
2020-08-25 12:00:34+00:00,14.409399557488364
2020-08-25 14:59:34+00:00,13.47981994354162
2020-08-25 17:58:35+00:00,12.831006332494088
2020-08-25 20:57:35+00:00,12.315251392385749
2020-08-25 23:56:36+00:00,12.162050812542915
2020-08-26 03:07:46+00:00,12.065003433279928
2020-08-26 06:52:52+00:00,12.0341802090486
2020-08-26 09:51:52+00:00,13.219195849546043
2020-08-26 12:50:53+00:00,13.54116121156634
2020-08-26 15:49:54+00:00,14.33279926756695
2020-08-26 19:22:03+00:00,12.39703974975204
2020-08-26 22:21:04+00:00,12.223392080567637
2020-08-27 01:20:04+00:00,12.049439230945296
2020-08-27 05:16:19+00:00,12.003662165255207
2020-08-27 09:18:29+00:00,12.800488288700691
2020-08-27 12:17:30+00:00,13.203936827649349
2020-08-27 15:16:30+00:00,13.970244907301442
2020-08-27 19:02:12+00:00,12.361028458075838
2020-08-27 22:01:12+00:00,12.463263904783703
2020-08-28 06:17:15+00:00,12.437933928435188
2020-08-28 09:16:15+00:00,13.244831006332491
2020-08-28 12:15:16+00:00,13.949797817959867
2020-08-28 15:26:24+00:00,14.404211490043489
2020-08-28 18:34:35+00:00,12.647287708857862
2020-08-28 21:51:56+00:00,12.498970016021971
2020-08-29 01:09:08+00:00,12.207827878233006
2020-08-29 04:25:28+00:00,12.090333409628442
2020-08-29 07:40:35+00:00,12.749523155565727
2020-08-29 10:58:47+00:00,13.495078965438315
2020-08-29 14:15:48+00:00,13.495078965438315
2020-08-29 17:38:11+00:00,12.94850080109865
2020-08-29 21:02:28+00:00,12.15686274509804
2020-08-30 00:01:28+00:00,12.259098191805906
2020-08-30 03:00:29+00:00,12.162050812542915
2020-08-30 05:59:29+00:00,12.202944991226063
2020-08-30 09:13:55+00:00,12.871900511177234
2020-08-30 12:12:55+00:00,14.327611200122073
2020-08-30 15:12:52+00:00,13.48989089799344
2020-08-30 18:30:25+00:00,12.682993820096131
2020-08-30 21:29:25+00:00,12.141603723201342
2020-08-31 00:28:26+00:00,12.391851682307164
2020-08-31 03:29:00+00:00,12.284428168154422
2020-08-31 07:01:09+00:00,12.596017395284962
2020-08-31 10:00:10+00:00,14.373693446250096
2020-08-31 12:59:10+00:00,14.378881513694973
2020-08-31 15:58:11+00:00,14.143892576485849
2020-08-31 19:36:28+00:00,12.662546730754558
2020-08-31 22:35:51+00:00,12.560311284046692
2020-09-01 01:38:56+00:00,12.427557793545434
2020-09-01 04:56:09+00:00,12.304875257495995
2020-09-01 08:13:51+00:00,12.866712443732355
2020-09-01 11:13:48+00:00,13.015030136568246
2020-09-01 14:12:49+00:00,13.495078965438315
2020-09-01 17:12:17+00:00,13.00984206912337
2020-09-01 20:15:12+00:00,12.12115663385977
2020-09-01 23:18:07+00:00,12.27954528114748
2020-09-02 02:35:28+00:00,12.207827878233006
2020-09-02 05:55:19+00:00,12.110780498970016
2020-09-02 09:22:46+00:00,13.438925764858476
2020-09-02 12:39:12+00:00,14.378881513694973
2020-09-02 15:59:54+00:00,14.378881513694973
2020-09-02 19:43:08+00:00,12.417486839093614
2020-09-02 22:42:09+00:00,12.330510414282443
2020-09-03 01:41:09+00:00,12.207827878233006
2020-09-03 04:39:42+00:00,12.115968566414892
2020-09-03 08:08:53+00:00,12.84138246738384
2020-09-03 11:07:54+00:00,14.348058289463646
2020-09-03 14:06:55+00:00,13.485008010986498
2020-09-03 17:05:55+00:00,13.47981994354162
2020-09-03 20:08:46+00:00,12.238651102464331
2020-09-03 23:24:06+00:00,12.24383916990921
2020-09-04 02:41:07+00:00,12.115968566414892
2020-09-04 05:55:11+00:00,12.151674677653162
2020-09-04 09:12:18+00:00,12.871900511177234
2020-09-04 12:11:18+00:00,13.643396658274206
2020-09-04 15:10:19+00:00,14.337987335011826
2020-09-04 18:26:43+00:00,12.662546730754558
2020-09-04 21:25:44+00:00,12.039368276493477
2020-09-05 00:25:16+00:00,12.19256885633631
2020-09-05 03:24:17+00:00,12.09552147707332
2020-09-05 06:23:17+00:00,12.0854505226215
2020-09-05 09:33:30+00:00,13.31136034180209
2020-09-05 12:33:12+00:00,13.061112382696267
2020-09-05 15:32:31+00:00,13.244831006332491
2020-09-05 18:59:40+00:00,12.315251392385749
2020-09-05 21:58:41+00:00,12.187380788891431
2020-09-06 00:57:41+00:00,12.131227588311589
2020-09-06 03:56:42+00:00,12.029297322041655
2020-09-06 07:47:32+00:00,12.866712443732355
2020-09-06 10:46:33+00:00,13.444113832303351
2020-09-06 13:45:33+00:00,13.203936827649349
2020-09-06 16:44:53+00:00,13.265278095674066
2020-09-06 19:59:12+00:00,12.401922636758984
2020-09-06 22:58:13+00:00,12.335698481727322
2020-09-07 01:57:13+00:00,12.233463035019456
2020-09-07 04:56:14+00:00,12.151674677653162
2020-09-07 08:36:25+00:00,13.203936827649349
2020-09-07 11:35:26+00:00,14.450293736171512
2020-09-07 14:34:26+00:00,13.520714122224769
2020-09-07 17:35:26+00:00,12.238651102464331
2020-09-07 20:34:26+00:00,12.003662165255207
2020-09-07 23:33:27+00:00,12.115968566414892
2020-09-08 03:53:22+00:00,12.207827878233006
2020-09-08 08:53:23+00:00,12.994583047226673
2020-09-08 11:52:44+00:00,14.41977569237812
2020-09-08 14:51:45+00:00,12.59113450827802
2020-09-08 18:45:09+00:00,12.391851682307164
2020-09-08 21:44:10+00:00,12.100709544518196
2020-09-09 00:43:25+00:00,12.100709544518196
2020-09-09 03:43:11+00:00,12.008850232700084
2020-09-09 09:47:50+00:00,13.050736247806515
2020-09-09 12:46:50+00:00,13.341878385595482
2020-09-09 15:45:51+00:00,12.555123216601816
2020-09-09 19:05:47+00:00,12.269169146257726
2020-09-09 22:04:48+00:00,12.177309834439612
2020-09-10 01:03:48+00:00,12.0341802090486
2020-09-10 07:59:30+00:00,12.580758373388266
2020-09-10 11:16:31+00:00,13.776150148775464
2020-09-10 14:33:31+00:00,12.94850080109865
2020-09-10 18:32:10+00:00,12.616464484626537
2020-09-10 21:31:10+00:00,12.105897611963073
2020-09-11 00:30:38+00:00,12.06988632028687
2020-09-11 07:54:32+00:00,12.151674677653162
2020-09-11 11:02:40+00:00,12.99977111467155
2020-09-11 14:01:41+00:00,13.495078965438315
2020-09-11 17:00:41+00:00,13.28572518501564
2020-09-11 20:09:12+00:00,12.580758373388266
2020-09-11 23:08:12+00:00,12.49408712901503
2020-09-12 02:07:12+00:00,12.366216525520716
2020-09-12 05:06:13+00:00,12.263981078812847
2020-09-12 08:05:13+00:00,13.438925764858476
2020-09-12 11:04:14+00:00,14.41977569237812
2020-09-12 14:03:38+00:00,13.474631876096744
2020-09-12 17:03:15+00:00,13.18867780575265
2020-09-12 20:25:44+00:00,12.223392080567637
2020-09-12 23:24:57+00:00,12.110780498970016
2020-09-13 04:33:40+00:00,12.259098191805906
2020-09-13 09:16:07+00:00,13.520714122224769
2020-09-13 12:15:08+00:00,14.3071641107805
2020-09-13 15:14:08+00:00,13.408407721065078
2020-09-13 19:56:21+00:00,12.713511863889524
2020-09-13 22:55:21+00:00,12.2896162355993
2020-09-14 02:15:29+00:00,12.15686274509804
2020-09-14 05:32:30+00:00,12.02410925459678
2020-09-14 08:53:06+00:00,13.19874876020447
2020-09-14 11:52:07+00:00,14.291905088883803
2020-09-14 14:51:07+00:00,14.291905088883803
2020-09-14 19:39:24+00:00,12.412298771648738
2020-09-14 22:38:25+00:00,12.361028458075838
2020-09-15 01:37:33+00:00,12.315251392385749
2020-09-15 04:37:26+00:00,12.19256885633631
2020-09-15 07:53:04+00:00,13.020218204013124
2020-09-15 10:52:05+00:00,14.29709315632868
2020-09-15 13:51:05+00:00,14.302281223773557
2020-09-15 16:59:31+00:00,13.382772564278628
2020-09-15 20:48:49+00:00,12.40711070420386
2020-09-15 23:54:36+00:00,12.361028458075838
2020-09-16 03:12:08+00:00,12.304875257495995
2020-09-16 06:29:08+00:00,12.182497901884489
2020-09-16 09:46:09+00:00,13.300984206912336
2020-09-16 13:03:09+00:00,14.38406958113985
2020-09-16 16:20:10+00:00,14.363622491798276
2020-09-16 19:31:20+00:00,12.729076066224154
2020-09-16 22:47:59+00:00,12.15686274509804
2020-09-17 02:04:18+00:00,12.162050812542915
2020-09-17 05:20:34+00:00,12.013733119707029
2020-09-17 09:24:41+00:00,13.209124895094224
2020-09-17 12:23:41+00:00,13.719996948195622
2020-09-17 15:22:42+00:00,14.312352178225376
2020-09-17 18:21:43+00:00,12.80567635614557
2020-09-17 21:20:43+00:00,12.310063324940872
2020-09-18 00:19:44+00:00,12.213015945677885
2020-09-18 03:19:24+00:00,12.080262455176625
2020-09-18 07:14:26+00:00,12.90272373540856
2020-09-18 10:14:05+00:00,13.229571984435797
2020-09-18 13:13:11+00:00,14.373693446250096
2020-09-18 16:16:38+00:00,13.464560921644924
2020-09-18 20:28:28+00:00,12.453192950331884
2020-09-18 23:44:45+00:00,12.187380788891431
2020-09-19 03:02:05+00:00,12.166933699549858
2020-09-19 06:19:06+00:00,12.146486610208283
2020-09-19 09:36:06+00:00,13.740444037537197
2020-09-19 12:53:07+00:00,14.3071641107805
2020-09-19 18:16:30+00:00,12.928053711757077
2020-09-19 21:22:43+00:00,12.356145571068897
2020-09-20 00:38:51+00:00,12.294804303044176
2020-09-20 03:55:51+00:00,12.151674677653162
2020-09-20 08:29:31+00:00,12.151674677653162
2020-09-20 11:45:32+00:00,12.846570534828718
2020-09-20 14:44:32+00:00,13.321431296253907
2020-09-20 18:09:47+00:00,12.7186999313344
2020-09-20 21:08:47+00:00,12.427557793545434
2020-09-21 00:07:48+00:00,12.320439459830624
2020-09-21 03:06:55+00:00,12.21820401312276
2020-09-21 06:14:49+00:00,12.330510414282443
2020-09-21 09:13:49+00:00,13.229571984435797
2020-09-21 12:12:50+00:00,14.394140535591667
2020-09-21 15:11:50+00:00,14.399328603036546
2020-09-21 19:11:19+00:00,12.713511863889524
2020-09-21 22:10:20+00:00,12.5297932402533
2020-09-22 01:09:20+00:00,12.40711070420386
2020-09-22 04:08:21+00:00,12.304875257495995
2020-09-22 07:37:00+00:00,13.275349050125886
2020-09-22 10:36:51+00:00,14.28702220187686
2020-09-22 13:37:01+00:00,14.10818646524758
2020-09-22 18:07:30+00:00,12.810559243152513
2020-09-22 21:26:21+00:00,12.524605172808425
2020-09-23 00:42:37+00:00,12.417486839093614
2020-09-23 03:59:00+00:00,12.310063324940872
2020-09-23 07:17:53+00:00,13.60250247959106
2020-09-23 10:35:01+00:00,14.3584344243534
2020-09-23 13:52:02+00:00,14.363622491798276
2020-09-23 17:09:02+00:00,13.168230716411076
2020-09-23 20:26:03+00:00,12.3408865491722
2020-09-23 23:43:03+00:00,12.391851682307164
2020-09-24 02:59:04+00:00,12.294804303044176
2020-09-24 06:16:04+00:00,12.310063324940872
2020-09-24 09:16:05+00:00,13.372701609826809
2020-09-24 12:15:22+00:00,14.317540245670251
2020-09-24 15:14:23+00:00,14.317540245670251
2020-09-24 18:13:59+00:00,12.795300221255816
2020-09-24 21:13:00+00:00,12.24383916990921
2020-09-25 00:12:00+00:00,12.284428168154422
2020-09-25 03:11:01+00:00,12.166933699549858
2020-09-25 06:10:01+00:00,12.172121766994737
2020-09-25 09:13:59+00:00,13.03547722590982
2020-09-25 12:12:59+00:00,13.653467612726024
2020-09-25 15:12:00+00:00,13.842374303807128
2020-09-25 18:11:44+00:00,12.688181887541008
2020-09-25 21:11:57+00:00,12.49408712901503
2020-09-26 00:10:57+00:00,12.3408865491722
2020-09-26 03:09:58+00:00,12.19256885633631
2020-09-26 06:22:16+00:00,12.427557793545434
2020-09-26 09:21:17+00:00,13.449301899748228
2020-09-26 12:20:17+00:00,14.327611200122073
2020-09-26 15:19:18+00:00,14.33279926756695
2020-09-26 19:04:12+00:00,12.682993820096131
2020-09-26 22:20:37+00:00,12.483710994125277
2020-09-27 01:36:48+00:00,12.356145571068897
2020-09-27 04:53:48+00:00,12.197756923781188
2020-09-27 08:00:24+00:00,13.454184786755173
2020-09-27 10:59:24+00:00,14.281834134431984
2020-09-27 13:58:25+00:00,13.321431296253907
2020-09-27 18:15:44+00:00,12.427557793545434
2020-09-27 21:14:45+00:00,12.310063324940872
2020-09-28 00:13:45+00:00,12.376592660410468
2020-09-28 03:19:39+00:00,12.284428168154422
2020-09-28 06:58:02+00:00,12.871900511177234
2020-09-28 10:14:50+00:00,14.32272831311513
2020-09-28 13:33:28+00:00,13.34706645304036
2020-09-28 19:40:14+00:00,12.391851682307164
2020-09-28 22:57:31+00:00,12.335698481727322
2020-09-29 02:14:31+00:00,12.25391012436103
2020-09-29 08:59:10+00:00,12.703440909437704
2020-09-29 12:16:01+00:00,14.343175402456705
2020-09-29 15:33:02+00:00,14.29709315632868
2020-09-29 20:13:03+00:00,12.310063324940872
2020-09-29 23:22:28+00:00,12.335698481727322
2020-09-30 02:21:29+00:00,12.187380788891431
2020-09-30 05:20:29+00:00,12.115968566414892
2020-09-30 09:08:30+00:00,13.00984206912337
2020-09-30 12:07:30+00:00,14.29709315632868
2020-09-30 15:07:06+00:00,14.28702220187686
2020-09-30 18:36:12+00:00,12.698252841992828
2020-09-30 21:42:18+00:00,12.427557793545434
2020-10-01 00:59:19+00:00,12.381475547417413
2020-10-01 04:16:19+00:00,12.24383916990921
2020-10-01 07:33:20+00:00,12.585946440833142
2020-10-01 10:50:21+00:00,13.495078965438315
2020-10-01 14:07:21+00:00,14.3584344243534
2020-10-01 17:54:29+00:00,12.74433508812085
2020-10-01 20:59:21+00:00,12.320439459830624
2020-10-02 00:16:35+00:00,12.34576943617914
2020-10-02 03:32:00+00:00,12.274357213702602
2020-10-02 06:57:28+00:00,12.652475776302738
2020-10-02 09:56:28+00:00,13.280537117570764
2020-10-02 12:55:28+00:00,14.373693446250096
2020-10-02 16:03:27+00:00,13.464560921644924
2020-10-02 20:19:24+00:00,12.647287708857862
2020-10-02 23:18:25+00:00,12.43274586099031
2020-10-03 02:17:26+00:00,12.284428168154422
2020-10-03 05:16:26+00:00,12.141603723201342
2020-10-03 08:15:27+00:00,13.607385366598002
2020-10-03 11:14:27+00:00,14.3071641107805
2020-10-03 14:13:29+00:00,13.449301899748228
2020-10-03 19:37:16+00:00,12.580758373388266
2020-10-03 22:36:17+00:00,12.463263904783703
2020-10-04 01:35:17+00:00,12.274357213702602
2020-10-04 06:46:22+00:00,12.871900511177234
2020-10-04 09:45:22+00:00,13.117265583276112
2020-10-04 12:44:23+00:00,14.373693446250096
2020-10-04 15:58:24+00:00,13.47981994354162
2020-10-04 19:47:54+00:00,12.166933699549858
2020-10-04 22:56:31+00:00,12.197756923781188
2020-10-05 02:14:15+00:00,12.080262455176625
2020-10-05 07:10:23+00:00,12.88715953307393
2020-10-05 10:09:24+00:00,13.234760051880674
2020-10-05 13:08:24+00:00,14.291905088883803
2020-10-05 16:07:24+00:00,13.464560921644924
2020-10-05 19:58:04+00:00,12.632028686961164
