Timestamp,BattVoltage132
2024-07-24 06:12:26+00:00,359.0202041
2024-07-24 06:15:40+00:00,358.9884
2024-07-24 06:18:54+00:00,359.0299
2024-07-24 06:22:08+00:00,358.9632
2024-07-24 06:25:22+00:00,358.9534
2024-07-24 06:28:36+00:00,358.8236
2024-07-24 06:31:50+00:00,357.8523
2024-07-24 06:35:04+00:00,355.9723
2024-07-24 06:38:18+00:00,350.5628
2024-07-24 06:41:32+00:00,357.7628
2024-07-24 06:44:46+00:00,358.6474
2024-07-24 06:48:00+00:00,358.1526
2024-07-24 06:51:14+00:00,358.3693
2024-07-24 15:00:04+00:00,358.9694
2024-07-24 15:03:18+00:00,355.1846
2024-07-24 15:06:32+00:00,363.9299
2024-07-24 15:09:46+00:00,362.0181
2024-07-24 15:13:00+00:00,342.8931
2024-07-24 15:16:14+00:00,355.7924
2024-07-24 15:19:28+00:00,356.4324
2024-07-24 15:22:42+00:00,357.99340000000007
2024-07-24 15:25:56+00:00,358.29
2024-07-24 15:29:10+00:00,358.35940000000005
2024-07-24 15:32:24+00:00,358.477
2024-07-24 15:35:38+00:00,358.5328
2024-07-24 15:38:52+00:00,358.51090000000005
2024-07-25 07:04:37+00:00,358.6721
2024-07-25 07:07:51+00:00,358.6246
2024-07-25 07:11:05+00:00,358.5962
2024-07-25 07:14:19+00:00,358.6947
2024-07-25 07:17:33+00:00,358.5493
2024-07-25 07:20:47+00:00,358.64730000000003
2024-07-25 07:24:01+00:00,358.62300000000005
2024-07-25 07:27:15+00:00,356.2446
2024-07-25 07:30:29+00:00,355.9493
2024-07-25 07:33:43+00:00,351.2695
2024-07-25 07:36:57+00:00,348.7162
2024-07-25 07:40:11+00:00,351.3196
2024-07-25 07:43:25+00:00,352.293
2024-07-25 07:46:39+00:00,352.63404040404043
2024-07-25 07:49:53+00:00,354.4911
2024-07-25 15:48:47+00:00,383.4924
2024-07-25 15:52:01+00:00,382.0912
2024-07-25 15:55:15+00:00,380.911
2024-07-25 15:58:29+00:00,379.7772
2024-07-25 16:01:43+00:00,378.19020000000006
2024-07-25 16:04:57+00:00,367.5935
2024-07-25 16:08:11+00:00,358.82300000000004
2024-07-25 16:11:25+00:00,358.8462
2024-07-25 16:14:39+00:00,349.8374
2024-07-25 16:17:53+00:00,355.7959
2024-07-25 16:21:07+00:00,351.9532
2024-07-25 16:24:21+00:00,357.415
2024-07-25 16:27:35+00:00,356.75910000000005
2024-07-25 16:53:50+00:00,358.93300000000005
2024-07-25 16:57:04+00:00,359.0405
2024-07-25 17:00:18+00:00,358.3354
2024-07-25 17:03:32+00:00,354.8631
2024-07-25 17:06:46+00:00,358.4574
2024-07-25 17:10:00+00:00,358.7
2024-07-27 06:34:43+00:00,358.77
2024-07-27 06:37:57+00:00,358.639
2024-07-27 06:41:11+00:00,358.7382
2024-07-27 06:44:25+00:00,358.7146
2024-07-27 06:47:39+00:00,358.67080000000004
2024-07-27 06:50:53+00:00,355.15090000000004
2024-07-27 06:54:07+00:00,357.3478
2024-07-27 06:57:21+00:00,361.4114
2024-07-27 07:00:35+00:00,354.7856
2024-07-27 07:03:49+00:00,349.5366
2024-07-27 07:07:03+00:00,352.4581818181818
2024-07-27 07:10:17+00:00,349.5733
2024-07-27 07:13:31+00:00,348.94160000000005
2024-07-27 07:16:45+00:00,340.7235
2024-07-27 07:19:59+00:00,351.0589
2024-07-27 07:23:13+00:00,339.7721
2024-07-27 07:26:27+00:00,356.45230000000004
2024-07-27 07:29:41+00:00,354.596
2024-07-27 07:32:55+00:00,356.48220000000003
2024-07-27 07:36:09+00:00,356.2788
2024-07-27 07:39:23+00:00,356.5871
2024-07-27 07:42:37+00:00,356.68230000000005
2024-07-27 07:45:51+00:00,356.825
2024-07-27 07:49:05+00:00,356.9582
2024-07-27 07:52:19+00:00,357.0332
2024-07-27 07:55:33+00:00,357.0375
2024-07-27 08:21:47+00:00,357.4465
2024-07-27 08:25:01+00:00,357.3398
2024-07-27 08:28:15+00:00,357.43080000000003
2024-07-27 08:31:29+00:00,357.45239999999995
2024-07-27 08:34:43+00:00,357.4069
2024-07-27 08:37:57+00:00,357.5268
2024-07-27 08:41:11+00:00,357.395
2024-07-27 12:12:01+00:00,354.1104
2024-07-27 12:15:15+00:00,354.6038
2024-07-27 12:18:29+00:00,354.891
2024-07-27 12:21:43+00:00,352.2893
2024-07-27 12:24:57+00:00,351.5883
2024-07-27 12:28:11+00:00,347.8539
2024-07-27 12:31:25+00:00,349.0657
2024-07-27 12:34:39+00:00,344.72790000000003
2024-07-27 12:37:53+00:00,351.6709
2024-07-27 12:41:07+00:00,350.3696
2024-07-27 12:44:21+00:00,352.60220000000004
2024-07-27 12:47:35+00:00,351.6465
2024-07-27 12:50:50+00:00,351.86840000000007
2024-07-27 12:54:04+00:00,352.4702
2024-07-27 12:57:18+00:00,353.87330000000003
2024-07-27 13:55:17+00:00,357.9938
2024-07-27 13:58:31+00:00,357.5255
2024-07-27 14:01:45+00:00,358.977
2024-07-27 14:04:59+00:00,357.839
2024-07-27 14:08:13+00:00,356.6495
2024-07-27 14:11:27+00:00,356.9762
2024-07-27 14:14:41+00:00,349.5579
2024-07-27 14:17:55+00:00,359.57629999999995
2024-07-27 14:21:09+00:00,350.0416
2024-07-27 14:24:23+00:00,350.7714
2024-07-27 14:27:37+00:00,355.37760000000003
2024-07-27 14:30:51+00:00,349.85524752475243
2024-07-27 14:34:05+00:00,353.8204
2024-07-27 14:37:19+00:00,353.68190000000004
2024-07-27 14:40:33+00:00,354.12520000000006
2024-07-27 14:43:47+00:00,354.19949999999994
2024-07-27 14:47:01+00:00,354.42220000000003
2024-07-27 14:50:15+00:00,354.4234
2024-07-29 06:10:12+00:00,351.2919
2024-07-29 06:13:26+00:00,347.3357
2024-07-29 06:16:40+00:00,350.82340000000005
2024-07-29 06:19:54+00:00,350.30260000000004
2024-07-29 06:23:08+00:00,350.4399
2024-07-29 06:26:22+00:00,346.9613
2024-07-29 06:29:36+00:00,350.449
2024-07-29 06:32:50+00:00,353.9689
2024-07-29 06:36:04+00:00,347.4479
2024-07-29 15:39:33+00:00,360.5411
2024-07-29 15:42:47+00:00,360.2628
2024-07-29 15:46:01+00:00,358.76450000000006
2024-07-29 15:49:15+00:00,358.014
2024-07-29 15:52:29+00:00,361.06410000000005
2024-07-29 15:55:43+00:00,350.9765
2024-07-29 15:58:57+00:00,357.838
2024-07-29 16:02:11+00:00,355.7065
2024-07-29 16:05:25+00:00,356.2952
2024-07-29 16:08:39+00:00,358.49
2024-07-29 16:11:53+00:00,358.7517
2024-07-29 16:15:07+00:00,358.7151
2024-07-29 16:18:21+00:00,358.8542
2024-07-29 16:21:35+00:00,358.8467
2024-07-29 16:24:49+00:00,358.891
2024-07-29 16:28:03+00:00,359.016
2024-07-29 16:31:17+00:00,358.9119
2024-07-29 16:34:31+00:00,359.0217
2024-07-29 16:37:45+00:00,358.99480000000005
2024-07-29 16:40:59+00:00,358.855
2024-07-29 16:44:13+00:00,356.87590000000006
2024-07-29 16:47:27+00:00,359.1367
2024-07-29 16:50:41+00:00,358.7174
2024-07-29 16:53:55+00:00,358.8685
2024-07-29 16:57:09+00:00,358.91360000000003
2024-07-29 17:00:23+00:00,359.0668
2024-07-30 06:32:20+00:00,358.935
2024-07-30 06:35:34+00:00,358.7986
2024-07-30 06:38:48+00:00,357.6095
2024-07-30 06:42:02+00:00,357.5163
2024-07-30 06:45:16+00:00,358.0978
2024-07-30 06:48:30+00:00,351.3939
2024-07-30 06:51:44+00:00,365.4649
2024-07-30 06:54:58+00:00,357.8738
2024-07-30 06:58:12+00:00,358.1553
2024-07-30 07:01:26+00:00,358.34090000000003
2024-07-30 07:04:40+00:00,358.4081
2024-07-30 07:07:54+00:00,358.4275
2024-07-30 07:11:08+00:00,358.5574
2024-07-30 15:16:07+00:00,357.1781
2024-07-30 15:19:21+00:00,357.2738
2024-07-30 15:22:35+00:00,357.15840000000003
2024-07-30 15:25:49+00:00,357.2162
2024-07-30 15:29:03+00:00,357.4067
2024-07-30 15:32:17+00:00,357.4526
2024-07-30 15:35:31+00:00,340.98980000000006
2024-07-30 15:38:45+00:00,345.8832
2024-07-30 15:41:59+00:00,349.5987
2024-07-30 15:45:13+00:00,354.4557
2024-07-30 15:48:27+00:00,355.346
2024-07-30 15:51:41+00:00,355.2504
2024-07-30 15:54:55+00:00,355.6896
2024-07-31 05:49:47+00:00,354.66970000000003
2024-07-31 05:53:01+00:00,354.6961
2024-07-31 05:56:15+00:00,354.7099
2024-07-31 05:59:29+00:00,354.61940000000004
2024-07-31 06:02:43+00:00,354.711
2024-07-31 06:05:57+00:00,354.4666
2024-07-31 06:09:11+00:00,352.36870000000005
2024-07-31 06:12:25+00:00,353.6882
2024-07-31 06:15:39+00:00,349.8874
2024-07-31 06:18:53+00:00,350.4225
2024-07-31 06:22:07+00:00,350.8132
2024-07-31 06:25:21+00:00,344.9796
2024-07-31 06:28:35+00:00,347.94870000000003
2024-07-31 06:31:49+00:00,355.56160000000006
2024-07-31 06:35:03+00:00,353.7404
2024-07-31 14:57:43+00:00,360.9387
2024-07-31 15:00:57+00:00,360.63
2024-07-31 15:04:11+00:00,360.5686
2024-07-31 15:07:25+00:00,361.0736
2024-07-31 15:10:39+00:00,358.689
2024-07-31 15:13:53+00:00,364.0729
2024-07-31 15:17:07+00:00,352.2061
2024-07-31 15:20:21+00:00,355.0139
2024-07-31 15:23:35+00:00,361.1521
2024-07-31 15:26:49+00:00,355.7575
2024-07-31 15:30:03+00:00,359.21090000000004
2024-07-31 15:33:17+00:00,358.4252
2024-07-31 15:36:31+00:00,358.915
2024-07-31 15:39:45+00:00,357.4436
2024-07-31 15:42:59+00:00,358.4499
2024-07-31 15:46:13+00:00,358.7891
2024-07-31 15:49:27+00:00,358.7212
2024-07-31 15:52:41+00:00,358.8635
2024-07-31 15:55:55+00:00,358.9065
2024-07-31 15:59:09+00:00,358.8957
2024-07-31 16:02:23+00:00,359.0194
2024-07-31 16:05:37+00:00,358.4878
2024-07-31 16:08:51+00:00,354.7346
2024-07-31 16:12:05+00:00,355.5297
2024-07-31 16:15:19+00:00,358.3883838383839
2024-07-31 16:18:33+00:00,358.85360000000003
2024-07-31 16:21:47+00:00,358.8586
2024-07-31 16:25:01+00:00,358.9467
2024-07-31 16:28:15+00:00,359.0078
2024-07-31 16:31:29+00:00,358.9947
2024-07-31 16:34:43+00:00,359.07910000000004
2024-07-31 16:37:57+00:00,359.0057
2024-07-31 17:27:25+00:00,359.1476
2024-07-31 17:30:39+00:00,358.9188
2024-07-31 17:33:53+00:00,358.5103
2024-07-31 17:37:07+00:00,354.6426
2024-07-31 17:40:21+00:00,360.22
2024-07-31 17:43:35+00:00,358.6763
2024-08-01 06:28:07+00:00,358.8595
2024-08-01 06:31:21+00:00,358.9819
2024-08-01 06:34:35+00:00,358.9357
2024-08-01 06:37:49+00:00,358.2917
2024-08-01 06:41:03+00:00,357.6589
2024-08-01 06:44:17+00:00,354.691
2024-08-01 06:47:31+00:00,350.38129999999995
2024-08-01 06:50:45+00:00,350.3831
2024-08-01 06:53:59+00:00,358.3696
2024-08-01 06:57:13+00:00,357.9795
2024-08-01 07:00:27+00:00,358.1138
2024-08-01 07:03:41+00:00,358.3679
2024-08-01 07:06:55+00:00,358.3957
2024-08-01 15:37:58+00:00,357.9365
2024-08-01 15:41:12+00:00,357.3435
2024-08-01 15:44:26+00:00,349.3171
2024-08-01 15:47:40+00:00,352.2806
2024-08-01 15:50:54+00:00,362.0966
2024-08-01 15:54:08+00:00,346.3311
2024-08-01 15:57:22+00:00,358.5502
2024-08-01 16:00:36+00:00,357.7107
2024-08-01 16:03:50+00:00,357.897
2024-08-01 16:07:04+00:00,358.1875
2024-08-01 16:10:18+00:00,358.3085
2024-08-01 16:13:32+00:00,358.3508
2024-08-01 16:16:46+00:00,358.521
2024-08-02 08:30:25+00:00,357.766
2024-08-02 08:33:39+00:00,357.659
2024-08-02 08:36:53+00:00,357.6566
2024-08-02 08:40:07+00:00,357.68260000000004
2024-08-02 08:43:21+00:00,357.6246
2024-08-02 08:46:35+00:00,357.6543
2024-08-02 08:49:49+00:00,358.0743
2024-08-02 08:53:03+00:00,355.45590000000004
2024-08-02 08:56:17+00:00,347.2579
2024-08-02 08:59:31+00:00,349.867
2024-08-02 09:02:45+00:00,347.376
2024-08-02 09:05:59+00:00,338.3383
2024-08-06 15:37:48+00:00,373.05480000000006
2024-08-06 15:41:02+00:00,365.4919
2024-08-06 15:44:16+00:00,352.449
2024-08-06 15:47:30+00:00,362.1935
2024-08-06 15:50:44+00:00,354.95550000000003
2024-08-06 15:53:58+00:00,354.1585
2024-08-06 15:57:12+00:00,357.5463
2024-08-06 16:00:26+00:00,356.8937
2024-08-06 16:03:40+00:00,358.471
2024-08-06 16:06:54+00:00,358.13660000000004
2024-08-06 16:10:08+00:00,358.4538
2024-08-06 16:13:22+00:00,358.7439
2024-08-06 17:02:42+00:00,359.2132
2024-08-06 17:05:56+00:00,359.0947
2024-08-06 17:09:10+00:00,359.1467
2024-08-06 17:12:24+00:00,359.1649
2024-08-06 17:15:38+00:00,359.12270000000007
2024-08-06 17:18:52+00:00,359.23440000000005
2024-08-06 17:22:06+00:00,359.05690000000004
2024-08-06 17:25:20+00:00,357.91900000000004
2024-08-06 17:28:34+00:00,358.4023
2024-08-06 17:31:48+00:00,358.9166
2024-08-06 17:35:02+00:00,359.1087
2024-08-06 17:38:16+00:00,359.056
2024-08-06 17:41:30+00:00,359.0792
2024-08-06 17:44:44+00:00,359.1449
2024-08-06 18:10:54+00:00,358.5496
2024-08-06 18:14:08+00:00,359.5843
2024-08-06 18:17:22+00:00,358.5158
2024-08-06 18:20:36+00:00,358.8983
2024-08-06 18:23:50+00:00,359.0806
2024-08-06 18:27:04+00:00,359.0757
2024-08-06 18:30:18+00:00,359.1073
2024-08-08 05:12:44+00:00,358.68949999999995
2024-08-08 05:15:58+00:00,358.6465
2024-08-08 05:19:12+00:00,358.7295
2024-08-08 05:22:26+00:00,358.6899
2024-08-08 05:25:40+00:00,356.6129
2024-08-08 05:28:54+00:00,355.9011
2024-08-08 05:32:08+00:00,363.7461
2024-08-08 05:35:22+00:00,355.5563
2024-08-08 05:38:36+00:00,354.9139
2024-08-08 05:41:50+00:00,356.5499
2024-08-08 05:45:04+00:00,353.1753
2024-08-08 05:48:18+00:00,355.1367
2024-08-10 06:14:28+00:00,354.8846
2024-08-10 06:17:42+00:00,354.8085
2024-08-10 06:20:56+00:00,354.7517
2024-08-10 06:24:10+00:00,354.67400000000004
2024-08-10 06:27:24+00:00,354.5219
2024-08-10 06:30:38+00:00,354.6635
2024-08-10 06:33:52+00:00,354.6804
2024-08-10 06:37:06+00:00,353.0133
2024-08-10 07:02:56+00:00,361.4403
2024-08-10 07:06:10+00:00,351.8642
2024-08-10 07:09:24+00:00,352.7533
2024-08-10 07:12:38+00:00,353.4696
2024-08-10 07:15:52+00:00,345.92580000000004
2024-08-10 07:19:06+00:00,354.1777
2024-08-10 07:22:20+00:00,352.0339
2024-08-10 07:25:34+00:00,354.6483
2024-08-10 07:28:48+00:00,352.3286
2024-08-10 07:32:02+00:00,352.0049
2024-08-10 07:35:16+00:00,353.3378
2024-08-10 07:38:30+00:00,350.6458
2024-08-10 07:41:44+00:00,349.2822
2024-08-10 07:44:58+00:00,347.9037
2024-08-10 07:48:12+00:00,351.18270000000007
2024-08-10 07:51:26+00:00,351.8254
2024-08-10 07:54:40+00:00,335.1949
2024-08-10 07:57:54+00:00,348.1725
2024-08-10 08:01:08+00:00,347.5543
2024-08-10 08:04:22+00:00,343.5436
2024-08-10 08:07:36+00:00,326.2827
2024-08-10 08:10:50+00:00,352.1375
2024-08-10 08:14:04+00:00,350.79540000000003
2024-08-10 08:17:18+00:00,351.4517
2024-08-10 08:20:32+00:00,346.19840000000005
2024-08-10 08:23:46+00:00,343.31940000000003
2024-08-10 08:27:00+00:00,354.9318
2024-08-10 08:30:14+00:00,352.0854
2024-08-10 08:33:28+00:00,355.8674
2024-08-10 08:36:42+00:00,354.0869
2024-08-10 08:39:56+00:00,358.8867
2024-08-10 08:43:10+00:00,349.75840000000005
2024-08-10 08:46:24+00:00,353.4654
2024-08-10 08:49:38+00:00,353.7022
2024-08-10 08:52:52+00:00,352.67690000000005
2024-08-10 08:56:06+00:00,353.42510000000004
2024-08-10 08:59:20+00:00,354.11150000000004
2024-08-10 09:02:34+00:00,354.2796
2024-08-10 09:05:48+00:00,354.42080000000004
2024-08-10 10:18:17+00:00,354.64480000000003
2024-08-10 10:21:31+00:00,354.711
2024-08-10 10:24:45+00:00,354.6669
2024-08-10 10:27:59+00:00,354.1006
2024-08-10 10:31:13+00:00,353.9055
2024-08-10 10:34:27+00:00,354.0367
2024-08-10 10:37:41+00:00,350.82
2024-08-10 10:40:55+00:00,355.73080000000004
2024-08-10 10:44:09+00:00,347.399
2024-08-10 10:47:23+00:00,354.4314
2024-08-10 10:50:37+00:00,352.5201
2024-08-10 19:12:41+00:00,359.14090000000004
2024-08-10 19:15:55+00:00,358.37840000000006
2024-08-10 19:19:09+00:00,355.9497
2024-08-10 19:22:23+00:00,357.8543
2024-08-10 19:25:37+00:00,358.1768
2024-08-10 19:28:51+00:00,358.1872
2024-08-10 19:32:05+00:00,358.3761
2024-08-10 19:35:19+00:00,358.3871
2024-08-10 19:38:33+00:00,358.4014
2024-08-10 19:41:47+00:00,358.4096
2024-08-10 19:45:01+00:00,358.19800000000004
2024-08-10 19:48:15+00:00,357.8088
2024-08-10 19:51:29+00:00,357.5276
2024-08-10 19:54:43+00:00,359.7305
2024-08-10 19:57:57+00:00,355.93840000000006
2024-08-10 20:01:11+00:00,357.18590000000006
2024-08-10 20:04:25+00:00,357.12770000000006
2024-08-10 20:07:39+00:00,352.82129999999995
2024-08-10 20:10:53+00:00,354.7927
2024-08-10 20:14:07+00:00,358.1568
2024-08-10 20:17:21+00:00,354.73900000000003
2024-08-10 20:20:35+00:00,359.8526
2024-08-10 20:23:49+00:00,356.7103
2024-08-10 20:27:03+00:00,351.7788
2024-08-10 20:30:17+00:00,354.6485
2024-08-10 20:33:31+00:00,354.4414
2024-08-10 20:36:45+00:00,350.659
2024-08-10 20:39:59+00:00,351.32449999999994
2024-08-10 20:43:13+00:00,349.23440000000005
2024-08-10 20:46:27+00:00,351.9159
2024-08-10 20:49:41+00:00,349.6012
2024-08-10 20:52:55+00:00,351.77590000000004
2024-08-10 20:56:09+00:00,350.48400000000004
2024-08-10 20:59:23+00:00,349.69019999999995
2024-08-10 21:02:37+00:00,346.0114
2024-08-10 21:05:51+00:00,338.3616
2024-08-10 21:09:05+00:00,349.7936
2024-08-10 21:12:19+00:00,350.8556
2024-08-10 21:15:33+00:00,351.5158
2024-08-10 21:18:47+00:00,346.6045
2024-08-10 21:22:01+00:00,355.9672
2024-08-10 21:25:15+00:00,354.2354
2024-08-10 21:28:29+00:00,341.39239999999995
2024-08-10 21:31:43+00:00,346.87260000000003
2024-08-10 21:34:57+00:00,353.3911
2024-08-10 21:38:11+00:00,350.21200000000005
2024-08-10 21:41:25+00:00,347.7862
2024-08-10 21:44:39+00:00,347.5921
2024-08-10 21:47:53+00:00,348.8475
2024-08-10 21:51:07+00:00,347.696
2024-08-10 21:54:21+00:00,345.75484848484854
2024-08-10 21:57:35+00:00,345.1132
2024-08-10 22:00:49+00:00,344.61660000000006
2024-08-10 22:04:03+00:00,341.7303
2024-08-10 22:07:17+00:00,346.0704
2024-08-10 22:10:31+00:00,351.36330000000004
2024-08-10 22:13:45+00:00,334.7635
2024-08-10 22:16:59+00:00,345.5359
2024-08-10 22:48:09+00:00,351.9546
2024-08-10 22:51:23+00:00,355.9051
2024-08-10 22:54:37+00:00,358.6021
2024-08-10 22:57:51+00:00,354.7314
2024-08-10 23:01:05+00:00,357.3285
2024-08-10 23:04:19+00:00,356.7239
2024-08-10 23:07:33+00:00,358.3081
2024-08-10 23:10:47+00:00,358.2876
2024-08-10 23:14:01+00:00,357.23690000000005
2024-08-10 23:17:15+00:00,358.46520000000004
2024-08-10 23:20:29+00:00,358.825
2024-08-10 23:23:43+00:00,358.9141
2024-08-10 23:26:57+00:00,358.9206
2024-08-10 23:30:11+00:00,359.0443
2024-08-11 06:29:16+00:00,358.82020000000006
2024-08-11 06:32:30+00:00,358.75190000000003
2024-08-11 06:35:44+00:00,358.8353
2024-08-11 06:38:58+00:00,358.7817
2024-08-11 06:42:12+00:00,358.7511
2024-08-11 06:45:26+00:00,358.7499
2024-08-11 06:48:40+00:00,355.1171
2024-08-11 06:51:54+00:00,362.6308
2024-08-11 06:55:08+00:00,357.5839
2024-08-11 06:58:22+00:00,357.746
2024-08-11 07:01:36+00:00,358.0843
2024-08-11 07:04:50+00:00,358.1714
2024-08-11 07:08:04+00:00,358.36300000000006
2024-08-11 07:34:23+00:00,358.5249
2024-08-11 07:37:37+00:00,356.16020000000003
2024-08-11 07:40:51+00:00,348.4567
2024-08-11 07:44:05+00:00,354.1983
2024-08-11 07:47:19+00:00,353.4174
2024-08-11 07:50:33+00:00,350.5534
2024-08-11 07:53:47+00:00,346.0328
2024-08-11 07:57:01+00:00,350.8097
2024-08-11 08:00:15+00:00,335.2707
2024-08-11 08:03:29+00:00,351.75050000000005
2024-08-11 08:06:43+00:00,347.0101
2024-08-11 08:09:57+00:00,355.6426
2024-08-11 08:13:11+00:00,351.2068
2024-08-11 08:16:25+00:00,354.2001
2024-08-11 08:19:39+00:00,351.7449
2024-08-11 08:22:53+00:00,354.4903
2024-08-11 08:26:07+00:00,354.4457
2024-08-11 13:40:33+00:00,379.3398
2024-08-11 13:43:47+00:00,371.6964
2024-08-11 13:47:01+00:00,361.4839
2024-08-11 13:50:15+00:00,359.94230000000005
2024-08-11 13:53:29+00:00,359.3649
2024-08-11 13:56:43+00:00,359.43090000000007
2024-08-11 13:59:57+00:00,357.8789
2024-08-11 14:03:11+00:00,357.7008
2024-08-11 14:06:25+00:00,357.7309
2024-08-11 14:09:39+00:00,357.7533
2024-08-11 14:12:53+00:00,357.7508
2024-08-11 14:16:07+00:00,358.0356
2024-08-11 14:19:21+00:00,358.55580000000003
2024-08-11 14:22:35+00:00,358.7092
2024-08-11 14:25:49+00:00,358.74760000000003
2024-08-11 14:29:03+00:00,358.86730000000006
2024-08-29 15:21:03+00:00,365.6194
2024-08-29 15:24:17+00:00,361.8713
2024-08-29 15:27:31+00:00,357.4031
2024-08-29 15:30:45+00:00,361.4392
2024-08-29 15:33:59+00:00,362.7001
2024-08-29 15:37:13+00:00,353.1675
2024-08-29 15:40:27+00:00,356.7225
2024-08-29 15:43:41+00:00,357.2785
2024-08-29 15:46:55+00:00,358.6668
2024-08-29 15:50:09+00:00,362.1889
2024-08-29 15:53:23+00:00,358.2921
2024-08-29 15:56:37+00:00,358.7644
2024-08-30 06:36:28+00:00,358.9881
2024-08-30 06:39:42+00:00,358.2474
2024-08-30 06:42:56+00:00,358.2188
2024-08-30 06:46:10+00:00,353.8293
2024-08-30 06:49:24+00:00,354.2285
2024-08-30 06:52:38+00:00,357.9574
2024-08-30 08:51:09+00:00,358.90270000000004
2024-08-30 08:54:23+00:00,358.9109
2024-08-30 08:57:37+00:00,358.93440000000004
2024-08-30 09:00:51+00:00,358.8623
2024-08-30 09:04:05+00:00,358.9607
2024-08-30 09:07:19+00:00,358.8836
2024-08-30 09:10:33+00:00,358.8779797979798
2024-08-30 09:13:47+00:00,353.1156
2024-08-30 09:17:01+00:00,357.50199999999995
2024-08-30 09:20:15+00:00,357.7557
2024-08-30 09:23:29+00:00,357.8707
2024-08-30 09:26:43+00:00,351.08660000000003
2024-08-30 09:29:57+00:00,354.37690000000003
2024-08-30 09:33:11+00:00,359.7801
2024-08-30 09:36:25+00:00,355.06050000000005
2024-08-30 09:39:39+00:00,358.1961
2024-08-30 09:42:53+00:00,358.2228
2024-08-30 09:46:07+00:00,358.48870000000005
2024-08-30 09:49:21+00:00,358.4225
2024-08-30 09:52:35+00:00,358.5793
2024-08-30 09:55:49+00:00,358.5668
2024-08-30 09:59:03+00:00,358.5943
2024-08-30 10:02:17+00:00,358.67900000000003
2024-08-30 10:05:31+00:00,358.5189
2024-08-30 10:08:45+00:00,358.4231
2024-08-30 10:11:59+00:00,359.0473
2024-08-30 10:15:13+00:00,361.2218
2024-08-30 10:18:27+00:00,358.9069
2024-08-30 10:21:41+00:00,358.3493
2024-08-30 10:24:55+00:00,358.6104
2024-08-30 10:28:09+00:00,358.6261
2024-08-30 10:31:23+00:00,358.6523
2024-08-30 10:34:37+00:00,358.78970000000004
2024-08-31 18:29:41+00:00,358.4776
2024-08-31 18:32:55+00:00,358.4612
2024-08-31 18:36:09+00:00,358.5382
2024-08-31 18:39:23+00:00,358.49330000000003
2024-08-31 18:42:37+00:00,358.53270000000003
2024-08-31 18:45:51+00:00,358.0825
2024-08-31 18:49:05+00:00,357.3453
2024-08-31 18:52:19+00:00,353.7869
2024-08-31 18:55:33+00:00,356.756
2024-08-31 18:58:47+00:00,357.2085
2024-08-31 19:02:01+00:00,357.5399
2024-08-31 19:05:15+00:00,357.7057
2024-08-31 19:08:29+00:00,357.9195
2024-08-31 20:44:03+00:00,358.43700000000007
2024-08-31 20:47:17+00:00,358.3697
2024-08-31 20:50:31+00:00,356.1668
2024-08-31 20:53:45+00:00,353.8563
2024-08-31 20:56:59+00:00,353.4454
2024-08-31 21:00:13+00:00,356.5445
2024-08-31 21:03:27+00:00,356.90590000000003
2024-09-01 10:23:32+00:00,362.2057
2024-09-01 10:26:46+00:00,358.0056565656565
2024-09-01 10:30:00+00:00,359.2245
2024-09-01 10:33:14+00:00,357.9329
2024-09-01 10:36:28+00:00,353.4611
2024-09-01 10:39:42+00:00,347.0613
2024-09-01 10:42:56+00:00,357.8543
2024-09-01 10:46:10+00:00,358.68270000000007
2024-09-01 10:49:24+00:00,359.2453
2024-09-01 10:52:38+00:00,359.2361
2024-09-01 10:55:52+00:00,359.4025
2024-09-01 13:40:02+00:00,358.1681
2024-09-01 13:43:16+00:00,358.2397
2024-09-01 13:46:30+00:00,358.38050000000004
2024-09-01 13:49:44+00:00,358.3358
2024-09-01 13:52:58+00:00,357.146
2024-09-01 13:56:12+00:00,352.5387
2024-09-01 13:59:26+00:00,360.8275
2024-09-01 14:02:40+00:00,354.94230000000005
2024-09-01 14:05:54+00:00,358.0329
2024-09-01 14:09:08+00:00,356.95309999999995
2024-09-01 15:39:07+00:00,361.2241
2024-09-01 15:42:21+00:00,360.3644000000001
2024-09-01 15:45:35+00:00,356.8886
2024-09-01 15:48:49+00:00,354.23510000000005
2024-09-01 15:52:03+00:00,353.04470000000003
2024-09-01 15:55:17+00:00,352.18370000000004
2024-09-01 15:58:31+00:00,352.14660000000003
2024-09-01 16:01:45+00:00,354.0828
2024-09-01 16:04:59+00:00,355.3397
2024-09-01 16:08:13+00:00,358.11690000000004
2024-09-01 16:11:27+00:00,353.75410000000005
2024-09-01 16:14:41+00:00,353.7375
2024-09-01 16:17:55+00:00,356.26840000000004
2024-09-01 16:21:09+00:00,352.414
2024-09-01 16:24:23+00:00,353.5479
2024-09-01 16:27:37+00:00,353.67730000000006
2024-09-01 16:30:51+00:00,350.07340000000005
2024-09-01 16:34:05+00:00,350.8417
2024-09-01 16:37:19+00:00,353.8415
2024-09-01 16:40:33+00:00,341.5482
2024-09-01 16:43:47+00:00,356.95520000000005
2024-09-01 16:47:01+00:00,351.02660000000003
2024-09-01 16:50:15+00:00,349.7789
2024-09-01 16:53:29+00:00,343.25270000000006
2024-09-01 16:56:43+00:00,355.8806
2024-09-01 16:59:57+00:00,352.1322
2024-09-01 17:03:11+00:00,351.75020000000006
2024-09-01 17:06:25+00:00,350.83480000000003
2024-09-01 17:09:39+00:00,352.511
2024-09-01 17:12:53+00:00,351.5118
2024-09-01 17:16:07+00:00,352.2814
2024-09-01 17:19:21+00:00,351.9889
2024-09-01 17:22:35+00:00,347.5864
2024-09-01 17:25:49+00:00,357.6481
2024-09-01 17:29:03+00:00,346.2508
2024-09-01 17:32:17+00:00,352.7225
2024-09-01 17:35:31+00:00,345.8803
2024-09-01 17:38:45+00:00,343.9188
2024-09-01 18:11:11+00:00,361.5766
2024-09-01 18:14:25+00:00,359.38
2024-09-01 18:17:39+00:00,352.44020000000006
2024-09-01 18:20:53+00:00,357.23150000000004
2024-09-01 18:24:07+00:00,359.5531
2024-09-01 18:27:21+00:00,354.6892
2024-09-01 18:30:35+00:00,362.098
2024-09-01 18:33:49+00:00,356.05840000000006
2024-09-01 18:37:03+00:00,350.9449
2024-09-01 18:40:17+00:00,356.0942
2024-09-01 18:43:31+00:00,352.63480000000004
2024-09-01 18:46:45+00:00,352.5449
2024-09-01 18:49:59+00:00,347.8725
2024-09-01 18:53:13+00:00,348.396
2024-09-01 18:56:27+00:00,355.2076
2024-09-01 18:59:41+00:00,351.819
2024-09-01 19:02:55+00:00,347.1292
2024-09-01 19:06:09+00:00,354.1847
2024-09-01 19:09:23+00:00,352.1828
2024-09-01 19:12:37+00:00,343.5282
2024-09-01 19:15:51+00:00,360.5117
2024-09-01 19:19:05+00:00,353.68480000000005
2024-09-01 19:22:19+00:00,353.7889
2024-09-01 19:25:33+00:00,354.4415
2024-09-01 19:28:47+00:00,354.5636
2024-09-01 19:32:01+00:00,354.68190000000004
2024-09-01 19:35:15+00:00,354.8149
2024-09-02 06:26:14+00:00,354.7443
2024-09-02 06:29:28+00:00,354.707
2024-09-02 06:32:42+00:00,354.7288
2024-09-02 06:35:56+00:00,354.7117
2024-09-02 06:39:10+00:00,354.6496
2024-09-02 06:42:24+00:00,353.83480000000003
2024-09-02 06:45:38+00:00,353.2065
2024-09-02 06:48:52+00:00,353.1684
2024-09-02 06:52:06+00:00,353.51550000000003
2024-09-02 06:55:20+00:00,352.5989
2024-09-02 06:58:34+00:00,353.89300000000003
2024-09-02 07:01:48+00:00,354.1279
2024-09-02 07:05:02+00:00,354.28950000000003
2024-09-02 15:51:35+00:00,354.376
2024-09-02 15:54:49+00:00,354.34340000000003
2024-09-02 15:58:03+00:00,354.409
2024-09-02 16:01:17+00:00,354.30230000000006
2024-09-02 16:04:31+00:00,353.021
2024-09-02 16:07:45+00:00,354.4063
2024-09-02 16:10:59+00:00,352.5776
2024-09-02 16:14:13+00:00,353.0696
2024-09-02 16:17:27+00:00,353.4022
2024-09-02 16:20:41+00:00,353.7046
2024-09-02 16:23:55+00:00,353.8998
2024-09-02 16:27:09+00:00,353.9852
2024-09-02 16:30:23+00:00,354.1023
2024-09-03 08:19:42+00:00,353.8756
2024-09-03 08:22:56+00:00,353.77160000000003
2024-09-03 08:26:10+00:00,353.7949
2024-09-03 08:29:24+00:00,351.5578
2024-09-03 08:32:38+00:00,352.1865
2024-09-03 08:35:52+00:00,352.3404
2024-09-03 08:39:06+00:00,349.38950000000006
2024-09-03 08:42:20+00:00,351.1464
2024-09-03 08:45:34+00:00,352.88129999999995
2024-09-03 08:48:48+00:00,332.7774
2024-09-03 08:52:02+00:00,352.4133
2024-09-03 08:55:16+00:00,347.754
2024-09-03 08:58:30+00:00,335.55830000000003
2024-09-03 09:01:44+00:00,344.4343
2024-09-03 09:04:58+00:00,346.0333
2024-09-03 09:08:12+00:00,336.6882
2024-09-03 09:11:26+00:00,341.44090000000006
2024-09-03 09:14:40+00:00,347.4296
2024-09-03 09:17:54+00:00,328.1417171717172
2024-09-03 09:21:08+00:00,341.06260000000003
2024-09-03 09:24:22+00:00,340.38629999999995
2024-09-03 10:09:36+00:00,344.7389
2024-09-03 10:12:50+00:00,353.4332
2024-09-03 10:16:04+00:00,352.7417
2024-09-03 10:19:18+00:00,356.18910000000005
2024-09-03 10:22:32+00:00,352.0305
2024-09-03 10:25:46+00:00,355.2553
2024-09-03 10:29:00+00:00,359.885
2024-09-03 10:32:14+00:00,354.89840000000004
2024-09-03 10:35:28+00:00,342.23760000000004
2024-09-03 10:38:42+00:00,362.3135
2024-09-03 10:41:56+00:00,351.3369
2024-09-03 10:45:10+00:00,359.5976
2024-09-03 10:48:24+00:00,343.0065
2024-09-03 10:51:38+00:00,360.871
2024-09-03 10:54:52+00:00,355.0367
2024-09-03 10:58:06+00:00,352.6428
2024-09-03 11:01:20+00:00,352.14300000000003
2024-09-03 11:04:34+00:00,356.1831
2024-09-03 11:07:48+00:00,350.0466
2024-09-03 11:11:02+00:00,347.7556
2024-09-03 11:14:16+00:00,350.0761
2024-09-03 11:17:30+00:00,356.2773
2024-09-03 11:20:44+00:00,352.8122
2024-09-03 11:23:58+00:00,342.286
2024-09-03 11:27:12+00:00,346.9938
2024-09-03 11:30:26+00:00,335.4079
2024-09-03 11:33:40+00:00,343.46868686868686
2024-09-03 11:36:54+00:00,343.3631
2024-09-03 11:40:08+00:00,348.7513
2024-09-03 11:43:22+00:00,349.1378
2024-09-03 11:46:36+00:00,345.3967
2024-09-03 11:49:50+00:00,350.3779
2024-09-03 11:53:04+00:00,352.7011
2024-09-03 11:56:18+00:00,346.14090000000004
2024-09-03 11:59:32+00:00,351.4026
2024-09-03 12:02:46+00:00,349.7995
2024-09-03 12:06:00+00:00,345.8176
2024-09-03 12:09:14+00:00,345.2054
2024-09-03 12:12:28+00:00,349.30121212121213
2024-09-03 12:15:42+00:00,345.8892
2024-09-03 12:18:56+00:00,349.7738
2024-09-03 12:22:10+00:00,346.2115
2024-09-03 12:25:24+00:00,351.459
2024-09-03 12:28:38+00:00,343.3534
2024-09-03 12:41:59+00:00,358.1344
2024-09-03 12:45:13+00:00,359.66900000000004
2024-09-03 12:48:27+00:00,356.425
2024-09-03 12:51:41+00:00,356.3422
2024-09-03 12:54:55+00:00,356.32160000000005
2024-09-03 12:58:09+00:00,356.355
2024-09-03 13:01:23+00:00,356.20770000000005
2024-09-03 13:13:17+00:00,356.22360000000003
2024-09-03 13:16:31+00:00,354.3824
2024-09-03 13:19:45+00:00,355.7219
2024-09-03 13:22:59+00:00,355.4938
2024-09-03 13:26:13+00:00,355.76550000000003
2024-09-03 13:29:27+00:00,355.7839
2024-09-03 16:37:13+00:00,355.33160000000004
2024-09-03 16:40:27+00:00,355.4436
2024-09-03 16:43:41+00:00,355.3796
2024-09-03 16:46:55+00:00,354.4743
2024-09-03 16:50:09+00:00,351.07300000000004
2024-09-03 16:53:23+00:00,354.0829
2024-09-03 16:56:37+00:00,356.94160000000005
2024-09-03 16:59:51+00:00,354.8092
2024-09-03 17:03:05+00:00,354.9633
2024-09-03 17:06:19+00:00,355.1292
2024-09-03 17:09:33+00:00,355.0412
2024-09-03 17:12:47+00:00,355.18690000000004
2024-09-03 17:16:01+00:00,355.1642
2024-09-03 18:51:32+00:00,355.1129
2024-09-03 18:54:46+00:00,352.9372
2024-09-03 18:58:00+00:00,354.5022
2024-09-03 19:01:14+00:00,353.7078
2024-09-03 19:04:28+00:00,354.3706
2024-09-03 19:07:42+00:00,354.5513
2024-09-03 19:10:56+00:00,354.71020000000004
2024-09-04 06:00:23+00:00,354.3922
2024-09-04 06:03:37+00:00,354.3667
2024-09-04 06:06:51+00:00,354.3225
2024-09-04 06:10:05+00:00,354.4128
2024-09-04 06:13:19+00:00,353.7852
2024-09-04 06:16:33+00:00,355.9272
2024-09-04 06:19:47+00:00,358.64090000000004
2024-09-04 06:23:01+00:00,353.0924
2024-09-04 06:26:15+00:00,337.3132
2024-09-04 06:29:29+00:00,354.3774
2024-09-04 06:32:43+00:00,346.5714
2024-09-04 06:35:57+00:00,353.6195
2024-09-04 06:39:11+00:00,356.4986
2024-09-04 06:42:25+00:00,352.61760000000004
2024-09-04 06:45:39+00:00,353.5032
2024-09-04 15:34:46+00:00,360.1932
2024-09-04 15:38:00+00:00,356.57270000000005
2024-09-04 15:41:14+00:00,356.36150000000004
2024-09-04 15:44:28+00:00,355.681
2024-09-04 15:47:42+00:00,342.5514
2024-09-04 15:50:56+00:00,364.3731
2024-09-04 15:54:10+00:00,349.3149
2024-09-04 15:57:24+00:00,358.3315
2024-09-04 16:00:38+00:00,357.80370000000005
2024-09-04 16:03:52+00:00,358.7514
2024-09-04 16:07:06+00:00,358.63550000000004
2024-09-06 11:13:42+00:00,358.735
2024-09-06 11:16:56+00:00,358.6453
2024-09-06 11:20:10+00:00,367.0933
2024-09-06 11:23:24+00:00,354.5938
2024-09-06 11:26:38+00:00,356.7921
2024-09-06 11:29:52+00:00,356.2327
2024-09-06 11:33:06+00:00,348.9896
2024-09-06 11:36:20+00:00,348.5887
2024-09-06 11:39:34+00:00,354.2312
2024-09-06 11:42:48+00:00,346.4469
2024-09-06 11:46:02+00:00,361.2004
2024-09-06 11:49:16+00:00,346.5068
2024-09-06 11:52:30+00:00,353.98400000000004
2024-09-06 11:55:44+00:00,355.4465
2024-09-06 11:58:58+00:00,356.8222
2024-09-06 12:02:12+00:00,356.7094
2024-09-06 12:05:26+00:00,356.88230000000004
2024-09-06 12:08:40+00:00,357.1048
2024-09-17 15:53:27+00:00,358.8767
2024-09-17 15:56:41+00:00,358.7971
2024-09-17 15:59:55+00:00,358.9454
2024-09-17 16:03:09+00:00,358.9275
2024-09-17 16:06:23+00:00,358.94769999999994
2024-09-17 16:09:37+00:00,359.0685
2024-09-18 07:06:43+00:00,359.07160000000005
2024-09-18 07:09:57+00:00,358.9141
2024-09-18 07:13:11+00:00,359.0032
2024-09-18 07:16:25+00:00,359.00550000000004
2024-09-18 07:19:39+00:00,358.9635353535353
2024-09-18 07:22:53+00:00,359.0621
2024-09-18 07:26:07+00:00,357.3447
2024-09-18 07:29:21+00:00,358.2676
2024-09-18 07:32:35+00:00,356.031
2024-09-18 07:35:49+00:00,353.6087
2024-09-18 07:39:03+00:00,357.7579
2024-09-18 07:42:17+00:00,363.7228
2024-09-18 07:45:31+00:00,344.0215
2024-09-18 07:48:45+00:00,361.3609
2024-09-18 07:51:59+00:00,357.9047
2024-09-18 15:51:05+00:00,370.0917
2024-09-18 15:54:19+00:00,369.589595959596
2024-09-18 15:57:33+00:00,368.8388
2024-09-18 16:00:47+00:00,360.6574
2024-09-18 16:04:01+00:00,358.74690000000004
2024-09-18 16:07:15+00:00,358.33090000000004
2024-09-18 16:10:29+00:00,356.9751
2024-09-18 16:13:43+00:00,355.9918
2024-09-18 16:16:57+00:00,358.5739
2024-09-18 16:20:11+00:00,356.3201
2024-09-18 16:23:25+00:00,356.9785
2024-09-18 16:26:39+00:00,357.6543
2024-09-18 16:29:53+00:00,356.0785
2024-09-18 16:33:07+00:00,358.2924
2024-09-18 16:36:21+00:00,358.480198019802
2024-09-18 16:39:35+00:00,358.63370000000003
2024-09-18 16:42:49+00:00,358.8193
2024-09-18 16:46:03+00:00,358.73620000000005
2024-09-18 16:49:17+00:00,358.8908
2024-09-18 19:22:25+00:00,359.2063
2024-09-18 19:25:39+00:00,359.0853
2024-09-18 19:28:53+00:00,358.682
2024-09-18 19:32:07+00:00,358.4518
2024-09-18 19:35:21+00:00,358.746
2024-09-18 19:38:35+00:00,358.94870000000003
2024-09-18 20:27:54+00:00,359.0911
2024-09-18 20:31:08+00:00,359.1619
2024-09-18 20:34:22+00:00,359.0581
2024-09-18 20:37:36+00:00,359.2032
2024-09-18 20:40:50+00:00,358.1975
2024-09-18 20:44:04+00:00,358.7257
2024-09-18 20:47:18+00:00,358.9028
2024-09-19 06:27:00+00:00,359.045
2024-09-19 06:30:14+00:00,358.8975
2024-09-19 06:33:28+00:00,358.9796
2024-09-19 06:36:42+00:00,358.9729
2024-09-19 06:39:56+00:00,358.93010000000004
2024-09-19 06:43:10+00:00,355.0782
2024-09-19 06:46:24+00:00,357.766
2024-09-19 06:49:38+00:00,356.46770000000004
2024-09-19 06:52:52+00:00,347.4162
2024-09-19 06:56:06+00:00,343.6346
2024-09-19 06:59:20+00:00,361.13520000000005
2024-09-19 07:02:34+00:00,356.1098
2024-09-19 07:05:48+00:00,358.1721
2024-09-19 14:50:17+00:00,358.94
2024-09-19 14:53:31+00:00,358.8894
2024-09-19 14:56:45+00:00,358.93840000000006
2024-09-19 14:59:59+00:00,358.9014
2024-09-19 15:03:13+00:00,358.8551
2024-09-19 15:06:27+00:00,358.9597
2024-09-19 15:09:41+00:00,358.0625742574257
2024-09-19 15:12:55+00:00,358.42220000000003
2024-09-19 15:16:09+00:00,357.7335
2024-09-19 15:19:23+00:00,353.1125
2024-09-19 15:22:37+00:00,343.92940000000004
2024-09-19 15:25:51+00:00,357.37090000000006
2024-09-19 15:29:05+00:00,365.3995
2024-09-19 15:32:19+00:00,358.37800000000004
2024-09-19 15:35:33+00:00,357.98620000000005
2024-09-19 15:38:47+00:00,358.37330000000003
2024-09-19 15:42:01+00:00,358.44199999999995
2024-09-19 15:45:15+00:00,358.5326
2024-09-19 15:48:29+00:00,358.5966
2024-09-20 05:52:24+00:00,358.70410000000004
2024-09-20 05:55:38+00:00,358.7217
2024-09-20 05:58:52+00:00,358.6415
2024-09-20 06:02:06+00:00,358.7271
2024-09-20 06:05:20+00:00,358.68370000000004
2024-09-20 06:08:34+00:00,355.467
2024-09-20 06:11:48+00:00,357.5911
2024-09-20 06:15:02+00:00,350.9371
2024-09-20 06:18:16+00:00,355.3731
2024-09-20 06:21:30+00:00,349.331
2024-09-20 06:24:44+00:00,353.69980000000004
2024-09-20 06:27:58+00:00,357.495
2024-09-20 06:31:12+00:00,356.31230000000005
2024-09-20 06:34:26+00:00,346.3492
2024-09-20 06:37:40+00:00,351.1243
2024-09-20 06:40:54+00:00,355.801
2024-09-20 12:17:31+00:00,368.55730000000005
2024-09-20 12:20:45+00:00,369.3685
2024-09-20 12:23:59+00:00,362.1039
2024-09-20 12:27:13+00:00,351.4118
2024-09-20 12:30:27+00:00,350.7301
2024-09-20 12:33:41+00:00,350.894
2024-09-20 12:36:55+00:00,358.5424
2024-09-20 12:40:09+00:00,358.22540000000004
2024-09-20 12:43:23+00:00,358.5522
2024-09-20 12:46:37+00:00,358.5935
2024-09-20 12:49:51+00:00,358.6706
2024-09-20 12:53:05+00:00,358.82660000000004
2024-09-20 15:37:46+00:00,359.1775
2024-09-20 15:41:00+00:00,359.1016
2024-09-20 15:44:14+00:00,359.1116
2024-09-20 15:47:28+00:00,359.20230000000004
2024-09-20 15:50:42+00:00,359.0585
2024-09-20 15:53:56+00:00,358.5425
2024-09-20 15:57:10+00:00,352.9191
2024-09-20 16:00:24+00:00,358.1999
2024-09-20 16:03:38+00:00,358.50910000000005
2024-09-20 16:06:52+00:00,358.57620000000003
2024-09-20 16:10:06+00:00,358.82620000000003
2024-09-20 16:13:20+00:00,358.8308
2024-09-20 16:16:34+00:00,358.8616
2024-09-20 16:19:48+00:00,359.00190000000003
2024-09-20 16:23:02+00:00,358.8843
2024-09-20 16:26:16+00:00,358.9827
2024-09-20 16:29:30+00:00,358.4698
2024-09-20 16:32:44+00:00,362.0694
2024-09-20 16:35:58+00:00,357.83340000000004
2024-09-20 16:39:12+00:00,358.307
2024-09-21 08:20:19+00:00,358.8983
2024-09-21 08:23:33+00:00,358.9607
2024-09-21 08:26:47+00:00,358.82090000000005
2024-09-21 08:30:01+00:00,357.5419
2024-09-21 08:33:15+00:00,350.3609
2024-09-21 08:36:29+00:00,353.8613
2024-09-21 08:39:43+00:00,357.8595
2024-09-21 08:42:57+00:00,352.9228
2024-09-21 08:46:11+00:00,351.0311
2024-09-21 08:49:25+00:00,348.53340000000003
2024-09-21 08:52:39+00:00,357.03340000000003
2024-09-21 08:55:53+00:00,353.4567
2024-09-21 08:59:07+00:00,346.2306
2024-09-21 09:02:21+00:00,349.0011
2024-09-21 09:05:35+00:00,365.6764
2024-09-21 09:08:49+00:00,355.92760000000004
2024-09-21 09:12:03+00:00,355.5701
2024-09-21 09:15:17+00:00,357.6854
2024-09-21 09:18:31+00:00,353.4643
2024-09-21 09:21:45+00:00,353.1204
2024-09-21 09:24:59+00:00,352.36
2024-09-21 09:28:13+00:00,360.2251
2024-09-21 09:31:27+00:00,352.3876
2024-09-21 09:34:41+00:00,355.5832
2024-09-21 09:37:55+00:00,355.79110000000003
2024-09-21 09:41:09+00:00,355.9256
2024-09-21 09:44:23+00:00,356.0232
2024-09-21 09:47:37+00:00,356.08090000000004
2024-09-21 09:50:51+00:00,356.0406
2024-09-21 09:54:05+00:00,356.14340000000004
2024-09-21 09:57:19+00:00,356.1279
2024-09-21 16:09:23+00:00,354.642
2024-09-21 16:12:37+00:00,356.9472
2024-09-21 16:15:51+00:00,354.15
2024-09-21 16:19:05+00:00,354.339
2024-09-21 16:22:19+00:00,356.6961
2024-09-21 16:25:33+00:00,354.21
2024-09-21 16:28:47+00:00,357.22020000000003
2024-09-21 16:32:01+00:00,354.7018
2024-09-21 16:35:15+00:00,354.8564
2024-09-21 16:38:29+00:00,354.9695
2024-09-21 16:41:43+00:00,355.0291
2024-09-21 16:44:57+00:00,354.584
2024-09-21 16:48:11+00:00,354.6524
2024-09-21 16:51:25+00:00,354.73760000000004
2024-09-21 16:54:39+00:00,354.5298
2024-09-21 16:57:53+00:00,354.7
2024-09-21 17:01:07+00:00,352.05400000000003
2024-09-21 17:04:21+00:00,353.0706
2024-09-21 17:07:35+00:00,352.0407
2024-09-21 17:10:49+00:00,350.2058
2024-09-21 17:14:03+00:00,353.3129
2024-09-21 17:17:17+00:00,348.7046
2024-09-21 17:20:31+00:00,353.9914
2024-09-21 17:23:45+00:00,351.0381
2024-09-21 17:26:59+00:00,354.27020000000005
2024-09-21 17:30:13+00:00,335.0399
2024-09-21 17:33:27+00:00,349.5657
2024-09-21 17:36:41+00:00,346.3929
2024-09-21 17:39:55+00:00,352.9429
2024-09-21 17:43:09+00:00,348.6592
2024-09-21 17:46:23+00:00,349.36940000000004
2024-09-21 17:49:37+00:00,349.2714
2024-09-21 17:52:51+00:00,348.11690000000004
2024-09-21 17:56:05+00:00,357.5214
2024-09-21 17:59:19+00:00,352.60020000000003
2024-09-21 18:02:33+00:00,351.1676
2024-09-21 18:05:47+00:00,348.54510000000005
2024-09-21 18:09:01+00:00,349.0296
2024-09-21 18:12:15+00:00,351.72270000000003
2024-09-21 18:15:29+00:00,353.287
2024-09-21 18:18:43+00:00,353.54900000000004
2024-09-21 18:21:57+00:00,353.6016
2024-09-22 09:09:48+00:00,352.3512
2024-09-22 09:13:02+00:00,352.3096
2024-09-22 09:16:16+00:00,352.3124
2024-09-22 09:19:30+00:00,352.31440000000003
2024-09-22 09:22:44+00:00,352.22
2024-09-22 09:25:58+00:00,352.2789
2024-09-22 09:29:12+00:00,352.202
2024-09-22 14:29:15+00:00,385.8943
2024-09-22 14:32:29+00:00,382.9792
2024-09-22 14:35:43+00:00,381.0804
2024-09-22 14:38:57+00:00,379.644
2024-09-22 14:42:11+00:00,378.3859000000001
2024-09-22 14:45:25+00:00,376.99
2024-09-22 14:48:39+00:00,373.9654
2024-09-23 05:58:50+00:00,358.6415
2024-09-23 06:02:04+00:00,358.5983
2024-09-23 06:05:18+00:00,358.5971
2024-09-23 06:08:32+00:00,358.6332
2024-09-23 06:11:46+00:00,358.5582
2024-09-23 06:15:00+00:00,358.999
2024-09-23 06:18:14+00:00,357.345
2024-09-23 06:21:28+00:00,355.55010000000004
2024-09-23 06:24:42+00:00,355.1742
2024-09-23 06:27:56+00:00,369.2107
2024-09-23 06:31:10+00:00,352.6129
2024-09-23 06:34:24+00:00,358.2155
2024-09-23 06:37:38+00:00,356.6116
2024-09-23 06:40:52+00:00,355.3415
2024-09-23 06:44:06+00:00,343.9293
2024-09-23 06:47:20+00:00,359.5946
2024-09-23 06:50:34+00:00,358.2270707070708
2024-09-23 15:51:08+00:00,363.1163
2024-09-23 15:54:22+00:00,360.1564
2024-09-23 15:57:36+00:00,356.1641
2024-09-23 16:00:50+00:00,353.94020000000006
2024-09-23 16:04:04+00:00,359.5188
2024-09-23 16:07:18+00:00,355.289
2024-09-23 16:10:32+00:00,361.0004
2024-09-23 16:13:46+00:00,356.4293
2024-09-23 16:17:00+00:00,355.3804
2024-09-23 16:20:14+00:00,355.4978
2024-09-23 16:23:28+00:00,360.05300000000005
2024-09-23 16:26:42+00:00,360.1479
2024-09-23 16:29:56+00:00,357.06910000000005
2024-09-23 16:33:10+00:00,358.3642
2024-09-23 16:36:24+00:00,358.6413
2024-09-23 16:39:38+00:00,358.6727
2024-09-23 16:42:52+00:00,358.7327
2024-09-23 16:46:06+00:00,358.8578
2024-09-24 08:03:44+00:00,358.9927
2024-09-24 08:06:58+00:00,358.9504
2024-09-24 08:10:12+00:00,358.98080000000004
2024-09-24 08:13:26+00:00,358.9751
2024-09-24 08:16:40+00:00,358.0998
2024-09-24 08:19:54+00:00,356.82379999999995
2024-09-24 08:23:08+00:00,354.1676
2024-09-24 08:26:22+00:00,359.5493
2024-09-24 08:29:36+00:00,357.1557
2024-09-24 08:32:50+00:00,358.18550000000005
2024-09-24 08:36:04+00:00,358.4227
2024-09-24 08:39:18+00:00,358.46160000000003
2024-09-24 08:42:32+00:00,358.5119
2024-09-24 11:04:03+00:00,358.9073
2024-09-24 11:07:17+00:00,358.9383
2024-09-24 11:10:31+00:00,358.93330000000003
2024-09-24 11:13:45+00:00,358.8686
2024-09-24 11:16:59+00:00,357.9897
2024-09-24 11:20:13+00:00,357.5676
2024-09-24 11:23:27+00:00,357.82809999999995
2024-09-24 11:26:41+00:00,357.93699999999995
2024-09-24 11:29:55+00:00,351.0292
2024-09-24 11:33:09+00:00,354.60720000000003
2024-09-24 11:36:23+00:00,352.07309999999995
2024-09-24 11:39:37+00:00,350.2825
2024-09-24 11:42:51+00:00,357.9943
2024-09-24 11:46:05+00:00,357.8894
2024-09-24 15:58:13+00:00,360.6381
2024-09-24 16:01:27+00:00,360.3894
2024-09-24 16:04:41+00:00,360.2751
2024-09-24 16:07:55+00:00,360.2018
2024-09-24 16:11:09+00:00,360.0478
2024-09-24 16:14:23+00:00,359.6781
2024-09-24 16:17:37+00:00,353.9886
2024-09-24 16:20:51+00:00,352.2622
2024-09-24 16:24:05+00:00,358.2069
2024-09-24 16:27:19+00:00,353.30800000000005
2024-09-24 16:30:33+00:00,356.37340000000006
2024-09-24 16:33:47+00:00,356.8353
2024-09-24 16:37:01+00:00,358.1435
2024-09-24 16:40:15+00:00,348.3598
2024-09-24 16:43:29+00:00,358.47610000000003
2024-09-24 16:46:43+00:00,358.46270000000004
2024-09-24 16:49:57+00:00,358.587
2024-09-24 16:53:11+00:00,358.6326
2024-09-24 16:56:25+00:00,358.7621
2024-09-25 07:04:31+00:00,359.0387
2024-09-25 07:07:45+00:00,358.9249
2024-09-25 07:10:59+00:00,358.94620000000003
2024-09-25 07:14:13+00:00,358.9563
2024-09-25 07:17:27+00:00,358.13190000000003
2024-09-25 07:20:41+00:00,354.68590000000006
2024-09-25 07:23:55+00:00,347.6089
2024-09-25 07:27:09+00:00,354.11660000000006
2024-09-25 07:30:23+00:00,355.0538
2024-09-25 07:33:37+00:00,362.3936
2024-09-25 07:36:51+00:00,364.3367
2024-09-25 07:40:05+00:00,352.36830000000003
2024-09-25 07:43:19+00:00,357.2128
2024-09-25 07:46:33+00:00,358.2179
2024-09-25 07:49:47+00:00,358.3516
2024-09-25 07:53:01+00:00,358.4784
2024-09-25 07:56:15+00:00,358.4873
2024-09-25 07:59:29+00:00,358.5144
2024-09-25 08:02:43+00:00,358.617
2024-09-25 15:24:17+00:00,358.7393
2024-09-25 15:27:31+00:00,356.8297
2024-09-25 15:30:45+00:00,360.26559999999995
2024-09-25 15:33:59+00:00,364.2794
2024-09-25 15:37:13+00:00,357.43480000000005
2024-09-25 15:40:27+00:00,355.96200000000005
2024-09-25 15:43:41+00:00,358.6458
2024-09-25 15:46:55+00:00,351.7082
2024-09-25 15:50:09+00:00,356.0561
2024-09-25 15:53:23+00:00,353.4062
2024-09-25 15:56:37+00:00,357.4278
2024-09-25 15:59:51+00:00,357.7154
2024-09-26 05:41:05+00:00,358.776
2024-09-26 05:44:19+00:00,358.7109
2024-09-26 05:47:33+00:00,358.6811
2024-09-26 05:50:47+00:00,358.7839
2024-09-26 05:54:01+00:00,358.6467
2024-09-26 05:57:15+00:00,358.5049
2024-09-26 06:00:29+00:00,356.2186
2024-09-26 06:03:43+00:00,357.0169
2024-09-26 06:06:57+00:00,357.1469
2024-09-26 06:10:11+00:00,350.4115
2024-09-26 06:13:25+00:00,348.74330000000003
2024-09-26 06:16:39+00:00,349.1865
2024-09-26 06:19:53+00:00,355.9382
2024-09-26 06:23:07+00:00,356.72790000000003
2024-09-26 06:26:21+00:00,356.9794
2024-09-26 06:29:35+00:00,357.3233
2024-09-26 06:32:49+00:00,357.53860000000003
2024-09-26 06:36:03+00:00,357.65840000000003
2024-09-26 06:39:17+00:00,357.86580000000004
2024-09-26 06:42:31+00:00,357.8527
2024-09-26 15:36:28+00:00,354.80830000000003
2024-09-26 15:39:42+00:00,345.3149
2024-09-26 15:42:56+00:00,346.1911
2024-09-26 15:46:10+00:00,349.75449999999995
2024-09-26 15:49:24+00:00,359.07200000000006
2024-09-26 15:52:38+00:00,353.3939
2024-09-26 15:55:52+00:00,353.5344
2024-09-26 15:59:06+00:00,353.7022
2024-09-26 16:02:20+00:00,354.1446
2024-09-26 16:05:34+00:00,354.3038
2024-09-26 16:08:48+00:00,354.3149
2024-09-26 16:12:02+00:00,354.38620000000003
2024-09-27 05:49:44+00:00,354.56769999999995
2024-09-27 05:52:58+00:00,354.5253
2024-09-27 05:56:12+00:00,354.6225
2024-09-27 05:59:26+00:00,354.4907
2024-09-27 06:02:40+00:00,354.5935
2024-09-27 06:05:54+00:00,354.56449999999995
2024-09-27 06:09:08+00:00,354.5205
2024-09-27 06:12:22+00:00,352.7739
2024-09-27 06:15:36+00:00,353.5082
2024-09-27 06:18:50+00:00,348.40340000000003
2024-09-27 06:22:04+00:00,353.5514
2024-09-27 06:25:18+00:00,350.99510000000004
2024-09-27 06:28:32+00:00,353.25730000000004
2024-09-27 06:31:46+00:00,348.1034
2024-09-27 06:35:00+00:00,353.31270000000006
2024-09-27 06:38:14+00:00,353.3559
2024-09-27 06:41:28+00:00,349.71340000000004
2024-09-27 06:44:42+00:00,349.2493
2024-09-27 06:47:56+00:00,348.32559999999995
2024-10-01 16:39:17+00:00,358.7039
2024-10-01 16:42:31+00:00,358.7862
2024-10-01 16:45:45+00:00,358.7397
2024-10-01 16:48:59+00:00,358.746
2024-10-01 16:52:13+00:00,358.37270000000007
2024-10-01 16:55:27+00:00,351.4062
2024-10-01 16:58:41+00:00,355.32340000000005
2024-10-01 17:01:55+00:00,354.297
2024-10-01 17:05:09+00:00,356.8667
2024-10-01 17:08:23+00:00,351.14410000000004
2024-10-01 17:11:37+00:00,361.551
2024-10-01 17:14:51+00:00,356.0906
2024-10-01 17:18:05+00:00,359.4999
2024-10-01 17:21:19+00:00,358.38090000000005
2024-10-01 17:24:33+00:00,358.5811
2024-10-01 17:27:47+00:00,358.60790000000003
2024-10-01 17:31:01+00:00,358.7348
2024-10-01 17:34:15+00:00,358.72860000000003
2024-10-01 17:37:29+00:00,358.777
2024-10-02 07:08:12+00:00,358.9074
2024-10-02 07:11:26+00:00,357.1125
2024-10-02 07:14:40+00:00,361.345
2024-10-02 07:17:54+00:00,355.49660000000006
2024-10-02 07:21:08+00:00,354.9904
2024-10-02 07:24:22+00:00,368.2268
2024-10-02 07:27:36+00:00,361.6417
2024-10-02 07:30:50+00:00,349.7725
2024-10-02 07:34:04+00:00,361.1549
2024-10-02 07:37:18+00:00,358.01590000000004
2024-10-02 09:42:34+00:00,362.1422
2024-10-02 09:45:48+00:00,359.05590000000007
2024-10-02 09:49:02+00:00,354.3449
2024-10-02 09:52:16+00:00,357.3456
2024-10-02 09:55:30+00:00,348.79690000000005
2024-10-02 09:58:44+00:00,354.994
2024-10-02 10:01:58+00:00,352.3228
2024-10-02 10:05:12+00:00,351.2601
2024-10-02 10:08:26+00:00,350.5554
2024-10-02 10:11:40+00:00,357.3711
2024-10-02 10:14:54+00:00,353.19590000000005
2024-10-02 10:18:08+00:00,356.66610000000003
2024-10-02 10:21:22+00:00,350.9583
2024-10-02 10:24:36+00:00,354.0875
2024-10-02 10:27:50+00:00,357.9218
2024-10-02 10:31:04+00:00,358.36510000000004
2024-10-02 10:34:18+00:00,358.5285
2024-10-02 10:37:32+00:00,358.6513
2024-10-02 14:08:15+00:00,359.1117
2024-10-02 14:11:29+00:00,359.0061
2024-10-02 14:14:43+00:00,358.61980000000005
2024-10-02 14:17:57+00:00,355.1609
2024-10-02 14:21:11+00:00,355.875
2024-10-02 14:24:25+00:00,347.3368
2024-10-02 14:27:39+00:00,344.9097
2024-10-02 14:30:53+00:00,349.0083
2024-10-02 14:34:07+00:00,345.03610000000003
2024-10-02 14:37:21+00:00,348.4721
2024-10-02 14:40:35+00:00,353.9861
2024-10-02 14:43:49+00:00,353.4911
2024-10-02 14:47:03+00:00,356.2062
2024-10-02 14:50:17+00:00,354.63190000000003
2024-10-02 14:53:31+00:00,352.16020000000003
2024-10-02 14:56:45+00:00,354.7935
2024-10-02 14:59:59+00:00,345.56440000000003
2024-10-02 15:03:13+00:00,354.3036
2024-10-02 15:06:27+00:00,354.4734
2024-10-02 15:09:41+00:00,354.0815
2024-10-02 15:12:55+00:00,339.954
2024-10-02 15:16:09+00:00,348.1172
2024-10-02 15:19:23+00:00,341.15818181818184
2024-10-02 15:22:37+00:00,354.5405
2024-10-02 15:25:51+00:00,354.1306
2024-10-02 15:29:05+00:00,354.4178
2024-10-02 15:32:19+00:00,354.5468
2024-10-02 15:35:33+00:00,354.5457
2024-10-02 15:38:47+00:00,354.66270000000003
2024-10-02 15:42:01+00:00,354.6519
2024-10-02 15:45:15+00:00,354.6933
2024-10-03 06:10:00+00:00,354.5423
2024-10-03 06:13:14+00:00,353.6066
2024-10-03 06:16:28+00:00,354.1599
2024-10-03 06:19:42+00:00,350.6315
2024-10-03 06:22:56+00:00,344.05870000000004
2024-10-03 06:26:10+00:00,348.0219
2024-10-03 06:29:24+00:00,342.8307
2024-10-03 06:32:38+00:00,352.401
2024-10-03 06:35:52+00:00,340.3964
2024-10-03 06:39:06+00:00,352.4187
2024-10-03 06:42:20+00:00,350.98800000000006
2024-10-03 06:45:34+00:00,350.62120000000004
2024-10-03 06:48:48+00:00,353.0455
2024-10-03 06:52:02+00:00,353.3161
2024-10-03 06:55:16+00:00,353.5906
2024-10-03 06:58:30+00:00,353.6264
2024-10-03 07:01:44+00:00,353.706
2024-10-03 07:04:58+00:00,353.869
2024-10-03 10:35:42+00:00,354.6786
2024-10-03 15:56:41+00:00,359.81230000000005
2024-10-03 15:59:55+00:00,359.74230000000006
2024-10-03 16:03:09+00:00,359.61830000000003
2024-10-03 16:06:23+00:00,358.61650000000003
2024-10-03 16:09:37+00:00,355.74160000000006
2024-10-03 16:12:51+00:00,358.76199999999994
2024-10-03 16:16:05+00:00,357.7937
2024-10-03 16:19:19+00:00,358.79830000000004
2024-10-03 16:22:33+00:00,359.4801
2024-10-03 16:25:47+00:00,362.5229
2024-10-03 16:29:01+00:00,355.1353
2024-10-03 16:32:15+00:00,356.3527
2024-10-03 16:35:29+00:00,358.2989
2024-10-03 16:38:43+00:00,358.6015
2024-10-03 16:41:57+00:00,358.75090000000006
2024-10-03 16:45:11+00:00,358.94370000000004
2024-10-03 16:48:25+00:00,358.85970000000003
2024-10-03 16:51:39+00:00,359.0032
2024-10-03 16:54:53+00:00,358.9889
2024-10-04 05:54:36+00:00,355.8836
2024-10-04 05:57:50+00:00,355.8082
2024-10-04 06:01:04+00:00,355.8829
2024-10-04 06:04:18+00:00,355.80730000000005
2024-10-04 06:07:32+00:00,355.8061
2024-10-04 06:10:46+00:00,354.49840000000006
2024-10-04 06:14:00+00:00,352.7389
2024-10-04 06:17:14+00:00,346.992
2024-10-04 06:20:28+00:00,355.1031
2024-10-04 06:23:42+00:00,354.5819
2024-10-04 06:26:56+00:00,349.9306
2024-10-04 06:30:10+00:00,352.5255
2024-10-04 06:33:24+00:00,352.6457
2024-10-04 06:36:38+00:00,355.6365
2024-10-04 06:39:52+00:00,346.96410000000003
2024-10-04 06:43:06+00:00,353.21590000000003
2024-10-04 06:46:20+00:00,353.3197
2024-10-20 09:59:36+00:00,358.6436
2024-10-20 10:02:50+00:00,358.608
2024-10-20 10:06:04+00:00,358.6247
2024-10-20 10:09:18+00:00,358.60760000000005
2024-10-20 10:12:32+00:00,358.5615
2024-10-20 10:15:46+00:00,356.89730000000003
2024-10-20 10:19:00+00:00,357.6563
2024-10-20 10:22:14+00:00,355.12080000000003
2024-10-20 10:25:28+00:00,349.42580000000004
2024-10-20 10:28:42+00:00,357.52
2024-10-20 10:31:56+00:00,357.7575
2024-10-20 10:35:10+00:00,356.3508
2024-10-20 10:38:24+00:00,356.1463
2024-10-20 10:41:38+00:00,355.98760000000004
2024-10-20 10:44:52+00:00,357.9606
2024-10-20 10:48:06+00:00,358.46380000000005
2024-10-20 10:51:20+00:00,358.5256
2024-10-20 10:54:34+00:00,358.6008
2024-10-20 10:57:48+00:00,358.6856
2024-10-20 11:24:05+00:00,358.9158
2024-10-20 11:27:19+00:00,358.21770000000004
2024-10-20 11:30:33+00:00,359.05690000000004
2024-10-20 11:33:47+00:00,356.70050000000003
2024-10-20 11:37:01+00:00,351.6161
2024-10-20 11:40:15+00:00,357.9356
2024-10-20 11:43:29+00:00,359.4461
2024-10-20 11:46:43+00:00,358.18160000000006
2024-10-20 11:49:57+00:00,358.5629
2024-10-20 11:53:11+00:00,358.6718
2024-10-20 11:56:25+00:00,358.8324
2024-10-20 11:59:39+00:00,358.7366
2024-10-20 12:02:53+00:00,358.8892
2024-10-22 05:44:48+00:00,358.5335
2024-10-22 05:48:02+00:00,358.6010101010101
2024-10-22 05:51:16+00:00,358.5538
2024-10-22 05:54:30+00:00,358.6062
2024-10-22 05:57:44+00:00,358.54400000000004
2024-10-22 06:00:58+00:00,358.5311
2024-10-22 06:04:12+00:00,357.74190000000004
2024-10-22 06:07:26+00:00,339.74300000000005
2024-10-22 06:10:40+00:00,342.8718
2024-10-22 06:13:54+00:00,342.7481
2024-10-22 06:17:08+00:00,349.58090000000004
2024-10-22 06:20:22+00:00,346.1293
2024-10-22 06:23:36+00:00,356.17330000000004
2024-10-22 14:55:17+00:00,358.31300000000005
2024-10-22 14:58:31+00:00,349.9192
2024-10-22 15:01:45+00:00,344.5322
2024-10-22 15:04:59+00:00,346.9726
2024-10-22 15:08:13+00:00,325.74060000000003
2024-10-22 15:11:27+00:00,353.408
2024-10-22 15:14:41+00:00,354.6942
2024-10-22 15:17:55+00:00,353.7549
2024-10-22 15:21:09+00:00,354.1478
2024-10-22 15:24:23+00:00,354.306
2024-10-22 15:27:37+00:00,354.4629
2024-10-22 15:30:51+00:00,354.4685
2024-10-22 15:34:05+00:00,354.5244
2024-10-24 06:05:29+00:00,354.05870000000004
2024-10-24 06:08:43+00:00,354.07590000000005
2024-10-24 06:11:57+00:00,354.0742
2024-10-24 06:15:11+00:00,353.99980000000005
2024-10-24 06:18:25+00:00,353.7373
2024-10-24 06:21:39+00:00,353.7788
2024-10-24 06:24:53+00:00,347.42800000000005
2024-10-24 06:28:07+00:00,357.3167
2024-10-24 06:31:21+00:00,342.6725
2024-10-24 06:34:35+00:00,349.3368
2024-10-24 06:37:49+00:00,344.4715
2024-10-24 06:41:03+00:00,352.9686
2024-10-24 15:12:32+00:00,354.1257
2024-10-24 15:15:46+00:00,354.06376237623766
2024-10-24 15:19:00+00:00,354.0333
2024-10-24 15:22:14+00:00,353.5398
2024-10-24 15:25:28+00:00,356.8871
2024-10-24 15:28:42+00:00,343.3342
2024-10-24 15:31:56+00:00,352.034
2024-10-24 15:35:10+00:00,354.1236
2024-10-24 15:38:24+00:00,351.5329
2024-10-24 15:41:38+00:00,351.91470000000004
2024-10-24 15:44:52+00:00,352.50949999999995
2024-10-24 19:45:43+00:00,380.2847
2024-10-24 19:48:57+00:00,374.8449
2024-10-24 19:52:11+00:00,370.4104
2024-10-24 19:55:25+00:00,368.8618
2024-10-24 19:58:39+00:00,368.0859
2024-10-24 20:01:53+00:00,367.6233
2024-10-25 06:04:56+00:00,358.6939
2024-10-25 06:08:10+00:00,358.792
2024-10-25 06:11:24+00:00,358.6472
2024-10-25 06:14:38+00:00,358.36120000000005
2024-10-25 06:17:52+00:00,356.3865
2024-10-25 06:21:06+00:00,347.85830000000004
2024-10-25 06:24:20+00:00,336.0563
2024-10-25 06:27:34+00:00,361.8845
2024-10-25 06:30:48+00:00,361.0289
2024-10-25 06:34:02+00:00,351.635
2024-10-25 06:37:16+00:00,358.2267
2024-10-25 06:40:30+00:00,358.4846
2024-10-25 06:43:44+00:00,358.4363
2024-10-25 14:59:30+00:00,358.98440000000005
2024-10-25 15:02:44+00:00,359.05770000000007
2024-10-25 15:05:58+00:00,359.0167
2024-10-25 15:09:12+00:00,359.0461
2024-10-25 15:12:26+00:00,359.03270000000003
2024-10-25 15:15:40+00:00,358.9691
2024-10-25 15:18:54+00:00,359.06160000000006
2024-10-25 15:22:08+00:00,356.30010000000004
2024-10-25 15:25:22+00:00,369.8678
2024-10-25 15:28:36+00:00,350.6376
2024-10-25 15:31:50+00:00,361.921
2024-10-25 15:35:04+00:00,348.41720000000004
2024-10-25 15:38:18+00:00,357.37010000000004
2024-10-25 15:41:32+00:00,357.9216
2024-10-25 15:44:46+00:00,358.3609
2024-10-25 15:48:00+00:00,358.39410000000004
2024-10-25 15:51:14+00:00,358.5818
2024-10-25 15:54:28+00:00,358.57230000000004
2024-10-25 15:57:42+00:00,358.634
2024-10-25 16:00:56+00:00,358.6965
2024-10-27 10:48:18+00:00,358.5226
2024-10-27 10:51:32+00:00,358.4432
2024-10-27 10:54:46+00:00,358.5068
2024-10-27 10:58:00+00:00,358.4439
2024-10-27 11:01:14+00:00,356.8961
2024-10-27 11:04:28+00:00,360.6669
2024-10-27 11:07:42+00:00,360.7776
2024-10-27 11:10:56+00:00,350.7285
2024-10-27 11:14:10+00:00,354.0962
2024-10-27 11:17:24+00:00,349.9686
2024-10-27 11:20:38+00:00,345.8261
2024-10-27 11:23:52+00:00,359.1418
2024-10-27 11:27:06+00:00,359.69730000000004
2024-10-27 11:30:20+00:00,353.0665
2024-10-27 11:33:34+00:00,353.6832
2024-10-27 11:36:48+00:00,356.0974
2024-10-27 11:40:02+00:00,354.186
2024-10-27 11:43:16+00:00,354.46590000000003
2024-10-27 13:18:48+00:00,354.8707
2024-10-27 13:22:02+00:00,354.8456
2024-10-27 13:25:16+00:00,354.91720000000004
2024-10-27 13:28:30+00:00,353.3226
2024-10-27 13:31:44+00:00,347.721
2024-10-27 13:34:58+00:00,354.9612
2024-10-27 13:38:12+00:00,321.1612
2024-10-27 13:41:26+00:00,348.9521
2024-10-27 13:44:40+00:00,345.0304
2024-10-27 13:47:54+00:00,346.2418
2024-10-27 13:51:08+00:00,351.0214
2024-10-27 13:54:22+00:00,353.1645
2024-10-27 13:57:36+00:00,353.9848
2024-10-27 14:00:50+00:00,354.12800000000004
2024-10-27 14:04:04+00:00,354.2314
2024-10-27 14:07:18+00:00,354.3473
2024-10-27 14:10:32+00:00,354.3489
2024-10-27 14:13:46+00:00,354.4617
2024-10-27 14:17:00+00:00,354.3972
2024-10-27 14:20:14+00:00,354.4331
2024-10-27 14:23:28+00:00,354.5035
2024-10-27 14:26:42+00:00,354.49330000000003
2024-10-27 14:29:56+00:00,354.5597
2024-10-27 14:33:10+00:00,354.5199
2024-10-27 14:36:24+00:00,354.19800000000004
2024-10-27 14:39:38+00:00,352.2296
2024-10-27 14:42:52+00:00,345.6893
2024-10-27 14:46:06+00:00,349.2635
2024-10-27 14:49:20+00:00,350.19590000000005
2024-10-27 14:52:34+00:00,351.9381
2024-10-27 14:55:48+00:00,353.69809999999995
2024-10-27 19:17:14+00:00,378.0136
2024-10-27 19:20:28+00:00,376.9188
2024-10-27 19:23:42+00:00,375.8179
2024-10-27 19:26:56+00:00,374.6074
2024-10-27 19:30:10+00:00,364.7347
2024-10-27 19:33:24+00:00,364.4025
2024-10-28 07:08:35+00:00,358.6822
2024-10-28 07:11:49+00:00,358.05870000000004
2024-10-28 07:15:03+00:00,352.8987
2024-10-28 07:18:17+00:00,352.30950000000007
2024-10-28 07:21:31+00:00,346.18510000000003
2024-10-28 07:24:45+00:00,350.1659
2024-10-28 07:27:59+00:00,361.2732
2024-10-28 07:31:13+00:00,358.1597
2024-10-28 07:34:27+00:00,358.3344
2024-10-28 07:37:41+00:00,358.4971
2024-10-28 07:40:55+00:00,358.5267
2024-10-28 07:44:09+00:00,358.63160000000005
2024-10-28 07:47:23+00:00,358.6224
2024-10-28 15:55:31+00:00,358.9688
2024-10-28 15:58:45+00:00,359.0408
2024-10-28 16:01:59+00:00,358.98440000000005
2024-10-28 16:05:13+00:00,359.0513
2024-10-28 16:08:27+00:00,358.9795
2024-10-28 16:11:41+00:00,358.9415
2024-10-28 16:14:55+00:00,358.8097
2024-10-28 16:18:09+00:00,362.0475
2024-10-28 16:21:23+00:00,367.4609
2024-10-28 16:24:37+00:00,352.0274
2024-10-28 16:27:51+00:00,357.18980000000005
2024-10-28 16:31:05+00:00,356.0276
2024-10-28 16:34:19+00:00,356.79220000000004
2024-10-28 16:37:33+00:00,357.9953
2024-10-28 16:40:47+00:00,358.1921
2024-10-28 16:44:01+00:00,358.24870000000004
2024-10-28 16:47:15+00:00,358.4125
2024-10-28 16:50:29+00:00,358.4218
2024-10-28 16:53:43+00:00,358.5072
2024-10-28 16:56:57+00:00,358.5456
2024-10-29 06:27:33+00:00,358.80980000000005
2024-10-29 06:30:47+00:00,358.9223
2024-10-29 06:34:01+00:00,358.8692
2024-10-29 06:37:15+00:00,358.8354
2024-10-29 06:40:29+00:00,358.93270000000007
2024-10-29 06:43:43+00:00,358.8065
2024-10-29 06:46:57+00:00,358.92400000000004
2024-10-29 06:50:11+00:00,356.5311
2024-10-29 06:53:25+00:00,358.6575
2024-10-29 06:56:39+00:00,354.4457
2024-10-29 06:59:53+00:00,356.7167
2024-10-29 07:03:07+00:00,353.6495
2024-10-29 07:06:21+00:00,331.57730000000004
2024-10-29 07:09:35+00:00,354.5758
2024-10-29 07:12:49+00:00,354.43480000000005
2024-10-29 07:16:03+00:00,357.3789
2024-10-29 16:57:52+00:00,363.7839
2024-10-29 17:01:06+00:00,363.38
2024-10-29 17:04:20+00:00,363.1763
2024-10-29 17:07:34+00:00,362.8549
2024-10-29 17:10:48+00:00,362.5775
2024-10-29 17:14:02+00:00,362.4356
2024-10-29 17:17:16+00:00,362.0564
2024-10-29 17:20:30+00:00,361.9287000000001
2024-10-29 17:23:44+00:00,361.6579
2024-10-29 17:26:58+00:00,361.4381
2024-10-29 17:30:12+00:00,361.348
2024-10-29 17:33:26+00:00,355.6813
2024-10-29 17:36:40+00:00,359.3481
2024-10-29 17:39:54+00:00,343.4122
2024-10-29 17:43:08+00:00,356.1785
2024-10-29 17:46:22+00:00,351.8978
2024-10-29 17:49:36+00:00,356.8894
2024-10-29 17:52:50+00:00,354.8431
2024-10-29 17:56:04+00:00,357.0053
2024-10-29 17:59:18+00:00,358.6342
2024-10-29 18:02:32+00:00,358.0315
2024-10-29 18:05:46+00:00,358.2108
2024-10-29 18:09:00+00:00,358.4646
2024-10-29 18:12:14+00:00,357.8114
2024-10-29 18:15:28+00:00,354.3559
2024-10-29 18:18:42+00:00,356.69629999999995
2024-10-29 18:21:56+00:00,358.13480000000004
2024-10-29 18:25:10+00:00,358.5171
2024-10-29 18:28:24+00:00,358.5921
2024-10-29 18:31:38+00:00,358.61370000000005
2024-10-29 18:34:52+00:00,358.7564
2024-10-29 18:38:06+00:00,358.6389
2024-10-29 18:41:20+00:00,358.7521
2024-10-29 18:44:34+00:00,358.7896
2024-10-29 18:47:48+00:00,358.7626
2024-10-29 18:51:02+00:00,358.8897
2024-10-29 18:54:16+00:00,358.7664
2024-10-29 18:57:30+00:00,358.8414
2024-10-29 19:00:44+00:00,358.87330000000003
2024-10-29 19:03:58+00:00,358.855
2024-10-30 12:12:20+00:00,358.9642
2024-10-30 12:15:34+00:00,358.9681
2024-10-30 12:18:48+00:00,358.99769999999995
2024-10-30 12:22:02+00:00,358.9177
2024-10-30 12:25:16+00:00,359.0035
2024-10-30 12:28:30+00:00,358.9456
2024-10-30 12:31:44+00:00,358.95410000000004
2024-10-30 12:34:58+00:00,358.9877
2024-10-30 12:38:12+00:00,358.9152
2024-10-30 12:41:26+00:00,358.8319
2024-10-30 12:44:40+00:00,358.8429
2024-10-30 12:47:54+00:00,357.2262
2024-10-30 12:51:08+00:00,352.3053
2024-10-30 12:54:22+00:00,349.9724
2024-10-30 12:57:36+00:00,357.3493
2024-10-30 13:00:50+00:00,359.6543
2024-10-30 13:04:04+00:00,358.0813
2024-10-30 13:07:18+00:00,358.3332
2024-10-30 13:10:32+00:00,358.29580000000004
2024-10-30 13:13:46+00:00,358.4611
2024-10-30 13:17:00+00:00,358.4544
2024-10-30 13:20:14+00:00,357.8208
2024-10-30 13:23:28+00:00,358.5568
2024-10-30 13:26:42+00:00,358.4879
2024-10-30 13:29:56+00:00,358.42910000000006
2024-10-30 13:33:10+00:00,363.239
2024-10-30 13:36:24+00:00,357.61980000000005
2024-10-30 13:39:38+00:00,357.6707
2024-10-30 13:42:52+00:00,354.055
2024-10-30 13:46:06+00:00,355.8226
2024-10-30 13:49:20+00:00,358.0642
2024-10-30 13:52:34+00:00,358.30010000000004
2024-10-30 13:55:48+00:00,358.5313
2024-10-30 13:59:02+00:00,358.4663
2024-10-30 14:02:16+00:00,358.6513
2024-10-30 14:05:30+00:00,358.6565
2024-10-30 14:08:44+00:00,358.6614
2024-10-30 14:11:58+00:00,358.7874
2024-10-30 14:15:12+00:00,358.6694
2024-10-30 14:18:26+00:00,358.8335
2024-10-30 16:40:11+00:00,358.97790000000003
2024-10-30 16:43:25+00:00,358.9945
2024-10-30 16:46:39+00:00,358.9188
2024-10-30 16:49:53+00:00,358.99830000000003
2024-10-30 16:53:07+00:00,358.9587
2024-10-30 16:56:21+00:00,358.9657
2024-10-30 16:59:35+00:00,352.684
2024-10-30 17:02:49+00:00,359.1797
2024-10-30 17:06:03+00:00,357.0126
2024-10-30 17:09:17+00:00,357.8983
2024-10-30 17:12:31+00:00,358.24340000000007
2024-10-30 17:15:45+00:00,358.4676
2024-10-30 17:18:59+00:00,358.482
2024-10-30 17:22:13+00:00,358.6506
2024-10-30 17:25:27+00:00,358.6383
2024-10-30 17:28:41+00:00,358.68260000000004
2024-10-30 17:31:55+00:00,358.7791
2024-10-30 17:35:09+00:00,357.9202
2024-10-30 17:38:23+00:00,357.4049
2024-10-30 17:41:37+00:00,357.7307
2024-10-30 17:44:51+00:00,358.336
2024-10-30 17:48:05+00:00,358.5855
2024-10-30 17:51:19+00:00,358.5357
2024-10-30 17:54:33+00:00,358.7079
2024-10-30 17:57:47+00:00,358.6965
2024-10-30 18:01:01+00:00,358.7183
2024-10-30 18:04:15+00:00,358.8405
2024-10-30 18:07:29+00:00,358.7131
2024-10-30 18:10:43+00:00,358.8426
2024-10-30 18:13:57+00:00,358.80690000000004
2024-10-30 18:17:11+00:00,358.7949
2024-10-30 18:20:25+00:00,358.9053
2024-10-30 18:23:39+00:00,358.69840000000005
2024-10-30 18:26:53+00:00,357.699
2024-10-30 18:30:07+00:00,362.1113
2024-10-30 18:33:21+00:00,357.29330000000004
2024-10-30 18:36:35+00:00,357.99620000000004
2024-10-30 18:39:49+00:00,358.11620000000005
2024-10-30 18:43:03+00:00,358.4032
2024-10-30 18:46:17+00:00,358.45848484848483
2024-10-30 18:49:31+00:00,358.506
2024-10-30 18:52:45+00:00,358.6734
2024-10-30 18:55:59+00:00,358.5262
2024-10-30 18:59:13+00:00,355.12800000000004
2024-10-30 19:02:27+00:00,357.9885
2024-10-30 19:05:41+00:00,358.32590000000005
2024-10-30 19:08:55+00:00,358.51059999999995
2024-10-30 19:12:09+00:00,358.4192
2024-10-30 19:15:23+00:00,358.6301
2024-10-30 19:18:37+00:00,358.6532
2024-10-30 19:21:51+00:00,358.6414
2024-10-30 19:25:05+00:00,358.7769
2024-10-30 19:28:19+00:00,358.66720000000004
2024-10-30 19:31:33+00:00,358.746
2024-10-31 07:53:49+00:00,358.5081
2024-10-31 07:57:03+00:00,358.3679
2024-10-31 08:00:17+00:00,358.4554
2024-10-31 08:03:31+00:00,358.4504
2024-10-31 08:06:45+00:00,358.2807
2024-10-31 08:09:59+00:00,349.7889
2024-10-31 08:13:13+00:00,355.0396
2024-10-31 08:16:27+00:00,346.2449
2024-10-31 08:19:41+00:00,360.2054
2024-10-31 08:22:55+00:00,338.8428
2024-10-31 08:26:09+00:00,329.986
2024-10-31 08:29:23+00:00,353.6745
2024-10-31 08:32:37+00:00,353.1138
2024-10-31 13:27:18+00:00,361.1585
2024-10-31 13:30:32+00:00,348.5421
2024-10-31 13:33:46+00:00,352.2038
2024-10-31 13:37:00+00:00,357.2151
2024-10-31 13:40:14+00:00,354.81270000000006
2024-10-31 13:43:28+00:00,358.2215
2024-10-31 13:46:42+00:00,351.8433
2024-10-31 13:49:56+00:00,349.334
2024-10-31 13:53:10+00:00,357.216
2024-10-31 14:53:22+00:00,361.1784
2024-10-31 14:56:36+00:00,353.5128
2024-10-31 14:59:50+00:00,349.13989999999995
2024-10-31 15:03:04+00:00,354.9051
2024-10-31 15:06:18+00:00,354.9065
2024-10-31 15:09:32+00:00,356.32300000000004
2024-10-31 15:12:46+00:00,358.2211
2024-10-31 15:16:00+00:00,358.391
2024-10-31 15:19:14+00:00,358.59950000000003
2024-10-31 15:22:28+00:00,358.6899
2024-10-31 15:25:42+00:00,358.7004
2024-10-31 15:28:56+00:00,358.8346
2024-10-31 15:32:10+00:00,358.69840000000005
2024-10-31 15:35:24+00:00,358.9581
2024-10-31 15:38:38+00:00,359.0031
2024-10-31 15:41:52+00:00,360.8349
2024-10-31 15:45:06+00:00,353.6926
2024-10-31 15:48:20+00:00,354.7708
2024-10-31 15:51:34+00:00,355.8771
2024-10-31 15:54:48+00:00,358.3437
2024-10-31 15:58:02+00:00,358.9331
2024-10-31 16:01:16+00:00,356.6481
2024-10-31 16:04:30+00:00,356.9252
2024-10-31 16:07:44+00:00,358.6247
2024-10-31 16:10:58+00:00,358.2426190476191
2024-10-31 16:21:47+00:00,347.6867
2024-10-31 16:25:01+00:00,352.23
2024-10-31 16:28:15+00:00,349.43840000000006
2024-10-31 16:31:29+00:00,350.0735
2024-10-31 16:34:43+00:00,351.3376
2024-10-31 16:37:57+00:00,351.4554
2024-10-31 16:41:11+00:00,356.7633
2024-10-31 16:44:25+00:00,354.5405
2024-10-31 16:47:39+00:00,355.4353
2024-10-31 16:50:53+00:00,355.9645
2024-10-31 16:54:07+00:00,356.0279
2024-10-31 16:57:21+00:00,355.80760000000004
2024-10-31 17:00:35+00:00,354.5263
2024-10-31 17:03:49+00:00,356.5955555555556
2024-10-31 17:07:03+00:00,356.6385
2024-10-31 17:10:17+00:00,355.5305
2024-10-31 17:13:31+00:00,355.3053
2024-10-31 17:16:45+00:00,355.236
2024-10-31 17:19:59+00:00,355.8183
2024-10-31 17:23:13+00:00,355.3267
2024-10-31 17:48:22+00:00,355.00696969696975
2024-10-31 17:51:36+00:00,355.0183
2024-10-31 17:54:50+00:00,355.2243
2024-10-31 17:58:04+00:00,353.966
2024-10-31 18:01:18+00:00,354.8497
2024-10-31 18:04:32+00:00,354.8478
2024-10-31 18:07:46+00:00,354.7243
2024-10-31 18:11:00+00:00,351.7872
2024-10-31 18:14:14+00:00,354.3085
2024-10-31 18:17:28+00:00,355.5664
2024-10-31 18:20:42+00:00,342.225
2024-10-31 18:23:56+00:00,349.00980000000004
2024-10-31 18:27:10+00:00,357.1618
2024-10-31 18:30:24+00:00,335.784
2024-10-31 18:33:38+00:00,342.8696
2024-10-31 18:36:52+00:00,348.2785
2024-10-31 18:40:06+00:00,343.3678
2024-10-31 18:43:20+00:00,341.533
2024-10-31 18:46:34+00:00,343.29290000000003
2024-10-31 18:49:48+00:00,343.12620000000004
2024-10-31 18:53:02+00:00,342.1872
2024-10-31 18:56:16+00:00,342.1976
2024-10-31 18:59:30+00:00,342.7681
2024-10-31 19:02:44+00:00,349.8338
2024-10-31 19:05:58+00:00,340.5368
2024-10-31 19:09:12+00:00,348.0903
2024-10-31 19:12:26+00:00,343.0477
2024-10-31 19:15:40+00:00,346.00949999999995
2024-10-31 19:18:54+00:00,349.3654
2024-10-31 19:22:08+00:00,351.7432
2024-10-31 19:25:22+00:00,349.44020000000006
2024-10-31 19:28:36+00:00,349.677
2024-10-31 19:31:50+00:00,350.1443
2024-11-01 15:09:54+00:00,346.0013
2024-11-01 15:13:08+00:00,344.9424
2024-11-01 15:16:22+00:00,346.0511
2024-11-01 15:19:36+00:00,346.7836
2024-11-01 15:22:50+00:00,346.6745
2024-11-01 15:26:04+00:00,346.2558
2024-11-01 21:23:02+00:00,362.5875
2024-11-01 21:26:16+00:00,358.5568
2024-11-01 21:29:30+00:00,359.51550000000003
2024-11-01 21:32:44+00:00,358.5989
2024-11-01 21:35:58+00:00,357.9207
2024-11-02 09:34:15+00:00,357.1195
2024-11-02 11:49:59+00:00,356.6632
2024-11-02 11:53:13+00:00,356.88270000000006
2024-11-02 11:56:27+00:00,357.01410000000004
2024-11-02 11:59:41+00:00,357.4001
2024-11-02 12:02:55+00:00,357.0172
2024-11-02 12:06:09+00:00,353.2063
2024-11-02 12:09:23+00:00,356.0589
2024-11-02 12:12:37+00:00,354.80227722772275
2024-11-02 12:15:51+00:00,350.8388
2024-11-02 12:19:05+00:00,350.7338
2024-11-02 12:22:19+00:00,345.8953
2024-11-02 12:25:33+00:00,347.23870000000005
2024-11-02 12:28:47+00:00,347.38590000000005
2024-11-02 12:32:01+00:00,359.37870000000004
2024-11-02 12:35:15+00:00,346.5797
2024-11-02 12:38:29+00:00,354.2289
2024-11-02 12:41:43+00:00,363.010404040404
2024-11-02 12:44:57+00:00,360.0545
2024-11-02 12:48:11+00:00,353.53020000000004
2024-11-02 12:51:25+00:00,353.79900000000004
2024-11-02 13:27:28+00:00,358.0322
2024-11-02 13:30:42+00:00,358.27
2024-11-02 13:33:56+00:00,358.3858
2024-11-02 13:37:10+00:00,357.0499
2024-11-02 13:40:24+00:00,359.3079
2024-11-02 13:43:38+00:00,357.8412
2024-11-02 13:46:52+00:00,356.3663
2024-11-02 13:50:06+00:00,357.9485
2024-11-02 13:53:20+00:00,355.11580000000004
2024-11-02 13:56:34+00:00,356.8218
2024-11-02 13:59:48+00:00,352.7984
2024-11-02 14:03:02+00:00,350.92440000000005
2024-11-02 14:06:16+00:00,354.4187
2024-11-02 14:09:30+00:00,346.3052
2024-11-02 14:12:44+00:00,351.5536
2024-11-02 14:15:58+00:00,355.0143
2024-11-02 14:19:12+00:00,355.8379
2024-11-02 14:22:26+00:00,352.8806
2024-11-02 14:25:40+00:00,354.9148
2024-11-02 14:28:54+00:00,352.8028
2024-11-02 14:32:08+00:00,354.9817
2024-11-02 17:36:43+00:00,354.5538
2024-11-02 17:39:57+00:00,353.522
2024-11-02 17:43:11+00:00,353.1243
2024-11-02 17:46:25+00:00,349.03270000000003
2024-11-02 17:49:39+00:00,352.206
2024-11-02 17:52:53+00:00,348.2096
2024-11-02 17:56:07+00:00,352.55590000000007
2024-11-02 17:59:21+00:00,339.8699
2024-11-02 18:02:35+00:00,344.6951
2024-11-02 18:05:49+00:00,343.3337
2024-11-02 18:09:03+00:00,344.56520000000006
2024-11-02 18:12:17+00:00,348.11120000000005
2024-11-02 18:15:31+00:00,357.1562
2024-11-02 18:18:45+00:00,343.6567
2024-11-02 18:21:59+00:00,336.6256
2024-11-02 18:25:13+00:00,345.9927
2024-11-02 18:28:27+00:00,349.04870000000005
2024-11-02 18:31:41+00:00,351.777
2024-11-02 18:34:55+00:00,352.8097
2024-11-02 18:38:09+00:00,348.4464
2024-11-02 18:41:23+00:00,352.0224
2024-11-02 19:38:14+00:00,356.9715
2024-11-02 19:41:28+00:00,358.12620000000004
2024-11-02 19:44:42+00:00,355.1738
2024-11-02 19:47:56+00:00,355.285
2024-11-02 19:51:10+00:00,354.9166
2024-11-03 13:04:38+00:00,350.843
2024-11-03 13:07:52+00:00,351.9737
2024-11-03 13:11:06+00:00,358.0226
2024-11-03 13:14:20+00:00,337.82300000000004
2024-11-03 13:17:34+00:00,352.3045
2024-11-03 13:20:48+00:00,353.5323
2024-11-03 13:24:02+00:00,334.3779
2024-11-03 13:27:16+00:00,343.7564
2024-11-03 13:30:30+00:00,347.8345
2024-11-03 13:33:44+00:00,340.1073
2024-11-03 13:36:58+00:00,340.0315
2024-11-03 13:40:12+00:00,338.3246
2024-11-03 13:43:26+00:00,335.51129999999995
2024-11-03 13:46:40+00:00,338.3582
2024-11-03 13:49:54+00:00,334.7906
2024-11-03 13:53:08+00:00,348.8364
2024-11-03 13:56:22+00:00,333.6476
2024-11-03 13:59:36+00:00,327.9018
2024-11-03 14:02:50+00:00,319.0204
2024-11-03 14:06:04+00:00,337.8494
2024-11-03 14:53:09+00:00,361.2269
2024-11-03 14:56:23+00:00,349.86480000000006
2024-11-03 14:59:37+00:00,356.2346
2024-11-03 15:02:51+00:00,353.7097
2024-11-03 15:06:05+00:00,355.8028
2024-11-03 15:09:19+00:00,357.7035
2024-11-03 15:12:33+00:00,357.25690000000003
2024-11-03 15:15:47+00:00,356.03860000000003
2024-11-03 15:19:01+00:00,356.7319
2024-11-03 15:22:15+00:00,351.1678
2024-11-03 15:25:29+00:00,355.074
2024-11-03 15:28:43+00:00,352.2941
2024-11-03 15:31:57+00:00,354.7144
2024-11-03 15:35:11+00:00,351.8901
2024-11-03 15:38:25+00:00,353.20020000000005
2024-11-03 15:41:39+00:00,352.6581
2024-11-03 15:44:53+00:00,353.3598
2024-11-03 15:48:07+00:00,349.15930000000003
2024-11-03 15:51:21+00:00,350.50590000000005
2024-11-03 15:54:35+00:00,348.32300000000004
2024-11-03 15:57:49+00:00,353.1878
2024-11-03 16:01:03+00:00,356.9861
2024-11-03 16:04:17+00:00,355.0477
2024-11-03 16:07:31+00:00,355.3124
2024-11-03 16:10:45+00:00,355.327
2024-11-03 16:13:59+00:00,355.3677
2024-11-03 16:17:13+00:00,355.42040000000003
2024-11-04 07:32:07+00:00,353.77340000000004
2024-11-04 07:35:21+00:00,352.7535
2024-11-04 07:38:35+00:00,353.25440000000003
2024-11-04 07:41:49+00:00,348.1229
2024-11-04 07:45:03+00:00,330.3829
2024-11-04 07:48:17+00:00,353.9978
2024-11-04 07:51:31+00:00,352.4675
2024-11-04 16:34:01+00:00,349.15840000000003
2024-11-04 16:37:15+00:00,347.43770000000006
2024-11-04 16:40:29+00:00,344.19590000000005
2024-11-04 16:43:43+00:00,345.4614
2024-11-04 16:46:57+00:00,337.8562
2024-11-04 16:50:11+00:00,350.65450000000004
2024-11-04 16:53:25+00:00,348.6134
2024-11-05 06:47:39+00:00,354.1031
2024-11-05 06:50:53+00:00,343.33050000000003
2024-11-05 06:54:07+00:00,349.1125
2024-11-05 06:57:21+00:00,358.4345
2024-11-05 07:00:35+00:00,348.7054
2024-11-05 07:03:49+00:00,346.6608
2024-11-05 07:07:03+00:00,355.8297
2024-11-05 07:10:17+00:00,351.88910000000004
2024-11-05 07:13:31+00:00,351.582
2024-11-05 07:16:45+00:00,349.4131
2024-11-05 16:43:44+00:00,357.0344
2024-11-05 16:46:58+00:00,354.75550000000004
2024-11-05 16:50:12+00:00,339.3817
2024-11-05 16:53:26+00:00,357.0942
2024-11-05 16:56:40+00:00,341.1838
2024-11-05 16:59:54+00:00,349.84020000000004
2024-11-05 17:03:08+00:00,357.1596
2024-11-05 17:06:22+00:00,357.7287
2024-11-05 17:09:36+00:00,357.9217
2024-11-06 08:25:02+00:00,358.3406
2024-11-06 08:28:16+00:00,357.7167
2024-11-06 08:31:30+00:00,356.62449999999995
2024-11-06 08:34:44+00:00,352.9071
2024-11-06 08:37:58+00:00,361.2807
2024-11-06 08:41:12+00:00,359.75550000000004
2024-11-06 08:44:26+00:00,357.47270000000003
2024-11-06 08:47:40+00:00,357.0171
2024-11-06 16:58:59+00:00,360.321
2024-11-06 17:02:13+00:00,361.9231
2024-11-06 17:05:27+00:00,355.7902
2024-11-06 17:08:41+00:00,355.0354
2024-11-06 17:11:55+00:00,360.8539
2024-11-06 17:15:09+00:00,355.3016
2024-11-06 17:18:23+00:00,361.6489
2024-11-06 17:21:37+00:00,354.6696
2024-11-06 17:24:51+00:00,358.786
2024-11-06 17:28:05+00:00,355.7292
2024-11-06 18:53:06+00:00,358.4685
2024-11-06 18:56:20+00:00,356.4051
2024-11-06 20:09:22+00:00,353.8016
2024-11-06 20:12:36+00:00,357.8337
2024-11-07 07:34:13+00:00,356.0822
2024-11-07 07:37:27+00:00,359.2866
2024-11-07 07:40:41+00:00,357.2129
2024-11-07 07:43:55+00:00,357.025
2024-11-07 07:47:09+00:00,349.0147
2024-11-07 07:50:23+00:00,357.0006
2024-11-07 07:53:37+00:00,357.81
2024-11-07 16:33:43+00:00,354.6150505050505
2024-11-07 16:36:57+00:00,356.2851
2024-11-07 16:40:11+00:00,346.1407
2024-11-07 16:43:25+00:00,344.2695
2024-11-07 16:46:39+00:00,354.465
2024-11-07 16:49:53+00:00,354.4098
2024-11-07 16:53:07+00:00,350.7546
2024-11-07 16:56:21+00:00,355.18300000000005
2024-11-08 09:06:10+00:00,356.93949999999995
2024-11-08 09:09:24+00:00,356.8641
2024-11-08 09:12:38+00:00,354.3312
2024-11-08 09:15:52+00:00,352.4704
2024-11-08 09:19:06+00:00,352.4961
2024-11-08 09:22:20+00:00,351.3408
2024-11-08 12:10:08+00:00,372.0588
2024-11-08 12:13:22+00:00,364.1358
2024-11-08 12:16:36+00:00,358.4703
2024-11-08 12:19:50+00:00,354.1565
2024-11-08 12:23:04+00:00,357.85900000000004
2024-11-08 12:26:18+00:00,358.0886
2024-11-08 17:49:58+00:00,358.4166
2024-11-08 17:53:12+00:00,354.4486
2024-11-08 17:56:26+00:00,357.9607
2024-11-08 17:59:40+00:00,358.2731
2024-11-08 18:02:54+00:00,358.3407
2024-11-08 18:06:08+00:00,354.31370000000004
2024-11-08 18:09:22+00:00,356.3985
2024-11-08 22:55:23+00:00,353.2414
2024-11-08 22:58:37+00:00,354.649
2024-11-08 23:01:51+00:00,357.0892
2024-11-10 16:00:19+00:00,359.0413
2024-11-10 16:03:33+00:00,358.0485
2024-11-10 16:06:47+00:00,358.111
2024-11-10 17:07:06+00:00,354.7077
2024-11-10 17:10:20+00:00,353.6714
2024-11-10 17:13:34+00:00,357.34270000000004
2024-11-10 19:48:34+00:00,361.4723
2024-11-10 19:51:48+00:00,353.56190000000004
2024-11-10 19:55:02+00:00,357.3895
2024-11-10 19:58:16+00:00,358.3286
2024-11-10 20:32:28+00:00,364.8483
2024-11-10 20:35:42+00:00,355.69480000000004
2024-11-11 10:50:33+00:00,358.8474
2024-11-11 10:53:47+00:00,345.70700000000005
2024-11-11 10:57:01+00:00,359.5911
2024-11-11 11:00:15+00:00,356.7628
2024-11-11 11:03:29+00:00,353.7285
2024-11-11 11:06:43+00:00,357.1397
2024-11-11 11:09:57+00:00,344.5435
2024-11-11 11:13:11+00:00,351.1612
2024-11-11 11:16:25+00:00,358.13410000000005
2024-11-11 11:19:39+00:00,348.8672
2024-11-11 11:22:53+00:00,353.031
2024-11-11 11:26:07+00:00,351.1412
2024-11-11 11:29:21+00:00,349.43620000000004
2024-11-11 11:32:35+00:00,351.1599
2024-11-11 11:35:49+00:00,347.9672
2024-11-11 11:39:03+00:00,354.4967
2024-11-11 11:42:17+00:00,353.7427
2024-11-11 11:45:31+00:00,342.0767
2024-11-11 11:48:45+00:00,344.7115
2024-11-11 11:51:59+00:00,338.0865
2024-11-11 11:55:13+00:00,351.3778
2024-11-11 11:58:27+00:00,345.8688
2024-11-11 12:01:41+00:00,349.0089
2024-11-11 12:04:55+00:00,354.3661
2024-11-11 12:08:09+00:00,347.31270000000006
2024-11-11 12:11:23+00:00,351.4683
2024-11-11 12:14:37+00:00,350.05150000000003
2024-11-11 12:17:51+00:00,351.8568
2024-11-11 12:21:05+00:00,353.4263
2024-11-11 12:24:19+00:00,353.76199999999994
2024-11-11 12:27:33+00:00,353.0017
2024-11-11 12:30:47+00:00,354.2514
2024-11-11 16:54:19+00:00,363.9746
2024-11-11 16:57:33+00:00,361.4251
2024-11-11 17:04:17+00:00,359.5682
2024-11-11 17:07:31+00:00,357.0772
2024-11-11 17:10:45+00:00,356.8433
2024-11-11 17:13:59+00:00,357.9632
2024-11-11 18:00:50+00:00,358.9104
2024-11-11 18:04:04+00:00,358.0749
2024-11-11 18:07:18+00:00,358.686
2024-11-11 18:10:32+00:00,358.0348
2024-11-11 18:13:46+00:00,355.8476
2024-11-11 18:17:00+00:00,356.6153
2024-11-11 18:20:14+00:00,348.0346
2024-11-11 18:23:28+00:00,352.4278
2024-11-11 18:26:42+00:00,356.0985
2024-11-11 18:29:56+00:00,358.6623
2024-11-11 18:33:10+00:00,350.2456
2024-11-11 18:36:24+00:00,356.3826
2024-11-11 18:39:38+00:00,351.98040000000003
2024-11-11 18:42:52+00:00,344.70480000000003
2024-11-11 18:46:06+00:00,350.2736
2024-11-11 18:49:20+00:00,359.3832
2024-11-11 18:52:34+00:00,355.6906
2024-11-11 18:55:48+00:00,340.2004
2024-11-11 18:59:02+00:00,350.5276
2024-11-11 19:02:16+00:00,368.0415
2024-11-11 19:05:30+00:00,347.5038
2024-11-11 19:08:44+00:00,347.4461
2024-11-11 19:11:58+00:00,346.9727722772277
2024-11-11 19:15:12+00:00,345.2948
2024-11-11 19:18:26+00:00,352.0746
2024-11-11 19:21:40+00:00,348.5507
2024-11-11 19:24:54+00:00,353.4076
2024-11-11 19:28:08+00:00,348.372
2024-11-11 19:31:22+00:00,345.8758
2024-11-11 19:34:36+00:00,354.6759
2024-11-11 19:37:50+00:00,348.87520000000006
2024-11-11 19:41:04+00:00,354.1468
2024-11-11 19:44:18+00:00,354.5202
2024-11-12 07:03:20+00:00,353.9032
2024-11-12 07:06:34+00:00,352.29150000000004
2024-11-12 07:09:48+00:00,353.2724
2024-11-12 07:13:02+00:00,352.8671
2024-11-12 07:16:16+00:00,357.2808
2024-11-12 07:19:30+00:00,353.639
2024-11-12 07:22:44+00:00,342.4604
2024-11-12 07:25:58+00:00,352.7275
2024-11-12 07:29:12+00:00,346.9304
2024-11-12 07:32:26+00:00,351.8584
2024-11-12 07:35:40+00:00,343.5462
2024-11-12 07:38:54+00:00,352.50690000000003
2024-11-12 16:45:39+00:00,362.7798
2024-11-12 16:48:53+00:00,349.511
2024-11-12 16:52:07+00:00,332.7151
2024-11-12 16:55:21+00:00,354.8271
2024-11-12 16:58:35+00:00,367.8902000000001
2024-11-12 17:01:49+00:00,336.7122
2024-11-12 17:05:03+00:00,349.2894
2024-11-12 17:08:17+00:00,357.82550000000003
2024-11-12 17:11:31+00:00,357.8482
2024-11-12 17:14:45+00:00,355.1907
2024-11-12 17:17:59+00:00,358.0888
2024-11-12 17:21:13+00:00,358.1498
2024-11-13 07:46:40+00:00,355.7686
2024-11-13 07:49:54+00:00,356.0571
2024-11-13 07:53:08+00:00,347.5283
2024-11-13 07:56:22+00:00,356.9213
2024-11-13 07:59:36+00:00,357.4399
2024-11-13 08:02:50+00:00,356.94700000000006
2024-11-13 16:43:55+00:00,351.1342
2024-11-13 16:47:09+00:00,351.32370000000003
2024-11-13 16:50:23+00:00,344.0972
2024-11-13 16:53:37+00:00,333.2197
2024-11-13 16:56:51+00:00,355.2057
2024-11-13 17:00:05+00:00,350.9988
2024-11-13 17:03:19+00:00,354.3211
2024-11-13 17:06:33+00:00,355.7307
2024-11-13 18:08:55+00:00,355.9039
2024-11-13 18:12:09+00:00,356.2902
2024-11-13 18:15:23+00:00,353.17730000000006
2024-11-13 18:18:37+00:00,356.56510000000003
2024-11-13 21:44:15+00:00,357.50340000000006
2024-11-13 21:47:29+00:00,343.6576
2024-11-13 21:50:43+00:00,348.1723
2024-11-13 21:53:57+00:00,351.557
2024-11-14 06:54:25+00:00,354.2382
2024-11-14 06:57:39+00:00,353.6346
2024-11-14 07:00:53+00:00,354.1175
2024-11-14 07:04:07+00:00,348.05770000000007
2024-11-14 07:07:21+00:00,354.6678
2024-11-14 07:10:35+00:00,345.311
2024-11-14 07:13:49+00:00,341.5761
2024-11-14 07:17:03+00:00,353.1993
2024-11-14 10:02:31+00:00,352.4066
2024-11-14 10:05:45+00:00,352.80400000000003
2024-11-14 10:08:59+00:00,348.83480000000003
2024-11-14 10:12:13+00:00,357.30870000000004
2024-11-14 10:15:27+00:00,360.6829
2024-11-14 10:18:41+00:00,358.2848
2024-11-14 16:08:25+00:00,358.159
2024-11-14 16:11:39+00:00,356.3634
2024-11-14 16:14:53+00:00,351.9676
2024-11-14 16:18:07+00:00,346.5744
2024-11-14 16:21:21+00:00,340.4296
2024-11-14 16:24:35+00:00,353.1367
2024-11-14 16:27:49+00:00,348.5717
2024-11-14 16:31:03+00:00,357.69379999999995
2024-11-14 16:34:17+00:00,353.6172
2024-11-14 16:37:31+00:00,356.0801
2024-11-14 16:40:45+00:00,358.09
2024-11-15 14:42:16+00:00,337.0171
2024-11-15 14:45:30+00:00,357.6442
2024-11-15 14:48:44+00:00,348.9234
2024-11-15 14:51:58+00:00,347.67010000000005
2024-11-15 14:55:12+00:00,356.4971
2024-11-15 14:58:26+00:00,345.0299
2024-11-15 15:01:40+00:00,344.70090000000005
2024-11-15 15:04:54+00:00,354.4744
2024-11-15 15:08:08+00:00,354.72520000000003
2024-11-15 15:11:22+00:00,353.70300000000003
2024-11-15 15:14:36+00:00,348.43840000000006
2024-11-15 15:17:50+00:00,350.9184
2024-11-15 15:21:04+00:00,348.3771
2024-11-15 15:24:18+00:00,347.16790000000003
2024-11-15 15:27:32+00:00,350.34
2024-11-15 15:30:46+00:00,345.75370000000004
2024-11-15 15:34:00+00:00,347.5795
2024-11-15 15:37:14+00:00,351.3893
2024-11-15 15:40:28+00:00,346.75270000000006
2024-11-15 15:43:42+00:00,347.68050000000005
2024-11-15 15:46:56+00:00,341.3488
2024-11-15 15:50:10+00:00,341.89090000000004
2024-11-15 15:53:24+00:00,353.7838
2024-11-15 15:56:38+00:00,352.9563
2024-11-15 15:59:52+00:00,353.9631
2024-11-15 16:03:06+00:00,354.2864
2024-11-17 22:44:30+00:00,349.1236
2024-11-17 22:47:44+00:00,338.9368
2024-11-17 22:50:58+00:00,325.3539
2024-11-17 22:54:12+00:00,327.2287
2024-11-17 22:57:26+00:00,328.5486
2024-11-17 23:00:40+00:00,333.61840000000007
2024-11-17 23:03:54+00:00,346.0757
2024-11-17 23:25:17+00:00,359.7054545454546
2024-11-17 23:28:31+00:00,351.5351
2024-11-17 23:31:45+00:00,356.5014
2024-11-17 23:35:52+00:00,355.7489
2024-11-17 23:39:06+00:00,355.723
2024-11-17 23:42:20+00:00,355.67
2024-11-17 23:45:34+00:00,347.8418181818182
2024-11-17 23:48:48+00:00,350.36220000000003
2024-11-17 23:52:02+00:00,348.35110000000003
2024-11-17 23:55:16+00:00,348.5297
2024-11-17 23:58:30+00:00,347.99940000000004
2024-11-18 00:01:44+00:00,347.4859
2024-11-18 00:04:58+00:00,346.25550000000004
2024-11-18 00:08:12+00:00,346.5539
2024-11-18 00:11:26+00:00,345.97360000000003
2024-11-18 00:14:40+00:00,348.5871
2024-11-18 00:17:54+00:00,342.57340000000005
2024-11-18 00:21:08+00:00,355.0643
2024-11-18 00:24:22+00:00,344.6486
2024-11-18 00:27:36+00:00,339.4019
2024-11-18 00:30:50+00:00,336.756
2024-11-18 00:34:04+00:00,337.6457
2024-11-18 00:37:18+00:00,350.5618
2024-11-18 00:40:32+00:00,349.1274
2024-11-18 07:38:09+00:00,373.06590000000006
2024-11-18 07:41:23+00:00,360.9826000000001
2024-11-18 07:44:37+00:00,357.1838383838384
2024-11-18 07:47:51+00:00,357.87020000000007
2024-11-18 07:51:05+00:00,363.0984
2024-11-18 07:54:19+00:00,349.1949
2024-11-18 07:57:33+00:00,358.4096
2024-11-18 16:09:34+00:00,358.6617
2024-11-18 16:12:48+00:00,354.4128
2024-11-18 16:16:02+00:00,335.7307070707071
2024-11-18 16:19:16+00:00,344.3086
2024-11-18 16:22:30+00:00,355.7884
2024-11-18 16:25:44+00:00,356.0994
2024-11-18 16:28:58+00:00,349.15
2024-11-18 16:32:12+00:00,356.7242
2024-11-18 16:41:03+00:00,356.3203
2024-11-18 16:44:17+00:00,357.63480000000004
2024-11-19 07:27:50+00:00,358.7589
2024-11-19 07:31:04+00:00,356.49590000000006
2024-11-19 07:34:18+00:00,345.1622
2024-11-19 07:37:32+00:00,348.3448
2024-11-19 07:40:46+00:00,356.0437
2024-11-19 07:44:00+00:00,358.6951
2024-11-19 07:47:14+00:00,355.5414
2024-11-19 16:09:53+00:00,356.85580000000004
2024-11-19 16:13:07+00:00,353.0851
2024-11-19 16:16:21+00:00,341.2833
2024-11-19 16:19:35+00:00,352.4408
2024-11-19 16:22:49+00:00,339.9214
2024-11-19 16:26:03+00:00,352.4164
2024-11-19 16:29:17+00:00,351.3388
2024-11-19 16:32:31+00:00,352.62270000000007
2024-11-20 07:53:16+00:00,353.0295
2024-11-20 07:56:30+00:00,333.2028
2024-11-20 07:59:44+00:00,352.6378
2024-11-20 08:02:58+00:00,336.3761
2024-11-20 08:06:12+00:00,343.0079
2024-11-20 08:09:26+00:00,346.2779
2024-11-20 08:12:40+00:00,343.6321
2024-11-20 08:15:54+00:00,343.616
2024-11-20 08:19:08+00:00,344.6049
2024-11-20 08:22:22+00:00,352.8483
2024-11-20 16:54:54+00:00,349.843
2024-11-20 16:58:08+00:00,348.66450000000003
2024-11-20 17:01:22+00:00,351.62260000000003
2024-11-20 17:04:36+00:00,351.36620000000005
2024-11-20 17:07:50+00:00,358.7838
2024-11-20 17:11:04+00:00,355.0772
2024-11-20 17:14:18+00:00,355.8864
2024-11-20 17:17:32+00:00,329.8706
2024-11-20 17:20:46+00:00,356.5366
2024-11-20 17:24:00+00:00,356.6321
2024-11-20 18:18:36+00:00,352.5021
2024-11-20 18:21:50+00:00,355.9578
2024-11-20 18:25:04+00:00,356.348
2024-11-20 18:28:18+00:00,356.7146
2024-11-20 20:05:36+00:00,353.954
2024-11-20 20:08:50+00:00,354.2654
2024-11-20 20:12:04+00:00,351.6161
2024-11-20 20:15:18+00:00,354.8556
2024-11-20 20:18:32+00:00,357.0464
2024-11-21 06:30:01+00:00,357.0679
2024-11-21 06:33:15+00:00,342.6522
2024-11-21 06:36:29+00:00,352.7267
2024-11-21 06:39:43+00:00,367.811
2024-11-21 06:42:57+00:00,336.13730000000004
2024-11-21 06:46:11+00:00,353.49690000000004
2024-11-21 06:49:25+00:00,354.9003
2024-11-21 06:52:39+00:00,354.5424
2024-11-21 06:55:53+00:00,342.86980000000005
2024-11-21 06:59:07+00:00,348.0339
2024-11-21 14:29:09+00:00,362.1751
2024-11-21 14:32:34+00:00,351.98290000000003
2024-11-21 14:35:48+00:00,355.1592
2024-11-21 14:39:02+00:00,344.0269
2024-11-21 14:42:16+00:00,345.82739999999995
2024-11-21 14:45:30+00:00,346.8324
2024-11-21 14:48:44+00:00,353.3747
2024-11-21 14:51:58+00:00,346.1993
2024-11-21 14:55:12+00:00,338.2235
2024-11-21 14:58:26+00:00,343.3578
2024-11-21 15:01:40+00:00,339.8889
2024-11-21 15:04:54+00:00,347.8254
2024-11-21 15:08:08+00:00,340.5592
2024-11-21 15:11:22+00:00,355.1038
2024-11-21 15:14:36+00:00,355.8458
2024-11-21 15:17:50+00:00,356.0889
2024-11-21 15:21:04+00:00,356.89660000000003
2024-11-21 15:24:18+00:00,354.35400000000004
2024-11-21 15:27:32+00:00,356.62840000000006
2024-11-21 15:30:46+00:00,356.93440000000004
2024-11-21 17:57:07+00:00,363.1128
2024-11-21 18:00:21+00:00,353.81690000000003
2024-11-21 18:03:35+00:00,356.165
2024-11-21 18:06:49+00:00,359.617
2024-11-21 20:10:34+00:00,353.7277
2024-11-21 20:13:48+00:00,356.97540000000004
2024-11-21 20:17:02+00:00,359.8296
2024-11-21 20:20:16+00:00,357.1379
2024-11-21 20:23:30+00:00,356.4823
2024-11-21 20:26:44+00:00,342.92870000000005
2024-11-21 20:29:58+00:00,352.2427
2024-11-21 20:33:12+00:00,343.30870000000004
2024-11-21 20:36:26+00:00,355.0264
2024-11-21 20:39:40+00:00,345.1533
2024-11-21 20:42:54+00:00,341.2022
2024-11-21 20:46:08+00:00,344.21160000000003
2024-11-21 20:49:22+00:00,356.0029
2024-11-21 20:52:36+00:00,357.042
2024-11-21 20:55:50+00:00,356.8394
2024-11-21 20:59:04+00:00,355.8517
2024-11-21 21:02:18+00:00,356.18840000000006
2024-11-22 09:20:56+00:00,357.64050000000003
2024-11-22 09:24:10+00:00,346.2791
2024-11-22 09:27:24+00:00,353.2046
2024-11-22 09:30:38+00:00,353.9686
2024-11-22 11:37:45+00:00,347.0733
2024-11-22 11:40:59+00:00,358.1257
2024-11-22 11:44:13+00:00,358.28770000000003
2024-11-22 11:47:27+00:00,356.5919
2024-11-22 11:50:41+00:00,350.8129
2024-11-22 11:53:55+00:00,346.04110000000003
2024-11-22 11:57:09+00:00,359.1993
2024-11-22 12:00:23+00:00,349.2781
2024-11-22 12:03:37+00:00,324.36870000000005
2024-11-22 12:06:51+00:00,347.50300000000004
2024-11-22 12:10:05+00:00,353.18120000000005
2024-11-22 12:13:19+00:00,344.6802
2024-11-22 12:16:33+00:00,343.54540000000003
2024-11-22 12:19:47+00:00,353.6344
2024-11-22 12:23:01+00:00,352.8641
2024-11-22 12:26:15+00:00,355.5599
2024-11-22 15:41:32+00:00,368.0085
2024-11-22 15:44:46+00:00,362.2483
2024-11-22 15:48:00+00:00,358.4658585858586
2024-11-22 15:51:14+00:00,358.6754
2024-11-22 15:54:28+00:00,357.96160000000003
2024-11-22 15:57:42+00:00,357.8258
2024-11-22 16:00:56+00:00,351.980594059406
2024-11-22 16:04:10+00:00,356.4489
2024-11-22 16:07:24+00:00,360.1756
2024-11-22 16:10:38+00:00,350.9924
2024-11-22 16:13:52+00:00,340.39590000000004
2024-11-22 16:17:06+00:00,354.2948
2024-11-22 16:20:20+00:00,358.5592
2024-11-22 16:23:34+00:00,344.36620000000005
2024-11-22 16:26:48+00:00,347.2565
2024-11-22 16:30:02+00:00,350.2597
2024-11-22 16:33:16+00:00,357.51160000000004
2024-11-22 16:36:30+00:00,354.7137
2024-11-22 16:39:44+00:00,356.6954
2024-11-22 16:42:58+00:00,350.7748
2024-11-22 16:46:12+00:00,358.1792
2024-11-22 16:49:26+00:00,358.2203
2024-11-22 16:52:40+00:00,358.27410000000003
2024-11-22 17:46:30+00:00,354.7866
2024-11-22 17:49:44+00:00,353.75
2024-11-22 17:52:58+00:00,356.73800000000006
2024-11-22 17:56:12+00:00,345.595
2024-11-22 17:59:26+00:00,346.4904
2024-11-22 18:02:40+00:00,364.746
2024-11-22 18:05:54+00:00,358.4286
2024-11-22 18:09:08+00:00,356.5728
2024-11-22 18:12:22+00:00,356.9663
2024-11-22 18:15:36+00:00,357.33340000000004
2024-11-22 18:18:50+00:00,357.6958
2024-11-22 18:22:04+00:00,357.7115
2024-11-22 21:05:54+00:00,352.1261
2024-11-22 21:09:08+00:00,352.0354
2024-11-22 21:12:22+00:00,358.27340000000004
2024-11-22 21:15:36+00:00,337.6367
2024-11-22 21:18:50+00:00,347.44848484848484
2024-11-22 21:22:04+00:00,346.559
2024-11-22 21:25:18+00:00,356.3232
2024-11-22 21:28:32+00:00,328.74010000000004
2024-11-22 21:31:46+00:00,353.50980000000004
2024-11-22 21:35:00+00:00,354.1066
2024-11-22 21:38:14+00:00,354.39270000000005
2024-11-23 13:23:32+00:00,354.3754
2024-11-23 13:26:46+00:00,353.0863
2024-11-23 13:30:00+00:00,353.46520000000004
2024-11-23 13:33:14+00:00,353.2642
2024-11-23 13:36:28+00:00,352.76227722772273
2024-11-23 13:41:31+00:00,353.6731
2024-11-23 16:50:33+00:00,351.4048
2024-11-23 16:53:47+00:00,351.0729
2024-11-23 17:43:21+00:00,353.7088
2024-11-23 17:46:35+00:00,351.7975
2024-11-23 17:49:49+00:00,328.79870000000005
2024-11-23 17:53:03+00:00,351.8042
2024-11-23 17:56:17+00:00,351.7959
2024-11-23 17:59:31+00:00,352.279
2024-11-24 10:11:16+00:00,353.0275
2024-11-24 10:14:30+00:00,329.5353
2024-11-24 10:17:44+00:00,352.19620000000003
2024-11-24 10:27:39+00:00,352.6811
2024-11-24 10:30:53+00:00,351.4299
2024-11-24 10:34:07+00:00,352.5297
2024-11-25 07:29:07+00:00,353.0295
2024-11-25 12:36:08+00:00,353.7905
2024-11-25 12:39:22+00:00,357.3585
2024-11-25 12:42:36+00:00,352.0405
2024-11-25 12:45:50+00:00,356.3796
2024-11-25 12:49:04+00:00,341.58770000000004
2024-11-25 12:52:18+00:00,354.6311
2024-11-25 12:55:32+00:00,348.7173
2024-11-25 12:58:46+00:00,352.5114
2024-11-25 13:02:00+00:00,349.17650000000003
2024-11-25 13:05:14+00:00,350.9745
2024-11-25 13:08:28+00:00,352.4457
2024-11-25 13:11:42+00:00,364.7657
2024-11-25 13:14:56+00:00,357.9336
2024-11-25 13:18:10+00:00,360.12660000000005
2024-11-25 13:49:56+00:00,357.1523
2024-11-25 13:53:10+00:00,356.9738
2024-11-25 13:56:24+00:00,354.88020000000006
2024-11-25 16:45:56+00:00,358.9789
2024-11-25 16:49:10+00:00,356.3164
2024-11-25 16:52:24+00:00,357.619
2024-11-25 16:55:38+00:00,357.6625
2024-11-25 16:58:52+00:00,340.4209
2024-11-25 17:02:06+00:00,347.6936
2024-11-25 17:05:20+00:00,339.5965
2024-11-25 17:08:34+00:00,331.296
2024-11-25 17:11:48+00:00,348.8778
2024-11-25 17:15:02+00:00,350.0872
2024-11-25 17:18:16+00:00,347.4807
2024-11-25 17:21:30+00:00,348.87330000000003
2024-11-25 17:24:44+00:00,344.9144
2024-11-25 17:27:58+00:00,353.91470000000004
2024-11-25 17:31:12+00:00,353.7844
2024-11-25 17:34:26+00:00,353.81090000000006
2024-11-26 07:29:27+00:00,351.3336
2024-11-26 07:32:41+00:00,352.2234
2024-11-26 07:35:55+00:00,350.9511
2024-11-26 07:39:09+00:00,335.5527
2024-11-26 07:42:23+00:00,348.6712
2024-11-26 07:45:37+00:00,349.2475
2024-11-26 07:48:51+00:00,349.5849
2024-11-26 07:52:05+00:00,352.7289
2024-11-26 07:55:19+00:00,351.9813
2024-11-26 07:58:33+00:00,353.6931
2024-11-26 08:01:47+00:00,352.20340000000004
2024-11-26 16:08:53+00:00,355.9385
2024-11-26 16:12:07+00:00,356.7097
2024-11-26 16:15:21+00:00,345.905
2024-11-26 16:18:35+00:00,356.9728
2024-11-26 16:21:49+00:00,355.61
2024-11-26 16:25:03+00:00,355.5308
2024-11-26 16:28:17+00:00,350.7719
2024-11-26 16:31:31+00:00,356.41790000000003
2024-11-26 16:34:45+00:00,359.7135
2024-11-26 16:37:59+00:00,362.5125
2024-11-26 16:41:13+00:00,358.3706
2024-11-28 07:12:58+00:00,358.3401
2024-11-28 07:16:12+00:00,355.38230000000004
2024-11-28 07:19:26+00:00,359.45910000000003
2024-11-28 07:22:40+00:00,336.369
2024-11-28 07:25:54+00:00,356.3481
2024-11-28 07:29:08+00:00,348.37010000000004
2024-11-28 07:32:22+00:00,358.3243
2024-11-28 07:35:36+00:00,355.85940000000005
2024-11-28 07:38:50+00:00,344.7337
2024-11-28 07:42:04+00:00,356.8422
2024-11-28 07:45:18+00:00,359.6972
2024-11-28 07:48:32+00:00,349.74940000000004
2024-11-28 11:34:53+00:00,376.5696
2024-11-28 11:38:07+00:00,359.9164
2024-11-28 11:41:21+00:00,356.149
2024-11-28 11:44:35+00:00,343.8677227722772
2024-11-28 11:47:49+00:00,349.797
2024-11-28 11:51:03+00:00,356.6684
2024-11-28 14:44:30+00:00,358.9141
2024-11-28 14:47:44+00:00,350.0288
2024-11-28 14:50:58+00:00,349.0771
2024-11-28 14:54:12+00:00,357.6146
2024-11-28 14:57:26+00:00,357.9185
2024-11-28 15:00:40+00:00,357.9661
2024-11-28 15:03:54+00:00,358.233
2024-11-28 15:07:08+00:00,358.2028
2024-11-28 15:10:22+00:00,344.287
2024-11-28 15:13:36+00:00,352.3242
2024-11-28 15:16:50+00:00,356.4838
2024-11-28 15:20:04+00:00,357.8272
2024-11-28 17:07:22+00:00,358.9081
2024-11-28 17:10:36+00:00,356.9633
2024-11-28 17:13:50+00:00,355.05840000000006
2024-11-28 17:17:04+00:00,357.4536
2024-11-28 17:20:18+00:00,362.93450000000007
2024-11-28 17:23:32+00:00,354.43340000000006
2024-11-28 17:26:46+00:00,357.83770000000004
2024-11-28 17:30:00+00:00,351.55830000000003
2024-11-28 17:33:14+00:00,355.5678
2024-11-28 17:36:28+00:00,357.9778
2024-11-28 17:39:42+00:00,357.6675
2024-11-28 17:42:56+00:00,356.18520000000007
2024-11-28 19:39:02+00:00,357.4302
2024-11-28 19:42:16+00:00,357.5322
2024-11-28 19:45:30+00:00,352.9931
2024-11-29 06:44:02+00:00,358.7718
2024-11-29 06:47:16+00:00,355.88129999999995
2024-11-29 06:50:30+00:00,357.3478
2024-11-29 06:53:44+00:00,358.459
2024-11-29 06:56:58+00:00,348.6874
2024-11-29 07:00:12+00:00,356.4246
2024-11-29 07:03:26+00:00,352.2561
2024-11-29 07:06:40+00:00,354.2421
2024-11-29 07:09:54+00:00,341.1763
2024-11-29 07:13:08+00:00,347.6474
2024-11-29 07:16:22+00:00,353.4947
2024-11-29 07:19:36+00:00,353.5051
2024-11-29 16:33:16+00:00,358.659
2024-11-29 16:36:30+00:00,355.4365
2024-11-29 16:39:44+00:00,356.6526
2024-11-29 16:42:58+00:00,353.9314
2024-11-29 16:46:12+00:00,338.0114
2024-11-29 16:49:26+00:00,357.5932
2024-11-29 16:52:40+00:00,359.9533
2024-11-29 16:55:54+00:00,355.0703
2024-11-29 16:59:08+00:00,349.97720000000004
2024-11-29 17:02:22+00:00,357.3781
2024-11-29 17:05:36+00:00,357.5158
2024-11-29 17:08:50+00:00,357.8963
2024-11-30 11:04:23+00:00,350.8261
2024-11-30 11:07:37+00:00,357.6757
2024-11-30 11:21:44+00:00,358.3314
2024-11-30 11:24:58+00:00,358.4925
2024-11-30 11:28:12+00:00,358.48440000000005
2024-11-30 11:31:26+00:00,358.4236
2024-11-30 11:34:40+00:00,358.5296
2024-11-30 11:37:54+00:00,358.38870000000003
2024-11-30 11:41:08+00:00,359.7306
2024-11-30 11:44:22+00:00,357.21590000000003
2024-11-30 11:47:36+00:00,357.66900000000004
2024-11-30 12:22:23+00:00,358.0267
2024-11-30 12:25:37+00:00,357.7787
2024-11-30 12:28:51+00:00,356.4289
2024-11-30 12:32:05+00:00,357.6415
2024-11-30 13:32:37+00:00,358.1025
2024-11-30 13:35:51+00:00,361.9634
2024-11-30 13:39:05+00:00,356.755
2024-11-30 13:42:19+00:00,359.85360000000003
2024-11-30 13:45:33+00:00,357.4551
2024-11-30 13:48:47+00:00,357.69730000000004
2024-12-01 16:01:53+00:00,355.9515
2024-12-01 16:05:07+00:00,355.9135
2024-12-01 16:08:21+00:00,357.1727
2024-12-01 16:11:35+00:00,355.6625
2024-12-01 16:21:10+00:00,357.0029
2024-12-01 16:24:24+00:00,357.08230000000003
2024-12-01 16:27:38+00:00,352.76300000000003
2024-12-01 16:30:52+00:00,357.6034
2024-12-01 16:34:06+00:00,352.8211
2024-12-01 16:37:20+00:00,355.44300000000004
2024-12-01 17:14:57+00:00,352.5929
2024-12-01 17:18:11+00:00,353.2352
2024-12-01 17:21:25+00:00,352.0896
2024-12-01 17:24:39+00:00,351.7171
2024-12-01 17:41:28+00:00,354.664
2024-12-01 17:54:36+00:00,354.9446
2024-12-01 17:57:50+00:00,354.9544
2024-12-01 18:01:04+00:00,352.9588
2024-12-01 18:04:18+00:00,344.77660000000003
2024-12-01 18:07:32+00:00,360.9085858585858
2024-12-01 18:10:46+00:00,353.0145
2024-12-01 18:27:04+00:00,349.3411
2024-12-01 18:30:18+00:00,352.7004
2024-12-01 18:33:32+00:00,353.1167
2024-12-02 07:39:05+00:00,352.7207
2024-12-02 07:42:19+00:00,346.05400000000003
2024-12-02 07:45:33+00:00,361.7382
2024-12-02 07:48:47+00:00,345.2087
2024-12-02 07:52:01+00:00,346.6395
2024-12-02 07:55:15+00:00,356.2974
2024-12-02 07:58:29+00:00,352.1668
2024-12-02 16:24:09+00:00,348.381
2024-12-02 16:27:23+00:00,330.7378
2024-12-02 16:30:37+00:00,350.98
2024-12-02 16:33:51+00:00,350.76270000000005
2024-12-02 16:37:05+00:00,345.83090000000004
2024-12-02 16:40:19+00:00,348.9896
2024-12-02 16:43:33+00:00,351.1655
2024-12-02 16:46:47+00:00,351.38910000000004
2024-12-02 16:50:01+00:00,352.3031
2024-12-02 16:53:15+00:00,351.7957
2024-12-02 16:56:29+00:00,352.1507
2024-12-02 17:33:51+00:00,341.3714
2024-12-02 17:37:05+00:00,326.3748
2024-12-02 17:46:51+00:00,355.0893
2024-12-02 17:50:05+00:00,352.1482
2024-12-02 17:53:19+00:00,350.2823
2024-12-02 18:09:26+00:00,352.8696
2024-12-02 18:12:40+00:00,347.2241
2024-12-02 18:15:54+00:00,352.1958
2024-12-02 18:19:08+00:00,352.6695
2024-12-02 18:22:22+00:00,352.80400000000003
2024-12-02 18:25:36+00:00,352.9707
2024-12-02 18:28:50+00:00,352.83160000000004
2024-12-02 20:03:52+00:00,359.2764
2024-12-02 20:07:06+00:00,357.546
2024-12-02 20:10:20+00:00,357.1598
2024-12-02 20:13:34+00:00,356.9443
2024-12-02 20:16:48+00:00,356.9042
2024-12-02 20:20:02+00:00,356.7806
2024-12-03 06:58:47+00:00,354.7042
2024-12-03 07:02:01+00:00,355.0072
2024-12-03 07:05:15+00:00,357.6735
2024-12-03 07:08:29+00:00,354.3054
2024-12-03 07:11:43+00:00,352.2503
2024-12-03 07:14:57+00:00,344.49840000000006
2024-12-03 07:18:11+00:00,352.60940000000005
2024-12-03 07:21:25+00:00,367.1192
2024-12-03 07:24:39+00:00,349.13050000000004
2024-12-03 07:27:53+00:00,353.62620000000004
2024-12-03 07:31:07+00:00,350.8793
2024-12-03 07:34:21+00:00,353.2669
2024-12-03 13:20:48+00:00,355.8517
2024-12-03 13:24:02+00:00,356.061
2024-12-03 13:27:16+00:00,357.5509
2024-12-03 13:30:30+00:00,336.1623
2024-12-03 13:33:44+00:00,358.1213
2024-12-03 13:36:58+00:00,356.0035
2024-12-03 13:40:12+00:00,351.9202
2024-12-03 13:43:26+00:00,349.587
2024-12-03 13:46:40+00:00,358.4636
2024-12-03 13:49:54+00:00,347.3336
2024-12-03 13:53:08+00:00,349.838
2024-12-03 13:56:22+00:00,353.23940000000005
2024-12-03 13:59:36+00:00,358.2817
2024-12-03 14:02:50+00:00,351.7525
2024-12-03 14:06:04+00:00,357.8442
2024-12-03 14:09:18+00:00,348.5467
2024-12-03 14:12:32+00:00,362.8733
2024-12-03 14:15:46+00:00,358.1644
2024-12-03 14:19:00+00:00,358.8114
2024-12-03 14:41:36+00:00,356.4585
2024-12-03 14:44:50+00:00,353.56230000000005
2024-12-03 14:48:04+00:00,353.2854
2024-12-03 15:38:27+00:00,358.8589
2024-12-03 15:41:41+00:00,356.4292
2024-12-03 15:44:55+00:00,352.0939
2024-12-03 15:48:09+00:00,357.79290000000003
2024-12-03 15:51:23+00:00,357.93940000000003
2024-12-03 15:54:37+00:00,358.1035
2024-12-04 16:33:30+00:00,351.3903
2024-12-04 16:36:44+00:00,353.2427
2024-12-04 16:39:58+00:00,349.4925
2024-12-04 17:20:51+00:00,353.4238
2024-12-04 17:24:05+00:00,350.245
2024-12-04 17:27:19+00:00,352.5956
2024-12-04 18:49:24+00:00,355.2572
2024-12-04 18:52:38+00:00,355.449
2024-12-04 18:55:52+00:00,352.6066
2024-12-04 18:59:06+00:00,352.6367
2024-12-05 07:41:25+00:00,348.677
2024-12-05 07:44:39+00:00,323.4563
2024-12-05 07:47:53+00:00,334.7529
2024-12-05 07:51:07+00:00,329.20129999999995
2024-12-05 07:54:21+00:00,351.8853
2024-12-05 07:57:35+00:00,341.5499
2024-12-05 08:00:49+00:00,356.86690000000004
2024-12-05 16:36:16+00:00,351.0867
2024-12-05 16:39:30+00:00,349.2007
2024-12-05 16:42:44+00:00,342.6706
2024-12-05 16:45:58+00:00,350.141
2024-12-05 16:49:12+00:00,343.4714
2024-12-05 16:52:26+00:00,351.5372
2024-12-05 16:55:40+00:00,351.1829
2024-12-05 17:01:51+00:00,346.2265
2024-12-05 17:05:05+00:00,315.2361
2024-12-05 17:08:19+00:00,334.7092
2024-12-05 17:11:33+00:00,355.21840000000003
2024-12-05 17:23:28+00:00,355.5873
2024-12-05 17:26:42+00:00,341.1092
2024-12-05 17:29:56+00:00,341.38520000000005
2024-12-05 17:33:10+00:00,350.5547
2024-12-06 06:59:08+00:00,351.4338
2024-12-06 07:02:22+00:00,350.4863
2024-12-06 07:05:36+00:00,350.5171
2024-12-06 07:08:50+00:00,349.019
2024-12-06 07:12:04+00:00,345.2328
2024-12-06 07:15:18+00:00,351.87270000000007
2024-12-06 07:18:32+00:00,349.2337
2024-12-06 07:21:46+00:00,328.5764
2024-12-06 07:25:00+00:00,327.6533
2024-12-06 07:28:14+00:00,353.30410000000006
2024-12-06 07:31:28+00:00,354.4597
2024-12-06 15:58:06+00:00,359.7442
2024-12-06 16:01:20+00:00,356.9608
2024-12-06 16:04:34+00:00,355.67
2024-12-06 16:07:48+00:00,356.3357
2024-12-06 16:11:02+00:00,363.4301
2024-12-06 16:14:16+00:00,341.0349
2024-12-06 16:17:30+00:00,345.7375
2024-12-06 16:20:44+00:00,353.5133
2024-12-06 16:23:58+00:00,342.0371
2024-12-06 16:27:12+00:00,351.24120000000005
2024-12-06 16:30:26+00:00,353.6343
2024-12-06 18:06:24+00:00,352.7139
2024-12-06 18:09:38+00:00,353.7937
2024-12-06 18:12:52+00:00,355.81449999999995
2024-12-06 18:16:06+00:00,351.4047
2024-12-06 18:19:20+00:00,353.987
2024-12-06 22:51:19+00:00,350.86
2024-12-06 22:54:33+00:00,350.8932
2024-12-06 22:57:47+00:00,349.5896
2024-12-06 23:01:01+00:00,352.4884
2024-12-06 23:04:15+00:00,352.9413
2024-12-06 23:07:29+00:00,353.1651
2024-12-07 10:32:57+00:00,352.6637
2024-12-07 10:36:11+00:00,353.925
2024-12-07 13:44:53+00:00,357.92760000000004
2024-12-07 13:48:07+00:00,352.7892
2024-12-07 13:51:21+00:00,348.85900000000004
2024-12-07 13:54:35+00:00,349.6638
2024-12-07 13:57:49+00:00,349.4168
2024-12-07 14:01:03+00:00,354.6575
2024-12-07 14:04:17+00:00,335.9449
2024-12-07 14:07:31+00:00,348.385
2024-12-07 14:10:45+00:00,349.85290000000003
2024-12-07 14:13:59+00:00,359.6044
2024-12-07 14:17:13+00:00,362.7969000000001
2024-12-07 14:20:27+00:00,352.830202020202
2024-12-07 14:23:41+00:00,348.4752
2024-12-07 14:26:55+00:00,351.3564
2024-12-07 14:30:09+00:00,356.99950000000007
2024-12-07 14:33:23+00:00,358.5018
2024-12-07 14:36:37+00:00,357.28430000000003
2024-12-07 14:39:51+00:00,352.6136
2024-12-07 14:43:05+00:00,357.587
2024-12-07 14:46:19+00:00,356.8164
2024-12-07 14:49:33+00:00,357.6583
2024-12-07 14:52:47+00:00,356.6706
2024-12-07 14:56:01+00:00,357.3797
2024-12-07 15:21:26+00:00,359.82090000000005
2024-12-07 15:24:40+00:00,360.7413
2024-12-07 15:27:54+00:00,359.02
2024-12-07 15:31:08+00:00,359.6396
2024-12-07 15:34:22+00:00,358.8715
2024-12-07 15:37:36+00:00,356.13770000000005
2024-12-07 15:40:50+00:00,360.0431
2024-12-07 15:44:04+00:00,349.7288
2024-12-07 15:47:18+00:00,347.3983
2024-12-07 15:50:32+00:00,359.40270000000004
2024-12-07 15:53:46+00:00,350.48650000000004
2024-12-07 15:57:00+00:00,351.08840000000004
2024-12-07 16:00:14+00:00,326.26485148514854
2024-12-07 16:03:28+00:00,354.811
2024-12-07 16:06:42+00:00,334.2319
2024-12-07 16:09:56+00:00,354.6861
2024-12-07 16:13:10+00:00,342.17440000000005
2024-12-07 16:16:24+00:00,353.72520000000003
2024-12-07 16:19:38+00:00,344.61760000000004
2024-12-07 16:22:52+00:00,340.9792
2024-12-07 16:26:06+00:00,338.36800000000005
2024-12-07 16:29:20+00:00,345.542
2024-12-07 16:32:34+00:00,342.7028
2024-12-07 16:35:48+00:00,333.3627
2024-12-07 16:39:02+00:00,334.2952
2024-12-07 16:42:16+00:00,348.05870000000004
2024-12-07 16:45:30+00:00,334.4182
2024-12-07 16:48:44+00:00,345.4832
2024-12-07 16:51:58+00:00,344.6782
2024-12-07 17:06:01+00:00,357.1865
2024-12-07 17:09:15+00:00,352.9082
2024-12-07 17:12:29+00:00,353.406
2024-12-07 17:15:43+00:00,350.81699999999995
2024-12-07 17:18:57+00:00,352.152
2024-12-07 17:22:11+00:00,358.7979
2024-12-07 17:25:25+00:00,352.184
2024-12-07 17:28:39+00:00,352.18070707070706
2024-12-07 17:31:53+00:00,351.2382
2024-12-07 17:35:07+00:00,355.19199999999995
2024-12-07 17:38:21+00:00,352.7208
2024-12-07 17:41:35+00:00,354.6642
2024-12-07 17:44:49+00:00,351.5736
2024-12-07 17:48:03+00:00,349.723
2024-12-07 17:51:17+00:00,356.396
2024-12-07 17:54:31+00:00,352.3595
2024-12-07 17:57:45+00:00,343.2072
2024-12-07 18:00:59+00:00,353.9049
2024-12-07 18:04:13+00:00,354.95480000000003
2024-12-07 18:07:27+00:00,353.66540000000003
2024-12-07 18:10:41+00:00,350.2871
2024-12-07 18:13:55+00:00,353.57129999999995
2024-12-07 18:17:09+00:00,352.68760000000003
2024-12-07 18:20:23+00:00,354.176
2024-12-08 00:03:15+00:00,353.5883
2024-12-08 00:06:29+00:00,352.5143
2024-12-08 00:09:43+00:00,345.3918
2024-12-08 00:12:57+00:00,351.2104
2024-12-08 00:16:11+00:00,350.9914
2024-12-08 00:19:25+00:00,344.5393
2024-12-08 00:22:39+00:00,351.23620000000005
2024-12-08 11:49:04+00:00,353.1904
2024-12-08 11:52:18+00:00,351.02950000000004
2024-12-08 11:55:32+00:00,347.2617
2024-12-08 11:58:46+00:00,333.7585
2024-12-08 12:02:00+00:00,329.07809999999995
2024-12-08 12:05:14+00:00,344.3178
2024-12-08 12:08:28+00:00,350.4029
2024-12-08 12:11:42+00:00,349.11760000000004
2024-12-08 12:14:56+00:00,349.4806
2024-12-08 12:18:10+00:00,351.4451
2024-12-08 12:21:24+00:00,347.4404
2024-12-08 14:25:19+00:00,348.13230000000004
2024-12-08 14:28:33+00:00,334.1925
2024-12-08 14:31:47+00:00,338.04870000000005
2024-12-08 14:35:01+00:00,339.356
2024-12-08 14:38:15+00:00,340.23260000000005
2024-12-08 14:41:29+00:00,328.01450000000006
2024-12-08 14:44:43+00:00,342.3301
2024-12-08 14:47:57+00:00,333.26379999999995
2024-12-08 14:51:11+00:00,329.548
2024-12-08 14:54:25+00:00,333.147
2024-12-08 14:57:39+00:00,324.8478
2024-12-08 15:00:53+00:00,323.4195
2024-12-08 15:04:07+00:00,340.64660000000003
2024-12-08 15:46:34+00:00,354.0989
2024-12-08 15:49:48+00:00,353.4632323232323
2024-12-08 15:53:02+00:00,354.07450000000006
2024-12-08 15:56:16+00:00,346.6177
2024-12-08 15:59:30+00:00,353.0201
2024-12-08 16:02:44+00:00,352.7256
2024-12-08 16:05:58+00:00,364.6662
2024-12-08 16:09:12+00:00,352.17010000000005
2024-12-08 16:12:26+00:00,350.6062
2024-12-08 16:15:40+00:00,350.505
2024-12-08 16:18:54+00:00,347.5099
2024-12-08 16:22:08+00:00,340.4928
2024-12-08 16:25:22+00:00,350.1893
2024-12-08 16:28:36+00:00,354.4724
2024-12-08 16:31:50+00:00,354.105
2024-12-08 16:35:04+00:00,358.5606
2024-12-08 16:38:18+00:00,354.0621
2024-12-08 16:41:32+00:00,353.1453
2024-12-08 16:44:46+00:00,354.0201
2024-12-08 16:48:00+00:00,351.8264
2024-12-08 16:51:14+00:00,353.4143
2024-12-08 16:54:28+00:00,352.71858585858587
2024-12-08 16:57:42+00:00,346.88879999999995
2024-12-08 17:00:56+00:00,344.59450000000004
2024-12-08 17:04:10+00:00,342.7096
2024-12-08 17:07:24+00:00,346.8218
2024-12-08 17:10:38+00:00,346.5751
2024-12-08 17:13:52+00:00,342.63020000000006
2024-12-08 17:17:06+00:00,343.0758
2024-12-08 17:20:20+00:00,339.5657
2024-12-08 17:23:34+00:00,339.1486
2024-12-08 17:26:48+00:00,341.13
2024-12-08 17:30:02+00:00,339.6711
2024-12-08 17:33:16+00:00,343.49480000000005
2024-12-08 17:36:30+00:00,346.7795
2024-12-08 17:39:44+00:00,349.17370000000005
2024-12-08 17:42:58+00:00,349.62510000000003
2024-12-09 08:17:02+00:00,347.9622
2024-12-09 08:20:16+00:00,337.3378
2024-12-09 08:23:30+00:00,348.5978
2024-12-09 08:26:44+00:00,309.4039
2024-12-09 08:29:58+00:00,348.0368
2024-12-09 08:33:12+00:00,331.0639
2024-12-09 08:36:26+00:00,315.5358
2024-12-09 08:39:40+00:00,342.55690000000004
2024-12-09 08:42:54+00:00,343.1541
2024-12-09 10:06:10+00:00,353.8835
2024-12-09 13:27:49+00:00,362.0032
2024-12-09 13:31:03+00:00,351.7392
2024-12-09 13:34:17+00:00,357.954
2024-12-09 13:37:31+00:00,349.6525
2024-12-09 13:40:45+00:00,350.9796
2024-12-09 13:43:59+00:00,355.3027
2024-12-09 15:39:25+00:00,359.7992
2024-12-09 15:42:39+00:00,353.6096
2024-12-09 15:45:53+00:00,357.36550000000005
2024-12-09 16:20:06+00:00,356.4
2024-12-09 16:23:20+00:00,357.1392
2024-12-09 16:26:34+00:00,351.856
2024-12-09 17:08:53+00:00,367.7396
2024-12-09 17:12:07+00:00,356.3517
2024-12-09 17:15:21+00:00,353.67830000000004
2024-12-09 17:18:35+00:00,357.13480000000004
2024-12-10 09:07:00+00:00,348.1557
2024-12-10 09:10:14+00:00,355.4706
2024-12-10 09:21:59+00:00,351.191
2024-12-10 09:25:13+00:00,354.0933
2024-12-10 09:28:27+00:00,359.6551
2024-12-10 09:31:41+00:00,362.17730000000006
2024-12-10 09:34:55+00:00,352.9503
2024-12-10 09:38:09+00:00,351.5157
2024-12-10 09:41:23+00:00,357.6526
2024-12-10 16:40:10+00:00,359.01020000000005
2024-12-10 16:43:24+00:00,359.1431
2024-12-10 16:46:38+00:00,354.9828
2024-12-10 16:49:52+00:00,356.4061
2024-12-10 16:53:06+00:00,351.3779
2024-12-10 16:56:20+00:00,349.1283
2024-12-10 16:59:34+00:00,353.6428
2024-12-10 17:02:48+00:00,355.6297
2024-12-10 19:23:08+00:00,356.7262
2024-12-10 19:26:22+00:00,356.4542
2024-12-10 19:29:36+00:00,354.869
2024-12-11 07:09:58+00:00,356.3046
2024-12-11 07:13:12+00:00,355.75
2024-12-11 07:16:26+00:00,356.73720000000003
2024-12-11 07:19:40+00:00,354.5936
2024-12-11 07:22:54+00:00,354.3997
2024-12-11 07:26:08+00:00,352.976
2024-12-11 07:29:22+00:00,337.5865
2024-12-11 07:32:36+00:00,354.87230000000005
2024-12-11 07:35:50+00:00,351.2731
2024-12-11 07:39:04+00:00,352.897
2024-12-11 07:42:18+00:00,348.62090000000006
2024-12-11 07:45:32+00:00,350.6836
2024-12-11 07:48:46+00:00,348.704
2024-12-11 07:52:00+00:00,353.9612
2024-12-11 07:55:14+00:00,349.5976
2024-12-11 07:58:28+00:00,330.10970000000003
2024-12-11 08:01:42+00:00,342.0589
2024-12-11 08:04:56+00:00,345.1906
2024-12-11 08:08:10+00:00,343.3836
2024-12-11 08:11:24+00:00,345.9694
2024-12-11 08:14:38+00:00,346.8017171717172
2024-12-11 08:17:52+00:00,354.0543
2024-12-11 08:21:06+00:00,352.43120000000005
2024-12-11 08:24:20+00:00,353.5916
2024-12-11 08:27:34+00:00,353.6691
2024-12-11 08:30:48+00:00,353.8411
2024-12-11 16:01:45+00:00,350.5985
2024-12-11 16:04:59+00:00,351.4041
2024-12-11 16:08:13+00:00,349.8541
2024-12-11 16:11:27+00:00,349.8013
2024-12-11 16:14:41+00:00,356.5518
2024-12-11 16:17:55+00:00,349.0989
2024-12-11 16:21:09+00:00,347.8034
2024-12-11 16:24:23+00:00,353.4874
2024-12-11 16:27:37+00:00,350.4723
2024-12-11 16:30:51+00:00,348.87190000000004
2024-12-11 16:34:05+00:00,337.94800000000004
2024-12-11 16:37:19+00:00,351.525
2024-12-11 16:40:33+00:00,314.5028
2024-12-11 16:43:47+00:00,334.3642
2024-12-11 16:47:01+00:00,354.16720000000004
2024-12-11 16:50:15+00:00,348.67980000000006
2024-12-11 16:53:29+00:00,346.3589
2024-12-11 16:56:43+00:00,350.025
2024-12-11 16:59:57+00:00,350.67940000000004
2024-12-11 17:03:11+00:00,348.9164
2024-12-11 17:06:25+00:00,350.305
2024-12-11 17:09:39+00:00,351.1264
2024-12-11 17:12:53+00:00,348.41
2024-12-11 17:16:07+00:00,350.3717
2024-12-11 17:19:21+00:00,349.6644
2024-12-11 17:22:35+00:00,350.99120000000005
2024-12-11 17:25:49+00:00,349.6365
2024-12-11 17:29:03+00:00,350.2136363636364
2024-12-11 17:32:17+00:00,350.9848
2024-12-11 17:35:31+00:00,349.1754
2024-12-11 17:38:45+00:00,351.141
2024-12-11 21:04:54+00:00,360.37090000000006
2024-12-11 21:08:08+00:00,358.8207
2024-12-11 21:11:22+00:00,358.0937
2024-12-11 21:14:36+00:00,358.9503
2024-12-11 21:17:50+00:00,353.3415
2024-12-11 21:21:04+00:00,355.4417
2024-12-11 21:24:18+00:00,350.43120000000005
2024-12-11 21:27:32+00:00,352.04760000000005
2024-12-11 21:30:46+00:00,352.01800000000003
2024-12-11 21:34:00+00:00,350.5585
2024-12-11 21:37:14+00:00,351.2775
2024-12-11 21:40:28+00:00,349.46
2024-12-11 21:43:42+00:00,345.31620000000004
2024-12-11 21:46:56+00:00,348.51270000000005
2024-12-11 21:50:10+00:00,344.7511
2024-12-11 21:53:24+00:00,345.8006
2024-12-11 21:56:38+00:00,338.3527
2024-12-11 21:59:52+00:00,346.0249
2024-12-11 22:03:06+00:00,354.24550000000005
2024-12-11 22:06:20+00:00,354.28520000000003
2024-12-11 22:09:34+00:00,352.2081
2024-12-11 22:12:48+00:00,354.0357
2024-12-11 22:16:02+00:00,354.42760000000004
2024-12-12 08:30:23+00:00,352.2906
2024-12-12 08:33:37+00:00,338.3443
2024-12-12 08:36:51+00:00,350.2536
2024-12-12 08:40:05+00:00,333.8718
2024-12-12 08:43:19+00:00,352.4835
2024-12-12 11:04:58+00:00,360.6701000000001
2024-12-12 11:08:12+00:00,357.1789
2024-12-12 11:11:26+00:00,360.8216000000001
2024-12-12 11:14:40+00:00,358.02450000000005
2024-12-12 11:17:54+00:00,359.6217
2024-12-12 11:21:08+00:00,349.5032
2024-12-12 11:24:22+00:00,354.6598
2024-12-12 11:27:36+00:00,354.24580000000003
2024-12-12 11:30:50+00:00,351.6103
2024-12-12 11:34:04+00:00,347.9031
2024-12-12 11:37:18+00:00,353.31080000000003
2024-12-12 11:40:32+00:00,355.25879999999995
2024-12-12 11:43:46+00:00,350.6164
2024-12-12 11:47:00+00:00,349.9139
2024-12-12 11:50:14+00:00,354.33270000000005
2024-12-12 11:53:28+00:00,355.6009
2024-12-12 11:56:42+00:00,357.8983
2024-12-12 14:41:31+00:00,358.5536
2024-12-12 14:44:45+00:00,357.1914
2024-12-12 14:47:59+00:00,357.7056
2024-12-12 14:51:13+00:00,356.8034
2024-12-12 14:54:27+00:00,357.4037
2024-12-12 14:57:41+00:00,354.5991
2024-12-12 15:00:55+00:00,350.86080000000004
2024-12-12 15:04:09+00:00,346.51120000000003
2024-12-12 15:07:23+00:00,345.6275
2024-12-12 15:10:37+00:00,347.6009
2024-12-12 15:13:51+00:00,353.2924
2024-12-12 15:17:05+00:00,358.86010000000005
2024-12-12 15:20:19+00:00,358.1717
2024-12-12 15:23:33+00:00,357.3979
2024-12-12 15:26:47+00:00,354.73940000000005
2024-12-12 15:30:01+00:00,358.4159
2024-12-12 15:33:15+00:00,357.9945
2024-12-12 15:36:29+00:00,358.2543
2024-12-12 15:39:43+00:00,358.456
2024-12-12 15:42:57+00:00,358.4489
2024-12-12 15:46:11+00:00,358.5013
2024-12-12 15:49:25+00:00,358.6135
2024-12-12 15:52:39+00:00,358.39239999999995
2024-12-12 15:55:53+00:00,361.5314
2024-12-12 15:59:07+00:00,357.9597
2024-12-12 16:02:21+00:00,359.91830000000004
2024-12-12 16:05:35+00:00,352.1082
2024-12-12 16:08:49+00:00,358.0402
2025-01-07 07:10:21+00:00,356.75160000000005
2025-01-07 07:13:35+00:00,348.98
2025-01-07 07:16:49+00:00,327.00350000000003
2025-01-07 07:20:03+00:00,354.25120000000004
2025-01-07 07:23:17+00:00,339.21270000000004
2025-01-07 07:26:31+00:00,351.6889
2025-01-07 07:29:45+00:00,352.1569
2025-01-07 16:23:09+00:00,337.86480000000006
2025-01-07 16:26:23+00:00,349.63370000000003
2025-01-07 16:29:37+00:00,337.423
2025-01-07 16:32:51+00:00,343.3942
2025-01-07 16:36:05+00:00,351.0717
2025-01-07 16:39:19+00:00,351.4365656565657
2025-01-07 16:42:33+00:00,348.21700000000004
2025-01-07 16:45:47+00:00,351.2786
2025-01-07 16:49:01+00:00,351.7208
2025-01-07 17:30:48+00:00,352.3086
2025-01-07 17:34:02+00:00,352.44449999999995
2025-01-07 17:37:16+00:00,344.3315
2025-01-07 17:40:30+00:00,348.2719
2025-01-07 17:43:44+00:00,351.75800000000004
2025-01-08 07:35:43+00:00,353.17440000000005
2025-01-08 07:38:57+00:00,351.3634
2025-01-08 07:42:11+00:00,351.2198
2025-01-08 07:45:25+00:00,350.6374
2025-01-08 07:48:39+00:00,346.86220000000003
2025-01-08 07:51:53+00:00,332.04290000000003
2025-01-08 07:55:07+00:00,350.2443
2025-01-08 07:58:21+00:00,350.36220000000003
2025-01-08 16:40:14+00:00,346.466
2025-01-08 16:43:28+00:00,336.1707
2025-01-08 16:46:42+00:00,308.4248
2025-01-08 16:49:56+00:00,346.2258
2025-01-08 16:53:10+00:00,346.4199
2025-01-08 16:56:24+00:00,346.3254
2025-01-08 16:59:38+00:00,338.8182
2025-01-08 17:02:52+00:00,343.42760000000004
2025-01-08 17:06:06+00:00,340.4271
2025-01-08 17:09:20+00:00,346.1438
2025-01-08 17:12:34+00:00,346.4593
2025-01-08 21:33:33+00:00,360.5315
2025-01-08 21:36:47+00:00,359.62020000000007
2025-01-08 21:40:01+00:00,359.3641
2025-01-08 21:43:15+00:00,358.1746
2025-01-09 06:47:51+00:00,358.50199999999995
2025-01-09 06:51:05+00:00,354.82629999999995
2025-01-09 06:54:19+00:00,353.0117
2025-01-09 06:57:33+00:00,356.6159
2025-01-09 07:00:47+00:00,354.78790000000004
2025-01-09 07:04:01+00:00,357.9873
2025-01-09 07:07:15+00:00,358.5208
2025-01-09 07:10:29+00:00,352.8664
2025-01-09 07:13:43+00:00,355.1756
2025-01-09 15:53:44+00:00,347.3944
2025-01-09 15:56:58+00:00,350.2737
2025-01-09 16:00:12+00:00,357.8322
2025-01-09 16:03:26+00:00,333.5269
2025-01-09 16:06:40+00:00,350.9195
2025-01-09 16:09:54+00:00,344.797
2025-01-09 16:13:08+00:00,351.4906
2025-01-09 16:16:22+00:00,341.3243
2025-01-09 16:19:36+00:00,351.5014
2025-01-09 16:22:50+00:00,352.7693
2025-01-12 13:51:07+00:00,354.24520000000007
2025-01-12 13:54:21+00:00,353.57980000000003
2025-01-12 13:57:35+00:00,353.2819
2025-01-12 16:52:25+00:00,362.2615
2025-01-12 16:55:39+00:00,359.6917
2025-01-12 16:58:53+00:00,359.6656
2025-01-13 07:12:08+00:00,356.97790000000003
2025-01-13 07:15:22+00:00,355.8082
2025-01-13 07:18:36+00:00,353.647
2025-01-13 07:21:50+00:00,349.6249
2025-01-13 07:25:04+00:00,340.5593
2025-01-13 07:28:18+00:00,359.6749
2025-01-13 16:16:07+00:00,355.82340000000005
2025-01-13 16:19:21+00:00,352.6951
2025-01-13 16:22:35+00:00,355.28020000000004
2025-01-13 16:25:49+00:00,355.2675
2025-01-13 16:29:03+00:00,363.5544
2025-01-13 16:32:17+00:00,349.676
2025-01-13 16:35:31+00:00,355.8971
2025-01-13 16:38:45+00:00,354.92370000000005
2025-01-13 16:41:59+00:00,355.7844
2025-01-14 07:33:58+00:00,358.5355
2025-01-14 07:37:12+00:00,358.2814
2025-01-14 07:40:26+00:00,356.2099
2025-01-14 07:43:40+00:00,356.38200000000006
2025-01-14 07:46:54+00:00,355.3944
2025-01-14 07:50:08+00:00,338.3953
2025-01-14 07:53:22+00:00,343.2585
2025-01-14 07:56:36+00:00,357.75440000000003
2025-01-14 16:17:53+00:00,352.8448
2025-01-14 16:21:07+00:00,350.87340000000006
2025-01-14 16:24:21+00:00,351.0365
2025-01-14 16:27:35+00:00,351.3082
2025-01-14 16:30:49+00:00,351.7891
2025-01-14 16:34:03+00:00,346.45270000000005
2025-01-14 16:37:17+00:00,327.2206
2025-01-14 16:40:31+00:00,330.5231
2025-01-14 16:43:45+00:00,355.1419
2025-01-14 16:46:59+00:00,361.3746
2025-01-14 16:50:13+00:00,345.2411
2025-01-14 16:53:27+00:00,350.896
2025-01-14 17:20:21+00:00,352.6279
2025-01-14 17:23:35+00:00,346.75590000000005
2025-01-14 17:26:49+00:00,352.0405
2025-01-14 17:30:03+00:00,352.3652475247525
2025-01-15 18:38:54+00:00,353.7561
2025-01-15 18:42:08+00:00,351.0735
2025-01-16 07:44:16+00:00,352.9633
2025-01-16 07:47:30+00:00,349.2689
2025-01-16 07:50:44+00:00,345.1555
2025-01-16 07:53:58+00:00,348.6009
2025-01-16 07:57:12+00:00,346.00090000000006
2025-01-16 08:00:26+00:00,344.38129999999995
2025-01-16 08:03:40+00:00,340.4896
2025-01-16 08:06:54+00:00,327.0423
2025-01-16 08:10:08+00:00,350.564
2025-01-16 08:13:22+00:00,348.0323
2025-01-16 16:52:50+00:00,357.30870000000004
2025-01-16 16:56:04+00:00,358.65090000000004
2025-01-16 16:59:18+00:00,338.5549
2025-01-16 17:02:32+00:00,347.9806
2025-01-16 17:05:46+00:00,345.6553
2025-01-16 17:09:00+00:00,350.3421
2025-01-16 17:12:14+00:00,346.2075
2025-01-16 17:15:28+00:00,357.1588
2025-01-16 17:18:42+00:00,358.60220000000004
2025-01-16 17:21:56+00:00,357.426
2025-01-16 17:47:06+00:00,357.30800000000005
2025-01-16 17:50:20+00:00,352.908
2025-01-16 17:53:34+00:00,356.72540000000004
2025-01-16 21:13:16+00:00,357.0258
2025-01-16 21:16:30+00:00,356.91110000000003
2025-01-16 21:19:44+00:00,357.2785
2025-01-16 21:22:58+00:00,350.2826
2025-01-16 21:26:12+00:00,352.50910000000005
2025-01-16 21:29:26+00:00,353.35290000000003
2025-01-16 21:32:40+00:00,355.8543
2025-01-17 17:44:24+00:00,353.5018
2025-01-17 17:47:38+00:00,341.0883
2025-01-17 17:50:52+00:00,351.5531
2025-01-17 19:37:51+00:00,351.6164
2025-01-17 19:41:05+00:00,349.9658
2025-01-17 19:44:19+00:00,351.3904
2025-01-17 19:47:33+00:00,337.92900000000003
2025-01-17 19:50:47+00:00,350.0904
2025-01-18 09:21:59+00:00,352.75980000000004
2025-01-18 09:25:13+00:00,345.9612
2025-01-18 09:28:27+00:00,352.2174
2025-01-18 09:31:41+00:00,352.89230000000003
2025-01-18 09:34:55+00:00,345.8343
2025-01-18 09:38:09+00:00,352.6874
2025-01-18 09:41:23+00:00,352.27230000000003
2025-01-18 09:44:37+00:00,352.34680000000003
2025-01-18 09:47:51+00:00,352.535
2025-01-18 09:51:05+00:00,352.6732
2025-01-18 17:47:49+00:00,345.9339
2025-01-18 17:51:03+00:00,350.8786
2025-01-18 18:18:13+00:00,349.4046
2025-01-18 18:21:27+00:00,350.0247
2025-01-18 18:24:41+00:00,352.2993
2025-01-18 18:27:55+00:00,352.0154
2025-01-18 20:49:48+00:00,348.95660000000004
2025-01-18 20:53:02+00:00,348.8206
2025-01-18 20:56:16+00:00,352.6867
2025-01-18 20:59:30+00:00,351.07840000000004
2025-01-19 12:25:51+00:00,352.626
2025-01-19 12:29:05+00:00,350.1536
2025-01-19 12:32:19+00:00,350.2615
2025-01-19 12:35:33+00:00,348.6129
2025-01-19 12:38:47+00:00,350.6918
2025-01-19 12:42:01+00:00,351.02700000000004
2025-01-19 12:45:15+00:00,351.284
2025-01-19 12:48:29+00:00,351.3355
2025-01-19 12:51:43+00:00,351.5267
2025-01-19 13:08:45+00:00,351.2338
2025-01-19 13:11:59+00:00,340.1643
2025-01-19 13:15:13+00:00,334.67220000000003
2025-01-19 13:18:27+00:00,349.6967
2025-01-19 13:23:34+00:00,350.54200000000003
2025-01-19 13:26:48+00:00,350.69590000000005
2025-01-19 13:30:02+00:00,350.9021
2025-01-19 13:33:16+00:00,350.9018
2025-01-19 13:36:30+00:00,350.3407
2025-01-19 20:49:05+00:00,360.3689
2025-01-20 15:17:22+00:00,357.13129999999995
2025-01-20 15:20:36+00:00,344.6089
2025-01-20 15:23:50+00:00,342.4139
2025-01-20 15:27:04+00:00,349.8397
2025-01-20 15:57:45+00:00,356.2136
2025-01-20 16:00:59+00:00,355.1706
2025-01-20 16:04:13+00:00,354.2212
2025-01-20 16:07:27+00:00,346.63660000000004
2025-01-20 16:10:41+00:00,355.930606060606
2025-01-20 16:13:55+00:00,355.5183
2025-01-21 07:38:28+00:00,357.5225
2025-01-21 07:41:42+00:00,354.1324
2025-01-21 07:44:56+00:00,351.79110000000003
2025-01-21 07:48:10+00:00,332.76309999999995
2025-01-21 07:51:24+00:00,346.3963
2025-01-21 07:54:38+00:00,346.8949
2025-01-21 07:57:52+00:00,358.8294
2025-01-21 16:34:41+00:00,354.89160000000004
2025-01-21 16:37:55+00:00,359.32910000000004
2025-01-21 16:41:09+00:00,361.9986
2025-01-21 16:44:23+00:00,316.759
2025-01-21 16:47:37+00:00,323.9525252525252
2025-01-21 16:50:51+00:00,352.0955
2025-01-21 16:54:05+00:00,350.8918
2025-01-21 16:57:19+00:00,352.7543
2025-01-22 06:47:38+00:00,351.35900000000004
2025-01-22 06:50:52+00:00,351.6111
2025-01-22 06:54:06+00:00,367.8421
2025-01-22 06:57:20+00:00,366.6962
2025-01-22 07:00:34+00:00,338.61620000000005
2025-01-22 07:03:48+00:00,335.5278
2025-01-22 07:07:02+00:00,351.7932
2025-01-22 15:49:31+00:00,350.05190000000005
2025-01-22 15:52:45+00:00,349.95300000000003
2025-01-22 15:55:59+00:00,351.0435
2025-01-22 15:59:13+00:00,332.6315
2025-01-22 16:02:27+00:00,349.64
2025-01-22 16:05:41+00:00,368.8758
2025-01-22 16:08:55+00:00,350.2307
2025-01-22 16:12:09+00:00,350.71020000000004
2025-01-22 16:15:23+00:00,350.926
2025-01-22 16:18:37+00:00,350.3103
2025-01-22 21:55:48+00:00,358.3423
2025-01-23 07:23:33+00:00,356.1274
2025-01-23 07:26:47+00:00,352.2594
2025-01-23 07:30:01+00:00,354.6489
2025-01-23 07:33:15+00:00,355.6892
2025-01-23 07:36:29+00:00,354.86940000000004
2025-01-23 07:39:43+00:00,354.5273
2025-01-23 07:42:57+00:00,362.8439
2025-01-23 07:46:11+00:00,356.6628
2025-01-23 07:49:25+00:00,358.46840000000003
2025-01-23 07:52:39+00:00,357.31190000000004
2025-01-23 15:51:00+00:00,352.31440000000003
2025-01-23 15:54:14+00:00,356.3496
2025-01-23 15:57:28+00:00,353.0085
2025-01-23 16:00:42+00:00,344.85400000000004
2025-01-23 16:03:56+00:00,356.6159
2025-01-23 16:07:10+00:00,362.8148000000001
2025-01-23 16:10:24+00:00,355.6324
2025-01-23 16:26:06+00:00,352.12080000000003
2025-01-23 16:29:20+00:00,366.7404
2025-01-23 16:32:34+00:00,351.1728
2025-01-23 16:35:48+00:00,361.1651
2025-01-23 16:39:02+00:00,357.26660000000004
2025-01-23 16:55:40+00:00,363.2056
2025-01-23 16:58:54+00:00,357.8531
2025-01-23 17:50:32+00:00,356.9763
2025-01-23 17:53:46+00:00,350.7522
2025-01-23 17:57:00+00:00,355.2392
2025-01-23 20:59:51+00:00,357.7014
2025-01-23 21:03:05+00:00,355.69270000000006
2025-01-23 21:06:19+00:00,355.67370000000005
2025-01-23 21:09:33+00:00,357.3799
2025-01-23 21:12:47+00:00,355.0946
2025-01-23 21:16:01+00:00,347.33050000000003
2025-01-23 21:19:15+00:00,355.8303
2025-01-23 21:22:29+00:00,356.14595959595954
2025-01-27 07:25:28+00:00,346.12230000000005
2025-01-27 07:28:42+00:00,351.1533
2025-01-27 07:31:56+00:00,369.1596
2025-01-27 07:35:10+00:00,353.74190000000004
2025-01-27 07:38:24+00:00,355.49120000000005
2025-01-27 07:41:38+00:00,354.7511
2025-01-27 15:19:15+00:00,353.8086
2025-01-27 15:22:29+00:00,356.4112
2025-01-27 15:25:43+00:00,342.56480000000005
2025-01-27 15:28:57+00:00,349.3537
2025-01-27 15:32:11+00:00,361.0665
2025-01-27 15:35:25+00:00,351.8106
2025-01-27 15:38:39+00:00,351.8729
2025-01-27 15:41:53+00:00,352.4421
2025-01-27 17:38:28+00:00,350.3306
2025-01-27 17:41:42+00:00,351.4799
2025-01-27 18:25:21+00:00,352.7565
2025-01-27 18:28:35+00:00,348.3883
2025-01-27 18:31:49+00:00,353.36650000000003
2025-01-27 18:35:03+00:00,351.1028
2025-01-27 18:40:28+00:00,352.427
2025-01-27 18:43:42+00:00,352.1511
2025-01-27 18:46:56+00:00,352.5233
2025-01-28 10:52:24+00:00,355.1501
2025-01-28 10:55:38+00:00,352.8221
2025-01-28 10:58:52+00:00,354.3393
2025-01-28 11:02:06+00:00,344.42940000000004
2025-01-28 11:05:20+00:00,344.0997
2025-01-28 11:08:34+00:00,344.0824
2025-01-28 11:11:48+00:00,349.8867
2025-01-28 11:15:02+00:00,347.5631
2025-01-28 11:18:16+00:00,347.20489999999995
2025-01-28 11:21:30+00:00,344.819
2025-01-28 11:24:44+00:00,335.96840000000003
2025-01-28 11:27:58+00:00,344.455
2025-01-28 11:31:12+00:00,352.9349
2025-01-28 11:34:26+00:00,353.59950000000003
2025-01-28 16:22:09+00:00,360.1671
2025-01-28 16:25:23+00:00,353.6177
2025-01-28 16:28:37+00:00,353.62370000000004
2025-01-28 16:31:51+00:00,357.5625
2025-01-28 16:35:05+00:00,356.92040000000003
2025-01-28 16:38:19+00:00,356.8955
2025-01-28 16:41:33+00:00,358.1725
2025-01-28 16:44:47+00:00,347.56870000000004
2025-01-28 16:48:01+00:00,350.0122
2025-01-28 16:51:15+00:00,351.6695
2025-01-28 16:54:29+00:00,352.9155
2025-01-28 16:57:43+00:00,355.9207
2025-01-28 17:00:57+00:00,350.0507
2025-01-28 17:04:11+00:00,350.6587
2025-01-28 17:07:25+00:00,350.9089
2025-01-28 17:10:39+00:00,350.1235
2025-01-28 17:13:53+00:00,359.4324
2025-01-28 17:17:07+00:00,357.5183
2025-01-28 17:20:21+00:00,358.269
2025-01-29 06:48:48+00:00,357.1071
2025-01-29 06:52:02+00:00,356.33160000000004
2025-01-29 06:55:16+00:00,323.6569
2025-01-29 06:58:30+00:00,365.4511
2025-01-29 07:01:44+00:00,350.7186
2025-01-29 07:04:58+00:00,354.28430000000003
2025-01-29 07:08:12+00:00,332.2745
2025-01-29 07:11:26+00:00,344.5056
2025-01-29 07:14:40+00:00,352.2679
2025-01-29 16:28:32+00:00,361.857
2025-01-29 16:31:46+00:00,355.0426
2025-01-29 16:35:00+00:00,364.2714
2025-01-29 16:38:14+00:00,354.1521
2025-01-29 16:41:28+00:00,358.1652
2025-01-29 16:44:42+00:00,332.50010000000003
2025-01-29 16:47:56+00:00,360.50340000000006
2025-01-29 16:51:10+00:00,356.8139
2025-01-29 18:48:14+00:00,355.2028
2025-01-29 18:51:28+00:00,349.99910000000006
2025-01-29 18:54:42+00:00,356.265
2025-01-30 07:10:06+00:00,356.89480000000003
2025-01-30 07:13:20+00:00,353.8042
2025-01-30 07:16:34+00:00,347.1924
2025-01-30 07:19:48+00:00,350.5463
2025-01-30 07:23:02+00:00,356.784
2025-01-30 07:26:16+00:00,347.52090000000004
2025-01-30 07:29:30+00:00,350.375
2025-01-30 07:32:44+00:00,355.80330000000004
2025-01-30 07:35:58+00:00,357.35220000000004
2025-01-30 07:39:12+00:00,353.37120000000004
2025-01-30 07:42:26+00:00,342.3537
2025-01-30 07:45:40+00:00,357.14730000000003
2025-01-30 16:20:11+00:00,353.9884
2025-01-30 16:23:25+00:00,356.2124
2025-01-30 16:26:39+00:00,345.6571
2025-01-30 16:29:53+00:00,356.955
2025-01-30 16:33:07+00:00,367.6194
2025-01-30 16:36:21+00:00,344.4259
2025-01-30 16:39:35+00:00,340.0147
2025-01-30 16:42:49+00:00,357.6574
2025-01-30 16:46:03+00:00,361.3855
2025-01-30 17:50:09+00:00,356.05910000000006
2025-01-30 17:53:23+00:00,356.785
2025-01-30 17:56:37+00:00,357.2188
2025-01-30 17:59:51+00:00,355.5314
2025-01-30 20:32:33+00:00,356.3467
2025-01-30 20:35:47+00:00,354.99580000000003
2025-01-30 20:39:01+00:00,355.7938
2025-01-30 20:42:15+00:00,355.23400000000004
2025-01-30 20:45:29+00:00,357.1064
2025-01-31 07:54:01+00:00,352.9471
2025-01-31 07:57:15+00:00,358.3204
2025-01-31 08:00:53+00:00,360.3191000000001
2025-01-31 08:04:07+00:00,352.05494949494954
2025-01-31 08:07:21+00:00,342.93590000000006
2025-01-31 08:10:35+00:00,347.9878
2025-01-31 08:13:49+00:00,341.571
2025-01-31 08:17:03+00:00,357.9254
2025-01-31 08:20:17+00:00,353.7239
2025-01-31 11:10:32+00:00,359.6911
2025-01-31 11:20:56+00:00,351.51840000000004
2025-01-31 11:24:10+00:00,343.61
2025-01-31 11:27:24+00:00,346.64660000000003
2025-01-31 11:30:38+00:00,351.0225
2025-01-31 11:33:52+00:00,346.3947
2025-01-31 11:37:06+00:00,350.9177
2025-01-31 11:40:20+00:00,355.7932
2025-01-31 12:16:33+00:00,356.33840000000004
2025-01-31 12:19:47+00:00,360.2813
2025-01-31 12:23:01+00:00,358.032
2025-01-31 12:26:15+00:00,357.9209
2025-01-31 12:29:29+00:00,358.3244
2025-01-31 12:32:43+00:00,358.4411
2025-01-31 12:35:57+00:00,358.4198
2025-01-31 12:39:11+00:00,358.5365
2025-01-31 12:42:25+00:00,358.547
2025-01-31 12:45:39+00:00,358.5933
2025-01-31 12:48:53+00:00,358.635
2025-01-31 12:52:07+00:00,358.5735
2025-01-31 12:55:21+00:00,358.6903
2025-01-31 12:58:35+00:00,358.9792
2025-01-31 13:01:49+00:00,355.1488
2025-01-31 14:28:30+00:00,358.9015
2025-01-31 14:31:44+00:00,354.0467
2025-01-31 14:34:58+00:00,368.5883
2025-01-31 14:38:12+00:00,350.4974
2025-01-31 16:07:15+00:00,353.1555
2025-01-31 16:10:29+00:00,340.6454
2025-01-31 16:13:43+00:00,352.0272
2025-01-31 16:16:57+00:00,355.9415
2025-01-31 16:20:11+00:00,356.5719
2025-02-02 13:30:01+00:00,352.41900000000004
2025-02-02 13:33:15+00:00,354.1569
2025-02-02 13:36:29+00:00,350.67440000000005
2025-02-02 13:48:29+00:00,353.4431
2025-02-02 13:51:43+00:00,353.1628
2025-02-02 13:54:57+00:00,353.45090000000005
2025-02-02 13:58:11+00:00,353.5974
2025-02-02 14:12:46+00:00,353.28770000000003
2025-02-02 14:16:00+00:00,344.1505
2025-02-02 14:19:14+00:00,352.5991
2025-02-02 14:22:28+00:00,352.5992
2025-02-02 14:25:42+00:00,346.5649
2025-02-02 14:28:56+00:00,353.38880000000006
2025-02-02 14:32:10+00:00,352.1272
2025-02-02 15:37:31+00:00,354.11760000000004
2025-02-02 15:40:45+00:00,350.75629999999995
2025-02-02 15:43:59+00:00,350.0831
2025-02-02 15:47:13+00:00,352.5424
2025-02-02 15:50:27+00:00,353.0324
2025-02-02 15:53:41+00:00,353.1482
2025-02-02 15:56:55+00:00,353.1717
2025-02-02 16:00:09+00:00,356.7549
2025-02-02 16:05:19+00:00,353.2404
2025-02-02 19:49:46+00:00,350.7565
2025-02-02 19:53:00+00:00,343.8912
2025-02-02 19:56:14+00:00,331.6109
2025-02-02 19:59:28+00:00,351.5614
2025-02-02 20:02:42+00:00,352.0824
2025-02-03 07:13:05+00:00,351.5204
2025-02-03 07:16:19+00:00,347.5378
2025-02-03 07:19:33+00:00,370.4744
2025-02-03 07:22:47+00:00,345.3143
2025-02-03 07:26:01+00:00,338.7162
2025-02-03 07:29:15+00:00,346.90066666666667
2025-02-03 07:32:29+00:00,350.3017
2025-02-03 15:43:22+00:00,353.5337
2025-02-03 15:46:36+00:00,330.311
2025-02-03 15:49:50+00:00,325.0747
2025-02-03 15:53:04+00:00,320.4271
2025-02-03 15:56:18+00:00,346.58660000000003
2025-02-03 15:59:32+00:00,341.6432
2025-02-03 16:02:46+00:00,347.1123
2025-02-03 16:06:00+00:00,319.9232
2025-02-03 16:09:14+00:00,345.5984
2025-02-03 16:12:28+00:00,346.66650000000004
2025-02-03 16:15:42+00:00,345.3904
2025-02-03 16:18:56+00:00,350.9176
2025-02-03 16:22:10+00:00,347.2745
2025-02-03 18:15:22+00:00,357.0238
2025-02-03 18:18:36+00:00,353.3996
2025-02-03 18:21:50+00:00,355.9767
2025-02-04 07:13:49+00:00,349.00370000000004
2025-02-04 07:17:03+00:00,355.48080000000004
2025-02-04 07:20:17+00:00,348.9821
2025-02-04 07:23:31+00:00,339.8981
2025-02-04 07:26:45+00:00,352.492
2025-02-04 07:29:59+00:00,364.1497
2025-02-04 15:46:10+00:00,352.31730000000005
2025-02-04 15:49:24+00:00,352.1127
2025-02-04 15:52:38+00:00,351.8962
2025-02-04 15:55:52+00:00,352.4706
2025-02-04 15:59:06+00:00,352.61190000000005
2025-02-04 16:02:20+00:00,351.99330000000003
2025-02-04 16:05:34+00:00,353.3864
2025-02-04 16:08:48+00:00,334.2986
2025-02-04 16:12:02+00:00,338.93300000000005
2025-02-04 16:15:16+00:00,367.4852
2025-02-04 16:18:30+00:00,355.235
2025-02-04 16:21:44+00:00,343.9636
2025-02-04 16:24:58+00:00,351.9957
2025-02-04 18:38:49+00:00,350.31080000000003
2025-02-05 07:22:01+00:00,357.5953
2025-02-05 07:25:15+00:00,344.02160000000003
2025-02-05 07:28:29+00:00,361.0671
2025-02-05 07:31:43+00:00,355.1249
2025-02-05 07:34:57+00:00,350.9436
2025-02-05 07:38:11+00:00,355.9101
2025-02-05 07:41:25+00:00,356.941
2025-02-05 07:44:39+00:00,340.62160000000006
2025-02-05 07:47:53+00:00,358.2895
2025-02-05 07:51:07+00:00,357.7186
2025-02-05 17:03:33+00:00,355.57230000000004
2025-02-05 17:06:47+00:00,349.30410000000006
2025-02-05 17:10:01+00:00,360.9906
2025-02-05 17:13:15+00:00,362.4476
2025-02-05 17:16:29+00:00,361.9605
2025-02-05 17:19:43+00:00,352.7507
2025-02-05 17:22:57+00:00,353.4972
2025-02-05 17:26:11+00:00,359.7482
2025-02-05 17:29:25+00:00,352.2094
2025-02-05 17:48:54+00:00,358.17440000000005
2025-02-05 17:52:08+00:00,348.465
2025-02-05 17:55:22+00:00,357.5354
2025-02-06 06:58:55+00:00,353.7107
2025-02-06 07:02:09+00:00,365.4343
2025-02-06 07:05:23+00:00,356.5889
2025-02-06 07:08:37+00:00,351.3803
2025-02-06 07:11:51+00:00,347.3218
2025-02-06 07:15:05+00:00,355.9925
2025-02-06 07:18:19+00:00,354.0051
2025-02-06 07:21:33+00:00,358.209
2025-02-06 07:24:47+00:00,355.6242
2025-02-06 07:28:01+00:00,353.4518
2025-02-06 07:31:15+00:00,357.17260000000005
2025-02-06 16:43:10+00:00,354.1397
2025-02-06 16:46:24+00:00,362.2767
2025-02-06 16:49:38+00:00,357.0287
2025-02-06 16:52:52+00:00,344.2187
2025-02-06 16:56:06+00:00,361.958
2025-02-06 16:59:20+00:00,349.1344
2025-02-06 17:02:34+00:00,356.8483
2025-02-06 17:05:48+00:00,364.4106
2025-02-06 17:09:02+00:00,356.9814
2025-02-07 08:02:26+00:00,367.4778
2025-02-07 08:05:40+00:00,360.1037
2025-02-07 08:08:54+00:00,337.6456
2025-02-07 08:12:08+00:00,355.49520000000007
2025-02-07 08:15:22+00:00,333.49660000000006
2025-02-07 08:18:36+00:00,345.7532
2025-02-07 08:21:50+00:00,344.56160000000006
2025-02-07 08:25:04+00:00,345.2903
2025-02-07 08:28:18+00:00,338.131
2025-02-07 08:31:32+00:00,354.9961
2025-02-07 08:34:46+00:00,351.1922
2025-02-07 08:38:00+00:00,345.96450000000004
2025-02-07 08:41:14+00:00,349.403
2025-02-07 08:44:28+00:00,353.25300000000004
2025-02-07 08:47:42+00:00,345.1218
2025-02-07 08:50:56+00:00,347.3136
2025-02-07 08:54:10+00:00,345.55400000000003
2025-02-07 08:57:24+00:00,347.98980000000006
2025-02-07 09:00:38+00:00,349.7065
2025-02-07 09:03:52+00:00,346.42260000000005
2025-02-07 09:07:06+00:00,348.3463
2025-02-07 09:10:20+00:00,357.2671
2025-02-07 09:13:34+00:00,348.8261
2025-02-07 09:16:48+00:00,353.3988
2025-02-07 09:20:02+00:00,354.30830000000003
2025-02-07 09:23:16+00:00,354.37550000000005
2025-02-07 09:26:30+00:00,354.46500000000003
2025-02-09 21:34:15+00:00,348.06870000000004
2025-02-09 21:37:29+00:00,348.27520000000004
2025-02-09 21:40:43+00:00,348.9765
2025-02-09 21:43:57+00:00,349.436
2025-02-09 21:47:11+00:00,349.81160000000006
2025-02-09 21:50:25+00:00,346.9385
2025-02-09 21:53:39+00:00,349.0896
2025-02-09 21:56:53+00:00,335.26
2025-02-09 22:00:07+00:00,333.55
2025-02-09 22:03:21+00:00,332.8394
2025-02-09 22:06:35+00:00,336.14730000000003
2025-02-09 22:38:17+00:00,358.95480000000003
2025-02-09 22:41:31+00:00,352.71950000000004
2025-02-09 22:44:45+00:00,354.2782
2025-02-09 22:47:59+00:00,353.2887
2025-02-09 22:51:13+00:00,355.63300000000004
2025-02-09 22:54:27+00:00,354.555
2025-02-09 22:57:41+00:00,352.0122
2025-02-09 23:00:55+00:00,351.6091
2025-02-09 23:04:09+00:00,347.8321
2025-02-09 23:07:23+00:00,350.62480000000005
2025-02-09 23:10:37+00:00,344.69840000000005
2025-02-09 23:13:51+00:00,348.4636
2025-02-09 23:17:05+00:00,342.3004
2025-02-09 23:20:19+00:00,348.1946
2025-02-09 23:23:33+00:00,347.2163
2025-02-09 23:26:47+00:00,350.5906
2025-02-09 23:30:01+00:00,348.44800000000004
2025-02-09 23:33:15+00:00,353.0491
2025-02-09 23:36:29+00:00,354.24050000000005
2025-02-10 13:40:29+00:00,349.6304
2025-02-10 13:43:43+00:00,353.2589
2025-02-10 13:46:57+00:00,350.7984
2025-02-10 13:50:11+00:00,350.5682
2025-02-10 14:13:15+00:00,346.8025
2025-02-10 17:03:07+00:00,347.98220000000003
2025-02-10 17:06:21+00:00,344.6799
2025-02-10 17:09:35+00:00,351.2515
2025-02-10 17:12:49+00:00,357.14020000000005
2025-02-10 17:31:02+00:00,347.394
2025-02-10 17:34:16+00:00,334.53790000000004
2025-02-10 17:37:30+00:00,363.1769000000001
2025-02-10 17:40:44+00:00,351.6865
2025-02-10 19:35:24+00:00,354.0251
2025-02-10 19:38:38+00:00,344.8954
2025-02-10 19:41:52+00:00,349.5682
2025-02-11 06:55:30+00:00,362.80410000000006
2025-02-11 06:58:44+00:00,359.4895
2025-02-11 07:01:58+00:00,358.0175
2025-02-11 07:05:12+00:00,358.19270000000006
2025-02-11 07:08:26+00:00,346.9842
2025-02-11 07:11:40+00:00,355.5119
2025-02-11 07:14:54+00:00,360.6717
2025-02-11 07:18:08+00:00,355.397
2025-02-11 16:02:56+00:00,356.6879
2025-02-11 16:06:10+00:00,352.61080000000004
2025-02-11 16:09:24+00:00,355.11980000000005
2025-02-11 16:12:38+00:00,364.5862
2025-02-11 16:15:52+00:00,359.7791
2025-02-11 16:19:06+00:00,357.1969
2025-02-11 16:22:20+00:00,356.42040000000003
2025-02-11 16:25:34+00:00,357.0722
2025-02-11 16:28:48+00:00,355.9757
2025-02-11 16:32:02+00:00,356.0314
2025-02-11 16:35:16+00:00,361.6815
2025-02-11 16:38:30+00:00,356.90090000000004
2025-02-11 18:49:01+00:00,357.494
2025-02-12 07:22:10+00:00,353.53090000000003
2025-02-12 07:25:24+00:00,339.6757
2025-02-12 07:28:38+00:00,354.9835
2025-02-12 07:31:52+00:00,347.0122
2025-02-12 07:35:06+00:00,349.17870000000005
2025-02-12 07:38:20+00:00,352.7213
2025-02-12 16:12:34+00:00,352.82050505050506
2025-02-12 16:15:48+00:00,353.11080000000004
2025-02-12 16:19:02+00:00,351.89160000000004
2025-02-12 16:22:16+00:00,353.256
2025-02-12 16:25:30+00:00,320.7162
2025-02-12 16:28:44+00:00,353.84270000000004
2025-02-12 16:31:58+00:00,324.697
2025-02-12 16:35:12+00:00,348.2229
2025-02-12 16:38:26+00:00,351.865
2025-02-12 16:41:40+00:00,351.82340000000005
2025-02-12 16:44:54+00:00,351.9107
2025-02-12 16:48:08+00:00,352.32
2025-02-12 16:51:22+00:00,352.43370000000004
2025-02-12 17:34:11+00:00,351.994
2025-02-12 17:37:25+00:00,352.539
2025-02-12 17:40:39+00:00,352.67330000000004
2025-02-12 17:43:53+00:00,352.5545
2025-02-12 17:47:07+00:00,352.19620000000003
2025-02-12 17:50:21+00:00,352.3513
2025-02-12 17:53:35+00:00,352.2288
2025-02-12 17:56:49+00:00,352.9156
2025-02-12 18:52:15+00:00,351.1792
2025-02-12 18:55:29+00:00,352.3192
2025-02-12 18:58:43+00:00,350.8107
2025-02-12 19:01:57+00:00,342.2054
2025-02-12 19:05:11+00:00,348.0124
2025-02-12 19:08:25+00:00,351.3871
2025-02-12 19:11:39+00:00,352.0399
2025-02-12 19:14:53+00:00,352.4026
2025-02-12 19:18:07+00:00,352.1124
2025-02-12 19:21:21+00:00,352.25190000000003
2025-02-12 19:24:35+00:00,352.2404
2025-02-13 07:47:14+00:00,349.37520000000006
2025-02-13 07:50:28+00:00,350.4842
2025-02-13 07:53:42+00:00,352.9595
2025-02-13 07:56:56+00:00,334.9286
2025-02-13 08:00:10+00:00,350.891
2025-02-13 08:03:24+00:00,349.4164
2025-02-13 16:52:40+00:00,347.9799
2025-02-13 16:55:54+00:00,329.51230000000004
2025-02-13 16:59:08+00:00,342.231
2025-02-13 17:02:22+00:00,331.28970000000004
2025-02-13 17:05:36+00:00,319.8804
2025-02-13 17:08:50+00:00,346.3143
2025-02-13 17:12:04+00:00,345.6573
2025-02-13 17:15:18+00:00,346.4134
2025-02-13 17:18:32+00:00,347.0779
2025-02-13 20:44:16+00:00,360.8339
2025-02-13 20:47:30+00:00,353.8718
2025-02-13 20:50:44+00:00,358.9602
2025-02-13 20:56:00+00:00,357.7864
2025-02-13 20:59:14+00:00,359.36330000000004
2025-02-13 21:02:28+00:00,358.3607
2025-02-13 21:05:42+00:00,358.7053
2025-02-13 21:08:56+00:00,358.5054
2025-02-13 21:12:10+00:00,358.4399
2025-02-14 15:15:59+00:00,352.3314
2025-02-14 15:19:13+00:00,355.18949999999995
2025-02-14 15:22:27+00:00,355.43270000000007
2025-02-14 15:25:41+00:00,355.9342
2025-02-14 16:56:11+00:00,354.56010000000003
2025-02-14 16:59:25+00:00,353.6646
2025-02-14 17:02:39+00:00,349.37090000000006
2025-02-14 17:05:53+00:00,353.91360000000003
2025-02-14 17:09:07+00:00,352.6442
2025-02-14 18:20:28+00:00,348.6264
2025-02-14 18:23:42+00:00,365.4572
2025-02-14 18:26:56+00:00,353.6282
2025-02-14 18:30:10+00:00,352.2817
2025-02-14 18:33:24+00:00,353.2603
2025-02-14 18:36:38+00:00,353.3481
2025-02-14 18:39:52+00:00,348.0607
2025-02-14 21:00:25+00:00,350.0133
2025-02-14 21:03:39+00:00,339.47737373737374
2025-02-14 21:06:53+00:00,343.80300000000005
2025-02-14 21:10:07+00:00,349.3598
2025-02-14 21:13:21+00:00,352.74260000000004
2025-02-15 08:19:08+00:00,352.6062
2025-02-15 10:00:56+00:00,360.7174
2025-02-15 10:04:10+00:00,359.7622
2025-02-15 10:11:47+00:00,359.5258
2025-02-15 10:15:01+00:00,360.0978
2025-02-15 10:18:15+00:00,354.848
2025-02-15 10:21:29+00:00,356.9268
2025-02-15 10:24:43+00:00,354.7589
2025-02-15 10:27:57+00:00,344.9587
2025-02-15 10:31:11+00:00,353.5371
2025-02-15 10:34:25+00:00,349.0633
2025-02-15 10:37:39+00:00,324.3671
2025-02-15 10:40:53+00:00,343.8768
2025-02-15 10:44:07+00:00,358.7636
2025-02-15 10:47:21+00:00,354.95340000000004
2025-02-15 10:50:35+00:00,354.11940000000004
2025-02-15 10:53:49+00:00,354.4256
2025-02-15 10:57:03+00:00,354.4185
2025-02-15 11:00:17+00:00,354.56770000000006
2025-02-15 11:03:31+00:00,354.6371
2025-02-15 16:06:27+00:00,352.07449999999994
2025-02-15 16:09:41+00:00,348.55
2025-02-15 16:12:55+00:00,345.2076
2025-02-15 16:16:09+00:00,349.67150000000004
2025-02-15 16:19:23+00:00,352.526
2025-02-15 22:39:30+00:00,351.6914
2025-02-15 22:42:44+00:00,346.4069
2025-02-15 22:45:58+00:00,349.4732
2025-02-15 22:49:12+00:00,349.50199999999995
2025-02-15 22:52:26+00:00,346.91970000000003
2025-02-15 22:55:40+00:00,336.9224
2025-02-15 22:58:54+00:00,360.3201
2025-02-15 23:02:08+00:00,347.0321
2025-02-15 23:05:22+00:00,358.0765
2025-02-15 23:08:36+00:00,314.24420000000003
2025-02-15 23:11:50+00:00,330.0958
2025-02-15 23:15:04+00:00,334.57120000000003
2025-02-15 23:18:18+00:00,334.5865
2025-02-15 23:21:32+00:00,327.9248
2025-02-15 23:24:46+00:00,333.4746
2025-02-15 23:28:00+00:00,339.5291
2025-02-15 23:31:14+00:00,333.51050000000004
2025-02-15 23:34:28+00:00,331.8016
2025-02-15 23:37:42+00:00,344.1748
2025-02-15 23:40:56+00:00,346.65450000000004
2025-02-16 12:11:02+00:00,355.8997
2025-02-16 12:14:16+00:00,356.9335
2025-02-16 13:14:35+00:00,357.90281690140847
2025-02-16 13:17:49+00:00,342.62
2025-02-16 13:21:03+00:00,351.702
2025-02-17 10:14:41+00:00,358.559
2025-02-17 10:17:55+00:00,355.1181
2025-02-17 10:21:09+00:00,345.93700000000007
2025-02-17 10:24:23+00:00,346.7004
2025-02-17 10:27:37+00:00,362.2186
2025-02-17 10:30:51+00:00,348.56370000000004
2025-02-17 10:34:05+00:00,340.1411
2025-02-17 10:37:19+00:00,343.50160000000005
2025-02-17 10:40:33+00:00,348.052
2025-02-17 10:43:47+00:00,347.955
2025-02-17 10:47:01+00:00,327.87980000000005
2025-02-17 10:50:15+00:00,352.5679
2025-02-17 10:53:29+00:00,356.27
2025-02-17 12:05:36+00:00,359.95120000000003
2025-02-17 12:08:50+00:00,356.6522
2025-02-17 12:12:04+00:00,360.6287
2025-02-17 12:15:18+00:00,355.85040000000004
2025-02-17 12:18:32+00:00,358.4589
2025-02-17 12:41:52+00:00,359.2941
2025-02-17 12:45:06+00:00,359.20120000000003
2025-02-17 12:48:20+00:00,357.5674
2025-02-17 12:51:34+00:00,353.6134
2025-02-17 12:54:48+00:00,348.2204
2025-02-17 12:58:02+00:00,349.8214
2025-02-17 13:01:16+00:00,352.51980000000003
2025-02-17 13:04:30+00:00,349.4447
2025-02-17 13:07:44+00:00,346.3964
2025-02-17 13:10:58+00:00,355.4819
2025-02-17 13:14:12+00:00,355.6978
2025-02-17 13:17:26+00:00,352.0972
2025-02-17 13:20:40+00:00,357.6479
2025-02-17 13:23:54+00:00,354.0842
2025-02-17 13:27:08+00:00,356.3674
2025-02-17 13:35:17+00:00,357.3918
2025-02-17 13:38:31+00:00,357.60540000000003
2025-02-17 13:41:45+00:00,358.0633
2025-02-17 13:44:59+00:00,352.9895
2025-02-17 13:54:32+00:00,357.0426
2025-02-17 14:08:33+00:00,357.139
2025-02-17 14:11:47+00:00,356.9194
2025-02-17 14:15:01+00:00,356.9321
2025-02-17 14:18:15+00:00,356.6792
2025-02-17 14:21:29+00:00,356.621
2025-02-17 14:31:46+00:00,356.9449
2025-02-17 14:35:00+00:00,351.8442
2025-02-17 14:38:14+00:00,355.0815
2025-02-17 15:32:22+00:00,356.1005
2025-02-17 15:35:36+00:00,356.0764
2025-02-17 15:38:50+00:00,355.9211
2025-02-17 15:42:04+00:00,339.5006
2025-02-17 15:45:18+00:00,356.18730000000005
2025-02-17 15:48:32+00:00,345.8161
2025-02-17 15:51:46+00:00,354.2163
2025-02-17 15:55:00+00:00,352.8306
2025-02-17 15:58:14+00:00,351.779
2025-02-17 16:01:28+00:00,353.30440000000004
2025-02-17 16:04:42+00:00,353.58050000000003
2025-02-18 07:11:48+00:00,354.4198
2025-02-18 07:15:02+00:00,348.84090000000003
2025-02-18 07:18:16+00:00,350.3361
2025-02-18 07:21:30+00:00,337.4443
2025-02-18 07:24:44+00:00,345.5495
2025-02-18 07:27:58+00:00,344.38090000000005
2025-02-18 07:31:12+00:00,347.036
2025-02-18 07:34:26+00:00,345.1299
2025-02-18 07:37:40+00:00,346.3046
2025-02-18 07:40:54+00:00,347.8314
2025-05-23 10:23:53+00:00,378.8565
2025-05-23 10:27:07+00:00,364.0809
2025-05-23 10:59:51+00:00,359.7281
2025-05-23 11:03:05+00:00,357.0417
2025-05-23 11:06:19+00:00,360.7372
2025-05-23 11:09:33+00:00,355.3235
2025-05-23 11:12:47+00:00,352.6745
2025-05-23 11:16:01+00:00,360.9151
2025-05-23 11:19:15+00:00,357.077
2025-05-23 11:22:29+00:00,353.0186
2025-05-23 11:25:43+00:00,355.87010000000004
2025-05-23 11:28:57+00:00,352.43910000000005
2025-05-23 11:32:11+00:00,357.6392
2025-05-23 11:35:25+00:00,354.5966
2025-05-23 11:38:39+00:00,356.0646
2025-05-23 11:41:53+00:00,340.1828
2025-05-23 11:45:07+00:00,357.7244
2025-05-23 11:48:21+00:00,358.5357
2025-05-23 13:46:38+00:00,367.7245
2025-05-23 13:49:52+00:00,361.2562
2025-05-23 13:53:06+00:00,358.0744
2025-05-23 13:56:20+00:00,358.0699
2025-05-23 13:59:34+00:00,357.725
2025-05-23 15:12:45+00:00,358.1974
2025-05-23 15:15:59+00:00,351.457
2025-05-23 15:19:13+00:00,357.92370000000005
2025-05-23 15:22:27+00:00,359.6872
2025-05-24 11:13:25+00:00,360.3148000000001
2025-05-24 11:16:39+00:00,366.5213
2025-05-24 11:19:53+00:00,352.7762
2025-05-24 11:23:07+00:00,353.4536
2025-05-24 13:43:49+00:00,356.6074
2025-05-24 13:47:03+00:00,355.9938
2025-05-24 13:50:17+00:00,360.22720000000004
2025-05-24 15:53:10+00:00,358.44879999999995
2025-05-24 15:56:24+00:00,360.2058
2025-05-24 15:59:38+00:00,360.2891
2025-05-24 16:02:52+00:00,357.5168
2025-05-24 16:29:47+00:00,357.7054
2025-05-24 16:33:01+00:00,353.4884
2025-05-24 16:36:15+00:00,357.2815
2025-05-25 14:57:04+00:00,358.91110000000003
2025-05-25 15:00:18+00:00,364.62410000000006
2025-05-25 15:03:32+00:00,348.9837
2025-05-25 15:06:46+00:00,346.22474747474746
2025-05-25 15:10:00+00:00,355.42260000000005
2025-05-25 15:13:14+00:00,350.5528
2025-05-25 17:40:47+00:00,358.7039
2025-05-25 17:44:01+00:00,358.8201
2025-05-25 17:47:15+00:00,357.5751
2025-05-25 17:50:29+00:00,356.1607
2025-05-25 17:53:43+00:00,352.9336
2025-05-25 17:56:57+00:00,355.2079
2025-05-25 18:00:11+00:00,346.5477
2025-05-25 18:03:25+00:00,355.24120000000005
2025-05-25 18:06:39+00:00,354.2945
2025-05-25 18:09:53+00:00,356.0136
2025-05-26 06:20:04+00:00,370.9601
2025-05-26 06:23:18+00:00,361.0254
2025-05-26 06:26:32+00:00,358.2833
2025-05-26 06:29:46+00:00,354.7636
2025-05-26 06:33:00+00:00,353.5892
2025-05-26 06:36:14+00:00,355.7892
2025-05-26 06:39:28+00:00,356.6538
2025-05-26 06:42:42+00:00,349.4813
2025-05-26 06:45:56+00:00,358.7111
2025-05-26 06:49:10+00:00,357.0212
2025-05-26 06:52:24+00:00,358.04720000000003
2025-05-26 12:55:06+00:00,353.396
2025-05-26 12:58:20+00:00,357.80260000000004
2025-05-26 13:01:34+00:00,357.5932
2025-05-26 13:04:48+00:00,357.60040000000004
2025-05-26 13:08:02+00:00,353.55550000000005
2025-05-26 13:11:16+00:00,358.7244
2025-05-26 13:14:30+00:00,353.6469
2025-05-26 13:17:44+00:00,358.2158
2025-05-26 13:20:58+00:00,358.136
2025-05-26 13:24:12+00:00,358.20309999999995
2025-05-26 13:27:26+00:00,358.38230000000004
2025-05-26 13:30:40+00:00,358.47270000000003
2025-05-26 13:33:54+00:00,358.6474
2025-05-26 13:37:08+00:00,358.6195
2025-05-26 13:40:22+00:00,358.4855
2025-05-26 13:43:36+00:00,358.66700000000003
2025-05-26 13:46:50+00:00,358.5599
2025-05-26 13:50:04+00:00,358.6598
2025-05-26 14:42:28+00:00,358.7849
2025-05-26 16:14:32+00:00,362.4094
2025-05-26 16:17:46+00:00,357.94449999999995
2025-05-26 16:21:00+00:00,351.9001
2025-05-26 16:24:14+00:00,356.3789
2025-05-26 16:27:28+00:00,357.3207
2025-05-26 16:30:42+00:00,357.70730000000003
2025-05-26 17:13:51+00:00,359.3413
2025-05-26 17:17:05+00:00,356.4631
2025-05-26 17:20:19+00:00,355.451
2025-05-26 17:23:33+00:00,355.0531
2025-05-26 17:26:47+00:00,358.3197
2025-05-27 06:21:33+00:00,358.36422535211267
2025-05-27 06:24:47+00:00,358.2815
2025-05-27 06:28:01+00:00,357.7718
2025-05-27 06:31:15+00:00,358.6075
2025-05-27 06:34:29+00:00,357.2754
2025-05-27 06:37:43+00:00,355.2422
2025-05-27 06:40:57+00:00,354.23690000000005
2025-05-27 06:44:11+00:00,356.58410000000003
2025-05-27 06:47:25+00:00,350.2493
2025-05-27 06:50:39+00:00,357.6764
2025-05-27 06:53:53+00:00,356.0158
