timestamp_utc,voltage_bat_V_bms
2023-01-01 00:00:00+00:00,623.0
2023-01-01 00:00:50+00:00,623.0
2023-01-01 00:01:40+00:00,623.0
2023-01-01 00:02:30+00:00,623.0
2023-01-01 00:03:20+00:00,623.0
2023-01-01 00:04:10+00:00,623.0
2023-01-01 00:05:00+00:00,623.0
2023-01-01 00:05:50+00:00,623.0
2023-01-01 00:06:40+00:00,623.0
2023-01-01 00:07:30+00:00,623.0
2023-01-01 00:08:20+00:00,623.0
2023-01-01 00:09:10+00:00,623.0
2023-01-01 00:10:00+00:00,623.0
2023-01-01 00:10:50+00:00,623.0
2023-01-01 00:11:40+00:00,623.0
2023-01-01 00:12:30+00:00,623.0
2023-01-01 00:13:20+00:00,623.0
2023-01-01 00:14:10+00:00,623.0
2023-01-01 00:15:00+00:00,623.0
2023-01-01 00:15:50+00:00,623.0
2023-01-01 00:16:40+00:00,623.0
2023-01-01 00:17:30+00:00,623.0
2023-01-01 00:18:20+00:00,623.0
2023-01-01 00:19:10+00:00,623.0
2023-01-01 00:20:00+00:00,623.0
2023-01-01 00:20:50+00:00,623.0
2023-01-01 00:21:40+00:00,623.0
2023-01-01 00:22:30+00:00,623.0
2023-01-01 00:23:20+00:00,623.0
2023-01-01 00:24:10+00:00,622.0
2023-01-01 00:25:00+00:00,623.0
2023-01-01 00:25:50+00:00,622.0
2023-01-01 00:26:40+00:00,622.0
2023-01-01 00:27:30+00:00,622.0
2023-01-01 00:28:20+00:00,622.0
2023-01-01 00:29:10+00:00,622.0
2023-01-01 00:30:00+00:00,622.0
2023-01-01 00:30:50+00:00,622.0
2023-01-01 00:31:40+00:00,622.0
2023-01-01 00:32:30+00:00,622.0
2023-01-01 00:33:20+00:00,622.0
2023-01-01 00:34:10+00:00,622.0
2023-01-01 00:35:00+00:00,622.0
2023-01-01 00:35:50+00:00,622.0
2023-01-01 00:36:40+00:00,622.0
2023-01-01 00:37:30+00:00,622.0
2023-01-01 00:38:20+00:00,622.0
2023-01-01 00:39:10+00:00,622.0
2023-01-01 00:40:00+00:00,622.0
2023-01-01 00:40:50+00:00,622.0
2023-01-01 00:41:40+00:00,622.0
2023-01-01 00:42:30+00:00,622.0
2023-01-01 00:43:20+00:00,622.0
2023-01-01 00:44:10+00:00,622.0
2023-01-01 00:45:00+00:00,622.0
2023-01-01 00:45:50+00:00,622.0
2023-01-01 00:46:40+00:00,622.0
2023-01-01 00:47:30+00:00,622.0
2023-01-01 00:48:20+00:00,622.0
2023-01-01 00:49:10+00:00,622.0
2023-01-01 00:50:00+00:00,622.0
2023-01-01 00:50:50+00:00,622.0
2023-01-01 00:51:40+00:00,622.0
2023-01-01 00:52:30+00:00,622.0
2023-01-01 00:53:20+00:00,622.0
2023-01-01 00:54:10+00:00,622.0
2023-01-01 00:55:00+00:00,622.0
2023-01-01 00:55:50+00:00,622.0
2023-01-01 00:56:40+00:00,665.0
2023-01-01 00:57:30+00:00,687.0
2023-01-01 00:58:20+00:00,683.0
2023-01-01 00:59:10+00:00,668.0
2023-01-01 01:00:00+00:00,676.0
2023-01-01 01:00:50+00:00,637.0
2023-01-01 01:01:40+00:00,634.0
2023-01-01 01:02:30+00:00,632.0
2023-01-01 01:03:20+00:00,631.0
2023-01-01 01:04:10+00:00,630.0
2023-01-01 01:05:00+00:00,630.0
2023-01-01 01:05:50+00:00,629.0
2023-01-01 01:06:40+00:00,629.0
2023-01-01 01:07:30+00:00,628.0
2023-01-01 01:08:20+00:00,651.0
2023-01-01 01:09:10+00:00,659.0
2023-01-01 01:10:00+00:00,661.0
2023-01-01 01:10:50+00:00,637.0
2023-01-01 01:11:40+00:00,658.0
2023-01-01 01:12:30+00:00,639.0
2023-01-01 01:13:20+00:00,673.0
2023-01-01 01:14:10+00:00,678.0
2023-01-01 01:15:00+00:00,681.0
2023-01-01 01:15:50+00:00,668.0
2023-01-01 01:16:40+00:00,670.0
2023-01-01 01:17:30+00:00,673.0
2023-01-01 01:18:20+00:00,690.0
2023-01-01 01:19:10+00:00,675.0
2023-01-01 01:20:00+00:00,671.0
2023-01-01 01:20:50+00:00,671.0
2023-01-01 01:21:40+00:00,675.0
2023-01-01 01:22:30+00:00,698.0
2023-01-01 01:23:20+00:00,686.0
2023-01-01 01:24:10+00:00,672.0
2023-01-01 01:25:00+00:00,673.0
2023-01-01 01:25:50+00:00,673.0
2023-01-01 01:26:40+00:00,671.0
2023-01-01 01:27:30+00:00,684.0
2023-01-01 01:28:20+00:00,691.0
2023-01-01 01:29:10+00:00,685.0
2023-01-01 01:30:00+00:00,691.0
2023-01-01 01:30:50+00:00,677.0
2023-01-01 01:31:40+00:00,671.0
2023-01-01 01:32:30+00:00,677.0
2023-01-01 01:33:20+00:00,673.0
2023-01-01 01:34:10+00:00,670.0
2023-01-01 01:35:00+00:00,675.0
2023-01-01 01:35:50+00:00,675.0
2023-01-01 01:36:40+00:00,684.0
2023-01-01 01:37:30+00:00,683.0
2023-01-01 01:38:20+00:00,692.0
2023-01-01 01:39:10+00:00,686.0
2023-01-01 01:40:00+00:00,699.0
2023-01-01 01:40:50+00:00,673.0
2023-01-01 01:41:40+00:00,701.0
2023-01-01 01:42:30+00:00,687.0
2023-01-01 01:43:20+00:00,684.0
2023-01-01 01:44:10+00:00,681.0
2023-01-01 01:45:00+00:00,689.0
2023-01-01 01:45:50+00:00,673.0
2023-01-01 01:46:40+00:00,677.0
2023-01-01 01:47:30+00:00,674.0
2023-01-01 01:48:20+00:00,674.0
2023-01-01 01:49:10+00:00,684.0
2023-01-01 01:50:00+00:00,687.0
2023-01-01 01:50:50+00:00,681.0
2023-01-01 01:51:40+00:00,698.0
2023-01-01 01:52:30+00:00,704.0
2023-01-01 01:53:20+00:00,702.0
2023-01-01 01:54:10+00:00,706.0
2023-01-01 01:55:00+00:00,692.0
2023-01-01 01:55:50+00:00,674.0
2023-01-01 01:56:40+00:00,679.0
2023-01-01 01:57:30+00:00,673.0
2023-01-01 01:58:20+00:00,691.0
2023-01-01 01:59:10+00:00,693.0
2023-01-01 02:00:00+00:00,680.0
2023-01-01 02:00:50+00:00,649.0
2023-01-01 02:01:40+00:00,645.0
2023-01-01 02:02:30+00:00,643.0
2023-01-01 02:03:20+00:00,642.0
2023-01-01 02:04:10+00:00,641.0
2023-01-01 02:05:00+00:00,640.0
2023-01-01 02:05:50+00:00,640.0
2023-01-01 02:06:40+00:00,639.0
2023-01-01 02:07:30+00:00,639.0
2023-01-01 02:08:20+00:00,639.0
2023-01-01 02:09:10+00:00,638.0
2023-01-01 02:10:00+00:00,638.0
2023-01-01 02:10:50+00:00,637.0
2023-01-01 02:11:40+00:00,637.0
2023-01-01 02:12:30+00:00,637.0
2023-01-01 02:13:20+00:00,637.0
2023-01-01 02:14:10+00:00,636.0
2023-01-01 02:15:00+00:00,636.0
2023-01-01 02:15:50+00:00,636.0
2023-01-01 02:16:40+00:00,636.0
2023-01-01 02:17:30+00:00,636.0
2023-01-01 02:18:20+00:00,636.0
2023-01-01 02:19:10+00:00,635.0
2023-01-01 02:20:00+00:00,635.0
2023-01-01 02:20:50+00:00,635.0
2023-01-01 02:21:40+00:00,635.0
2023-01-01 02:22:30+00:00,635.0
2023-01-01 02:23:20+00:00,634.0
2023-01-01 02:24:10+00:00,634.0
2023-01-01 02:25:00+00:00,634.0
2023-01-01 02:25:50+00:00,634.0
2023-01-01 02:26:40+00:00,634.0
2023-01-01 02:27:30+00:00,634.0
2023-01-01 02:28:20+00:00,634.0
2023-01-01 02:29:10+00:00,634.0
2023-01-01 02:30:00+00:00,633.0
2023-01-01 02:30:50+00:00,633.0
2023-01-01 02:31:40+00:00,633.0
2023-01-01 02:32:30+00:00,633.0
2023-01-01 02:33:20+00:00,633.0
2023-01-01 02:34:10+00:00,633.0
2023-01-01 02:35:00+00:00,633.0
2023-01-01 02:35:50+00:00,633.0
2023-01-01 02:36:40+00:00,633.0
2023-01-01 02:37:30+00:00,632.0
2023-01-01 02:38:20+00:00,632.0
2023-01-01 02:39:10+00:00,632.0
2023-01-01 02:40:00+00:00,632.0
2023-01-01 02:40:50+00:00,632.0
2023-01-01 02:41:40+00:00,632.0
2023-01-01 02:42:30+00:00,632.0
2023-01-01 02:43:20+00:00,632.0
2023-01-01 02:44:10+00:00,632.0
2023-01-01 02:45:00+00:00,632.0
2023-01-01 02:45:50+00:00,632.0
2023-01-01 02:46:40+00:00,631.0
2023-01-01 02:47:30+00:00,631.0
2023-01-01 02:48:20+00:00,631.0
2023-01-01 02:49:10+00:00,631.0
2023-01-01 02:50:00+00:00,631.0
2023-01-01 02:50:50+00:00,673.0
2023-01-01 02:51:40+00:00,681.0
2023-01-01 02:52:30+00:00,678.0
2023-01-01 02:53:20+00:00,681.0
2023-01-01 02:54:10+00:00,687.0
2023-01-01 02:55:00+00:00,685.0
2023-01-01 02:55:50+00:00,699.0
2023-01-01 02:56:40+00:00,679.0
2023-01-01 02:57:30+00:00,680.0
2023-01-01 02:58:20+00:00,675.0
2023-01-01 02:59:10+00:00,684.0
2023-01-01 03:00:00+00:00,682.0
2023-01-01 03:00:50+00:00,646.0
2023-01-01 03:01:40+00:00,642.0
2023-01-01 03:02:30+00:00,640.0
2023-01-01 03:03:20+00:00,639.0
2023-01-01 03:04:10+00:00,639.0
2023-01-01 03:05:00+00:00,672.0
2023-01-01 03:05:50+00:00,688.0
2023-01-01 03:06:40+00:00,695.0
2023-01-01 03:07:30+00:00,681.0
2023-01-01 03:08:20+00:00,675.0
2023-01-01 03:09:10+00:00,692.0
2023-01-01 03:10:00+00:00,703.0
2023-01-01 03:10:50+00:00,702.0
2023-01-01 03:11:40+00:00,689.0
2023-01-01 03:12:30+00:00,682.0
2023-01-01 03:13:20+00:00,678.0
2023-01-01 03:14:10+00:00,691.0
2023-01-01 03:15:00+00:00,703.0
2023-01-01 03:15:50+00:00,685.0
2023-01-01 03:16:40+00:00,684.0
2023-01-01 03:17:30+00:00,684.0
2023-01-01 03:18:20+00:00,682.0
2023-01-01 03:19:10+00:00,681.0
2023-01-01 03:20:00+00:00,682.0
2023-01-01 03:20:50+00:00,686.0
2023-01-01 03:21:40+00:00,698.0
2023-01-01 03:22:30+00:00,702.0
2023-01-01 03:23:20+00:00,703.0
2023-01-01 03:24:10+00:00,676.0
2023-01-01 03:25:00+00:00,688.0
2023-01-01 03:25:50+00:00,699.0
2023-01-01 03:26:40+00:00,695.0
2023-01-01 03:27:30+00:00,694.0
2023-01-01 03:28:20+00:00,689.0
2023-01-01 03:29:10+00:00,691.0
2023-01-01 03:30:00+00:00,700.0
2023-01-01 03:30:50+00:00,697.0
2023-01-01 03:31:40+00:00,698.0
2023-01-01 03:32:30+00:00,687.0
2023-01-01 03:33:20+00:00,685.0
2023-01-01 03:34:10+00:00,674.0
2023-01-01 03:35:00+00:00,669.0
2023-01-01 03:35:50+00:00,695.0
2023-01-01 03:36:40+00:00,688.0
2023-01-01 03:37:30+00:00,689.0
2023-01-01 03:38:20+00:00,653.0
2023-01-01 03:39:10+00:00,649.0
2023-01-01 03:40:00+00:00,646.0
2023-01-01 03:40:50+00:00,645.0
2023-01-01 03:41:40+00:00,644.0
2023-01-01 03:42:30+00:00,644.0
2023-01-01 03:43:20+00:00,643.0
2023-01-01 03:44:10+00:00,642.0
2023-01-01 03:45:00+00:00,642.0
2023-01-01 03:45:50+00:00,641.0
2023-01-01 03:46:40+00:00,641.0
2023-01-01 03:47:30+00:00,641.0
2023-01-01 03:48:20+00:00,641.0
2023-01-01 03:49:10+00:00,640.0
2023-01-01 03:50:00+00:00,640.0
2023-01-01 03:50:50+00:00,640.0
2023-01-01 03:51:40+00:00,640.0
2023-01-01 03:52:30+00:00,639.0
2023-01-01 03:53:20+00:00,639.0
2023-01-01 03:54:10+00:00,639.0
2023-01-01 03:55:00+00:00,639.0
2023-01-01 03:55:50+00:00,638.0
2023-01-01 03:56:40+00:00,638.0
2023-01-01 03:57:30+00:00,638.0
2023-01-01 03:58:20+00:00,638.0
2023-01-01 03:59:10+00:00,638.0
2023-01-01 04:00:00+00:00,638.0
2023-01-01 04:00:50+00:00,638.0
2023-01-01 04:01:40+00:00,638.0
2023-01-01 04:02:30+00:00,637.0
2023-01-01 04:03:20+00:00,637.0
2023-01-01 04:04:10+00:00,637.0
2023-01-01 04:05:00+00:00,637.0
2023-01-01 04:05:50+00:00,637.0
2023-01-01 04:06:40+00:00,637.0
2023-01-01 04:07:30+00:00,637.0
2023-01-01 04:08:20+00:00,637.0
2023-01-01 04:09:10+00:00,637.0
2023-01-01 04:10:00+00:00,636.0
2023-01-01 04:10:50+00:00,636.0
2023-01-01 04:11:40+00:00,636.0
2023-01-01 04:12:30+00:00,636.0
2023-01-01 04:13:20+00:00,636.0
2023-01-01 04:14:10+00:00,636.0
2023-01-01 04:15:00+00:00,636.0
2023-01-01 04:15:50+00:00,636.0
2023-01-01 04:16:40+00:00,636.0
2023-01-01 04:17:30+00:00,635.0
2023-01-01 04:18:20+00:00,635.0
2023-01-01 04:19:10+00:00,635.0
2023-01-01 04:20:00+00:00,635.0
2023-01-01 04:20:50+00:00,635.0
2023-01-01 04:21:40+00:00,635.0
2023-01-01 04:22:30+00:00,635.0
2023-01-01 04:23:20+00:00,635.0
2023-01-01 04:24:10+00:00,635.0
2023-01-01 04:25:00+00:00,635.0
2023-01-01 04:25:50+00:00,635.0
2023-01-01 04:26:40+00:00,635.0
2023-01-01 04:27:30+00:00,635.0
2023-01-01 04:28:20+00:00,635.0
2023-01-01 04:29:10+00:00,635.0
2023-01-01 04:30:00+00:00,635.0
2023-01-01 04:30:50+00:00,634.0
2023-01-01 04:31:40+00:00,634.0
2023-01-01 04:32:30+00:00,634.0
2023-01-01 04:33:20+00:00,634.0
2023-01-01 04:34:10+00:00,634.0
2023-01-01 04:35:00+00:00,634.0
2023-01-01 04:35:50+00:00,634.0
2023-01-01 04:36:40+00:00,634.0
2023-01-01 04:37:30+00:00,634.0
2023-01-01 04:38:20+00:00,634.0
2023-01-01 04:39:10+00:00,634.0
2023-01-01 04:40:00+00:00,634.0
2023-01-01 04:40:50+00:00,634.0
2023-01-01 04:41:40+00:00,634.0
2023-01-01 04:42:30+00:00,634.0
2023-01-01 04:43:20+00:00,634.0
2023-01-01 04:44:10+00:00,634.0
2023-01-01 04:45:00+00:00,634.0
2023-01-01 04:45:50+00:00,634.0
2023-01-01 04:46:40+00:00,634.0
2023-01-01 04:47:30+00:00,634.0
2023-01-01 04:48:20+00:00,634.0
2023-01-01 04:49:10+00:00,633.0
2023-01-01 04:50:00+00:00,633.0
2023-01-01 04:50:50+00:00,633.0
2023-01-01 04:51:40+00:00,633.0
2023-01-01 04:52:30+00:00,633.0
2023-01-01 04:53:20+00:00,633.0
2023-01-01 04:54:10+00:00,633.0
2023-01-01 04:55:00+00:00,633.0
2023-01-01 04:55:50+00:00,633.0
2023-01-01 04:56:40+00:00,633.0
2023-01-01 04:57:30+00:00,633.0
2023-01-01 04:58:20+00:00,633.0
2023-01-01 04:59:10+00:00,633.0
2023-01-01 05:00:00+00:00,633.0
2023-01-01 05:00:50+00:00,633.0
2023-01-01 05:01:40+00:00,633.0
2023-01-01 05:02:30+00:00,633.0
2023-01-01 05:03:20+00:00,633.0
2023-01-01 05:04:10+00:00,633.0
2023-01-01 05:05:00+00:00,632.0
2023-01-01 05:05:50+00:00,632.0
2023-01-01 05:06:40+00:00,632.0
2023-01-01 05:07:30+00:00,632.0
2023-01-01 05:08:20+00:00,632.0
2023-01-01 05:09:10+00:00,632.0
2023-01-01 05:10:00+00:00,632.0
2023-01-01 05:10:50+00:00,632.0
2023-01-01 05:11:40+00:00,632.0
2023-01-01 05:12:30+00:00,632.0
2023-01-01 05:13:20+00:00,632.0
2023-01-01 05:14:10+00:00,632.0
2023-01-01 05:15:00+00:00,632.0
2023-01-01 05:15:50+00:00,632.0
2023-01-01 05:16:40+00:00,632.0
2023-01-01 05:17:30+00:00,632.0
2023-01-01 05:18:20+00:00,632.0
2023-01-01 05:19:10+00:00,632.0
2023-01-01 05:20:00+00:00,632.0
2023-01-01 05:20:50+00:00,632.0
2023-01-01 05:21:40+00:00,632.0
2023-01-01 05:22:30+00:00,632.0
2023-01-01 05:23:20+00:00,632.0
2023-01-01 05:24:10+00:00,632.0
2023-01-01 05:25:00+00:00,632.0
2023-01-01 05:25:50+00:00,632.0
2023-01-01 05:26:40+00:00,632.0
2023-01-01 05:27:30+00:00,632.0
2023-01-01 05:28:20+00:00,632.0
2023-01-01 05:29:10+00:00,632.0
2023-01-01 05:30:00+00:00,632.0
2023-01-01 05:30:50+00:00,632.0
2023-01-01 05:31:40+00:00,632.0
2023-01-01 05:32:30+00:00,632.0
2023-01-01 05:33:20+00:00,632.0
2023-01-01 05:34:10+00:00,632.0
2023-01-01 05:35:00+00:00,632.0
2023-01-01 05:35:50+00:00,632.0
2023-01-01 05:36:40+00:00,632.0
2023-01-01 05:37:30+00:00,632.0
2023-01-01 05:38:20+00:00,632.0
2023-01-01 05:39:10+00:00,632.0
2023-01-01 05:40:00+00:00,632.0
2023-01-01 05:40:50+00:00,632.0
2023-01-01 05:41:40+00:00,632.0
2023-01-01 05:42:30+00:00,632.0
2023-01-01 05:43:20+00:00,632.0
2023-01-01 05:44:10+00:00,632.0
2023-01-01 05:45:00+00:00,632.0
2023-01-01 05:45:50+00:00,632.0
2023-01-01 05:46:40+00:00,632.0
2023-01-01 05:47:30+00:00,632.0
2023-01-01 05:48:20+00:00,632.0
2023-01-01 05:49:10+00:00,631.0
2023-01-01 05:50:00+00:00,631.0
2023-01-01 05:50:50+00:00,631.0
2023-01-01 05:51:40+00:00,631.0
2023-01-01 05:52:30+00:00,631.0
2023-01-01 05:53:20+00:00,631.0
2023-01-01 05:54:10+00:00,631.0
2023-01-01 05:55:00+00:00,631.0
2023-01-01 05:55:50+00:00,631.0
2023-01-01 05:56:40+00:00,631.0
2023-01-01 05:57:30+00:00,631.0
2023-01-01 05:58:20+00:00,631.0
2023-01-01 05:59:10+00:00,631.0
2023-01-01 06:00:00+00:00,631.0
2023-01-01 06:00:50+00:00,631.0
2023-01-01 06:01:40+00:00,631.0
2023-01-01 06:02:30+00:00,631.0
2023-01-01 06:03:20+00:00,631.0
2023-01-01 06:04:10+00:00,631.0
2023-01-01 06:05:00+00:00,631.0
2023-01-01 06:05:50+00:00,631.0
2023-01-01 06:06:40+00:00,631.0
2023-01-01 06:07:30+00:00,631.0
2023-01-01 06:08:20+00:00,631.0
2023-01-01 06:09:10+00:00,631.0
2023-01-01 06:10:00+00:00,631.0
2023-01-01 06:10:50+00:00,631.0
2023-01-01 06:11:40+00:00,631.0
2023-01-01 06:12:30+00:00,631.0
2023-01-01 06:13:20+00:00,631.0
2023-01-01 06:14:10+00:00,631.0
2023-01-01 06:15:00+00:00,631.0
2023-01-01 06:15:50+00:00,631.0
2023-01-01 06:16:40+00:00,631.0
2023-01-01 06:17:30+00:00,631.0
2023-01-01 06:18:20+00:00,631.0
2023-01-01 06:19:10+00:00,631.0
2023-01-01 06:20:00+00:00,631.0
2023-01-01 06:20:50+00:00,631.0
2023-01-01 06:21:40+00:00,631.0
2023-01-01 06:22:30+00:00,631.0
2023-01-01 06:23:20+00:00,631.0
2023-01-01 06:24:10+00:00,631.0
2023-01-01 06:25:00+00:00,631.0
2023-01-01 06:25:50+00:00,631.0
2023-01-01 06:26:40+00:00,631.0
2023-01-01 06:27:30+00:00,631.0
2023-01-01 06:28:20+00:00,631.0
2023-01-01 06:29:10+00:00,631.0
2023-01-01 06:30:00+00:00,631.0
2023-01-01 06:30:50+00:00,631.0
2023-01-01 06:31:40+00:00,631.0
2023-01-01 06:32:30+00:00,631.0
2023-01-01 06:33:20+00:00,631.0
2023-01-01 06:34:10+00:00,631.0
2023-01-01 06:35:00+00:00,631.0
2023-01-01 06:35:50+00:00,631.0
2023-01-01 06:36:40+00:00,631.0
2023-01-01 06:37:30+00:00,631.0
2023-01-01 06:38:20+00:00,631.0
2023-01-01 06:39:10+00:00,631.0
2023-01-01 06:40:00+00:00,631.0
2023-01-01 06:40:50+00:00,631.0
2023-01-01 06:41:40+00:00,631.0
2023-01-01 06:42:30+00:00,631.0
2023-01-01 06:43:20+00:00,631.0
2023-01-01 06:44:10+00:00,631.0
2023-01-01 06:45:00+00:00,631.0
2023-01-01 06:45:50+00:00,631.0
2023-01-01 06:46:40+00:00,631.0
2023-01-01 06:47:30+00:00,631.0
2023-01-01 06:48:20+00:00,631.0
2023-01-01 06:49:10+00:00,631.0
2023-01-01 06:50:00+00:00,631.0
2023-01-01 06:50:50+00:00,631.0
2023-01-01 06:51:40+00:00,630.0
2023-01-01 06:52:30+00:00,630.0
2023-01-01 06:53:20+00:00,630.0
2023-01-01 06:54:10+00:00,630.0
2023-01-01 06:55:00+00:00,630.0
2023-01-01 06:55:50+00:00,630.0
2023-01-01 06:56:40+00:00,630.0
2023-01-01 06:57:30+00:00,630.0
2023-01-01 06:58:20+00:00,630.0
2023-01-01 06:59:10+00:00,630.0
2023-01-01 07:00:00+00:00,630.0
2023-01-01 07:00:50+00:00,630.0
2023-01-01 07:01:40+00:00,630.0
2023-01-01 07:02:30+00:00,630.0
2023-01-01 07:03:20+00:00,630.0
2023-01-01 07:04:10+00:00,630.0
2023-01-01 07:05:00+00:00,630.0
2023-01-01 07:05:50+00:00,630.0
2023-01-01 07:06:40+00:00,630.0
2023-01-01 07:07:30+00:00,630.0
2023-01-01 07:08:20+00:00,630.0
2023-01-01 07:09:10+00:00,630.0
2023-01-01 07:10:00+00:00,630.0
2023-01-01 07:10:50+00:00,630.0
2023-01-01 07:11:40+00:00,630.0
2023-01-01 07:12:30+00:00,630.0
2023-01-01 07:13:20+00:00,630.0
2023-01-01 07:14:10+00:00,630.0
2023-01-01 07:15:00+00:00,630.0
2023-01-01 07:15:50+00:00,630.0
2023-01-01 07:16:40+00:00,630.0
2023-01-01 07:17:30+00:00,630.0
2023-01-01 07:18:20+00:00,630.0
2023-01-01 07:19:10+00:00,630.0
2023-01-01 07:20:00+00:00,630.0
2023-01-01 07:20:50+00:00,630.0
2023-01-01 07:21:40+00:00,630.0
2023-01-01 07:22:30+00:00,630.0
2023-01-01 07:23:20+00:00,630.0
2023-01-01 07:24:10+00:00,630.0
2023-01-01 07:25:00+00:00,630.0
2023-01-01 07:25:50+00:00,630.0
2023-01-01 07:26:40+00:00,630.0
2023-01-01 07:27:30+00:00,630.0
2023-01-01 07:28:20+00:00,630.0
2023-01-01 07:29:10+00:00,630.0
2023-01-01 07:30:00+00:00,630.0
2023-01-01 07:30:50+00:00,630.0
2023-01-01 07:31:40+00:00,630.0
2023-01-01 07:32:30+00:00,630.0
2023-01-01 07:33:20+00:00,630.0
2023-01-01 07:34:10+00:00,630.0
2023-01-01 07:35:00+00:00,630.0
2023-01-01 07:35:50+00:00,630.0
2023-01-01 07:36:40+00:00,630.0
2023-01-01 07:37:30+00:00,630.0
2023-01-01 07:38:20+00:00,630.0
2023-01-01 07:39:10+00:00,630.0
2023-01-01 07:40:00+00:00,630.0
2023-01-01 07:40:50+00:00,630.0
2023-01-01 07:41:40+00:00,630.0
2023-01-01 07:42:30+00:00,630.0
2023-01-01 07:43:20+00:00,630.0
2023-01-01 07:44:10+00:00,630.0
2023-01-01 07:45:00+00:00,630.0
2023-01-01 07:45:50+00:00,630.0
2023-01-01 07:46:40+00:00,630.0
2023-01-01 07:47:30+00:00,630.0
2023-01-01 07:48:20+00:00,630.0
2023-01-01 07:49:10+00:00,630.0
2023-01-01 07:50:00+00:00,630.0
2023-01-01 07:50:50+00:00,630.0
2023-01-01 07:51:40+00:00,630.0
2023-01-01 07:52:30+00:00,630.0
2023-01-01 07:53:20+00:00,630.0
2023-01-01 07:54:10+00:00,630.0
2023-01-01 07:55:00+00:00,630.0
2023-01-01 07:55:50+00:00,630.0
2023-01-01 07:56:40+00:00,630.0
2023-01-01 07:57:30+00:00,630.0
2023-01-01 07:58:20+00:00,630.0
2023-01-01 07:59:10+00:00,630.0
2023-01-01 08:00:00+00:00,630.0
2023-01-01 08:00:50+00:00,630.0
2023-01-01 08:01:40+00:00,630.0
2023-01-01 08:02:30+00:00,630.0
2023-01-01 08:03:20+00:00,630.0
2023-01-01 08:04:10+00:00,630.0
2023-01-01 08:05:00+00:00,630.0
2023-01-01 08:05:50+00:00,630.0
2023-01-01 08:06:40+00:00,630.0
2023-01-01 08:07:30+00:00,630.0
2023-01-01 08:08:20+00:00,630.0
2023-01-01 08:09:10+00:00,630.0
2023-01-01 08:10:00+00:00,630.0
2023-01-01 08:10:50+00:00,630.0
2023-01-01 08:11:40+00:00,630.0
2023-01-01 08:12:30+00:00,630.0
2023-01-01 08:13:20+00:00,630.0
2023-01-01 08:14:10+00:00,630.0
2023-01-01 08:15:00+00:00,630.0
2023-01-01 08:15:50+00:00,630.0
2023-01-01 08:16:40+00:00,630.0
2023-01-01 08:17:30+00:00,630.0
2023-01-01 08:18:20+00:00,630.0
2023-01-01 08:19:10+00:00,630.0
2023-01-01 08:20:00+00:00,630.0
2023-01-01 08:20:50+00:00,630.0
2023-01-01 08:21:40+00:00,630.0
2023-01-01 08:22:30+00:00,630.0
2023-01-01 08:23:20+00:00,630.0
2023-01-01 08:24:10+00:00,630.0
2023-01-01 08:25:00+00:00,630.0
2023-01-01 08:25:50+00:00,630.0
2023-01-01 08:26:40+00:00,630.0
2023-01-01 08:27:30+00:00,630.0
2023-01-01 08:28:20+00:00,630.0
2023-01-01 08:29:10+00:00,630.0
2023-01-01 08:30:00+00:00,630.0
2023-01-01 08:30:50+00:00,630.0
2023-01-01 08:31:40+00:00,630.0
2023-01-01 08:32:30+00:00,630.0
2023-01-01 08:33:20+00:00,630.0
2023-01-01 08:34:10+00:00,630.0
2023-01-01 08:35:00+00:00,630.0
2023-01-01 08:35:50+00:00,630.0
2023-01-01 08:36:40+00:00,630.0
2023-01-01 08:37:30+00:00,630.0
2023-01-01 08:38:20+00:00,630.0
2023-01-01 08:39:10+00:00,630.0
2023-01-01 08:40:00+00:00,630.0
2023-01-01 08:40:50+00:00,630.0
2023-01-01 08:41:40+00:00,630.0
2023-01-01 08:42:30+00:00,630.0
2023-01-01 08:43:20+00:00,630.0
2023-01-01 08:44:10+00:00,630.0
2023-01-01 08:45:00+00:00,630.0
2023-01-01 08:45:50+00:00,630.0
2023-01-01 08:46:40+00:00,630.0
2023-01-01 08:47:30+00:00,630.0
2023-01-01 08:48:20+00:00,630.0
2023-01-01 08:49:10+00:00,630.0
2023-01-01 08:50:00+00:00,630.0
2023-01-01 08:50:50+00:00,630.0
2023-01-01 08:51:40+00:00,630.0
2023-01-01 08:52:30+00:00,630.0
2023-01-01 08:53:20+00:00,629.0
2023-01-01 08:54:10+00:00,630.0
2023-01-01 08:55:00+00:00,630.0
2023-01-01 08:55:50+00:00,629.0
2023-01-01 08:56:40+00:00,630.0
2023-01-01 08:57:30+00:00,629.0
2023-01-01 08:58:20+00:00,629.0
2023-01-01 08:59:10+00:00,629.0
2023-01-01 09:00:00+00:00,629.0
2023-01-01 09:00:50+00:00,629.0
2023-01-01 09:01:40+00:00,629.0
2023-01-01 09:02:30+00:00,629.0
2023-01-01 09:03:20+00:00,629.0
2023-01-01 09:04:10+00:00,629.0
2023-01-01 09:05:00+00:00,629.0
2023-01-01 09:05:50+00:00,629.0
2023-01-01 09:06:40+00:00,629.0
2023-01-01 09:07:30+00:00,629.0
2023-01-01 09:08:20+00:00,629.0
2023-01-01 09:09:10+00:00,629.0
2023-01-01 09:10:00+00:00,629.0
2023-01-01 09:10:50+00:00,629.0
2023-01-01 09:11:40+00:00,629.0
2023-01-01 09:12:30+00:00,629.0
2023-01-01 09:13:20+00:00,629.0
2023-01-01 09:14:10+00:00,629.0
2023-01-01 09:15:00+00:00,629.0
2023-01-01 09:15:50+00:00,629.0
2023-01-01 09:16:40+00:00,629.0
2023-01-01 09:17:30+00:00,629.0
2023-01-01 09:18:20+00:00,629.0
2023-01-01 09:19:10+00:00,629.0
2023-01-01 09:20:00+00:00,629.0
2023-01-01 09:20:50+00:00,629.0
2023-01-01 09:21:40+00:00,629.0
2023-01-01 09:22:30+00:00,629.0
2023-01-01 09:23:20+00:00,629.0
2023-01-01 09:24:10+00:00,629.0
2023-01-01 09:25:00+00:00,629.0
2023-01-01 09:25:50+00:00,629.0
2023-01-01 09:26:40+00:00,629.0
2023-01-01 09:27:30+00:00,629.0
2023-01-01 09:28:20+00:00,629.0
2023-01-01 09:29:10+00:00,629.0
2023-01-01 09:30:00+00:00,629.0
2023-01-01 09:30:50+00:00,629.0
2023-01-01 09:31:40+00:00,629.0
2023-01-01 09:32:30+00:00,629.0
2023-01-01 09:33:20+00:00,629.0
2023-01-01 09:34:10+00:00,629.0
2023-01-01 09:35:00+00:00,629.0
2023-01-01 09:35:50+00:00,629.0
2023-01-01 09:36:40+00:00,629.0
2023-01-01 09:37:30+00:00,629.0
2023-01-01 09:38:20+00:00,629.0
2023-01-01 09:39:10+00:00,629.0
2023-01-01 09:40:00+00:00,629.0
2023-01-01 09:40:50+00:00,629.0
2023-01-01 09:41:40+00:00,629.0
2023-01-01 09:42:30+00:00,629.0
2023-01-01 09:43:20+00:00,629.0
2023-01-01 09:44:10+00:00,629.0
2023-01-01 09:45:00+00:00,629.0
2023-01-01 09:45:50+00:00,629.0
2023-01-01 09:46:40+00:00,629.0
2023-01-01 09:47:30+00:00,629.0
2023-01-01 09:48:20+00:00,629.0
2023-01-01 09:49:10+00:00,629.0
2023-01-01 09:50:00+00:00,629.0
2023-01-01 09:50:50+00:00,629.0
2023-01-01 09:51:40+00:00,629.0
2023-01-01 09:52:30+00:00,629.0
2023-01-01 09:53:20+00:00,629.0
2023-01-01 09:54:10+00:00,629.0
2023-01-01 09:55:00+00:00,629.0
2023-01-01 09:55:50+00:00,629.0
2023-01-01 09:56:40+00:00,629.0
2023-01-01 09:57:30+00:00,629.0
2023-01-01 09:58:20+00:00,629.0
2023-01-01 09:59:10+00:00,629.0
2023-01-01 10:00:00+00:00,629.0
2023-01-01 10:00:50+00:00,629.0
2023-01-01 10:01:40+00:00,629.0
2023-01-01 10:02:30+00:00,629.0
2023-01-01 10:03:20+00:00,629.0
2023-01-01 10:04:10+00:00,629.0
2023-01-01 10:05:00+00:00,629.0
2023-01-01 10:05:50+00:00,629.0
2023-01-01 10:06:40+00:00,629.0
2023-01-01 10:07:30+00:00,629.0
2023-01-01 10:08:20+00:00,629.0
2023-01-01 10:09:10+00:00,629.0
2023-01-01 10:10:00+00:00,629.0
2023-01-01 10:10:50+00:00,629.0
2023-01-01 10:11:40+00:00,629.0
2023-01-01 10:12:30+00:00,629.0
2023-01-01 10:13:20+00:00,629.0
2023-01-01 10:14:10+00:00,629.0
2023-01-01 10:15:00+00:00,629.0
2023-01-01 10:15:50+00:00,629.0
2023-01-01 10:16:40+00:00,629.0
2023-01-01 10:17:30+00:00,629.0
2023-01-01 10:18:20+00:00,629.0
2023-01-01 10:19:10+00:00,629.0
2023-01-01 10:20:00+00:00,629.0
2023-01-01 10:20:50+00:00,629.0
2023-01-01 10:21:40+00:00,629.0
2023-01-01 10:22:30+00:00,629.0
2023-01-01 10:23:20+00:00,629.0
2023-01-01 10:24:10+00:00,629.0
2023-01-01 10:25:00+00:00,629.0
2023-01-01 10:25:50+00:00,629.0
2023-01-01 10:26:40+00:00,629.0
2023-01-01 10:27:30+00:00,629.0
2023-01-01 10:28:20+00:00,629.0
2023-01-01 10:29:10+00:00,629.0
2023-01-01 10:30:00+00:00,629.0
2023-01-01 10:30:50+00:00,629.0
2023-01-01 10:31:40+00:00,629.0
2023-01-01 10:32:30+00:00,629.0
2023-01-01 10:33:20+00:00,629.0
2023-01-01 10:34:10+00:00,629.0
2023-01-01 10:35:00+00:00,629.0
2023-01-01 10:35:50+00:00,629.0
2023-01-01 10:36:40+00:00,629.0
2023-01-01 10:37:30+00:00,629.0
2023-01-01 10:38:20+00:00,629.0
2023-01-01 10:39:10+00:00,629.0
2023-01-01 10:40:00+00:00,629.0
2023-01-01 10:40:50+00:00,629.0
2023-01-01 10:41:40+00:00,629.0
2023-01-01 10:42:30+00:00,629.0
2023-01-01 10:43:20+00:00,629.0
2023-01-01 10:44:10+00:00,629.0
2023-01-01 10:45:00+00:00,629.0
2023-01-01 10:45:50+00:00,629.0
2023-01-01 10:46:40+00:00,629.0
2023-01-01 10:47:30+00:00,629.0
2023-01-01 10:48:20+00:00,629.0
2023-01-01 10:49:10+00:00,629.0
2023-01-01 10:50:00+00:00,629.0
2023-01-01 10:50:50+00:00,629.0
2023-01-01 10:51:40+00:00,629.0
2023-01-01 10:52:30+00:00,629.0
2023-01-01 10:53:20+00:00,629.0
2023-01-01 10:54:10+00:00,629.0
2023-01-01 10:55:00+00:00,629.0
2023-01-01 10:55:50+00:00,601.0
2023-01-01 10:56:40+00:00,624.0
2023-01-01 10:57:30+00:00,626.0
2023-01-01 10:58:20+00:00,627.0
2023-01-01 10:59:10+00:00,627.0
2023-01-01 11:00:00+00:00,628.0
2023-01-01 11:00:50+00:00,591.0
2023-01-01 11:01:40+00:00,600.0
2023-01-01 11:02:30+00:00,625.0
2023-01-01 11:03:20+00:00,626.0
2023-01-01 11:04:10+00:00,627.0
2023-01-01 11:05:00+00:00,627.0
2023-01-01 11:05:50+00:00,628.0
2023-01-01 11:06:40+00:00,628.0
2023-01-01 11:07:30+00:00,628.0
2023-01-01 11:08:20+00:00,628.0
2023-01-01 11:09:10+00:00,628.0
2023-01-01 11:10:00+00:00,628.0
2023-01-01 11:10:50+00:00,628.0
2023-01-01 11:11:40+00:00,628.0
2023-01-01 11:12:30+00:00,628.0
2023-01-01 11:13:20+00:00,628.0
2023-01-01 11:14:10+00:00,628.0
2023-01-01 11:15:00+00:00,629.0
2023-01-01 11:15:50+00:00,629.0
2023-01-01 11:16:40+00:00,629.0
2023-01-01 11:17:30+00:00,629.0
2023-01-01 11:18:20+00:00,629.0
2023-01-01 11:19:10+00:00,629.0
2023-01-01 11:20:00+00:00,629.0
2023-01-01 11:20:50+00:00,629.0
2023-01-01 11:21:40+00:00,629.0
2023-01-01 11:22:30+00:00,629.0
2023-01-01 11:23:20+00:00,629.0
2023-01-01 11:24:10+00:00,629.0
2023-01-01 11:25:00+00:00,629.0
2023-01-01 11:25:50+00:00,629.0
2023-01-01 11:26:40+00:00,629.0
2023-01-01 11:27:30+00:00,629.0
2023-01-01 11:28:20+00:00,629.0
2023-01-01 11:29:10+00:00,629.0
2023-01-01 11:30:00+00:00,629.0
2023-01-01 11:30:50+00:00,629.0
2023-01-01 11:31:40+00:00,629.0
2023-01-01 11:32:30+00:00,629.0
2023-01-01 11:33:20+00:00,629.0
2023-01-01 11:34:10+00:00,629.0
2023-01-01 11:35:00+00:00,629.0
2023-01-01 11:35:50+00:00,629.0
2023-01-01 11:36:40+00:00,629.0
2023-01-01 11:37:30+00:00,629.0
2023-01-01 11:38:20+00:00,629.0
2023-01-01 11:39:10+00:00,629.0
2023-01-01 11:40:00+00:00,629.0
2023-01-01 11:40:50+00:00,629.0
2023-01-01 11:41:40+00:00,629.0
2023-01-01 11:42:30+00:00,629.0
2023-01-01 11:43:20+00:00,629.0
2023-01-01 11:44:10+00:00,629.0
2023-01-01 11:45:00+00:00,629.0
2023-01-01 11:45:50+00:00,629.0
2023-01-01 11:46:40+00:00,629.0
2023-01-01 11:47:30+00:00,629.0
2023-01-01 11:48:20+00:00,629.0
2023-01-01 11:49:10+00:00,629.0
2023-01-01 11:50:00+00:00,629.0
2023-01-01 11:50:50+00:00,629.0
2023-01-01 11:51:40+00:00,629.0
2023-01-01 11:52:30+00:00,629.0
2023-01-01 11:53:20+00:00,629.0
2023-01-01 11:54:10+00:00,629.0
2023-01-01 11:55:00+00:00,629.0
2023-01-01 11:55:50+00:00,629.0
2023-01-01 11:56:40+00:00,629.0
2023-01-01 11:57:30+00:00,629.0
2023-01-01 11:58:20+00:00,629.0
2023-01-01 11:59:10+00:00,629.0
2023-01-01 12:00:00+00:00,629.0
2023-01-01 12:00:50+00:00,629.0
2023-01-01 12:01:40+00:00,629.0
2023-01-01 12:02:30+00:00,629.0
2023-01-01 12:03:20+00:00,629.0
2023-01-01 12:04:10+00:00,629.0
2023-01-01 12:05:00+00:00,629.0
2023-01-01 12:05:50+00:00,629.0
2023-01-01 12:06:40+00:00,629.0
2023-01-01 12:07:30+00:00,629.0
2023-01-01 12:08:20+00:00,629.0
2023-01-01 12:09:10+00:00,629.0
2023-01-01 12:10:00+00:00,629.0
2023-01-01 12:10:50+00:00,629.0
2023-01-01 12:11:40+00:00,629.0
2023-01-01 12:12:30+00:00,629.0
2023-01-01 12:13:20+00:00,629.0
2023-01-01 12:14:10+00:00,629.0
2023-01-01 12:15:00+00:00,629.0
2023-01-01 12:15:50+00:00,629.0
2023-01-01 12:16:40+00:00,629.0
2023-01-01 12:17:30+00:00,629.0
2023-01-01 12:18:20+00:00,629.0
2023-01-01 12:19:10+00:00,629.0
2023-01-01 12:20:00+00:00,629.0
2023-01-01 12:20:50+00:00,629.0
2023-01-01 12:21:40+00:00,629.0
2023-01-01 12:22:30+00:00,629.0
2023-01-01 12:23:20+00:00,629.0
2023-01-01 12:24:10+00:00,629.0
2023-01-01 12:25:00+00:00,629.0
2023-01-01 12:25:50+00:00,629.0
2023-01-01 12:26:40+00:00,629.0
2023-01-01 12:27:30+00:00,629.0
2023-01-01 12:28:20+00:00,629.0
2023-01-01 12:29:10+00:00,629.0
2023-01-01 12:30:00+00:00,629.0
2023-01-01 12:30:50+00:00,629.0
2023-01-01 12:31:40+00:00,629.0
2023-01-01 12:32:30+00:00,629.0
2023-01-01 12:33:20+00:00,629.0
2023-01-01 12:34:10+00:00,629.0
2023-01-01 12:35:00+00:00,629.0
2023-01-01 12:35:50+00:00,629.0
2023-01-01 12:36:40+00:00,629.0
2023-01-01 12:37:30+00:00,629.0
2023-01-01 12:38:20+00:00,629.0
2023-01-01 12:39:10+00:00,629.0
2023-01-01 12:40:00+00:00,629.0
2023-01-01 12:40:50+00:00,629.0
2023-01-01 12:41:40+00:00,629.0
2023-01-01 12:42:30+00:00,629.0
2023-01-01 12:43:20+00:00,629.0
2023-01-01 12:44:10+00:00,629.0
2023-01-01 12:45:00+00:00,629.0
2023-01-01 12:45:50+00:00,629.0
2023-01-01 12:46:40+00:00,629.0
2023-01-01 12:47:30+00:00,629.0
2023-01-01 12:48:20+00:00,629.0
2023-01-01 12:49:10+00:00,629.0
2023-01-01 12:50:00+00:00,629.0
2023-01-01 12:50:50+00:00,629.0
2023-01-01 12:51:40+00:00,629.0
2023-01-01 12:52:30+00:00,629.0
2023-01-01 12:53:20+00:00,629.0
2023-01-01 12:54:10+00:00,629.0
2023-01-01 12:55:00+00:00,629.0
2023-01-01 12:55:50+00:00,629.0
2023-01-01 12:56:40+00:00,629.0
2023-01-01 12:57:30+00:00,629.0
2023-01-01 12:58:20+00:00,629.0
2023-01-01 12:59:10+00:00,629.0
2023-01-01 13:00:00+00:00,629.0
2023-01-01 13:00:50+00:00,629.0
2023-01-01 13:01:40+00:00,629.0
2023-01-01 13:02:30+00:00,629.0
2023-01-01 13:03:20+00:00,629.0
2023-01-01 13:04:10+00:00,629.0
2023-01-01 13:05:00+00:00,629.0
2023-01-01 13:05:50+00:00,629.0
2023-01-01 13:06:40+00:00,629.0
2023-01-01 13:07:30+00:00,629.0
2023-01-01 13:08:20+00:00,629.0
2023-01-01 13:09:10+00:00,628.0
2023-01-01 13:10:00+00:00,629.0
2023-01-01 13:10:50+00:00,629.0
2023-01-01 13:11:40+00:00,629.0
2023-01-01 13:12:30+00:00,629.0
2023-01-01 13:13:20+00:00,628.0
2023-01-01 13:14:10+00:00,629.0
2023-01-01 13:15:00+00:00,629.0
2023-01-01 13:15:50+00:00,628.0
2023-01-01 13:16:40+00:00,629.0
2023-01-01 13:17:30+00:00,628.0
2023-01-01 13:18:20+00:00,629.0
2023-01-01 13:19:10+00:00,628.0
2023-01-01 13:20:00+00:00,628.0
2023-01-01 13:20:50+00:00,628.0
2023-01-01 13:21:40+00:00,628.0
2023-01-01 13:22:30+00:00,629.0
2023-01-01 13:23:20+00:00,628.0
2023-01-01 13:24:10+00:00,628.0
2023-01-01 13:25:00+00:00,628.0
2023-01-01 13:25:50+00:00,629.0
2023-01-01 13:26:40+00:00,628.0
2023-01-01 13:27:30+00:00,628.0
2023-01-01 13:28:20+00:00,628.0
2023-01-01 13:29:10+00:00,628.0
2023-01-01 13:30:00+00:00,628.0
2023-01-01 13:30:50+00:00,628.0
2023-01-01 13:31:40+00:00,628.0
2023-01-01 13:32:30+00:00,628.0
2023-01-01 13:33:20+00:00,628.0
2023-01-01 13:34:10+00:00,628.0
2023-01-01 13:35:00+00:00,628.0
2023-01-01 13:35:50+00:00,628.0
2023-01-01 13:36:40+00:00,628.0
2023-01-01 13:37:30+00:00,628.0
2023-01-01 13:38:20+00:00,628.0
2023-01-01 13:39:10+00:00,628.0
2023-01-01 13:40:00+00:00,628.0
2023-01-01 13:40:50+00:00,628.0
2023-01-01 13:41:40+00:00,628.0
2023-01-01 13:42:30+00:00,628.0
2023-01-01 13:43:20+00:00,628.0
2023-01-01 13:44:10+00:00,628.0
2023-01-01 13:45:00+00:00,628.0
2023-01-01 13:45:50+00:00,628.0
2023-01-01 13:46:40+00:00,628.0
2023-01-01 13:47:30+00:00,628.0
2023-01-01 13:48:20+00:00,628.0
2023-01-01 13:49:10+00:00,628.0
2023-01-01 13:50:00+00:00,628.0
2023-01-01 13:50:50+00:00,628.0
2023-01-01 13:51:40+00:00,628.0
2023-01-01 13:52:30+00:00,628.0
2023-01-01 13:53:20+00:00,628.0
2023-01-01 13:54:10+00:00,628.0
2023-01-01 13:55:00+00:00,628.0
2023-01-01 13:55:50+00:00,628.0
2023-01-01 13:56:40+00:00,628.0
2023-01-01 13:57:30+00:00,628.0
2023-01-01 13:58:20+00:00,628.0
2023-01-01 13:59:10+00:00,628.0
2023-01-01 14:00:00+00:00,628.0
2023-01-01 14:00:50+00:00,628.0
2023-01-01 14:01:40+00:00,628.0
2023-01-01 14:02:30+00:00,628.0
2023-01-01 14:03:20+00:00,628.0
2023-01-01 14:04:10+00:00,628.0
2023-01-01 14:05:00+00:00,628.0
2023-01-01 14:05:50+00:00,628.0
2023-01-01 14:06:40+00:00,628.0
2023-01-01 14:07:30+00:00,628.0
2023-01-01 14:08:20+00:00,628.0
2023-01-01 14:09:10+00:00,628.0
2023-01-01 14:10:00+00:00,628.0
2023-01-01 14:10:50+00:00,628.0
2023-01-01 14:11:40+00:00,628.0
2023-01-01 14:12:30+00:00,628.0
2023-01-01 14:13:20+00:00,628.0
2023-01-01 14:14:10+00:00,628.0
2023-01-01 14:15:00+00:00,628.0
2023-01-01 14:15:50+00:00,628.0
2023-01-01 14:16:40+00:00,628.0
2023-01-01 14:17:30+00:00,628.0
2023-01-01 14:18:20+00:00,628.0
2023-01-01 14:19:10+00:00,628.0
2023-01-01 14:20:00+00:00,628.0
2023-01-01 14:20:50+00:00,628.0
2023-01-01 14:21:40+00:00,628.0
2023-01-01 14:22:30+00:00,628.0
2023-01-01 14:23:20+00:00,628.0
2023-01-01 14:24:10+00:00,628.0
2023-01-01 14:25:00+00:00,628.0
2023-01-01 14:25:50+00:00,628.0
2023-01-01 14:26:40+00:00,628.0
2023-01-01 14:27:30+00:00,628.0
2023-01-01 14:28:20+00:00,628.0
2023-01-01 14:29:10+00:00,628.0
2023-01-01 14:30:00+00:00,628.0
2023-01-01 14:30:50+00:00,628.0
2023-01-01 14:31:40+00:00,628.0
2023-01-01 14:32:30+00:00,628.0
2023-01-01 14:33:20+00:00,628.0
2023-01-01 14:34:10+00:00,628.0
2023-01-01 14:35:00+00:00,628.0
2023-01-01 14:35:50+00:00,628.0
2023-01-01 14:36:40+00:00,628.0
2023-01-01 14:37:30+00:00,628.0
2023-01-01 14:38:20+00:00,628.0
2023-01-01 14:39:10+00:00,628.0
2023-01-01 14:40:00+00:00,628.0
2023-01-01 14:40:50+00:00,628.0
2023-01-01 14:41:40+00:00,628.0
2023-01-01 14:42:30+00:00,628.0
2023-01-01 14:43:20+00:00,628.0
2023-01-01 14:44:10+00:00,628.0
2023-01-01 14:45:00+00:00,628.0
2023-01-01 14:45:50+00:00,628.0
2023-01-01 14:46:40+00:00,628.0
2023-01-01 14:47:30+00:00,628.0
2023-01-01 14:48:20+00:00,628.0
2023-01-01 14:49:10+00:00,628.0
2023-01-01 14:50:00+00:00,628.0
2023-01-01 14:50:50+00:00,628.0
2023-01-01 14:51:40+00:00,628.0
2023-01-01 14:52:30+00:00,628.0
2023-01-01 14:53:20+00:00,628.0
2023-01-01 14:54:10+00:00,628.0
2023-01-01 14:55:00+00:00,628.0
2023-01-01 14:55:50+00:00,628.0
2023-01-01 14:56:40+00:00,628.0
2023-01-01 14:57:30+00:00,628.0
2023-01-01 14:58:20+00:00,628.0
2023-01-01 14:59:10+00:00,628.0
2023-01-01 15:00:00+00:00,628.0
2023-01-01 15:00:50+00:00,628.0
2023-01-01 15:01:40+00:00,628.0
2023-01-01 15:02:30+00:00,628.0
2023-01-01 15:03:20+00:00,628.0
2023-01-01 15:04:10+00:00,628.0
2023-01-01 15:05:00+00:00,628.0
2023-01-01 15:05:50+00:00,628.0
2023-01-01 15:06:40+00:00,628.0
2023-01-01 15:07:30+00:00,628.0
2023-01-01 15:08:20+00:00,628.0
2023-01-01 15:09:10+00:00,628.0
2023-01-01 15:10:00+00:00,628.0
2023-01-01 15:10:50+00:00,628.0
2023-01-01 15:11:40+00:00,628.0
2023-01-01 15:12:30+00:00,628.0
2023-01-01 15:13:20+00:00,628.0
2023-01-01 15:14:10+00:00,628.0
2023-01-01 15:15:00+00:00,628.0
2023-01-01 15:15:50+00:00,628.0
2023-01-01 15:16:40+00:00,628.0
2023-01-01 15:17:30+00:00,628.0
2023-01-01 15:18:20+00:00,628.0
2023-01-01 15:19:10+00:00,628.0
2023-01-01 15:20:00+00:00,628.0
2023-01-01 15:20:50+00:00,628.0
2023-01-01 15:21:40+00:00,628.0
2023-01-01 15:22:30+00:00,628.0
2023-01-01 15:23:20+00:00,628.0
2023-01-01 15:24:10+00:00,628.0
2023-01-01 15:25:00+00:00,628.0
2023-01-01 15:25:50+00:00,628.0
2023-01-01 15:26:40+00:00,628.0
2023-01-01 15:27:30+00:00,628.0
2023-01-01 15:28:20+00:00,628.0
2023-01-01 15:29:10+00:00,628.0
2023-01-01 15:30:00+00:00,628.0
2023-01-01 15:30:50+00:00,628.0
2023-01-01 15:31:40+00:00,628.0
2023-01-01 15:32:30+00:00,628.0
2023-01-01 15:33:20+00:00,628.0
2023-01-01 15:34:10+00:00,628.0
2023-01-01 15:35:00+00:00,628.0
2023-01-01 15:35:50+00:00,628.0
2023-01-01 15:36:40+00:00,628.0
2023-01-01 15:37:30+00:00,628.0
2023-01-01 15:38:20+00:00,628.0
2023-01-01 15:39:10+00:00,628.0
2023-01-01 15:40:00+00:00,628.0
2023-01-01 15:40:50+00:00,628.0
2023-01-01 15:41:40+00:00,628.0
2023-01-01 15:42:30+00:00,628.0
2023-01-01 15:43:20+00:00,628.0
2023-01-01 15:44:10+00:00,628.0
2023-01-01 15:45:00+00:00,628.0
2023-01-01 15:45:50+00:00,628.0
2023-01-01 15:46:40+00:00,628.0
2023-01-01 15:47:30+00:00,628.0
2023-01-01 15:48:20+00:00,628.0
2023-01-01 15:49:10+00:00,628.0
2023-01-01 15:50:00+00:00,628.0
2023-01-01 15:50:50+00:00,628.0
2023-01-01 15:51:40+00:00,628.0
2023-01-01 15:52:30+00:00,628.0
2023-01-01 15:53:20+00:00,628.0
2023-01-01 15:54:10+00:00,628.0
2023-01-01 15:55:00+00:00,628.0
2023-01-01 15:55:50+00:00,628.0
2023-01-01 15:56:40+00:00,628.0
2023-01-01 15:57:30+00:00,628.0
2023-01-01 15:58:20+00:00,628.0
2023-01-01 15:59:10+00:00,628.0
2023-01-01 16:00:00+00:00,628.0
2023-01-01 16:00:50+00:00,628.0
2023-01-01 16:01:40+00:00,628.0
2023-01-01 16:02:30+00:00,628.0
2023-01-01 16:03:20+00:00,628.0
2023-01-01 16:04:10+00:00,628.0
2023-01-01 16:05:00+00:00,628.0
2023-01-01 16:05:50+00:00,628.0
2023-01-01 16:06:40+00:00,628.0
2023-01-01 16:07:30+00:00,628.0
2023-01-01 16:08:20+00:00,628.0
2023-01-01 16:09:10+00:00,628.0
2023-01-01 16:10:00+00:00,628.0
2023-01-01 16:10:50+00:00,628.0
2023-01-01 16:11:40+00:00,628.0
2023-01-01 16:12:30+00:00,628.0
2023-01-01 16:13:20+00:00,628.0
2023-01-01 16:14:10+00:00,628.0
2023-01-01 16:15:00+00:00,628.0
2023-01-01 16:15:50+00:00,628.0
2023-01-01 16:16:40+00:00,628.0
2023-01-01 16:17:30+00:00,628.0
2023-01-01 16:18:20+00:00,628.0
2023-01-01 16:19:10+00:00,628.0
2023-01-01 16:20:00+00:00,628.0
2023-01-01 16:20:50+00:00,628.0
2023-01-01 16:21:40+00:00,628.0
2023-01-01 16:22:30+00:00,628.0
2023-01-01 16:23:20+00:00,628.0
2023-01-01 16:24:10+00:00,628.0
2023-01-01 16:25:00+00:00,628.0
2023-01-01 16:25:50+00:00,628.0
2023-01-01 16:26:40+00:00,628.0
2023-01-01 16:27:30+00:00,628.0
2023-01-01 16:28:20+00:00,628.0
2023-01-01 16:29:10+00:00,628.0
2023-01-01 16:30:00+00:00,628.0
2023-01-01 16:30:50+00:00,628.0
2023-01-01 16:31:40+00:00,628.0
2023-01-01 16:32:30+00:00,628.0
2023-01-01 16:33:20+00:00,628.0
2023-01-01 16:34:10+00:00,628.0
2023-01-01 16:35:00+00:00,628.0
2023-01-01 16:35:50+00:00,628.0
2023-01-01 16:36:40+00:00,628.0
2023-01-01 16:37:30+00:00,628.0
2023-01-01 16:38:20+00:00,628.0
2023-01-01 16:39:10+00:00,628.0
2023-01-01 16:40:00+00:00,628.0
2023-01-01 16:40:50+00:00,628.0
2023-01-01 16:41:40+00:00,628.0
2023-01-01 16:42:30+00:00,628.0
2023-01-01 16:43:20+00:00,628.0
2023-01-01 16:44:10+00:00,628.0
2023-01-01 16:45:00+00:00,628.0
2023-01-01 16:45:50+00:00,628.0
2023-01-01 16:46:40+00:00,628.0
2023-01-01 16:47:30+00:00,628.0
2023-01-01 16:48:20+00:00,628.0
2023-01-01 16:49:10+00:00,628.0
2023-01-01 16:50:00+00:00,628.0
2023-01-01 16:50:50+00:00,628.0
2023-01-01 16:51:40+00:00,628.0
2023-01-01 16:52:30+00:00,628.0
2023-01-01 16:53:20+00:00,628.0
2023-01-01 16:54:10+00:00,628.0
2023-01-01 16:55:00+00:00,628.0
2023-01-01 16:55:50+00:00,628.0
2023-01-01 16:56:40+00:00,628.0
2023-01-01 16:57:30+00:00,628.0
2023-01-01 16:58:20+00:00,628.0
2023-01-01 16:59:10+00:00,628.0
2023-01-01 17:00:00+00:00,628.0
2023-01-01 17:00:50+00:00,628.0
2023-01-01 17:01:40+00:00,628.0
2023-01-01 17:02:30+00:00,628.0
2023-01-01 17:03:20+00:00,628.0
2023-01-01 17:04:10+00:00,628.0
2023-01-01 17:05:00+00:00,628.0
2023-01-01 17:05:50+00:00,628.0
2023-01-01 17:06:40+00:00,628.0
2023-01-01 17:07:30+00:00,628.0
2023-01-01 17:08:20+00:00,628.0
2023-01-01 17:09:10+00:00,628.0
2023-01-01 17:10:00+00:00,628.0
2023-01-01 17:10:50+00:00,628.0
2023-01-01 17:11:40+00:00,628.0
2023-01-01 17:12:30+00:00,628.0
2023-01-01 17:13:20+00:00,628.0
2023-01-01 17:14:10+00:00,628.0
2023-01-01 17:15:00+00:00,628.0
2023-01-01 17:15:50+00:00,628.0
2023-01-01 17:16:40+00:00,628.0
2023-01-01 17:17:30+00:00,628.0
2023-01-01 17:18:20+00:00,628.0
2023-01-01 17:19:10+00:00,627.0
2023-01-01 17:20:00+00:00,628.0
2023-01-01 17:20:50+00:00,628.0
2023-01-01 17:21:40+00:00,627.0
2023-01-01 17:22:30+00:00,628.0
2023-01-01 17:23:20+00:00,627.0
2023-01-01 17:24:10+00:00,628.0
2023-01-01 17:25:00+00:00,627.0
2023-01-01 17:25:50+00:00,628.0
2023-01-01 17:26:40+00:00,627.0
2023-01-01 17:27:30+00:00,628.0
2023-01-01 17:28:20+00:00,627.0
2023-01-01 17:29:10+00:00,627.0
2023-01-01 17:30:00+00:00,627.0
2023-01-01 17:30:50+00:00,627.0
2023-01-01 17:31:40+00:00,627.0
2023-01-01 17:32:30+00:00,627.0
2023-01-01 17:33:20+00:00,627.0
2023-01-01 17:34:10+00:00,627.0
2023-01-01 17:35:00+00:00,627.0
2023-01-01 17:35:50+00:00,627.0
2023-01-01 17:36:40+00:00,627.0
2023-01-01 17:37:30+00:00,627.0
2023-01-01 17:38:20+00:00,627.0
2023-01-01 17:39:10+00:00,627.0
2023-01-01 17:40:00+00:00,627.0
2023-01-01 17:40:50+00:00,627.0
2023-01-01 17:41:40+00:00,627.0
2023-01-01 17:42:30+00:00,627.0
2023-01-01 17:43:20+00:00,627.0
2023-01-01 17:44:10+00:00,627.0
2023-01-01 17:45:00+00:00,627.0
2023-01-01 17:45:50+00:00,627.0
2023-01-01 17:46:40+00:00,627.0
2023-01-01 17:47:30+00:00,627.0
2023-01-01 17:48:20+00:00,627.0
2023-01-01 17:49:10+00:00,627.0
2023-01-01 17:50:00+00:00,627.0
2023-01-01 17:50:50+00:00,627.0
2023-01-01 17:51:40+00:00,627.0
2023-01-01 17:52:30+00:00,627.0
2023-01-01 17:53:20+00:00,627.0
2023-01-01 17:54:10+00:00,627.0
2023-01-01 17:55:00+00:00,627.0
2023-01-01 17:55:50+00:00,627.0
2023-01-01 17:56:40+00:00,627.0
2023-01-01 17:57:30+00:00,627.0
2023-01-01 17:58:20+00:00,627.0
2023-01-01 17:59:10+00:00,627.0
2023-01-01 18:00:00+00:00,627.0
2023-01-01 18:00:50+00:00,627.0
2023-01-01 18:01:40+00:00,627.0
2023-01-01 18:02:30+00:00,627.0
2023-01-01 18:03:20+00:00,627.0
2023-01-01 18:04:10+00:00,627.0
2023-01-01 18:05:00+00:00,627.0
2023-01-01 18:05:50+00:00,627.0
2023-01-01 18:06:40+00:00,627.0
2023-01-01 18:07:30+00:00,627.0
2023-01-01 18:08:20+00:00,627.0
2023-01-01 18:09:10+00:00,627.0
2023-01-01 18:10:00+00:00,627.0
2023-01-01 18:10:50+00:00,627.0
2023-01-01 18:11:40+00:00,627.0
2023-01-01 18:12:30+00:00,627.0
2023-01-01 18:13:20+00:00,627.0
2023-01-01 18:14:10+00:00,627.0
2023-01-01 18:15:00+00:00,627.0
2023-01-01 18:15:50+00:00,627.0
2023-01-01 18:16:40+00:00,627.0
2023-01-01 18:17:30+00:00,627.0
2023-01-01 18:18:20+00:00,627.0
2023-01-01 18:19:10+00:00,627.0
2023-01-01 18:20:00+00:00,627.0
2023-01-01 18:20:50+00:00,627.0
2023-01-01 18:21:40+00:00,627.0
2023-01-01 18:22:30+00:00,627.0
2023-01-01 18:23:20+00:00,627.0
2023-01-01 18:24:10+00:00,627.0
2023-01-01 18:25:00+00:00,627.0
2023-01-01 18:25:50+00:00,627.0
2023-01-01 18:26:40+00:00,627.0
2023-01-01 18:27:30+00:00,627.0
2023-01-01 18:28:20+00:00,627.0
2023-01-01 18:29:10+00:00,627.0
2023-01-01 18:30:00+00:00,627.0
2023-01-01 18:30:50+00:00,627.0
2023-01-01 18:31:40+00:00,627.0
2023-01-01 18:32:30+00:00,627.0
2023-01-01 18:33:20+00:00,627.0
2023-01-01 18:34:10+00:00,627.0
2023-01-01 18:35:00+00:00,627.0
2023-01-01 18:35:50+00:00,627.0
2023-01-01 18:36:40+00:00,627.0
2023-01-01 18:37:30+00:00,627.0
2023-01-01 18:38:20+00:00,627.0
2023-01-01 18:39:10+00:00,627.0
2023-01-01 18:40:00+00:00,627.0
2023-01-01 18:40:50+00:00,627.0
2023-01-01 18:41:40+00:00,627.0
2023-01-01 18:42:30+00:00,627.0
2023-01-01 18:43:20+00:00,627.0
2023-01-01 18:44:10+00:00,627.0
2023-01-01 18:45:00+00:00,627.0
2023-01-01 18:45:50+00:00,627.0
2023-01-01 18:46:40+00:00,627.0
2023-01-01 18:47:30+00:00,627.0
2023-01-01 18:48:20+00:00,627.0
2023-01-01 18:49:10+00:00,627.0
2023-01-01 18:50:00+00:00,627.0
2023-01-01 18:50:50+00:00,627.0
2023-01-01 18:51:40+00:00,627.0
2023-01-01 18:52:30+00:00,627.0
2023-01-01 18:53:20+00:00,627.0
2023-01-01 18:54:10+00:00,627.0
2023-01-01 18:55:00+00:00,627.0
2023-01-01 18:55:50+00:00,627.0
2023-01-01 18:56:40+00:00,627.0
2023-01-01 18:57:30+00:00,627.0
2023-01-01 18:58:20+00:00,627.0
2023-01-01 18:59:10+00:00,627.0
2023-01-01 19:00:00+00:00,627.0
2023-01-01 19:00:50+00:00,627.0
2023-01-01 19:01:40+00:00,627.0
2023-01-01 19:02:30+00:00,627.0
2023-01-01 19:03:20+00:00,627.0
2023-01-01 19:04:10+00:00,627.0
2023-01-01 19:05:00+00:00,627.0
2023-01-01 19:05:50+00:00,627.0
2023-01-01 19:06:40+00:00,627.0
2023-01-01 19:07:30+00:00,627.0
2023-01-01 19:08:20+00:00,627.0
2023-01-01 19:09:10+00:00,627.0
2023-01-01 19:10:00+00:00,627.0
2023-01-01 19:10:50+00:00,627.0
2023-01-01 19:11:40+00:00,627.0
2023-01-01 19:12:30+00:00,627.0
2023-01-01 19:13:20+00:00,627.0
2023-01-01 19:14:10+00:00,627.0
2023-01-01 19:15:00+00:00,627.0
2023-01-01 19:15:50+00:00,627.0
2023-01-01 19:16:40+00:00,627.0
2023-01-01 19:17:30+00:00,627.0
2023-01-01 19:18:20+00:00,627.0
2023-01-01 19:19:10+00:00,627.0
2023-01-01 19:20:00+00:00,627.0
2023-01-01 19:20:50+00:00,627.0
2023-01-01 19:21:40+00:00,627.0
2023-01-01 19:22:30+00:00,627.0
2023-01-01 19:23:20+00:00,627.0
2023-01-01 19:24:10+00:00,627.0
2023-01-01 19:25:00+00:00,627.0
2023-01-01 19:25:50+00:00,627.0
2023-01-01 19:26:40+00:00,627.0
2023-01-01 19:27:30+00:00,627.0
2023-01-01 19:28:20+00:00,627.0
2023-01-01 19:29:10+00:00,627.0
2023-01-01 19:30:00+00:00,627.0
2023-01-01 19:30:50+00:00,627.0
2023-01-01 19:31:40+00:00,627.0
2023-01-01 19:32:30+00:00,627.0
2023-01-01 19:33:20+00:00,627.0
2023-01-01 19:34:10+00:00,627.0
2023-01-01 19:35:00+00:00,627.0
2023-01-01 19:35:50+00:00,627.0
2023-01-01 19:36:40+00:00,627.0
2023-01-01 19:37:30+00:00,627.0
2023-01-01 19:38:20+00:00,627.0
2023-01-01 19:39:10+00:00,627.0
2023-01-01 19:40:00+00:00,627.0
2023-01-01 19:40:50+00:00,627.0
2023-01-01 19:41:40+00:00,627.0
2023-01-01 19:42:30+00:00,627.0
2023-01-01 19:43:20+00:00,627.0
2023-01-01 19:44:10+00:00,627.0
2023-01-01 19:45:00+00:00,627.0
2023-01-01 19:45:50+00:00,627.0
2023-01-01 19:46:40+00:00,627.0
2023-01-01 19:47:30+00:00,627.0
2023-01-01 19:48:20+00:00,627.0
2023-01-01 19:49:10+00:00,627.0
2023-01-01 19:50:00+00:00,627.0
2023-01-01 19:50:50+00:00,627.0
2023-01-01 19:51:40+00:00,627.0
2023-01-01 19:52:30+00:00,627.0
2023-01-01 19:53:20+00:00,627.0
2023-01-01 19:54:10+00:00,627.0
2023-01-01 19:55:00+00:00,627.0
2023-01-01 19:55:50+00:00,627.0
2023-01-01 19:56:40+00:00,627.0
2023-01-01 19:57:30+00:00,627.0
2023-01-01 19:58:20+00:00,627.0
2023-01-01 19:59:10+00:00,627.0
2023-01-01 20:00:00+00:00,627.0
2023-01-01 20:00:50+00:00,627.0
2023-01-01 20:01:40+00:00,627.0
2023-01-01 20:02:30+00:00,627.0
2023-01-01 20:03:20+00:00,627.0
2023-01-01 20:04:10+00:00,627.0
2023-01-01 20:05:00+00:00,627.0
2023-01-01 20:05:50+00:00,627.0
2023-01-01 20:06:40+00:00,627.0
2023-01-01 20:07:30+00:00,627.0
2023-01-01 20:08:20+00:00,627.0
2023-01-01 20:09:10+00:00,627.0
2023-01-01 20:10:00+00:00,627.0
2023-01-01 20:10:50+00:00,627.0
2023-01-01 20:11:40+00:00,627.0
2023-01-01 20:12:30+00:00,627.0
2023-01-01 20:13:20+00:00,627.0
2023-01-01 20:14:10+00:00,627.0
2023-01-01 20:15:00+00:00,627.0
2023-01-01 20:15:50+00:00,627.0
2023-01-01 20:16:40+00:00,627.0
2023-01-01 20:17:30+00:00,627.0
2023-01-01 20:18:20+00:00,627.0
2023-01-01 20:19:10+00:00,627.0
2023-01-01 20:20:00+00:00,627.0
2023-01-01 20:20:50+00:00,627.0
2023-01-01 20:21:40+00:00,627.0
2023-01-01 20:22:30+00:00,627.0
2023-01-01 20:23:20+00:00,627.0
2023-01-01 20:24:10+00:00,627.0
2023-01-01 20:25:00+00:00,627.0
2023-01-01 20:25:50+00:00,627.0
2023-01-01 20:26:40+00:00,627.0
2023-01-01 20:27:30+00:00,627.0
2023-01-01 20:28:20+00:00,627.0
2023-01-01 20:29:10+00:00,627.0
2023-01-01 20:30:00+00:00,627.0
2023-01-01 20:30:50+00:00,627.0
2023-01-01 20:31:40+00:00,627.0
2023-01-01 20:32:30+00:00,627.0
2023-01-01 20:33:20+00:00,627.0
2023-01-01 20:34:10+00:00,627.0
2023-01-01 20:35:00+00:00,627.0
2023-01-01 20:35:50+00:00,627.0
2023-01-01 20:36:40+00:00,627.0
2023-01-01 20:37:30+00:00,627.0
2023-01-01 20:38:20+00:00,627.0
2023-01-01 20:39:10+00:00,627.0
2023-01-01 20:40:00+00:00,627.0
2023-01-01 20:40:50+00:00,627.0
2023-01-01 20:41:40+00:00,627.0
2023-01-01 20:42:30+00:00,627.0
2023-01-01 20:43:20+00:00,627.0
2023-01-01 20:44:10+00:00,627.0
2023-01-01 20:45:00+00:00,627.0
2023-01-01 20:45:50+00:00,627.0
2023-01-01 20:46:40+00:00,627.0
2023-01-01 20:47:30+00:00,627.0
2023-01-01 20:48:20+00:00,627.0
2023-01-01 20:49:10+00:00,627.0
2023-01-01 20:50:00+00:00,627.0
2023-01-01 20:50:50+00:00,627.0
2023-01-01 20:51:40+00:00,627.0
2023-01-01 20:52:30+00:00,627.0
2023-01-01 20:53:20+00:00,627.0
2023-01-01 20:54:10+00:00,627.0
2023-01-01 20:55:00+00:00,627.0
2023-01-01 20:55:50+00:00,627.0
2023-01-01 20:56:40+00:00,627.0
2023-01-01 20:57:30+00:00,627.0
2023-01-01 20:58:20+00:00,627.0
2023-01-01 20:59:10+00:00,627.0
2023-01-01 21:00:00+00:00,627.0
2023-01-01 21:00:50+00:00,627.0
2023-01-01 21:01:40+00:00,627.0
2023-01-01 21:02:30+00:00,627.0
2023-01-01 21:03:20+00:00,627.0
2023-01-01 21:04:10+00:00,627.0
2023-01-01 21:05:00+00:00,627.0
2023-01-01 21:05:50+00:00,627.0
2023-01-01 21:06:40+00:00,627.0
2023-01-01 21:07:30+00:00,627.0
2023-01-01 21:08:20+00:00,627.0
2023-01-01 21:09:10+00:00,627.0
2023-01-01 21:10:00+00:00,627.0
2023-01-01 21:10:50+00:00,627.0
2023-01-01 21:11:40+00:00,627.0
2023-01-01 21:12:30+00:00,627.0
2023-01-01 21:13:20+00:00,627.0
2023-01-01 21:14:10+00:00,627.0
2023-01-01 21:15:00+00:00,627.0
2023-01-01 21:15:50+00:00,627.0
2023-01-01 21:16:40+00:00,627.0
2023-01-01 21:17:30+00:00,627.0
2023-01-01 21:18:20+00:00,627.0
2023-01-01 21:19:10+00:00,627.0
2023-01-01 21:20:00+00:00,627.0
2023-01-01 21:20:50+00:00,627.0
2023-01-01 21:21:40+00:00,627.0
2023-01-01 21:22:30+00:00,627.0
2023-01-01 21:23:20+00:00,627.0
2023-01-01 21:24:10+00:00,627.0
2023-01-01 21:25:00+00:00,627.0
2023-01-01 21:25:50+00:00,627.0
2023-01-01 21:26:40+00:00,627.0
2023-01-01 21:27:30+00:00,627.0
2023-01-01 21:28:20+00:00,627.0
2023-01-01 21:29:10+00:00,627.0
2023-01-01 21:30:00+00:00,627.0
2023-01-01 21:30:50+00:00,627.0
2023-01-01 21:31:40+00:00,627.0
2023-01-01 21:32:30+00:00,627.0
2023-01-01 21:33:20+00:00,627.0
2023-01-01 21:34:10+00:00,627.0
2023-01-01 21:35:00+00:00,627.0
2023-01-01 21:35:50+00:00,627.0
2023-01-01 21:36:40+00:00,627.0
2023-01-01 21:37:30+00:00,627.0
2023-01-01 21:38:20+00:00,627.0
2023-01-01 21:39:10+00:00,627.0
2023-01-01 21:40:00+00:00,627.0
2023-01-01 21:40:50+00:00,627.0
2023-01-01 21:41:40+00:00,627.0
2023-01-01 21:42:30+00:00,627.0
2023-01-01 21:43:20+00:00,627.0
2023-01-01 21:44:10+00:00,627.0
2023-01-01 21:45:00+00:00,627.0
2023-01-01 21:45:50+00:00,627.0
2023-01-01 21:46:40+00:00,627.0
2023-01-01 21:47:30+00:00,627.0
2023-01-01 21:48:20+00:00,627.0
2023-01-01 21:49:10+00:00,627.0
2023-01-01 21:50:00+00:00,627.0
2023-01-01 21:50:50+00:00,627.0
2023-01-01 21:51:40+00:00,627.0
2023-01-01 21:52:30+00:00,627.0
2023-01-01 21:53:20+00:00,627.0
2023-01-01 21:54:10+00:00,627.0
2023-01-01 21:55:00+00:00,627.0
2023-01-01 21:55:50+00:00,627.0
2023-01-01 21:56:40+00:00,627.0
2023-01-01 21:57:30+00:00,627.0
2023-01-01 21:58:20+00:00,627.0
2023-01-01 21:59:10+00:00,627.0
2023-01-01 22:00:00+00:00,627.0
2023-01-01 22:00:50+00:00,627.0
2023-01-01 22:01:40+00:00,627.0
2023-01-01 22:02:30+00:00,627.0
2023-01-01 22:03:20+00:00,627.0
2023-01-01 22:04:10+00:00,627.0
2023-01-01 22:05:00+00:00,627.0
2023-01-01 22:05:50+00:00,627.0
2023-01-01 22:06:40+00:00,627.0
2023-01-01 22:07:30+00:00,627.0
2023-01-01 22:08:20+00:00,627.0
2023-01-01 22:09:10+00:00,627.0
2023-01-01 22:10:00+00:00,627.0
2023-01-01 22:10:50+00:00,627.0
2023-01-01 22:11:40+00:00,627.0
2023-01-01 22:12:30+00:00,627.0
2023-01-01 22:13:20+00:00,627.0
2023-01-01 22:14:10+00:00,627.0
2023-01-01 22:15:00+00:00,627.0
2023-01-01 22:15:50+00:00,627.0
2023-01-01 22:16:40+00:00,627.0
2023-01-01 22:17:30+00:00,627.0
2023-01-01 22:18:20+00:00,627.0
2023-01-01 22:19:10+00:00,627.0
2023-01-01 22:20:00+00:00,627.0
2023-01-01 22:20:50+00:00,627.0
2023-01-01 22:21:40+00:00,627.0
2023-01-01 22:22:30+00:00,627.0
2023-01-01 22:23:20+00:00,627.0
2023-01-01 22:24:10+00:00,627.0
2023-01-01 22:25:00+00:00,627.0
2023-01-01 22:25:50+00:00,627.0
2023-01-01 22:26:40+00:00,627.0
2023-01-01 22:27:30+00:00,627.0
2023-01-01 22:28:20+00:00,627.0
2023-01-01 22:29:10+00:00,627.0
2023-01-01 22:30:00+00:00,627.0
2023-01-01 22:30:50+00:00,627.0
2023-01-01 22:31:40+00:00,627.0
2023-01-01 22:32:30+00:00,627.0
2023-01-01 22:33:20+00:00,627.0
2023-01-01 22:34:10+00:00,627.0
2023-01-01 22:35:00+00:00,627.0
2023-01-01 22:35:50+00:00,627.0
2023-01-01 22:36:40+00:00,627.0
2023-01-01 22:37:30+00:00,627.0
2023-01-01 22:38:20+00:00,627.0
2023-01-01 22:39:10+00:00,627.0
2023-01-01 22:40:00+00:00,627.0
2023-01-01 22:40:50+00:00,627.0
2023-01-01 22:41:40+00:00,627.0
2023-01-01 22:42:30+00:00,627.0
2023-01-01 22:43:20+00:00,627.0
2023-01-01 22:44:10+00:00,627.0
2023-01-01 22:45:00+00:00,627.0
2023-01-01 22:45:50+00:00,627.0
2023-01-01 22:46:40+00:00,627.0
2023-01-01 22:47:30+00:00,627.0
2023-01-01 22:48:20+00:00,627.0
2023-01-01 22:49:10+00:00,627.0
2023-01-01 22:50:00+00:00,627.0
2023-01-01 22:50:50+00:00,627.0
2023-01-01 22:51:40+00:00,627.0
2023-01-01 22:52:30+00:00,627.0
2023-01-01 22:53:20+00:00,627.0
2023-01-01 22:54:10+00:00,627.0
2023-01-01 22:55:00+00:00,627.0
2023-01-01 22:55:50+00:00,627.0
2023-01-01 22:56:40+00:00,627.0
2023-01-01 22:57:30+00:00,627.0
2023-01-01 22:58:20+00:00,627.0
2023-01-01 22:59:10+00:00,627.0
2023-01-01 23:00:00+00:00,627.0
2023-01-01 23:00:50+00:00,627.0
2023-01-01 23:01:40+00:00,627.0
2023-01-01 23:02:30+00:00,627.0
2023-01-01 23:03:20+00:00,627.0
2023-01-01 23:04:10+00:00,627.0
2023-01-01 23:05:00+00:00,627.0
2023-01-01 23:05:50+00:00,627.0
2023-01-01 23:06:40+00:00,627.0
2023-01-01 23:07:30+00:00,627.0
2023-01-01 23:08:20+00:00,627.0
2023-01-01 23:09:10+00:00,627.0
2023-01-01 23:10:00+00:00,627.0
2023-01-01 23:10:50+00:00,627.0
2023-01-01 23:11:40+00:00,627.0
2023-01-01 23:12:30+00:00,627.0
2023-01-01 23:13:20+00:00,627.0
2023-01-01 23:14:10+00:00,627.0
2023-01-01 23:15:00+00:00,627.0
2023-01-01 23:15:50+00:00,627.0
2023-01-01 23:16:40+00:00,627.0
2023-01-01 23:17:30+00:00,627.0
2023-01-01 23:18:20+00:00,627.0
2023-01-01 23:19:10+00:00,627.0
2023-01-01 23:20:00+00:00,627.0
2023-01-01 23:20:50+00:00,627.0
2023-01-01 23:21:40+00:00,627.0
2023-01-01 23:22:30+00:00,627.0
2023-01-01 23:23:20+00:00,627.0
2023-01-01 23:24:10+00:00,627.0
2023-01-01 23:25:00+00:00,627.0
2023-01-01 23:25:50+00:00,627.0
2023-01-01 23:26:40+00:00,627.0
2023-01-01 23:27:30+00:00,627.0
2023-01-01 23:28:20+00:00,627.0
2023-01-01 23:29:10+00:00,627.0
2023-01-01 23:30:00+00:00,627.0
2023-01-01 23:30:50+00:00,627.0
2023-01-01 23:31:40+00:00,627.0
2023-01-01 23:32:30+00:00,627.0
2023-01-01 23:33:20+00:00,627.0
2023-01-01 23:34:10+00:00,627.0
2023-01-01 23:35:00+00:00,627.0
2023-01-01 23:35:50+00:00,627.0
2023-01-01 23:36:40+00:00,627.0
2023-01-01 23:37:30+00:00,627.0
2023-01-01 23:38:20+00:00,627.0
2023-01-01 23:39:10+00:00,627.0
2023-01-01 23:40:00+00:00,627.0
2023-01-01 23:40:50+00:00,627.0
2023-01-01 23:41:40+00:00,627.0
2023-01-01 23:42:30+00:00,627.0
2023-01-01 23:43:20+00:00,627.0
2023-01-01 23:44:10+00:00,627.0
2023-01-01 23:45:00+00:00,627.0
2023-01-01 23:45:50+00:00,627.0
2023-01-01 23:46:40+00:00,627.0
2023-01-01 23:47:30+00:00,627.0
2023-01-01 23:48:20+00:00,627.0
2023-01-01 23:49:10+00:00,627.0
2023-01-01 23:50:00+00:00,627.0
2023-01-01 23:50:50+00:00,627.0
2023-01-01 23:51:40+00:00,627.0
2023-01-01 23:52:30+00:00,627.0
2023-01-01 23:53:20+00:00,627.0
2023-01-01 23:54:10+00:00,627.0
2023-01-01 23:55:00+00:00,627.0
2023-01-01 23:55:50+00:00,627.0
2023-01-01 23:56:40+00:00,627.0
2023-01-01 23:57:30+00:00,627.0
2023-01-01 23:58:20+00:00,627.0
2023-01-01 23:59:10+00:00,627.0
2023-01-02 00:00:00+00:00,627.0
2023-01-02 00:00:50+00:00,627.0
2023-01-02 00:01:40+00:00,627.0
2023-01-02 00:02:30+00:00,627.0
2023-01-02 00:03:20+00:00,627.0
2023-01-02 00:04:10+00:00,627.0
2023-01-02 00:05:00+00:00,627.0
2023-01-02 00:05:50+00:00,627.0
2023-01-02 00:06:40+00:00,627.0
2023-01-02 00:07:30+00:00,627.0
2023-01-02 00:08:20+00:00,627.0
2023-01-02 00:09:10+00:00,627.0
2023-01-02 00:10:00+00:00,627.0
2023-01-02 00:10:50+00:00,627.0
2023-01-02 00:11:40+00:00,627.0
2023-01-02 00:12:30+00:00,627.0
2023-01-02 00:13:20+00:00,627.0
2023-01-02 00:14:10+00:00,627.0
2023-01-02 00:15:00+00:00,627.0
2023-01-02 00:15:50+00:00,627.0
2023-01-02 00:16:40+00:00,627.0
2023-01-02 00:17:30+00:00,627.0
2023-01-02 00:18:20+00:00,627.0
2023-01-02 00:19:10+00:00,627.0
2023-01-02 00:20:00+00:00,594.0
2023-01-02 00:20:50+00:00,594.0
2023-01-02 00:21:40+00:00,595.0
2023-01-02 00:22:30+00:00,595.0
2023-01-02 00:23:20+00:00,595.0
2023-01-02 00:24:10+00:00,595.0
2023-01-02 00:25:00+00:00,620.0
2023-01-02 00:25:50+00:00,623.0
2023-01-02 00:26:40+00:00,623.0
2023-01-02 00:27:30+00:00,624.0
2023-01-02 00:28:20+00:00,624.0
2023-01-02 00:29:10+00:00,625.0
2023-01-02 00:30:00+00:00,625.0
2023-01-02 00:30:50+00:00,625.0
2023-01-02 00:31:40+00:00,625.0
2023-01-02 00:32:30+00:00,625.0
2023-01-02 00:33:20+00:00,625.0
2023-01-02 00:34:10+00:00,626.0
2023-01-02 00:35:00+00:00,626.0
2023-01-02 00:35:50+00:00,626.0
2023-01-02 00:36:40+00:00,626.0
2023-01-02 00:37:30+00:00,626.0
2023-01-02 00:38:20+00:00,626.0
2023-01-02 00:39:10+00:00,626.0
2023-01-02 00:40:00+00:00,626.0
2023-01-02 00:40:50+00:00,626.0
2023-01-02 00:41:40+00:00,626.0
2023-01-02 00:42:30+00:00,626.0
2023-01-02 00:43:20+00:00,626.0
2023-01-02 00:44:10+00:00,626.0
2023-01-02 00:45:00+00:00,626.0
2023-01-02 00:45:50+00:00,626.0
2023-01-02 00:46:40+00:00,626.0
2023-01-02 00:47:30+00:00,626.0
2023-01-02 00:48:20+00:00,626.0
2023-01-02 00:49:10+00:00,626.0
2023-01-02 00:50:00+00:00,626.0
2023-01-02 00:50:50+00:00,626.0
2023-01-02 00:51:40+00:00,626.0
2023-01-02 00:52:30+00:00,626.0
2023-01-02 00:53:20+00:00,626.0
2023-01-02 00:54:10+00:00,626.0
2023-01-02 00:55:00+00:00,626.0
2023-01-02 00:55:50+00:00,626.0
2023-01-02 00:56:40+00:00,626.0
2023-01-02 00:57:30+00:00,626.0
2023-01-02 00:58:20+00:00,626.0
2023-01-02 00:59:10+00:00,626.0
2023-01-02 01:00:00+00:00,626.0
2023-01-02 01:00:50+00:00,626.0
2023-01-02 01:01:40+00:00,626.0
2023-01-02 01:02:30+00:00,626.0
2023-01-02 01:03:20+00:00,626.0
2023-01-02 01:04:10+00:00,626.0
2023-01-02 01:05:00+00:00,626.0
2023-01-02 01:05:50+00:00,626.0
2023-01-02 01:06:40+00:00,626.0
2023-01-02 01:07:30+00:00,626.0
2023-01-02 01:08:20+00:00,626.0
2023-01-02 01:09:10+00:00,626.0
2023-01-02 01:10:00+00:00,626.0
2023-01-02 01:10:50+00:00,626.0
2023-01-02 01:11:40+00:00,626.0
2023-01-02 01:12:30+00:00,626.0
2023-01-02 01:13:20+00:00,626.0
2023-01-02 01:14:10+00:00,626.0
2023-01-02 01:15:00+00:00,626.0
2023-01-02 01:15:50+00:00,626.0
2023-01-02 01:16:40+00:00,626.0
2023-01-02 01:17:30+00:00,626.0
2023-01-02 01:18:20+00:00,626.0
2023-01-02 01:19:10+00:00,626.0
2023-01-02 01:20:00+00:00,626.0
2023-01-02 01:20:50+00:00,627.0
2023-01-02 01:21:40+00:00,627.0
2023-01-02 01:22:30+00:00,626.0
2023-01-02 01:23:20+00:00,626.0
2023-01-02 01:24:10+00:00,626.0
2023-01-02 01:25:00+00:00,627.0
2023-01-02 01:25:50+00:00,627.0
2023-01-02 01:26:40+00:00,627.0
2023-01-02 01:27:30+00:00,626.0
2023-01-02 01:28:20+00:00,627.0
2023-01-02 01:29:10+00:00,627.0
2023-01-02 01:30:00+00:00,626.0
2023-01-02 01:30:50+00:00,627.0
2023-01-02 01:31:40+00:00,626.0
2023-01-02 01:32:30+00:00,626.0
2023-01-02 01:33:20+00:00,626.0
2023-01-02 01:34:10+00:00,626.0
2023-01-02 01:35:00+00:00,626.0
2023-01-02 01:35:50+00:00,626.0
2023-01-02 01:36:40+00:00,626.0
2023-01-02 01:37:30+00:00,626.0
2023-01-02 01:38:20+00:00,626.0
2023-01-02 01:39:10+00:00,626.0
2023-01-02 01:40:00+00:00,626.0
2023-01-02 01:40:50+00:00,626.0
2023-01-02 01:41:40+00:00,626.0
2023-01-02 01:42:30+00:00,626.0
2023-01-02 01:43:20+00:00,626.0
2023-01-02 01:44:10+00:00,626.0
2023-01-02 01:45:00+00:00,626.0
2023-01-02 01:45:50+00:00,626.0
2023-01-02 01:46:40+00:00,626.0
2023-01-02 01:47:30+00:00,626.0
2023-01-02 01:48:20+00:00,626.0
2023-01-02 01:49:10+00:00,626.0
2023-01-02 01:50:00+00:00,626.0
2023-01-02 01:50:50+00:00,626.0
2023-01-02 01:51:40+00:00,626.0
2023-01-02 01:52:30+00:00,626.0
2023-01-02 01:53:20+00:00,626.0
2023-01-02 01:54:10+00:00,626.0
2023-01-02 01:55:00+00:00,626.0
2023-01-02 01:55:50+00:00,627.0
2023-01-02 01:56:40+00:00,627.0
2023-01-02 01:57:30+00:00,626.0
2023-01-02 01:58:20+00:00,626.0
2023-01-02 01:59:10+00:00,626.0
2023-01-02 02:00:00+00:00,627.0
2023-01-02 02:00:50+00:00,627.0
2023-01-02 02:01:40+00:00,627.0
2023-01-02 02:02:30+00:00,627.0
2023-01-02 02:03:20+00:00,627.0
2023-01-02 02:04:10+00:00,627.0
2023-01-02 02:05:00+00:00,627.0
2023-01-02 02:05:50+00:00,627.0
2023-01-02 02:06:40+00:00,627.0
2023-01-02 02:07:30+00:00,627.0
2023-01-02 02:08:20+00:00,627.0
2023-01-02 02:09:10+00:00,627.0
2023-01-02 02:10:00+00:00,627.0
2023-01-02 02:10:50+00:00,627.0
2023-01-02 02:11:40+00:00,627.0
2023-01-02 02:12:30+00:00,627.0
2023-01-02 02:13:20+00:00,627.0
2023-01-02 02:14:10+00:00,627.0
2023-01-02 02:15:00+00:00,627.0
2023-01-02 02:15:50+00:00,627.0
2023-01-02 02:16:40+00:00,627.0
2023-01-02 02:17:30+00:00,627.0
2023-01-02 02:18:20+00:00,627.0
2023-01-02 02:19:10+00:00,627.0
2023-01-02 02:20:00+00:00,627.0
2023-01-02 02:20:50+00:00,627.0
2023-01-02 02:21:40+00:00,627.0
2023-01-02 02:22:30+00:00,627.0
2023-01-02 02:23:20+00:00,627.0
2023-01-02 02:24:10+00:00,627.0
2023-01-02 02:25:00+00:00,627.0
2023-01-02 02:25:50+00:00,627.0
2023-01-02 02:26:40+00:00,627.0
2023-01-02 02:27:30+00:00,627.0
2023-01-02 02:28:20+00:00,627.0
2023-01-02 02:29:10+00:00,627.0
2023-01-02 02:30:00+00:00,627.0
2023-01-02 02:30:50+00:00,627.0
2023-01-02 02:31:40+00:00,627.0
2023-01-02 02:32:30+00:00,627.0
2023-01-02 02:33:20+00:00,627.0
2023-01-02 02:34:10+00:00,627.0
2023-01-02 02:35:00+00:00,627.0
2023-01-02 02:35:50+00:00,627.0
2023-01-02 02:36:40+00:00,627.0
2023-01-02 02:37:30+00:00,627.0
2023-01-02 02:38:20+00:00,627.0
2023-01-02 02:39:10+00:00,627.0
2023-01-02 02:40:00+00:00,627.0
2023-01-02 02:40:50+00:00,627.0
2023-01-02 02:41:40+00:00,627.0
2023-01-02 02:42:30+00:00,627.0
2023-01-02 02:43:20+00:00,627.0
2023-01-02 02:44:10+00:00,627.0
2023-01-02 02:45:00+00:00,627.0
2023-01-02 02:45:50+00:00,627.0
2023-01-02 02:46:40+00:00,627.0
2023-01-02 02:47:30+00:00,627.0
2023-01-02 02:48:20+00:00,627.0
2023-01-02 02:49:10+00:00,627.0
2023-01-02 02:50:00+00:00,627.0
2023-01-02 02:50:50+00:00,627.0
2023-01-02 02:51:40+00:00,627.0
2023-01-02 02:52:30+00:00,627.0
2023-01-02 02:53:20+00:00,627.0
2023-01-02 02:54:10+00:00,627.0
2023-01-02 02:55:00+00:00,627.0
2023-01-02 02:55:50+00:00,627.0
2023-01-02 02:56:40+00:00,627.0
2023-01-02 02:57:30+00:00,627.0
2023-01-02 02:58:20+00:00,627.0
2023-01-02 02:59:10+00:00,627.0
2023-01-02 03:00:00+00:00,627.0
2023-01-02 03:00:50+00:00,627.0
2023-01-02 03:01:40+00:00,626.0
2023-01-02 03:02:30+00:00,627.0
2023-01-02 03:03:20+00:00,627.0
2023-01-02 03:04:10+00:00,627.0
2023-01-02 03:05:00+00:00,626.0
2023-01-02 03:05:50+00:00,626.0
2023-01-02 03:06:40+00:00,626.0
2023-01-02 03:07:30+00:00,626.0
2023-01-02 03:08:20+00:00,626.0
2023-01-02 03:09:10+00:00,626.0
2023-01-02 03:10:00+00:00,626.0
2023-01-02 03:10:50+00:00,626.0
2023-01-02 03:11:40+00:00,626.0
2023-01-02 03:12:30+00:00,626.0
2023-01-02 03:13:20+00:00,626.0
2023-01-02 03:14:10+00:00,626.0
2023-01-02 03:15:00+00:00,626.0
2023-01-02 03:15:50+00:00,626.0
2023-01-02 03:16:40+00:00,626.0
2023-01-02 03:17:30+00:00,626.0
2023-01-02 03:18:20+00:00,626.0
2023-01-02 03:19:10+00:00,626.0
2023-01-02 03:20:00+00:00,626.0
2023-01-02 03:20:50+00:00,626.0
2023-01-02 03:21:40+00:00,626.0
2023-01-02 03:22:30+00:00,626.0
2023-01-02 03:23:20+00:00,626.0
2023-01-02 03:24:10+00:00,626.0
2023-01-02 03:25:00+00:00,626.0
2023-01-02 03:25:50+00:00,626.0
2023-01-02 03:26:40+00:00,626.0
2023-01-02 03:27:30+00:00,626.0
2023-01-02 03:28:20+00:00,626.0
2023-01-02 03:29:10+00:00,626.0
2023-01-02 03:30:00+00:00,626.0
2023-01-02 03:30:50+00:00,626.0
2023-01-02 03:31:40+00:00,626.0
2023-01-02 03:32:30+00:00,626.0
2023-01-02 03:33:20+00:00,626.0
2023-01-02 03:34:10+00:00,626.0
2023-01-02 03:35:00+00:00,626.0
2023-01-02 03:35:50+00:00,626.0
2023-01-02 03:36:40+00:00,626.0
2023-01-02 03:37:30+00:00,626.0
2023-01-02 03:38:20+00:00,626.0
2023-01-02 03:39:10+00:00,605.0
2023-01-02 03:40:00+00:00,593.0
2023-01-02 03:40:50+00:00,594.0
2023-01-02 03:41:40+00:00,598.0
2023-01-02 03:42:30+00:00,595.0
2023-01-02 03:43:20+00:00,620.0
2023-01-02 03:44:10+00:00,622.0
2023-01-02 03:45:00+00:00,623.0
2023-01-02 03:45:50+00:00,597.0
2023-01-02 03:46:40+00:00,595.0
2023-01-02 03:47:30+00:00,599.0
2023-01-02 03:48:20+00:00,594.0
2023-01-02 03:49:10+00:00,594.0
2023-01-02 03:50:00+00:00,570.0
2023-01-02 03:50:50+00:00,593.0
2023-01-02 03:51:40+00:00,593.0
2023-01-02 03:52:30+00:00,595.0
2023-01-02 03:53:20+00:00,587.0
2023-01-02 03:54:10+00:00,592.0
2023-01-02 03:55:00+00:00,573.0
2023-01-02 03:55:50+00:00,568.0
2023-01-02 03:56:40+00:00,592.0
2023-01-02 03:57:30+00:00,592.0
2023-01-02 03:58:20+00:00,591.0
2023-01-02 03:59:10+00:00,618.0
2023-01-02 04:00:00+00:00,620.0
2023-01-02 04:00:50+00:00,620.0
2023-01-02 04:01:40+00:00,621.0
2023-01-02 04:02:30+00:00,621.0
2023-01-02 04:03:20+00:00,621.0
2023-01-02 04:04:10+00:00,622.0
2023-01-02 04:05:00+00:00,622.0
2023-01-02 04:05:50+00:00,622.0
2023-01-02 04:06:40+00:00,622.0
2023-01-02 04:07:30+00:00,622.0
2023-01-02 04:08:20+00:00,622.0
2023-01-02 04:09:10+00:00,622.0
2023-01-02 04:10:00+00:00,622.0
2023-01-02 04:10:50+00:00,622.0
2023-01-02 04:11:40+00:00,623.0
2023-01-02 04:12:30+00:00,623.0
2023-01-02 04:13:20+00:00,623.0
2023-01-02 04:14:10+00:00,623.0
2023-01-02 04:15:00+00:00,623.0
2023-01-02 04:15:50+00:00,623.0
2023-01-02 04:16:40+00:00,623.0
2023-01-02 04:17:30+00:00,623.0
2023-01-02 04:18:20+00:00,623.0
2023-01-02 04:19:10+00:00,623.0
2023-01-02 04:20:00+00:00,623.0
2023-01-02 04:20:50+00:00,623.0
2023-01-02 04:21:40+00:00,623.0
2023-01-02 04:22:30+00:00,623.0
2023-01-02 04:23:20+00:00,623.0
2023-01-02 04:24:10+00:00,623.0
2023-01-02 04:25:00+00:00,623.0
2023-01-02 04:25:50+00:00,623.0
2023-01-02 04:26:40+00:00,623.0
2023-01-02 04:27:30+00:00,623.0
2023-01-02 04:28:20+00:00,623.0
2023-01-02 04:29:10+00:00,623.0
2023-01-02 04:30:00+00:00,623.0
2023-01-02 04:30:50+00:00,623.0
2023-01-02 04:31:40+00:00,624.0
2023-01-02 04:32:30+00:00,624.0
2023-01-02 04:33:20+00:00,624.0
2023-01-02 04:34:10+00:00,624.0
2023-01-02 04:35:00+00:00,624.0
2023-01-02 04:35:50+00:00,624.0
2023-01-02 04:36:40+00:00,624.0
2023-01-02 04:37:30+00:00,624.0
2023-01-02 04:38:20+00:00,624.0
2023-01-02 04:39:10+00:00,624.0
2023-01-02 04:40:00+00:00,624.0
2023-01-02 04:40:50+00:00,624.0
2023-01-02 04:41:40+00:00,624.0
2023-01-02 04:42:30+00:00,624.0
2023-01-02 04:43:20+00:00,624.0
2023-01-02 04:44:10+00:00,624.0
2023-01-02 04:45:00+00:00,624.0
2023-01-02 04:45:50+00:00,624.0
2023-01-02 04:46:40+00:00,624.0
2023-01-02 04:47:30+00:00,624.0
2023-01-02 04:48:20+00:00,624.0
2023-01-02 04:49:10+00:00,624.0
2023-01-02 04:50:00+00:00,624.0
2023-01-02 04:50:50+00:00,624.0
2023-01-02 04:51:40+00:00,624.0
2023-01-02 04:52:30+00:00,624.0
2023-01-02 04:53:20+00:00,624.0
2023-01-02 04:54:10+00:00,624.0
2023-01-02 04:55:00+00:00,624.0
2023-01-02 04:55:50+00:00,624.0
2023-01-02 04:56:40+00:00,624.0
2023-01-02 04:57:30+00:00,624.0
2023-01-02 04:58:20+00:00,624.0
2023-01-02 04:59:10+00:00,624.0
2023-01-02 05:00:00+00:00,624.0
2023-01-02 05:00:50+00:00,624.0
2023-01-02 05:01:40+00:00,624.0
2023-01-02 05:02:30+00:00,624.0
2023-01-02 05:03:20+00:00,624.0
2023-01-02 05:04:10+00:00,624.0
2023-01-02 05:05:00+00:00,624.0
2023-01-02 05:05:50+00:00,624.0
2023-01-02 05:06:40+00:00,624.0
2023-01-02 05:07:30+00:00,624.0
2023-01-02 05:08:20+00:00,624.0
2023-01-02 05:09:10+00:00,624.0
2023-01-02 05:10:00+00:00,624.0
2023-01-02 05:10:50+00:00,624.0
2023-01-02 05:11:40+00:00,624.0
2023-01-02 05:12:30+00:00,624.0
2023-01-02 05:13:20+00:00,624.0
2023-01-02 05:14:10+00:00,624.0
2023-01-02 05:15:00+00:00,624.0
2023-01-02 05:15:50+00:00,624.0
2023-01-02 05:16:40+00:00,624.0
2023-01-02 05:17:30+00:00,624.0
2023-01-02 05:18:20+00:00,624.0
2023-01-02 05:19:10+00:00,624.0
2023-01-02 05:20:00+00:00,624.0
2023-01-02 05:20:50+00:00,624.0
2023-01-02 05:21:40+00:00,624.0
2023-01-02 05:22:30+00:00,624.0
2023-01-02 05:23:20+00:00,624.0
2023-01-02 05:24:10+00:00,624.0
2023-01-02 05:25:00+00:00,624.0
2023-01-02 05:25:50+00:00,624.0
2023-01-02 05:26:40+00:00,624.0
2023-01-02 05:27:30+00:00,624.0
2023-01-02 05:28:20+00:00,624.0
2023-01-02 05:29:10+00:00,624.0
2023-01-02 05:30:00+00:00,624.0
2023-01-02 05:30:50+00:00,624.0
2023-01-02 05:31:40+00:00,624.0
2023-01-02 05:32:30+00:00,624.0
2023-01-02 05:33:20+00:00,624.0
2023-01-02 05:34:10+00:00,624.0
2023-01-02 05:35:00+00:00,624.0
2023-01-02 05:35:50+00:00,624.0
2023-01-02 05:36:40+00:00,624.0
2023-01-02 05:37:30+00:00,624.0
2023-01-02 05:38:20+00:00,624.0
2023-01-02 05:39:10+00:00,624.0
2023-01-02 05:40:00+00:00,624.0
2023-01-02 05:40:50+00:00,624.0
2023-01-02 05:41:40+00:00,624.0
2023-01-02 05:42:30+00:00,624.0
2023-01-02 05:43:20+00:00,624.0
2023-01-02 05:44:10+00:00,624.0
2023-01-02 05:45:00+00:00,624.0
2023-01-02 05:45:50+00:00,624.0
2023-01-02 05:46:40+00:00,624.0
2023-01-02 05:47:30+00:00,624.0
2023-01-02 05:48:20+00:00,624.0
2023-01-02 05:49:10+00:00,624.0
2023-01-02 05:50:00+00:00,624.0
2023-01-02 05:50:50+00:00,624.0
2023-01-02 05:51:40+00:00,624.0
2023-01-02 05:52:30+00:00,624.0
2023-01-02 05:53:20+00:00,624.0
2023-01-02 05:54:10+00:00,624.0
2023-01-02 05:55:00+00:00,624.0
2023-01-02 05:55:50+00:00,624.0
2023-01-02 05:56:40+00:00,624.0
2023-01-02 05:57:30+00:00,624.0
2023-01-02 05:58:20+00:00,624.0
2023-01-02 05:59:10+00:00,624.0
2023-01-02 06:00:00+00:00,625.0
2023-01-02 06:00:50+00:00,624.0
2023-01-02 06:01:40+00:00,625.0
2023-01-02 06:02:30+00:00,625.0
2023-01-02 06:03:20+00:00,624.0
2023-01-02 06:04:10+00:00,624.0
2023-01-02 06:05:00+00:00,625.0
2023-01-02 06:05:50+00:00,625.0
2023-01-02 06:06:40+00:00,625.0
2023-01-02 06:07:30+00:00,625.0
2023-01-02 06:08:20+00:00,625.0
2023-01-02 06:09:10+00:00,625.0
2023-01-02 06:10:00+00:00,625.0
2023-01-02 06:10:50+00:00,625.0
2023-01-02 06:11:40+00:00,625.0
2023-01-02 06:12:30+00:00,625.0
2023-01-02 06:13:20+00:00,625.0
2023-01-02 06:14:10+00:00,625.0
2023-01-02 06:15:00+00:00,625.0
2023-01-02 06:15:50+00:00,625.0
2023-01-02 06:16:40+00:00,625.0
2023-01-02 06:17:30+00:00,625.0
2023-01-02 06:18:20+00:00,625.0
2023-01-02 06:19:10+00:00,625.0
2023-01-02 06:20:00+00:00,625.0
2023-01-02 06:20:50+00:00,625.0
2023-01-02 06:21:40+00:00,625.0
2023-01-02 06:22:30+00:00,625.0
2023-01-02 06:23:20+00:00,625.0
2023-01-02 06:24:10+00:00,625.0
2023-01-02 06:25:00+00:00,625.0
2023-01-02 06:25:50+00:00,625.0
2023-01-02 06:26:40+00:00,625.0
2023-01-02 06:27:30+00:00,625.0
2023-01-02 06:28:20+00:00,625.0
2023-01-02 06:29:10+00:00,625.0
2023-01-02 06:30:00+00:00,625.0
2023-01-02 06:30:50+00:00,625.0
2023-01-02 06:31:40+00:00,625.0
2023-01-02 06:32:30+00:00,625.0
2023-01-02 06:33:20+00:00,625.0
2023-01-02 06:34:10+00:00,625.0
2023-01-02 06:35:00+00:00,625.0
2023-01-02 06:35:50+00:00,625.0
2023-01-02 06:36:40+00:00,625.0
2023-01-02 06:37:30+00:00,625.0
2023-01-02 06:38:20+00:00,625.0
2023-01-02 06:39:10+00:00,625.0
2023-01-02 06:40:00+00:00,625.0
2023-01-02 06:40:50+00:00,625.0
2023-01-02 06:41:40+00:00,625.0
2023-01-02 06:42:30+00:00,625.0
2023-01-02 06:43:20+00:00,625.0
2023-01-02 06:44:10+00:00,625.0
2023-01-02 06:45:00+00:00,625.0
2023-01-02 06:45:50+00:00,625.0
2023-01-02 06:46:40+00:00,625.0
2023-01-02 06:47:30+00:00,625.0
2023-01-02 06:48:20+00:00,625.0
2023-01-02 06:49:10+00:00,625.0
2023-01-02 06:50:00+00:00,625.0
2023-01-02 06:50:50+00:00,625.0
2023-01-02 06:51:40+00:00,625.0
2023-01-02 06:52:30+00:00,625.0
2023-01-02 06:53:20+00:00,625.0
2023-01-02 06:54:10+00:00,625.0
2023-01-02 06:55:00+00:00,625.0
2023-01-02 06:55:50+00:00,625.0
2023-01-02 06:56:40+00:00,625.0
2023-01-02 06:57:30+00:00,625.0
2023-01-02 06:58:20+00:00,625.0
2023-01-02 06:59:10+00:00,625.0
2023-01-02 07:00:00+00:00,625.0
2023-01-02 07:00:50+00:00,625.0
2023-01-02 07:01:40+00:00,625.0
2023-01-02 07:02:30+00:00,625.0
2023-01-02 07:03:20+00:00,625.0
2023-01-02 07:04:10+00:00,625.0
2023-01-02 07:05:00+00:00,625.0
2023-01-02 07:05:50+00:00,625.0
2023-01-02 07:06:40+00:00,625.0
2023-01-02 07:07:30+00:00,625.0
2023-01-02 07:08:20+00:00,625.0
2023-01-02 07:09:10+00:00,625.0
2023-01-02 07:10:00+00:00,625.0
2023-01-02 07:10:50+00:00,625.0
2023-01-02 07:11:40+00:00,625.0
2023-01-02 07:12:30+00:00,625.0
2023-01-02 07:13:20+00:00,625.0
2023-01-02 07:14:10+00:00,625.0
2023-01-02 07:15:00+00:00,625.0
2023-01-02 07:15:50+00:00,625.0
2023-01-02 07:16:40+00:00,625.0
2023-01-02 07:17:30+00:00,625.0
2023-01-02 07:18:20+00:00,625.0
2023-01-02 07:19:10+00:00,625.0
2023-01-02 07:20:00+00:00,625.0
2023-01-02 07:20:50+00:00,625.0
2023-01-02 07:21:40+00:00,625.0
2023-01-02 07:22:30+00:00,624.0
2023-01-02 07:23:20+00:00,624.0
2023-01-02 07:24:10+00:00,624.0
2023-01-02 07:25:00+00:00,624.0
2023-01-02 07:25:50+00:00,624.0
2023-01-02 07:26:40+00:00,624.0
2023-01-02 07:27:30+00:00,624.0
2023-01-02 07:28:20+00:00,624.0
2023-01-02 07:29:10+00:00,624.0
2023-01-02 07:30:00+00:00,624.0
2023-01-02 07:30:50+00:00,624.0
2023-01-02 07:31:40+00:00,624.0
2023-01-02 07:32:30+00:00,624.0
2023-01-02 07:33:20+00:00,624.0
2023-01-02 07:34:10+00:00,624.0
2023-01-02 07:35:00+00:00,624.0
2023-01-02 07:35:50+00:00,624.0
2023-01-02 07:36:40+00:00,624.0
2023-01-02 07:37:30+00:00,624.0
2023-01-02 07:38:20+00:00,624.0
2023-01-02 07:39:10+00:00,624.0
2023-01-02 07:40:00+00:00,624.0
2023-01-02 07:40:50+00:00,624.0
2023-01-02 07:41:40+00:00,624.0
2023-01-02 07:42:30+00:00,624.0
2023-01-02 07:43:20+00:00,624.0
2023-01-02 07:44:10+00:00,624.0
2023-01-02 07:45:00+00:00,624.0
2023-01-02 07:45:50+00:00,624.0
2023-01-02 07:46:40+00:00,624.0
2023-01-02 07:47:30+00:00,591.0
2023-01-02 07:48:20+00:00,617.0
2023-01-02 07:49:10+00:00,593.0
2023-01-02 07:50:00+00:00,594.0
2023-01-02 07:50:50+00:00,618.0
2023-01-02 07:51:40+00:00,576.0
2023-01-02 07:52:30+00:00,616.0
2023-01-02 07:53:20+00:00,616.0
2023-01-02 07:54:10+00:00,620.0
2023-01-02 07:55:00+00:00,621.0
2023-01-02 07:55:50+00:00,622.0
2023-01-02 07:56:40+00:00,598.0
2023-01-02 07:57:30+00:00,618.0
2023-01-02 07:58:20+00:00,619.0
2023-01-02 07:59:10+00:00,621.0
2023-01-02 08:00:00+00:00,622.0
2023-01-02 08:00:50+00:00,622.0
2023-01-02 08:01:40+00:00,622.0
2023-01-02 08:02:30+00:00,623.0
2023-01-02 08:03:20+00:00,623.0
2023-01-02 08:04:10+00:00,623.0
2023-01-02 08:05:00+00:00,623.0
2023-01-02 08:05:50+00:00,623.0
2023-01-02 08:06:40+00:00,623.0
2023-01-02 08:07:30+00:00,623.0
2023-01-02 08:08:20+00:00,623.0
2023-01-02 08:09:10+00:00,623.0
2023-01-02 08:10:00+00:00,623.0
2023-01-02 08:10:50+00:00,623.0
2023-01-02 08:11:40+00:00,623.0
2023-01-02 08:12:30+00:00,623.0
2023-01-02 08:13:20+00:00,623.0
2023-01-02 08:14:10+00:00,623.0
2023-01-02 08:15:00+00:00,623.0
2023-01-02 08:15:50+00:00,624.0
2023-01-02 08:16:40+00:00,624.0
2023-01-02 08:17:30+00:00,624.0
2023-01-02 08:18:20+00:00,624.0
2023-01-02 08:19:10+00:00,624.0
2023-01-02 08:20:00+00:00,624.0
2023-01-02 08:20:50+00:00,624.0
2023-01-02 08:21:40+00:00,624.0
2023-01-02 08:22:30+00:00,624.0
2023-01-02 08:23:20+00:00,624.0
2023-01-02 08:24:10+00:00,624.0
2023-01-02 08:25:00+00:00,624.0
2023-01-02 08:25:50+00:00,624.0
2023-01-02 08:26:40+00:00,624.0
2023-01-02 08:27:30+00:00,624.0
2023-01-02 08:28:20+00:00,624.0
2023-01-02 08:29:10+00:00,624.0
2023-01-02 08:30:00+00:00,624.0
2023-01-02 08:30:50+00:00,571.0
2023-01-02 08:31:40+00:00,584.0
2023-01-02 08:32:30+00:00,581.0
2023-01-02 08:33:20+00:00,580.0
2023-01-02 08:34:10+00:00,573.0
2023-01-02 08:35:00+00:00,590.0
2023-01-02 08:35:50+00:00,591.0
2023-01-02 08:36:40+00:00,587.0
2023-01-02 08:37:30+00:00,591.0
2023-01-02 08:38:20+00:00,585.0
2023-01-02 08:39:10+00:00,582.0
2023-01-02 08:40:00+00:00,557.0
2023-01-02 08:40:50+00:00,581.0
2023-01-02 08:41:40+00:00,581.0
2023-01-02 08:42:30+00:00,572.0
2023-01-02 08:43:20+00:00,572.0
2023-01-02 08:44:10+00:00,588.0
2023-01-02 08:45:00+00:00,593.0
2023-01-02 08:45:50+00:00,562.0
2023-01-02 08:46:40+00:00,579.0
2023-01-02 08:47:30+00:00,577.0
2023-01-02 08:48:20+00:00,583.0
2023-01-02 08:49:10+00:00,586.0
2023-01-02 08:50:00+00:00,585.0
2023-01-02 08:50:50+00:00,592.0
2023-01-02 08:51:40+00:00,594.0
2023-01-02 08:52:30+00:00,569.0
2023-01-02 08:53:20+00:00,614.0
2023-01-02 08:54:10+00:00,615.0
2023-01-02 08:55:00+00:00,616.0
2023-01-02 08:55:50+00:00,616.0
2023-01-02 08:56:40+00:00,616.0
2023-01-02 08:57:30+00:00,617.0
2023-01-02 08:58:20+00:00,617.0
2023-01-02 08:59:10+00:00,617.0
2023-01-02 09:00:00+00:00,617.0
2023-01-02 09:00:50+00:00,618.0
2023-01-02 09:01:40+00:00,618.0
2023-01-02 09:02:30+00:00,618.0
2023-01-02 09:03:20+00:00,618.0
2023-01-02 09:04:10+00:00,618.0
2023-01-02 09:05:00+00:00,618.0
2023-01-02 09:05:50+00:00,618.0
2023-01-02 09:06:40+00:00,618.0
2023-01-02 09:07:30+00:00,618.0
2023-01-02 09:08:20+00:00,618.0
2023-01-02 09:09:10+00:00,618.0
2023-01-02 09:10:00+00:00,619.0
2023-01-02 09:10:50+00:00,619.0
2023-01-02 09:11:40+00:00,619.0
2023-01-02 09:12:30+00:00,619.0
2023-01-02 09:13:20+00:00,619.0
2023-01-02 09:14:10+00:00,619.0
2023-01-02 09:15:00+00:00,619.0
2023-01-02 09:15:50+00:00,619.0
2023-01-02 09:16:40+00:00,619.0
2023-01-02 09:17:30+00:00,619.0
2023-01-02 09:18:20+00:00,619.0
2023-01-02 09:19:10+00:00,619.0
2023-01-02 09:20:00+00:00,619.0
2023-01-02 09:20:50+00:00,619.0
2023-01-02 09:21:40+00:00,619.0
2023-01-02 09:22:30+00:00,619.0
2023-01-02 09:23:20+00:00,619.0
2023-01-02 09:24:10+00:00,619.0
2023-01-02 09:25:00+00:00,619.0
2023-01-02 09:25:50+00:00,619.0
2023-01-02 09:26:40+00:00,619.0
2023-01-02 09:27:30+00:00,620.0
2023-01-02 09:28:20+00:00,620.0
2023-01-02 09:29:10+00:00,620.0
2023-01-02 09:30:00+00:00,620.0
2023-01-02 09:30:50+00:00,620.0
2023-01-02 09:31:40+00:00,620.0
2023-01-02 09:32:30+00:00,620.0
2023-01-02 09:33:20+00:00,620.0
2023-01-02 09:34:10+00:00,620.0
2023-01-02 09:35:00+00:00,620.0
2023-01-02 09:35:50+00:00,620.0
2023-01-02 09:36:40+00:00,620.0
2023-01-02 09:37:30+00:00,620.0
2023-01-02 09:38:20+00:00,620.0
2023-01-02 09:39:10+00:00,620.0
2023-01-02 09:40:00+00:00,620.0
2023-01-02 09:40:50+00:00,620.0
2023-01-02 09:41:40+00:00,620.0
2023-01-02 09:42:30+00:00,620.0
2023-01-02 09:43:20+00:00,620.0
2023-01-02 09:44:10+00:00,620.0
2023-01-02 09:45:00+00:00,620.0
2023-01-02 09:45:50+00:00,620.0
2023-01-02 09:46:40+00:00,620.0
2023-01-02 09:47:30+00:00,620.0
2023-01-02 09:48:20+00:00,620.0
2023-01-02 09:49:10+00:00,620.0
2023-01-02 09:50:00+00:00,620.0
2023-01-02 09:50:50+00:00,620.0
2023-01-02 09:51:40+00:00,620.0
2023-01-02 09:52:30+00:00,620.0
2023-01-02 09:53:20+00:00,620.0
2023-01-02 09:54:10+00:00,620.0
2023-01-02 09:55:00+00:00,620.0
2023-01-02 09:55:50+00:00,620.0
2023-01-02 09:56:40+00:00,620.0
2023-01-02 09:57:30+00:00,620.0
2023-01-02 09:58:20+00:00,620.0
2023-01-02 09:59:10+00:00,621.0
2023-01-02 10:00:00+00:00,621.0
2023-01-02 10:00:50+00:00,621.0
2023-01-02 10:01:40+00:00,621.0
2023-01-02 10:02:30+00:00,621.0
2023-01-02 10:03:20+00:00,618.0
2023-01-02 10:04:10+00:00,619.0
2023-01-02 10:05:00+00:00,619.0
2023-01-02 10:05:50+00:00,620.0
2023-01-02 10:06:40+00:00,620.0
2023-01-02 10:07:30+00:00,620.0
2023-01-02 10:08:20+00:00,620.0
2023-01-02 10:09:10+00:00,620.0
2023-01-02 10:10:00+00:00,620.0
2023-01-02 10:10:50+00:00,620.0
2023-01-02 10:11:40+00:00,620.0
2023-01-02 10:12:30+00:00,620.0
2023-01-02 10:13:20+00:00,620.0
2023-01-02 10:14:10+00:00,620.0
2023-01-02 10:15:00+00:00,620.0
2023-01-02 10:15:50+00:00,621.0
2023-01-02 10:16:40+00:00,621.0
2023-01-02 10:17:30+00:00,621.0
2023-01-02 10:18:20+00:00,621.0
2023-01-02 10:19:10+00:00,621.0
2023-01-02 10:20:00+00:00,621.0
2023-01-02 10:20:50+00:00,621.0
2023-01-02 10:21:40+00:00,621.0
2023-01-02 10:22:30+00:00,621.0
2023-01-02 10:23:20+00:00,621.0
2023-01-02 10:24:10+00:00,621.0
2023-01-02 10:25:00+00:00,621.0
2023-01-02 10:25:50+00:00,621.0
2023-01-02 10:26:40+00:00,621.0
2023-01-02 10:27:30+00:00,621.0
2023-01-02 10:28:20+00:00,621.0
2023-01-02 10:29:10+00:00,621.0
2023-01-02 10:30:00+00:00,621.0
2023-01-02 10:30:50+00:00,621.0
2023-01-02 10:31:40+00:00,621.0
2023-01-02 10:32:30+00:00,621.0
2023-01-02 10:33:20+00:00,621.0
2023-01-02 10:34:10+00:00,621.0
2023-01-02 10:35:00+00:00,621.0
2023-01-02 10:35:50+00:00,621.0
2023-01-02 10:36:40+00:00,621.0
2023-01-02 10:37:30+00:00,621.0
2023-01-02 10:38:20+00:00,621.0
2023-01-02 10:39:10+00:00,621.0
2023-01-02 10:40:00+00:00,621.0
2023-01-02 10:40:50+00:00,621.0
2023-01-02 10:41:40+00:00,621.0
2023-01-02 10:42:30+00:00,621.0
2023-01-02 10:43:20+00:00,621.0
2023-01-02 10:44:10+00:00,621.0
2023-01-02 10:45:00+00:00,621.0
2023-01-02 10:45:50+00:00,621.0
2023-01-02 10:46:40+00:00,621.0
2023-01-02 10:47:30+00:00,621.0
2023-01-02 10:48:20+00:00,621.0
2023-01-02 10:49:10+00:00,621.0
2023-01-02 10:50:00+00:00,621.0
2023-01-02 10:50:50+00:00,621.0
2023-01-02 10:51:40+00:00,621.0
2023-01-02 10:52:30+00:00,621.0
2023-01-02 10:53:20+00:00,621.0
2023-01-02 10:54:10+00:00,621.0
2023-01-02 10:55:00+00:00,621.0
2023-01-02 10:55:50+00:00,621.0
2023-01-02 10:56:40+00:00,621.0
2023-01-02 10:57:30+00:00,621.0
2023-01-02 10:58:20+00:00,621.0
2023-01-02 10:59:10+00:00,621.0
2023-01-02 11:00:00+00:00,621.0
2023-01-02 11:00:50+00:00,621.0
2023-01-02 11:01:40+00:00,581.0
2023-01-02 11:02:30+00:00,574.0
2023-01-02 11:03:20+00:00,578.0
2023-01-02 11:04:10+00:00,592.0
2023-01-02 11:05:00+00:00,616.0
2023-01-02 11:05:50+00:00,617.0
2023-01-02 11:06:40+00:00,618.0
2023-01-02 11:07:30+00:00,618.0
2023-01-02 11:08:20+00:00,618.0
2023-01-02 11:09:10+00:00,619.0
2023-01-02 11:10:00+00:00,619.0
2023-01-02 11:10:50+00:00,619.0
2023-01-02 11:11:40+00:00,619.0
2023-01-02 11:12:30+00:00,619.0
2023-01-02 11:13:20+00:00,619.0
2023-01-02 11:14:10+00:00,619.0
2023-01-02 11:15:00+00:00,619.0
2023-01-02 11:15:50+00:00,620.0
2023-01-02 11:16:40+00:00,620.0
2023-01-02 11:17:30+00:00,620.0
2023-01-02 11:18:20+00:00,620.0
2023-01-02 11:19:10+00:00,620.0
2023-01-02 11:20:00+00:00,620.0
2023-01-02 11:20:50+00:00,620.0
2023-01-02 11:21:40+00:00,620.0
2023-01-02 11:22:30+00:00,620.0
2023-01-02 11:23:20+00:00,620.0
2023-01-02 11:24:10+00:00,620.0
2023-01-02 11:25:00+00:00,620.0
2023-01-02 11:25:50+00:00,620.0
2023-01-02 11:26:40+00:00,620.0
2023-01-02 11:27:30+00:00,620.0
2023-01-02 11:28:20+00:00,620.0
2023-01-02 11:29:10+00:00,620.0
2023-01-02 11:30:00+00:00,620.0
2023-01-02 11:30:50+00:00,620.0
2023-01-02 11:31:40+00:00,620.0
2023-01-02 11:32:30+00:00,620.0
2023-01-02 11:33:20+00:00,620.0
2023-01-02 11:34:10+00:00,620.0
2023-01-02 11:35:00+00:00,620.0
2023-01-02 11:35:50+00:00,620.0
2023-01-02 11:36:40+00:00,620.0
2023-01-02 11:37:30+00:00,620.0
2023-01-02 11:38:20+00:00,620.0
2023-01-02 11:39:10+00:00,620.0
2023-01-02 11:40:00+00:00,620.0
2023-01-02 11:40:50+00:00,620.0
2023-01-02 11:41:40+00:00,620.0
2023-01-02 11:42:30+00:00,620.0
2023-01-02 11:43:20+00:00,620.0
2023-01-02 11:44:10+00:00,620.0
2023-01-02 11:45:00+00:00,620.0
2023-01-02 11:45:50+00:00,620.0
2023-01-02 11:46:40+00:00,620.0
2023-01-02 11:47:30+00:00,620.0
2023-01-02 11:48:20+00:00,620.0
2023-01-02 11:49:10+00:00,620.0
2023-01-02 11:50:00+00:00,620.0
2023-01-02 11:50:50+00:00,620.0
2023-01-02 11:51:40+00:00,620.0
2023-01-02 11:52:30+00:00,620.0
2023-01-02 11:53:20+00:00,620.0
2023-01-02 11:54:10+00:00,620.0
2023-01-02 11:55:00+00:00,620.0
2023-01-02 11:55:50+00:00,620.0
2023-01-02 11:56:40+00:00,620.0
2023-01-02 11:57:30+00:00,620.0
2023-01-02 11:58:20+00:00,620.0
2023-01-02 11:59:10+00:00,621.0
2023-01-02 12:00:00+00:00,621.0
2023-01-02 12:00:50+00:00,620.0
2023-01-02 12:01:40+00:00,621.0
2023-01-02 12:02:30+00:00,620.0
2023-01-02 12:03:20+00:00,621.0
2023-01-02 12:04:10+00:00,621.0
2023-01-02 12:05:00+00:00,621.0
2023-01-02 12:05:50+00:00,621.0
2023-01-02 12:06:40+00:00,621.0
2023-01-02 12:07:30+00:00,621.0
2023-01-02 12:08:20+00:00,621.0
2023-01-02 12:09:10+00:00,621.0
2023-01-02 12:10:00+00:00,621.0
2023-01-02 12:10:50+00:00,621.0
2023-01-02 12:11:40+00:00,621.0
2023-01-02 12:12:30+00:00,621.0
2023-01-02 12:13:20+00:00,621.0
2023-01-02 12:14:10+00:00,621.0
2023-01-02 12:15:00+00:00,621.0
2023-01-02 12:15:50+00:00,621.0
2023-01-02 12:16:40+00:00,621.0
2023-01-02 12:17:30+00:00,621.0
2023-01-02 12:18:20+00:00,621.0
2023-01-02 12:19:10+00:00,621.0
2023-01-02 12:20:00+00:00,621.0
2023-01-02 12:20:50+00:00,621.0
2023-01-02 12:21:40+00:00,621.0
2023-01-02 12:22:30+00:00,621.0
2023-01-02 12:23:20+00:00,621.0
2023-01-02 12:24:10+00:00,621.0
2023-01-02 12:25:00+00:00,621.0
2023-01-02 12:25:50+00:00,621.0
2023-01-02 12:26:40+00:00,621.0
2023-01-02 12:27:30+00:00,621.0
2023-01-02 12:28:20+00:00,621.0
2023-01-02 12:29:10+00:00,621.0
2023-01-02 12:30:00+00:00,621.0
2023-01-02 12:30:50+00:00,621.0
2023-01-02 12:31:40+00:00,621.0
2023-01-02 12:32:30+00:00,621.0
2023-01-02 12:33:20+00:00,621.0
2023-01-02 12:34:10+00:00,621.0
2023-01-02 12:35:00+00:00,621.0
2023-01-02 12:35:50+00:00,621.0
2023-01-02 12:36:40+00:00,621.0
2023-01-02 12:37:30+00:00,621.0
2023-01-02 12:38:20+00:00,621.0
2023-01-02 12:39:10+00:00,621.0
2023-01-02 12:40:00+00:00,621.0
2023-01-02 12:40:50+00:00,621.0
2023-01-02 12:41:40+00:00,621.0
2023-01-02 12:42:30+00:00,621.0
2023-01-02 12:43:20+00:00,621.0
2023-01-02 12:44:10+00:00,621.0
2023-01-02 12:45:00+00:00,621.0
2023-01-02 12:45:50+00:00,621.0
2023-01-02 12:46:40+00:00,621.0
2023-01-02 12:47:30+00:00,621.0
2023-01-02 12:48:20+00:00,621.0
2023-01-02 12:49:10+00:00,621.0
2023-01-02 12:50:00+00:00,621.0
2023-01-02 12:50:50+00:00,621.0
2023-01-02 12:51:40+00:00,621.0
2023-01-02 12:52:30+00:00,621.0
2023-01-02 12:53:20+00:00,621.0
2023-01-02 12:54:10+00:00,621.0
2023-01-02 12:55:00+00:00,621.0
2023-01-02 12:55:50+00:00,621.0
2023-01-02 12:56:40+00:00,621.0
2023-01-02 12:57:30+00:00,621.0
2023-01-02 12:58:20+00:00,621.0
2023-01-02 12:59:10+00:00,621.0
2023-01-02 13:00:00+00:00,621.0
2023-01-02 13:00:50+00:00,621.0
2023-01-02 13:01:40+00:00,621.0
2023-01-02 13:02:30+00:00,621.0
2023-01-02 13:03:20+00:00,621.0
2023-01-02 13:04:10+00:00,621.0
2023-01-02 13:05:00+00:00,621.0
2023-01-02 13:05:50+00:00,621.0
2023-01-02 13:06:40+00:00,621.0
2023-01-02 13:07:30+00:00,621.0
2023-01-02 13:08:20+00:00,621.0
2023-01-02 13:09:10+00:00,621.0
2023-01-02 13:10:00+00:00,621.0
2023-01-02 13:10:50+00:00,621.0
2023-01-02 13:11:40+00:00,621.0
2023-01-02 13:12:30+00:00,621.0
2023-01-02 13:13:20+00:00,621.0
2023-01-02 13:14:10+00:00,621.0
2023-01-02 13:15:00+00:00,621.0
2023-01-02 13:15:50+00:00,621.0
2023-01-02 13:16:40+00:00,621.0
2023-01-02 13:17:30+00:00,621.0
2023-01-02 13:18:20+00:00,621.0
2023-01-02 13:19:10+00:00,621.0
2023-01-02 13:20:00+00:00,621.0
2023-01-02 13:20:50+00:00,621.0
2023-01-02 13:21:40+00:00,621.0
2023-01-02 13:22:30+00:00,621.0
2023-01-02 13:23:20+00:00,621.0
2023-01-02 13:24:10+00:00,621.0
2023-01-02 13:25:00+00:00,612.0
2023-01-02 13:25:50+00:00,577.0
2023-01-02 13:26:40+00:00,580.0
2023-01-02 13:27:30+00:00,587.0
2023-01-02 13:28:20+00:00,614.0
2023-01-02 13:29:10+00:00,585.0
2023-01-02 13:30:00+00:00,592.0
2023-01-02 13:30:50+00:00,587.0
2023-01-02 13:31:40+00:00,614.0
2023-01-02 13:32:30+00:00,616.0
2023-01-02 13:33:20+00:00,617.0
2023-01-02 13:34:10+00:00,617.0
2023-01-02 13:35:00+00:00,617.0
2023-01-02 13:35:50+00:00,618.0
2023-01-02 13:36:40+00:00,618.0
2023-01-02 13:37:30+00:00,618.0
2023-01-02 13:38:20+00:00,618.0
2023-01-02 13:39:10+00:00,618.0
2023-01-02 13:40:00+00:00,618.0
2023-01-02 13:40:50+00:00,618.0
2023-01-02 13:41:40+00:00,618.0
2023-01-02 13:42:30+00:00,619.0
2023-01-02 13:43:20+00:00,619.0
2023-01-02 13:44:10+00:00,619.0
2023-01-02 13:45:00+00:00,619.0
2023-01-02 13:45:50+00:00,619.0
2023-01-02 13:46:40+00:00,619.0
2023-01-02 13:47:30+00:00,619.0
2023-01-02 13:48:20+00:00,619.0
2023-01-02 13:49:10+00:00,619.0
2023-01-02 13:50:00+00:00,619.0
2023-01-02 13:50:50+00:00,619.0
2023-01-02 13:51:40+00:00,619.0
2023-01-02 13:52:30+00:00,619.0
2023-01-02 13:53:20+00:00,619.0
2023-01-02 13:54:10+00:00,619.0
2023-01-02 13:55:00+00:00,619.0
2023-01-02 13:55:50+00:00,619.0
2023-01-02 13:56:40+00:00,619.0
2023-01-02 13:57:30+00:00,619.0
2023-01-02 13:58:20+00:00,619.0
2023-01-02 13:59:10+00:00,619.0
2023-01-02 14:00:00+00:00,619.0
2023-01-02 14:00:50+00:00,583.0
2023-01-02 14:01:40+00:00,586.0
2023-01-02 14:02:30+00:00,613.0
2023-01-02 14:03:20+00:00,590.0
2023-01-02 14:04:10+00:00,614.0
2023-01-02 14:05:00+00:00,616.0
2023-01-02 14:05:50+00:00,617.0
2023-01-02 14:06:40+00:00,597.0
2023-01-02 14:07:30+00:00,616.0
2023-01-02 14:08:20+00:00,617.0
2023-01-02 14:09:10+00:00,617.0
2023-01-02 14:10:00+00:00,613.0
2023-01-02 14:10:50+00:00,590.0
2023-01-02 14:11:40+00:00,580.0
2023-01-02 14:12:30+00:00,586.0
2023-01-02 14:13:20+00:00,576.0
2023-01-02 14:14:10+00:00,613.0
2023-01-02 14:15:00+00:00,608.0
2023-01-02 14:15:50+00:00,598.0
2023-01-02 14:16:40+00:00,581.0
2023-01-02 14:17:30+00:00,594.0
2023-01-02 14:18:20+00:00,587.0
2023-01-02 14:19:10+00:00,588.0
2023-01-02 14:20:00+00:00,602.0
2023-01-02 14:20:50+00:00,590.0
2023-01-02 14:21:40+00:00,588.0
2023-01-02 14:22:30+00:00,599.0
2023-01-02 14:23:20+00:00,601.0
2023-01-02 14:24:10+00:00,609.0
2023-01-02 14:25:00+00:00,609.0
2023-01-02 14:25:50+00:00,606.0
2023-01-02 14:26:40+00:00,585.0
2023-01-02 14:27:30+00:00,586.0
2023-01-02 14:28:20+00:00,592.0
2023-01-02 14:29:10+00:00,572.0
2023-01-02 14:30:00+00:00,593.0
2023-01-02 14:30:50+00:00,610.0
2023-01-02 14:31:40+00:00,612.0
2023-01-02 14:32:30+00:00,613.0
2023-01-02 14:33:20+00:00,613.0
2023-01-02 14:34:10+00:00,614.0
2023-01-02 14:35:00+00:00,614.0
2023-01-02 14:35:50+00:00,614.0
2023-01-02 14:36:40+00:00,614.0
2023-01-02 14:37:30+00:00,615.0
2023-01-02 14:38:20+00:00,615.0
2023-01-02 14:39:10+00:00,615.0
2023-01-02 14:40:00+00:00,615.0
2023-01-02 14:40:50+00:00,615.0
2023-01-02 14:41:40+00:00,615.0
2023-01-02 14:42:30+00:00,615.0
2023-01-02 14:43:20+00:00,615.0
2023-01-02 14:44:10+00:00,615.0
2023-01-02 14:45:00+00:00,616.0
2023-01-02 14:45:50+00:00,616.0
2023-01-02 14:46:40+00:00,616.0
2023-01-02 14:47:30+00:00,613.0
2023-01-02 14:48:20+00:00,615.0
2023-01-02 14:49:10+00:00,615.0
2023-01-02 14:50:00+00:00,616.0
2023-01-02 14:50:50+00:00,616.0
2023-01-02 14:51:40+00:00,616.0
2023-01-02 14:52:30+00:00,616.0
2023-01-02 14:53:20+00:00,616.0
2023-01-02 14:54:10+00:00,616.0
2023-01-02 14:55:00+00:00,616.0
2023-01-02 14:55:50+00:00,616.0
2023-01-02 14:56:40+00:00,616.0
2023-01-02 14:57:30+00:00,616.0
2023-01-02 14:58:20+00:00,616.0
2023-01-02 14:59:10+00:00,616.0
2023-01-02 15:00:00+00:00,616.0
2023-01-02 15:00:50+00:00,616.0
2023-01-02 15:01:40+00:00,616.0
2023-01-02 15:02:30+00:00,616.0
2023-01-02 15:03:20+00:00,616.0
2023-01-02 15:04:10+00:00,616.0
2023-01-02 15:05:00+00:00,616.0
2023-01-02 15:05:50+00:00,616.0
2023-01-02 15:06:40+00:00,616.0
2023-01-02 15:07:30+00:00,616.0
2023-01-02 15:08:20+00:00,616.0
2023-01-02 15:09:10+00:00,612.0
2023-01-02 15:10:00+00:00,586.0
2023-01-02 15:10:50+00:00,610.0
2023-01-02 15:11:40+00:00,581.0
2023-01-02 15:12:30+00:00,607.0
2023-01-02 15:13:20+00:00,612.0
2023-01-02 15:14:10+00:00,578.0
2023-01-02 15:15:00+00:00,611.0
2023-01-02 15:15:50+00:00,613.0
2023-01-02 15:16:40+00:00,614.0
2023-01-02 15:17:30+00:00,614.0
2023-01-02 15:18:20+00:00,614.0
2023-01-02 15:19:10+00:00,615.0
2023-01-02 15:20:00+00:00,615.0
2023-01-02 15:20:50+00:00,615.0
2023-01-02 15:21:40+00:00,615.0
2023-01-02 15:22:30+00:00,615.0
2023-01-02 15:23:20+00:00,615.0
2023-01-02 15:24:10+00:00,576.0
2023-01-02 15:25:00+00:00,609.0
2023-01-02 15:25:50+00:00,571.0
2023-01-02 15:26:40+00:00,570.0
2023-01-02 15:27:30+00:00,577.0
2023-01-02 15:28:20+00:00,584.0
2023-01-02 15:29:10+00:00,609.0
2023-01-02 15:30:00+00:00,581.0
2023-01-02 15:30:50+00:00,609.0
2023-01-02 15:31:40+00:00,611.0
2023-01-02 15:32:30+00:00,612.0
2023-01-02 15:33:20+00:00,612.0
2023-01-02 15:34:10+00:00,613.0
2023-01-02 15:35:00+00:00,613.0
2023-01-02 15:35:50+00:00,613.0
2023-01-02 15:36:40+00:00,613.0
2023-01-02 15:37:30+00:00,613.0
2023-01-02 15:38:20+00:00,568.0
2023-01-02 15:39:10+00:00,575.0
2023-01-02 15:40:00+00:00,574.0
2023-01-02 15:40:50+00:00,577.0
2023-01-02 15:41:40+00:00,606.0
2023-01-02 15:42:30+00:00,606.0
2023-01-02 15:43:20+00:00,582.0
2023-01-02 15:44:10+00:00,566.0
2023-01-02 15:45:00+00:00,574.0
2023-01-02 15:45:50+00:00,607.0
2023-01-02 15:46:40+00:00,609.0
2023-01-02 15:47:30+00:00,581.0
2023-01-02 15:48:20+00:00,606.0
2023-01-02 15:49:10+00:00,562.0
2023-01-02 15:50:00+00:00,574.0
2023-01-02 15:50:50+00:00,573.0
2023-01-02 15:51:40+00:00,568.0
2023-01-02 15:52:30+00:00,574.0
2023-01-02 15:53:20+00:00,606.0
2023-01-02 15:54:10+00:00,607.0
2023-01-02 15:55:00+00:00,608.0
2023-01-02 15:55:50+00:00,609.0
2023-01-02 15:56:40+00:00,609.0
2023-01-02 15:57:30+00:00,610.0
2023-01-02 15:58:20+00:00,610.0
2023-01-02 15:59:10+00:00,610.0
2023-01-02 16:00:00+00:00,610.0
2023-01-02 16:00:50+00:00,610.0
2023-01-02 16:01:40+00:00,611.0
2023-01-02 16:02:30+00:00,625.0
2023-01-02 16:03:20+00:00,650.0
2023-01-02 16:04:10+00:00,664.0
2023-01-02 16:05:00+00:00,661.0
2023-01-02 16:05:50+00:00,653.0
2023-01-02 16:06:40+00:00,632.0
2023-01-02 16:07:30+00:00,627.0
2023-01-02 16:08:20+00:00,633.0
2023-01-02 16:09:10+00:00,648.0
2023-01-02 16:10:00+00:00,626.0
2023-01-02 16:10:50+00:00,624.0
2023-01-02 16:11:40+00:00,623.0
2023-01-02 16:12:30+00:00,623.0
2023-01-02 16:13:20+00:00,622.0
2023-01-02 16:14:10+00:00,622.0
2023-01-02 16:15:00+00:00,621.0
2023-01-02 16:15:50+00:00,621.0
2023-01-02 16:16:40+00:00,621.0
2023-01-02 16:17:30+00:00,621.0
2023-01-02 16:18:20+00:00,620.0
2023-01-02 16:19:10+00:00,620.0
2023-01-02 16:20:00+00:00,620.0
2023-01-02 16:20:50+00:00,620.0
2023-01-02 16:21:40+00:00,620.0
2023-01-02 16:22:30+00:00,620.0
2023-01-02 16:23:20+00:00,620.0
2023-01-02 16:24:10+00:00,620.0
2023-01-02 16:25:00+00:00,620.0
2023-01-02 16:25:50+00:00,619.0
2023-01-02 16:26:40+00:00,619.0
2023-01-02 16:27:30+00:00,619.0
2023-01-02 16:28:20+00:00,619.0
2023-01-02 16:29:10+00:00,619.0
2023-01-02 16:30:00+00:00,619.0
2023-01-02 16:30:50+00:00,619.0
2023-01-02 16:31:40+00:00,619.0
2023-01-02 16:32:30+00:00,619.0
2023-01-02 16:33:20+00:00,619.0
2023-01-02 16:34:10+00:00,619.0
2023-01-02 16:35:00+00:00,619.0
2023-01-02 16:35:50+00:00,619.0
2023-01-02 16:36:40+00:00,619.0
2023-01-02 16:37:30+00:00,619.0
2023-01-02 16:38:20+00:00,619.0
2023-01-02 16:39:10+00:00,619.0
2023-01-02 16:40:00+00:00,619.0
2023-01-02 16:40:50+00:00,618.0
2023-01-02 16:41:40+00:00,618.0
2023-01-02 16:42:30+00:00,618.0
2023-01-02 16:43:20+00:00,618.0
2023-01-02 16:44:10+00:00,618.0
2023-01-02 16:45:00+00:00,618.0
2023-01-02 16:45:50+00:00,618.0
2023-01-02 16:46:40+00:00,618.0
2023-01-02 16:47:30+00:00,618.0
2023-01-02 16:48:20+00:00,618.0
2023-01-02 16:49:10+00:00,618.0
2023-01-02 16:50:00+00:00,618.0
2023-01-02 16:50:50+00:00,618.0
2023-01-02 16:51:40+00:00,618.0
2023-01-02 16:52:30+00:00,618.0
2023-01-02 16:53:20+00:00,618.0
2023-01-02 16:54:10+00:00,618.0
2023-01-02 16:55:00+00:00,626.0
2023-01-02 16:55:50+00:00,655.0
2023-01-02 16:56:40+00:00,637.0
2023-01-02 16:57:30+00:00,627.0
2023-01-02 16:58:20+00:00,625.0
2023-01-02 16:59:10+00:00,624.0
2023-01-02 17:00:00+00:00,623.0
2023-01-02 17:00:50+00:00,622.0
2023-01-02 17:01:40+00:00,622.0
2023-01-02 17:02:30+00:00,622.0
2023-01-02 17:03:20+00:00,621.0
2023-01-02 17:04:10+00:00,621.0
2023-01-02 17:05:00+00:00,621.0
2023-01-02 17:05:50+00:00,621.0
2023-01-02 17:06:40+00:00,621.0
2023-01-02 17:07:30+00:00,628.0
2023-01-02 17:08:20+00:00,624.0
2023-01-02 17:09:10+00:00,623.0
2023-01-02 17:10:00+00:00,622.0
2023-01-02 17:10:50+00:00,622.0
2023-01-02 17:11:40+00:00,621.0
2023-01-02 17:12:30+00:00,621.0
2023-01-02 17:13:20+00:00,621.0
2023-01-02 17:14:10+00:00,621.0
2023-01-02 17:15:00+00:00,620.0
2023-01-02 17:15:50+00:00,620.0
2023-01-02 17:16:40+00:00,620.0
2023-01-02 17:17:30+00:00,620.0
2023-01-02 17:18:20+00:00,620.0
2023-01-02 17:19:10+00:00,620.0
2023-01-02 17:20:00+00:00,620.0
2023-01-02 17:20:50+00:00,620.0
2023-01-02 17:21:40+00:00,620.0
2023-01-02 17:22:30+00:00,620.0
2023-01-02 17:23:20+00:00,620.0
2023-01-02 17:24:10+00:00,620.0
2023-01-02 17:25:00+00:00,620.0
2023-01-02 17:25:50+00:00,619.0
2023-01-02 17:26:40+00:00,619.0
2023-01-02 17:27:30+00:00,619.0
2023-01-02 17:28:20+00:00,619.0
2023-01-02 17:29:10+00:00,619.0
2023-01-02 17:30:00+00:00,619.0
2023-01-02 17:30:50+00:00,619.0
2023-01-02 17:31:40+00:00,619.0
2023-01-02 17:32:30+00:00,619.0
2023-01-02 17:33:20+00:00,619.0
2023-01-02 17:34:10+00:00,619.0
2023-01-02 17:35:00+00:00,619.0
2023-01-02 17:35:50+00:00,619.0
2023-01-02 17:36:40+00:00,619.0
2023-01-02 17:37:30+00:00,619.0
2023-01-02 17:38:20+00:00,619.0
2023-01-02 17:39:10+00:00,619.0
2023-01-02 17:40:00+00:00,619.0
2023-01-02 17:40:50+00:00,619.0
2023-01-02 17:41:40+00:00,619.0
2023-01-02 17:42:30+00:00,619.0
2023-01-02 17:43:20+00:00,619.0
2023-01-02 17:44:10+00:00,619.0
2023-01-02 17:45:00+00:00,619.0
2023-01-02 17:45:50+00:00,619.0
2023-01-02 17:46:40+00:00,619.0
2023-01-02 17:47:30+00:00,626.0
2023-01-02 17:48:20+00:00,623.0
2023-01-02 17:49:10+00:00,628.0
2023-01-02 17:50:00+00:00,634.0
2023-01-02 17:50:50+00:00,666.0
2023-01-02 17:51:40+00:00,637.0
2023-01-02 17:52:30+00:00,667.0
2023-01-02 17:53:20+00:00,682.0
2023-01-02 17:54:10+00:00,668.0
2023-01-02 17:55:00+00:00,634.0
2023-01-02 17:55:50+00:00,631.0
2023-01-02 17:56:40+00:00,664.0
2023-01-02 17:57:30+00:00,670.0
2023-01-02 17:58:20+00:00,686.0
2023-01-02 17:59:10+00:00,673.0
2023-01-02 18:00:00+00:00,680.0
2023-01-02 18:00:50+00:00,638.0
2023-01-02 18:01:40+00:00,633.0
2023-01-02 18:02:30+00:00,631.0
2023-01-02 18:03:20+00:00,630.0
2023-01-02 18:04:10+00:00,629.0
2023-01-02 18:05:00+00:00,629.0
2023-01-02 18:05:50+00:00,628.0
2023-01-02 18:06:40+00:00,628.0
2023-01-02 18:07:30+00:00,628.0
2023-01-02 18:08:20+00:00,627.0
2023-01-02 18:09:10+00:00,627.0
2023-01-02 18:10:00+00:00,627.0
2023-01-02 18:10:50+00:00,662.0
2023-01-02 18:11:40+00:00,631.0
2023-01-02 18:12:30+00:00,629.0
2023-01-02 18:13:20+00:00,628.0
2023-01-02 18:14:10+00:00,627.0
2023-01-02 18:15:00+00:00,627.0
2023-01-02 18:15:50+00:00,635.0
2023-01-02 18:16:40+00:00,633.0
2023-01-02 18:17:30+00:00,644.0
2023-01-02 18:18:20+00:00,630.0
2023-01-02 18:19:10+00:00,629.0
2023-01-02 18:20:00+00:00,628.0
2023-01-02 18:20:50+00:00,627.0
2023-01-02 18:21:40+00:00,627.0
2023-01-02 18:22:30+00:00,661.0
2023-01-02 18:23:20+00:00,647.0
2023-01-02 18:24:10+00:00,635.0
2023-01-02 18:25:00+00:00,630.0
2023-01-02 18:25:50+00:00,629.0
2023-01-02 18:26:40+00:00,628.0
2023-01-02 18:27:30+00:00,642.0
2023-01-02 18:28:20+00:00,648.0
2023-01-02 18:29:10+00:00,631.0
2023-01-02 18:30:00+00:00,629.0
2023-01-02 18:30:50+00:00,628.0
2023-01-02 18:31:40+00:00,627.0
2023-01-02 18:32:30+00:00,627.0
2023-01-02 18:33:20+00:00,626.0
2023-01-02 18:34:10+00:00,626.0
2023-01-02 18:35:00+00:00,626.0
2023-01-02 18:35:50+00:00,626.0
2023-01-02 18:36:40+00:00,625.0
2023-01-02 18:37:30+00:00,625.0
2023-01-02 18:38:20+00:00,625.0
2023-01-02 18:39:10+00:00,625.0
2023-01-02 18:40:00+00:00,625.0
2023-01-02 18:40:50+00:00,625.0
2023-01-02 18:41:40+00:00,625.0
2023-01-02 18:42:30+00:00,625.0
2023-01-02 18:43:20+00:00,624.0
2023-01-02 18:44:10+00:00,624.0
2023-01-02 18:45:00+00:00,624.0
2023-01-02 18:45:50+00:00,624.0
2023-01-02 18:46:40+00:00,624.0
2023-01-02 18:47:30+00:00,624.0
2023-01-02 18:48:20+00:00,624.0
2023-01-02 18:49:10+00:00,624.0
2023-01-02 18:50:00+00:00,653.0
2023-01-02 18:50:50+00:00,663.0
2023-01-02 18:51:40+00:00,684.0
2023-01-02 18:52:30+00:00,639.0
2023-01-02 18:53:20+00:00,633.0
2023-01-02 18:54:10+00:00,631.0
2023-01-02 18:55:00+00:00,630.0
2023-01-02 18:55:50+00:00,629.0
2023-01-02 18:56:40+00:00,628.0
2023-01-02 18:57:30+00:00,628.0
2023-01-02 18:58:20+00:00,627.0
2023-01-02 18:59:10+00:00,627.0
2023-01-02 19:00:00+00:00,627.0
2023-01-02 19:00:50+00:00,626.0
2023-01-02 19:01:40+00:00,626.0
2023-01-02 19:02:30+00:00,626.0
2023-01-02 19:03:20+00:00,626.0
2023-01-02 19:04:10+00:00,625.0
2023-01-02 19:05:00+00:00,602.0
2023-01-02 19:05:50+00:00,622.0
2023-01-02 19:06:40+00:00,594.0
2023-01-02 19:07:30+00:00,620.0
2023-01-02 19:08:20+00:00,621.0
2023-01-02 19:09:10+00:00,622.0
2023-01-02 19:10:00+00:00,622.0
2023-01-02 19:10:50+00:00,622.0
2023-01-02 19:11:40+00:00,622.0
2023-01-02 19:12:30+00:00,622.0
2023-01-02 19:13:20+00:00,622.0
2023-01-02 19:14:10+00:00,622.0
2023-01-02 19:15:00+00:00,622.0
2023-01-02 19:15:50+00:00,622.0
2023-01-02 19:16:40+00:00,622.0
2023-01-02 19:17:30+00:00,622.0
2023-01-02 19:18:20+00:00,622.0
2023-01-02 19:19:10+00:00,622.0
2023-01-02 19:20:00+00:00,622.0
2023-01-02 19:20:50+00:00,622.0
2023-01-02 19:21:40+00:00,622.0
2023-01-02 19:22:30+00:00,651.0
2023-01-02 19:23:20+00:00,636.0
2023-01-02 19:24:10+00:00,629.0
2023-01-02 19:25:00+00:00,627.0
2023-01-02 19:25:50+00:00,626.0
2023-01-02 19:26:40+00:00,626.0
2023-01-02 19:27:30+00:00,625.0
2023-01-02 19:28:20+00:00,625.0
2023-01-02 19:29:10+00:00,624.0
2023-01-02 19:30:00+00:00,624.0
2023-01-02 19:30:50+00:00,624.0
2023-01-02 19:31:40+00:00,624.0
2023-01-02 19:32:30+00:00,623.0
2023-01-02 19:33:20+00:00,623.0
2023-01-02 19:34:10+00:00,623.0
2023-01-02 19:35:00+00:00,623.0
2023-01-02 19:35:50+00:00,623.0
2023-01-02 19:36:40+00:00,623.0
2023-01-02 19:37:30+00:00,623.0
2023-01-02 19:38:20+00:00,623.0
2023-01-02 19:39:10+00:00,623.0
2023-01-02 19:40:00+00:00,622.0
2023-01-02 19:40:50+00:00,622.0
2023-01-02 19:41:40+00:00,622.0
2023-01-02 19:42:30+00:00,622.0
2023-01-02 19:43:20+00:00,622.0
2023-01-02 19:44:10+00:00,622.0
2023-01-02 19:45:00+00:00,622.0
2023-01-02 19:45:50+00:00,622.0
2023-01-02 19:46:40+00:00,622.0
2023-01-02 19:47:30+00:00,622.0
2023-01-02 19:48:20+00:00,622.0
2023-01-02 19:49:10+00:00,622.0
2023-01-02 19:50:00+00:00,622.0
2023-01-02 19:50:50+00:00,622.0
2023-01-02 19:51:40+00:00,622.0
2023-01-02 19:52:30+00:00,622.0
2023-01-02 19:53:20+00:00,622.0
2023-01-02 19:54:10+00:00,622.0
2023-01-02 19:55:00+00:00,622.0
2023-01-02 19:55:50+00:00,622.0
2023-01-02 19:56:40+00:00,622.0
2023-01-02 19:57:30+00:00,621.0
2023-01-02 19:58:20+00:00,621.0
2023-01-02 19:59:10+00:00,621.0
2023-01-02 20:00:00+00:00,621.0
2023-01-02 20:00:50+00:00,621.0
2023-01-02 20:01:40+00:00,621.0
2023-01-02 20:02:30+00:00,621.0
2023-01-02 20:03:20+00:00,621.0
2023-01-02 20:04:10+00:00,621.0
2023-01-02 20:05:00+00:00,621.0
2023-01-02 20:05:50+00:00,621.0
2023-01-02 20:06:40+00:00,621.0
2023-01-02 20:07:30+00:00,621.0
2023-01-02 20:08:20+00:00,621.0
2023-01-02 20:09:10+00:00,621.0
2023-01-02 20:10:00+00:00,621.0
2023-01-02 20:10:50+00:00,621.0
2023-01-02 20:11:40+00:00,621.0
2023-01-02 20:12:30+00:00,621.0
2023-01-02 20:13:20+00:00,621.0
2023-01-02 20:14:10+00:00,621.0
2023-01-02 20:15:00+00:00,621.0
2023-01-02 20:15:50+00:00,592.0
2023-01-02 20:16:40+00:00,578.0
2023-01-02 20:17:30+00:00,586.0
2023-01-02 20:18:20+00:00,615.0
2023-01-02 20:19:10+00:00,617.0
2023-01-02 20:20:00+00:00,617.0
2023-01-02 20:20:50+00:00,618.0
2023-01-02 20:21:40+00:00,618.0
2023-01-02 20:22:30+00:00,618.0
2023-01-02 20:23:20+00:00,618.0
2023-01-02 20:24:10+00:00,618.0
2023-01-02 20:25:00+00:00,618.0
2023-01-02 20:25:50+00:00,618.0
2023-01-02 20:26:40+00:00,619.0
2023-01-02 20:27:30+00:00,619.0
2023-01-02 20:28:20+00:00,619.0
2023-01-02 20:29:10+00:00,619.0
2023-01-02 20:30:00+00:00,619.0
2023-01-02 20:30:50+00:00,619.0
2023-01-02 20:31:40+00:00,619.0
2023-01-02 20:32:30+00:00,619.0
2023-01-02 20:33:20+00:00,619.0
2023-01-02 20:34:10+00:00,619.0
2023-01-02 20:35:00+00:00,619.0
2023-01-02 20:35:50+00:00,619.0
2023-01-02 20:36:40+00:00,619.0
2023-01-02 20:37:30+00:00,675.0
2023-01-02 20:38:20+00:00,646.0
2023-01-02 20:39:10+00:00,643.0
2023-01-02 20:40:00+00:00,647.0
2023-01-02 20:40:50+00:00,632.0
2023-01-02 20:41:40+00:00,630.0
2023-01-02 20:42:30+00:00,628.0
2023-01-02 20:43:20+00:00,627.0
2023-01-02 20:44:10+00:00,627.0
2023-01-02 20:45:00+00:00,626.0
2023-01-02 20:45:50+00:00,626.0
2023-01-02 20:46:40+00:00,626.0
2023-01-02 20:47:30+00:00,625.0
2023-01-02 20:48:20+00:00,625.0
2023-01-02 20:49:10+00:00,625.0
2023-01-02 20:50:00+00:00,624.0
2023-01-02 20:50:50+00:00,624.0
2023-01-02 20:51:40+00:00,624.0
2023-01-02 20:52:30+00:00,624.0
2023-01-02 20:53:20+00:00,624.0
2023-01-02 20:54:10+00:00,623.0
2023-01-02 20:55:00+00:00,623.0
2023-01-02 20:55:50+00:00,623.0
2023-01-02 20:56:40+00:00,623.0
2023-01-02 20:57:30+00:00,623.0
2023-01-02 20:58:20+00:00,623.0
2023-01-02 20:59:10+00:00,623.0
2023-01-02 21:00:00+00:00,623.0
2023-01-02 21:00:50+00:00,623.0
2023-01-02 21:01:40+00:00,622.0
2023-01-02 21:02:30+00:00,622.0
2023-01-02 21:03:20+00:00,622.0
2023-01-02 21:04:10+00:00,622.0
2023-01-02 21:05:00+00:00,622.0
2023-01-02 21:05:50+00:00,622.0
2023-01-02 21:06:40+00:00,622.0
2023-01-02 21:07:30+00:00,622.0
2023-01-02 21:08:20+00:00,622.0
2023-01-02 21:09:10+00:00,622.0
2023-01-02 21:10:00+00:00,622.0
2023-01-02 21:10:50+00:00,622.0
2023-01-02 21:11:40+00:00,622.0
2023-01-02 21:12:30+00:00,622.0
2023-01-02 21:13:20+00:00,622.0
2023-01-02 21:14:10+00:00,622.0
2023-01-02 21:15:00+00:00,622.0
2023-01-02 21:15:50+00:00,621.0
2023-01-02 21:16:40+00:00,621.0
2023-01-02 21:17:30+00:00,621.0
2023-01-02 21:18:20+00:00,621.0
2023-01-02 21:19:10+00:00,621.0
2023-01-02 21:20:00+00:00,621.0
2023-01-02 21:20:50+00:00,621.0
2023-01-02 21:21:40+00:00,621.0
2023-01-02 21:22:30+00:00,621.0
2023-01-02 21:23:20+00:00,621.0
2023-01-02 21:24:10+00:00,621.0
2023-01-02 21:25:00+00:00,621.0
2023-01-02 21:25:50+00:00,621.0
2023-01-02 21:26:40+00:00,621.0
2023-01-02 21:27:30+00:00,621.0
2023-01-02 21:28:20+00:00,621.0
2023-01-02 21:29:10+00:00,621.0
2023-01-02 21:30:00+00:00,621.0
2023-01-02 21:30:50+00:00,621.0
2023-01-02 21:31:40+00:00,621.0
2023-01-02 21:32:30+00:00,621.0
2023-01-02 21:33:20+00:00,621.0
2023-01-02 21:34:10+00:00,621.0
2023-01-02 21:35:00+00:00,621.0
2023-01-02 21:35:50+00:00,621.0
2023-01-02 21:36:40+00:00,621.0
2023-01-02 21:37:30+00:00,620.0
2023-01-02 21:38:20+00:00,620.0
2023-01-02 21:39:10+00:00,620.0
2023-01-02 21:40:00+00:00,620.0
2023-01-02 21:40:50+00:00,620.0
2023-01-02 21:41:40+00:00,620.0
2023-01-02 21:42:30+00:00,620.0
2023-01-02 21:43:20+00:00,620.0
2023-01-02 21:44:10+00:00,620.0
2023-01-02 21:45:00+00:00,620.0
2023-01-02 21:45:50+00:00,620.0
2023-01-02 21:46:40+00:00,620.0
2023-01-02 21:47:30+00:00,620.0
2023-01-02 21:48:20+00:00,620.0
2023-01-02 21:49:10+00:00,620.0
2023-01-02 21:50:00+00:00,620.0
2023-01-02 21:50:50+00:00,620.0
2023-01-02 21:51:40+00:00,620.0
2023-01-02 21:52:30+00:00,620.0
2023-01-02 21:53:20+00:00,620.0
2023-01-02 21:54:10+00:00,620.0
2023-01-02 21:55:00+00:00,620.0
2023-01-02 21:55:50+00:00,620.0
2023-01-02 21:56:40+00:00,620.0
2023-01-02 21:57:30+00:00,620.0
2023-01-02 21:58:20+00:00,620.0
2023-01-02 21:59:10+00:00,620.0
2023-01-02 22:00:00+00:00,620.0
2023-01-02 22:00:50+00:00,620.0
2023-01-02 22:01:40+00:00,620.0
2023-01-02 22:02:30+00:00,620.0
2023-01-02 22:03:20+00:00,620.0
2023-01-02 22:04:10+00:00,620.0
2023-01-02 22:05:00+00:00,620.0
2023-01-02 22:05:50+00:00,620.0
2023-01-02 22:06:40+00:00,620.0
2023-01-02 22:07:30+00:00,620.0
2023-01-02 22:08:20+00:00,620.0
2023-01-02 22:09:10+00:00,620.0
2023-01-02 22:10:00+00:00,620.0
2023-01-02 22:10:50+00:00,620.0
2023-01-02 22:11:40+00:00,620.0
2023-01-02 22:12:30+00:00,620.0
2023-01-02 22:13:20+00:00,620.0
2023-01-02 22:14:10+00:00,620.0
2023-01-02 22:15:00+00:00,620.0
2023-01-02 22:15:50+00:00,620.0
2023-01-02 22:16:40+00:00,620.0
2023-01-02 22:17:30+00:00,620.0
2023-01-02 22:18:20+00:00,619.0
2023-01-02 22:19:10+00:00,619.0
2023-01-02 22:20:00+00:00,619.0
2023-01-02 22:20:50+00:00,619.0
2023-01-02 22:21:40+00:00,619.0
2023-01-02 22:22:30+00:00,619.0
2023-01-02 22:23:20+00:00,619.0
2023-01-02 22:24:10+00:00,619.0
2023-01-02 22:25:00+00:00,619.0
2023-01-02 22:25:50+00:00,619.0
2023-01-02 22:26:40+00:00,619.0
2023-01-02 22:27:30+00:00,619.0
2023-01-02 22:28:20+00:00,619.0
2023-01-02 22:29:10+00:00,619.0
2023-01-02 22:30:00+00:00,619.0
2023-01-02 22:30:50+00:00,619.0
2023-01-02 22:31:40+00:00,619.0
2023-01-02 22:32:30+00:00,619.0
2023-01-02 22:33:20+00:00,619.0
2023-01-02 22:34:10+00:00,619.0
2023-01-02 22:35:00+00:00,619.0
2023-01-02 22:35:50+00:00,619.0
2023-01-02 22:36:40+00:00,619.0
2023-01-02 22:37:30+00:00,619.0
2023-01-02 22:38:20+00:00,619.0
2023-01-02 22:39:10+00:00,619.0
2023-01-02 22:40:00+00:00,619.0
2023-01-02 22:40:50+00:00,619.0
2023-01-02 22:41:40+00:00,619.0
2023-01-02 22:42:30+00:00,619.0
2023-01-02 22:43:20+00:00,619.0
2023-01-02 22:44:10+00:00,619.0
2023-01-02 22:45:00+00:00,619.0
2023-01-02 22:45:50+00:00,619.0
2023-01-02 22:46:40+00:00,619.0
2023-01-02 22:47:30+00:00,619.0
2023-01-02 22:48:20+00:00,619.0
2023-01-02 22:49:10+00:00,619.0
2023-01-02 22:50:00+00:00,619.0
2023-01-02 22:50:50+00:00,619.0
2023-01-02 22:51:40+00:00,619.0
2023-01-02 22:52:30+00:00,619.0
2023-01-02 22:53:20+00:00,619.0
2023-01-02 22:54:10+00:00,619.0
2023-01-02 22:55:00+00:00,619.0
2023-01-02 22:55:50+00:00,619.0
2023-01-02 22:56:40+00:00,619.0
2023-01-02 22:57:30+00:00,619.0
2023-01-02 22:58:20+00:00,619.0
2023-01-02 22:59:10+00:00,619.0
2023-01-02 23:00:00+00:00,619.0
2023-01-02 23:00:50+00:00,619.0
2023-01-02 23:01:40+00:00,619.0
2023-01-02 23:02:30+00:00,619.0
2023-01-02 23:03:20+00:00,619.0
2023-01-02 23:04:10+00:00,619.0
2023-01-02 23:05:00+00:00,619.0
2023-01-02 23:05:50+00:00,619.0
2023-01-02 23:06:40+00:00,619.0
2023-01-02 23:07:30+00:00,619.0
2023-01-02 23:08:20+00:00,619.0
2023-01-02 23:09:10+00:00,619.0
2023-01-02 23:10:00+00:00,619.0
2023-01-02 23:10:50+00:00,619.0
2023-01-02 23:11:40+00:00,619.0
2023-01-02 23:12:30+00:00,619.0
2023-01-02 23:13:20+00:00,619.0
2023-01-02 23:14:10+00:00,619.0
2023-01-02 23:15:00+00:00,619.0
2023-01-02 23:15:50+00:00,619.0
2023-01-02 23:16:40+00:00,619.0
2023-01-02 23:17:30+00:00,619.0
2023-01-02 23:18:20+00:00,619.0
2023-01-02 23:19:10+00:00,619.0
2023-01-02 23:20:00+00:00,619.0
2023-01-02 23:20:50+00:00,619.0
2023-01-02 23:21:40+00:00,619.0
2023-01-02 23:22:30+00:00,619.0
2023-01-02 23:23:20+00:00,619.0
2023-01-02 23:24:10+00:00,619.0
2023-01-02 23:25:00+00:00,619.0
2023-01-02 23:25:50+00:00,619.0
2023-01-02 23:26:40+00:00,619.0
2023-01-02 23:27:30+00:00,619.0
2023-01-02 23:28:20+00:00,619.0
2023-01-02 23:29:10+00:00,619.0
2023-01-02 23:30:00+00:00,619.0
2023-01-02 23:30:50+00:00,619.0
2023-01-02 23:31:40+00:00,619.0
2023-01-02 23:32:30+00:00,619.0
2023-01-02 23:33:20+00:00,619.0
2023-01-02 23:34:10+00:00,619.0
2023-01-02 23:35:00+00:00,619.0
2023-01-02 23:35:50+00:00,619.0
2023-01-02 23:36:40+00:00,619.0
2023-01-02 23:37:30+00:00,619.0
2023-01-02 23:38:20+00:00,619.0
2023-01-02 23:39:10+00:00,619.0
2023-01-02 23:40:00+00:00,619.0
2023-01-02 23:40:50+00:00,619.0
2023-01-02 23:41:40+00:00,619.0
2023-01-02 23:42:30+00:00,619.0
2023-01-02 23:43:20+00:00,619.0
2023-01-02 23:44:10+00:00,619.0
2023-01-02 23:45:00+00:00,619.0
2023-01-02 23:45:50+00:00,619.0
2023-01-02 23:46:40+00:00,619.0
2023-01-02 23:47:30+00:00,619.0
2023-01-02 23:48:20+00:00,619.0
2023-01-02 23:49:10+00:00,619.0
2023-01-02 23:50:00+00:00,619.0
2023-01-02 23:50:50+00:00,619.0
2023-01-02 23:51:40+00:00,619.0
2023-01-02 23:52:30+00:00,619.0
2023-01-02 23:53:20+00:00,619.0
2023-01-02 23:54:10+00:00,619.0
2023-01-02 23:55:00+00:00,619.0
2023-01-02 23:55:50+00:00,619.0
2023-01-02 23:56:40+00:00,619.0
2023-01-02 23:57:30+00:00,619.0
2023-01-02 23:58:20+00:00,619.0
2023-01-02 23:59:10+00:00,619.0
2023-01-03 00:00:00+00:00,619.0
2023-01-03 00:00:50+00:00,619.0
2023-01-03 00:01:40+00:00,619.0
2023-01-03 00:02:30+00:00,619.0
2023-01-03 00:03:20+00:00,619.0
2023-01-03 00:04:10+00:00,619.0
2023-01-03 00:05:00+00:00,619.0
2023-01-03 00:05:50+00:00,619.0
2023-01-03 00:06:40+00:00,619.0
2023-01-03 00:07:30+00:00,619.0
2023-01-03 00:08:20+00:00,619.0
2023-01-03 00:09:10+00:00,619.0
2023-01-03 00:10:00+00:00,619.0
2023-01-03 00:10:50+00:00,619.0
2023-01-03 00:11:40+00:00,619.0
2023-01-03 00:12:30+00:00,619.0
2023-01-03 00:13:20+00:00,619.0
2023-01-03 00:14:10+00:00,619.0
2023-01-03 00:15:00+00:00,619.0
2023-01-03 00:15:50+00:00,619.0
2023-01-03 00:16:40+00:00,619.0
2023-01-03 00:17:30+00:00,619.0
2023-01-03 00:18:20+00:00,619.0
2023-01-03 00:19:10+00:00,619.0
2023-01-03 00:20:00+00:00,619.0
2023-01-03 00:20:50+00:00,619.0
2023-01-03 00:21:40+00:00,619.0
2023-01-03 00:22:30+00:00,619.0
2023-01-03 00:23:20+00:00,618.0
2023-01-03 00:24:10+00:00,618.0
2023-01-03 00:25:00+00:00,618.0
2023-01-03 00:25:50+00:00,618.0
2023-01-03 00:26:40+00:00,618.0
2023-01-03 00:27:30+00:00,618.0
2023-01-03 00:28:20+00:00,618.0
2023-01-03 00:29:10+00:00,618.0
2023-01-03 00:30:00+00:00,618.0
2023-01-03 00:30:50+00:00,618.0
2023-01-03 00:31:40+00:00,618.0
2023-01-03 00:32:30+00:00,618.0
2023-01-03 00:33:20+00:00,618.0
2023-01-03 00:34:10+00:00,618.0
2023-01-03 00:35:00+00:00,618.0
2023-01-03 00:35:50+00:00,618.0
2023-01-03 00:36:40+00:00,618.0
2023-01-03 00:37:30+00:00,618.0
2023-01-03 00:38:20+00:00,618.0
2023-01-03 00:39:10+00:00,618.0
2023-01-03 00:40:00+00:00,618.0
2023-01-03 00:40:50+00:00,618.0
2023-01-03 00:41:40+00:00,618.0
2023-01-03 00:42:30+00:00,618.0
2023-01-03 00:43:20+00:00,618.0
2023-01-03 00:44:10+00:00,618.0
2023-01-03 00:45:00+00:00,618.0
2023-01-03 00:45:50+00:00,618.0
2023-01-03 00:46:40+00:00,618.0
2023-01-03 00:47:30+00:00,618.0
2023-01-03 00:48:20+00:00,618.0
2023-01-03 00:49:10+00:00,618.0
2023-01-03 00:50:00+00:00,618.0
2023-01-03 00:50:50+00:00,618.0
2023-01-03 00:51:40+00:00,618.0
2023-01-03 00:52:30+00:00,618.0
2023-01-03 00:53:20+00:00,618.0
2023-01-03 00:54:10+00:00,618.0
2023-01-03 00:55:00+00:00,618.0
2023-01-03 00:55:50+00:00,618.0
2023-01-03 00:56:40+00:00,618.0
2023-01-03 00:57:30+00:00,618.0
2023-01-03 00:58:20+00:00,618.0
2023-01-03 00:59:10+00:00,618.0
2023-01-03 01:00:00+00:00,618.0
2023-01-03 01:00:50+00:00,618.0
2023-01-03 01:01:40+00:00,618.0
2023-01-03 01:02:30+00:00,618.0
2023-01-03 01:03:20+00:00,618.0
2023-01-03 01:04:10+00:00,618.0
2023-01-03 01:05:00+00:00,618.0
2023-01-03 01:05:50+00:00,618.0
2023-01-03 01:06:40+00:00,618.0
2023-01-03 01:07:30+00:00,618.0
2023-01-03 01:08:20+00:00,618.0
2023-01-03 01:09:10+00:00,618.0
2023-01-03 01:10:00+00:00,618.0
2023-01-03 01:10:50+00:00,618.0
2023-01-03 01:11:40+00:00,618.0
2023-01-03 01:12:30+00:00,618.0
2023-01-03 01:13:20+00:00,618.0
2023-01-03 01:14:10+00:00,618.0
2023-01-03 01:15:00+00:00,618.0
2023-01-03 01:15:50+00:00,618.0
2023-01-03 01:16:40+00:00,618.0
2023-01-03 01:17:30+00:00,618.0
2023-01-03 01:18:20+00:00,618.0
2023-01-03 01:19:10+00:00,618.0
2023-01-03 01:20:00+00:00,618.0
2023-01-03 01:20:50+00:00,618.0
2023-01-03 01:21:40+00:00,618.0
2023-01-03 01:22:30+00:00,618.0
2023-01-03 01:23:20+00:00,618.0
2023-01-03 01:24:10+00:00,618.0
2023-01-03 01:25:00+00:00,618.0
2023-01-03 01:25:50+00:00,618.0
2023-01-03 01:26:40+00:00,618.0
2023-01-03 01:27:30+00:00,618.0
2023-01-03 01:28:20+00:00,618.0
2023-01-03 01:29:10+00:00,618.0
2023-01-03 01:30:00+00:00,618.0
2023-01-03 01:30:50+00:00,618.0
2023-01-03 01:31:40+00:00,618.0
2023-01-03 01:32:30+00:00,618.0
2023-01-03 01:33:20+00:00,618.0
2023-01-03 01:34:10+00:00,618.0
2023-01-03 01:35:00+00:00,618.0
2023-01-03 01:35:50+00:00,618.0
2023-01-03 01:36:40+00:00,618.0
2023-01-03 01:37:30+00:00,618.0
2023-01-03 01:38:20+00:00,618.0
2023-01-03 01:39:10+00:00,618.0
2023-01-03 01:40:00+00:00,618.0
2023-01-03 01:40:50+00:00,618.0
2023-01-03 01:41:40+00:00,618.0
2023-01-03 01:42:30+00:00,618.0
2023-01-03 01:43:20+00:00,618.0
2023-01-03 01:44:10+00:00,618.0
2023-01-03 01:45:00+00:00,618.0
2023-01-03 01:45:50+00:00,618.0
2023-01-03 01:46:40+00:00,618.0
2023-01-03 01:47:30+00:00,618.0
2023-01-03 01:48:20+00:00,618.0
2023-01-03 01:49:10+00:00,618.0
2023-01-03 01:50:00+00:00,618.0
2023-01-03 01:50:50+00:00,618.0
2023-01-03 01:51:40+00:00,618.0
2023-01-03 01:52:30+00:00,618.0
2023-01-03 01:53:20+00:00,618.0
2023-01-03 01:54:10+00:00,618.0
2023-01-03 01:55:00+00:00,618.0
2023-01-03 01:55:50+00:00,618.0
2023-01-03 01:56:40+00:00,618.0
2023-01-03 01:57:30+00:00,618.0
2023-01-03 01:58:20+00:00,618.0
2023-01-03 01:59:10+00:00,618.0
2023-01-03 02:00:00+00:00,618.0
2023-01-03 02:00:50+00:00,618.0
2023-01-03 02:01:40+00:00,618.0
2023-01-03 02:02:30+00:00,618.0
2023-01-03 02:03:20+00:00,618.0
2023-01-03 02:04:10+00:00,618.0
2023-01-03 02:05:00+00:00,618.0
2023-01-03 02:05:50+00:00,618.0
2023-01-03 02:06:40+00:00,618.0
2023-01-03 02:07:30+00:00,618.0
2023-01-03 02:08:20+00:00,618.0
2023-01-03 02:09:10+00:00,618.0
2023-01-03 02:10:00+00:00,618.0
2023-01-03 02:10:50+00:00,618.0
2023-01-03 02:11:40+00:00,618.0
2023-01-03 02:12:30+00:00,618.0
2023-01-03 02:13:20+00:00,618.0
2023-01-03 02:14:10+00:00,618.0
2023-01-03 02:15:00+00:00,618.0
2023-01-03 02:15:50+00:00,618.0
2023-01-03 02:16:40+00:00,618.0
2023-01-03 02:17:30+00:00,618.0
2023-01-03 02:18:20+00:00,618.0
2023-01-03 02:19:10+00:00,618.0
2023-01-03 02:20:00+00:00,618.0
2023-01-03 02:20:50+00:00,618.0
2023-01-03 02:21:40+00:00,618.0
2023-01-03 02:22:30+00:00,618.0
2023-01-03 02:23:20+00:00,618.0
2023-01-03 02:24:10+00:00,618.0
2023-01-03 02:25:00+00:00,618.0
2023-01-03 02:25:50+00:00,618.0
2023-01-03 02:26:40+00:00,618.0
2023-01-03 02:27:30+00:00,618.0
2023-01-03 02:28:20+00:00,618.0
2023-01-03 02:29:10+00:00,618.0
2023-01-03 02:30:00+00:00,618.0
2023-01-03 02:30:50+00:00,618.0
2023-01-03 02:31:40+00:00,618.0
2023-01-03 02:32:30+00:00,618.0
2023-01-03 02:33:20+00:00,618.0
2023-01-03 02:34:10+00:00,618.0
2023-01-03 02:35:00+00:00,618.0
2023-01-03 02:35:50+00:00,618.0
2023-01-03 02:36:40+00:00,618.0
2023-01-03 02:37:30+00:00,618.0
2023-01-03 02:38:20+00:00,618.0
2023-01-03 02:39:10+00:00,618.0
2023-01-03 02:40:00+00:00,618.0
2023-01-03 02:40:50+00:00,618.0
2023-01-03 02:41:40+00:00,618.0
2023-01-03 02:42:30+00:00,618.0
2023-01-03 02:43:20+00:00,618.0
2023-01-03 02:44:10+00:00,618.0
2023-01-03 02:45:00+00:00,618.0
2023-01-03 02:45:50+00:00,618.0
2023-01-03 02:46:40+00:00,618.0
2023-01-03 02:47:30+00:00,618.0
2023-01-03 02:48:20+00:00,618.0
2023-01-03 02:49:10+00:00,618.0
2023-01-03 02:50:00+00:00,618.0
2023-01-03 02:50:50+00:00,618.0
2023-01-03 02:51:40+00:00,618.0
2023-01-03 02:52:30+00:00,618.0
2023-01-03 02:53:20+00:00,618.0
2023-01-03 02:54:10+00:00,618.0
2023-01-03 02:55:00+00:00,618.0
2023-01-03 02:55:50+00:00,618.0
2023-01-03 02:56:40+00:00,618.0
2023-01-03 02:57:30+00:00,618.0
2023-01-03 02:58:20+00:00,618.0
2023-01-03 02:59:10+00:00,618.0
2023-01-03 03:00:00+00:00,618.0
2023-01-03 03:00:50+00:00,618.0
2023-01-03 03:01:40+00:00,618.0
2023-01-03 03:02:30+00:00,618.0
2023-01-03 03:03:20+00:00,618.0
2023-01-03 03:04:10+00:00,618.0
2023-01-03 03:05:00+00:00,618.0
2023-01-03 03:05:50+00:00,618.0
2023-01-03 03:06:40+00:00,618.0
2023-01-03 03:07:30+00:00,618.0
2023-01-03 03:08:20+00:00,618.0
2023-01-03 03:09:10+00:00,618.0
2023-01-03 03:10:00+00:00,618.0
2023-01-03 03:10:50+00:00,618.0
2023-01-03 03:11:40+00:00,618.0
2023-01-03 03:12:30+00:00,618.0
2023-01-03 03:13:20+00:00,618.0
2023-01-03 03:14:10+00:00,618.0
2023-01-03 03:15:00+00:00,618.0
2023-01-03 03:15:50+00:00,618.0
2023-01-03 03:16:40+00:00,618.0
2023-01-03 03:17:30+00:00,618.0
2023-01-03 03:18:20+00:00,618.0
2023-01-03 03:19:10+00:00,618.0
2023-01-03 03:20:00+00:00,618.0
2023-01-03 03:20:50+00:00,618.0
2023-01-03 03:21:40+00:00,618.0
2023-01-03 03:22:30+00:00,618.0
2023-01-03 03:23:20+00:00,618.0
2023-01-03 03:24:10+00:00,618.0
2023-01-03 03:25:00+00:00,618.0
2023-01-03 03:25:50+00:00,618.0
2023-01-03 03:26:40+00:00,618.0
2023-01-03 03:27:30+00:00,618.0
2023-01-03 03:28:20+00:00,618.0
2023-01-03 03:29:10+00:00,618.0
2023-01-03 03:30:00+00:00,618.0
2023-01-03 03:30:50+00:00,618.0
2023-01-03 03:31:40+00:00,618.0
2023-01-03 03:32:30+00:00,618.0
2023-01-03 03:33:20+00:00,618.0
2023-01-03 03:34:10+00:00,618.0
2023-01-03 03:35:00+00:00,618.0
2023-01-03 03:35:50+00:00,618.0
2023-01-03 03:36:40+00:00,618.0
2023-01-03 03:37:30+00:00,618.0
2023-01-03 03:38:20+00:00,618.0
2023-01-03 03:39:10+00:00,618.0
2023-01-03 03:40:00+00:00,618.0
2023-01-03 03:40:50+00:00,618.0
2023-01-03 03:41:40+00:00,618.0
2023-01-03 03:42:30+00:00,618.0
2023-01-03 03:43:20+00:00,618.0
2023-01-03 03:44:10+00:00,618.0
2023-01-03 03:45:00+00:00,618.0
2023-01-03 03:45:50+00:00,618.0
2023-01-03 03:46:40+00:00,618.0
2023-01-03 03:47:30+00:00,618.0
2023-01-03 03:48:20+00:00,618.0
2023-01-03 03:49:10+00:00,618.0
2023-01-03 03:50:00+00:00,618.0
2023-01-03 03:50:50+00:00,618.0
2023-01-03 03:51:40+00:00,618.0
2023-01-03 03:52:30+00:00,618.0
2023-01-03 03:53:20+00:00,618.0
2023-01-03 03:54:10+00:00,618.0
2023-01-03 03:55:00+00:00,618.0
2023-01-03 03:55:50+00:00,618.0
2023-01-03 03:56:40+00:00,618.0
2023-01-03 03:57:30+00:00,618.0
2023-01-03 03:58:20+00:00,618.0
2023-01-03 03:59:10+00:00,618.0
2023-01-03 04:00:00+00:00,618.0
2023-01-03 04:00:50+00:00,618.0
2023-01-03 04:01:40+00:00,618.0
2023-01-03 04:02:30+00:00,618.0
2023-01-03 04:03:20+00:00,618.0
2023-01-03 04:04:10+00:00,618.0
2023-01-03 04:05:00+00:00,618.0
2023-01-03 04:05:50+00:00,618.0
2023-01-03 04:06:40+00:00,618.0
2023-01-03 04:07:30+00:00,618.0
2023-01-03 04:08:20+00:00,618.0
2023-01-03 04:09:10+00:00,618.0
2023-01-03 04:10:00+00:00,618.0
2023-01-03 04:10:50+00:00,618.0
2023-01-03 04:11:40+00:00,618.0
2023-01-03 04:12:30+00:00,618.0
2023-01-03 04:13:20+00:00,618.0
2023-01-03 04:14:10+00:00,618.0
2023-01-03 04:15:00+00:00,618.0
2023-01-03 04:15:50+00:00,618.0
2023-01-03 04:16:40+00:00,618.0
2023-01-03 04:17:30+00:00,618.0
2023-01-03 04:18:20+00:00,618.0
2023-01-03 04:19:10+00:00,618.0
2023-01-03 04:20:00+00:00,618.0
2023-01-03 04:20:50+00:00,618.0
2023-01-03 04:21:40+00:00,618.0
2023-01-03 04:22:30+00:00,618.0
2023-01-03 04:23:20+00:00,618.0
2023-01-03 04:24:10+00:00,618.0
2023-01-03 04:25:00+00:00,618.0
2023-01-03 04:25:50+00:00,618.0
2023-01-03 04:26:40+00:00,618.0
2023-01-03 04:27:30+00:00,618.0
2023-01-03 04:28:20+00:00,618.0
2023-01-03 04:29:10+00:00,618.0
2023-01-03 04:30:00+00:00,618.0
2023-01-03 04:30:50+00:00,618.0
2023-01-03 04:31:40+00:00,618.0
2023-01-03 04:32:30+00:00,618.0
2023-01-03 04:33:20+00:00,618.0
2023-01-03 04:34:10+00:00,618.0
2023-01-03 04:35:00+00:00,618.0
2023-01-03 04:35:50+00:00,618.0
2023-01-03 04:36:40+00:00,618.0
2023-01-03 04:37:30+00:00,618.0
2023-01-03 04:38:20+00:00,618.0
2023-01-03 04:39:10+00:00,611.0
2023-01-03 04:40:00+00:00,615.0
2023-01-03 04:40:50+00:00,583.0
2023-01-03 04:41:40+00:00,586.0
2023-01-03 04:42:30+00:00,576.0
2023-01-03 04:43:20+00:00,579.0
2023-01-03 04:44:10+00:00,587.0
2023-01-03 04:45:00+00:00,583.0
2023-01-03 04:45:50+00:00,609.0
2023-01-03 04:46:40+00:00,613.0
2023-01-03 04:47:30+00:00,614.0
2023-01-03 04:48:20+00:00,614.0
2023-01-03 04:49:10+00:00,615.0
2023-01-03 04:50:00+00:00,615.0
2023-01-03 04:50:50+00:00,615.0
2023-01-03 04:51:40+00:00,615.0
2023-01-03 04:52:30+00:00,615.0
2023-01-03 04:53:20+00:00,615.0
2023-01-03 04:54:10+00:00,616.0
2023-01-03 04:55:00+00:00,616.0
2023-01-03 04:55:50+00:00,616.0
2023-01-03 04:56:40+00:00,616.0
2023-01-03 04:57:30+00:00,616.0
2023-01-03 04:58:20+00:00,616.0
2023-01-03 04:59:10+00:00,616.0
2023-01-03 05:00:00+00:00,616.0
2023-01-03 05:00:50+00:00,616.0
2023-01-03 05:01:40+00:00,616.0
2023-01-03 05:02:30+00:00,616.0
2023-01-03 05:03:20+00:00,616.0
2023-01-03 05:04:10+00:00,616.0
2023-01-03 05:05:00+00:00,616.0
2023-01-03 05:05:50+00:00,616.0
2023-01-03 05:06:40+00:00,616.0
2023-01-03 05:07:30+00:00,616.0
2023-01-03 05:08:20+00:00,616.0
2023-01-03 05:09:10+00:00,616.0
2023-01-03 05:10:00+00:00,616.0
2023-01-03 05:10:50+00:00,616.0
2023-01-03 05:11:40+00:00,616.0
2023-01-03 05:12:30+00:00,616.0
2023-01-03 05:13:20+00:00,616.0
2023-01-03 05:14:10+00:00,616.0
2023-01-03 05:15:00+00:00,616.0
2023-01-03 05:15:50+00:00,616.0
2023-01-03 05:16:40+00:00,619.0
2023-01-03 05:17:30+00:00,618.0
2023-01-03 05:18:20+00:00,618.0
2023-01-03 05:19:10+00:00,617.0
2023-01-03 05:20:00+00:00,617.0
2023-01-03 05:20:50+00:00,617.0
2023-01-03 05:21:40+00:00,617.0
2023-01-03 05:22:30+00:00,617.0
2023-01-03 05:23:20+00:00,617.0
2023-01-03 05:24:10+00:00,617.0
2023-01-03 05:25:00+00:00,617.0
2023-01-03 05:25:50+00:00,617.0
2023-01-03 05:26:40+00:00,617.0
2023-01-03 05:27:30+00:00,617.0
2023-01-03 05:28:20+00:00,617.0
2023-01-03 05:29:10+00:00,617.0
2023-01-03 05:30:00+00:00,617.0
2023-01-03 05:30:50+00:00,617.0
2023-01-03 05:31:40+00:00,617.0
2023-01-03 05:32:30+00:00,617.0
2023-01-03 05:33:20+00:00,617.0
2023-01-03 05:34:10+00:00,617.0
2023-01-03 05:35:00+00:00,617.0
2023-01-03 05:35:50+00:00,617.0
2023-01-03 05:36:40+00:00,580.0
2023-01-03 05:37:30+00:00,611.0
2023-01-03 05:38:20+00:00,576.0
2023-01-03 05:39:10+00:00,585.0
2023-01-03 05:40:00+00:00,584.0
2023-01-03 05:40:50+00:00,584.0
2023-01-03 05:41:40+00:00,575.0
2023-01-03 05:42:30+00:00,610.0
2023-01-03 05:43:20+00:00,612.0
2023-01-03 05:44:10+00:00,613.0
2023-01-03 05:45:00+00:00,613.0
2023-01-03 05:45:50+00:00,613.0
2023-01-03 05:46:40+00:00,617.0
2023-01-03 05:47:30+00:00,646.0
2023-01-03 05:48:20+00:00,660.0
2023-01-03 05:49:10+00:00,660.0
2023-01-03 05:50:00+00:00,630.0
2023-01-03 05:50:50+00:00,630.0
2023-01-03 05:51:40+00:00,626.0
2023-01-03 05:52:30+00:00,625.0
2023-01-03 05:53:20+00:00,624.0
2023-01-03 05:54:10+00:00,623.0
2023-01-03 05:55:00+00:00,595.0
2023-01-03 05:55:50+00:00,586.0
2023-01-03 05:56:40+00:00,574.0
2023-01-03 05:57:30+00:00,609.0
2023-01-03 05:58:20+00:00,611.0
2023-01-03 05:59:10+00:00,634.0
2023-01-03 06:00:00+00:00,668.0
2023-01-03 06:00:50+00:00,690.0
2023-01-03 06:01:40+00:00,668.0
2023-01-03 06:02:30+00:00,661.0
2023-01-03 06:03:20+00:00,680.0
2023-01-03 06:04:10+00:00,636.0
2023-01-03 06:05:00+00:00,631.0
2023-01-03 06:05:50+00:00,629.0
2023-01-03 06:06:40+00:00,628.0
2023-01-03 06:07:30+00:00,627.0
2023-01-03 06:08:20+00:00,626.0
2023-01-03 06:09:10+00:00,626.0
2023-01-03 06:10:00+00:00,625.0
2023-01-03 06:10:50+00:00,625.0
2023-01-03 06:11:40+00:00,625.0
2023-01-03 06:12:30+00:00,625.0
2023-01-03 06:13:20+00:00,624.0
2023-01-03 06:14:10+00:00,624.0
2023-01-03 06:15:00+00:00,624.0
2023-01-03 06:15:50+00:00,624.0
2023-01-03 06:16:40+00:00,623.0
2023-01-03 06:17:30+00:00,623.0
2023-01-03 06:18:20+00:00,623.0
2023-01-03 06:19:10+00:00,623.0
2023-01-03 06:20:00+00:00,623.0
2023-01-03 06:20:50+00:00,623.0
2023-01-03 06:21:40+00:00,623.0
2023-01-03 06:22:30+00:00,623.0
2023-01-03 06:23:20+00:00,623.0
2023-01-03 06:24:10+00:00,622.0
2023-01-03 06:25:00+00:00,622.0
2023-01-03 06:25:50+00:00,622.0
2023-01-03 06:26:40+00:00,622.0
2023-01-03 06:27:30+00:00,622.0
2023-01-03 06:28:20+00:00,622.0
2023-01-03 06:29:10+00:00,622.0
2023-01-03 06:30:00+00:00,622.0
2023-01-03 06:30:50+00:00,622.0
2023-01-03 06:31:40+00:00,622.0
2023-01-03 06:32:30+00:00,622.0
2023-01-03 06:33:20+00:00,622.0
2023-01-03 06:34:10+00:00,622.0
2023-01-03 06:35:00+00:00,621.0
2023-01-03 06:35:50+00:00,621.0
2023-01-03 06:36:40+00:00,621.0
2023-01-03 06:37:30+00:00,621.0
2023-01-03 06:38:20+00:00,621.0
2023-01-03 06:39:10+00:00,621.0
2023-01-03 06:40:00+00:00,621.0
2023-01-03 06:40:50+00:00,621.0
2023-01-03 06:41:40+00:00,621.0
2023-01-03 06:42:30+00:00,621.0
2023-01-03 06:43:20+00:00,593.0
2023-01-03 06:44:10+00:00,618.0
2023-01-03 06:45:00+00:00,619.0
2023-01-03 06:45:50+00:00,619.0
2023-01-03 06:46:40+00:00,619.0
2023-01-03 06:47:30+00:00,620.0
2023-01-03 06:48:20+00:00,620.0
2023-01-03 06:49:10+00:00,620.0
2023-01-03 06:50:00+00:00,620.0
2023-01-03 06:50:50+00:00,620.0
2023-01-03 06:51:40+00:00,620.0
2023-01-03 06:52:30+00:00,620.0
2023-01-03 06:53:20+00:00,620.0
2023-01-03 06:54:10+00:00,620.0
2023-01-03 06:55:00+00:00,616.0
2023-01-03 06:55:50+00:00,615.0
2023-01-03 06:56:40+00:00,617.0
2023-01-03 06:57:30+00:00,618.0
2023-01-03 06:58:20+00:00,615.0
2023-01-03 06:59:10+00:00,617.0
2023-01-03 07:00:00+00:00,617.0
2023-01-03 07:00:50+00:00,635.0
2023-01-03 07:01:40+00:00,650.0
2023-01-03 07:02:30+00:00,664.0
2023-01-03 07:03:20+00:00,666.0
2023-01-03 07:04:10+00:00,633.0
2023-01-03 07:05:00+00:00,629.0
2023-01-03 07:05:50+00:00,628.0
2023-01-03 07:06:40+00:00,627.0
2023-01-03 07:07:30+00:00,626.0
2023-01-03 07:08:20+00:00,626.0
2023-01-03 07:09:10+00:00,625.0
2023-01-03 07:10:00+00:00,625.0
2023-01-03 07:10:50+00:00,625.0
2023-01-03 07:11:40+00:00,624.0
2023-01-03 07:12:30+00:00,624.0
2023-01-03 07:13:20+00:00,624.0
2023-01-03 07:14:10+00:00,621.0
2023-01-03 07:15:00+00:00,622.0
2023-01-03 07:15:50+00:00,622.0
2023-01-03 07:16:40+00:00,622.0
2023-01-03 07:17:30+00:00,622.0
2023-01-03 07:18:20+00:00,622.0
2023-01-03 07:19:10+00:00,622.0
2023-01-03 07:20:00+00:00,622.0
2023-01-03 07:20:50+00:00,622.0
2023-01-03 07:21:40+00:00,621.0
2023-01-03 07:22:30+00:00,621.0
2023-01-03 07:23:20+00:00,621.0
2023-01-03 07:24:10+00:00,621.0
2023-01-03 07:25:00+00:00,621.0
2023-01-03 07:25:50+00:00,621.0
2023-01-03 07:26:40+00:00,621.0
2023-01-03 07:27:30+00:00,621.0
2023-01-03 07:28:20+00:00,621.0
2023-01-03 07:29:10+00:00,621.0
2023-01-03 07:30:00+00:00,621.0
2023-01-03 07:30:50+00:00,621.0
2023-01-03 07:31:40+00:00,621.0
2023-01-03 07:32:30+00:00,621.0
