DateAndTime,U_DC_Batt
2023-04-01 00:00:00,6255.0
2023-04-01 00:10:48,6040.0
2023-04-01 00:21:36,6149.0
2023-04-01 00:32:24,6129.0
2023-04-01 00:43:12,6359.0
2023-04-01 00:54:00,6189.0
2023-04-01 01:04:48,6125.0
2023-04-01 01:15:36,6147.0
2023-04-01 01:26:24,6001.0
2023-04-01 01:37:12,5839.0
2023-04-01 01:48:00,6101.0
2023-04-01 01:58:48,5899.0
2023-04-01 02:09:36,5894.0
2023-04-01 02:20:24,5758.0
2023-04-01 02:31:12,6380.0
2023-04-01 02:42:00,6205.0
2023-04-01 02:52:48,6532.0
2023-04-01 03:03:36,6266.0
2023-04-01 03:14:24,6562.0
2023-04-01 03:25:12,6049.0
2023-04-01 03:36:00,6183.0
2023-04-01 03:46:48,6392.0
2023-04-01 03:57:36,6477.0
2023-04-01 04:08:24,6800.0
2023-04-01 04:19:12,6309.0
2023-04-01 04:30:00,6275.0
2023-04-01 04:40:48,6261.0
2023-04-01 04:51:36,6250.0
2023-04-01 05:02:24,6243.0
2023-04-01 05:13:12,6237.0
2023-04-01 05:24:00,6232.0
2023-04-01 05:34:48,6235.0
2023-04-01 05:45:36,6226.0
2023-04-01 05:56:24,6223.0
2023-04-01 06:07:12,6526.0
2023-04-01 06:18:00,6592.0
2023-04-01 06:28:48,6268.0
2023-04-01 06:39:36,6253.0
2023-04-01 06:50:24,6681.0
2023-04-01 07:01:12,6285.0
2023-04-01 07:12:00,6262.0
2023-04-01 07:22:48,6250.0
2023-04-01 07:33:36,6244.0
2023-04-01 07:44:24,6238.0
2023-04-01 07:55:12,6235.0
2023-04-01 08:06:00,6231.0
2023-04-01 08:16:48,6227.0
2023-04-01 08:27:36,6225.0
2023-04-01 08:38:24,6223.0
2023-04-01 08:49:12,6221.0
2023-04-01 09:00:00,6220.0
2023-04-01 09:10:48,6215.0
2023-04-01 09:21:36,6215.0
2023-04-01 09:32:24,6215.0
2023-04-01 09:43:12,6213.0
2023-04-01 09:54:00,6213.0
2023-04-01 10:04:48,6211.0
2023-04-01 10:15:36,6209.0
2023-04-01 10:26:24,6209.0
2023-04-01 10:37:12,6209.0
2023-04-01 10:48:00,6209.0
2023-04-01 10:58:48,6207.0
2023-04-01 11:09:36,6207.0
2023-04-01 11:20:24,6207.0
2023-04-01 11:31:12,6207.0
2023-04-01 11:42:00,6205.0
2023-04-01 11:52:48,6203.0
2023-04-01 12:03:36,6203.0
2023-04-01 12:14:24,6203.0
2023-04-01 12:25:12,6203.0
2023-04-01 12:36:00,6203.0
2023-04-01 12:46:48,6202.0
2023-04-01 12:57:36,6201.0
2023-04-01 13:08:24,6201.0
2023-04-01 13:19:12,6201.0
2023-04-01 13:30:00,6201.0
2023-04-01 13:40:48,6201.0
2023-04-01 13:51:36,6201.0
2023-04-01 14:02:24,6201.0
2023-04-01 14:13:12,6199.0
2023-04-01 14:24:00,6926.0
2023-04-01 14:34:48,6327.0
2023-04-01 14:45:36,6289.0
2023-04-01 14:56:24,6274.0
2023-04-01 15:07:12,6265.0
2023-04-01 15:18:00,6259.0
2023-04-01 15:28:48,6256.0
2023-04-01 15:39:36,6250.0
2023-04-01 15:50:24,6247.0
2023-04-01 16:01:12,6244.0
2023-04-01 16:12:00,6243.0
2023-04-01 16:22:48,6241.0
2023-04-01 16:33:36,6238.0
2023-04-01 16:44:24,6238.0
2023-04-01 16:55:12,6235.0
2023-04-01 17:06:00,6235.0
2023-04-01 17:16:48,6232.0
2023-04-01 17:27:36,6232.0
2023-04-01 17:38:24,6232.0
2023-04-01 17:49:12,5921.0
2023-04-01 18:00:00,5876.0
2023-04-01 18:10:48,5877.0
2023-04-01 18:21:36,6107.0
2023-04-01 18:32:24,6159.0
2023-04-01 18:43:12,6154.0
2023-04-01 18:54:00,6828.0
2023-04-01 19:04:48,6265.0
2023-04-01 19:15:36,6295.0
2023-04-01 19:26:24,6378.0
2023-04-01 19:37:12,5989.0
2023-04-01 19:48:00,6355.0
2023-04-01 19:58:48,6303.0
2023-04-01 20:09:36,5805.0
2023-04-01 20:20:24,6135.0
2023-04-01 20:31:12,6359.0
2023-04-01 20:42:00,6467.0
2023-04-01 20:52:48,6237.0
2023-04-01 21:03:36,6031.0
2023-04-01 21:14:24,6191.0
2023-04-01 21:25:12,6426.0
2023-04-01 21:36:00,6732.0
2023-04-01 21:46:48,6239.0
2023-04-01 21:57:36,6277.0
2023-04-01 22:08:24,6190.0
2023-04-01 22:19:12,5884.0
2023-04-01 22:30:00,6529.0
2023-04-01 22:40:48,6489.0
2023-04-01 22:51:36,6250.0
2023-04-01 23:02:24,6235.0
2023-04-01 23:13:12,6068.0
2023-04-01 23:24:00,6218.0
2023-04-01 23:34:48,6118.0
2023-04-01 23:45:36,6434.0
2023-04-01 23:56:24,5975.0
2023-04-02 00:07:12,5847.0
2023-04-02 00:18:00,6638.0
2023-04-02 00:28:48,6530.0
2023-04-02 00:39:36,6091.0
2023-04-02 00:50:24,6293.0
2023-04-02 01:01:12,5909.0
2023-04-02 01:12:00,6195.0
2023-04-02 01:22:48,6190.0
2023-04-02 01:33:36,5996.0
2023-04-02 01:44:24,6123.0
2023-04-02 01:55:12,6400.0
2023-04-02 02:06:00,6094.0
2023-04-02 02:16:48,6526.0
2023-04-02 02:27:36,6467.0
2023-04-02 02:38:24,6439.0
2023-04-02 02:49:12,6436.0
2023-04-02 03:00:00,6470.0
2023-04-02 03:10:48,6169.0
2023-04-02 03:21:36,6281.0
2023-04-02 03:32:24,6185.0
2023-04-02 03:43:12,6169.0
2023-04-02 03:54:00,6184.0
2023-04-02 04:04:48,6201.0
2023-04-02 04:15:36,6582.0
2023-04-02 04:26:24,6406.0
2023-04-02 04:37:12,6265.0
2023-04-02 04:48:00,6250.0
2023-04-02 04:58:48,6240.0
2023-04-02 05:09:36,6232.0
2023-04-02 05:20:24,6228.0
2023-04-02 05:31:12,6223.0
2023-04-02 05:42:00,6223.0
2023-04-02 05:52:48,6215.0
2023-04-02 06:03:36,6214.0
2023-04-02 06:14:24,6213.0
2023-04-02 06:25:12,6209.0
2023-04-02 06:36:00,6209.0
2023-04-02 06:46:48,6207.0
2023-04-02 06:57:36,6209.0
2023-04-02 07:08:24,6207.0
2023-04-02 07:19:12,6203.0
2023-04-02 07:30:00,6203.0
2023-04-02 07:40:48,6201.0
2023-04-02 07:51:36,6203.0
2023-04-02 08:02:24,6201.0
2023-04-02 08:13:12,6130.0
2023-04-02 08:24:00,6160.0
2023-04-02 08:34:48,6106.0
2023-04-02 08:45:36,6211.0
2023-04-02 08:56:24,6309.0
2023-04-02 09:07:12,5986.0
2023-04-02 09:18:00,5950.0
2023-04-02 09:28:48,6080.0
2023-04-02 09:39:36,5833.0
2023-04-02 09:50:24,5923.0
2023-04-02 10:01:12,6488.0
2023-04-02 10:12:00,6424.0
2023-04-02 10:22:48,6681.0
2023-04-02 10:33:36,6854.0
2023-04-02 10:44:24,6383.0
2023-04-02 10:55:12,6295.0
2023-04-02 11:06:00,6274.0
2023-04-02 11:16:48,6259.0
2023-04-02 11:27:36,6250.0
2023-04-02 11:38:24,6244.0
2023-04-02 11:49:12,6670.0
2023-04-02 12:00:00,6613.0
2023-04-02 12:10:48,6301.0
2023-04-02 12:21:36,6280.0
2023-04-02 12:32:24,6268.0
2023-04-02 12:43:12,6309.0
2023-04-02 12:54:00,6268.0
2023-04-02 13:04:48,6256.0
2023-04-02 13:15:36,6250.0
2023-04-02 13:26:24,6244.0
2023-04-02 13:37:12,6241.0
2023-04-02 13:48:00,6238.0
2023-04-02 13:58:48,6235.0
2023-04-02 14:09:36,6608.0
2023-04-02 14:20:24,6333.0
2023-04-02 14:31:12,6298.0
2023-04-02 14:42:00,6283.0
2023-04-02 14:52:48,6274.0
2023-04-02 15:03:36,6268.0
2023-04-02 15:14:24,6264.0
2023-04-02 15:25:12,6259.0
2023-04-02 15:36:00,6256.0
2023-04-02 15:46:48,6253.0
2023-04-02 15:57:36,6250.0
2023-04-02 16:08:24,6250.0
2023-04-02 16:19:12,6247.0
2023-04-02 16:30:00,6246.0
2023-04-02 16:40:48,6244.0
2023-04-02 16:51:36,6242.0
2023-04-02 17:02:24,6220.0
2023-04-02 17:13:12,6229.0
2023-04-02 17:24:00,6229.0
2023-04-02 17:34:48,5983.0
2023-04-02 17:45:36,5865.0
2023-04-02 17:56:24,6141.0
2023-04-02 18:07:12,6050.0
2023-04-02 18:18:00,5971.0
2023-04-02 18:28:48,6105.0
2023-04-02 18:39:36,6113.0
2023-04-02 18:50:24,6121.0
2023-04-02 19:01:12,5881.0
2023-04-02 19:12:00,5784.0
2023-04-02 19:22:48,6135.0
2023-04-02 19:33:36,6528.0
2023-04-02 19:44:24,6662.0
2023-04-02 19:55:12,6293.0
2023-04-02 20:06:00,6123.0
2023-04-02 20:16:48,6232.0
2023-04-02 20:27:36,6226.0
2023-04-02 20:38:24,6733.0
2023-04-02 20:49:12,6271.0
2023-04-02 21:00:00,6247.0
2023-04-02 21:10:48,6189.0
2023-04-02 21:21:36,6197.0
2023-04-02 21:32:24,6232.0
2023-04-02 21:43:12,6575.0
2023-04-02 21:54:00,6277.0
2023-04-02 22:04:48,6241.0
2023-04-02 22:15:36,5804.0
2023-04-02 22:26:24,6500.0
2023-04-02 22:37:12,6262.0
2023-04-02 22:48:00,6241.0
2023-04-02 22:58:48,6229.0
2023-04-02 23:09:36,6223.0
2023-04-02 23:20:24,6215.0
2023-04-02 23:31:12,6213.0
2023-04-02 23:42:00,6209.0
2023-04-02 23:52:48,6223.0
2023-04-03 00:03:36,6208.0
2023-04-03 00:14:24,6205.0
2023-04-03 00:25:12,6203.0
2023-04-03 00:36:00,6201.0
2023-04-03 00:46:48,6199.0
2023-04-03 00:57:36,6197.0
2023-04-03 01:08:24,6197.0
2023-04-03 01:19:12,6195.0
2023-04-03 01:30:00,6483.0
2023-04-03 01:40:48,6209.0
2023-04-03 01:51:36,6227.0
2023-04-03 02:02:24,6262.0
2023-04-03 02:13:12,6236.0
2023-04-03 02:24:00,6303.0
2023-04-03 02:34:48,6274.0
2023-04-03 02:45:36,6259.0
2023-04-03 02:56:24,6250.0
2023-04-03 03:07:12,6780.0
2023-04-03 03:18:00,6301.0
2023-04-03 03:28:48,6274.0
2023-04-03 03:39:36,6262.0
2023-04-03 03:50:24,6256.0
2023-04-03 04:01:12,6250.0
2023-04-03 04:12:00,6244.0
2023-04-03 04:22:48,6241.0
2023-04-03 04:33:36,6238.0
2023-04-03 04:44:24,6235.0
2023-04-03 04:55:12,6232.0
2023-04-03 05:06:00,6232.0
2023-04-03 05:16:48,6229.0
2023-04-03 05:27:36,6229.0
2023-04-03 05:38:24,6226.0
2023-04-03 05:49:12,6226.0
2023-04-03 06:00:00,6223.0
2023-04-03 06:10:48,6223.0
2023-04-03 06:21:36,6223.0
2023-04-03 06:32:24,6220.0
2023-04-03 06:43:12,6220.0
2023-04-03 06:54:00,6220.0
2023-04-03 07:04:48,6215.0
2023-04-03 07:15:36,6215.0
2023-04-03 07:26:24,6215.0
2023-04-03 07:37:12,6214.0
2023-04-03 07:48:00,6214.0
2023-04-03 07:58:48,6213.0
2023-04-03 08:09:36,6213.0
2023-04-03 08:20:24,6213.0
2023-04-03 08:31:12,6211.0
2023-04-03 08:42:00,6209.0
2023-04-03 08:52:48,6209.0
2023-04-03 09:03:36,6209.0
2023-04-03 09:14:24,6209.0
2023-04-03 09:25:12,6209.0
2023-04-03 09:36:00,6209.0
2023-04-03 09:46:48,6208.0
2023-04-03 09:57:36,6207.0
2023-04-03 10:08:24,6207.0
2023-04-03 10:19:12,6207.0
2023-04-03 10:30:00,6207.0
2023-04-03 10:40:48,6207.0
2023-04-03 10:51:36,6207.0
2023-04-03 11:02:24,6207.0
2023-04-03 11:13:12,6207.0
2023-04-03 11:24:00,6203.0
2023-04-03 11:34:48,6203.0
2023-04-03 11:45:36,6203.0
2023-04-03 11:56:24,6203.0
2023-04-03 12:07:12,6203.0
2023-04-03 12:18:00,6203.0
2023-04-03 12:28:48,6203.0
2023-04-03 12:39:36,6203.0
2023-04-03 12:50:24,6203.0
2023-04-03 13:01:12,6203.0
2023-04-03 13:12:00,6226.0
2023-04-03 13:22:48,6213.0
2023-04-03 13:33:36,6209.0
2023-04-03 13:44:24,6207.0
2023-04-03 13:55:12,6207.0
2023-04-03 14:06:00,6540.0
2023-04-03 14:16:48,6347.0
2023-04-03 14:27:36,6292.0
2023-04-03 14:38:24,6279.0
2023-04-03 14:49:12,6269.0
2023-04-03 15:00:00,6263.0
2023-04-03 15:10:48,6293.0
2023-04-03 15:21:36,6343.0
2023-04-03 15:32:24,6280.0
2023-04-03 15:43:12,6265.0
2023-04-03 15:54:00,6259.0
2023-04-03 16:04:48,6253.0
2023-04-03 16:15:36,6250.0
2023-04-03 16:26:24,6247.0
2023-04-03 16:37:12,6244.0
2023-04-03 16:48:00,6241.0
2023-04-03 16:58:48,6239.0
2023-04-03 17:09:36,6238.0
2023-04-03 17:20:24,6237.0
2023-04-03 17:31:12,6235.0
2023-04-03 17:42:00,6234.0
2023-04-03 17:52:48,6232.0
2023-04-03 18:03:36,6215.0
2023-04-03 18:14:24,6221.0
2023-04-03 18:25:12,6223.0
2023-04-03 18:36:00,6223.0
2023-04-03 18:46:48,6223.0
2023-04-03 18:57:36,6223.0
2023-04-03 19:08:24,6223.0
2023-04-03 19:19:12,6223.0
2023-04-03 19:30:00,6220.0
2023-04-03 19:40:48,6220.0
2023-04-03 19:51:36,6220.0
2023-04-03 20:02:24,6299.0
2023-04-03 20:13:12,6253.0
2023-04-03 20:24:00,6241.0
2023-04-03 20:34:48,6235.0
2023-04-03 20:45:36,6231.0
2023-04-03 20:56:24,6229.0
2023-04-03 21:07:12,6226.0
2023-04-03 21:18:00,6223.0
2023-04-03 21:28:48,6769.0
2023-04-03 21:39:36,6323.0
2023-04-03 21:50:24,6301.0
2023-04-03 22:01:12,6289.0
2023-04-03 22:12:00,6280.0
2023-04-03 22:22:48,6664.0
2023-04-03 22:33:36,6706.0
2023-04-03 22:44:24,6457.0
2023-04-03 22:55:12,6361.0
2023-04-03 23:06:00,6335.0
2023-04-03 23:16:48,6323.0
2023-04-03 23:27:36,6315.0
2023-04-03 23:38:24,6309.0
2023-04-03 23:49:12,6301.0
2023-04-04 00:00:00,6298.0
2023-04-04 00:10:48,6295.0
2023-04-04 00:21:36,6292.0
2023-04-04 00:32:24,6289.0
2023-04-04 00:43:12,6286.0
2023-04-04 00:54:00,6285.0
2023-04-04 01:04:48,6283.0
2023-04-04 01:15:36,6281.0
2023-04-04 01:26:24,6280.0
2023-04-04 01:37:12,6277.0
2023-04-04 01:48:00,6277.0
2023-04-04 01:58:48,6275.0
2023-04-04 02:09:36,6274.0
2023-04-04 02:20:24,6274.0
2023-04-04 02:31:12,6273.0
2023-04-04 02:42:00,6271.0
2023-04-04 02:52:48,6271.0
2023-04-04 03:03:36,6271.0
2023-04-04 03:14:24,6271.0
2023-04-04 03:25:12,6268.0
2023-04-04 03:36:00,6268.0
2023-04-04 03:46:48,6268.0
2023-04-04 03:57:36,6268.0
2023-04-04 04:08:24,6268.0
2023-04-04 04:19:12,6267.0
2023-04-04 04:30:00,6265.0
2023-04-04 04:40:48,6265.0
2023-04-04 04:51:36,6265.0
2023-04-04 05:02:24,6244.0
2023-04-04 05:13:12,6051.0
2023-04-04 05:24:00,6223.0
2023-04-04 05:34:48,6244.0
2023-04-04 05:45:36,6213.0
2023-04-04 05:56:24,6223.0
2023-04-04 06:07:12,6209.0
2023-04-04 06:18:00,6226.0
2023-04-04 06:28:48,6229.0
2023-04-04 06:39:36,6229.0
2023-04-04 06:50:24,6229.0
2023-04-04 07:01:12,6229.0
2023-04-04 07:12:00,6229.0
2023-04-04 07:22:48,6229.0
2023-04-04 07:33:36,6229.0
2023-04-04 07:44:24,6229.0
2023-04-04 07:55:12,6229.0
2023-04-04 08:06:00,6229.0
2023-04-04 08:16:48,6229.0
2023-04-04 08:27:36,6227.0
2023-04-04 08:38:24,6226.0
2023-04-04 08:49:12,6226.0
2023-04-04 09:00:00,6226.0
2023-04-04 09:10:48,6226.0
2023-04-04 09:21:36,6226.0
2023-04-04 09:32:24,6226.0
2023-04-04 09:43:12,6226.0
2023-04-04 09:54:00,6743.0
2023-04-04 10:04:48,6353.0
2023-04-04 10:15:36,6316.0
2023-04-04 10:26:24,6301.0
2023-04-04 10:37:12,6292.0
2023-04-04 10:48:00,6286.0
2023-04-04 10:58:48,6283.0
2023-04-04 11:09:36,6279.0
2023-04-04 11:20:24,6275.0
2023-04-04 11:31:12,6273.0
2023-04-04 11:42:00,6271.0
2023-04-04 11:52:48,6268.0
2023-04-04 12:03:36,6267.0
2023-04-04 12:14:24,6265.0
2023-04-04 12:25:12,6263.0
2023-04-04 12:36:00,6262.0
2023-04-04 12:46:48,6261.0
2023-04-04 12:57:36,6259.0
2023-04-04 13:08:24,6259.0
2023-04-04 13:19:12,6407.0
2023-04-04 13:30:00,6309.0
2023-04-04 13:40:48,6292.0
2023-04-04 13:51:36,6283.0
2023-04-04 14:02:24,6275.0
2023-04-04 14:13:12,6271.0
2023-04-04 14:24:00,6267.0
2023-04-04 14:34:48,6263.0
2023-04-04 14:45:36,6262.0
2023-04-04 14:56:24,6259.0
2023-04-04 15:07:12,6256.0
2023-04-04 15:18:00,6256.0
2023-04-04 15:28:48,6253.0
2023-04-04 15:39:36,6252.0
2023-04-04 15:50:24,6250.0
2023-04-04 16:01:12,6250.0
2023-04-04 16:12:00,6247.0
2023-04-04 16:22:48,6247.0
2023-04-04 16:33:36,6247.0
2023-04-04 16:44:24,6247.0
2023-04-04 16:55:12,6244.0
2023-04-04 17:06:00,6244.0
2023-04-04 17:16:48,6244.0
2023-04-04 17:27:36,6244.0
2023-04-04 17:38:24,6243.0
2023-04-04 17:49:12,6241.0
2023-04-04 18:00:00,6241.0
2023-04-04 18:10:48,6241.0
2023-04-04 18:21:36,6241.0
2023-04-04 18:32:24,6229.0
2023-04-04 18:43:12,6235.0
2023-04-04 18:54:00,6235.0
2023-04-04 19:04:48,6235.0
2023-04-04 19:15:36,6237.0
2023-04-04 19:26:24,6235.0
2023-04-04 19:37:12,6235.0
2023-04-04 19:48:00,6235.0
2023-04-04 19:58:48,6235.0
2023-04-04 20:09:36,6235.0
2023-04-04 20:20:24,6235.0
2023-04-04 20:31:12,6235.0
2023-04-04 20:42:00,6235.0
2023-04-04 20:52:48,6235.0
2023-04-04 21:03:36,6235.0
2023-04-04 21:14:24,6235.0
2023-04-04 21:25:12,6235.0
2023-04-04 21:36:00,6235.0
2023-04-04 21:46:48,6233.0
2023-04-04 21:57:36,6233.0
2023-04-04 22:08:24,6233.0
2023-04-04 22:19:12,6232.0
2023-04-04 22:30:00,6232.0
2023-04-04 22:40:48,6223.0
2023-04-04 22:51:36,6226.0
2023-04-04 23:02:24,6229.0
2023-04-04 23:13:12,6229.0
2023-04-04 23:24:00,6229.0
2023-04-04 23:34:48,5941.0
2023-04-04 23:45:36,6223.0
2023-04-04 23:56:24,6226.0
2023-04-05 00:07:12,6229.0
2023-04-05 00:18:00,6229.0
2023-04-05 00:28:48,6211.0
2023-04-05 00:39:36,5829.0
2023-04-05 00:50:24,6203.0
2023-04-05 01:01:12,6209.0
2023-04-05 01:12:00,6211.0
2023-04-05 01:22:48,6213.0
2023-04-05 01:33:36,6201.0
2023-04-05 01:44:24,6145.0
2023-04-05 01:55:12,6179.0
2023-04-05 02:06:00,6201.0
2023-04-05 02:16:48,6203.0
2023-04-05 02:27:36,6203.0
2023-04-05 02:38:24,6205.0
2023-04-05 02:49:12,6207.0
2023-04-05 03:00:00,6207.0
2023-04-05 03:10:48,6207.0
2023-04-05 03:21:36,6207.0
2023-04-05 03:32:24,6207.0
2023-04-05 03:43:12,6207.0
2023-04-05 03:54:00,6179.0
2023-04-05 04:04:48,6197.0
2023-04-05 04:15:36,6201.0
2023-04-05 04:26:24,6203.0
2023-04-05 04:37:12,6203.0
2023-04-05 04:48:00,6203.0
2023-04-05 04:58:48,6117.0
2023-04-05 05:09:36,6179.0
2023-04-05 05:20:24,6185.0
2023-04-05 05:31:12,6189.0
2023-04-05 05:42:00,6191.0
2023-04-05 05:52:48,6143.0
2023-04-05 06:03:36,6044.0
2023-04-05 06:14:24,6173.0
2023-04-05 06:25:12,6179.0
2023-04-05 06:36:00,6183.0
2023-04-05 06:46:48,6183.0
2023-04-05 06:57:36,6475.0
2023-04-05 07:08:24,6233.0
2023-04-05 07:19:12,6217.0
2023-04-05 07:30:00,6209.0
2023-04-05 07:40:48,6881.0
2023-04-05 07:51:36,6724.0
2023-04-05 08:02:24,6423.0
2023-04-05 08:13:12,6333.0
2023-04-05 08:24:00,6311.0
2023-04-05 08:34:48,6733.0
2023-04-05 08:45:36,6808.0
2023-04-05 08:56:24,6800.0
2023-04-05 09:07:12,6383.0
2023-04-05 09:18:00,6353.0
2023-04-05 09:28:48,6335.0
2023-04-05 09:39:36,6327.0
2023-04-05 09:50:24,6319.0
2023-04-05 10:01:12,6313.0
2023-04-05 10:12:00,6309.0
2023-04-05 10:22:48,6340.0
2023-04-05 10:33:36,6337.0
2023-04-05 10:44:24,6970.0
2023-04-05 10:55:12,6359.0
2023-04-05 11:06:00,6340.0
2023-04-05 11:16:48,6327.0
2023-04-05 11:27:36,6321.0
2023-04-05 11:38:24,6315.0
2023-04-05 11:49:12,6310.0
2023-04-05 12:00:00,6307.0
2023-04-05 12:10:48,6303.0
2023-04-05 12:21:36,6299.0
2023-04-05 12:32:24,6298.0
2023-04-05 12:43:12,6295.0
2023-04-05 12:54:00,6292.0
2023-04-05 13:04:48,6292.0
2023-04-05 13:15:36,6289.0
2023-04-05 13:26:24,6289.0
2023-04-05 13:37:12,6287.0
2023-04-05 13:48:00,6286.0
2023-04-05 13:58:48,6286.0
2023-04-05 14:09:36,6285.0
2023-04-05 14:20:24,6283.0
2023-04-05 14:31:12,6283.0
2023-04-05 14:42:00,6283.0
2023-04-05 14:52:48,6280.0
2023-04-05 15:03:36,6280.0
2023-04-05 15:14:24,6280.0
2023-04-05 15:25:12,6280.0
2023-04-05 15:36:00,6279.0
2023-04-05 15:46:48,6277.0
2023-04-05 15:57:36,6043.0
2023-04-05 16:08:24,6253.0
2023-04-05 16:19:12,6256.0
2023-04-05 16:30:00,6259.0
2023-04-05 16:40:48,6259.0
2023-04-05 16:51:36,6259.0
2023-04-05 17:02:24,6247.0
2023-04-05 17:13:12,6253.0
2023-04-05 17:24:00,6254.0
2023-04-05 17:34:48,6059.0
2023-04-05 17:45:36,6008.0
2023-04-05 17:56:24,6199.0
2023-04-05 18:07:12,6209.0
2023-04-05 18:18:00,6214.0
2023-04-05 18:28:48,6215.0
2023-04-05 18:39:36,6220.0
2023-04-05 18:50:24,6220.0
2023-04-05 19:01:12,6221.0
2023-04-05 19:12:00,6223.0
2023-04-05 19:22:48,6223.0
2023-04-05 19:33:36,6223.0
2023-04-05 19:44:24,6223.0
2023-04-05 19:55:12,6223.0
2023-04-05 20:06:00,6223.0
2023-04-05 20:16:48,6223.0
2023-04-05 20:27:36,6223.0
2023-04-05 20:38:24,6223.0
2023-04-05 20:49:12,6223.0
2023-04-05 21:00:00,6221.0
2023-04-05 21:10:48,6221.0
2023-04-05 21:21:36,6221.0
2023-04-05 21:32:24,6220.0
2023-04-05 21:43:12,6220.0
2023-04-05 21:54:00,6220.0
2023-04-05 22:04:48,6220.0
2023-04-05 22:15:36,6220.0
2023-04-05 22:26:24,6220.0
2023-04-05 22:37:12,6220.0
2023-04-05 22:48:00,6220.0
2023-04-05 22:58:48,6217.0
2023-04-05 23:09:36,6160.0
2023-04-05 23:20:24,6203.0
2023-04-05 23:31:12,5949.0
2023-04-05 23:42:00,5995.0
2023-04-05 23:52:48,6155.0
2023-04-06 00:03:36,6165.0
2023-04-06 00:14:24,6171.0
2023-04-06 00:25:12,6173.0
2023-04-06 00:36:00,6177.0
2023-04-06 00:46:48,6178.0
2023-04-06 00:57:36,6179.0
2023-04-06 01:08:24,6181.0
2023-04-06 01:19:12,6181.0
2023-04-06 01:30:00,6183.0
2023-04-06 01:40:48,6183.0
2023-04-06 01:51:36,6183.0
2023-04-06 02:02:24,6183.0
2023-04-06 02:13:12,6183.0
2023-04-06 02:24:00,5917.0
2023-04-06 02:34:48,6197.0
2023-04-06 02:45:36,6175.0
2023-04-06 02:56:24,6173.0
2023-04-06 03:07:12,6173.0
2023-04-06 03:18:00,6173.0
2023-04-06 03:28:48,6173.0
2023-04-06 03:39:36,6173.0
2023-04-06 03:50:24,6185.0
2023-04-06 04:01:12,6178.0
2023-04-06 04:12:00,6177.0
2023-04-06 04:22:48,6175.0
2023-04-06 04:33:36,6187.0
2023-04-06 04:44:24,6179.0
2023-04-06 04:55:12,6178.0
2023-04-06 05:06:00,6177.0
2023-04-06 05:16:48,6177.0
2023-04-06 05:27:36,6177.0
2023-04-06 05:38:24,6177.0
2023-04-06 05:49:12,6175.0
2023-04-06 06:00:00,6181.0
2023-04-06 06:10:48,6179.0
2023-04-06 06:21:36,6178.0
2023-04-06 06:32:24,6177.0
2023-04-06 06:43:12,6177.0
2023-04-06 06:54:00,6177.0
2023-04-06 07:04:48,6183.0
2023-04-06 07:15:36,6179.0
2023-04-06 07:26:24,6178.0
2023-04-06 07:37:12,6177.0
2023-04-06 07:48:00,6177.0
2023-04-06 07:58:48,6185.0
2023-04-06 08:09:36,6183.0
2023-04-06 08:20:24,6179.0
2023-04-06 08:31:12,6179.0
2023-04-06 08:42:00,6751.0
2023-04-06 08:52:48,6699.0
2023-04-06 09:03:36,6423.0
2023-04-06 09:14:24,6316.0
2023-04-06 09:25:12,6771.0
2023-04-06 09:36:00,6304.0
2023-04-06 09:46:48,6286.0
2023-04-06 09:57:36,6795.0
2023-04-06 10:08:24,6323.0
2023-04-06 10:19:12,6298.0
2023-04-06 10:30:00,6287.0
2023-04-06 10:40:48,6766.0
2023-04-06 10:51:36,6751.0
2023-04-06 11:02:24,6427.0
2023-04-06 11:13:12,6364.0
2023-04-06 11:24:00,6343.0
2023-04-06 11:34:48,6329.0
2023-04-06 11:45:36,6321.0
2023-04-06 11:56:24,6315.0
2023-04-06 12:07:12,6309.0
2023-04-06 12:18:00,6304.0
2023-04-06 12:28:48,6298.0
2023-04-06 12:39:36,6295.0
2023-04-06 12:50:24,6295.0
2023-04-06 13:01:12,6292.0
2023-04-06 13:12:00,6289.0
2023-04-06 13:22:48,6289.0
2023-04-06 13:33:36,6286.0
2023-04-06 13:44:24,6286.0
2023-04-06 13:55:12,6283.0
2023-04-06 14:06:00,6283.0
2023-04-06 14:16:48,6280.0
2023-04-06 14:27:36,6280.0
2023-04-06 14:38:24,6277.0
2023-04-06 14:49:12,6277.0
2023-04-06 15:00:00,6277.0
2023-04-06 15:10:48,6277.0
2023-04-06 15:21:36,6275.0
2023-04-06 15:32:24,6274.0
2023-04-06 15:43:12,6274.0
2023-04-06 15:54:00,6274.0
2023-04-06 16:04:48,6273.0
2023-04-06 16:15:36,6271.0
2023-04-06 16:26:24,6271.0
2023-04-06 16:37:12,6271.0
2023-04-06 16:48:00,6271.0
2023-04-06 16:58:48,6268.0
2023-04-06 17:09:36,6268.0
2023-04-06 17:20:24,6268.0
2023-04-06 17:31:12,6268.0
2023-04-06 17:42:00,6268.0
2023-04-06 17:52:48,6268.0
2023-04-06 18:03:36,6268.0
2023-04-06 18:14:24,6267.0
2023-04-06 18:25:12,6265.0
2023-04-06 18:36:00,6221.0
2023-04-06 18:46:48,6261.0
2023-04-06 18:57:36,6262.0
2023-04-06 19:08:24,5790.0
2023-04-06 19:19:12,6209.0
2023-04-06 19:30:00,6238.0
2023-04-06 19:40:48,6243.0
2023-04-06 19:51:36,6244.0
2023-04-06 20:02:24,6244.0
2023-04-06 20:13:12,6245.0
2023-04-06 20:24:00,6245.0
2023-04-06 20:34:48,6247.0
2023-04-06 20:45:36,6245.0
2023-04-06 20:56:24,6245.0
2023-04-06 21:07:12,6244.0
2023-04-06 21:18:00,6244.0
2023-04-06 21:28:48,6244.0
2023-04-06 21:39:36,6229.0
2023-04-06 21:50:24,6238.0
2023-04-06 22:01:12,5912.0
2023-04-06 22:12:00,5860.0
2023-04-06 22:22:48,6196.0
2023-04-06 22:33:36,6203.0
2023-04-06 22:44:24,6208.0
2023-04-06 22:55:12,6209.0
2023-04-06 23:06:00,5914.0
2023-04-06 23:16:48,6147.0
2023-04-06 23:27:36,6155.0
2023-04-06 23:38:24,6167.0
2023-04-06 23:49:12,6173.0
2023-04-07 00:00:00,6177.0
2023-04-07 00:10:48,6178.0
2023-04-07 00:21:36,6179.0
2023-04-07 00:32:24,6181.0
2023-04-07 00:43:12,6183.0
2023-04-07 00:54:00,6183.0
2023-04-07 01:04:48,6183.0
2023-04-07 01:15:36,6183.0
2023-04-07 01:26:24,6183.0
2023-04-07 01:37:12,6183.0
2023-04-07 01:48:00,6183.0
2023-04-07 01:58:48,6183.0
2023-04-07 02:09:36,6183.0
2023-04-07 02:20:24,6183.0
2023-04-07 02:31:12,6183.0
2023-04-07 02:42:00,6183.0
2023-04-07 02:52:48,6184.0
2023-04-07 03:03:36,6184.0
2023-04-07 03:14:24,6184.0
2023-04-07 03:25:12,6183.0
2023-04-07 03:36:00,6183.0
2023-04-07 03:46:48,6183.0
2023-04-07 03:57:36,6131.0
2023-04-07 04:08:24,6171.0
2023-04-07 04:19:12,6173.0
2023-04-07 04:30:00,6173.0
2023-04-07 04:40:48,6175.0
2023-04-07 04:51:36,6161.0
2023-04-07 05:02:24,6167.0
2023-04-07 05:13:12,6171.0
2023-04-07 05:24:00,6171.0
2023-04-07 05:34:48,6172.0
2023-04-07 05:45:36,6173.0
2023-04-07 05:56:24,6173.0
2023-04-07 06:07:12,6173.0
2023-04-07 06:18:00,6173.0
2023-04-07 06:28:48,6173.0
2023-04-07 06:39:36,6173.0
2023-04-07 06:50:24,6173.0
2023-04-07 07:01:12,6173.0
2023-04-07 07:12:00,6173.0
2023-04-07 07:22:48,6173.0
2023-04-07 07:33:36,6173.0
2023-04-07 07:44:24,6173.0
2023-04-07 07:55:12,6173.0
2023-04-07 08:06:00,6173.0
2023-04-07 08:16:48,6173.0
2023-04-07 08:27:36,6173.0
2023-04-07 08:38:24,6173.0
2023-04-07 08:49:12,6173.0
2023-04-07 09:00:00,6662.0
2023-04-07 09:10:48,6291.0
2023-04-07 09:21:36,6273.0
2023-04-07 09:32:24,6363.0
2023-04-07 09:43:12,6295.0
2023-04-07 09:54:00,6279.0
2023-04-07 10:04:48,6268.0
2023-04-07 10:15:36,6262.0
2023-04-07 10:26:24,6256.0
2023-04-07 10:37:12,6253.0
2023-04-07 10:48:00,6250.0
2023-04-07 10:58:48,6247.0
2023-04-07 11:09:36,6244.0
2023-04-07 11:20:24,6241.0
2023-04-07 11:31:12,6241.0
2023-04-07 11:42:00,6238.0
2023-04-07 11:52:48,6237.0
2023-04-07 12:03:36,6235.0
2023-04-07 12:14:24,6233.0
2023-04-07 12:25:12,6232.0
2023-04-07 12:36:00,6231.0
2023-04-07 12:46:48,6645.0
2023-04-07 12:57:36,6768.0
2023-04-07 13:08:24,6676.0
2023-04-07 13:19:12,6379.0
2023-04-07 13:30:00,6335.0
2023-04-07 13:40:48,6321.0
2023-04-07 13:51:36,6309.0
2023-04-07 14:02:24,6301.0
2023-04-07 14:13:12,6293.0
2023-04-07 14:24:00,6289.0
2023-04-07 14:34:48,6286.0
2023-04-07 14:45:36,6283.0
2023-04-07 14:56:24,6280.0
2023-04-07 15:07:12,6277.0
2023-04-07 15:18:00,6274.0
2023-04-07 15:28:48,6273.0
2023-04-07 15:39:36,6271.0
2023-04-07 15:50:24,6269.0
2023-04-07 16:01:12,6268.0
2023-04-07 16:12:00,6267.0
2023-04-07 16:22:48,6265.0
2023-04-07 16:33:36,6265.0
2023-04-07 16:44:24,6265.0
2023-04-07 16:55:12,6262.0
2023-04-07 17:06:00,6262.0
2023-04-07 17:16:48,6262.0
2023-04-07 17:27:36,6259.0
2023-04-07 17:38:24,6259.0
2023-04-07 17:49:12,6259.0
2023-04-07 18:00:00,6259.0
2023-04-07 18:10:48,6081.0
2023-04-07 18:21:36,6247.0
2023-04-07 18:32:24,6250.0
2023-04-07 18:43:12,6241.0
2023-04-07 18:54:00,6244.0
2023-04-07 19:04:48,5753.0
2023-04-07 19:15:36,6143.0
2023-04-07 19:26:24,6167.0
2023-04-07 19:37:12,6177.0
2023-04-07 19:48:00,6183.0
2023-04-07 19:58:48,6185.0
2023-04-07 20:09:36,6185.0
2023-04-07 20:20:24,6189.0
2023-04-07 20:31:12,6189.0
2023-04-07 20:42:00,6190.0
2023-04-07 20:52:48,6191.0
2023-04-07 21:03:36,6191.0
2023-04-07 21:14:24,6191.0
2023-04-07 21:25:12,6191.0
2023-04-07 21:36:00,6191.0
2023-04-07 21:46:48,6191.0
2023-04-07 21:57:36,6191.0
2023-04-07 22:08:24,6191.0
2023-04-07 22:19:12,6191.0
2023-04-07 22:30:00,6191.0
2023-04-07 22:40:48,6191.0
2023-04-07 22:51:36,6191.0
2023-04-07 23:02:24,6191.0
2023-04-07 23:13:12,6191.0
2023-04-07 23:24:00,6191.0
2023-04-07 23:34:48,6191.0
2023-04-07 23:45:36,6191.0
2023-04-07 23:56:24,6190.0
2023-04-08 00:07:12,6190.0
2023-04-08 00:18:00,6189.0
2023-04-08 00:28:48,6189.0
2023-04-08 00:39:36,6189.0
2023-04-08 00:50:24,6189.0
2023-04-08 01:01:12,6189.0
2023-04-08 01:12:00,6189.0
2023-04-08 01:22:48,6189.0
2023-04-08 01:33:36,6167.0
2023-04-08 01:44:24,6177.0
2023-04-08 01:55:12,6179.0
2023-04-08 02:06:00,6179.0
2023-04-08 02:16:48,6179.0
2023-04-08 02:27:36,6179.0
2023-04-08 02:38:24,6181.0
2023-04-08 02:49:12,6183.0
2023-04-08 03:00:00,6181.0
2023-04-08 03:10:48,6161.0
2023-04-08 03:21:36,6155.0
2023-04-08 03:32:24,6149.0
2023-04-08 03:43:12,6161.0
2023-04-08 03:54:00,6165.0
2023-04-08 04:04:48,6167.0
2023-04-08 04:15:36,6167.0
2023-04-08 04:26:24,6167.0
2023-04-08 04:37:12,6169.0
2023-04-08 04:48:00,6171.0
2023-04-08 04:58:48,6171.0
2023-04-08 05:09:36,6171.0
2023-04-08 05:20:24,6171.0
2023-04-08 05:31:12,6171.0
2023-04-08 05:42:00,6171.0
2023-04-08 05:52:48,6171.0
2023-04-08 06:03:36,6171.0
2023-04-08 06:14:24,6171.0
2023-04-08 06:25:12,6171.0
2023-04-08 06:36:00,6171.0
2023-04-08 06:46:48,6171.0
2023-04-08 06:57:36,6171.0
2023-04-08 07:08:24,6171.0
2023-04-08 07:19:12,6171.0
2023-04-08 07:30:00,6172.0
2023-04-08 07:40:48,6172.0
2023-04-08 07:51:36,6171.0
2023-04-08 08:02:24,6171.0
2023-04-08 08:13:12,6171.0
2023-04-08 08:24:00,6172.0
2023-04-08 08:34:48,6172.0
2023-04-08 08:45:36,6172.0
2023-04-08 08:56:24,6171.0
2023-04-08 09:07:12,6172.0
2023-04-08 09:18:00,6171.0
2023-04-08 09:28:48,6171.0
2023-04-08 09:39:36,6171.0
2023-04-08 09:50:24,6311.0
2023-04-08 10:01:12,6250.0
2023-04-08 10:12:00,6235.0
2023-04-08 10:22:48,6226.0
2023-04-08 10:33:36,6217.0
2023-04-08 10:44:24,6213.0
2023-04-08 10:55:12,6688.0
2023-04-08 11:06:00,6310.0
2023-04-08 11:16:48,6281.0
2023-04-08 11:27:36,6269.0
2023-04-08 11:38:24,6262.0
2023-04-08 11:49:12,6256.0
2023-04-08 12:00:00,6253.0
2023-04-08 12:10:48,6249.0
2023-04-08 12:21:36,6245.0
2023-04-08 12:32:24,6243.0
2023-04-08 12:43:12,6241.0
2023-04-08 12:54:00,6238.0
2023-04-08 13:04:48,6237.0
2023-04-08 13:15:36,6235.0
2023-04-08 13:26:24,6574.0
2023-04-08 13:37:12,6573.0
2023-04-08 13:48:00,6347.0
2023-04-08 13:58:48,6315.0
2023-04-08 14:09:36,6579.0
2023-04-08 14:20:24,6365.0
2023-04-08 14:31:12,6325.0
2023-04-08 14:42:00,6310.0
2023-04-08 14:52:48,6299.0
2023-04-08 15:03:36,6292.0
2023-04-08 15:14:24,6287.0
2023-04-08 15:25:12,6283.0
2023-04-08 15:36:00,6280.0
2023-04-08 15:46:48,6277.0
2023-04-08 15:57:36,6274.0
2023-04-08 16:08:24,6271.0
2023-04-08 16:19:12,6271.0
2023-04-08 16:30:00,6268.0
2023-04-08 16:40:48,6267.0
2023-04-08 16:51:36,6265.0
2023-04-08 17:02:24,6249.0
2023-04-08 17:13:12,6253.0
2023-04-08 17:24:00,6253.0
2023-04-08 17:34:48,6253.0
2023-04-08 17:45:36,6251.0
2023-04-08 17:56:24,5835.0
2023-04-08 18:07:12,6172.0
2023-04-08 18:18:00,6203.0
2023-04-08 18:28:48,6213.0
2023-04-08 18:39:36,6215.0
2023-04-08 18:50:24,6215.0
2023-04-08 19:01:12,6215.0
2023-04-08 19:12:00,5882.0
2023-04-08 19:22:48,6131.0
2023-04-08 19:33:36,6141.0
2023-04-08 19:44:24,6149.0
2023-04-08 19:55:12,6155.0
2023-04-08 20:06:00,6159.0
2023-04-08 20:16:48,6161.0
2023-04-08 20:27:36,6163.0
2023-04-08 20:38:24,6165.0
2023-04-08 20:49:12,6165.0
2023-04-08 21:00:00,6167.0
2023-04-08 21:10:48,6167.0
2023-04-08 21:21:36,6167.0
2023-04-08 21:32:24,6307.0
2023-04-08 21:43:12,6262.0
2023-04-08 21:54:00,6661.0
2023-04-08 22:04:48,6313.0
2023-04-08 22:15:36,6280.0
2023-04-08 22:26:24,6268.0
2023-04-08 22:37:12,6259.0
2023-04-08 22:48:00,6253.0
2023-04-08 22:58:48,6249.0
2023-04-08 23:09:36,6245.0
2023-04-08 23:20:24,6243.0
2023-04-08 23:31:12,6253.0
2023-04-08 23:42:00,6731.0
2023-04-08 23:52:48,6788.0
2023-04-09 00:03:36,6347.0
2023-04-09 00:14:24,6304.0
2023-04-09 00:25:12,6289.0
2023-04-09 00:36:00,6280.0
2023-04-09 00:46:48,6273.0
2023-04-09 00:57:36,6268.0
2023-04-09 01:08:24,6265.0
2023-04-09 01:19:12,6261.0
2023-04-09 01:30:00,6257.0
2023-04-09 01:40:48,6255.0
2023-04-09 01:51:36,6253.0
2023-04-09 02:02:24,6250.0
2023-04-09 02:13:12,6249.0
2023-04-09 02:24:00,6247.0
2023-04-09 02:34:48,6247.0
2023-04-09 02:45:36,6244.0
2023-04-09 02:56:24,6244.0
2023-04-09 03:07:12,6241.0
2023-04-09 03:18:00,6241.0
2023-04-09 03:28:48,6241.0
2023-04-09 03:39:36,6238.0
2023-04-09 03:50:24,6238.0
2023-04-09 04:01:12,6238.0
2023-04-09 04:12:00,6235.0
2023-04-09 04:22:48,6235.0
2023-04-09 04:33:36,6235.0
2023-04-09 04:44:24,6235.0
2023-04-09 04:55:12,6232.0
2023-04-09 05:06:00,6232.0
2023-04-09 05:16:48,6232.0
2023-04-09 05:27:36,6704.0
2023-04-09 05:38:24,6283.0
2023-04-09 05:49:12,6265.0
2023-04-09 06:00:00,6256.0
2023-04-09 06:10:48,6250.0
2023-04-09 06:21:36,6644.0
2023-04-09 06:32:24,6369.0
2023-04-09 06:43:12,6321.0
2023-04-09 06:54:00,6304.0
2023-04-09 07:04:48,6295.0
2023-04-09 07:15:36,6289.0
2023-04-09 07:26:24,6283.0
2023-04-09 07:37:12,6280.0
2023-04-09 07:48:00,6275.0
2023-04-09 07:58:48,6273.0
2023-04-09 08:09:36,6723.0
2023-04-09 08:20:24,6373.0
2023-04-09 08:31:12,6732.0
2023-04-09 08:42:00,6837.0
2023-04-09 08:52:48,6976.0
2023-04-09 09:03:36,6487.0
2023-04-09 09:14:24,6388.0
2023-04-09 09:25:12,6367.0
2023-04-09 09:36:00,6975.0
2023-04-09 09:46:48,6804.0
2023-04-09 09:57:36,6421.0
2023-04-09 10:08:24,6388.0
2023-04-09 10:19:12,6372.0
2023-04-09 10:30:00,6361.0
2023-04-09 10:40:48,6354.0
2023-04-09 10:51:36,6373.0
2023-04-09 11:02:24,6349.0
2023-04-09 11:13:12,6343.0
2023-04-09 11:24:00,6335.0
2023-04-09 11:34:48,6333.0
2023-04-09 11:45:36,6329.0
2023-04-09 11:56:24,6327.0
2023-04-09 12:07:12,6325.0
2023-04-09 12:18:00,6323.0
2023-04-09 12:28:48,6321.0
2023-04-09 12:39:36,6321.0
2023-04-09 12:50:24,6319.0
2023-04-09 13:01:12,6317.0
2023-04-09 13:12:00,6317.0
2023-04-09 13:22:48,6315.0
2023-04-09 13:33:36,6315.0
2023-04-09 13:44:24,6315.0
2023-04-09 13:55:12,6313.0
2023-04-09 14:06:00,6311.0
2023-04-09 14:16:48,6311.0
2023-04-09 14:27:36,6310.0
2023-04-09 14:38:24,6309.0
2023-04-09 14:49:12,6309.0
2023-04-09 15:00:00,6309.0
2023-04-09 15:10:48,6309.0
2023-04-09 15:21:36,6306.0
2023-04-09 15:32:24,6306.0
2023-04-09 15:43:12,6304.0
2023-04-09 15:54:00,6304.0
2023-04-09 16:04:48,6302.0
2023-04-09 16:15:36,6302.0
2023-04-09 16:26:24,6302.0
2023-04-09 16:37:12,6301.0
2023-04-09 16:48:00,6301.0
2023-04-09 16:58:48,6301.0
2023-04-09 17:09:36,6301.0
2023-04-09 17:20:24,6301.0
2023-04-09 17:31:12,6301.0
2023-04-09 17:42:00,6301.0
2023-04-09 17:52:48,6300.0
2023-04-09 18:03:36,6298.0
2023-04-09 18:14:24,6298.0
2023-04-09 18:25:12,6298.0
2023-04-09 18:36:00,6298.0
2023-04-09 18:46:48,6298.0
2023-04-09 18:57:36,6298.0
2023-04-09 19:08:24,6296.0
2023-04-09 19:19:12,6296.0
2023-04-09 19:30:00,6296.0
2023-04-09 19:40:48,6296.0
2023-04-09 19:51:36,6295.0
2023-04-09 20:02:24,6295.0
2023-04-09 20:13:12,6295.0
2023-04-09 20:24:00,6295.0
2023-04-09 20:34:48,6295.0
2023-04-09 20:45:36,6295.0
2023-04-09 20:56:24,6294.0
2023-04-09 21:07:12,6294.0
2023-04-09 21:18:00,6294.0
2023-04-09 21:28:48,6294.0
2023-04-09 21:39:36,6294.0
2023-04-09 21:50:24,6294.0
2023-04-09 22:01:12,6294.0
2023-04-09 22:12:00,6292.0
2023-04-09 22:22:48,6292.0
2023-04-09 22:33:36,6292.0
2023-04-09 22:44:24,6290.0
2023-04-09 22:55:12,6289.0
2023-04-09 23:06:00,6289.0
2023-04-09 23:16:48,6289.0
2023-04-09 23:27:36,6289.0
2023-04-09 23:38:24,6289.0
2023-04-09 23:49:12,6289.0
2023-04-10 00:00:00,6288.0
2023-04-10 00:10:48,6288.0
2023-04-10 00:21:36,6288.0
2023-04-10 00:32:24,6288.0
2023-04-10 00:43:12,6286.0
2023-04-10 00:54:00,6286.0
2023-04-10 01:04:48,6286.0
2023-04-10 01:15:36,6286.0
2023-04-10 01:26:24,6286.0
2023-04-10 01:37:12,6286.0
2023-04-10 01:48:00,6286.0
2023-04-10 01:58:48,6286.0
2023-04-10 02:09:36,6286.0
2023-04-10 02:20:24,6284.0
2023-04-10 02:31:12,6284.0
2023-04-10 02:42:00,6284.0
2023-04-10 02:52:48,6284.0
2023-04-10 03:03:36,6284.0
2023-04-10 03:14:24,6283.0
2023-04-10 03:25:12,6283.0
2023-04-10 03:36:00,6283.0
2023-04-10 03:46:48,6283.0
2023-04-10 03:57:36,6283.0
2023-04-10 04:08:24,6283.0
2023-04-10 04:19:12,6283.0
2023-04-10 04:30:00,6283.0
2023-04-10 04:40:48,6283.0
2023-04-10 04:51:36,6283.0
2023-04-10 05:02:24,6283.0
2023-04-10 05:13:12,6283.0
2023-04-10 05:24:00,6283.0
2023-04-10 05:34:48,6283.0
2023-04-10 05:45:36,6283.0
2023-04-10 05:56:24,6283.0
2023-04-10 06:07:12,6282.0
2023-04-10 06:18:00,6282.0
2023-04-10 06:28:48,6282.0
2023-04-10 06:39:36,6282.0
2023-04-10 06:50:24,6282.0
2023-04-10 07:01:12,6282.0
2023-04-10 07:12:00,6282.0
2023-04-10 07:22:48,6282.0
2023-04-10 07:33:36,6282.0
2023-04-10 07:44:24,6280.0
2023-04-10 07:55:12,6280.0
2023-04-10 08:06:00,6280.0
2023-04-10 08:16:48,6280.0
2023-04-10 08:27:36,6280.0
2023-04-10 08:38:24,6280.0
2023-04-10 08:49:12,6280.0
2023-04-10 09:00:00,6280.0
2023-04-10 09:10:48,6280.0
2023-04-10 09:21:36,6280.0
2023-04-10 09:32:24,6280.0
2023-04-10 09:43:12,6280.0
2023-04-10 09:54:00,6280.0
2023-04-10 10:04:48,6280.0
2023-04-10 10:15:36,6317.0
2023-04-10 10:26:24,6298.0
2023-04-10 10:37:12,6292.0
2023-04-10 10:48:00,6289.0
2023-04-10 10:58:48,6286.0
2023-04-10 11:09:36,6283.0
2023-04-10 11:20:24,6283.0
2023-04-10 11:31:12,6290.0
2023-04-10 11:42:00,6286.0
2023-04-10 11:52:48,6283.0
2023-04-10 12:03:36,6283.0
2023-04-10 12:14:24,6280.0
2023-04-10 12:25:12,6288.0
2023-04-10 12:36:00,6283.0
2023-04-10 12:46:48,6282.0
2023-04-10 12:57:36,6280.0
2023-04-10 13:08:24,6280.0
2023-04-10 13:19:12,6280.0
2023-04-10 13:30:00,6289.0
2023-04-10 13:40:48,6283.0
2023-04-10 13:51:36,6283.0
2023-04-10 14:02:24,6280.0
2023-04-10 14:13:12,6280.0
2023-04-10 14:24:00,6280.0
2023-04-10 14:34:48,6278.0
2023-04-10 14:45:36,6277.0
2023-04-10 14:56:24,6277.0
2023-04-10 15:07:12,6294.0
2023-04-10 15:18:00,6286.0
2023-04-10 15:28:48,6282.0
2023-04-10 15:39:36,6280.0
2023-04-10 15:50:24,6278.0
2023-04-10 16:01:12,6278.0
2023-04-10 16:12:00,6277.0
2023-04-10 16:22:48,6277.0
2023-04-10 16:33:36,6283.0
2023-04-10 16:44:24,6280.0
2023-04-10 16:55:12,6278.0
2023-04-10 17:06:00,6277.0
2023-04-10 17:16:48,6277.0
2023-04-10 17:27:36,6277.0
2023-04-10 17:38:24,6277.0
2023-04-10 17:49:12,6277.0
2023-04-10 18:00:00,6277.0
2023-04-10 18:10:48,6309.0
2023-04-10 18:21:36,6286.0
2023-04-10 18:32:24,6283.0
2023-04-10 18:43:12,6280.0
2023-04-10 18:54:00,6278.0
2023-04-10 19:04:48,6283.0
2023-04-10 19:15:36,6280.0
2023-04-10 19:26:24,6280.0
2023-04-10 19:37:12,6277.0
2023-04-10 19:48:00,6277.0
2023-04-10 19:58:48,6283.0
2023-04-10 20:09:36,6280.0
2023-04-10 20:20:24,6280.0
2023-04-10 20:31:12,6277.0
2023-04-10 20:42:00,6277.0
2023-04-10 20:52:48,6277.0
2023-04-10 21:03:36,6283.0
2023-04-10 21:14:24,6280.0
2023-04-10 21:25:12,6278.0
2023-04-10 21:36:00,6277.0
2023-04-10 21:46:48,6277.0
2023-04-10 21:57:36,6289.0
2023-04-10 22:08:24,6283.0
2023-04-10 22:19:12,6280.0
2023-04-10 22:30:00,6277.0
2023-04-10 22:40:48,6277.0
2023-04-10 22:51:36,6277.0
2023-04-10 23:02:24,6277.0
2023-04-10 23:13:12,6277.0
2023-04-10 23:24:00,6283.0
2023-04-10 23:34:48,6278.0
2023-04-10 23:45:36,6286.0
2023-04-10 23:56:24,6280.0
2023-04-11 00:07:12,6280.0
2023-04-11 00:18:00,6277.0
2023-04-11 00:28:48,6277.0
2023-04-11 00:39:36,6286.0
2023-04-11 00:50:24,6280.0
2023-04-11 01:01:12,6277.0
2023-04-11 01:12:00,6292.0
2023-04-11 01:22:48,6282.0
2023-04-11 01:33:36,6280.0
2023-04-11 01:44:24,6277.0
2023-04-11 01:55:12,6277.0
2023-04-11 02:06:00,6280.0
2023-04-11 02:16:48,6277.0
2023-04-11 02:27:36,6277.0
2023-04-11 02:38:24,6289.0
2023-04-11 02:49:12,6280.0
2023-04-11 03:00:00,6280.0
2023-04-11 03:10:48,6277.0
2023-04-11 03:21:36,6277.0
2023-04-11 03:32:24,6277.0
2023-04-11 03:43:12,6276.0
2023-04-11 03:54:00,6274.0
2023-04-11 04:04:48,6274.0
2023-04-11 04:15:36,6274.0
2023-04-11 04:26:24,6274.0
2023-04-11 04:37:12,6274.0
2023-04-11 04:48:00,5993.0
2023-04-11 04:58:48,6035.0
2023-04-11 05:09:36,6253.0
2023-04-11 05:20:24,5872.0
2023-04-11 05:31:12,6207.0
2023-04-11 05:42:00,6231.0
2023-04-11 05:52:48,6238.0
2023-04-11 06:03:36,5901.0
2023-04-11 06:14:24,6232.0
2023-04-11 06:25:12,6237.0
2023-04-11 06:36:00,6233.0
2023-04-11 06:46:48,6235.0
2023-04-11 06:57:36,6241.0
2023-04-11 07:08:24,6220.0
2023-04-11 07:19:12,6037.0
2023-04-11 07:30:00,6226.0
2023-04-11 07:40:48,6231.0
2023-04-11 07:51:36,6232.0
2023-04-11 08:02:24,5763.0
2023-04-11 08:13:12,6163.0
2023-04-11 08:24:00,6191.0
2023-04-11 08:34:48,6199.0
2023-04-11 08:45:36,6203.0
2023-04-11 08:56:24,6183.0
2023-04-11 09:07:12,5746.0
2023-04-11 09:18:00,6130.0
2023-04-11 09:28:48,6155.0
2023-04-11 09:39:36,6165.0
2023-04-11 09:50:24,6169.0
2023-04-11 10:01:12,6173.0
2023-04-11 10:12:00,6175.0
2023-04-11 10:22:48,6676.0
2023-04-11 10:33:36,6329.0
2023-04-11 10:44:24,6833.0
2023-04-11 10:55:12,6712.0
2023-04-11 11:06:00,6327.0
2023-04-11 11:16:48,6303.0
2023-04-11 11:27:36,6291.0
2023-04-11 11:38:24,6283.0
2023-04-11 11:49:12,6279.0
2023-04-11 12:00:00,6274.0
2023-04-11 12:10:48,6269.0
2023-04-11 12:21:36,6267.0
2023-04-11 12:32:24,6265.0
2023-04-11 12:43:12,6262.0
2023-04-11 12:54:00,6261.0
2023-04-11 13:04:48,6301.0
2023-04-11 13:15:36,6274.0
2023-04-11 13:26:24,6265.0
2023-04-11 13:37:12,6259.0
2023-04-11 13:48:00,6256.0
2023-04-11 13:58:48,6253.0
2023-04-11 14:09:36,6250.0
2023-04-11 14:20:24,6250.0
2023-04-11 14:31:12,6249.0
2023-04-11 14:42:00,6247.0
2023-04-11 14:52:48,6247.0
2023-04-11 15:03:36,6245.0
2023-04-11 15:14:24,6244.0
2023-04-11 15:25:12,6244.0
2023-04-11 15:36:00,6244.0
2023-04-11 15:46:48,6243.0
2023-04-11 15:57:36,6241.0
2023-04-11 16:08:24,6241.0
2023-04-11 16:19:12,6225.0
2023-04-11 16:30:00,6211.0
2023-04-11 16:40:48,5802.0
2023-04-11 16:51:36,5665.0
2023-04-11 17:02:24,6081.0
2023-04-11 17:13:12,6113.0
2023-04-11 17:24:00,6125.0
2023-04-11 17:34:48,5841.0
2023-04-11 17:45:36,5862.0
2023-04-11 17:56:24,5689.0
2023-04-11 18:07:12,6087.0
2023-04-11 18:18:00,5773.0
2023-04-11 18:28:48,6855.0
2023-04-11 18:39:36,6592.0
2023-04-11 18:50:24,6589.0
2023-04-11 19:01:12,6025.0
2023-04-11 19:12:00,5939.0
2023-04-11 19:22:48,6565.0
2023-04-11 19:33:36,6646.0
2023-04-11 19:44:24,6301.0
2023-04-11 19:55:12,6271.0
2023-04-11 20:06:00,5937.0
2023-04-11 20:16:48,6265.0
2023-04-11 20:27:36,6303.0
2023-04-11 20:38:24,6273.0
2023-04-11 20:49:12,6249.0
2023-04-11 21:00:00,6238.0
2023-04-11 21:10:48,6184.0
2023-04-11 21:21:36,6172.0
2023-04-11 21:32:24,6189.0
2023-04-11 21:43:12,6718.0
2023-04-11 21:54:00,6295.0
2023-04-11 22:04:48,6267.0
2023-04-11 22:15:36,6253.0
2023-04-11 22:26:24,6203.0
2023-04-11 22:37:12,6231.0
2023-04-11 22:48:00,6227.0
2023-04-11 22:58:48,6285.0
2023-04-11 23:09:36,6171.0
2023-04-11 23:20:24,6111.0
2023-04-11 23:31:12,6151.0
2023-04-11 23:42:00,6645.0
2023-04-11 23:52:48,6910.0
2023-04-12 00:03:36,6292.0
2023-04-12 00:14:24,6289.0
2023-04-12 00:25:12,6229.0
2023-04-12 00:36:00,6199.0
2023-04-12 00:46:48,6029.0
2023-04-12 00:57:36,6466.0
2023-04-12 01:08:24,5757.0
2023-04-12 01:19:12,6571.0
2023-04-12 01:30:00,6791.0
2023-04-12 01:40:48,6508.0
2023-04-12 01:51:36,6292.0
2023-04-12 02:02:24,6268.0
2023-04-12 02:13:12,6256.0
2023-04-12 02:24:00,5892.0
2023-04-12 02:34:48,5906.0
2023-04-12 02:45:36,6142.0
2023-04-12 02:56:24,6578.0
2023-04-12 03:07:12,6967.0
2023-04-12 03:18:00,6281.0
2023-04-12 03:28:48,6262.0
2023-04-12 03:39:36,6007.0
2023-04-12 03:50:24,6047.0
2023-04-12 04:01:12,6766.0
2023-04-12 04:12:00,6298.0
2023-04-12 04:22:48,6268.0
2023-04-12 04:33:36,6255.0
2023-04-12 04:44:24,6247.0
2023-04-12 04:55:12,6083.0
2023-04-12 05:06:00,6286.0
2023-04-12 05:16:48,6048.0
2023-04-12 05:27:36,6143.0
2023-04-12 05:38:24,6549.0
2023-04-12 05:49:12,6283.0
2023-04-12 06:00:00,6259.0
2023-04-12 06:10:48,6247.0
2023-04-12 06:21:36,6241.0
2023-04-12 06:32:24,6235.0
2023-04-12 06:43:12,6232.0
2023-04-12 06:54:00,6231.0
2023-04-12 07:04:48,5975.0
2023-04-12 07:15:36,6202.0
2023-04-12 07:26:24,6293.0
2023-04-12 07:37:12,6256.0
2023-04-12 07:48:00,6244.0
2023-04-12 07:58:48,6237.0
2023-04-12 08:09:36,6232.0
2023-04-12 08:20:24,6227.0
2023-04-12 08:31:12,6225.0
2023-04-12 08:42:00,6221.0
2023-04-12 08:52:48,6221.0
2023-04-12 09:03:36,6215.0
2023-04-12 09:14:24,6213.0
2023-04-12 09:25:12,6213.0
2023-04-12 09:36:00,6209.0
2023-04-12 09:46:48,6213.0
2023-04-12 09:57:36,6209.0
2023-04-12 10:08:24,6208.0
2023-04-12 10:19:12,6207.0
2023-04-12 10:30:00,6207.0
2023-04-12 10:40:48,6214.0
2023-04-12 10:51:36,6347.0
2023-04-12 11:02:24,6298.0
2023-04-12 11:13:12,6274.0
2023-04-12 11:24:00,6262.0
2023-04-12 11:34:48,6256.0
2023-04-12 11:45:36,6250.0
2023-04-12 11:56:24,6245.0
2023-04-12 12:07:12,6241.0
2023-04-12 12:18:00,6238.0
2023-04-12 12:28:48,6235.0
2023-04-12 12:39:36,6233.0
2023-04-12 12:50:24,6232.0
2023-04-12 13:01:12,5896.0
2023-04-12 13:12:00,5872.0
2023-04-12 13:22:48,6173.0
2023-04-12 13:33:36,6814.0
2023-04-12 13:44:24,6262.0
2023-04-12 13:55:12,6244.0
2023-04-12 14:06:00,6237.0
2023-04-12 14:16:48,6231.0
2023-04-12 14:27:36,6226.0
2023-04-12 14:38:24,6223.0
2023-04-12 14:49:12,6220.0
2023-04-12 15:00:00,6217.0
2023-04-12 15:10:48,6215.0
2023-04-12 15:21:36,6213.0
2023-04-12 15:32:24,6211.0
2023-04-12 15:43:12,6214.0
2023-04-12 15:54:00,6211.0
2023-04-12 16:04:48,6209.0
2023-04-12 16:15:36,6208.0
2023-04-12 16:26:24,6207.0
2023-04-12 16:37:12,6203.0
2023-04-12 16:48:00,6203.0
2023-04-12 16:58:48,6155.0
2023-04-12 17:09:36,6183.0
2023-04-12 17:20:24,6179.0
2023-04-12 17:31:12,5986.0
2023-04-12 17:42:00,5770.0
2023-04-12 17:52:48,6121.0
2023-04-12 18:03:36,6484.0
2023-04-12 18:14:24,6555.0
2023-04-12 18:25:12,6801.0
2023-04-12 18:36:00,6309.0
2023-04-12 18:46:48,6275.0
2023-04-12 18:57:36,6262.0
2023-04-12 19:08:24,6253.0
2023-04-12 19:19:12,6247.0
2023-04-12 19:30:00,6241.0
2023-04-12 19:40:48,6238.0
2023-04-12 19:51:36,6235.0
2023-04-12 20:02:24,6310.0
2023-04-12 20:13:12,6262.0
2023-04-12 20:24:00,6247.0
2023-04-12 20:34:48,6239.0
2023-04-12 20:45:36,6233.0
2023-04-12 20:56:24,6229.0
2023-04-12 21:07:12,6017.0
2023-04-12 21:18:00,6196.0
2023-04-12 21:28:48,6960.0
2023-04-12 21:39:36,6274.0
2023-04-12 21:50:24,6256.0
2023-04-12 22:01:12,6247.0
2023-04-12 22:12:00,6241.0
2023-04-12 22:22:48,6237.0
2023-04-12 22:33:36,6232.0
2023-04-12 22:44:24,6229.0
2023-04-12 22:55:12,6226.0
2023-04-12 23:06:00,6225.0
2023-04-12 23:16:48,6226.0
2023-04-12 23:27:36,6287.0
2023-04-12 23:38:24,6258.0
2023-04-12 23:49:12,6263.0
2023-04-13 00:00:00,6298.0
2023-04-13 00:10:48,6243.0
2023-04-13 00:21:36,6235.0
2023-04-13 00:32:24,6231.0
2023-04-13 00:43:12,6226.0
2023-04-13 00:54:00,6223.0
2023-04-13 01:04:48,6220.0
2023-04-13 01:15:36,6217.0
2023-04-13 01:26:24,6215.0
2023-04-13 01:37:12,6213.0
2023-04-13 01:48:00,5981.0
2023-04-13 01:58:48,5986.0
2023-04-13 02:09:36,6663.0
2023-04-13 02:20:24,6287.0
2023-04-13 02:31:12,6261.0
2023-04-13 02:42:00,6249.0
2023-04-13 02:52:48,5982.0
2023-04-13 03:03:36,6562.0
2023-04-13 03:14:24,6311.0
2023-04-13 03:25:12,6265.0
2023-04-13 03:36:00,6251.0
2023-04-13 03:46:48,6244.0
2023-04-13 03:57:36,6203.0
2023-04-13 04:08:24,6238.0
2023-04-13 04:19:12,6231.0
2023-04-13 04:30:00,6227.0
2023-04-13 04:40:48,5951.0
2023-04-13 04:51:36,6203.0
2023-04-13 05:02:24,6982.0
2023-04-13 05:13:12,6317.0
2023-04-13 05:24:00,6274.0
2023-04-13 05:34:48,6261.0
2023-04-13 05:45:36,6253.0
2023-04-13 05:56:24,6247.0
2023-04-13 06:07:12,6243.0
2023-04-13 06:18:00,6239.0
2023-04-13 06:28:48,6237.0
2023-04-13 06:39:36,6233.0
2023-04-13 06:50:24,6232.0
2023-04-13 07:01:12,6229.0
2023-04-13 07:12:00,6226.0
2023-04-13 07:22:48,6226.0
2023-04-13 07:33:36,6225.0
2023-04-13 07:44:24,6223.0
2023-04-13 07:55:12,6221.0
2023-04-13 08:06:00,6220.0
2023-04-13 08:16:48,6220.0
2023-04-13 08:27:36,6215.0
2023-04-13 08:38:24,6215.0
2023-04-13 08:49:12,6215.0
2023-04-13 09:00:00,6275.0
2023-04-13 09:10:48,6247.0
2023-04-13 09:21:36,6235.0
2023-04-13 09:32:24,6237.0
2023-04-13 09:43:12,6229.0
2023-04-13 09:54:00,6226.0
2023-04-13 10:04:48,6223.0
2023-04-13 10:15:36,6220.0
2023-04-13 10:26:24,6215.0
2023-04-13 10:37:12,6215.0
2023-04-13 10:48:00,6213.0
2023-04-13 10:58:48,6211.0
2023-04-13 11:09:36,6209.0
2023-04-13 11:20:24,6189.0
2023-04-13 11:31:12,6196.0
2023-04-13 11:42:00,6197.0
2023-04-13 11:52:48,6197.0
2023-04-13 12:03:36,6197.0
2023-04-13 12:14:24,6199.0
2023-04-13 12:25:12,6199.0
2023-04-13 12:36:00,6197.0
2023-04-13 12:46:48,6197.0
2023-04-13 12:57:36,6197.0
2023-04-13 13:08:24,6197.0
2023-04-13 13:19:12,6197.0
2023-04-13 13:30:00,6197.0
2023-04-13 13:40:48,6197.0
2023-04-13 13:51:36,6361.0
2023-04-13 14:02:24,6273.0
2023-04-13 14:13:12,6256.0
2023-04-13 14:24:00,6247.0
2023-04-13 14:34:48,6295.0
2023-04-13 14:45:36,6257.0
2023-04-13 14:56:24,6247.0
2023-04-13 15:07:12,6802.0
2023-04-13 15:18:00,6497.0
2023-04-13 15:28:48,6333.0
2023-04-13 15:39:36,6309.0
2023-04-13 15:50:24,6293.0
2023-04-13 16:01:12,6285.0
2023-04-13 16:12:00,6337.0
2023-04-13 16:22:48,6304.0
2023-04-13 16:33:36,6292.0
2023-04-13 16:44:24,6283.0
2023-04-13 16:55:12,6277.0
2023-04-13 17:06:00,6273.0
2023-04-13 17:16:48,6268.0
2023-04-13 17:27:36,6265.0
2023-04-13 17:38:24,6262.0
2023-04-13 17:49:12,6261.0
2023-04-13 18:00:00,6259.0
2023-04-13 18:10:48,6256.0
2023-04-13 18:21:36,6232.0
2023-04-13 18:32:24,6238.0
2023-04-13 18:43:12,6241.0
2023-04-13 18:54:00,6235.0
2023-04-13 19:04:48,5809.0
2023-04-13 19:15:36,6153.0
2023-04-13 19:26:24,6177.0
2023-04-13 19:37:12,6183.0
2023-04-13 19:48:00,6185.0
2023-04-13 19:58:48,6189.0
2023-04-13 20:09:36,6189.0
2023-04-13 20:20:24,6191.0
2023-04-13 20:31:12,6013.0
2023-04-13 20:42:00,6171.0
2023-04-13 20:52:48,6179.0
2023-04-13 21:03:36,6179.0
2023-04-13 21:14:24,6179.0
2023-04-13 21:25:12,6185.0
2023-04-13 21:36:00,6183.0
2023-04-13 21:46:48,6183.0
2023-04-13 21:57:36,6183.0
2023-04-13 22:08:24,6184.0
2023-04-13 22:19:12,6189.0
2023-04-13 22:30:00,6185.0
2023-04-13 22:40:48,6185.0
2023-04-13 22:51:36,6185.0
2023-04-13 23:02:24,6184.0
2023-04-13 23:13:12,6708.0
2023-04-13 23:24:00,6680.0
2023-04-13 23:34:48,6828.0
2023-04-13 23:45:36,6623.0
2023-04-13 23:56:24,6706.0
2023-04-14 00:07:12,6373.0
2023-04-14 00:18:00,6337.0
2023-04-14 00:28:48,6321.0
2023-04-14 00:39:36,6311.0
2023-04-14 00:50:24,6301.0
2023-04-14 01:01:12,6295.0
2023-04-14 01:12:00,6292.0
2023-04-14 01:22:48,6286.0
2023-04-14 01:33:36,6283.0
2023-04-14 01:44:24,6280.0
2023-04-14 01:55:12,6277.0
2023-04-14 02:06:00,6276.0
2023-04-14 02:16:48,6274.0
2023-04-14 02:27:36,6271.0
2023-04-14 02:38:24,6271.0
2023-04-14 02:49:12,6268.0
2023-04-14 03:00:00,6268.0
2023-04-14 03:10:48,6268.0
2023-04-14 03:21:36,6265.0
2023-04-14 03:32:24,6265.0
2023-04-14 03:43:12,6265.0
2023-04-14 03:54:00,6262.0
2023-04-14 04:04:48,6262.0
2023-04-14 04:15:36,6262.0
2023-04-14 04:26:24,6259.0
2023-04-14 04:37:12,6259.0
2023-04-14 04:48:00,6259.0
2023-04-14 04:58:48,6259.0
2023-04-14 05:09:36,6259.0
2023-04-14 05:20:24,6256.0
2023-04-14 05:31:12,6256.0
2023-04-14 05:42:00,6256.0
2023-04-14 05:52:48,6256.0
2023-04-14 06:03:36,6256.0
2023-04-14 06:14:24,6256.0
2023-04-14 06:25:12,6255.0
2023-04-14 06:36:00,6261.0
2023-04-14 06:46:48,6256.0
2023-04-14 06:57:36,6253.0
2023-04-14 07:08:24,6253.0
2023-04-14 07:19:12,6253.0
2023-04-14 07:30:00,6251.0
2023-04-14 07:40:48,6250.0
2023-04-14 07:51:36,6250.0
2023-04-14 08:02:24,6250.0
2023-04-14 08:13:12,6250.0
2023-04-14 08:24:00,6250.0
2023-04-14 08:34:48,6250.0
2023-04-14 08:45:36,6250.0
2023-04-14 08:56:24,6250.0
2023-04-14 09:07:12,6249.0
2023-04-14 09:18:00,6249.0
2023-04-14 09:28:48,6249.0
2023-04-14 09:39:36,6247.0
2023-04-14 09:50:24,6247.0
2023-04-14 10:01:12,6247.0
2023-04-14 10:12:00,6247.0
2023-04-14 10:22:48,6247.0
2023-04-14 10:33:36,6247.0
2023-04-14 10:44:24,6247.0
2023-04-14 10:55:12,6247.0
2023-04-14 11:06:00,6247.0
2023-04-14 11:16:48,6247.0
2023-04-14 11:27:36,6247.0
2023-04-14 11:38:24,6247.0
2023-04-14 11:49:12,6245.0
2023-04-14 12:00:00,6244.0
2023-04-14 12:10:48,6244.0
2023-04-14 12:21:36,6241.0
2023-04-14 12:32:24,6241.0
2023-04-14 12:43:12,6241.0
2023-04-14 12:54:00,6241.0
2023-04-14 13:04:48,6241.0
2023-04-14 13:15:36,6241.0
2023-04-14 13:26:24,6241.0
2023-04-14 13:37:12,6241.0
2023-04-14 13:48:00,6241.0
2023-04-14 13:58:48,6241.0
2023-04-14 14:09:36,6241.0
2023-04-14 14:20:24,6241.0
2023-04-14 14:31:12,6241.0
2023-04-14 14:42:00,6241.0
2023-04-14 14:52:48,6240.0
2023-04-14 15:03:36,6238.0
2023-04-14 15:14:24,6238.0
2023-04-14 15:25:12,6238.0
2023-04-14 15:36:00,6238.0
2023-04-14 15:46:48,6238.0
2023-04-14 15:57:36,6238.0
2023-04-14 16:08:24,6238.0
2023-04-14 16:19:12,6238.0
2023-04-14 16:30:00,6238.0
2023-04-14 16:40:48,6238.0
2023-04-14 16:51:36,6238.0
2023-04-14 17:02:24,6238.0
2023-04-14 17:13:12,6238.0
2023-04-14 17:24:00,6238.0
2023-04-14 17:34:48,6238.0
2023-04-14 17:45:36,6238.0
2023-04-14 17:56:24,6236.0
2023-04-14 18:07:12,6235.0
2023-04-14 18:18:00,6235.0
2023-04-14 18:28:48,6235.0
2023-04-14 18:39:36,5875.0
2023-04-14 18:50:24,6223.0
2023-04-14 19:01:12,5980.0
2023-04-14 19:12:00,6205.0
2023-04-14 19:22:48,6215.0
2023-04-14 19:33:36,6220.0
2023-04-14 19:44:24,6220.0
2023-04-14 19:55:12,6220.0
2023-04-14 20:06:00,6223.0
2023-04-14 20:16:48,6223.0
2023-04-14 20:27:36,6223.0
2023-04-14 20:38:24,6223.0
2023-04-14 20:49:12,6223.0
2023-04-14 21:00:00,6223.0
2023-04-14 21:10:48,6223.0
2023-04-14 21:21:36,6223.0
2023-04-14 21:32:24,6221.0
2023-04-14 21:43:12,6221.0
2023-04-14 21:54:00,6221.0
2023-04-14 22:04:48,6221.0
2023-04-14 22:15:36,6220.0
2023-04-14 22:26:24,6220.0
2023-04-14 22:37:12,6220.0
2023-04-14 22:48:00,6220.0
2023-04-14 22:58:48,6220.0
2023-04-14 23:09:36,6220.0
2023-04-14 23:20:24,6220.0
2023-04-14 23:31:12,6220.0
2023-04-14 23:42:00,6217.0
2023-04-14 23:52:48,6217.0
2023-04-15 00:03:36,6217.0
2023-04-15 00:14:24,6215.0
2023-04-15 00:25:12,6215.0
2023-04-15 00:36:00,6215.0
2023-04-15 00:46:48,6215.0
2023-04-15 00:57:36,6215.0
2023-04-15 01:08:24,6215.0
2023-04-15 01:19:12,6215.0
2023-04-15 01:30:00,6215.0
2023-04-15 01:40:48,6215.0
2023-04-15 01:51:36,6214.0
2023-04-15 02:02:24,6214.0
2023-04-15 02:13:12,6214.0
2023-04-15 02:24:00,6214.0
2023-04-15 02:34:48,6214.0
2023-04-15 02:45:36,6214.0
2023-04-15 02:56:24,6214.0
2023-04-15 03:07:12,6213.0
2023-04-15 03:18:00,6213.0
2023-04-15 03:28:48,6213.0
2023-04-15 03:39:36,6213.0
2023-04-15 03:50:24,6213.0
2023-04-15 04:01:12,6213.0
2023-04-15 04:12:00,6213.0
2023-04-15 04:22:48,6213.0
2023-04-15 04:33:36,6213.0
2023-04-15 04:44:24,6213.0
2023-04-15 04:55:12,6213.0
2023-04-15 05:06:00,6211.0
2023-04-15 05:16:48,6213.0
2023-04-15 05:27:36,6211.0
2023-04-15 05:38:24,6211.0
2023-04-15 05:49:12,6211.0
2023-04-15 06:00:00,6211.0
2023-04-15 06:10:48,6211.0
2023-04-15 06:21:36,6211.0
2023-04-15 06:32:24,6211.0
2023-04-15 06:43:12,6209.0
2023-04-15 06:54:00,6209.0
2023-04-15 07:04:48,6209.0
2023-04-15 07:15:36,6207.0
2023-04-15 07:26:24,6197.0
2023-04-15 07:37:12,6203.0
2023-04-15 07:48:00,6207.0
2023-04-15 07:58:48,6207.0
2023-04-15 08:09:36,6208.0
2023-04-15 08:20:24,6208.0
2023-04-15 08:31:12,6209.0
2023-04-15 08:42:00,6209.0
2023-04-15 08:52:48,6209.0
2023-04-15 09:03:36,6209.0
2023-04-15 09:14:24,6209.0
2023-04-15 09:25:12,6209.0
2023-04-15 09:36:00,6209.0
2023-04-15 09:46:48,6209.0
2023-04-15 09:57:36,6209.0
2023-04-15 10:08:24,6209.0
2023-04-15 10:19:12,6209.0
2023-04-15 10:30:00,6208.0
2023-04-15 10:40:48,6208.0
2023-04-15 10:51:36,6208.0
2023-04-15 11:02:24,6208.0
2023-04-15 11:13:12,6208.0
2023-04-15 11:24:00,6208.0
2023-04-15 11:34:48,6208.0
2023-04-15 11:45:36,6207.0
2023-04-15 11:56:24,6207.0
2023-04-15 12:07:12,6207.0
2023-04-15 12:18:00,6736.0
2023-04-15 12:28:48,6321.0
2023-04-15 12:39:36,6295.0
2023-04-15 12:50:24,6285.0
2023-04-15 13:01:12,6291.0
2023-04-15 13:12:00,6400.0
2023-04-15 13:22:48,6327.0
2023-04-15 13:33:36,6310.0
2023-04-15 13:44:24,6298.0
2023-04-15 13:55:12,6292.0
2023-04-15 14:06:00,6286.0
2023-04-15 14:16:48,6283.0
2023-04-15 14:27:36,6279.0
2023-04-15 14:38:24,6275.0
2023-04-15 14:49:12,6273.0
2023-04-15 15:00:00,6271.0
2023-04-15 15:10:48,6268.0
2023-04-15 15:21:36,6325.0
2023-04-15 15:32:24,6295.0
2023-04-15 15:43:12,6283.0
2023-04-15 15:54:00,6277.0
2023-04-15 16:04:48,6271.0
2023-04-15 16:15:36,6268.0
2023-04-15 16:26:24,6263.0
2023-04-15 16:37:12,6262.0
2023-04-15 16:48:00,6259.0
2023-04-15 16:58:48,6259.0
2023-04-15 17:09:36,6256.0
2023-04-15 17:20:24,6255.0
2023-04-15 17:31:12,6253.0
2023-04-15 17:42:00,6253.0
2023-04-15 17:52:48,6251.0
2023-04-15 18:03:36,6250.0
2023-04-15 18:14:24,6250.0
2023-04-15 18:25:12,6235.0
2023-04-15 18:36:00,6235.0
2023-04-15 18:46:48,6241.0
2023-04-15 18:57:36,6241.0
2023-04-15 19:08:24,6241.0
2023-04-15 19:19:12,6241.0
2023-04-15 19:30:00,6241.0
2023-04-15 19:40:48,6241.0
2023-04-15 19:51:36,6241.0
2023-04-15 20:02:24,6241.0
2023-04-15 20:13:12,6239.0
2023-04-15 20:24:00,6238.0
2023-04-15 20:34:48,6238.0
2023-04-15 20:45:36,6238.0
2023-04-15 20:56:24,6238.0
2023-04-15 21:07:12,6238.0
2023-04-15 21:18:00,6238.0
2023-04-15 21:28:48,6238.0
2023-04-15 21:39:36,6238.0
2023-04-15 21:50:24,6237.0
2023-04-15 22:01:12,6237.0
2023-04-15 22:12:00,6237.0
2023-04-15 22:22:48,6197.0
2023-04-15 22:33:36,6209.0
2023-04-15 22:44:24,6229.0
2023-04-15 22:55:12,6229.0
2023-04-15 23:06:00,6215.0
2023-04-15 23:16:48,5729.0
2023-04-15 23:27:36,6207.0
2023-04-15 23:38:24,6213.0
2023-04-15 23:49:12,6213.0
2023-04-16 00:00:00,6214.0
2023-04-16 00:10:48,6215.0
2023-04-16 00:21:36,6215.0
2023-04-16 00:32:24,6215.0
2023-04-16 00:43:12,6215.0
2023-04-16 00:54:00,6215.0
2023-04-16 01:04:48,6215.0
2023-04-16 01:15:36,6215.0
2023-04-16 01:26:24,6214.0
2023-04-16 01:37:12,6214.0
2023-04-16 01:48:00,6213.0
2023-04-16 01:58:48,6213.0
2023-04-16 02:09:36,6213.0
2023-04-16 02:20:24,6213.0
2023-04-16 02:31:12,6213.0
2023-04-16 02:42:00,6213.0
2023-04-16 02:52:48,6213.0
2023-04-16 03:03:36,6213.0
2023-04-16 03:14:24,6213.0
2023-04-16 03:25:12,6211.0
2023-04-16 03:36:00,6209.0
2023-04-16 03:46:48,6209.0
2023-04-16 03:57:36,6209.0
2023-04-16 04:08:24,6209.0
2023-04-16 04:19:12,6209.0
2023-04-16 04:30:00,6209.0
2023-04-16 04:40:48,6209.0
2023-04-16 04:51:36,6209.0
2023-04-16 05:02:24,6209.0
2023-04-16 05:13:12,6209.0
2023-04-16 05:24:00,6841.0
2023-04-16 05:34:48,6355.0
2023-04-16 05:45:36,6319.0
2023-04-16 05:56:24,6304.0
2023-04-16 06:07:12,6295.0
2023-04-16 06:18:00,6289.0
2023-04-16 06:28:48,6285.0
2023-04-16 06:39:36,6280.0
2023-04-16 06:50:24,6277.0
2023-04-16 07:01:12,6274.0
2023-04-16 07:12:00,6271.0
2023-04-16 07:22:48,6271.0
2023-04-16 07:33:36,6268.0
2023-04-16 07:44:24,6265.0
2023-04-16 07:55:12,6265.0
2023-04-16 08:06:00,6262.0
2023-04-16 08:16:48,6262.0
2023-04-16 08:27:36,6259.0
2023-04-16 08:38:24,6259.0
2023-04-16 08:49:12,6337.0
2023-04-16 09:00:00,6351.0
2023-04-16 09:10:48,6298.0
2023-04-16 09:21:36,6283.0
2023-04-16 09:32:24,6277.0
2023-04-16 09:43:12,6271.0
2023-04-16 09:54:00,6265.0
2023-04-16 10:04:48,6262.0
2023-04-16 10:15:36,6259.0
2023-04-16 10:26:24,6257.0
2023-04-16 10:37:12,6256.0
2023-04-16 10:48:00,6253.0
2023-04-16 10:58:48,6253.0
2023-04-16 11:09:36,6250.0
2023-04-16 11:20:24,6250.0
2023-04-16 11:31:12,6419.0
2023-04-16 11:42:00,6329.0
2023-04-16 11:52:48,6311.0
2023-04-16 12:03:36,6301.0
2023-04-16 12:14:24,6295.0
2023-04-16 12:25:12,6289.0
2023-04-16 12:36:00,6286.0
2023-04-16 12:46:48,6283.0
2023-04-16 12:57:36,6280.0
2023-04-16 13:08:24,6277.0
2023-04-16 13:19:12,6274.0
2023-04-16 13:30:00,6274.0
2023-04-16 13:40:48,6271.0
2023-04-16 13:51:36,6269.0
2023-04-16 14:02:24,6268.0
2023-04-16 14:13:12,6267.0
2023-04-16 14:24:00,6265.0
2023-04-16 14:34:48,6265.0
2023-04-16 14:45:36,6262.0
2023-04-16 14:56:24,6262.0
2023-04-16 15:07:12,6262.0
2023-04-16 15:18:00,6259.0
2023-04-16 15:28:48,6259.0
2023-04-16 15:39:36,6259.0
2023-04-16 15:50:24,6257.0
2023-04-16 16:01:12,6256.0
2023-04-16 16:12:00,6256.0
2023-04-16 16:22:48,6256.0
2023-04-16 16:33:36,6255.0
2023-04-16 16:44:24,6253.0
2023-04-16 16:55:12,5979.0
2023-04-16 17:06:00,6229.0
2023-04-16 17:16:48,5930.0
2023-04-16 17:27:36,6220.0
2023-04-16 17:38:24,6220.0
2023-04-16 17:49:12,6226.0
2023-04-16 18:00:00,6171.0
2023-04-16 18:10:48,6189.0
2023-04-16 18:21:36,6193.0
2023-04-16 18:32:24,6197.0
2023-04-16 18:43:12,6197.0
2023-04-16 18:54:00,6199.0
2023-04-16 19:04:48,6201.0
2023-04-16 19:15:36,6201.0
2023-04-16 19:26:24,6201.0
2023-04-16 19:37:12,6202.0
2023-04-16 19:48:00,6203.0
2023-04-16 19:58:48,6203.0
2023-04-16 20:09:36,6203.0
2023-04-16 20:20:24,6203.0
2023-04-16 20:31:12,6203.0
2023-04-16 20:42:00,6203.0
2023-04-16 20:52:48,6203.0
2023-04-16 21:03:36,6203.0
2023-04-16 21:14:24,6203.0
2023-04-16 21:25:12,6203.0
2023-04-16 21:36:00,6203.0
2023-04-16 21:46:48,6203.0
2023-04-16 21:57:36,6203.0
2023-04-16 22:08:24,6203.0
2023-04-16 22:19:12,6203.0
2023-04-16 22:30:00,6203.0
2023-04-16 22:40:48,6203.0
2023-04-16 22:51:36,6203.0
2023-04-16 23:02:24,6203.0
2023-04-16 23:13:12,6203.0
2023-04-16 23:24:00,6203.0
2023-04-16 23:34:48,6203.0
2023-04-16 23:45:36,6203.0
2023-04-16 23:56:24,6202.0
2023-04-17 00:07:12,6201.0
2023-04-17 00:18:00,6202.0
2023-04-17 00:28:48,6202.0
2023-04-17 00:39:36,6202.0
2023-04-17 00:50:24,6201.0
2023-04-17 01:01:12,6201.0
2023-04-17 01:12:00,6201.0
2023-04-17 01:22:48,6201.0
2023-04-17 01:33:36,6201.0
2023-04-17 01:44:24,6201.0
2023-04-17 01:55:12,6201.0
2023-04-17 02:06:00,6201.0
2023-04-17 02:16:48,6201.0
2023-04-17 02:27:36,6201.0
2023-04-17 02:38:24,6201.0
2023-04-17 02:49:12,6201.0
2023-04-17 03:00:00,6201.0
2023-04-17 03:10:48,6201.0
2023-04-17 03:21:36,6201.0
2023-04-17 03:32:24,6201.0
2023-04-17 03:43:12,6201.0
2023-04-17 03:54:00,6201.0
2023-04-17 04:04:48,6201.0
2023-04-17 04:15:36,6316.0
2023-04-17 04:26:24,6281.0
2023-04-17 04:37:12,6268.0
2023-04-17 04:48:00,6259.0
2023-04-17 04:58:48,6253.0
2023-04-17 05:09:36,6349.0
2023-04-17 05:20:24,6289.0
2023-04-17 05:31:12,6274.0
2023-04-17 05:42:00,6265.0
2023-04-17 05:52:48,6259.0
2023-04-17 06:03:36,6255.0
2023-04-17 06:14:24,6251.0
2023-04-17 06:25:12,6249.0
2023-04-17 06:36:00,6247.0
2023-04-17 06:46:48,6244.0
2023-04-17 06:57:36,6241.0
2023-04-17 07:08:24,6241.0
2023-04-17 07:19:12,5809.0
2023-04-17 07:30:00,6177.0
2023-04-17 07:40:48,6185.0
2023-04-17 07:51:36,6189.0
2023-04-17 08:02:24,6191.0
2023-04-17 08:13:12,6191.0
2023-04-17 08:24:00,6195.0
2023-04-17 08:34:48,6195.0
2023-04-17 08:45:36,6195.0
2023-04-17 08:56:24,6195.0
2023-04-17 09:07:12,6196.0
2023-04-17 09:18:00,6196.0
2023-04-17 09:28:48,6197.0
2023-04-17 09:39:36,6197.0
2023-04-17 09:50:24,6196.0
2023-04-17 10:01:12,6197.0
2023-04-17 10:12:00,6197.0
2023-04-17 10:22:48,6197.0
2023-04-17 10:33:36,6197.0
2023-04-17 10:44:24,6197.0
2023-04-17 10:55:12,6197.0
2023-04-17 11:06:00,6197.0
2023-04-17 11:16:48,6197.0
2023-04-17 11:27:36,6197.0
2023-04-17 11:38:24,6197.0
2023-04-17 11:49:12,6197.0
2023-04-17 12:00:00,6197.0
2023-04-17 12:10:48,6196.0
2023-04-17 12:21:36,6197.0
2023-04-17 12:32:24,6196.0
2023-04-17 12:43:12,6196.0
2023-04-17 12:54:00,6196.0
2023-04-17 13:04:48,6196.0
2023-04-17 13:15:36,6196.0
2023-04-17 13:26:24,5977.0
2023-04-17 13:37:12,5965.0
2023-04-17 13:48:00,6043.0
2023-04-17 13:58:48,6531.0
2023-04-17 14:09:36,6289.0
2023-04-17 14:20:24,6261.0
2023-04-17 14:31:12,6250.0
2023-04-17 14:42:00,6244.0
2023-04-17 14:52:48,6241.0
2023-04-17 15:03:36,6237.0
2023-04-17 15:14:24,6235.0
2023-04-17 15:25:12,6232.0
2023-04-17 15:36:00,6231.0
2023-04-17 15:46:48,6229.0
2023-04-17 15:57:36,5833.0
2023-04-17 16:08:24,6341.0
2023-04-17 16:19:12,6280.0
2023-04-17 16:30:00,6265.0
2023-04-17 16:40:48,6256.0
2023-04-17 16:51:36,6251.0
2023-04-17 17:02:24,6231.0
2023-04-17 17:13:12,6253.0
2023-04-17 17:24:00,6271.0
2023-04-17 17:34:48,6247.0
2023-04-17 17:45:36,6238.0
2023-04-17 17:56:24,5959.0
2023-04-17 18:07:12,6554.0
2023-04-17 18:18:00,6303.0
2023-04-17 18:28:48,6273.0
2023-04-17 18:39:36,6261.0
2023-04-17 18:50:24,6253.0
2023-04-17 19:01:12,6249.0
2023-04-17 19:12:00,6244.0
2023-04-17 19:22:48,6241.0
2023-04-17 19:33:36,6237.0
2023-04-17 19:44:24,6235.0
2023-04-17 19:55:12,6232.0
2023-04-17 20:06:00,6231.0
2023-04-17 20:16:48,6229.0
2023-04-17 20:27:36,6227.0
2023-04-17 20:38:24,6226.0
2023-04-17 20:49:12,6225.0
2023-04-17 21:00:00,6226.0
2023-04-17 21:10:48,6223.0
2023-04-17 21:21:36,6221.0
2023-04-17 21:32:24,6220.0
2023-04-17 21:43:12,6718.0
2023-04-17 21:54:00,6784.0
2023-04-17 22:04:48,6349.0
2023-04-17 22:15:36,6311.0
2023-04-17 22:26:24,6295.0
2023-04-17 22:37:12,6286.0
2023-04-17 22:48:00,6279.0
2023-04-17 22:58:48,6273.0
2023-04-17 23:09:36,6268.0
2023-04-17 23:20:24,6265.0
2023-04-17 23:31:12,6262.0
2023-04-17 23:42:00,6259.0
2023-04-17 23:52:48,6256.0
2023-04-18 00:03:36,6263.0
2023-04-18 00:14:24,6256.0
2023-04-18 00:25:12,6253.0
2023-04-18 00:36:00,6250.0
2023-04-18 00:46:48,6250.0
2023-04-18 00:57:36,6247.0
2023-04-18 01:08:24,6247.0
2023-04-18 01:19:12,6244.0
2023-04-18 01:30:00,6244.0
2023-04-18 01:40:48,6243.0
2023-04-18 01:51:36,6241.0
2023-04-18 02:02:24,6241.0
2023-04-18 02:13:12,6241.0
2023-04-18 02:24:00,6238.0
2023-04-18 02:34:48,6238.0
2023-04-18 02:45:36,6238.0
2023-04-18 02:56:24,6238.0
2023-04-18 03:07:12,6237.0
2023-04-18 03:18:00,6235.0
2023-04-18 03:28:48,6235.0
2023-04-18 03:39:36,6235.0
2023-04-18 03:50:24,6235.0
2023-04-18 04:01:12,6233.0
2023-04-18 04:12:00,6233.0
2023-04-18 04:22:48,6232.0
2023-04-18 04:33:36,6232.0
2023-04-18 04:44:24,6232.0
2023-04-18 04:55:12,6232.0
2023-04-18 05:06:00,6232.0
2023-04-18 05:16:48,6231.0
2023-04-18 05:27:36,6231.0
2023-04-18 05:38:24,6229.0
2023-04-18 05:49:12,6229.0
2023-04-18 06:00:00,6229.0
2023-04-18 06:10:48,6229.0
2023-04-18 06:21:36,6229.0
2023-04-18 06:32:24,6229.0
2023-04-18 06:43:12,6229.0
2023-04-18 06:54:00,6227.0
2023-04-18 07:04:48,6227.0
2023-04-18 07:15:36,6226.0
2023-04-18 07:26:24,6226.0
2023-04-18 07:37:12,6226.0
2023-04-18 07:48:00,6226.0
2023-04-18 07:58:48,6226.0
2023-04-18 08:09:36,6226.0
2023-04-18 08:20:24,6337.0
2023-04-18 08:31:12,6303.0
2023-04-18 08:42:00,6731.0
2023-04-18 08:52:48,7103.0
2023-04-18 09:03:36,6417.0
2023-04-18 09:14:24,6352.0
2023-04-18 09:25:12,6333.0
2023-04-18 09:36:00,6321.0
2023-04-18 09:46:48,6313.0
2023-04-18 09:57:36,6306.0
2023-04-18 10:08:24,6301.0
2023-04-18 10:19:12,6297.0
2023-04-18 10:30:00,6292.0
2023-04-18 10:40:48,6289.0
2023-04-18 10:51:36,6288.0
2023-04-18 11:02:24,6286.0
2023-04-18 11:13:12,6283.0
2023-04-18 11:24:00,6280.0
2023-04-18 11:34:48,6280.0
2023-04-18 11:45:36,6277.0
2023-04-18 11:56:24,6277.0
2023-04-18 12:07:12,6274.0
2023-04-18 12:18:00,6274.0
2023-04-18 12:28:48,6271.0
2023-04-18 12:39:36,6271.0
2023-04-18 12:50:24,6271.0
2023-04-18 13:01:12,6271.0
2023-04-18 13:12:00,6268.0
2023-04-18 13:22:48,6268.0
2023-04-18 13:33:36,6268.0
2023-04-18 13:44:24,6267.0
2023-04-18 13:55:12,6265.0
2023-04-18 14:06:00,6265.0
2023-04-18 14:16:48,6265.0
2023-04-18 14:27:36,6265.0
2023-04-18 14:38:24,6262.0
2023-04-18 14:49:12,6262.0
2023-04-18 15:00:00,6262.0
2023-04-18 15:10:48,6262.0
2023-04-18 15:21:36,6262.0
2023-04-18 15:32:24,6259.0
2023-04-18 15:43:12,6259.0
2023-04-18 15:54:00,6259.0
2023-04-18 16:04:48,6259.0
2023-04-18 16:15:36,6259.0
2023-04-18 16:26:24,6259.0
2023-04-18 16:37:12,6259.0
2023-04-18 16:48:00,6256.0
2023-04-18 16:58:48,6256.0
2023-04-18 17:09:36,6256.0
2023-04-18 17:20:24,6256.0
2023-04-18 17:31:12,6256.0
2023-04-18 17:42:00,6254.0
2023-04-18 17:52:48,6254.0
2023-04-18 18:03:36,6253.0
2023-04-18 18:14:24,6253.0
2023-04-18 18:25:12,6253.0
2023-04-18 18:36:00,6253.0
2023-04-18 18:46:48,6253.0
2023-04-18 18:57:36,6253.0
2023-04-18 19:08:24,6235.0
2023-04-18 19:19:12,6247.0
2023-04-18 19:30:00,6250.0
2023-04-18 19:40:48,6250.0
2023-04-18 19:51:36,6250.0
2023-04-18 20:02:24,6250.0
2023-04-18 20:13:12,6250.0
2023-04-18 20:24:00,6250.0
2023-04-18 20:34:48,6250.0
2023-04-18 20:45:36,6250.0
2023-04-18 20:56:24,6247.0
2023-04-18 21:07:12,6247.0
2023-04-18 21:18:00,6247.0
2023-04-18 21:28:48,6244.0
2023-04-18 21:39:36,6244.0
2023-04-18 21:50:24,6244.0
2023-04-18 22:01:12,6244.0
2023-04-18 22:12:00,6244.0
2023-04-18 22:22:48,6244.0
2023-04-18 22:33:36,6370.0
2023-04-18 22:44:24,6304.0
2023-04-18 22:55:12,6627.0
2023-04-18 23:06:00,6353.0
2023-04-18 23:16:48,6329.0
2023-04-18 23:27:36,6317.0
2023-04-18 23:38:24,6309.0
2023-04-18 23:49:12,6301.0
2023-04-19 00:00:00,6298.0
2023-04-19 00:10:48,6292.0
2023-04-19 00:21:36,6289.0
2023-04-19 00:32:24,6288.0
2023-04-19 00:43:12,6363.0
2023-04-19 00:54:00,6309.0
2023-04-19 01:04:48,6315.0
2023-04-19 01:15:36,6295.0
2023-04-19 01:26:24,6377.0
2023-04-19 01:37:12,6352.0
2023-04-19 01:48:00,6323.0
2023-04-19 01:58:48,6311.0
2023-04-19 02:09:36,6304.0
2023-04-19 02:20:24,6298.0
2023-04-19 02:31:12,6292.0
2023-04-19 02:42:00,6289.0
2023-04-19 02:52:48,6286.0
2023-04-19 03:03:36,6436.0
2023-04-19 03:14:24,6338.0
2023-04-19 03:25:12,6321.0
2023-04-19 03:36:00,6311.0
2023-04-19 03:46:48,6304.0
2023-04-19 03:57:36,6300.0
2023-04-19 04:08:24,6295.0
2023-04-19 04:19:12,6292.0
2023-04-19 04:30:00,6670.0
2023-04-19 04:40:48,6340.0
2023-04-19 04:51:36,6323.0
2023-04-19 05:02:24,6315.0
2023-04-19 05:13:12,6309.0
2023-04-19 05:24:00,6301.0
2023-04-19 05:34:48,6298.0
2023-04-19 05:45:36,6295.0
2023-04-19 05:56:24,6292.0
2023-04-19 06:07:12,6289.0
2023-04-19 06:18:00,6286.0
2023-04-19 06:28:48,6286.0
2023-04-19 06:39:36,6283.0
2023-04-19 06:50:24,6283.0
2023-04-19 07:01:12,6280.0
2023-04-19 07:12:00,6280.0
2023-04-19 07:22:48,6277.0
2023-04-19 07:33:36,6277.0
2023-04-19 07:44:24,6779.0
2023-04-19 07:55:12,6857.0
2023-04-19 08:06:00,6388.0
2023-04-19 08:16:48,6356.0
2023-04-19 08:27:36,6343.0
2023-04-19 08:38:24,6333.0
2023-04-19 08:49:12,6340.0
2023-04-19 09:00:00,7161.0
2023-04-19 09:10:48,6376.0
2023-04-19 09:21:36,6355.0
2023-04-19 09:32:24,6343.0
2023-04-19 09:43:12,6335.0
2023-04-19 09:54:00,6329.0
2023-04-19 10:04:48,6325.0
2023-04-19 10:15:36,6321.0
2023-04-19 10:26:24,6317.0
2023-04-19 10:37:12,6316.0
2023-04-19 10:48:00,6315.0
2023-04-19 10:58:48,6311.0
2023-04-19 11:09:36,6501.0
2023-04-19 11:20:24,6370.0
2023-04-19 11:31:12,6553.0
2023-04-19 11:42:00,6959.0
2023-04-19 11:52:48,7045.0
2023-04-19 12:03:36,6414.0
2023-04-19 12:14:24,6388.0
2023-04-19 12:25:12,6374.0
2023-04-19 12:36:00,6366.0
2023-04-19 12:46:48,6358.0
2023-04-19 12:57:36,6355.0
2023-04-19 13:08:24,6354.0
2023-04-19 13:19:12,6346.0
2023-04-19 13:30:00,6343.0
2023-04-19 13:40:48,6340.0
2023-04-19 13:51:36,6355.0
2023-04-19 14:02:24,6335.0
2023-04-19 14:13:12,6333.0
2023-04-19 14:24:00,6333.0
2023-04-19 14:34:48,6329.0
2023-04-19 14:45:36,6329.0
2023-04-19 14:56:24,6327.0
2023-04-19 15:07:12,6327.0
2023-04-19 15:18:00,6325.0
2023-04-19 15:28:48,6323.0
2023-04-19 15:39:36,6322.0
2023-04-19 15:50:24,6322.0
2023-04-19 16:01:12,6321.0
2023-04-19 16:12:00,6321.0
2023-04-19 16:22:48,6319.0
2023-04-19 16:33:36,6317.0
2023-04-19 16:44:24,6317.0
2023-04-19 16:55:12,6317.0
2023-04-19 17:06:00,6317.0
2023-04-19 17:16:48,6315.0
2023-04-19 17:27:36,6315.0
2023-04-19 17:38:24,6315.0
2023-04-19 17:49:12,6075.0
2023-04-19 18:00:00,5992.0
2023-04-19 18:10:48,6276.0
2023-04-19 18:21:36,6280.0
2023-04-19 18:32:24,5873.0
2023-04-19 18:43:12,6268.0
2023-04-19 18:54:00,6274.0
2023-04-19 19:04:48,6047.0
2023-04-19 19:15:36,6268.0
2023-04-19 19:26:24,6271.0
2023-04-19 19:37:12,6274.0
2023-04-19 19:48:00,6274.0
2023-04-19 19:58:48,6274.0
2023-04-19 20:09:36,6274.0
2023-04-19 20:20:24,6274.0
2023-04-19 20:31:12,6274.0
2023-04-19 20:42:00,6274.0
2023-04-19 20:52:48,6274.0
2023-04-19 21:03:36,6274.0
2023-04-19 21:14:24,6274.0
2023-04-19 21:25:12,6274.0
2023-04-19 21:36:00,6274.0
2023-04-19 21:46:48,6274.0
2023-04-19 21:57:36,6274.0
2023-04-19 22:08:24,6272.0
2023-04-19 22:19:12,6272.0
2023-04-19 22:30:00,6271.0
2023-04-19 22:40:48,6745.0
2023-04-19 22:51:36,6859.0
2023-04-19 23:02:24,7163.0
2023-04-19 23:13:12,6463.0
2023-04-19 23:24:00,6391.0
2023-04-19 23:34:48,6376.0
2023-04-19 23:45:36,6367.0
2023-04-19 23:56:24,6358.0
2023-04-20 00:07:12,6352.0
2023-04-20 00:18:00,6349.0
2023-04-20 00:28:48,6376.0
2023-04-20 00:39:36,6343.0
2023-04-20 00:50:24,6340.0
2023-04-20 01:01:12,6335.0
2023-04-20 01:12:00,6334.0
2023-04-20 01:22:48,6333.0
2023-04-20 01:33:36,6329.0
2023-04-20 01:44:24,6329.0
2023-04-20 01:55:12,6327.0
2023-04-20 02:06:00,6327.0
2023-04-20 02:16:48,6325.0
2023-04-20 02:27:36,6323.0
2023-04-20 02:38:24,6322.0
2023-04-20 02:49:12,6321.0
2023-04-20 03:00:00,6321.0
2023-04-20 03:10:48,6321.0
2023-04-20 03:21:36,6319.0
2023-04-20 03:32:24,6317.0
2023-04-20 03:43:12,6317.0
2023-04-20 03:54:00,6317.0
2023-04-20 04:04:48,6316.0
2023-04-20 04:15:36,6315.0
2023-04-20 04:26:24,6315.0
2023-04-20 04:37:12,6313.0
2023-04-20 04:48:00,6335.0
2023-04-20 04:58:48,6321.0
2023-04-20 05:09:36,6315.0
2023-04-20 05:20:24,6315.0
2023-04-20 05:31:12,6311.0
2023-04-20 05:42:00,6311.0
2023-04-20 05:52:48,6311.0
2023-04-20 06:03:36,6310.0
2023-04-20 06:14:24,6309.0
2023-04-20 06:25:12,6309.0
2023-04-20 06:36:00,6309.0
2023-04-20 06:46:48,6309.0
2023-04-20 06:57:36,6309.0
2023-04-20 07:08:24,6306.0
2023-04-20 07:19:12,6304.0
2023-04-20 07:30:00,6304.0
2023-04-20 07:40:48,6304.0
2023-04-20 07:51:36,6304.0
2023-04-20 08:02:24,6304.0
2023-04-20 08:13:12,6304.0
2023-04-20 08:24:00,6304.0
2023-04-20 08:34:48,6302.0
2023-04-20 08:45:36,6301.0
2023-04-20 08:56:24,6301.0
2023-04-20 09:07:12,6301.0
2023-04-20 09:18:00,6301.0
2023-04-20 09:28:48,6301.0
2023-04-20 09:39:36,6301.0
2023-04-20 09:50:24,6301.0
2023-04-20 10:01:12,6301.0
2023-04-20 10:12:00,6301.0
2023-04-20 10:22:48,6300.0
2023-04-20 10:33:36,6298.0
2023-04-20 10:44:24,6298.0
2023-04-20 10:55:12,6298.0
2023-04-20 11:06:00,6298.0
2023-04-20 11:16:48,6298.0
2023-04-20 11:27:36,6298.0
2023-04-20 11:38:24,6298.0
2023-04-20 11:49:12,6298.0
2023-04-20 12:00:00,6298.0
2023-04-20 12:10:48,6323.0
2023-04-20 12:21:36,6311.0
2023-04-20 12:32:24,6333.0
2023-04-20 12:43:12,6315.0
2023-04-20 12:54:00,6309.0
2023-04-20 13:04:48,6304.0
2023-04-20 13:15:36,6301.0
2023-04-20 13:26:24,6309.0
2023-04-20 13:37:12,6301.0
2023-04-20 13:48:00,6298.0
2023-04-20 13:58:48,6298.0
2023-04-20 14:09:36,6295.0
2023-04-20 14:20:24,6295.0
2023-04-20 14:31:12,6295.0
2023-04-20 14:42:00,6295.0
2023-04-20 14:52:48,6295.0
2023-04-20 15:03:36,6294.0
2023-04-20 15:14:24,6294.0
2023-04-20 15:25:12,6294.0
2023-04-20 15:36:00,6292.0
2023-04-20 15:46:48,6292.0
2023-04-20 15:57:36,6292.0
2023-04-20 16:08:24,6292.0
2023-04-20 16:19:12,6292.0
2023-04-20 16:30:00,6292.0
2023-04-20 16:40:48,6292.0
2023-04-20 16:51:36,6292.0
2023-04-20 17:02:24,6292.0
2023-04-20 17:13:12,6292.0
2023-04-20 17:24:00,6292.0
2023-04-20 17:34:48,6292.0
2023-04-20 17:45:36,6292.0
2023-04-20 17:56:24,6290.0
2023-04-20 18:07:12,6289.0
2023-04-20 18:18:00,6289.0
2023-04-20 18:28:48,6289.0
2023-04-20 18:39:36,6289.0
2023-04-20 18:50:24,6289.0
2023-04-20 19:01:12,6289.0
2023-04-20 19:12:00,6289.0
2023-04-20 19:22:48,6289.0
2023-04-20 19:33:36,6289.0
2023-04-20 19:44:24,6289.0
2023-04-20 19:55:12,6289.0
2023-04-20 20:06:00,6102.0
2023-04-20 20:16:48,6280.0
2023-04-20 20:27:36,6286.0
2023-04-20 20:38:24,6286.0
2023-04-20 20:49:12,6289.0
2023-04-20 21:00:00,6289.0
2023-04-20 21:10:48,6289.0
2023-04-20 21:21:36,6289.0
2023-04-20 21:32:24,6289.0
2023-04-20 21:43:12,6289.0
2023-04-20 21:54:00,6289.0
2023-04-20 22:04:48,6289.0
2023-04-20 22:15:36,6289.0
2023-04-20 22:26:24,6289.0
2023-04-20 22:37:12,6289.0
2023-04-20 22:48:00,6289.0
2023-04-20 22:58:48,6288.0
2023-04-20 23:09:36,6286.0
2023-04-20 23:20:24,6286.0
2023-04-20 23:31:12,6286.0
2023-04-20 23:42:00,6286.0
2023-04-20 23:52:48,6286.0
2023-04-21 00:03:36,6286.0
2023-04-21 00:14:24,6286.0
2023-04-21 00:25:12,6271.0
2023-04-21 00:36:00,6277.0
2023-04-21 00:46:48,6280.0
2023-04-21 00:57:36,6280.0
2023-04-21 01:08:24,6281.0
2023-04-21 01:19:12,6281.0
2023-04-21 01:30:00,6281.0
2023-04-21 01:40:48,6280.0
2023-04-21 01:51:36,6262.0
2023-04-21 02:02:24,6271.0
2023-04-21 02:13:12,6274.0
2023-04-21 02:24:00,6274.0
2023-04-21 02:34:48,6179.0
2023-04-21 02:45:36,6261.0
2023-04-21 02:56:24,6253.0
2023-04-21 03:07:12,6265.0
2023-04-21 03:18:00,6265.0
2023-04-21 03:28:48,6183.0
2023-04-21 03:39:36,6249.0
2023-04-21 03:50:24,6255.0
2023-04-21 04:01:12,6256.0
2023-04-21 04:12:00,6259.0
2023-04-21 04:22:48,6259.0
2023-04-21 04:33:36,6259.0
2023-04-21 04:44:24,6259.0
2023-04-21 04:55:12,6259.0
2023-04-21 05:06:00,6259.0
2023-04-21 05:16:48,6262.0
2023-04-21 05:27:36,6261.0
2023-04-21 05:38:24,6262.0
2023-04-21 05:49:12,6262.0
2023-04-21 06:00:00,6262.0
2023-04-21 06:10:48,6262.0
2023-04-21 06:21:36,6262.0
2023-04-21 06:32:24,6261.0
2023-04-21 06:43:12,6261.0
2023-04-21 06:54:00,6261.0
2023-04-21 07:04:48,6261.0
2023-04-21 07:15:36,6261.0
2023-04-21 07:26:24,6261.0
2023-04-21 07:37:12,6259.0
2023-04-21 07:48:00,6259.0
2023-04-21 07:58:48,6259.0
2023-04-21 08:09:36,6259.0
2023-04-21 08:20:24,6259.0
2023-04-21 08:31:12,6259.0
2023-04-21 08:42:00,6259.0
2023-04-21 08:52:48,6776.0
2023-04-21 09:03:36,6427.0
2023-04-21 09:14:24,6461.0
2023-04-21 09:25:12,6384.0
2023-04-21 09:36:00,6571.0
2023-04-21 09:46:48,6397.0
2023-04-21 09:57:36,6379.0
2023-04-21 10:08:24,6367.0
2023-04-21 10:19:12,6361.0
2023-04-21 10:30:00,6355.0
2023-04-21 10:40:48,6352.0
2023-04-21 10:51:36,6346.0
2023-04-21 11:02:24,6343.0
2023-04-21 11:13:12,6347.0
2023-04-21 11:24:00,6340.0
2023-04-21 11:34:48,6335.0
2023-04-21 11:45:36,6333.0
2023-04-21 11:56:24,6333.0
2023-04-21 12:07:12,6333.0
2023-04-21 12:18:00,6329.0
2023-04-21 12:28:48,6327.0
2023-04-21 12:39:36,6333.0
2023-04-21 12:50:24,6327.0
2023-04-21 13:01:12,6323.0
2023-04-21 13:12:00,6323.0
2023-04-21 13:22:48,6322.0
2023-04-21 13:33:36,6321.0
2023-04-21 13:44:24,6317.0
2023-04-21 13:55:12,6323.0
2023-04-21 14:06:00,6319.0
2023-04-21 14:16:48,6317.0
2023-04-21 14:27:36,6317.0
2023-04-21 14:38:24,6352.0
2023-04-21 14:49:12,6321.0
2023-04-21 15:00:00,6316.0
2023-04-21 15:10:48,6315.0
2023-04-21 15:21:36,6315.0
2023-04-21 15:32:24,6313.0
2023-04-21 15:43:12,6311.0
2023-04-21 15:54:00,6321.0
2023-04-21 16:04:48,6315.0
2023-04-21 16:15:36,6311.0
2023-04-21 16:26:24,6311.0
2023-04-21 16:37:12,6311.0
2023-04-21 16:48:00,6309.0
2023-04-21 16:58:48,6327.0
2023-04-21 17:09:36,6311.0
2023-04-21 17:20:24,6309.0
2023-04-21 17:31:12,6427.0
2023-04-21 17:42:00,6309.0
2023-04-21 17:52:48,6309.0
2023-04-21 18:03:36,6306.0
2023-04-21 18:14:24,6304.0
2023-04-21 18:25:12,6304.0
2023-04-21 18:36:00,6304.0
2023-04-21 18:46:48,6315.0
2023-04-21 18:57:36,6309.0
2023-04-21 19:08:24,6306.0
2023-04-21 19:19:12,6304.0
2023-04-21 19:30:00,6327.0
2023-04-21 19:40:48,6309.0
2023-04-21 19:51:36,6304.0
2023-04-21 20:02:24,6304.0
2023-04-21 20:13:12,6301.0
2023-04-21 20:24:00,6301.0
2023-04-21 20:34:48,6311.0
2023-04-21 20:45:36,6304.0
2023-04-21 20:56:24,6302.0
2023-04-21 21:07:12,6301.0
2023-04-21 21:18:00,6315.0
2023-04-21 21:28:48,6304.0
2023-04-21 21:39:36,6301.0
2023-04-21 21:50:24,6301.0
2023-04-21 22:01:12,6300.0
2023-04-21 22:12:00,6298.0
2023-04-21 22:22:48,6298.0
2023-04-21 22:33:36,6298.0
2023-04-21 22:44:24,6302.0
2023-04-21 22:55:12,6301.0
2023-04-21 23:06:00,6309.0
2023-04-21 23:16:48,6301.0
2023-04-21 23:27:36,6301.0
2023-04-21 23:38:24,6300.0
2023-04-21 23:49:12,6298.0
2023-04-22 00:00:00,6298.0
2023-04-22 00:10:48,6309.0
2023-04-22 00:21:36,6301.0
2023-04-22 00:32:24,6300.0
2023-04-22 00:43:12,6298.0
2023-04-22 00:54:00,6298.0
2023-04-22 01:04:48,6295.0
2023-04-22 01:15:36,6301.0
2023-04-22 01:26:24,6298.0
2023-04-22 01:37:12,6298.0
2023-04-22 01:48:00,6311.0
2023-04-22 01:58:48,6301.0
2023-04-22 02:09:36,6298.0
2023-04-22 02:20:24,6298.0
2023-04-22 02:31:12,6295.0
2023-04-22 02:42:00,6295.0
2023-04-22 02:52:48,6301.0
2023-04-22 03:03:36,6298.0
2023-04-22 03:14:24,6295.0
2023-04-22 03:25:12,6311.0
2023-04-22 03:36:00,6301.0
2023-04-22 03:46:48,6298.0
2023-04-22 03:57:36,6295.0
2023-04-22 04:08:24,6295.0
2023-04-22 04:19:12,6295.0
2023-04-22 04:30:00,6294.0
2023-04-22 04:40:48,6306.0
2023-04-22 04:51:36,6298.0
2023-04-22 05:02:24,6295.0
2023-04-22 05:13:12,6295.0
2023-04-22 05:24:00,6294.0
2023-04-22 05:34:48,6321.0
2023-04-22 05:45:36,6300.0
2023-04-22 05:56:24,6295.0
2023-04-22 06:07:12,6295.0
2023-04-22 06:18:00,6294.0
2023-04-22 06:28:48,6292.0
2023-04-22 06:39:36,6301.0
2023-04-22 06:50:24,6298.0
2023-04-22 07:01:12,6295.0
2023-04-22 07:12:00,6294.0
2023-04-22 07:22:48,6292.0
2023-04-22 07:33:36,6415.0
2023-04-22 07:44:24,6364.0
2023-04-22 07:55:12,6348.0
2023-04-22 08:06:00,6338.0
2023-04-22 08:16:48,6329.0
2023-04-22 08:27:36,6325.0
2023-04-22 08:38:24,6321.0
2023-04-22 08:49:12,6317.0
2023-04-22 09:00:00,6315.0
2023-04-22 09:10:48,6311.0
2023-04-22 09:21:36,6309.0
2023-04-22 09:32:24,6306.0
2023-04-22 09:43:12,6304.0
2023-04-22 09:54:00,6302.0
2023-04-22 10:04:48,6301.0
2023-04-22 10:15:36,6301.0
2023-04-22 10:26:24,6300.0
2023-04-22 10:37:12,6298.0
2023-04-22 10:48:00,6298.0
2023-04-22 10:58:48,6295.0
2023-04-22 11:09:36,6295.0
2023-04-22 11:20:24,6295.0
2023-04-22 11:31:12,6295.0
2023-04-22 11:42:00,6294.0
2023-04-22 11:52:48,6292.0
2023-04-22 12:03:36,6292.0
2023-04-22 12:14:24,6292.0
2023-04-22 12:25:12,6292.0
2023-04-22 12:36:00,6290.0
2023-04-22 12:46:48,6289.0
2023-04-22 12:57:36,6289.0
2023-04-22 13:08:24,6289.0
2023-04-22 13:19:12,6289.0
2023-04-22 13:30:00,6289.0
2023-04-22 13:40:48,6289.0
2023-04-22 13:51:36,6288.0
2023-04-22 14:02:24,6286.0
2023-04-22 14:13:12,6286.0
2023-04-22 14:24:00,6286.0
2023-04-22 14:34:48,6286.0
2023-04-22 14:45:36,6286.0
2023-04-22 14:56:24,6286.0
2023-04-22 15:07:12,6286.0
2023-04-22 15:18:00,6284.0
2023-04-22 15:28:48,6284.0
2023-04-22 15:39:36,6283.0
2023-04-22 15:50:24,6284.0
2023-04-22 16:01:12,6283.0
2023-04-22 16:12:00,6283.0
2023-04-22 16:22:48,6283.0
2023-04-22 16:33:36,6283.0
2023-04-22 16:44:24,6283.0
2023-04-22 16:55:12,6283.0
2023-04-22 17:06:00,6283.0
2023-04-22 17:16:48,6283.0
2023-04-22 17:27:36,6283.0
2023-04-22 17:38:24,6283.0
2023-04-22 17:49:12,6283.0
2023-04-22 18:00:00,6283.0
2023-04-22 18:10:48,6283.0
2023-04-22 18:21:36,6283.0
2023-04-22 18:32:24,6250.0
2023-04-22 18:43:12,6272.0
2023-04-22 18:54:00,6277.0
2023-04-22 19:04:48,6278.0
2023-04-22 19:15:36,5909.0
2023-04-22 19:26:24,6250.0
2023-04-22 19:37:12,6260.0
2023-04-22 19:48:00,6265.0
2023-04-22 19:58:48,6268.0
2023-04-22 20:09:36,6233.0
2023-04-22 20:20:24,6250.0
2023-04-22 20:31:12,6253.0
2023-04-22 20:42:00,6256.0
2023-04-22 20:52:48,6259.0
2023-04-22 21:03:36,6259.0
2023-04-22 21:14:24,6259.0
2023-04-22 21:25:12,6259.0
2023-04-22 21:36:00,6259.0
2023-04-22 21:46:48,6259.0
2023-04-22 21:57:36,6259.0
2023-04-22 22:08:24,6260.0
2023-04-22 22:19:12,6259.0
2023-04-22 22:30:00,6261.0
2023-04-22 22:40:48,6262.0
2023-04-22 22:51:36,6262.0
2023-04-22 23:02:24,6262.0
2023-04-22 23:13:12,6261.0
2023-04-22 23:24:00,6261.0
2023-04-22 23:34:48,6262.0
2023-04-22 23:45:36,6261.0
2023-04-22 23:56:24,6261.0
2023-04-23 00:07:12,6039.0
2023-04-23 00:18:00,6229.0
2023-04-23 00:28:48,6238.0
2023-04-23 00:39:36,6241.0
2023-04-23 00:50:24,6244.0
2023-04-23 01:01:12,6247.0
2023-04-23 01:12:00,6247.0
2023-04-23 01:22:48,6247.0
2023-04-23 01:33:36,6249.0
2023-04-23 01:44:24,6223.0
2023-04-23 01:55:12,6241.0
2023-04-23 02:06:00,6244.0
2023-04-23 02:16:48,6247.0
2023-04-23 02:27:36,6247.0
2023-04-23 02:38:24,6247.0
2023-04-23 02:49:12,6247.0
2023-04-23 03:00:00,6247.0
2023-04-23 03:10:48,6247.0
2023-04-23 03:21:36,6211.0
2023-04-23 03:32:24,6235.0
2023-04-23 03:43:12,6221.0
2023-04-23 03:54:00,6235.0
2023-04-23 04:04:48,5970.0
2023-04-23 04:15:36,6220.0
2023-04-23 04:26:24,6226.0
2023-04-23 04:37:12,6231.0
2023-04-23 04:48:00,6232.0
2023-04-23 04:58:48,6233.0
2023-04-23 05:09:36,6235.0
2023-04-23 05:20:24,6235.0
2023-04-23 05:31:12,6235.0
2023-04-23 05:42:00,6235.0
2023-04-23 05:52:48,6237.0
2023-04-23 06:03:36,6237.0
2023-04-23 06:14:24,6237.0
2023-04-23 06:25:12,6237.0
2023-04-23 06:36:00,6237.0
2023-04-23 06:46:48,6237.0
2023-04-23 06:57:36,6237.0
2023-04-23 07:08:24,6237.0
2023-04-23 07:19:12,6237.0
2023-04-23 07:30:00,6237.0
2023-04-23 07:40:48,6235.0
2023-04-23 07:51:36,6423.0
2023-04-23 08:02:24,6340.0
2023-04-23 08:13:12,6322.0
2023-04-23 08:24:00,7132.0
2023-04-23 08:34:48,7147.0
2023-04-23 08:45:36,6881.0
2023-04-23 08:56:24,7163.0
2023-04-23 09:07:12,6430.0
2023-04-23 09:18:00,6400.0
2023-04-23 09:28:48,6385.0
2023-04-23 09:39:36,6376.0
2023-04-23 09:50:24,6367.0
2023-04-23 10:01:12,6361.0
2023-04-23 10:12:00,6356.0
2023-04-23 10:22:48,6723.0
2023-04-23 10:33:36,6403.0
2023-04-23 10:44:24,6373.0
2023-04-23 10:55:12,6361.0
2023-04-23 11:06:00,6352.0
2023-04-23 11:16:48,6349.0
2023-04-23 11:27:36,6376.0
2023-04-23 11:38:24,6343.0
2023-04-23 11:49:12,6340.0
2023-04-23 12:00:00,7163.0
2023-04-23 12:10:48,6394.0
2023-04-23 12:21:36,6376.0
2023-04-23 12:32:24,6367.0
2023-04-23 12:43:12,6358.0
2023-04-23 12:54:00,6352.0
2023-04-23 13:04:48,6349.0
2023-04-23 13:15:36,6346.0
2023-04-23 13:26:24,6343.0
2023-04-23 13:37:12,6340.0
2023-04-23 13:48:00,6340.0
2023-04-23 13:58:48,6335.0
2023-04-23 14:09:36,6335.0
2023-04-23 14:20:24,6333.0
2023-04-23 14:31:12,6333.0
2023-04-23 14:42:00,6329.0
2023-04-23 14:52:48,6329.0
2023-04-23 15:03:36,6328.0
2023-04-23 15:14:24,6327.0
2023-04-23 15:25:12,6327.0
2023-04-23 15:36:00,6325.0
2023-04-23 15:46:48,6323.0
2023-04-23 15:57:36,6323.0
2023-04-23 16:08:24,6323.0
2023-04-23 16:19:12,6322.0
2023-04-23 16:30:00,6321.0
2023-04-23 16:40:48,6321.0
2023-04-23 16:51:36,6001.0
2023-04-23 17:02:24,6283.0
2023-04-23 17:13:12,6292.0
2023-04-23 17:24:00,6295.0
2023-04-23 17:34:48,6295.0
2023-04-23 17:45:36,6295.0
2023-04-23 17:56:24,6296.0
2023-04-23 18:07:12,6298.0
2023-04-23 18:18:00,6298.0
2023-04-23 18:28:48,6202.0
2023-04-23 18:39:36,6247.0
2023-04-23 18:50:24,6265.0
2023-04-23 19:01:12,6271.0
2023-04-23 19:12:00,6273.0
2023-04-23 19:22:48,6274.0
2023-04-23 19:33:36,6274.0
2023-04-23 19:44:24,6274.0
2023-04-23 19:55:12,6274.0
2023-04-23 20:06:00,6274.0
2023-04-23 20:16:48,6259.0
2023-04-23 20:27:36,6239.0
2023-04-23 20:38:24,6250.0
2023-04-23 20:49:12,6253.0
2023-04-23 21:00:00,6253.0
2023-04-23 21:10:48,6253.0
2023-04-23 21:21:36,6229.0
2023-04-23 21:32:24,6244.0
2023-04-23 21:43:12,6247.0
2023-04-23 21:54:00,6247.0
2023-04-23 22:04:48,5981.0
2023-04-23 22:15:36,5864.0
2023-04-23 22:26:24,6197.0
2023-04-23 22:37:12,6207.0
2023-04-23 22:48:00,6213.0
2023-04-23 22:58:48,6215.0
2023-04-23 23:09:36,6217.0
2023-04-23 23:20:24,6220.0
2023-04-23 23:31:12,6221.0
2023-04-23 23:42:00,6223.0
2023-04-23 23:52:48,6223.0
2023-04-24 00:03:36,6223.0
2023-04-24 00:14:24,6223.0
2023-04-24 00:25:12,6223.0
2023-04-24 00:36:00,6223.0
2023-04-24 00:46:48,6223.0
2023-04-24 00:57:36,6223.0
2023-04-24 01:08:24,6223.0
2023-04-24 01:19:12,6225.0
2023-04-24 01:30:00,6225.0
2023-04-24 01:40:48,6225.0
2023-04-24 01:51:36,6225.0
2023-04-24 02:02:24,6225.0
2023-04-24 02:13:12,6225.0
2023-04-24 02:24:00,6225.0
2023-04-24 02:34:48,6225.0
2023-04-24 02:45:36,6225.0
2023-04-24 02:56:24,6225.0
2023-04-24 03:07:12,6225.0
2023-04-24 03:18:00,6223.0
2023-04-24 03:28:48,6223.0
2023-04-24 03:39:36,6223.0
2023-04-24 03:50:24,6223.0
2023-04-24 04:01:12,6223.0
2023-04-24 04:12:00,6223.0
2023-04-24 04:22:48,6223.0
2023-04-24 04:33:36,6223.0
2023-04-24 04:44:24,6223.0
2023-04-24 04:55:12,6223.0
2023-04-24 05:06:00,6223.0
2023-04-24 05:16:48,6223.0
2023-04-24 05:27:36,6223.0
2023-04-24 05:38:24,6223.0
2023-04-24 05:49:12,6223.0
2023-04-24 06:00:00,6223.0
2023-04-24 06:10:48,6223.0
2023-04-24 06:21:36,6223.0
2023-04-24 06:32:24,6223.0
2023-04-24 06:43:12,6691.0
2023-04-24 06:54:00,6343.0
2023-04-24 07:04:48,6370.0
2023-04-24 07:15:36,6331.0
2023-04-24 07:26:24,6317.0
2023-04-24 07:37:12,6309.0
2023-04-24 07:48:00,6301.0
2023-04-24 07:58:48,6297.0
2023-04-24 08:09:36,6293.0
2023-04-24 08:20:24,6291.0
2023-04-24 08:31:12,6287.0
2023-04-24 08:42:00,6285.0
2023-04-24 08:52:48,6423.0
2023-04-24 09:03:36,6335.0
2023-04-24 09:14:24,6321.0
2023-04-24 09:25:12,6311.0
2023-04-24 09:36:00,6304.0
2023-04-24 09:46:48,6298.0
2023-04-24 09:57:36,6295.0
2023-04-24 10:08:24,6291.0
2023-04-24 10:19:12,6289.0
2023-04-24 10:30:00,6286.0
2023-04-24 10:40:48,6283.0
2023-04-24 10:51:36,6281.0
2023-04-24 11:02:24,6280.0
2023-04-24 11:13:12,6279.0
2023-04-24 11:24:00,6277.0
2023-04-24 11:34:48,6275.0
2023-04-24 11:45:36,6274.0
2023-04-24 11:56:24,6274.0
2023-04-24 12:07:12,6273.0
2023-04-24 12:18:00,6271.0
2023-04-24 12:28:48,6271.0
2023-04-24 12:39:36,6269.0
2023-04-24 12:50:24,6269.0
2023-04-24 13:01:12,6268.0
2023-04-24 13:12:00,6268.0
2023-04-24 13:22:48,6267.0
2023-04-24 13:33:36,6265.0
2023-04-24 13:44:24,6265.0
2023-04-24 13:55:12,6265.0
2023-04-24 14:06:00,6263.0
2023-04-24 14:16:48,6263.0
2023-04-24 14:27:36,6262.0
2023-04-24 14:38:24,6262.0
2023-04-24 14:49:12,6262.0
2023-04-24 15:00:00,6262.0
2023-04-24 15:10:48,6261.0
2023-04-24 15:21:36,6261.0
2023-04-24 15:32:24,6261.0
2023-04-24 15:43:12,6259.0
2023-04-24 15:54:00,6259.0
2023-04-24 16:04:48,6259.0
2023-04-24 16:15:36,6259.0
2023-04-24 16:26:24,6257.0
2023-04-24 16:37:12,6238.0
2023-04-24 16:48:00,6203.0
2023-04-24 16:58:48,6185.0
2023-04-24 17:09:36,6203.0
2023-04-24 17:20:24,6153.0
2023-04-24 17:31:12,6173.0
2023-04-24 17:42:00,5761.0
2023-04-24 17:52:48,6167.0
2023-04-24 18:03:36,6179.0
2023-04-24 18:14:24,6185.0
2023-04-24 18:25:12,6190.0
2023-04-24 18:36:00,6191.0
2023-04-24 18:46:48,5929.0
2023-04-24 18:57:36,5885.0
2023-04-24 19:08:24,5864.0
2023-04-24 19:19:12,6005.0
2023-04-24 19:30:00,6313.0
2023-04-24 19:40:48,6249.0
2023-04-24 19:51:36,6238.0
2023-04-24 20:02:24,6231.0
2023-04-24 20:13:12,6227.0
2023-04-24 20:24:00,6225.0
2023-04-24 20:34:48,6223.0
2023-04-24 20:45:36,6221.0
2023-04-24 20:56:24,6217.0
2023-04-24 21:07:12,6217.0
2023-04-24 21:18:00,6215.0
2023-04-24 21:28:48,6214.0
2023-04-24 21:39:36,6213.0
2023-04-24 21:50:24,6211.0
2023-04-24 22:01:12,6223.0
2023-04-24 22:12:00,6214.0
2023-04-24 22:22:48,6211.0
2023-04-24 22:33:36,6211.0
2023-04-24 22:44:24,6209.0
2023-04-24 22:55:12,6208.0
2023-04-24 23:06:00,6208.0
2023-04-24 23:16:48,6207.0
2023-04-24 23:27:36,6205.0
2023-04-24 23:38:24,6207.0
2023-04-24 23:49:12,6214.0
2023-04-25 00:00:00,6208.0
2023-04-25 00:10:48,6205.0
2023-04-25 00:21:36,6205.0
2023-04-25 00:32:24,6203.0
2023-04-25 00:43:12,6203.0
2023-04-25 00:54:00,6211.0
2023-04-25 01:04:48,6208.0
2023-04-25 01:15:36,6205.0
2023-04-25 01:26:24,6203.0
2023-04-25 01:37:12,6203.0
2023-04-25 01:48:00,6202.0
2023-04-25 01:58:48,6201.0
2023-04-25 02:09:36,6214.0
2023-04-25 02:20:24,6205.0
2023-04-25 02:31:12,6287.0
2023-04-25 02:42:00,6232.0
2023-04-25 02:52:48,6221.0
2023-04-25 03:03:36,6687.0
2023-04-25 03:14:24,6307.0
2023-04-25 03:25:12,6280.0
2023-04-25 03:36:00,6820.0
2023-04-25 03:46:48,6289.0
2023-04-25 03:57:36,6273.0
2023-04-25 04:08:24,6263.0
2023-04-25 04:19:12,6269.0
2023-04-25 04:30:00,6257.0
2023-04-25 04:40:48,6253.0
2023-04-25 04:51:36,6249.0
2023-04-25 05:02:24,6245.0
2023-04-25 05:13:12,6243.0
2023-04-25 05:24:00,6241.0
2023-04-25 05:34:48,6239.0
2023-04-25 05:45:36,6237.0
2023-04-25 05:56:24,6238.0
2023-04-25 06:07:12,6235.0
2023-04-25 06:18:00,6233.0
2023-04-25 06:28:48,6232.0
2023-04-25 06:39:36,6231.0
2023-04-25 06:50:24,6825.0
2023-04-25 07:01:12,6371.0
2023-04-25 07:12:00,6316.0
2023-04-25 07:22:48,6298.0
2023-04-25 07:33:36,6289.0
2023-04-25 07:44:24,6283.0
2023-04-25 07:55:12,6277.0
2023-04-25 08:06:00,6273.0
2023-04-25 08:16:48,6269.0
2023-04-25 08:27:36,6267.0
2023-04-25 08:38:24,6263.0
2023-04-25 08:49:12,6262.0
2023-04-25 09:00:00,6261.0
2023-04-25 09:10:48,6257.0
2023-04-25 09:21:36,6256.0
2023-04-25 09:32:24,6255.0
2023-04-25 09:43:12,6253.0
2023-04-25 09:54:00,6251.0
2023-04-25 10:04:48,6251.0
2023-04-25 10:15:36,6250.0
2023-04-25 10:26:24,6249.0
2023-04-25 10:37:12,6249.0
2023-04-25 10:48:00,6247.0
2023-04-25 10:58:48,6656.0
2023-04-25 11:09:36,6281.0
2023-04-25 11:20:24,6267.0
2023-04-25 11:31:12,6259.0
2023-04-25 11:42:00,6253.0
2023-04-25 11:52:48,6250.0
2023-04-25 12:03:36,6247.0
2023-04-25 12:14:24,6245.0
2023-04-25 12:25:12,6243.0
2023-04-25 12:36:00,6241.0
2023-04-25 12:46:48,6241.0
2023-04-25 12:57:36,6239.0
2023-04-25 13:08:24,6238.0
2023-04-25 13:19:12,6238.0
2023-04-25 13:30:00,6237.0
2023-04-25 13:40:48,6237.0
2023-04-25 13:51:36,6235.0
2023-04-25 14:02:24,6235.0
2023-04-25 14:13:12,6233.0
2023-04-25 14:24:00,6233.0
2023-04-25 14:34:48,6233.0
2023-04-25 14:45:36,6232.0
2023-04-25 14:56:24,6232.0
2023-04-25 15:07:12,6232.0
2023-04-25 15:18:00,6231.0
2023-04-25 15:28:48,6231.0
2023-04-25 15:39:36,6231.0
2023-04-25 15:50:24,6231.0
2023-04-25 16:01:12,6231.0
2023-04-25 16:12:00,6229.0
2023-04-25 16:22:48,6229.0
2023-04-25 16:33:36,6229.0
2023-04-25 16:44:24,6229.0
2023-04-25 16:55:12,6017.0
2023-04-25 17:06:00,6217.0
2023-04-25 17:16:48,6193.0
2023-04-25 17:27:36,5882.0
2023-04-25 17:38:24,6172.0
2023-04-25 17:49:12,6159.0
2023-04-25 18:00:00,6319.0
2023-04-25 18:10:48,6209.0
2023-04-25 18:21:36,6197.0
2023-04-25 18:32:24,6195.0
2023-04-25 18:43:12,6191.0
2023-04-25 18:54:00,6190.0
2023-04-25 19:04:48,5830.0
2023-04-25 19:15:36,5850.0
2023-04-25 19:26:24,6674.0
2023-04-25 19:37:12,7019.0
2023-04-25 19:48:00,6307.0
2023-04-25 19:58:48,6279.0
2023-04-25 20:09:36,6267.0
2023-04-25 20:20:24,6259.0
2023-04-25 20:31:12,6255.0
2023-04-25 20:42:00,6249.0
2023-04-25 20:52:48,6245.0
2023-04-25 21:03:36,6243.0
2023-04-25 21:14:24,6241.0
2023-04-25 21:25:12,6238.0
2023-04-25 21:36:00,6237.0
2023-04-25 21:46:48,6233.0
2023-04-25 21:57:36,6232.0
2023-04-25 22:08:24,6231.0
2023-04-25 22:19:12,6235.0
2023-04-25 22:30:00,6231.0
2023-04-25 22:40:48,6677.0
2023-04-25 22:51:36,6359.0
2023-04-25 23:02:24,6297.0
2023-04-25 23:13:12,6281.0
2023-04-25 23:24:00,6273.0
2023-04-25 23:34:48,6265.0
2023-04-25 23:45:36,6261.0
2023-04-25 23:56:24,6257.0
2023-04-26 00:07:12,6253.0
2023-04-26 00:18:00,6250.0
2023-04-26 00:28:48,6249.0
2023-04-26 00:39:36,6245.0
2023-04-26 00:50:24,6244.0
2023-04-26 01:01:12,6243.0
2023-04-26 01:12:00,6239.0
2023-04-26 01:22:48,6239.0
2023-04-26 01:33:36,6238.0
2023-04-26 01:44:24,6237.0
2023-04-26 01:55:12,6235.0
2023-04-26 02:06:00,6235.0
2023-04-26 02:16:48,6233.0
2023-04-26 02:27:36,6232.0
2023-04-26 02:38:24,6231.0
2023-04-26 02:49:12,6231.0
2023-04-26 03:00:00,6229.0
2023-04-26 03:10:48,6229.0
2023-04-26 03:21:36,6227.0
2023-04-26 03:32:24,6227.0
2023-04-26 03:43:12,6226.0
2023-04-26 03:54:00,6226.0
2023-04-26 04:04:48,6226.0
2023-04-26 04:15:36,6225.0
2023-04-26 04:26:24,6225.0
2023-04-26 04:37:12,6225.0
2023-04-26 04:48:00,6223.0
2023-04-26 04:58:48,6223.0
2023-04-26 05:09:36,6223.0
2023-04-26 05:20:24,6221.0
2023-04-26 05:31:12,6221.0
2023-04-26 05:42:00,6221.0
2023-04-26 05:52:48,6221.0
2023-04-26 06:03:36,6220.0
2023-04-26 06:14:24,6220.0
2023-04-26 06:25:12,6220.0
2023-04-26 06:36:00,6217.0
2023-04-26 06:46:48,6217.0
2023-04-26 06:57:36,6217.0
2023-04-26 07:08:24,6215.0
2023-04-26 07:19:12,6215.0
2023-04-26 07:30:00,6215.0
2023-04-26 07:40:48,6868.0
2023-04-26 07:51:36,6765.0
2023-04-26 08:02:24,6376.0
2023-04-26 08:13:12,6333.0
2023-04-26 08:24:00,6316.0
2023-04-26 08:34:48,6304.0
2023-04-26 08:45:36,6297.0
2023-04-26 08:56:24,6291.0
2023-04-26 09:07:12,6286.0
2023-04-26 09:18:00,6283.0
2023-04-26 09:28:48,6280.0
2023-04-26 09:39:36,6277.0
2023-04-26 09:50:24,6274.0
2023-04-26 10:01:12,6273.0
2023-04-26 10:12:00,6867.0
2023-04-26 10:22:48,6334.0
2023-04-26 10:33:36,6310.0
2023-04-26 10:44:24,6298.0
2023-04-26 10:55:12,6291.0
2023-04-26 11:06:00,6286.0
2023-04-26 11:16:48,6281.0
2023-04-26 11:27:36,6279.0
2023-04-26 11:38:24,6275.0
2023-04-26 11:49:12,6273.0
2023-04-26 12:00:00,6271.0
2023-04-26 12:10:48,6268.0
2023-04-26 12:21:36,6267.0
2023-04-26 12:32:24,6317.0
2023-04-26 12:43:12,6285.0
2023-04-26 12:54:00,6274.0
2023-04-26 13:04:48,6268.0
2023-04-26 13:15:36,6265.0
2023-04-26 13:26:24,6262.0
2023-04-26 13:37:12,6261.0
2023-04-26 13:48:00,6259.0
2023-04-26 13:58:48,6259.0
2023-04-26 14:09:36,6883.0
2023-04-26 14:20:24,6379.0
2023-04-26 14:31:12,6345.0
2023-04-26 14:42:00,6329.0
2023-04-26 14:52:48,6321.0
2023-04-26 15:03:36,6313.0
2023-04-26 15:14:24,6309.0
2023-04-26 15:25:12,6303.0
2023-04-26 15:36:00,6299.0
2023-04-26 15:46:48,6297.0
2023-04-26 15:57:36,6295.0
2023-04-26 16:08:24,6292.0
2023-04-26 16:19:12,6291.0
2023-04-26 16:30:00,6289.0
2023-04-26 16:40:48,6286.0
2023-04-26 16:51:36,6286.0
2023-04-26 17:02:24,6283.0
2023-04-26 17:13:12,6283.0
2023-04-26 17:24:00,6280.0
2023-04-26 17:34:48,6047.0
2023-04-26 17:45:36,5965.0
2023-04-26 17:56:24,6199.0
2023-04-26 18:07:12,6223.0
2023-04-26 18:18:00,6229.0
2023-04-26 18:28:48,6232.0
2023-04-26 18:39:36,6232.0
2023-04-26 18:50:24,6235.0
2023-04-26 19:01:12,6235.0
2023-04-26 19:12:00,6235.0
2023-04-26 19:22:48,6149.0
2023-04-26 19:33:36,6223.0
2023-04-26 19:44:24,6226.0
2023-04-26 19:55:12,6227.0
2023-04-26 20:06:00,6227.0
2023-04-26 20:16:48,6229.0
2023-04-26 20:27:36,6229.0
2023-04-26 20:38:24,6229.0
2023-04-26 20:49:12,6229.0
2023-04-26 21:00:00,6229.0
2023-04-26 21:10:48,6227.0
2023-04-26 21:21:36,6227.0
2023-04-26 21:32:24,5866.0
2023-04-26 21:43:12,6199.0
2023-04-26 21:54:00,6207.0
2023-04-26 22:04:48,5977.0
2023-04-26 22:15:36,5848.0
2023-04-26 22:26:24,6166.0
2023-04-26 22:37:12,6175.0
2023-04-26 22:48:00,6179.0
2023-04-26 22:58:48,6183.0
2023-04-26 23:09:36,6184.0
2023-04-26 23:20:24,6185.0
2023-04-26 23:31:12,6187.0
2023-04-26 23:42:00,6189.0
2023-04-26 23:52:48,6189.0
2023-04-27 00:03:36,6189.0
2023-04-27 00:14:24,6190.0
2023-04-27 00:25:12,6207.0
2023-04-27 00:36:00,6193.0
2023-04-27 00:46:48,6191.0
2023-04-27 00:57:36,6191.0
2023-04-27 01:08:24,6191.0
2023-04-27 01:19:12,6196.0
2023-04-27 01:30:00,6195.0
2023-04-27 01:40:48,6193.0
2023-04-27 01:51:36,6191.0
2023-04-27 02:02:24,6199.0
2023-04-27 02:13:12,6509.0
2023-04-27 02:24:00,6323.0
2023-04-27 02:34:48,6299.0
2023-04-27 02:45:36,6277.0
2023-04-27 02:56:24,6267.0
2023-04-27 03:07:12,6259.0
2023-04-27 03:18:00,6858.0
2023-04-27 03:28:48,6310.0
2023-04-27 03:39:36,6286.0
2023-04-27 03:50:24,6275.0
2023-04-27 04:01:12,6268.0
2023-04-27 04:12:00,6263.0
2023-04-27 04:22:48,6259.0
2023-04-27 04:33:36,6256.0
2023-04-27 04:44:24,6011.0
2023-04-27 04:55:12,5892.0
2023-04-27 05:06:00,6103.0
2023-04-27 05:16:48,6133.0
2023-04-27 05:27:36,6142.0
2023-04-27 05:38:24,6363.0
2023-04-27 05:49:12,6287.0
2023-04-27 06:00:00,6273.0
2023-04-27 06:10:48,6263.0
2023-04-27 06:21:36,6257.0
2023-04-27 06:32:24,6253.0
2023-04-27 06:43:12,6249.0
2023-04-27 06:54:00,6725.0
2023-04-27 07:04:48,6341.0
2023-04-27 07:15:36,6301.0
2023-04-27 07:26:24,6286.0
2023-04-27 07:37:12,6817.0
2023-04-27 07:48:00,6760.0
2023-04-27 07:58:48,6778.0
2023-04-27 08:09:36,6340.0
2023-04-27 08:20:24,6316.0
2023-04-27 08:31:12,6303.0
2023-04-27 08:42:00,6295.0
2023-04-27 08:52:48,6289.0
2023-04-27 09:03:36,6283.0
2023-04-27 09:14:24,6280.0
2023-04-27 09:25:12,6277.0
2023-04-27 09:36:00,6333.0
2023-04-27 09:46:48,6301.0
2023-04-27 09:57:36,7043.0
2023-04-27 10:08:24,6358.0
2023-04-27 10:19:12,6577.0
2023-04-27 10:30:00,7027.0
2023-04-27 10:40:48,6364.0
2023-04-27 10:51:36,6341.0
2023-04-27 11:02:24,6328.0
2023-04-27 11:13:12,6321.0
2023-04-27 11:24:00,6315.0
2023-04-27 11:34:48,6309.0
2023-04-27 11:45:36,6304.0
2023-04-27 11:56:24,6754.0
2023-04-27 12:07:12,6389.0
2023-04-27 12:18:00,6358.0
2023-04-27 12:28:48,6343.0
2023-04-27 12:39:36,6334.0
2023-04-27 12:50:24,6327.0
2023-04-27 13:01:12,6323.0
2023-04-27 13:12:00,6317.0
2023-04-27 13:22:48,6315.0
2023-04-27 13:33:36,6311.0
2023-04-27 13:44:24,6309.0
2023-04-27 13:55:12,6309.0
2023-04-27 14:06:00,6304.0
2023-04-27 14:16:48,6303.0
2023-04-27 14:27:36,6301.0
2023-04-27 14:38:24,6301.0
2023-04-27 14:49:12,6298.0
2023-04-27 15:00:00,6298.0
2023-04-27 15:10:48,6295.0
2023-04-27 15:21:36,6295.0
2023-04-27 15:32:24,6295.0
2023-04-27 15:43:12,5999.0
2023-04-27 15:54:00,6280.0
2023-04-27 16:04:48,6281.0
2023-04-27 16:15:36,6283.0
2023-04-27 16:26:24,6281.0
2023-04-27 16:37:12,6280.0
2023-04-27 16:48:00,6037.0
2023-04-27 16:58:48,5992.0
2023-04-27 17:09:36,6238.0
2023-04-27 17:20:24,6244.0
2023-04-27 17:31:12,6207.0
2023-04-27 17:42:00,5995.0
2023-04-27 17:52:48,5972.0
2023-04-27 18:03:36,6165.0
2023-04-27 18:14:24,6181.0
2023-04-27 18:25:12,6193.0
2023-04-27 18:36:00,6013.0
2023-04-27 18:46:48,5961.0
2023-04-27 18:57:36,6153.0
2023-04-27 19:08:24,6163.0
2023-04-27 19:19:12,5944.0
2023-04-27 19:30:00,6952.0
2023-04-27 19:40:48,6271.0
2023-04-27 19:51:36,6253.0
2023-04-27 20:02:24,6277.0
2023-04-27 20:13:12,6247.0
2023-04-27 20:24:00,6488.0
2023-04-27 20:34:48,6573.0
2023-04-27 20:45:36,6424.0
2023-04-27 20:56:24,6307.0
2023-04-27 21:07:12,6287.0
2023-04-27 21:18:00,6279.0
2023-04-27 21:28:48,6271.0
2023-04-27 21:39:36,6267.0
2023-04-27 21:50:24,6261.0
2023-04-27 22:01:12,6257.0
2023-04-27 22:12:00,6255.0
2023-04-27 22:22:48,6253.0
2023-04-27 22:33:36,6250.0
2023-04-27 22:44:24,6249.0
2023-04-27 22:55:12,6247.0
2023-04-27 23:06:00,6245.0
2023-04-27 23:16:48,6244.0
2023-04-27 23:27:36,6243.0
2023-04-27 23:38:24,6241.0
2023-04-27 23:49:12,6239.0
2023-04-28 00:00:00,6238.0
2023-04-28 00:10:48,6238.0
2023-04-28 00:21:36,6237.0
2023-04-28 00:32:24,6237.0
2023-04-28 00:43:12,6235.0
2023-04-28 00:54:00,6235.0
2023-04-28 01:04:48,6233.0
2023-04-28 01:15:36,6233.0
2023-04-28 01:26:24,6232.0
2023-04-28 01:37:12,6232.0
2023-04-28 01:48:00,6231.0
2023-04-28 01:58:48,6231.0
2023-04-28 02:09:36,6229.0
2023-04-28 02:20:24,6229.0
2023-04-28 02:31:12,6229.0
2023-04-28 02:42:00,6229.0
2023-04-28 02:52:48,6227.0
2023-04-28 03:03:36,6227.0
2023-04-28 03:14:24,6227.0
2023-04-28 03:25:12,6226.0
2023-04-28 03:36:00,6226.0
2023-04-28 03:46:48,6226.0
2023-04-28 03:57:36,6225.0
2023-04-28 04:08:24,6225.0
2023-04-28 04:19:12,6225.0
2023-04-28 04:30:00,6225.0
2023-04-28 04:40:48,6045.0
2023-04-28 04:51:36,5927.0
2023-04-28 05:02:24,6190.0
2023-04-28 05:13:12,6189.0
2023-04-28 05:24:00,6190.0
2023-04-28 05:34:48,6190.0
2023-04-28 05:45:36,6191.0
2023-04-28 05:56:24,6191.0
2023-04-28 06:07:12,6197.0
2023-04-28 06:18:00,6195.0
2023-04-28 06:28:48,6195.0
2023-04-28 06:39:36,6193.0
2023-04-28 06:50:24,6193.0
2023-04-28 07:01:12,6193.0
2023-04-28 07:12:00,6193.0
2023-04-28 07:22:48,6193.0
2023-04-28 07:33:36,6193.0
2023-04-28 07:44:24,6201.0
2023-04-28 07:55:12,6197.0
2023-04-28 08:06:00,6195.0
2023-04-28 08:16:48,6195.0
2023-04-28 08:27:36,6193.0
2023-04-28 08:38:24,6191.0
2023-04-28 08:49:12,6607.0
2023-04-28 09:00:00,6710.0
2023-04-28 09:10:48,6335.0
2023-04-28 09:21:36,6315.0
2023-04-28 09:32:24,6301.0
2023-04-28 09:43:12,6293.0
2023-04-28 09:54:00,6286.0
2023-04-28 10:04:48,6281.0
2023-04-28 10:15:36,6754.0
2023-04-28 10:26:24,6818.0
2023-04-28 10:37:12,6357.0
2023-04-28 10:48:00,6327.0
2023-04-28 10:58:48,6743.0
2023-04-28 11:09:36,6333.0
2023-04-28 11:20:24,6313.0
2023-04-28 11:31:12,6435.0
2023-04-28 11:42:00,6346.0
2023-04-28 11:52:48,6327.0
2023-04-28 12:03:36,6400.0
2023-04-28 12:14:24,6349.0
2023-04-28 12:25:12,6333.0
2023-04-28 12:36:00,6322.0
2023-04-28 12:46:48,6315.0
2023-04-28 12:57:36,6309.0
2023-04-28 13:08:24,6304.0
2023-04-28 13:19:12,6301.0
2023-04-28 13:30:00,6298.0
2023-04-28 13:40:48,6295.0
2023-04-28 13:51:36,6292.0
2023-04-28 14:02:24,6292.0
2023-04-28 14:13:12,6289.0
2023-04-28 14:24:00,6289.0
2023-04-28 14:34:48,6286.0
2023-04-28 14:45:36,6285.0
2023-04-28 14:56:24,6109.0
2023-04-28 15:07:12,6259.0
2023-04-28 15:18:00,6262.0
2023-04-28 15:28:48,5904.0
2023-04-28 15:39:36,5851.0
2023-04-28 15:50:24,5804.0
2023-04-28 16:01:12,6113.0
2023-04-28 16:12:00,6111.0
2023-04-28 16:22:48,5884.0
2023-04-28 16:33:36,5741.0
2023-04-28 16:44:24,5768.0
2023-04-28 16:55:12,6007.0
2023-04-28 17:06:00,6595.0
2023-04-28 17:16:48,6229.0
2023-04-28 17:27:36,6197.0
2023-04-28 17:38:24,6191.0
2023-04-28 17:49:12,6202.0
2023-04-28 18:00:00,6191.0
2023-04-28 18:10:48,6347.0
2023-04-28 18:21:36,6004.0
2023-04-28 18:32:24,5963.0
2023-04-28 18:43:12,6207.0
2023-04-28 18:54:00,6203.0
2023-04-28 19:04:48,6209.0
2023-04-28 19:15:36,6195.0
2023-04-28 19:26:24,6257.0
2023-04-28 19:37:12,6521.0
2023-04-28 19:48:00,6553.0
2023-04-28 19:58:48,6905.0
2023-04-28 20:09:36,6143.0
2023-04-28 20:20:24,6079.0
2023-04-28 20:31:12,5945.0
2023-04-28 20:42:00,6193.0
2023-04-28 20:52:48,6232.0
2023-04-28 21:03:36,5941.0
2023-04-28 21:14:24,6189.0
2023-04-28 21:25:12,6195.0
2023-04-28 21:36:00,6265.0
2023-04-28 21:46:48,6215.0
2023-04-28 21:57:36,6620.0
2023-04-28 22:08:24,6215.0
2023-04-28 22:19:12,6247.0
2023-04-28 22:30:00,6670.0
2023-04-28 22:40:48,6472.0
2023-04-28 22:51:36,5971.0
2023-04-28 23:02:24,5942.0
2023-04-28 23:13:12,6329.0
2023-04-28 23:24:00,5918.0
2023-04-28 23:34:48,6322.0
2023-04-28 23:45:36,6316.0
2023-04-28 23:56:24,6283.0
2023-04-29 00:07:12,6209.0
2023-04-29 00:18:00,6046.0
2023-04-29 00:28:48,6319.0
2023-04-29 00:39:36,5898.0
2023-04-29 00:50:24,6703.0
2023-04-29 01:01:12,5974.0
2023-04-29 01:12:00,6406.0
2023-04-29 01:22:48,6011.0
2023-04-29 01:33:36,6661.0
2023-04-29 01:44:24,6482.0
2023-04-29 01:55:12,6529.0
2023-04-29 02:06:00,6208.0
2023-04-29 02:16:48,5933.0
2023-04-29 02:27:36,5935.0
2023-04-29 02:38:24,6437.0
2023-04-29 02:49:12,6045.0
2023-04-29 03:00:00,6697.0
2023-04-29 03:10:48,5998.0
2023-04-29 03:21:36,6171.0
2023-04-29 03:32:24,6596.0
2023-04-29 03:43:12,6274.0
2023-04-29 03:54:00,6253.0
2023-04-29 04:04:48,6345.0
2023-04-29 04:15:36,6265.0
2023-04-29 04:26:24,6309.0
2023-04-29 04:37:12,6265.0
2023-04-29 04:48:00,6253.0
2023-04-29 04:58:48,6244.0
2023-04-29 05:09:36,5884.0
2023-04-29 05:20:24,6179.0
2023-04-29 05:31:12,6183.0
2023-04-29 05:42:00,6606.0
2023-04-29 05:52:48,6523.0
2023-04-29 06:03:36,6304.0
2023-04-29 06:14:24,6277.0
2023-04-29 06:25:12,6265.0
2023-04-29 06:36:00,6257.0
2023-04-29 06:46:48,6259.0
2023-04-29 06:57:36,6247.0
2023-04-29 07:08:24,6244.0
2023-04-29 07:19:12,6241.0
2023-04-29 07:30:00,6238.0
2023-04-29 07:40:48,6235.0
2023-04-29 07:51:36,6250.0
2023-04-29 08:02:24,6235.0
2023-04-29 08:13:12,6253.0
2023-04-29 08:24:00,6511.0
2023-04-29 08:34:48,6346.0
2023-04-29 08:45:36,6289.0
2023-04-29 08:56:24,6548.0
2023-04-29 09:07:12,6730.0
2023-04-29 09:18:00,6340.0
2023-04-29 09:28:48,6311.0
2023-04-29 09:39:36,6295.0
2023-04-29 09:50:24,6737.0
2023-04-29 10:01:12,6418.0
2023-04-29 10:12:00,6338.0
2023-04-29 10:22:48,6317.0
2023-04-29 10:33:36,6309.0
2023-04-29 10:44:24,6298.0
2023-04-29 10:55:12,6415.0
2023-04-29 11:06:00,6325.0
2023-04-29 11:16:48,6309.0
2023-04-29 11:27:36,6298.0
2023-04-29 11:38:24,6292.0
2023-04-29 11:49:12,6286.0
2023-04-29 12:00:00,6283.0
2023-04-29 12:10:48,6280.0
2023-04-29 12:21:36,6277.0
2023-04-29 12:32:24,6274.0
2023-04-29 12:43:12,6272.0
2023-04-29 12:54:00,6271.0
2023-04-29 13:04:48,6270.0
2023-04-29 13:15:36,6268.0
2023-04-29 13:26:24,6266.0
2023-04-29 13:37:12,6265.0
2023-04-29 13:48:00,6264.0
2023-04-29 13:58:48,6264.0
2023-04-29 14:09:36,6262.0
2023-04-29 14:20:24,6260.0
2023-04-29 14:31:12,6260.0
2023-04-29 14:42:00,6259.0
2023-04-29 14:52:48,6259.0
2023-04-29 15:03:36,6258.0
2023-04-29 15:14:24,5986.0
2023-04-29 15:25:12,5941.0
2023-04-29 15:36:00,6122.0
2023-04-29 15:46:48,6169.0
2023-04-29 15:57:36,5961.0
2023-04-29 16:08:24,6191.0
2023-04-29 16:19:12,5925.0
2023-04-29 16:30:00,5855.0
2023-04-29 16:40:48,5926.0
2023-04-29 16:51:36,5891.0
2023-04-29 17:02:24,6700.0
2023-04-29 17:13:12,6255.0
2023-04-29 17:24:00,6293.0
2023-04-29 17:34:48,6259.0
2023-04-29 17:45:36,5956.0
2023-04-29 17:56:24,5929.0
2023-04-29 18:07:12,6125.0
2023-04-29 18:18:00,6107.0
2023-04-29 18:28:48,6435.0
2023-04-29 18:39:36,6609.0
2023-04-29 18:50:24,6295.0
2023-04-29 19:01:12,6093.0
2023-04-29 19:12:00,6542.0
2023-04-29 19:22:48,6145.0
2023-04-29 19:33:36,6119.0
2023-04-29 19:44:24,6655.0
2023-04-29 19:55:12,6697.0
2023-04-29 20:06:00,5979.0
2023-04-29 20:16:48,6257.0
2023-04-29 20:27:36,6149.0
2023-04-29 20:38:24,6330.0
2023-04-29 20:49:12,6634.0
2023-04-29 21:00:00,6700.0
2023-04-29 21:10:48,6280.0
2023-04-29 21:21:36,6262.0
2023-04-29 21:32:24,6313.0
2023-04-29 21:43:12,6379.0
2023-04-29 21:54:00,6297.0
2023-04-29 22:04:48,6004.0
2023-04-29 22:15:36,5844.0
2023-04-29 22:26:24,5793.0
2023-04-29 22:37:12,6125.0
2023-04-29 22:48:00,6313.0
2023-04-29 22:58:48,6281.0
2023-04-29 23:09:36,6281.0
2023-04-29 23:20:24,6469.0
2023-04-29 23:31:12,5997.0
2023-04-29 23:42:00,6645.0
2023-04-29 23:52:48,6544.0
2023-04-30 00:03:36,5931.0
2023-04-30 00:14:24,6599.0
2023-04-30 00:25:12,6634.0
2023-04-30 00:36:00,6089.0
2023-04-30 00:46:48,6711.0
2023-04-30 00:57:36,6210.0
2023-04-30 01:08:24,6215.0
2023-04-30 01:19:12,5962.0
2023-04-30 01:30:00,6148.0
2023-04-30 01:40:48,6437.0
2023-04-30 01:51:36,6648.0
2023-04-30 02:02:24,6163.0
2023-04-30 02:13:12,6118.0
2023-04-30 02:24:00,6713.0
2023-04-30 02:34:48,6313.0
2023-04-30 02:45:36,6279.0
2023-04-30 02:56:24,6256.0
2023-04-30 03:07:12,6245.0
2023-04-30 03:18:00,6223.0
2023-04-30 03:28:48,6255.0
2023-04-30 03:39:36,6349.0
2023-04-30 03:50:24,6475.0
2023-04-30 04:01:12,6334.0
2023-04-30 04:12:00,6271.0
2023-04-30 04:22:48,6274.0
2023-04-30 04:33:36,6257.0
2023-04-30 04:44:24,6250.0
2023-04-30 04:55:12,6244.0
2023-04-30 05:06:00,6239.0
2023-04-30 05:16:48,6237.0
2023-04-30 05:27:36,6233.0
2023-04-30 05:38:24,6232.0
2023-04-30 05:49:12,6235.0
2023-04-30 06:00:00,6231.0
2023-04-30 06:10:48,6229.0
2023-04-30 06:21:36,6226.0
2023-04-30 06:32:24,6225.0
2023-04-30 06:43:12,6223.0
2023-04-30 06:54:00,6745.0
2023-04-30 07:04:48,6316.0
2023-04-30 07:15:36,6289.0
2023-04-30 07:26:24,6277.0
2023-04-30 07:37:12,6803.0
2023-04-30 07:48:00,7032.0
2023-04-30 07:58:48,6937.0
2023-04-30 08:09:36,6365.0
2023-04-30 08:20:24,7143.0
2023-04-30 08:31:12,6765.0
2023-04-30 08:42:00,7158.0
2023-04-30 08:52:48,6805.0
2023-04-30 09:03:36,6839.0
2023-04-30 09:14:24,6874.0
2023-04-30 09:25:12,6908.0
2023-04-30 09:36:00,6946.0
2023-04-30 09:46:48,6981.0
2023-04-30 09:57:36,7018.0
2023-04-30 10:08:24,7062.0
2023-04-30 10:19:12,7107.0
2023-04-30 10:30:00,7109.0
2023-04-30 10:40:48,7111.0
2023-04-30 10:51:36,7113.0
2023-04-30 11:02:24,7107.0
2023-04-30 11:13:12,7138.0
2023-04-30 11:24:00,7045.0
2023-04-30 11:34:48,7094.0
2023-04-30 11:45:36,7048.0
2023-04-30 11:56:24,7024.0
2023-04-30 12:07:12,7127.0
2023-04-30 12:18:00,7129.0
2023-04-30 12:28:48,7140.0
2023-04-30 12:39:36,7105.0
2023-04-30 12:50:24,7136.0
2023-04-30 13:01:12,7018.0
2023-04-30 13:12:00,7043.0
2023-04-30 13:22:48,7055.0
2023-04-30 13:33:36,7145.0
2023-04-30 13:44:24,7139.0
2023-04-30 13:55:12,7027.0
2023-04-30 14:06:00,7051.0
2023-04-30 14:16:48,6982.0
2023-04-30 14:27:36,7049.0
2023-04-30 14:38:24,7122.0
2023-04-30 14:49:12,7111.0
2023-04-30 15:00:00,7120.0
2023-04-30 15:10:48,7102.0
2023-04-30 15:21:36,7111.0
2023-04-30 15:32:24,7087.0
2023-04-30 15:43:12,7108.0
2023-04-30 15:54:00,7102.0
2023-04-30 16:04:48,7086.0
2023-04-30 16:15:36,7124.0
2023-04-30 16:26:24,7102.0
2023-04-30 16:37:12,7136.0
2023-04-30 16:48:00,7097.0
2023-04-30 16:58:48,7136.0
2023-04-30 17:09:36,7081.0
2023-04-30 17:20:24,7089.0
2023-04-30 17:31:12,7120.0
2023-04-30 17:42:00,7105.0
2023-04-30 17:52:48,7113.0
2023-04-30 18:03:36,7113.0
2023-04-30 18:14:24,7120.0
2023-04-30 18:25:12,7119.0
2023-04-30 18:36:00,7084.0
2023-04-30 18:46:48,7117.0
2023-04-30 18:57:36,7099.0
2023-04-30 19:08:24,7099.0
2023-04-30 19:19:12,7102.0
2023-04-30 19:30:00,7109.0
2023-04-30 19:40:48,7085.0
2023-04-30 19:51:36,7131.0
2023-04-30 20:02:24,7091.0
2023-04-30 20:13:12,7091.0
2023-04-30 20:24:00,7123.0
2023-04-30 20:34:48,7099.0
2023-04-30 20:45:36,7120.0
2023-04-30 20:56:24,7073.0
2023-04-30 21:07:12,7125.0
2023-04-30 21:18:00,7081.0
2023-04-30 21:28:48,7127.0
2023-04-30 21:39:36,7084.0
2023-04-30 21:50:24,7131.0
2023-04-30 22:01:12,7111.0
2023-04-30 22:12:00,6904.0
2023-04-30 22:22:48,6973.0
2023-04-30 22:33:36,5945.0
2023-04-30 22:44:24,6352.0
2023-04-30 22:55:12,6201.0
2023-04-30 23:06:00,5782.0
2023-04-30 23:16:48,6290.0
2023-04-30 23:27:36,6380.0
2023-04-30 23:38:24,6788.0
2023-04-30 23:49:12,6864.0
