Timestamp,CellVoltAvg
2019-01-01 00:00:00+00:00,0.0
2019-01-01 02:12:00+00:00,0.0
2019-01-01 04:24:00+00:00,0.0
2019-01-01 06:36:00+00:00,0.0
2019-01-01 08:48:00+00:00,0.0
2019-01-01 11:00:00+00:00,0.0
2019-01-01 13:12:00+00:00,0.0
2019-01-01 15:24:00+00:00,0.0
2019-01-01 17:36:00+00:00,0.0
2019-01-01 19:48:00+00:00,0.0
2019-01-01 22:00:00+00:00,0.0
2019-01-02 00:12:00+00:00,0.0
2019-01-02 02:24:00+00:00,0.0
2019-01-02 04:36:00+00:00,0.0
2019-01-02 06:48:00+00:00,0.0
2019-01-02 09:00:00+00:00,0.0
2019-01-02 11:12:00+00:00,0.0
2019-01-02 13:24:00+00:00,0.0
2019-01-02 15:36:00+00:00,0.0
2019-01-02 17:48:00+00:00,0.0
2019-01-02 20:00:00+00:00,0.0
2019-01-02 22:12:00+00:00,0.0
2019-01-03 00:24:00+00:00,0.0
2019-01-03 02:36:00+00:00,0.0
2019-01-03 04:48:00+00:00,0.0
2019-01-03 07:00:00+00:00,0.0
2019-01-03 09:12:00+00:00,0.0
2019-01-03 11:24:00+00:00,0.0
2019-01-03 13:36:00+00:00,0.0
2019-01-03 15:48:00+00:00,0.0
2019-01-03 18:00:00+00:00,0.0
2019-01-03 20:12:00+00:00,0.0
2019-01-03 22:24:00+00:00,0.0
2019-01-04 00:36:00+00:00,0.0
2019-01-04 02:48:00+00:00,0.0
2019-01-04 05:00:00+00:00,0.0
2019-01-04 07:12:00+00:00,0.0
2019-01-04 09:24:00+00:00,0.0
2019-01-04 11:36:00+00:00,0.0
2019-01-04 13:48:00+00:00,0.0
2019-01-04 16:00:00+00:00,0.0
2019-01-04 18:12:00+00:00,0.0
2019-01-04 20:24:00+00:00,0.0
2019-01-04 22:36:00+00:00,0.0
2019-01-05 00:48:00+00:00,0.0
2019-01-05 03:00:00+00:00,0.0
2019-01-05 05:12:00+00:00,0.0
2019-01-05 07:24:00+00:00,0.0
2019-01-05 09:36:00+00:00,0.0
2019-01-05 11:48:00+00:00,0.0
2019-01-05 14:00:00+00:00,0.0
2019-01-05 16:12:00+00:00,0.0
2019-01-05 18:24:00+00:00,0.0
2019-01-05 20:36:00+00:00,0.0
2019-01-05 22:48:00+00:00,0.0
2019-01-06 01:00:00+00:00,0.0
2019-01-06 03:12:00+00:00,0.0
2019-01-06 05:24:00+00:00,0.0
2019-01-06 07:36:00+00:00,0.0
2019-01-06 09:48:00+00:00,0.0
2019-01-06 12:00:00+00:00,0.0
2019-01-06 14:12:00+00:00,0.0
2019-01-06 16:24:00+00:00,0.0
2019-01-06 18:36:00+00:00,0.0
2019-01-06 20:48:00+00:00,0.0
2019-01-06 23:00:00+00:00,0.0
2019-01-07 01:12:00+00:00,0.0
2019-01-07 03:24:00+00:00,0.0
2019-01-07 05:36:00+00:00,0.0
2019-01-07 07:48:00+00:00,0.0
2019-01-07 10:00:00+00:00,0.0
2019-01-07 12:12:00+00:00,0.0
2019-01-07 14:24:00+00:00,3.6016979
2019-01-07 16:36:00+00:00,3.4399998
2019-01-07 18:48:00+00:00,3.4399998
2019-01-07 21:00:00+00:00,3.4399998
2019-01-07 23:12:00+00:00,3.4399998
2019-01-08 01:24:00+00:00,3.4399998
2019-01-08 03:36:00+00:00,3.4399998
2019-01-08 05:48:00+00:00,3.4754384
2019-01-08 08:00:00+00:00,3.4995391
2019-01-08 10:12:00+00:00,3.5799999
2019-01-08 12:24:00+00:00,0.0
2019-01-08 14:36:00+00:00,0.0
2019-01-08 16:48:00+00:00,0.0
2019-01-08 19:00:00+00:00,0.0
2019-01-08 21:12:00+00:00,0.0
2019-01-08 23:24:00+00:00,0.0
2019-01-09 01:36:00+00:00,0.0
2019-01-09 03:48:00+00:00,0.0
2019-01-09 06:00:00+00:00,0.0
2019-01-09 08:12:00+00:00,3.652951
2019-01-09 10:24:00+00:00,3.78
2019-01-09 12:36:00+00:00,3.8871138
2019-01-09 14:48:00+00:00,3.99
2019-01-09 17:00:00+00:00,4.0366311
2019-01-09 19:12:00+00:00,4.0299997
2019-01-09 21:24:00+00:00,4.0170979
2019-01-09 23:36:00+00:00,4.0800152
2019-01-10 01:48:00+00:00,4.1100001
2019-01-10 04:00:00+00:00,4.0812049
2019-01-10 06:12:00+00:00,4.1033826
2019-01-10 08:24:00+00:00,4.0863814
2019-01-10 10:36:00+00:00,4.0740757
2019-01-10 12:48:00+00:00,3.9903412
2019-01-10 15:00:00+00:00,3.7099998
2019-01-10 17:12:00+00:00,3.4749603
2019-01-10 19:24:00+00:00,3.4399998
2019-01-10 21:36:00+00:00,3.4399998
2019-01-10 23:48:00+00:00,3.4399998
2019-01-11 02:00:00+00:00,3.4299998
2019-01-11 04:12:00+00:00,3.4299998
2019-01-11 06:24:00+00:00,3.5061047
2019-01-11 08:36:00+00:00,3.5431876
2019-01-11 10:48:00+00:00,3.6345813
2019-01-11 13:00:00+00:00,3.6492481
2019-01-11 15:12:00+00:00,3.6931572
2019-01-11 17:24:00+00:00,3.655179
2019-01-11 19:36:00+00:00,3.6499999
2019-01-11 21:48:00+00:00,3.6531272
2019-01-12 00:00:00+00:00,3.7149339
2019-01-12 02:12:00+00:00,3.77
2019-01-12 04:24:00+00:00,3.8399999
2019-01-12 06:36:00+00:00,3.8553119
2019-01-12 08:48:00+00:00,3.803174
2019-01-12 11:00:00+00:00,3.8208058
2019-01-12 13:12:00+00:00,3.844444
2019-01-12 15:24:00+00:00,3.8732045
2019-01-12 17:36:00+00:00,3.8299999
2019-01-12 19:48:00+00:00,3.8799999
2019-01-12 22:00:00+00:00,3.8735294
2019-01-13 00:12:00+00:00,3.92399
2019-01-13 02:24:00+00:00,3.9199998
2019-01-13 04:36:00+00:00,3.9302003
2019-01-13 06:48:00+00:00,3.9940515
2019-01-13 09:00:00+00:00,3.9499998
2019-01-13 11:12:00+00:00,3.9499998
2019-01-13 13:24:00+00:00,3.9229429
2019-01-13 15:36:00+00:00,3.906527
2019-01-13 17:48:00+00:00,3.8333261
2019-01-13 20:00:00+00:00,3.844172
2019-01-13 22:12:00+00:00,3.9399998
2019-01-14 00:24:00+00:00,3.9632864
2019-01-14 02:36:00+00:00,4.0599999
2019-01-14 04:48:00+00:00,4.0940332
2019-01-14 07:00:00+00:00,4.0833879
2019-01-14 09:12:00+00:00,4.0299997
2019-01-14 11:24:00+00:00,4.04
2019-01-14 13:36:00+00:00,4.1034203
2019-01-14 15:48:00+00:00,4.1056447
2019-01-14 18:00:00+00:00,4.0325003
2019-01-14 20:12:00+00:00,4.0999999
2019-01-14 22:24:00+00:00,4.092792
2019-01-15 00:36:00+00:00,4.0899997
2019-01-15 02:48:00+00:00,4.0699997
2019-01-15 05:00:00+00:00,4.0172381
2019-01-15 07:12:00+00:00,4.0420151
2019-01-15 09:24:00+00:00,4.0899997
2019-01-15 11:36:00+00:00,4.0899997
2019-01-15 13:48:00+00:00,4.0899997
2019-01-15 16:00:00+00:00,4.0699997
2019-01-15 18:12:00+00:00,4.0599999
2019-01-15 20:24:00+00:00,4.0599999
2019-01-15 22:36:00+00:00,4.0499997
2019-01-16 00:48:00+00:00,4.04
2019-01-16 03:00:00+00:00,4.04
2019-01-16 05:12:00+00:00,4.0299997
2019-01-16 07:24:00+00:00,4.02
2019-01-16 09:36:00+00:00,4.02
2019-01-16 11:48:00+00:00,4.0099998
2019-01-16 14:00:00+00:00,4.0
2019-01-16 16:12:00+00:00,3.98
2019-01-16 18:24:00+00:00,3.97
2019-01-16 20:36:00+00:00,3.97
2019-01-16 22:48:00+00:00,3.9599998
2019-01-17 01:00:00+00:00,3.9599998
2019-01-17 03:12:00+00:00,3.9499998
2019-01-17 05:24:00+00:00,3.9499998
2019-01-17 07:36:00+00:00,3.9399998
2019-01-17 09:48:00+00:00,0.0
2019-01-17 12:00:00+00:00,0.0
2019-01-17 14:12:00+00:00,0.0
2019-01-17 16:24:00+00:00,0.0
2019-01-17 18:36:00+00:00,0.0
2019-01-17 20:48:00+00:00,0.0
2019-01-17 23:00:00+00:00,0.0
2019-01-18 01:12:00+00:00,0.0
2019-01-18 03:24:00+00:00,0.0
2019-01-18 05:36:00+00:00,0.0
2019-01-18 07:48:00+00:00,0.0
2019-01-18 10:00:00+00:00,0.0
2019-01-18 12:12:00+00:00,0.0
2019-01-18 14:24:00+00:00,0.0
2019-01-18 16:36:00+00:00,0.0
2019-01-18 18:48:00+00:00,0.0
2019-01-18 21:00:00+00:00,0.0
2019-01-18 23:12:00+00:00,0.0
2019-01-19 01:24:00+00:00,0.0
2019-01-19 03:36:00+00:00,0.0
2019-01-19 05:48:00+00:00,0.0
2019-01-19 08:00:00+00:00,0.0
2019-01-19 10:12:00+00:00,0.0
2019-01-19 12:24:00+00:00,0.0
2019-01-19 14:36:00+00:00,0.0
2019-01-19 16:48:00+00:00,0.0
2019-01-19 19:00:00+00:00,0.0
2019-01-19 21:12:00+00:00,0.0
2019-01-19 23:24:00+00:00,0.0
2019-01-20 01:36:00+00:00,0.0
2019-01-20 03:48:00+00:00,0.0
2019-01-20 06:00:00+00:00,0.0
2019-01-20 08:12:00+00:00,0.0
2019-01-20 10:24:00+00:00,0.0
2019-01-20 12:36:00+00:00,0.0
2019-01-20 14:48:00+00:00,0.0
2019-01-20 17:00:00+00:00,0.0
2019-01-20 19:12:00+00:00,0.0
2019-01-20 21:24:00+00:00,0.0
2019-01-20 23:36:00+00:00,0.0
2019-01-21 01:48:00+00:00,0.0
2019-01-21 04:00:00+00:00,0.0
2019-01-21 06:12:00+00:00,0.0
2019-01-21 08:24:00+00:00,0.0
2019-01-21 10:36:00+00:00,0.0
2019-01-21 12:48:00+00:00,0.0
2019-01-21 15:00:00+00:00,0.0
2019-01-21 17:12:00+00:00,0.0
2019-01-21 19:24:00+00:00,0.0
2019-01-21 21:36:00+00:00,0.0
2019-01-21 23:48:00+00:00,0.0
2019-01-22 02:00:00+00:00,0.0
2019-01-22 04:12:00+00:00,0.0
2019-01-22 06:24:00+00:00,0.0
2019-01-22 08:36:00+00:00,0.0
2019-01-22 10:48:00+00:00,0.0
2019-01-22 13:00:00+00:00,0.0
2019-01-22 15:12:00+00:00,0.0
2019-01-22 17:24:00+00:00,0.0
2019-01-22 19:36:00+00:00,0.0
2019-01-22 21:48:00+00:00,0.0
2019-01-23 00:00:00+00:00,0.0
2019-01-23 02:12:00+00:00,0.0
2019-01-23 04:24:00+00:00,0.0
2019-01-23 06:36:00+00:00,0.0
2019-01-23 08:48:00+00:00,0.0
2019-01-23 11:00:00+00:00,0.0
2019-01-23 13:12:00+00:00,0.0
2019-01-23 15:24:00+00:00,0.0
2019-01-23 17:36:00+00:00,0.0
2019-01-23 19:48:00+00:00,0.0
2019-01-23 22:00:00+00:00,0.0
2019-01-24 00:12:00+00:00,0.0
2019-01-24 02:24:00+00:00,0.0
2019-01-24 04:36:00+00:00,0.0
2019-01-24 06:48:00+00:00,0.0
2019-01-24 09:00:00+00:00,0.0
2019-01-24 11:12:00+00:00,0.0
2019-01-24 13:24:00+00:00,0.0
2019-01-24 15:36:00+00:00,0.0
2019-01-24 17:48:00+00:00,0.0
2019-01-24 20:00:00+00:00,0.0
2019-01-24 22:12:00+00:00,0.0
2019-01-25 00:24:00+00:00,0.0
2019-01-25 02:36:00+00:00,0.0
2019-01-25 04:48:00+00:00,0.0
2019-01-25 07:00:00+00:00,0.0
2019-01-25 09:12:00+00:00,0.0
2019-01-25 11:24:00+00:00,0.0
2019-01-25 13:36:00+00:00,0.0
2019-01-25 15:48:00+00:00,0.0
2019-01-25 18:00:00+00:00,0.0
2019-01-25 20:12:00+00:00,0.0
2019-01-25 22:24:00+00:00,0.0
2019-01-26 00:36:00+00:00,0.0
2019-01-26 02:48:00+00:00,0.0
2019-01-26 05:00:00+00:00,0.0
2019-01-26 07:12:00+00:00,0.0
2019-01-26 09:24:00+00:00,0.0
2019-01-26 11:36:00+00:00,0.0
2019-01-26 13:48:00+00:00,0.0
2019-01-26 16:00:00+00:00,0.0
2019-01-26 18:12:00+00:00,0.0
2019-01-26 20:24:00+00:00,0.0
2019-01-26 22:36:00+00:00,0.0
2019-01-27 00:48:00+00:00,0.0
2019-01-27 03:00:00+00:00,0.0
2019-01-27 05:12:00+00:00,0.0
2019-01-27 07:24:00+00:00,0.0
2019-01-27 09:36:00+00:00,0.0
2019-01-27 11:48:00+00:00,0.0
2019-01-27 14:00:00+00:00,0.0
2019-01-27 16:12:00+00:00,0.0
2019-01-27 18:24:00+00:00,0.0
2019-01-27 20:36:00+00:00,0.0
2019-01-27 22:48:00+00:00,0.0
2019-01-28 01:00:00+00:00,0.0
2019-01-28 03:12:00+00:00,0.0
2019-01-28 05:24:00+00:00,0.0
2019-01-28 07:36:00+00:00,0.0
2019-01-28 09:48:00+00:00,0.0
2019-01-28 12:00:00+00:00,0.0
2019-01-28 14:12:00+00:00,4.02
2019-01-28 16:24:00+00:00,4.0
2019-01-28 18:36:00+00:00,3.98
2019-01-28 20:48:00+00:00,3.98
2019-01-28 23:00:00+00:00,3.97
2019-01-29 01:12:00+00:00,3.9599998
2019-01-29 03:24:00+00:00,3.9599998
2019-01-29 05:36:00+00:00,3.9499998
2019-01-29 07:48:00+00:00,3.9450843
2019-01-29 10:00:00+00:00,3.9223106
2019-01-29 12:12:00+00:00,3.9732251
2019-01-29 14:24:00+00:00,0.0
2019-01-29 16:36:00+00:00,0.0
2019-01-29 18:48:00+00:00,0.0
2019-01-29 21:00:00+00:00,0.0
2019-01-29 23:12:00+00:00,0.0
2019-01-30 01:24:00+00:00,0.0
2019-01-30 03:36:00+00:00,0.0
2019-01-30 05:48:00+00:00,0.0
2019-01-30 08:00:00+00:00,0.0
2019-01-30 10:12:00+00:00,0.0
2019-01-30 12:24:00+00:00,3.9399998
2019-01-30 14:36:00+00:00,3.9399998
2019-01-30 16:48:00+00:00,3.9399998
2019-01-30 19:00:00+00:00,3.9399998
2019-01-30 21:12:00+00:00,3.9299998
2019-01-30 23:24:00+00:00,3.9299998
2019-01-31 01:36:00+00:00,3.9299998
2019-01-31 03:48:00+00:00,3.9299998
2019-01-31 06:00:00+00:00,3.9299998
2019-01-31 08:12:00+00:00,3.9299998
2019-01-31 10:24:00+00:00,3.9299998
2019-01-31 12:36:00+00:00,3.9299998
2019-01-31 14:48:00+00:00,3.9299998
2019-01-31 17:00:00+00:00,3.9299998
2019-01-31 19:12:00+00:00,3.9299998
2019-01-31 21:24:00+00:00,3.9299998
2019-01-31 23:36:00+00:00,3.9299998
2019-02-01 01:48:00+00:00,3.9299998
2019-02-01 04:00:00+00:00,3.9299998
2019-02-01 06:12:00+00:00,3.9299998
2019-02-01 08:24:00+00:00,3.9199998
2019-02-01 10:36:00+00:00,3.9199998
2019-02-01 12:48:00+00:00,3.9199998
2019-02-01 15:00:00+00:00,3.9199998
2019-02-01 17:12:00+00:00,3.9199998
2019-02-01 19:24:00+00:00,3.9199998
2019-02-01 21:36:00+00:00,3.9199998
2019-02-01 23:48:00+00:00,3.9199998
2019-02-02 02:00:00+00:00,3.9199998
2019-02-02 04:12:00+00:00,3.9199998
2019-02-02 06:24:00+00:00,3.9199998
2019-02-02 08:36:00+00:00,3.9199998
2019-02-02 10:48:00+00:00,3.9199998
2019-02-02 13:00:00+00:00,3.9199998
2019-02-02 15:12:00+00:00,3.9199998
2019-02-02 17:24:00+00:00,3.9199998
2019-02-02 19:36:00+00:00,3.9099998
2019-02-02 21:48:00+00:00,3.9099998
2019-02-03 00:00:00+00:00,3.9099998
2019-02-03 02:12:00+00:00,3.9099998
2019-02-03 04:24:00+00:00,3.9099998
2019-02-03 06:36:00+00:00,3.9099998
2019-02-03 08:48:00+00:00,3.9099998
2019-02-03 11:00:00+00:00,3.9099998
2019-02-03 13:12:00+00:00,3.9099998
2019-02-03 15:24:00+00:00,3.9099998
2019-02-03 17:36:00+00:00,3.9099998
2019-02-03 19:48:00+00:00,3.9099998
2019-02-03 22:00:00+00:00,3.9099998
2019-02-04 00:12:00+00:00,3.9099998
2019-02-04 02:24:00+00:00,3.9099998
2019-02-04 04:36:00+00:00,3.9099998
2019-02-04 06:48:00+00:00,3.9099998
2019-02-04 09:00:00+00:00,3.8999999
2019-02-04 11:12:00+00:00,4.073977
2019-02-04 13:24:00+00:00,4.0042324
2019-02-04 15:36:00+00:00,3.98
2019-02-04 17:48:00+00:00,3.97
2019-02-04 20:00:00+00:00,3.9599998
2019-02-04 22:12:00+00:00,3.9599998
2019-02-05 00:24:00+00:00,3.9499998
2019-02-05 02:36:00+00:00,3.9499998
2019-02-05 04:48:00+00:00,3.9399998
2019-02-05 07:00:00+00:00,3.9320982
2019-02-05 09:12:00+00:00,3.9299998
2019-02-05 11:24:00+00:00,3.9599998
2019-02-05 13:36:00+00:00,0.0
2019-02-05 15:48:00+00:00,4.0083899
2019-02-05 18:00:00+00:00,3.98
2019-02-05 20:12:00+00:00,3.98
2019-02-05 22:24:00+00:00,3.97
2019-02-06 00:36:00+00:00,3.9609299
2019-02-06 02:48:00+00:00,3.9599998
2019-02-06 05:00:00+00:00,3.9499998
2019-02-06 07:12:00+00:00,3.9499998
2019-02-06 09:24:00+00:00,3.9399998
2019-02-06 11:36:00+00:00,0.0
2019-02-06 13:48:00+00:00,0.0
2019-02-06 16:00:00+00:00,3.9372506
2019-02-06 18:12:00+00:00,3.9099998
2019-02-06 20:24:00+00:00,3.9035206
2019-02-06 22:36:00+00:00,3.8999999
2019-02-07 00:48:00+00:00,3.8899999
2019-02-07 03:00:00+00:00,3.8899999
2019-02-07 05:12:00+00:00,3.8799999
2019-02-07 07:24:00+00:00,3.8799999
2019-02-07 09:36:00+00:00,3.8699999
2019-02-07 11:48:00+00:00,3.8599999
2019-02-07 14:00:00+00:00,3.8288102
2019-02-07 16:12:00+00:00,3.8599999
2019-02-07 18:24:00+00:00,3.8486218
2019-02-07 20:36:00+00:00,3.8399999
2019-02-07 22:48:00+00:00,3.8399999
2019-02-08 01:00:00+00:00,3.8299999
2019-02-08 03:12:00+00:00,3.8299999
2019-02-08 05:24:00+00:00,3.8199999
2019-02-08 07:36:00+00:00,3.8099999
2019-02-08 09:48:00+00:00,3.8440206
2019-02-08 12:00:00+00:00,0.0
2019-02-08 14:12:00+00:00,0.0
2019-02-08 16:24:00+00:00,0.0
2019-02-08 18:36:00+00:00,0.0
2019-02-08 20:48:00+00:00,0.0
2019-02-08 23:00:00+00:00,0.0
2019-02-09 01:12:00+00:00,0.0
2019-02-09 03:24:00+00:00,0.0
2019-02-09 05:36:00+00:00,0.0
2019-02-09 07:48:00+00:00,0.0
2019-02-09 10:00:00+00:00,0.0
2019-02-09 12:12:00+00:00,0.0
2019-02-09 14:24:00+00:00,0.0
2019-02-09 16:36:00+00:00,0.0
2019-02-09 18:48:00+00:00,0.0
2019-02-09 21:00:00+00:00,0.0
2019-02-09 23:12:00+00:00,0.0
2019-02-10 01:24:00+00:00,0.0
2019-02-10 03:36:00+00:00,0.0
2019-02-10 05:48:00+00:00,0.0
2019-02-10 08:00:00+00:00,0.0
2019-02-10 10:12:00+00:00,0.0
2019-02-10 12:24:00+00:00,0.0
2019-02-10 14:36:00+00:00,0.0
2019-02-10 16:48:00+00:00,0.0
2019-02-10 19:00:00+00:00,0.0
2019-02-10 21:12:00+00:00,0.0
2019-02-10 23:24:00+00:00,0.0
2019-02-11 01:36:00+00:00,0.0
2019-02-11 03:48:00+00:00,0.0
2019-02-11 06:00:00+00:00,0.0
2019-02-11 08:12:00+00:00,0.0
2019-02-11 10:24:00+00:00,0.0
2019-02-11 12:36:00+00:00,0.0
2019-02-11 14:48:00+00:00,0.0
2019-02-11 17:00:00+00:00,0.0
2019-02-11 19:12:00+00:00,0.0
2019-02-11 21:24:00+00:00,0.0
2019-02-11 23:36:00+00:00,0.0
2019-02-12 01:48:00+00:00,0.0
2019-02-12 04:00:00+00:00,0.0
2019-02-12 06:12:00+00:00,0.0
2019-02-12 08:24:00+00:00,0.0
2019-02-12 10:36:00+00:00,0.0
2019-02-12 12:48:00+00:00,0.0
2019-02-12 15:00:00+00:00,0.0
2019-02-12 17:12:00+00:00,0.0
2019-02-12 19:24:00+00:00,0.0
2019-02-12 21:36:00+00:00,0.0
2019-02-12 23:48:00+00:00,0.0
2019-02-13 02:00:00+00:00,0.0
2019-02-13 04:12:00+00:00,0.0
2019-02-13 06:24:00+00:00,0.0
2019-02-13 08:36:00+00:00,0.0
2019-02-13 10:48:00+00:00,0.0
2019-02-13 13:00:00+00:00,0.0
2019-02-13 15:12:00+00:00,0.0
2019-02-13 17:24:00+00:00,0.0
2019-02-13 19:36:00+00:00,0.0
2019-02-13 21:48:00+00:00,0.0
2019-02-14 00:00:00+00:00,0.0
2019-02-14 02:12:00+00:00,0.0
2019-02-14 04:24:00+00:00,0.0
2019-02-14 06:36:00+00:00,0.0
2019-02-14 08:48:00+00:00,0.0
2019-02-14 11:00:00+00:00,0.0
2019-02-14 13:12:00+00:00,0.0
2019-02-14 15:24:00+00:00,0.0
2019-02-14 17:36:00+00:00,0.0
2019-02-14 19:48:00+00:00,3.7613473
2019-02-14 22:00:00+00:00,3.76
2019-02-15 00:12:00+00:00,3.76
2019-02-15 02:24:00+00:00,3.76
2019-02-15 04:36:00+00:00,3.76
2019-02-15 06:48:00+00:00,3.76
2019-02-15 09:00:00+00:00,1.9037771
2019-02-15 11:12:00+00:00,0.0
2019-02-15 13:24:00+00:00,0.0
2019-02-15 15:36:00+00:00,0.0
2019-02-15 17:48:00+00:00,4.0857067
2019-02-15 20:00:00+00:00,4.0599999
2019-02-15 22:12:00+00:00,4.0499997
2019-02-16 00:24:00+00:00,4.0499997
2019-02-16 02:36:00+00:00,4.04
2019-02-16 04:48:00+00:00,4.0299997
2019-02-16 07:00:00+00:00,4.0299997
2019-02-16 09:12:00+00:00,4.02
2019-02-16 11:24:00+00:00,0.0
2019-02-16 13:36:00+00:00,0.0
2019-02-16 15:48:00+00:00,0.0
2019-02-16 18:00:00+00:00,0.0
2019-02-16 20:12:00+00:00,0.0
2019-02-16 22:24:00+00:00,0.0
2019-02-17 00:36:00+00:00,0.0
2019-02-17 02:48:00+00:00,0.0
2019-02-17 05:00:00+00:00,0.0
2019-02-17 07:12:00+00:00,0.0
2019-02-17 09:24:00+00:00,0.0
2019-02-17 11:36:00+00:00,0.0
2019-02-17 13:48:00+00:00,0.0
2019-02-17 16:00:00+00:00,0.0
2019-02-17 18:12:00+00:00,0.0
2019-02-17 20:24:00+00:00,0.0
2019-02-17 22:36:00+00:00,0.0
2019-02-18 00:48:00+00:00,0.0
2019-02-18 03:00:00+00:00,0.0
2019-02-18 05:12:00+00:00,0.0
2019-02-18 07:24:00+00:00,0.0
2019-02-18 09:36:00+00:00,0.0
2019-02-18 11:48:00+00:00,0.0
2019-02-18 14:00:00+00:00,0.0
2019-02-18 16:12:00+00:00,0.0
2019-02-18 18:24:00+00:00,0.0
2019-02-18 20:36:00+00:00,0.0
2019-02-18 22:48:00+00:00,0.0
2019-02-19 01:00:00+00:00,0.0
2019-02-19 03:12:00+00:00,0.0
2019-02-19 05:24:00+00:00,0.0
2019-02-19 07:36:00+00:00,0.0
2019-02-19 09:48:00+00:00,0.0
2019-02-19 12:00:00+00:00,0.0
2019-02-19 14:12:00+00:00,0.0
2019-02-19 16:24:00+00:00,0.0
2019-02-19 18:36:00+00:00,0.0
2019-02-19 20:48:00+00:00,0.0
2019-02-19 23:00:00+00:00,0.0
2019-02-20 01:12:00+00:00,0.0
2019-02-20 03:24:00+00:00,0.0
2019-02-20 05:36:00+00:00,0.0
2019-02-20 07:48:00+00:00,0.0
2019-02-20 10:00:00+00:00,0.0
2019-02-20 12:12:00+00:00,0.0
2019-02-20 14:24:00+00:00,0.0
2019-02-20 16:36:00+00:00,0.0
2019-02-20 18:48:00+00:00,0.0
2019-02-20 21:00:00+00:00,0.0
2019-02-20 23:12:00+00:00,0.0
2019-02-21 01:24:00+00:00,0.0
2019-02-21 03:36:00+00:00,0.0
2019-02-21 05:48:00+00:00,0.0
2019-02-21 08:00:00+00:00,0.0
2019-02-21 10:12:00+00:00,0.0
2019-02-21 12:24:00+00:00,0.0
2019-02-21 14:36:00+00:00,0.0
2019-02-21 16:48:00+00:00,0.0
2019-02-21 19:00:00+00:00,0.0
2019-02-21 21:12:00+00:00,0.0
2019-02-21 23:24:00+00:00,0.0
2019-02-22 01:36:00+00:00,0.0
2019-02-22 03:48:00+00:00,0.0
2019-02-22 06:00:00+00:00,0.0
2019-02-22 08:12:00+00:00,0.0
2019-02-22 10:24:00+00:00,0.0
2019-02-22 12:36:00+00:00,0.0
2019-02-22 14:48:00+00:00,0.0
2019-02-22 17:00:00+00:00,0.0
2019-02-22 19:12:00+00:00,0.0
2019-02-22 21:24:00+00:00,0.0
2019-02-22 23:36:00+00:00,0.0
2019-02-23 01:48:00+00:00,0.0
2019-02-23 04:00:00+00:00,0.0
2019-02-23 06:12:00+00:00,0.0
2019-02-23 08:24:00+00:00,0.0
2019-02-23 10:36:00+00:00,0.0
2019-02-23 12:48:00+00:00,0.0
2019-02-23 15:00:00+00:00,0.0
2019-02-23 17:12:00+00:00,0.0
2019-02-23 19:24:00+00:00,0.0
2019-02-23 21:36:00+00:00,0.0
2019-02-23 23:48:00+00:00,0.0
2019-02-24 02:00:00+00:00,0.0
2019-02-24 04:12:00+00:00,0.0
2019-02-24 06:24:00+00:00,0.0
2019-02-24 08:36:00+00:00,0.0
2019-02-24 10:48:00+00:00,0.0
2019-02-24 13:00:00+00:00,0.0
2019-02-24 15:12:00+00:00,0.0
2019-02-24 17:24:00+00:00,0.0
2019-02-24 19:36:00+00:00,0.0
2019-02-24 21:48:00+00:00,0.0
2019-02-25 00:00:00+00:00,0.0
2019-02-25 02:12:00+00:00,0.0
2019-02-25 04:24:00+00:00,0.0
2019-02-25 06:36:00+00:00,0.0
2019-02-25 08:48:00+00:00,0.0
2019-02-25 11:00:00+00:00,0.0
2019-02-25 13:12:00+00:00,0.0
2019-02-25 15:24:00+00:00,0.0
2019-02-25 17:36:00+00:00,0.0
2019-02-25 19:48:00+00:00,0.0
2019-02-25 22:00:00+00:00,0.0
2019-02-26 00:12:00+00:00,0.0
2019-02-26 02:24:00+00:00,0.0
2019-02-26 04:36:00+00:00,0.0
2019-02-26 06:48:00+00:00,0.0
2019-02-26 09:00:00+00:00,0.0
2019-02-26 11:12:00+00:00,0.0
2019-02-26 13:24:00+00:00,0.0
2019-02-26 15:36:00+00:00,0.0
2019-02-26 17:48:00+00:00,0.0
2019-02-26 20:00:00+00:00,0.0
2019-02-26 22:12:00+00:00,0.0
2019-02-27 00:24:00+00:00,0.0
2019-02-27 02:36:00+00:00,0.0
2019-02-27 04:48:00+00:00,0.0
2019-02-27 07:00:00+00:00,0.0
2019-02-27 09:12:00+00:00,0.0
2019-02-27 11:24:00+00:00,0.0
2019-02-27 13:36:00+00:00,0.0
2019-02-27 15:48:00+00:00,0.0
2019-02-27 18:00:00+00:00,0.0
2019-02-27 20:12:00+00:00,0.0
2019-02-27 22:24:00+00:00,0.0
2019-02-28 00:36:00+00:00,0.0
2019-02-28 02:48:00+00:00,0.0
2019-02-28 05:00:00+00:00,0.0
2019-02-28 07:12:00+00:00,0.0
2019-02-28 09:24:00+00:00,0.0
2019-02-28 11:36:00+00:00,0.0
2019-02-28 13:48:00+00:00,0.0
2019-02-28 16:00:00+00:00,0.0
2019-02-28 18:12:00+00:00,0.0
2019-02-28 20:24:00+00:00,0.0
2019-02-28 22:36:00+00:00,0.0
2019-03-01 00:48:00+00:00,0.0
2019-03-01 03:00:00+00:00,0.0
2019-03-01 05:12:00+00:00,0.0
2019-03-01 07:24:00+00:00,0.0
2019-03-01 09:36:00+00:00,0.0
2019-03-01 11:48:00+00:00,0.0
2019-03-01 14:00:00+00:00,0.0
2019-03-01 16:12:00+00:00,0.0
2019-03-01 18:24:00+00:00,0.0
2019-03-01 20:36:00+00:00,0.0
2019-03-01 22:48:00+00:00,0.0
2019-03-02 01:00:00+00:00,0.0
2019-03-02 03:12:00+00:00,0.0
2019-03-02 05:24:00+00:00,0.0
2019-03-02 07:36:00+00:00,0.0
2019-03-02 09:48:00+00:00,0.0
2019-03-02 12:00:00+00:00,0.0
2019-03-02 14:12:00+00:00,0.0
2019-03-02 16:24:00+00:00,0.0
2019-03-02 18:36:00+00:00,0.0
2019-03-02 20:48:00+00:00,0.0
2019-03-02 23:00:00+00:00,0.0
2019-03-03 01:12:00+00:00,0.0
2019-03-03 03:24:00+00:00,0.0
2019-03-03 05:36:00+00:00,0.0
2019-03-03 07:48:00+00:00,0.0
2019-03-03 10:00:00+00:00,0.0
2019-03-03 12:12:00+00:00,0.0
2019-03-03 14:24:00+00:00,0.0
2019-03-03 16:36:00+00:00,0.0
2019-03-03 18:48:00+00:00,0.0
2019-03-03 21:00:00+00:00,0.0
2019-03-03 23:12:00+00:00,0.0
2019-03-04 01:24:00+00:00,0.0
2019-03-04 03:36:00+00:00,0.0
2019-03-04 05:48:00+00:00,0.0
2019-03-04 08:00:00+00:00,0.0
2019-03-04 10:12:00+00:00,0.0
2019-03-04 12:24:00+00:00,0.0
2019-03-04 14:36:00+00:00,0.0
2019-03-04 16:48:00+00:00,0.0
2019-03-04 19:00:00+00:00,0.0
2019-03-04 21:12:00+00:00,0.0
2019-03-04 23:24:00+00:00,0.0
2019-03-05 01:36:00+00:00,0.0
2019-03-05 03:48:00+00:00,0.0
2019-03-05 06:00:00+00:00,0.0
2019-03-05 08:12:00+00:00,0.0
2019-03-05 10:24:00+00:00,3.9499998
2019-03-05 12:36:00+00:00,3.9499998
2019-03-05 14:48:00+00:00,0.0
2019-03-05 17:00:00+00:00,0.0
2019-03-05 19:12:00+00:00,0.0
2019-03-05 21:24:00+00:00,0.0
2019-03-05 23:36:00+00:00,0.0
2019-03-06 01:48:00+00:00,0.0
2019-03-06 04:00:00+00:00,0.0
2019-03-06 06:12:00+00:00,0.0
2019-03-06 08:24:00+00:00,0.0
2019-03-06 10:36:00+00:00,0.0
2019-03-06 12:48:00+00:00,3.9399998
2019-03-06 15:00:00+00:00,0.0
2019-03-06 17:12:00+00:00,0.0
2019-03-06 19:24:00+00:00,0.0
2019-03-06 21:36:00+00:00,0.0
2019-03-06 23:48:00+00:00,0.0
2019-03-07 02:00:00+00:00,0.0
2019-03-07 04:12:00+00:00,0.0
2019-03-07 06:24:00+00:00,0.0
2019-03-07 08:36:00+00:00,0.0
2019-03-07 10:48:00+00:00,0.0
2019-03-07 13:00:00+00:00,0.0
2019-03-07 15:12:00+00:00,0.0
2019-03-07 17:24:00+00:00,0.0
2019-03-07 19:36:00+00:00,0.0
2019-03-07 21:48:00+00:00,0.0
2019-03-08 00:00:00+00:00,0.0
2019-03-08 02:12:00+00:00,0.0
2019-03-08 04:24:00+00:00,0.0
2019-03-08 06:36:00+00:00,0.0
2019-03-08 08:48:00+00:00,0.0
2019-03-08 11:00:00+00:00,0.0
2019-03-08 13:12:00+00:00,0.0
2019-03-08 15:24:00+00:00,0.0
2019-03-08 17:36:00+00:00,0.0
2019-03-08 19:48:00+00:00,0.0
2019-03-08 22:00:00+00:00,0.0
2019-03-09 00:12:00+00:00,0.0
2019-03-09 02:24:00+00:00,0.0
2019-03-09 04:36:00+00:00,0.0
2019-03-09 06:48:00+00:00,0.0
2019-03-09 09:00:00+00:00,0.0
2019-03-09 11:12:00+00:00,0.0
2019-03-09 13:24:00+00:00,0.0
2019-03-09 15:36:00+00:00,0.0
2019-03-09 17:48:00+00:00,0.0
2019-03-09 20:00:00+00:00,0.0
2019-03-09 22:12:00+00:00,0.0
2019-03-10 00:24:00+00:00,0.0
2019-03-10 02:36:00+00:00,0.0
2019-03-10 04:48:00+00:00,0.0
2019-03-10 07:00:00+00:00,0.0
2019-03-10 09:12:00+00:00,0.0
2019-03-10 11:24:00+00:00,0.0
2019-03-10 13:36:00+00:00,0.0
2019-03-10 15:48:00+00:00,0.0
2019-03-10 18:00:00+00:00,0.0
2019-03-10 20:12:00+00:00,0.0
2019-03-10 22:24:00+00:00,0.0
2019-03-11 00:36:00+00:00,0.0
2019-03-11 02:48:00+00:00,0.0
2019-03-11 05:00:00+00:00,0.0
2019-03-11 07:12:00+00:00,0.0
2019-03-11 09:24:00+00:00,3.9099998
2019-03-11 11:36:00+00:00,3.9099998
2019-03-11 13:48:00+00:00,3.9099998
2019-03-11 16:00:00+00:00,4.0043221
2019-03-11 18:12:00+00:00,3.9794369
2019-03-11 20:24:00+00:00,3.97
2019-03-11 22:36:00+00:00,3.9599998
2019-03-12 00:48:00+00:00,3.9599998
2019-03-12 03:00:00+00:00,3.9499998
2019-03-12 05:12:00+00:00,3.9499998
2019-03-12 07:24:00+00:00,3.9499998
2019-03-12 09:36:00+00:00,3.9679921
2019-03-12 11:48:00+00:00,3.9615364
2019-03-12 14:00:00+00:00,3.9299998
2019-03-12 16:12:00+00:00,3.8899999
2019-03-12 18:24:00+00:00,3.8599999
2019-03-12 20:36:00+00:00,3.8599999
2019-03-12 22:48:00+00:00,3.8599999
2019-03-13 01:00:00+00:00,3.8499999
2019-03-13 03:12:00+00:00,3.8499999
2019-03-13 05:24:00+00:00,3.8399999
2019-03-13 07:36:00+00:00,3.8399999
2019-03-13 09:48:00+00:00,3.8396196
2019-03-13 12:00:00+00:00,3.8836086
2019-03-13 14:12:00+00:00,3.8023312
2019-03-13 16:24:00+00:00,3.76
2019-03-13 18:36:00+00:00,3.7421608
2019-03-13 20:48:00+00:00,3.74
2019-03-13 23:00:00+00:00,3.74
2019-03-14 01:12:00+00:00,3.73
2019-03-14 03:24:00+00:00,3.73
2019-03-14 05:36:00+00:00,3.73
2019-03-14 07:48:00+00:00,3.7322216
2019-03-14 10:00:00+00:00,3.734019
2019-03-14 12:12:00+00:00,3.7287145
2019-03-14 14:24:00+00:00,3.6999998
2019-03-14 16:36:00+00:00,3.6999998
2019-03-14 18:48:00+00:00,3.6899998
2019-03-14 21:00:00+00:00,3.6899998
2019-03-14 23:12:00+00:00,3.6899998
2019-03-15 01:24:00+00:00,3.6899998
2019-03-15 03:36:00+00:00,3.6799998
2019-03-15 05:48:00+00:00,3.6799998
2019-03-15 08:00:00+00:00,3.6799998
2019-03-15 10:12:00+00:00,3.6799998
2019-03-15 12:24:00+00:00,3.6699998
2019-03-15 14:36:00+00:00,3.6699998
2019-03-15 16:48:00+00:00,3.6699998
2019-03-15 19:00:00+00:00,3.6699998
2019-03-15 21:12:00+00:00,3.6599998
2019-03-15 23:24:00+00:00,3.6599998
2019-03-16 01:36:00+00:00,3.6599998
2019-03-16 03:48:00+00:00,3.6599998
2019-03-16 06:00:00+00:00,3.6599998
2019-03-16 08:12:00+00:00,3.6499999
2019-03-16 10:24:00+00:00,3.6499999
2019-03-16 12:36:00+00:00,3.6499999
2019-03-16 14:48:00+00:00,3.6499999
2019-03-16 17:00:00+00:00,3.6499999
2019-03-16 19:12:00+00:00,3.6399999
2019-03-16 21:24:00+00:00,3.6399999
2019-03-16 23:36:00+00:00,3.6399999
2019-03-17 01:48:00+00:00,3.6399999
2019-03-17 04:00:00+00:00,3.6399999
2019-03-17 06:12:00+00:00,3.6399999
2019-03-17 08:24:00+00:00,3.6299999
2019-03-17 10:36:00+00:00,3.6299999
2019-03-17 12:48:00+00:00,3.6299999
2019-03-17 15:00:00+00:00,3.6299999
2019-03-17 17:12:00+00:00,3.6299999
2019-03-17 19:24:00+00:00,3.6299999
2019-03-17 21:36:00+00:00,3.6199999
2019-03-17 23:48:00+00:00,3.6199999
2019-03-18 02:00:00+00:00,3.6199999
2019-03-18 04:12:00+00:00,3.6199999
2019-03-18 06:24:00+00:00,3.6199999
2019-03-18 08:36:00+00:00,3.6099999
2019-03-18 10:48:00+00:00,3.7916064
2019-03-18 13:00:00+00:00,3.9905651
2019-03-18 15:12:00+00:00,3.9960508
2019-03-18 17:24:00+00:00,3.9254181
2019-03-18 19:36:00+00:00,3.8999999
2019-03-18 21:48:00+00:00,3.8999999
2019-03-19 00:00:00+00:00,3.8899999
2019-03-19 02:12:00+00:00,3.8899999
2019-03-19 04:24:00+00:00,3.8799999
2019-03-19 06:36:00+00:00,3.8799999
2019-03-19 08:48:00+00:00,3.9099998
2019-03-19 11:00:00+00:00,3.9140413
2019-03-19 13:12:00+00:00,3.9078014
2019-03-19 15:24:00+00:00,3.8803113
2019-03-19 17:36:00+00:00,3.8199999
2019-03-19 19:48:00+00:00,3.8099999
2019-03-19 22:00:00+00:00,3.8
2019-03-20 00:12:00+00:00,3.79
2019-03-20 02:24:00+00:00,3.78
2019-03-20 04:36:00+00:00,3.77
2019-03-20 06:48:00+00:00,3.77
2019-03-20 09:00:00+00:00,3.8215706
2019-03-20 11:12:00+00:00,3.8087914
2019-03-20 13:24:00+00:00,3.79
2019-03-20 15:36:00+00:00,3.7337699
2019-03-20 17:48:00+00:00,3.6999998
2019-03-20 20:00:00+00:00,3.6999998
2019-03-20 22:12:00+00:00,3.6899998
2019-03-21 00:24:00+00:00,3.6899998
2019-03-21 02:36:00+00:00,3.6899998
2019-03-21 04:48:00+00:00,3.6799998
2019-03-21 07:00:00+00:00,3.6799998
2019-03-21 09:12:00+00:00,0.0
2019-03-21 11:24:00+00:00,0.0
2019-03-21 13:36:00+00:00,0.0
2019-03-21 15:48:00+00:00,3.9992888
2019-03-21 18:00:00+00:00,3.98
2019-03-21 20:12:00+00:00,3.97
2019-03-21 22:24:00+00:00,3.9599998
2019-03-22 00:36:00+00:00,3.9599998
2019-03-22 02:48:00+00:00,3.9499998
2019-03-22 05:00:00+00:00,3.9499998
2019-03-22 07:12:00+00:00,3.9399998
2019-03-22 09:24:00+00:00,3.98
2019-03-22 11:36:00+00:00,4.0006232
2019-03-22 13:48:00+00:00,4.013772
2019-03-22 16:00:00+00:00,3.9630606
2019-03-22 18:12:00+00:00,3.8899999
2019-03-22 20:24:00+00:00,3.8899999
2019-03-22 22:36:00+00:00,3.8799999
2019-03-23 00:48:00+00:00,3.8794408
2019-03-23 03:00:00+00:00,3.8699999
2019-03-23 05:12:00+00:00,3.8699999
2019-03-23 07:24:00+00:00,3.8699999
2019-03-23 09:36:00+00:00,3.8999999
2019-03-23 11:48:00+00:00,3.8999999
2019-03-23 14:00:00+00:00,3.8899999
2019-03-23 16:12:00+00:00,3.8499999
2019-03-23 18:24:00+00:00,3.79
2019-03-23 20:36:00+00:00,3.78
2019-03-23 22:48:00+00:00,3.77
2019-03-24 01:00:00+00:00,3.76
2019-03-24 03:12:00+00:00,3.76
2019-03-24 05:24:00+00:00,3.75
2019-03-24 07:36:00+00:00,3.75
2019-03-24 09:48:00+00:00,3.7695913
2019-03-24 12:00:00+00:00,0.0
2019-03-24 14:12:00+00:00,0.0
2019-03-24 16:24:00+00:00,0.0
2019-03-24 18:36:00+00:00,0.0
2019-03-24 20:48:00+00:00,0.0
2019-03-24 23:00:00+00:00,0.0
2019-03-25 01:12:00+00:00,0.0
2019-03-25 03:24:00+00:00,0.0
2019-03-25 05:36:00+00:00,0.0
2019-03-25 07:48:00+00:00,0.0
2019-03-25 10:00:00+00:00,0.0
2019-03-25 12:12:00+00:00,0.0
2019-03-25 14:24:00+00:00,0.0
2019-03-25 16:36:00+00:00,0.0
2019-03-25 18:48:00+00:00,0.0
2019-03-25 21:00:00+00:00,0.0
2019-03-25 23:12:00+00:00,0.0
2019-03-26 01:24:00+00:00,0.0
2019-03-26 03:36:00+00:00,0.0
2019-03-26 05:48:00+00:00,0.0
2019-03-26 08:00:00+00:00,0.0
2019-03-26 10:12:00+00:00,0.0
2019-03-26 12:24:00+00:00,0.0
2019-03-26 14:36:00+00:00,0.0
2019-03-26 16:48:00+00:00,3.7438216
2019-03-26 19:00:00+00:00,3.779938
2019-03-26 21:12:00+00:00,3.9299998
2019-03-26 23:24:00+00:00,4.0337915
2019-03-27 01:36:00+00:00,4.0499997
2019-03-27 03:48:00+00:00,4.0599999
2019-03-27 06:00:00+00:00,3.9924784
2019-03-27 08:12:00+00:00,4.045001
2019-03-27 10:24:00+00:00,4.0599999
2019-03-27 12:36:00+00:00,4.0512691
2019-03-27 14:48:00+00:00,4.04
2019-03-27 17:00:00+00:00,3.9887898
2019-03-27 19:12:00+00:00,3.9499998
2019-03-27 21:24:00+00:00,3.9399998
2019-03-27 23:36:00+00:00,3.9399998
2019-03-28 01:48:00+00:00,3.9299998
2019-03-28 04:00:00+00:00,3.9299998
2019-03-28 06:12:00+00:00,3.9199998
2019-03-28 08:24:00+00:00,3.9499998
2019-03-28 10:36:00+00:00,3.9548817
2019-03-28 12:48:00+00:00,3.8922424
2019-03-28 15:00:00+00:00,3.8758357
2019-03-28 17:12:00+00:00,3.8499999
2019-03-28 19:24:00+00:00,3.8299999
2019-03-28 21:36:00+00:00,3.8199999
2019-03-28 23:48:00+00:00,3.8151784
2019-03-29 02:00:00+00:00,3.8099999
2019-03-29 04:12:00+00:00,3.8
2019-03-29 06:24:00+00:00,3.79
2019-03-29 08:36:00+00:00,3.78
2019-03-29 10:48:00+00:00,3.7829566
2019-03-29 13:00:00+00:00,3.8152394
2019-03-29 15:12:00+00:00,3.73
2019-03-29 17:24:00+00:00,3.72
2019-03-29 19:36:00+00:00,3.7099998
2019-03-29 21:48:00+00:00,3.7099998
2019-03-30 00:00:00+00:00,3.7099998
2019-03-30 02:12:00+00:00,3.6999998
2019-03-30 04:24:00+00:00,3.6999998
2019-03-30 06:36:00+00:00,3.6999998
2019-03-30 08:48:00+00:00,3.7106574
2019-03-30 11:00:00+00:00,3.6627347
2019-03-30 13:12:00+00:00,3.646801
2019-03-30 15:24:00+00:00,3.6353598
2019-03-30 17:36:00+00:00,3.6291192
2019-03-30 19:48:00+00:00,3.6283708
2019-03-30 22:00:00+00:00,3.6199999
2019-03-31 00:12:00+00:00,3.6199999
2019-03-31 02:24:00+00:00,3.6199999
2019-03-31 04:36:00+00:00,3.6199999
2019-03-31 06:48:00+00:00,3.6108215
2019-03-31 09:00:00+00:00,3.6299999
2019-03-31 11:12:00+00:00,3.6299999
2019-03-31 13:24:00+00:00,3.6252325
2019-03-31 15:36:00+00:00,3.6265688
2019-03-31 17:48:00+00:00,3.5699999
2019-03-31 20:00:00+00:00,3.5599999
2019-03-31 22:12:00+00:00,3.5599999
2019-04-01 00:24:00+00:00,3.5599999
2019-04-01 02:36:00+00:00,3.55
2019-04-01 04:48:00+00:00,3.55
2019-04-01 07:00:00+00:00,3.55
2019-04-01 09:12:00+00:00,3.5807114
2019-04-01 11:24:00+00:00,3.5899999
2019-04-01 13:36:00+00:00,3.5744414
2019-04-01 15:48:00+00:00,3.538636
2019-04-01 18:00:00+00:00,3.48
2019-04-01 20:12:00+00:00,3.48
2019-04-01 22:24:00+00:00,3.48
2019-04-02 00:36:00+00:00,3.47
2019-04-02 02:48:00+00:00,3.47
2019-04-02 05:00:00+00:00,3.47
2019-04-02 07:12:00+00:00,3.47
2019-04-02 09:24:00+00:00,3.576134
2019-04-02 11:36:00+00:00,4.0499997
2019-04-02 13:48:00+00:00,4.04
2019-04-02 16:00:00+00:00,4.02
2019-04-02 18:12:00+00:00,3.9599998
2019-04-02 20:24:00+00:00,3.9499998
2019-04-02 22:36:00+00:00,3.9399998
2019-04-03 00:48:00+00:00,3.9399998
2019-04-03 03:00:00+00:00,3.9299998
2019-04-03 05:12:00+00:00,3.9299998
2019-04-03 07:24:00+00:00,3.9299998
2019-04-03 09:36:00+00:00,3.9599998
2019-04-03 11:48:00+00:00,3.9599998
2019-04-03 14:00:00+00:00,3.9670205
2019-04-03 16:12:00+00:00,3.9299998
2019-04-03 18:24:00+00:00,3.8799999
2019-04-03 20:36:00+00:00,3.6770461
2019-04-03 22:48:00+00:00,3.6999998
2019-04-04 01:00:00+00:00,3.693316
2019-04-04 03:12:00+00:00,3.7212145
2019-04-04 05:24:00+00:00,4.0599999
2019-04-04 07:36:00+00:00,4.0599999
2019-04-04 09:48:00+00:00,4.0899997
2019-04-04 12:00:00+00:00,4.0699997
2019-04-04 14:12:00+00:00,4.0133615
2019-04-04 16:24:00+00:00,3.98
2019-04-04 18:36:00+00:00,3.9499998
2019-04-04 20:48:00+00:00,3.7099998
2019-04-04 23:00:00+00:00,3.7786117
2019-04-05 01:12:00+00:00,3.8299999
2019-04-05 03:24:00+00:00,3.8399999
2019-04-05 05:36:00+00:00,4.0499997
2019-04-05 07:48:00+00:00,4.04
2019-04-05 10:00:00+00:00,4.0334439
2019-04-05 12:12:00+00:00,4.0299997
2019-04-05 14:24:00+00:00,4.0123014
2019-04-05 16:36:00+00:00,3.973469
2019-04-05 18:48:00+00:00,3.9599998
2019-04-05 21:00:00+00:00,3.664223
2019-04-05 23:12:00+00:00,3.6630104
2019-04-06 01:24:00+00:00,3.6627471
2019-04-06 03:36:00+00:00,3.6899998
2019-04-06 05:48:00+00:00,3.9499998
2019-04-06 08:00:00+00:00,3.9499998
2019-04-06 10:12:00+00:00,4.02
2019-04-06 12:24:00+00:00,3.9907355
2019-04-06 14:36:00+00:00,3.9813585
2019-04-06 16:48:00+00:00,3.8912368
2019-04-06 19:00:00+00:00,3.8152232
2019-04-06 21:12:00+00:00,3.7273614
2019-04-06 23:24:00+00:00,3.6989596
2019-04-07 01:36:00+00:00,3.77
2019-04-07 03:48:00+00:00,3.8326137
2019-04-07 06:00:00+00:00,3.9399998
2019-04-07 08:12:00+00:00,3.9399998
2019-04-07 10:24:00+00:00,3.8999999
2019-04-07 12:36:00+00:00,3.8502271
2019-04-07 14:48:00+00:00,3.8499999
2019-04-07 17:00:00+00:00,3.8274872
2019-04-07 19:12:00+00:00,3.6699741
2019-04-07 21:24:00+00:00,3.74
2019-04-07 23:36:00+00:00,3.8099999
2019-04-08 01:48:00+00:00,3.9199998
2019-04-08 04:00:00+00:00,3.9837792
2019-04-08 06:12:00+00:00,3.9299998
2019-04-08 08:24:00+00:00,3.9199998
2019-04-08 10:36:00+00:00,3.9199998
2019-04-08 12:48:00+00:00,3.9451249
2019-04-08 15:00:00+00:00,3.9299998
2019-04-08 17:12:00+00:00,3.8799999
2019-04-08 19:24:00+00:00,3.6548202
2019-04-08 21:36:00+00:00,3.77
2019-04-08 23:48:00+00:00,3.8522875
2019-04-09 02:00:00+00:00,3.9047658
2019-04-09 04:12:00+00:00,3.9197528
2019-04-09 06:24:00+00:00,3.9299998
2019-04-09 08:36:00+00:00,3.98
2019-04-09 10:48:00+00:00,4.0
2019-04-09 13:00:00+00:00,3.99
2019-04-09 15:12:00+00:00,3.9623091
2019-04-09 17:24:00+00:00,3.9294021
2019-04-09 19:36:00+00:00,3.6379154
2019-04-09 21:48:00+00:00,3.4622838
2019-04-10 00:00:00+00:00,3.4297755
2019-04-10 02:12:00+00:00,3.4299998
2019-04-10 04:24:00+00:00,3.4412792
2019-04-10 06:36:00+00:00,3.8999999
2019-04-10 08:48:00+00:00,3.9019871
2019-04-10 11:00:00+00:00,3.97
2019-04-10 13:12:00+00:00,3.9599998
2019-04-10 15:24:00+00:00,3.9158537
2019-04-10 17:36:00+00:00,3.845809
2019-04-10 19:48:00+00:00,3.6995869
2019-04-10 22:00:00+00:00,3.8116572
2019-04-11 00:12:00+00:00,3.9379294
2019-04-11 02:24:00+00:00,4.1100001
2019-04-11 04:36:00+00:00,4.0135694
2019-04-11 06:48:00+00:00,3.8799999
2019-04-11 09:00:00+00:00,3.8999999
2019-04-11 11:12:00+00:00,3.8757777
2019-04-11 13:24:00+00:00,3.8859699
2019-04-11 15:36:00+00:00,3.8199999
2019-04-11 17:48:00+00:00,3.76
2019-04-11 20:00:00+00:00,3.7060089
2019-04-11 22:12:00+00:00,3.7184553
2019-04-12 00:24:00+00:00,3.7099998
2019-04-12 02:36:00+00:00,3.7639387
2019-04-12 04:48:00+00:00,3.919461
2019-04-12 07:00:00+00:00,0.0
2019-04-12 09:12:00+00:00,3.8999999
2019-04-12 11:24:00+00:00,3.8799999
2019-04-12 13:36:00+00:00,3.8556771
2019-04-12 15:48:00+00:00,3.8299999
2019-04-12 18:00:00+00:00,3.79
2019-04-12 20:12:00+00:00,3.6656528
2019-04-12 22:24:00+00:00,3.6599998
2019-04-13 00:36:00+00:00,3.6793876
2019-04-13 02:48:00+00:00,3.7256303
2019-04-13 05:00:00+00:00,3.6799998
2019-04-13 07:12:00+00:00,3.6893644
2019-04-13 09:24:00+00:00,3.6899998
2019-04-13 11:36:00+00:00,3.6799998
2019-04-13 13:48:00+00:00,3.6713166
2019-04-13 16:00:00+00:00,3.66325
2019-04-13 18:12:00+00:00,3.6418257
2019-04-13 20:24:00+00:00,3.7379453
2019-04-13 22:36:00+00:00,3.8255603
2019-04-14 00:48:00+00:00,3.8218021
2019-04-14 03:00:00+00:00,3.8299999
2019-04-14 05:12:00+00:00,3.6699998
2019-04-14 07:24:00+00:00,3.6699998
2019-04-14 09:36:00+00:00,3.698545
2019-04-14 11:48:00+00:00,3.7444856
2019-04-14 14:00:00+00:00,3.774729
2019-04-14 16:12:00+00:00,3.7322524
2019-04-14 18:24:00+00:00,3.6899998
2019-04-14 20:36:00+00:00,3.7117336
2019-04-14 22:48:00+00:00,3.7407737
2019-04-15 01:00:00+00:00,3.7190621
2019-04-15 03:12:00+00:00,3.7968476
2019-04-15 05:24:00+00:00,3.6699998
2019-04-15 07:36:00+00:00,3.6699998
2019-04-15 09:48:00+00:00,3.6783092
2019-04-15 12:00:00+00:00,3.6791832
2019-04-15 14:12:00+00:00,3.6691496
2019-04-15 16:24:00+00:00,3.663327
2019-04-15 18:36:00+00:00,3.6399999
2019-04-15 20:48:00+00:00,3.5991945
2019-04-15 23:00:00+00:00,3.4750712
2019-04-16 01:12:00+00:00,3.4391382
2019-04-16 03:24:00+00:00,3.4346187
2019-04-16 05:36:00+00:00,3.6899998
2019-04-16 07:48:00+00:00,3.7099998
2019-04-16 10:00:00+00:00,3.73
2019-04-16 12:12:00+00:00,3.72
2019-04-16 14:24:00+00:00,3.7099998
2019-04-16 16:36:00+00:00,3.6699998
2019-04-16 18:48:00+00:00,3.6484225
2019-04-16 21:00:00+00:00,3.7862785
2019-04-16 23:12:00+00:00,3.8959355
2019-04-17 01:24:00+00:00,3.9615536
2019-04-17 03:36:00+00:00,4.0999999
2019-04-17 05:48:00+00:00,3.6699998
2019-04-17 08:00:00+00:00,3.6615305
2019-04-17 10:12:00+00:00,3.6839085
2019-04-17 12:24:00+00:00,3.715265
2019-04-17 14:36:00+00:00,3.6994536
2019-04-17 16:48:00+00:00,3.6540022
2019-04-17 19:00:00+00:00,3.6399999
2019-04-17 21:12:00+00:00,3.6399999
2019-04-17 23:24:00+00:00,3.6399999
2019-04-18 01:36:00+00:00,3.6399999
2019-04-18 03:48:00+00:00,3.6299999
2019-04-18 06:00:00+00:00,3.6299999
2019-04-18 08:12:00+00:00,3.6299999
2019-04-18 10:24:00+00:00,3.6299999
2019-04-18 12:36:00+00:00,3.6299999
2019-04-18 14:48:00+00:00,3.6299999
2019-04-18 17:00:00+00:00,3.6199999
2019-04-18 19:12:00+00:00,3.6199999
2019-04-18 21:24:00+00:00,3.6199999
2019-04-18 23:36:00+00:00,3.6199999
2019-04-19 01:48:00+00:00,3.6199999
2019-04-19 04:00:00+00:00,3.6099999
2019-04-19 06:12:00+00:00,3.6099999
2019-04-19 08:24:00+00:00,3.6099999
2019-04-19 10:36:00+00:00,3.6048989
2019-04-19 12:48:00+00:00,3.5999999
2019-04-19 15:00:00+00:00,3.5999999
2019-04-19 17:12:00+00:00,3.5999999
2019-04-19 19:24:00+00:00,3.5999999
2019-04-19 21:36:00+00:00,3.5899999
2019-04-19 23:48:00+00:00,3.5899999
2019-04-20 02:00:00+00:00,3.5899999
2019-04-20 04:12:00+00:00,3.5799999
2019-04-20 06:24:00+00:00,3.5799999
2019-04-20 08:36:00+00:00,3.5799999
2019-04-20 10:48:00+00:00,3.5799999
2019-04-20 13:00:00+00:00,3.5699999
2019-04-20 15:12:00+00:00,3.5699999
2019-04-20 17:24:00+00:00,3.5699999
2019-04-20 19:36:00+00:00,3.5699999
2019-04-20 21:48:00+00:00,3.5599999
2019-04-21 00:00:00+00:00,3.5599999
2019-04-21 02:12:00+00:00,3.5599999
2019-04-21 04:24:00+00:00,3.55
2019-04-21 06:36:00+00:00,3.55
2019-04-21 08:48:00+00:00,3.55
2019-04-21 11:00:00+00:00,3.54
2019-04-21 13:12:00+00:00,3.54
2019-04-21 15:24:00+00:00,3.53
2019-04-21 17:36:00+00:00,3.53
2019-04-21 19:48:00+00:00,3.52
2019-04-21 22:00:00+00:00,3.52
2019-04-22 00:12:00+00:00,3.51
2019-04-22 02:24:00+00:00,3.51
2019-04-22 04:36:00+00:00,3.5
2019-04-22 06:48:00+00:00,3.5
2019-04-22 09:00:00+00:00,3.6786063
2019-04-22 11:12:00+00:00,0.0
2019-04-22 13:24:00+00:00,0.0
2019-04-22 15:36:00+00:00,0.0
2019-04-22 17:48:00+00:00,0.0
2019-04-22 20:00:00+00:00,0.0
2019-04-22 22:12:00+00:00,0.0
2019-04-23 00:24:00+00:00,0.0
2019-04-23 02:36:00+00:00,0.0
2019-04-23 04:48:00+00:00,0.0
2019-04-23 07:00:00+00:00,0.0
2019-04-23 09:12:00+00:00,0.0
2019-04-23 11:24:00+00:00,0.0
2019-04-23 13:36:00+00:00,0.0
2019-04-23 15:48:00+00:00,0.0
2019-04-23 18:00:00+00:00,0.0
2019-04-23 20:12:00+00:00,0.0
2019-04-23 22:24:00+00:00,0.0
2019-04-24 00:36:00+00:00,0.0
2019-04-24 02:48:00+00:00,0.0
2019-04-24 05:00:00+00:00,0.0
2019-04-24 07:12:00+00:00,0.0
2019-04-24 09:24:00+00:00,0.0
2019-04-24 11:36:00+00:00,0.0
2019-04-24 13:48:00+00:00,0.0
2019-04-24 16:00:00+00:00,0.0
2019-04-24 18:12:00+00:00,0.0
2019-04-24 20:24:00+00:00,0.0
2019-04-24 22:36:00+00:00,0.0
2019-04-25 00:48:00+00:00,0.0
2019-04-25 03:00:00+00:00,0.0
2019-04-25 05:12:00+00:00,0.0
2019-04-25 07:24:00+00:00,0.0
2019-04-25 09:36:00+00:00,0.0
2019-04-25 11:48:00+00:00,0.0
2019-04-25 14:00:00+00:00,0.0
2019-04-25 16:12:00+00:00,0.0
2019-04-25 18:24:00+00:00,0.0
2019-04-25 20:36:00+00:00,0.0
2019-04-25 22:48:00+00:00,0.0
2019-04-26 01:00:00+00:00,0.0
2019-04-26 03:12:00+00:00,0.0
2019-04-26 05:24:00+00:00,0.0
2019-04-26 07:36:00+00:00,0.0
2019-04-26 09:48:00+00:00,0.0
2019-04-26 12:00:00+00:00,0.0
2019-04-26 14:12:00+00:00,0.0
2019-04-26 16:24:00+00:00,0.0
2019-04-26 18:36:00+00:00,0.0
2019-04-26 20:48:00+00:00,0.0
2019-04-26 23:00:00+00:00,0.0
2019-04-27 01:12:00+00:00,0.0
2019-04-27 03:24:00+00:00,0.0
2019-04-27 05:36:00+00:00,0.0
2019-04-27 07:48:00+00:00,0.0
2019-04-27 10:00:00+00:00,0.0
2019-04-27 12:12:00+00:00,0.0
2019-04-27 14:24:00+00:00,0.0
2019-04-27 16:36:00+00:00,0.0
2019-04-27 18:48:00+00:00,0.0
2019-04-27 21:00:00+00:00,0.0
2019-04-27 23:12:00+00:00,0.0
2019-04-28 01:24:00+00:00,0.0
2019-04-28 03:36:00+00:00,0.0
2019-04-28 05:48:00+00:00,0.0
2019-04-28 08:00:00+00:00,0.0
2019-04-28 10:12:00+00:00,0.0
2019-04-28 12:24:00+00:00,0.0
2019-04-28 14:36:00+00:00,0.0
2019-04-28 16:48:00+00:00,0.0
2019-04-28 19:00:00+00:00,0.0
2019-04-28 21:12:00+00:00,0.0
2019-04-28 23:24:00+00:00,0.0
2019-04-29 01:36:00+00:00,0.0
2019-04-29 03:48:00+00:00,0.0
2019-04-29 06:00:00+00:00,0.0
2019-04-29 08:12:00+00:00,0.0
2019-04-29 10:24:00+00:00,0.0
2019-04-29 12:36:00+00:00,0.0
2019-04-29 14:48:00+00:00,0.0
2019-04-29 17:00:00+00:00,0.0
2019-04-29 19:12:00+00:00,0.0
2019-04-29 21:24:00+00:00,0.0
2019-04-29 23:36:00+00:00,0.0
2019-04-30 01:48:00+00:00,0.0
2019-04-30 04:00:00+00:00,0.0
2019-04-30 06:12:00+00:00,0.0
2019-04-30 08:24:00+00:00,0.0
2019-04-30 10:36:00+00:00,0.0
2019-04-30 12:48:00+00:00,0.0
2019-04-30 15:00:00+00:00,0.0
2019-04-30 17:12:00+00:00,0.0
2019-04-30 19:24:00+00:00,0.0
2019-04-30 21:36:00+00:00,0.0
2019-04-30 23:48:00+00:00,0.0
2019-05-01 02:00:00+00:00,0.0
2019-05-01 04:12:00+00:00,0.0
2019-05-01 06:24:00+00:00,0.0
2019-05-01 08:36:00+00:00,0.0
2019-05-01 10:48:00+00:00,0.0
2019-05-01 13:00:00+00:00,0.0
2019-05-01 15:12:00+00:00,0.0
2019-05-01 17:24:00+00:00,0.0
2019-05-01 19:36:00+00:00,0.0
2019-05-01 21:48:00+00:00,0.0
2019-05-02 00:00:00+00:00,0.0
2019-05-02 02:12:00+00:00,0.0
2019-05-02 04:24:00+00:00,0.0
2019-05-02 06:36:00+00:00,0.0
2019-05-02 08:48:00+00:00,0.0
2019-05-02 11:00:00+00:00,0.0
2019-05-02 13:12:00+00:00,0.0
2019-05-02 15:24:00+00:00,0.0
2019-05-02 17:36:00+00:00,0.0
2019-05-02 19:48:00+00:00,0.0
2019-05-02 22:00:00+00:00,0.0
2019-05-03 00:12:00+00:00,0.0
2019-05-03 02:24:00+00:00,0.0
2019-05-03 04:36:00+00:00,0.0
2019-05-03 06:48:00+00:00,0.0
2019-05-03 09:00:00+00:00,0.0
2019-05-03 11:12:00+00:00,0.0
2019-05-03 13:24:00+00:00,0.0
2019-05-03 15:36:00+00:00,0.0
2019-05-03 17:48:00+00:00,0.0
2019-05-03 20:00:00+00:00,0.0
2019-05-03 22:12:00+00:00,0.0
2019-05-04 00:24:00+00:00,0.0
2019-05-04 02:36:00+00:00,0.0
2019-05-04 04:48:00+00:00,0.0
2019-05-04 07:00:00+00:00,0.0
2019-05-04 09:12:00+00:00,0.0
2019-05-04 11:24:00+00:00,0.0
2019-05-04 13:36:00+00:00,0.0
2019-05-04 15:48:00+00:00,0.0
2019-05-04 18:00:00+00:00,0.0
2019-05-04 20:12:00+00:00,0.0
2019-05-04 22:24:00+00:00,0.0
2019-05-05 00:36:00+00:00,0.0
2019-05-05 02:48:00+00:00,0.0
2019-05-05 05:00:00+00:00,0.0
2019-05-05 07:12:00+00:00,0.0
2019-05-05 09:24:00+00:00,0.0
2019-05-05 11:36:00+00:00,0.0
2019-05-05 13:48:00+00:00,0.0
2019-05-05 16:00:00+00:00,0.0
2019-05-05 18:12:00+00:00,0.0
2019-05-05 20:24:00+00:00,0.0
2019-05-05 22:36:00+00:00,0.0
2019-05-06 00:48:00+00:00,0.0
2019-05-06 03:00:00+00:00,0.0
2019-05-06 05:12:00+00:00,0.0
2019-05-06 07:24:00+00:00,0.0
2019-05-06 09:36:00+00:00,0.0
2019-05-06 11:48:00+00:00,0.0
2019-05-06 14:00:00+00:00,0.0
2019-05-06 16:12:00+00:00,0.0
2019-05-06 18:24:00+00:00,0.0
2019-05-06 20:36:00+00:00,0.0
2019-05-06 22:48:00+00:00,0.0
2019-05-07 01:00:00+00:00,0.0
2019-05-07 03:12:00+00:00,0.0
2019-05-07 05:24:00+00:00,0.0
2019-05-07 07:36:00+00:00,0.0
2019-05-07 09:48:00+00:00,0.0
2019-05-07 12:00:00+00:00,0.0
2019-05-07 14:12:00+00:00,0.0
2019-05-07 16:24:00+00:00,0.0
2019-05-07 18:36:00+00:00,0.0
2019-05-07 20:48:00+00:00,0.0
2019-05-07 23:00:00+00:00,0.0
2019-05-08 01:12:00+00:00,0.0
2019-05-08 03:24:00+00:00,0.0
2019-05-08 05:36:00+00:00,0.0
2019-05-08 07:48:00+00:00,0.0
2019-05-08 10:00:00+00:00,0.0
2019-05-08 12:12:00+00:00,0.0
2019-05-08 14:24:00+00:00,0.0
2019-05-08 16:36:00+00:00,0.0
2019-05-08 18:48:00+00:00,0.0
2019-05-08 21:00:00+00:00,0.0
2019-05-08 23:12:00+00:00,0.0
2019-05-09 01:24:00+00:00,0.0
2019-05-09 03:36:00+00:00,0.0
2019-05-09 05:48:00+00:00,0.0
2019-05-09 08:00:00+00:00,0.0
2019-05-09 10:12:00+00:00,0.0
2019-05-09 12:24:00+00:00,0.0
2019-05-09 14:36:00+00:00,0.0
2019-05-09 16:48:00+00:00,0.0
2019-05-09 19:00:00+00:00,0.0
2019-05-09 21:12:00+00:00,0.0
2019-05-09 23:24:00+00:00,0.0
2019-05-10 01:36:00+00:00,0.0
2019-05-10 03:48:00+00:00,0.0
2019-05-10 06:00:00+00:00,0.0
2019-05-10 08:12:00+00:00,0.0
2019-05-10 10:24:00+00:00,0.0
2019-05-10 12:36:00+00:00,0.0
2019-05-10 14:48:00+00:00,0.0
2019-05-10 17:00:00+00:00,0.0
2019-05-10 19:12:00+00:00,0.0
2019-05-10 21:24:00+00:00,0.0
2019-05-10 23:36:00+00:00,0.0
2019-05-11 01:48:00+00:00,0.0
2019-05-11 04:00:00+00:00,0.0
2019-05-11 06:12:00+00:00,0.0
2019-05-11 08:24:00+00:00,0.0
2019-05-11 10:36:00+00:00,0.0
2019-05-11 12:48:00+00:00,0.0
2019-05-11 15:00:00+00:00,0.0
2019-05-11 17:12:00+00:00,0.0
2019-05-11 19:24:00+00:00,0.0
2019-05-11 21:36:00+00:00,0.0
2019-05-11 23:48:00+00:00,0.0
2019-05-12 02:00:00+00:00,0.0
2019-05-12 04:12:00+00:00,0.0
2019-05-12 06:24:00+00:00,0.0
2019-05-12 08:36:00+00:00,0.0
2019-05-12 10:48:00+00:00,0.0
2019-05-12 13:00:00+00:00,0.0
2019-05-12 15:12:00+00:00,0.0
2019-05-12 17:24:00+00:00,0.0
2019-05-12 19:36:00+00:00,0.0
2019-05-12 21:48:00+00:00,0.0
2019-05-13 00:00:00+00:00,0.0
2019-05-13 02:12:00+00:00,0.0
2019-05-13 04:24:00+00:00,0.0
2019-05-13 06:36:00+00:00,0.0
2019-05-13 08:48:00+00:00,0.0
2019-05-13 11:00:00+00:00,0.0
2019-05-13 13:12:00+00:00,0.0
2019-05-13 15:24:00+00:00,0.0
2019-05-13 17:36:00+00:00,0.0
2019-05-13 19:48:00+00:00,0.0
2019-05-13 22:00:00+00:00,0.0
2019-05-14 00:12:00+00:00,0.0
2019-05-14 02:24:00+00:00,0.0
2019-05-14 04:36:00+00:00,0.0
2019-05-14 06:48:00+00:00,0.0
2019-05-14 09:00:00+00:00,0.0
2019-05-14 11:12:00+00:00,0.0
2019-05-14 13:24:00+00:00,0.0
2019-05-14 15:36:00+00:00,0.0
2019-05-14 17:48:00+00:00,0.0
2019-05-14 20:00:00+00:00,0.0
2019-05-14 22:12:00+00:00,0.0
2019-05-15 00:24:00+00:00,0.0
2019-05-15 02:36:00+00:00,0.0
2019-05-15 04:48:00+00:00,0.0
2019-05-15 07:00:00+00:00,0.0
2019-05-15 09:12:00+00:00,0.0
2019-05-15 11:24:00+00:00,0.0
2019-05-15 13:36:00+00:00,0.0
2019-05-15 15:48:00+00:00,0.0
2019-05-15 18:00:00+00:00,0.0
2019-05-15 20:12:00+00:00,0.0
2019-05-15 22:24:00+00:00,0.0
2019-05-16 00:36:00+00:00,0.0
2019-05-16 02:48:00+00:00,0.0
2019-05-16 05:00:00+00:00,0.0
2019-05-16 07:12:00+00:00,0.0
2019-05-16 09:24:00+00:00,0.0
2019-05-16 11:36:00+00:00,0.0
2019-05-16 13:48:00+00:00,0.0
2019-05-16 16:00:00+00:00,0.0
2019-05-16 18:12:00+00:00,0.0
2019-05-16 20:24:00+00:00,0.0
2019-05-16 22:36:00+00:00,0.0
2019-05-17 00:48:00+00:00,0.0
2019-05-17 03:00:00+00:00,0.0
2019-05-17 05:12:00+00:00,0.0
2019-05-17 07:24:00+00:00,0.0
2019-05-17 09:36:00+00:00,0.0
2019-05-17 11:48:00+00:00,0.0
2019-05-17 14:00:00+00:00,0.0
2019-05-17 16:12:00+00:00,0.0
2019-05-17 18:24:00+00:00,0.0
2019-05-17 20:36:00+00:00,0.0
2019-05-17 22:48:00+00:00,0.0
2019-05-18 01:00:00+00:00,0.0
2019-05-18 03:12:00+00:00,0.0
2019-05-18 05:24:00+00:00,0.0
2019-05-18 07:36:00+00:00,0.0
2019-05-18 09:48:00+00:00,0.0
2019-05-18 12:00:00+00:00,0.0
2019-05-18 14:12:00+00:00,0.0
2019-05-18 16:24:00+00:00,0.0
2019-05-18 18:36:00+00:00,0.0
2019-05-18 20:48:00+00:00,0.0
2019-05-18 23:00:00+00:00,0.0
2019-05-19 01:12:00+00:00,0.0
2019-05-19 03:24:00+00:00,0.0
2019-05-19 05:36:00+00:00,0.0
2019-05-19 07:48:00+00:00,0.0
2019-05-19 10:00:00+00:00,0.0
2019-05-19 12:12:00+00:00,0.0
2019-05-19 14:24:00+00:00,0.0
2019-05-19 16:36:00+00:00,0.0
2019-05-19 18:48:00+00:00,0.0
2019-05-19 21:00:00+00:00,0.0
2019-05-19 23:12:00+00:00,0.0
2019-05-20 01:24:00+00:00,0.0
2019-05-20 03:36:00+00:00,0.0
2019-05-20 05:48:00+00:00,0.0
2019-05-20 08:00:00+00:00,0.0
2019-05-20 10:12:00+00:00,0.0
2019-05-20 12:24:00+00:00,0.0
2019-05-20 14:36:00+00:00,0.0
2019-05-20 16:48:00+00:00,0.0
2019-05-20 19:00:00+00:00,0.0
2019-05-20 21:12:00+00:00,0.0
2019-05-20 23:24:00+00:00,0.0
2019-05-21 01:36:00+00:00,0.0
2019-05-21 03:48:00+00:00,0.0
2019-05-21 06:00:00+00:00,0.0
2019-05-21 08:12:00+00:00,0.0
2019-05-21 10:24:00+00:00,0.0
2019-05-21 12:36:00+00:00,0.0
2019-05-21 14:48:00+00:00,0.0
2019-05-21 17:00:00+00:00,0.0
2019-05-21 19:12:00+00:00,0.0
2019-05-21 21:24:00+00:00,0.0
2019-05-21 23:36:00+00:00,0.0
2019-05-22 01:48:00+00:00,0.0
2019-05-22 04:00:00+00:00,0.0
2019-05-22 06:12:00+00:00,0.0
2019-05-22 08:24:00+00:00,0.0
2019-05-22 10:36:00+00:00,0.0
2019-05-22 12:48:00+00:00,0.0
2019-05-22 15:00:00+00:00,0.0
2019-05-22 17:12:00+00:00,0.0
2019-05-22 19:24:00+00:00,0.0
2019-05-22 21:36:00+00:00,0.0
2019-05-22 23:48:00+00:00,0.0
2019-05-23 02:00:00+00:00,0.0
2019-05-23 04:12:00+00:00,0.0
2019-05-23 06:24:00+00:00,0.0
2019-05-23 08:36:00+00:00,0.0
2019-05-23 10:48:00+00:00,0.0
2019-05-23 13:00:00+00:00,0.0
2019-05-23 15:12:00+00:00,0.0
2019-05-23 17:24:00+00:00,0.0
2019-05-23 19:36:00+00:00,0.0
2019-05-23 21:48:00+00:00,0.0
2019-05-24 00:00:00+00:00,0.0
2019-05-24 02:12:00+00:00,0.0
2019-05-24 04:24:00+00:00,0.0
2019-05-24 06:36:00+00:00,0.0
2019-05-24 08:48:00+00:00,0.0
2019-05-24 11:00:00+00:00,0.0
2019-05-24 13:12:00+00:00,0.0
2019-05-24 15:24:00+00:00,0.0
2019-05-24 17:36:00+00:00,0.0
2019-05-24 19:48:00+00:00,0.0
2019-05-24 22:00:00+00:00,0.0
2019-05-25 00:12:00+00:00,0.0
2019-05-25 02:24:00+00:00,0.0
2019-05-25 04:36:00+00:00,0.0
2019-05-25 06:48:00+00:00,0.0
2019-05-25 09:00:00+00:00,0.0
2019-05-25 11:12:00+00:00,0.0
2019-05-25 13:24:00+00:00,0.0
2019-05-25 15:36:00+00:00,0.0
2019-05-25 17:48:00+00:00,0.0
2019-05-25 20:00:00+00:00,0.0
2019-05-25 22:12:00+00:00,0.0
2019-05-26 00:24:00+00:00,0.0
2019-05-26 02:36:00+00:00,0.0
2019-05-26 04:48:00+00:00,0.0
2019-05-26 07:00:00+00:00,0.0
2019-05-26 09:12:00+00:00,0.0
2019-05-26 11:24:00+00:00,0.0
2019-05-26 13:36:00+00:00,0.0
2019-05-26 15:48:00+00:00,0.0
2019-05-26 18:00:00+00:00,0.0
2019-05-26 20:12:00+00:00,0.0
2019-05-26 22:24:00+00:00,0.0
2019-05-27 00:36:00+00:00,0.0
2019-05-27 02:48:00+00:00,0.0
2019-05-27 05:00:00+00:00,0.0
2019-05-27 07:12:00+00:00,0.0
2019-05-27 09:24:00+00:00,0.0
2019-05-27 11:36:00+00:00,0.0
2019-05-27 13:48:00+00:00,0.0
2019-05-27 16:00:00+00:00,0.0
2019-05-27 18:12:00+00:00,0.0
2019-05-27 20:24:00+00:00,0.0
2019-05-27 22:36:00+00:00,0.0
2019-05-28 00:48:00+00:00,0.0
2019-05-28 03:00:00+00:00,0.0
2019-05-28 05:12:00+00:00,0.0
2019-05-28 07:24:00+00:00,0.0
2019-05-28 09:36:00+00:00,0.0
2019-05-28 11:48:00+00:00,0.0
2019-05-28 14:00:00+00:00,0.0
2019-05-28 16:12:00+00:00,0.0
2019-05-28 18:24:00+00:00,0.0
2019-05-28 20:36:00+00:00,0.0
2019-05-28 22:48:00+00:00,0.0
2019-05-29 01:00:00+00:00,0.0
2019-05-29 03:12:00+00:00,0.0
2019-05-29 05:24:00+00:00,0.0
2019-05-29 07:36:00+00:00,0.0
2019-05-29 09:48:00+00:00,0.0
2019-05-29 12:00:00+00:00,0.0
2019-05-29 14:12:00+00:00,0.0
2019-05-29 16:24:00+00:00,0.0
2019-05-29 18:36:00+00:00,0.0
2019-05-29 20:48:00+00:00,0.0
2019-05-29 23:00:00+00:00,0.0
2019-05-30 01:12:00+00:00,0.0
2019-05-30 03:24:00+00:00,0.0
2019-05-30 05:36:00+00:00,0.0
2019-05-30 07:48:00+00:00,0.0
2019-05-30 10:00:00+00:00,0.0
2019-05-30 12:12:00+00:00,0.0
2019-05-30 14:24:00+00:00,0.0
2019-05-30 16:36:00+00:00,0.0
2019-05-30 18:48:00+00:00,0.0
2019-05-30 21:00:00+00:00,0.0
2019-05-30 23:12:00+00:00,0.0
2019-05-31 01:24:00+00:00,0.0
2019-05-31 03:36:00+00:00,0.0
2019-05-31 05:48:00+00:00,0.0
2019-05-31 08:00:00+00:00,0.0
2019-05-31 10:12:00+00:00,0.0
2019-05-31 12:24:00+00:00,0.0
2019-05-31 14:36:00+00:00,0.0
2019-05-31 16:48:00+00:00,0.0
2019-05-31 19:00:00+00:00,0.0
2019-05-31 21:12:00+00:00,0.0
2019-05-31 23:24:00+00:00,0.0
2019-06-01 01:36:00+00:00,0.0
2019-06-01 03:48:00+00:00,0.0
2019-06-01 06:00:00+00:00,0.0
2019-06-01 08:12:00+00:00,0.0
2019-06-01 10:24:00+00:00,0.0
2019-06-01 12:36:00+00:00,0.0
2019-06-01 14:48:00+00:00,0.0
2019-06-01 17:00:00+00:00,0.0
2019-06-01 19:12:00+00:00,0.0
2019-06-01 21:24:00+00:00,0.0
2019-06-01 23:36:00+00:00,0.0
2019-06-02 01:48:00+00:00,0.0
2019-06-02 04:00:00+00:00,0.0
2019-06-02 06:12:00+00:00,0.0
2019-06-02 08:24:00+00:00,0.0
2019-06-02 10:36:00+00:00,0.0
2019-06-02 12:48:00+00:00,0.0
2019-06-02 15:00:00+00:00,0.0
2019-06-02 17:12:00+00:00,0.0
2019-06-02 19:24:00+00:00,0.0
2019-06-02 21:36:00+00:00,0.0
2019-06-02 23:48:00+00:00,0.0
2019-06-03 02:00:00+00:00,0.0
2019-06-03 04:12:00+00:00,0.0
2019-06-03 06:24:00+00:00,0.0
2019-06-03 08:36:00+00:00,0.0
2019-06-03 10:48:00+00:00,0.0
2019-06-03 13:00:00+00:00,0.0
2019-06-03 15:12:00+00:00,0.0
2019-06-03 17:24:00+00:00,0.0
2019-06-03 19:36:00+00:00,0.0
2019-06-03 21:48:00+00:00,0.0
2019-06-04 00:00:00+00:00,0.0
2019-06-04 02:12:00+00:00,0.0
2019-06-04 04:24:00+00:00,0.0
2019-06-04 06:36:00+00:00,0.0
2019-06-04 08:48:00+00:00,0.0
2019-06-04 11:00:00+00:00,0.0
2019-06-04 13:12:00+00:00,0.0
2019-06-04 15:24:00+00:00,0.0
2019-06-04 17:36:00+00:00,0.0
2019-06-04 19:48:00+00:00,0.0
2019-06-04 22:00:00+00:00,0.0
2019-06-05 00:12:00+00:00,0.0
2019-06-05 02:24:00+00:00,0.0
2019-06-05 04:36:00+00:00,0.0
2019-06-05 06:48:00+00:00,0.0
2019-06-05 09:00:00+00:00,0.0
2019-06-05 11:12:00+00:00,0.0
2019-06-05 13:24:00+00:00,0.0
2019-06-05 15:36:00+00:00,0.0
2019-06-05 17:48:00+00:00,0.0
2019-06-05 20:00:00+00:00,0.0
2019-06-05 22:12:00+00:00,0.0
2019-06-06 00:24:00+00:00,0.0
2019-06-06 02:36:00+00:00,0.0
2019-06-06 04:48:00+00:00,0.0
2019-06-06 07:00:00+00:00,0.0
2019-06-06 09:12:00+00:00,0.0
2019-06-06 11:24:00+00:00,0.0
2019-06-06 13:36:00+00:00,0.0
2019-06-06 15:48:00+00:00,0.0
2019-06-06 18:00:00+00:00,0.0
2019-06-06 20:12:00+00:00,0.0
2019-06-06 22:24:00+00:00,0.0
2019-06-07 00:36:00+00:00,0.0
2019-06-07 02:48:00+00:00,0.0
2019-06-07 05:00:00+00:00,0.0
2019-06-07 07:12:00+00:00,0.0
2019-06-07 09:24:00+00:00,0.0
2019-06-07 11:36:00+00:00,0.0
2019-06-07 13:48:00+00:00,0.0
2019-06-07 16:00:00+00:00,0.0
2019-06-07 18:12:00+00:00,0.0
2019-06-07 20:24:00+00:00,0.0
2019-06-07 22:36:00+00:00,0.0
2019-06-08 00:48:00+00:00,0.0
2019-06-08 03:00:00+00:00,0.0
2019-06-08 05:12:00+00:00,0.0
2019-06-08 07:24:00+00:00,0.0
2019-06-08 09:36:00+00:00,0.0
2019-06-08 11:48:00+00:00,0.0
2019-06-08 14:00:00+00:00,0.0
2019-06-08 16:12:00+00:00,0.0
2019-06-08 18:24:00+00:00,0.0
2019-06-08 20:36:00+00:00,0.0
2019-06-08 22:48:00+00:00,0.0
2019-06-09 01:00:00+00:00,0.0
2019-06-09 03:12:00+00:00,0.0
2019-06-09 05:24:00+00:00,0.0
2019-06-09 07:36:00+00:00,0.0
2019-06-09 09:48:00+00:00,0.0
2019-06-09 12:00:00+00:00,0.0
2019-06-09 14:12:00+00:00,0.0
2019-06-09 16:24:00+00:00,0.0
2019-06-09 18:36:00+00:00,0.0
2019-06-09 20:48:00+00:00,0.0
2019-06-09 23:00:00+00:00,0.0
2019-06-10 01:12:00+00:00,0.0
2019-06-10 03:24:00+00:00,0.0
2019-06-10 05:36:00+00:00,0.0
2019-06-10 07:48:00+00:00,0.0
2019-06-10 10:00:00+00:00,0.0
2019-06-10 12:12:00+00:00,0.0
2019-06-10 14:24:00+00:00,0.0
2019-06-10 16:36:00+00:00,0.0
2019-06-10 18:48:00+00:00,0.0
2019-06-10 21:00:00+00:00,0.0
2019-06-10 23:12:00+00:00,0.0
2019-06-11 01:24:00+00:00,0.0
2019-06-11 03:36:00+00:00,0.0
2019-06-11 05:48:00+00:00,0.0
2019-06-11 08:00:00+00:00,0.0
2019-06-11 10:12:00+00:00,0.0
2019-06-11 12:24:00+00:00,0.0
2019-06-11 14:36:00+00:00,0.0
2019-06-11 16:48:00+00:00,0.0
2019-06-11 19:00:00+00:00,0.0
2019-06-11 21:12:00+00:00,0.0
2019-06-11 23:24:00+00:00,0.0
2019-06-12 01:36:00+00:00,0.0
2019-06-12 03:48:00+00:00,0.0
2019-06-12 06:00:00+00:00,0.0
2019-06-12 08:12:00+00:00,0.0
2019-06-12 10:24:00+00:00,0.0
2019-06-12 12:36:00+00:00,0.0
2019-06-12 14:48:00+00:00,0.0
2019-06-12 17:00:00+00:00,0.0
2019-06-12 19:12:00+00:00,0.0
2019-06-12 21:24:00+00:00,0.0
2019-06-12 23:36:00+00:00,0.0
2019-06-13 01:48:00+00:00,0.0
2019-06-13 04:00:00+00:00,0.0
2019-06-13 06:12:00+00:00,0.0
2019-06-13 08:24:00+00:00,0.0
2019-06-13 10:36:00+00:00,0.0
2019-06-13 12:48:00+00:00,0.0
2019-06-13 15:00:00+00:00,0.0
2019-06-13 17:12:00+00:00,0.0
2019-06-13 19:24:00+00:00,0.0
2019-06-13 21:36:00+00:00,0.0
2019-06-13 23:48:00+00:00,0.0
2019-06-14 02:00:00+00:00,0.0
2019-06-14 04:12:00+00:00,0.0
2019-06-14 06:24:00+00:00,0.0
2019-06-14 08:36:00+00:00,0.0
2019-06-14 10:48:00+00:00,0.0
2019-06-14 13:00:00+00:00,0.0
2019-06-14 15:12:00+00:00,0.0
2019-06-14 17:24:00+00:00,0.0
2019-06-14 19:36:00+00:00,0.0
2019-06-14 21:48:00+00:00,0.0
2019-06-15 00:00:00+00:00,0.0
2019-06-15 02:12:00+00:00,0.0
2019-06-15 04:24:00+00:00,0.0
2019-06-15 06:36:00+00:00,0.0
2019-06-15 08:48:00+00:00,0.0
2019-06-15 11:00:00+00:00,0.0
2019-06-15 13:12:00+00:00,0.0
2019-06-15 15:24:00+00:00,0.0
2019-06-15 17:36:00+00:00,0.0
2019-06-15 19:48:00+00:00,0.0
2019-06-15 22:00:00+00:00,0.0
2019-06-16 00:12:00+00:00,0.0
2019-06-16 02:24:00+00:00,0.0
2019-06-16 04:36:00+00:00,0.0
2019-06-16 06:48:00+00:00,0.0
2019-06-16 09:00:00+00:00,0.0
2019-06-16 11:12:00+00:00,0.0
2019-06-16 13:24:00+00:00,0.0
2019-06-16 15:36:00+00:00,0.0
2019-06-16 17:48:00+00:00,0.0
2019-06-16 20:00:00+00:00,0.0
2019-06-16 22:12:00+00:00,0.0
2019-06-17 00:24:00+00:00,0.0
2019-06-17 02:36:00+00:00,0.0
2019-06-17 04:48:00+00:00,0.0
2019-06-17 07:00:00+00:00,0.0
2019-06-17 09:12:00+00:00,0.0
2019-06-17 11:24:00+00:00,0.0
2019-06-17 13:36:00+00:00,0.0
2019-06-17 15:48:00+00:00,0.0
2019-06-17 18:00:00+00:00,0.0
2019-06-17 20:12:00+00:00,0.0
2019-06-17 22:24:00+00:00,0.0
2019-06-18 00:36:00+00:00,0.0
2019-06-18 02:48:00+00:00,0.0
2019-06-18 05:00:00+00:00,0.0
2019-06-18 07:12:00+00:00,0.0
2019-06-18 09:24:00+00:00,0.0
2019-06-18 11:36:00+00:00,0.0
2019-06-18 13:48:00+00:00,0.0
2019-06-18 16:00:00+00:00,0.0
2019-06-18 18:12:00+00:00,0.0
2019-06-18 20:24:00+00:00,0.0
2019-06-18 22:36:00+00:00,0.0
2019-06-19 00:48:00+00:00,0.0
2019-06-19 03:00:00+00:00,0.0
2019-06-19 05:12:00+00:00,0.0
2019-06-19 07:24:00+00:00,0.0
2019-06-19 09:36:00+00:00,0.0
2019-06-19 11:48:00+00:00,0.0
2019-06-19 14:00:00+00:00,0.0
2019-06-19 16:12:00+00:00,0.0
2019-06-19 18:24:00+00:00,0.0
2019-06-19 20:36:00+00:00,0.0
2019-06-19 22:48:00+00:00,0.0
2019-06-20 01:00:00+00:00,0.0
2019-06-20 03:12:00+00:00,0.0
2019-06-20 05:24:00+00:00,0.0
2019-06-20 07:36:00+00:00,0.0
2019-06-20 09:48:00+00:00,0.0
2019-06-20 12:00:00+00:00,0.0
2019-06-20 14:12:00+00:00,0.0
2019-06-20 16:24:00+00:00,0.0
2019-06-20 18:36:00+00:00,0.0
2019-06-20 20:48:00+00:00,0.0
2019-06-20 23:00:00+00:00,0.0
2019-06-21 01:12:00+00:00,0.0
2019-06-21 03:24:00+00:00,0.0
2019-06-21 05:36:00+00:00,0.0
2019-06-21 07:48:00+00:00,0.0
2019-06-21 10:00:00+00:00,0.0
2019-06-21 12:12:00+00:00,0.0
2019-06-21 14:24:00+00:00,0.0
2019-06-21 16:36:00+00:00,0.0
2019-06-21 18:48:00+00:00,0.0
2019-06-21 21:00:00+00:00,0.0
2019-06-21 23:12:00+00:00,0.0
2019-06-22 01:24:00+00:00,0.0
2019-06-22 03:36:00+00:00,0.0
2019-06-22 05:48:00+00:00,0.0
2019-06-22 08:00:00+00:00,0.0
2019-06-22 10:12:00+00:00,0.0
2019-06-22 12:24:00+00:00,0.0
2019-06-22 14:36:00+00:00,0.0
2019-06-22 16:48:00+00:00,0.0
2019-06-22 19:00:00+00:00,0.0
2019-06-22 21:12:00+00:00,0.0
2019-06-22 23:24:00+00:00,0.0
2019-06-23 01:36:00+00:00,0.0
2019-06-23 03:48:00+00:00,0.0
2019-06-23 06:00:00+00:00,0.0
2019-06-23 08:12:00+00:00,0.0
2019-06-23 10:24:00+00:00,0.0
2019-06-23 12:36:00+00:00,0.0
2019-06-23 14:48:00+00:00,0.0
2019-06-23 17:00:00+00:00,0.0
2019-06-23 19:12:00+00:00,0.0
2019-06-23 21:24:00+00:00,0.0
2019-06-23 23:36:00+00:00,0.0
2019-06-24 01:48:00+00:00,0.0
2019-06-24 04:00:00+00:00,0.0
2019-06-24 06:12:00+00:00,0.0
2019-06-24 08:24:00+00:00,0.0
2019-06-24 10:36:00+00:00,0.0
2019-06-24 12:48:00+00:00,0.0
2019-06-24 15:00:00+00:00,0.0
2019-06-24 17:12:00+00:00,0.0
2019-06-24 19:24:00+00:00,0.0
2019-06-24 21:36:00+00:00,0.0
2019-06-24 23:48:00+00:00,0.0
2019-06-25 02:00:00+00:00,0.0
2019-06-25 04:12:00+00:00,0.0
2019-06-25 06:24:00+00:00,0.0
2019-06-25 08:36:00+00:00,0.0
2019-06-25 10:48:00+00:00,0.0
2019-06-25 13:00:00+00:00,0.0
2019-06-25 15:12:00+00:00,0.0
2019-06-25 17:24:00+00:00,0.0
2019-06-25 19:36:00+00:00,0.0
2019-06-25 21:48:00+00:00,0.0
2019-06-26 00:00:00+00:00,0.0
2019-06-26 02:12:00+00:00,0.0
2019-06-26 04:24:00+00:00,0.0
2019-06-26 06:36:00+00:00,0.0
2019-06-26 08:48:00+00:00,0.0
2019-06-26 11:00:00+00:00,0.0
2019-06-26 13:12:00+00:00,0.0
2019-06-26 15:24:00+00:00,0.0
2019-06-26 17:36:00+00:00,0.0
2019-06-26 19:48:00+00:00,0.0
2019-06-26 22:00:00+00:00,0.0
2019-06-27 00:12:00+00:00,0.0
2019-06-27 02:24:00+00:00,0.0
2019-06-27 04:36:00+00:00,0.0
2019-06-27 06:48:00+00:00,0.0
2019-06-27 09:00:00+00:00,0.0
2019-06-27 11:12:00+00:00,0.0
2019-06-27 13:24:00+00:00,0.0
2019-06-27 15:36:00+00:00,0.0
2019-06-27 17:48:00+00:00,0.0
2019-06-27 20:00:00+00:00,0.0
2019-06-27 22:12:00+00:00,0.0
2019-06-28 00:24:00+00:00,0.0
2019-06-28 02:36:00+00:00,0.0
2019-06-28 04:48:00+00:00,0.0
2019-06-28 07:00:00+00:00,0.0
2019-06-28 09:12:00+00:00,0.0
2019-06-28 11:24:00+00:00,0.0
2019-06-28 13:36:00+00:00,0.0
2019-06-28 15:48:00+00:00,0.0
2019-06-28 18:00:00+00:00,0.0
2019-06-28 20:12:00+00:00,0.0
2019-06-28 22:24:00+00:00,0.0
2019-06-29 00:36:00+00:00,0.0
2019-06-29 02:48:00+00:00,0.0
2019-06-29 05:00:00+00:00,0.0
2019-06-29 07:12:00+00:00,0.0
2019-06-29 09:24:00+00:00,0.0
2019-06-29 11:36:00+00:00,0.0
2019-06-29 13:48:00+00:00,0.0
2019-06-29 16:00:00+00:00,0.0
2019-06-29 18:12:00+00:00,0.0
2019-06-29 20:24:00+00:00,0.0
2019-06-29 22:36:00+00:00,0.0
2019-06-30 00:48:00+00:00,0.0
2019-06-30 03:00:00+00:00,0.0
2019-06-30 05:12:00+00:00,0.0
2019-06-30 07:24:00+00:00,0.0
2019-06-30 09:36:00+00:00,0.0
2019-06-30 11:48:00+00:00,0.0
2019-06-30 14:00:00+00:00,0.0
2019-06-30 16:12:00+00:00,0.0
2019-06-30 18:24:00+00:00,0.0
2019-06-30 20:36:00+00:00,0.0
2019-06-30 22:48:00+00:00,0.0
2019-07-01 01:00:00+00:00,0.0
2019-07-01 03:12:00+00:00,0.0
2019-07-01 05:24:00+00:00,0.0
2019-07-01 07:36:00+00:00,0.0
2019-07-01 09:48:00+00:00,0.0
2019-07-01 12:00:00+00:00,0.0
2019-07-01 14:12:00+00:00,0.0
2019-07-01 16:24:00+00:00,0.0
2019-07-01 18:36:00+00:00,0.0
2019-07-01 20:48:00+00:00,0.0
2019-07-01 23:00:00+00:00,0.0
2019-07-02 01:12:00+00:00,0.0
2019-07-02 03:24:00+00:00,0.0
2019-07-02 05:36:00+00:00,0.0
2019-07-02 07:48:00+00:00,0.0
2019-07-02 10:00:00+00:00,0.0
2019-07-02 12:12:00+00:00,0.0
2019-07-02 14:24:00+00:00,0.0
2019-07-02 16:36:00+00:00,0.0
2019-07-02 18:48:00+00:00,0.0
2019-07-02 21:00:00+00:00,0.0
2019-07-02 23:12:00+00:00,0.0
2019-07-03 01:24:00+00:00,0.0
2019-07-03 03:36:00+00:00,0.0
2019-07-03 05:48:00+00:00,0.0
2019-07-03 08:00:00+00:00,0.0
2019-07-03 10:12:00+00:00,0.0
2019-07-03 12:24:00+00:00,0.0
2019-07-03 14:36:00+00:00,0.0
2019-07-03 16:48:00+00:00,0.0
2019-07-03 19:00:00+00:00,0.0
2019-07-03 21:12:00+00:00,0.0
2019-07-03 23:24:00+00:00,0.0
2019-07-04 01:36:00+00:00,0.0
2019-07-04 03:48:00+00:00,0.0
2019-07-04 06:00:00+00:00,0.0
2019-07-04 08:12:00+00:00,0.0
2019-07-04 10:24:00+00:00,0.0
2019-07-04 12:36:00+00:00,0.0
2019-07-04 14:48:00+00:00,0.0
2019-07-04 17:00:00+00:00,0.0
2019-07-04 19:12:00+00:00,0.0
2019-07-04 21:24:00+00:00,0.0
2019-07-04 23:36:00+00:00,0.0
2019-07-05 01:48:00+00:00,0.0
2019-07-05 04:00:00+00:00,0.0
2019-07-05 06:12:00+00:00,0.0
2019-07-05 08:24:00+00:00,0.0
2019-07-05 10:36:00+00:00,0.0
2019-07-05 12:48:00+00:00,0.0
2019-07-05 15:00:00+00:00,0.0
2019-07-05 17:12:00+00:00,0.0
2019-07-05 19:24:00+00:00,0.0
2019-07-05 21:36:00+00:00,0.0
2019-07-05 23:48:00+00:00,0.0
2019-07-06 02:00:00+00:00,0.0
2019-07-06 04:12:00+00:00,0.0
2019-07-06 06:24:00+00:00,0.0
2019-07-06 08:36:00+00:00,0.0
2019-07-06 10:48:00+00:00,0.0
2019-07-06 13:00:00+00:00,0.0
2019-07-06 15:12:00+00:00,0.0
2019-07-06 17:24:00+00:00,0.0
2019-07-06 19:36:00+00:00,0.0
2019-07-06 21:48:00+00:00,0.0
2019-07-07 00:00:00+00:00,0.0
2019-07-07 02:12:00+00:00,0.0
2019-07-07 04:24:00+00:00,0.0
2019-07-07 06:36:00+00:00,0.0
2019-07-07 08:48:00+00:00,0.0
2019-07-07 11:00:00+00:00,0.0
2019-07-07 13:12:00+00:00,0.0
2019-07-07 15:24:00+00:00,0.0
2019-07-07 17:36:00+00:00,0.0
2019-07-07 19:48:00+00:00,0.0
2019-07-07 22:00:00+00:00,0.0
2019-07-08 00:12:00+00:00,0.0
2019-07-08 02:24:00+00:00,0.0
2019-07-08 04:36:00+00:00,0.0
2019-07-08 06:48:00+00:00,0.0
2019-07-08 09:00:00+00:00,0.0
2019-07-08 11:12:00+00:00,0.0
2019-07-08 13:24:00+00:00,0.0
2019-07-08 15:36:00+00:00,0.0
2019-07-08 17:48:00+00:00,0.0
2019-07-08 20:00:00+00:00,0.0
2019-07-08 22:12:00+00:00,0.0
2019-07-09 00:24:00+00:00,0.0
2019-07-09 02:36:00+00:00,0.0
2019-07-09 04:48:00+00:00,0.0
2019-07-09 07:00:00+00:00,0.0
2019-07-09 09:12:00+00:00,0.0
2019-07-09 11:24:00+00:00,0.0
2019-07-09 13:36:00+00:00,0.0
2019-07-09 15:48:00+00:00,0.0
2019-07-09 18:00:00+00:00,0.0
2019-07-09 20:12:00+00:00,0.0
2019-07-09 22:24:00+00:00,0.0
2019-07-10 00:36:00+00:00,0.0
2019-07-10 02:48:00+00:00,0.0
2019-07-10 05:00:00+00:00,0.0
2019-07-10 07:12:00+00:00,0.0
2019-07-10 09:24:00+00:00,0.0
2019-07-10 11:36:00+00:00,0.0
2019-07-10 13:48:00+00:00,0.0
2019-07-10 16:00:00+00:00,0.0
2019-07-10 18:12:00+00:00,0.0
2019-07-10 20:24:00+00:00,0.0
2019-07-10 22:36:00+00:00,0.0
2019-07-11 00:48:00+00:00,0.0
2019-07-11 03:00:00+00:00,0.0
2019-07-11 05:12:00+00:00,0.0
2019-07-11 07:24:00+00:00,0.0
2019-07-11 09:36:00+00:00,0.0
2019-07-11 11:48:00+00:00,0.0
2019-07-11 14:00:00+00:00,0.0
2019-07-11 16:12:00+00:00,0.0
2019-07-11 18:24:00+00:00,0.0
2019-07-11 20:36:00+00:00,0.0
2019-07-11 22:48:00+00:00,0.0
2019-07-12 01:00:00+00:00,0.0
2019-07-12 03:12:00+00:00,0.0
2019-07-12 05:24:00+00:00,0.0
2019-07-12 07:36:00+00:00,0.0
2019-07-12 09:48:00+00:00,0.0
2019-07-12 12:00:00+00:00,0.0
2019-07-12 14:12:00+00:00,0.0
2019-07-12 16:24:00+00:00,0.0
2019-07-12 18:36:00+00:00,0.0
2019-07-12 20:48:00+00:00,0.0
2019-07-12 23:00:00+00:00,0.0
2019-07-13 01:12:00+00:00,0.0
2019-07-13 03:24:00+00:00,0.0
2019-07-13 05:36:00+00:00,0.0
2019-07-13 07:48:00+00:00,0.0
2019-07-13 10:00:00+00:00,0.0
2019-07-13 12:12:00+00:00,0.0
2019-07-13 14:24:00+00:00,0.0
2019-07-13 16:36:00+00:00,0.0
2019-07-13 18:48:00+00:00,0.0
2019-07-13 21:00:00+00:00,0.0
2019-07-13 23:12:00+00:00,0.0
2019-07-14 01:24:00+00:00,0.0
2019-07-14 03:36:00+00:00,0.0
2019-07-14 05:48:00+00:00,0.0
2019-07-14 08:00:00+00:00,0.0
2019-07-14 10:12:00+00:00,0.0
2019-07-14 12:24:00+00:00,0.0
2019-07-14 14:36:00+00:00,0.0
2019-07-14 16:48:00+00:00,0.0
2019-07-14 19:00:00+00:00,0.0
2019-07-14 21:12:00+00:00,0.0
2019-07-14 23:24:00+00:00,0.0
2019-07-15 01:36:00+00:00,0.0
2019-07-15 03:48:00+00:00,0.0
2019-07-15 06:00:00+00:00,0.0
2019-07-15 08:12:00+00:00,0.0
2019-07-15 10:24:00+00:00,0.0
2019-07-15 12:36:00+00:00,0.0
2019-07-15 14:48:00+00:00,0.0
2019-07-15 17:00:00+00:00,0.0
2019-07-15 19:12:00+00:00,0.0
2019-07-15 21:24:00+00:00,0.0
2019-07-15 23:36:00+00:00,0.0
2019-07-16 01:48:00+00:00,0.0
2019-07-16 04:00:00+00:00,0.0
2019-07-16 06:12:00+00:00,0.0
2019-07-16 08:24:00+00:00,0.0
2019-07-16 10:36:00+00:00,0.0
2019-07-16 12:48:00+00:00,0.0
2019-07-16 15:00:00+00:00,0.0
2019-07-16 17:12:00+00:00,0.0
2019-07-16 19:24:00+00:00,0.0
2019-07-16 21:36:00+00:00,0.0
2019-07-16 23:48:00+00:00,0.0
2019-07-17 02:00:00+00:00,0.0
2019-07-17 04:12:00+00:00,0.0
2019-07-17 06:24:00+00:00,0.0
2019-07-17 08:36:00+00:00,0.0
2019-07-17 10:48:00+00:00,0.0
2019-07-17 13:00:00+00:00,0.0
2019-07-17 15:12:00+00:00,0.0
2019-07-17 17:24:00+00:00,0.0
2019-07-17 19:36:00+00:00,0.0
2019-07-17 21:48:00+00:00,0.0
2019-07-18 00:00:00+00:00,0.0
2019-07-18 02:12:00+00:00,0.0
2019-07-18 04:24:00+00:00,0.0
2019-07-18 06:36:00+00:00,0.0
2019-07-18 08:48:00+00:00,0.0
2019-07-18 11:00:00+00:00,0.0
2019-07-18 13:12:00+00:00,0.0
2019-07-18 15:24:00+00:00,0.0
2019-07-18 17:36:00+00:00,0.0
2019-07-18 19:48:00+00:00,0.0
2019-07-18 22:00:00+00:00,0.0
2019-07-19 00:12:00+00:00,0.0
2019-07-19 02:24:00+00:00,0.0
2019-07-19 04:36:00+00:00,0.0
2019-07-19 06:48:00+00:00,0.0
2019-07-19 09:00:00+00:00,0.0
2019-07-19 11:12:00+00:00,0.0
2019-07-19 13:24:00+00:00,0.0
2019-07-19 15:36:00+00:00,0.0
2019-07-19 17:48:00+00:00,0.0
2019-07-19 20:00:00+00:00,0.0
2019-07-19 22:12:00+00:00,0.0
2019-07-20 00:24:00+00:00,0.0
2019-07-20 02:36:00+00:00,0.0
2019-07-20 04:48:00+00:00,0.0
2019-07-20 07:00:00+00:00,0.0
2019-07-20 09:12:00+00:00,0.0
2019-07-20 11:24:00+00:00,0.0
2019-07-20 13:36:00+00:00,0.0
2019-07-20 15:48:00+00:00,0.0
2019-07-20 18:00:00+00:00,0.0
2019-07-20 20:12:00+00:00,0.0
2019-07-20 22:24:00+00:00,0.0
2019-07-21 00:36:00+00:00,0.0
2019-07-21 02:48:00+00:00,0.0
2019-07-21 05:00:00+00:00,0.0
2019-07-21 07:12:00+00:00,0.0
2019-07-21 09:24:00+00:00,0.0
2019-07-21 11:36:00+00:00,0.0
2019-07-21 13:48:00+00:00,0.0
2019-07-21 16:00:00+00:00,0.0
2019-07-21 18:12:00+00:00,0.0
2019-07-21 20:24:00+00:00,0.0
2019-07-21 22:36:00+00:00,0.0
2019-07-22 00:48:00+00:00,0.0
2019-07-22 03:00:00+00:00,0.0
2019-07-22 05:12:00+00:00,0.0
2019-07-22 07:24:00+00:00,0.0
2019-07-22 09:36:00+00:00,0.0
2019-07-22 11:48:00+00:00,0.0
2019-07-22 14:00:00+00:00,0.0
2019-07-22 16:12:00+00:00,0.0
2019-07-22 18:24:00+00:00,0.0
2019-07-22 20:36:00+00:00,0.0
2019-07-22 22:48:00+00:00,0.0
2019-07-23 01:00:00+00:00,0.0
2019-07-23 03:12:00+00:00,0.0
2019-07-23 05:24:00+00:00,0.0
2019-07-23 07:36:00+00:00,0.0
2019-07-23 09:48:00+00:00,0.0
2019-07-23 12:00:00+00:00,0.0
2019-07-23 14:12:00+00:00,0.0
2019-07-23 16:24:00+00:00,0.0
2019-07-23 18:36:00+00:00,0.0
2019-07-23 20:48:00+00:00,0.0
2019-07-23 23:00:00+00:00,0.0
2019-07-24 01:12:00+00:00,0.0
2019-07-24 03:24:00+00:00,0.0
2019-07-24 05:36:00+00:00,0.0
2019-07-24 07:48:00+00:00,0.0
2019-07-24 10:00:00+00:00,0.0
2019-07-24 12:12:00+00:00,0.0
2019-07-24 14:24:00+00:00,0.0
2019-07-24 16:36:00+00:00,0.0
2019-07-24 18:48:00+00:00,0.0
2019-07-24 21:00:00+00:00,0.0
2019-07-24 23:12:00+00:00,0.0
2019-07-25 01:24:00+00:00,0.0
2019-07-25 03:36:00+00:00,0.0
2019-07-25 05:48:00+00:00,0.0
2019-07-25 08:00:00+00:00,0.0
2019-07-25 10:12:00+00:00,0.0
2019-07-25 12:24:00+00:00,0.0
2019-07-25 14:36:00+00:00,0.0
2019-07-25 16:48:00+00:00,0.0
2019-07-25 19:00:00+00:00,0.0
2019-07-25 21:12:00+00:00,0.0
2019-07-25 23:24:00+00:00,0.0
2019-07-26 01:36:00+00:00,0.0
2019-07-26 03:48:00+00:00,0.0
2019-07-26 06:00:00+00:00,0.0
2019-07-26 08:12:00+00:00,0.0
2019-07-26 10:24:00+00:00,0.0
2019-07-26 12:36:00+00:00,0.0
2019-07-26 14:48:00+00:00,0.0
2019-07-26 17:00:00+00:00,0.0
2019-07-26 19:12:00+00:00,0.0
2019-07-26 21:24:00+00:00,0.0
2019-07-26 23:36:00+00:00,0.0
2019-07-27 01:48:00+00:00,0.0
2019-07-27 04:00:00+00:00,0.0
2019-07-27 06:12:00+00:00,0.0
2019-07-27 08:24:00+00:00,0.0
2019-07-27 10:36:00+00:00,0.0
2019-07-27 12:48:00+00:00,0.0
2019-07-27 15:00:00+00:00,0.0
2019-07-27 17:12:00+00:00,0.0
2019-07-27 19:24:00+00:00,0.0
2019-07-27 21:36:00+00:00,0.0
2019-07-27 23:48:00+00:00,0.0
2019-07-28 02:00:00+00:00,0.0
2019-07-28 04:12:00+00:00,0.0
2019-07-28 06:24:00+00:00,0.0
2019-07-28 08:36:00+00:00,0.0
2019-07-28 10:48:00+00:00,0.0
2019-07-28 13:00:00+00:00,0.0
2019-07-28 15:12:00+00:00,0.0
2019-07-28 17:24:00+00:00,0.0
2019-07-28 19:36:00+00:00,0.0
2019-07-28 21:48:00+00:00,0.0
2019-07-29 00:00:00+00:00,0.0
2019-07-29 02:12:00+00:00,0.0
2019-07-29 04:24:00+00:00,0.0
2019-07-29 06:36:00+00:00,0.0
2019-07-29 08:48:00+00:00,0.0
2019-07-29 11:00:00+00:00,0.0
2019-07-29 13:12:00+00:00,0.0
2019-07-29 15:24:00+00:00,0.0
2019-07-29 17:36:00+00:00,0.0
2019-07-29 19:48:00+00:00,0.0
2019-07-29 22:00:00+00:00,0.0
2019-07-30 00:12:00+00:00,0.0
2019-07-30 02:24:00+00:00,0.0
2019-07-30 04:36:00+00:00,0.0
2019-07-30 06:48:00+00:00,0.0
2019-07-30 09:00:00+00:00,0.0
2019-07-30 11:12:00+00:00,0.0
2019-07-30 13:24:00+00:00,0.0
2019-07-30 15:36:00+00:00,0.0
2019-07-30 17:48:00+00:00,0.0
2019-07-30 20:00:00+00:00,0.0
2019-07-30 22:12:00+00:00,0.0
2019-07-31 00:24:00+00:00,0.0
2019-07-31 02:36:00+00:00,0.0
2019-07-31 04:48:00+00:00,0.0
2019-07-31 07:00:00+00:00,0.0
2019-07-31 09:12:00+00:00,0.0
2019-07-31 11:24:00+00:00,0.0
2019-07-31 13:36:00+00:00,0.0
2019-07-31 15:48:00+00:00,0.0
2019-07-31 18:00:00+00:00,0.0
2019-07-31 20:12:00+00:00,0.0
2019-07-31 22:24:00+00:00,0.0
2019-08-01 00:36:00+00:00,0.0
2019-08-01 02:48:00+00:00,0.0
2019-08-01 05:00:00+00:00,0.0
2019-08-01 07:12:00+00:00,0.0
2019-08-01 09:24:00+00:00,0.0
2019-08-01 11:36:00+00:00,0.0
2019-08-01 13:48:00+00:00,0.0
2019-08-01 16:00:00+00:00,0.0
2019-08-01 18:12:00+00:00,0.0
2019-08-01 20:24:00+00:00,0.0
2019-08-01 22:36:00+00:00,0.0
2019-08-02 00:48:00+00:00,0.0
2019-08-02 03:00:00+00:00,0.0
2019-08-02 05:12:00+00:00,0.0
2019-08-02 07:24:00+00:00,0.0
2019-08-02 09:36:00+00:00,0.0
2019-08-02 11:48:00+00:00,0.0
2019-08-02 14:00:00+00:00,0.0
2019-08-02 16:12:00+00:00,0.0
2019-08-02 18:24:00+00:00,0.0
2019-08-02 20:36:00+00:00,0.0
2019-08-02 22:48:00+00:00,0.0
2019-08-03 01:00:00+00:00,0.0
2019-08-03 03:12:00+00:00,0.0
2019-08-03 05:24:00+00:00,0.0
2019-08-03 07:36:00+00:00,0.0
2019-08-03 09:48:00+00:00,0.0
2019-08-03 12:00:00+00:00,0.0
2019-08-03 14:12:00+00:00,0.0
2019-08-03 16:24:00+00:00,0.0
2019-08-03 18:36:00+00:00,0.0
2019-08-03 20:48:00+00:00,0.0
2019-08-03 23:00:00+00:00,0.0
2019-08-04 01:12:00+00:00,0.0
2019-08-04 03:24:00+00:00,0.0
2019-08-04 05:36:00+00:00,0.0
2019-08-04 07:48:00+00:00,0.0
2019-08-04 10:00:00+00:00,0.0
2019-08-04 12:12:00+00:00,0.0
2019-08-04 14:24:00+00:00,0.0
2019-08-04 16:36:00+00:00,0.0
2019-08-04 18:48:00+00:00,0.0
2019-08-04 21:00:00+00:00,0.0
2019-08-04 23:12:00+00:00,0.0
2019-08-05 01:24:00+00:00,0.0
2019-08-05 03:36:00+00:00,0.0
2019-08-05 05:48:00+00:00,0.0
2019-08-05 08:00:00+00:00,0.0
2019-08-05 10:12:00+00:00,0.0
2019-08-05 12:24:00+00:00,0.0
2019-08-05 14:36:00+00:00,0.0
2019-08-05 16:48:00+00:00,0.0
2019-08-05 19:00:00+00:00,0.0
2019-08-05 21:12:00+00:00,0.0
2019-08-05 23:24:00+00:00,0.0
2019-08-06 01:36:00+00:00,0.0
2019-08-06 03:48:00+00:00,0.0
2019-08-06 06:00:00+00:00,0.0
2019-08-06 08:12:00+00:00,0.0
2019-08-06 10:24:00+00:00,0.0
2019-08-06 12:36:00+00:00,0.0
2019-08-06 14:48:00+00:00,0.0
2019-08-06 17:00:00+00:00,0.0
2019-08-06 19:12:00+00:00,0.0
2019-08-06 21:24:00+00:00,0.0
2019-08-06 23:36:00+00:00,0.0
2019-08-07 01:48:00+00:00,0.0
2019-08-07 04:00:00+00:00,0.0
2019-08-07 06:12:00+00:00,0.0
2019-08-07 08:24:00+00:00,0.0
2019-08-07 10:36:00+00:00,0.0
2019-08-07 12:48:00+00:00,0.0
2019-08-07 15:00:00+00:00,0.0
2019-08-07 17:12:00+00:00,0.0
2019-08-07 19:24:00+00:00,0.0
2019-08-07 21:36:00+00:00,0.0
2019-08-07 23:48:00+00:00,0.0
2019-08-08 02:00:00+00:00,0.0
2019-08-08 04:12:00+00:00,0.0
2019-08-08 06:24:00+00:00,0.0
2019-08-08 08:36:00+00:00,0.0
2019-08-08 10:48:00+00:00,0.0
2019-08-08 13:00:00+00:00,0.0
2019-08-08 15:12:00+00:00,0.0
2019-08-08 17:24:00+00:00,0.0
2019-08-08 19:36:00+00:00,0.0
2019-08-08 21:48:00+00:00,0.0
2019-08-09 00:00:00+00:00,0.0
2019-08-09 02:12:00+00:00,0.0
2019-08-09 04:24:00+00:00,0.0
2019-08-09 06:36:00+00:00,0.0
2019-08-09 08:48:00+00:00,0.0
2019-08-09 11:00:00+00:00,0.0
2019-08-09 13:12:00+00:00,0.0
2019-08-09 15:24:00+00:00,0.0
2019-08-09 17:36:00+00:00,0.0
2019-08-09 19:48:00+00:00,0.0
2019-08-09 22:00:00+00:00,0.0
2019-08-10 00:12:00+00:00,0.0
2019-08-10 02:24:00+00:00,0.0
2019-08-10 04:36:00+00:00,0.0
2019-08-10 06:48:00+00:00,0.0
2019-08-10 09:00:00+00:00,0.0
2019-08-10 11:12:00+00:00,0.0
2019-08-10 13:24:00+00:00,0.0
2019-08-10 15:36:00+00:00,0.0
2019-08-10 17:48:00+00:00,0.0
2019-08-10 20:00:00+00:00,0.0
2019-08-10 22:12:00+00:00,0.0
2019-08-11 00:24:00+00:00,0.0
2019-08-11 02:36:00+00:00,0.0
2019-08-11 04:48:00+00:00,0.0
2019-08-11 07:00:00+00:00,0.0
2019-08-11 09:12:00+00:00,0.0
2019-08-11 11:24:00+00:00,0.0
2019-08-11 13:36:00+00:00,0.0
2019-08-11 15:48:00+00:00,0.0
2019-08-11 18:00:00+00:00,0.0
2019-08-11 20:12:00+00:00,0.0
2019-08-11 22:24:00+00:00,0.0
2019-08-12 00:36:00+00:00,0.0
2019-08-12 02:48:00+00:00,0.0
2019-08-12 05:00:00+00:00,0.0
2019-08-12 07:12:00+00:00,0.0
2019-08-12 09:24:00+00:00,0.0
2019-08-12 11:36:00+00:00,0.0
2019-08-12 13:48:00+00:00,0.0
2019-08-12 16:00:00+00:00,0.0
2019-08-12 18:12:00+00:00,0.0
2019-08-12 20:24:00+00:00,0.0
2019-08-12 22:36:00+00:00,0.0
2019-08-13 00:48:00+00:00,0.0
2019-08-13 03:00:00+00:00,0.0
2019-08-13 05:12:00+00:00,0.0
2019-08-13 07:24:00+00:00,0.0
2019-08-13 09:36:00+00:00,0.0
2019-08-13 11:48:00+00:00,0.0
2019-08-13 14:00:00+00:00,0.0
2019-08-13 16:12:00+00:00,0.0
2019-08-13 18:24:00+00:00,0.0
2019-08-13 20:36:00+00:00,0.0
2019-08-13 22:48:00+00:00,0.0
2019-08-14 01:00:00+00:00,0.0
2019-08-14 03:12:00+00:00,0.0
2019-08-14 05:24:00+00:00,0.0
2019-08-14 07:36:00+00:00,0.0
2019-08-14 09:48:00+00:00,0.0
2019-08-14 12:00:00+00:00,0.0
2019-08-14 14:12:00+00:00,0.0
2019-08-14 16:24:00+00:00,0.0
2019-08-14 18:36:00+00:00,0.0
2019-08-14 20:48:00+00:00,0.0
2019-08-14 23:00:00+00:00,0.0
2019-08-15 01:12:00+00:00,0.0
2019-08-15 03:24:00+00:00,0.0
2019-08-15 05:36:00+00:00,0.0
2019-08-15 07:48:00+00:00,0.0
2019-08-15 10:00:00+00:00,0.0
2019-08-15 12:12:00+00:00,0.0
2019-08-15 14:24:00+00:00,0.0
2019-08-15 16:36:00+00:00,0.0
2019-08-15 18:48:00+00:00,0.0
2019-08-15 21:00:00+00:00,0.0
2019-08-15 23:12:00+00:00,0.0
2019-08-16 01:24:00+00:00,0.0
2019-08-16 03:36:00+00:00,0.0
2019-08-16 05:48:00+00:00,0.0
2019-08-16 08:00:00+00:00,0.0
2019-08-16 10:12:00+00:00,0.0
2019-08-16 12:24:00+00:00,0.0
2019-08-16 14:36:00+00:00,0.0
2019-08-16 16:48:00+00:00,0.0
2019-08-16 19:00:00+00:00,0.0
2019-08-16 21:12:00+00:00,0.0
2019-08-16 23:24:00+00:00,0.0
2019-08-17 01:36:00+00:00,0.0
2019-08-17 03:48:00+00:00,0.0
2019-08-17 06:00:00+00:00,0.0
2019-08-17 08:12:00+00:00,0.0
2019-08-17 10:24:00+00:00,0.0
2019-08-17 12:36:00+00:00,0.0
2019-08-17 14:48:00+00:00,0.0
2019-08-17 17:00:00+00:00,0.0
2019-08-17 19:12:00+00:00,0.0
2019-08-17 21:24:00+00:00,0.0
2019-08-17 23:36:00+00:00,0.0
2019-08-18 01:48:00+00:00,0.0
2019-08-18 04:00:00+00:00,0.0
2019-08-18 06:12:00+00:00,0.0
2019-08-18 08:24:00+00:00,0.0
2019-08-18 10:36:00+00:00,0.0
2019-08-18 12:48:00+00:00,0.0
2019-08-18 15:00:00+00:00,0.0
2019-08-18 17:12:00+00:00,0.0
2019-08-18 19:24:00+00:00,0.0
2019-08-18 21:36:00+00:00,0.0
2019-08-18 23:48:00+00:00,0.0
2019-08-19 02:00:00+00:00,0.0
2019-08-19 04:12:00+00:00,0.0
2019-08-19 06:24:00+00:00,0.0
2019-08-19 08:36:00+00:00,0.0
2019-08-19 10:48:00+00:00,0.0
2019-08-19 13:00:00+00:00,0.0
2019-08-19 15:12:00+00:00,0.0
2019-08-19 17:24:00+00:00,0.0
2019-08-19 19:36:00+00:00,0.0
2019-08-19 21:48:00+00:00,0.0
2019-08-20 00:00:00+00:00,0.0
2019-08-20 02:12:00+00:00,0.0
2019-08-20 04:24:00+00:00,0.0
2019-08-20 06:36:00+00:00,0.0
2019-08-20 08:48:00+00:00,0.0
2019-08-20 11:00:00+00:00,0.0
2019-08-20 13:12:00+00:00,0.0
2019-08-20 15:24:00+00:00,0.0
2019-08-20 17:36:00+00:00,0.0
2019-08-20 19:48:00+00:00,0.0
2019-08-20 22:00:00+00:00,0.0
2019-08-21 00:12:00+00:00,0.0
2019-08-21 02:24:00+00:00,0.0
2019-08-21 04:36:00+00:00,0.0
2019-08-21 06:48:00+00:00,0.0
2019-08-21 09:00:00+00:00,0.0
2019-08-21 11:12:00+00:00,0.0
2019-08-21 13:24:00+00:00,0.0
2019-08-21 15:36:00+00:00,0.0
2019-08-21 17:48:00+00:00,0.0
2019-08-21 20:00:00+00:00,0.0
2019-08-21 22:12:00+00:00,0.0
2019-08-22 00:24:00+00:00,0.0
2019-08-22 02:36:00+00:00,0.0
2019-08-22 04:48:00+00:00,0.0
2019-08-22 07:00:00+00:00,0.0
2019-08-22 09:12:00+00:00,0.0
2019-08-22 11:24:00+00:00,0.0
2019-08-22 13:36:00+00:00,0.0
2019-08-22 15:48:00+00:00,0.0
2019-08-22 18:00:00+00:00,0.0
2019-08-22 20:12:00+00:00,0.0
2019-08-22 22:24:00+00:00,0.0
2019-08-23 00:36:00+00:00,0.0
2019-08-23 02:48:00+00:00,0.0
2019-08-23 05:00:00+00:00,0.0
2019-08-23 07:12:00+00:00,0.0
2019-08-23 09:24:00+00:00,0.0
2019-08-23 11:36:00+00:00,0.0
2019-08-23 13:48:00+00:00,0.0
2019-08-23 16:00:00+00:00,0.0
2019-08-23 18:12:00+00:00,0.0
2019-08-23 20:24:00+00:00,0.0
2019-08-23 22:36:00+00:00,0.0
2019-08-24 00:48:00+00:00,0.0
2019-08-24 03:00:00+00:00,0.0
2019-08-24 05:12:00+00:00,0.0
2019-08-24 07:24:00+00:00,0.0
2019-08-24 09:36:00+00:00,0.0
2019-08-24 11:48:00+00:00,0.0
2019-08-24 14:00:00+00:00,0.0
2019-08-24 16:12:00+00:00,0.0
2019-08-24 18:24:00+00:00,0.0
2019-08-24 20:36:00+00:00,0.0
2019-08-24 22:48:00+00:00,0.0
2019-08-25 01:00:00+00:00,0.0
2019-08-25 03:12:00+00:00,0.0
2019-08-25 05:24:00+00:00,0.0
2019-08-25 07:36:00+00:00,0.0
2019-08-25 09:48:00+00:00,0.0
2019-08-25 12:00:00+00:00,0.0
2019-08-25 14:12:00+00:00,0.0
2019-08-25 16:24:00+00:00,0.0
2019-08-25 18:36:00+00:00,0.0
2019-08-25 20:48:00+00:00,0.0
2019-08-25 23:00:00+00:00,0.0
2019-08-26 01:12:00+00:00,0.0
2019-08-26 03:24:00+00:00,0.0
2019-08-26 05:36:00+00:00,0.0
2019-08-26 07:48:00+00:00,0.0
2019-08-26 10:00:00+00:00,0.0
2019-08-26 12:12:00+00:00,0.0
2019-08-26 14:24:00+00:00,0.0
2019-08-26 16:36:00+00:00,0.0
2019-08-26 18:48:00+00:00,0.0
2019-08-26 21:00:00+00:00,0.0
2019-08-26 23:12:00+00:00,0.0
2019-08-27 01:24:00+00:00,0.0
2019-08-27 03:36:00+00:00,0.0
2019-08-27 05:48:00+00:00,0.0
2019-08-27 08:00:00+00:00,0.0
2019-08-27 10:12:00+00:00,0.0
2019-08-27 12:24:00+00:00,0.0
2019-08-27 14:36:00+00:00,0.0
2019-08-27 16:48:00+00:00,0.0
2019-08-27 19:00:00+00:00,0.0
2019-08-27 21:12:00+00:00,0.0
2019-08-27 23:24:00+00:00,0.0
2019-08-28 01:36:00+00:00,0.0
2019-08-28 03:48:00+00:00,0.0
2019-08-28 06:00:00+00:00,0.0
2019-08-28 08:12:00+00:00,0.0
2019-08-28 10:24:00+00:00,0.0
2019-08-28 12:36:00+00:00,0.0
2019-08-28 14:48:00+00:00,0.0
2019-08-28 17:00:00+00:00,0.0
2019-08-28 19:12:00+00:00,0.0
2019-08-28 21:24:00+00:00,0.0
2019-08-28 23:36:00+00:00,0.0
2019-08-29 01:48:00+00:00,0.0
2019-08-29 04:00:00+00:00,0.0
2019-08-29 06:12:00+00:00,0.0
2019-08-29 08:24:00+00:00,0.0
2019-08-29 10:36:00+00:00,0.0
2019-08-29 12:48:00+00:00,0.0
2019-08-29 15:00:00+00:00,0.0
2019-08-29 17:12:00+00:00,0.0
2019-08-29 19:24:00+00:00,0.0
2019-08-29 21:36:00+00:00,0.0
2019-08-29 23:48:00+00:00,0.0
2019-08-30 02:00:00+00:00,0.0
2019-08-30 04:12:00+00:00,0.0
2019-08-30 06:24:00+00:00,0.0
2019-08-30 08:36:00+00:00,0.0
2019-08-30 10:48:00+00:00,0.0
2019-08-30 13:00:00+00:00,0.0
2019-08-30 15:12:00+00:00,0.0
2019-08-30 17:24:00+00:00,0.0
2019-08-30 19:36:00+00:00,0.0
2019-08-30 21:48:00+00:00,0.0
2019-08-31 00:00:00+00:00,0.0
2019-08-31 02:12:00+00:00,0.0
2019-08-31 04:24:00+00:00,0.0
2019-08-31 06:36:00+00:00,0.0
2019-08-31 08:48:00+00:00,0.0
2019-08-31 11:00:00+00:00,0.0
2019-08-31 13:12:00+00:00,0.0
2019-08-31 15:24:00+00:00,0.0
2019-08-31 17:36:00+00:00,0.0
2019-08-31 19:48:00+00:00,0.0
2019-08-31 22:00:00+00:00,0.0
2019-09-01 00:12:00+00:00,0.0
2019-09-01 02:24:00+00:00,0.0
2019-09-01 04:36:00+00:00,0.0
2019-09-01 06:48:00+00:00,0.0
2019-09-01 09:00:00+00:00,0.0
2019-09-01 11:12:00+00:00,0.0
2019-09-01 13:24:00+00:00,0.0
2019-09-01 15:36:00+00:00,0.0
2019-09-01 17:48:00+00:00,0.0
2019-09-01 20:00:00+00:00,0.0
2019-09-01 22:12:00+00:00,0.0
2019-09-02 00:24:00+00:00,0.0
2019-09-02 02:36:00+00:00,0.0
2019-09-02 04:48:00+00:00,0.0
2019-09-02 07:00:00+00:00,0.0
2019-09-02 09:12:00+00:00,0.0
2019-09-02 11:24:00+00:00,0.0
2019-09-02 13:36:00+00:00,0.0
2019-09-02 15:48:00+00:00,0.0
2019-09-02 18:00:00+00:00,0.0
2019-09-02 20:12:00+00:00,0.0
2019-09-02 22:24:00+00:00,0.0
2019-09-03 00:36:00+00:00,0.0
2019-09-03 02:48:00+00:00,0.0
2019-09-03 05:00:00+00:00,0.0
2019-09-03 07:12:00+00:00,0.0
2019-09-03 09:24:00+00:00,0.0
2019-09-03 11:36:00+00:00,0.0
2019-09-03 13:48:00+00:00,0.0
2019-09-03 16:00:00+00:00,0.0
2019-09-03 18:12:00+00:00,0.0
2019-09-03 20:24:00+00:00,0.0
2019-09-03 22:36:00+00:00,0.0
2019-09-04 00:48:00+00:00,0.0
2019-09-04 03:00:00+00:00,0.0
2019-09-04 05:12:00+00:00,0.0
2019-09-04 07:24:00+00:00,0.0
2019-09-04 09:36:00+00:00,0.0
2019-09-04 11:48:00+00:00,1.63
2019-09-04 14:00:00+00:00,0.0
2019-09-04 16:12:00+00:00,3.3611622
2019-09-04 18:24:00+00:00,3.4499998
2019-09-04 20:36:00+00:00,3.48
2019-09-04 22:48:00+00:00,3.49
2019-09-05 01:00:00+00:00,3.5
2019-09-05 03:12:00+00:00,3.51
2019-09-05 05:24:00+00:00,3.53
2019-09-05 07:36:00+00:00,3.5672052
2019-09-05 09:48:00+00:00,0.0
2019-09-05 12:00:00+00:00,0.0
2019-09-05 14:12:00+00:00,0.0
2019-09-05 16:24:00+00:00,0.0
2019-09-05 18:36:00+00:00,0.0
2019-09-05 20:48:00+00:00,0.0
2019-09-05 23:00:00+00:00,0.0
2019-09-06 01:12:00+00:00,0.0
2019-09-06 03:24:00+00:00,0.0
2019-09-06 05:36:00+00:00,0.0
2019-09-06 07:48:00+00:00,3.5799999
2019-09-06 10:00:00+00:00,3.5935013
2019-09-06 12:12:00+00:00,3.6099999
2019-09-06 14:24:00+00:00,3.6199999
2019-09-06 16:36:00+00:00,3.6299999
2019-09-06 18:48:00+00:00,3.6299999
2019-09-06 21:00:00+00:00,3.6399999
2019-09-06 23:12:00+00:00,3.6399999
2019-09-07 01:24:00+00:00,3.6499999
2019-09-07 03:36:00+00:00,3.6599998
2019-09-07 05:48:00+00:00,3.6599998
2019-09-07 08:00:00+00:00,3.6699998
2019-09-07 10:12:00+00:00,3.6799998
2019-09-07 12:24:00+00:00,3.6899998
2019-09-07 14:36:00+00:00,3.6999998
2019-09-07 16:48:00+00:00,3.7099998
2019-09-07 19:00:00+00:00,3.72
2019-09-07 21:12:00+00:00,3.73
2019-09-07 23:24:00+00:00,3.7416062
2019-09-08 01:36:00+00:00,3.76
2019-09-08 03:48:00+00:00,3.78
2019-09-08 06:00:00+00:00,3.8
2019-09-08 08:12:00+00:00,3.8299999
2019-09-08 10:24:00+00:00,3.8453121
2019-09-08 12:36:00+00:00,3.8599999
2019-09-08 14:48:00+00:00,3.8799999
2019-09-08 17:00:00+00:00,3.8999999
2019-09-08 19:12:00+00:00,3.9115283
2019-09-08 21:24:00+00:00,3.9299998
2019-09-08 23:36:00+00:00,3.9499998
2019-09-09 01:48:00+00:00,3.97
2019-09-09 04:00:00+00:00,3.99
2019-09-09 06:12:00+00:00,4.0099998
2019-09-09 08:24:00+00:00,4.0299997
2019-09-09 10:36:00+00:00,4.02
2019-09-09 12:48:00+00:00,3.9847908
2019-09-09 15:00:00+00:00,3.9499998
2019-09-09 17:12:00+00:00,3.9199998
2019-09-09 19:24:00+00:00,3.8899999
2019-09-09 21:36:00+00:00,3.8599999
2019-09-09 23:48:00+00:00,3.8310852
2019-09-10 02:00:00+00:00,3.8
2019-09-10 04:12:00+00:00,3.76
2019-09-10 06:24:00+00:00,3.73
2019-09-10 08:36:00+00:00,3.7099998
2019-09-10 10:48:00+00:00,3.6899998
2019-09-10 13:00:00+00:00,3.6799998
2019-09-10 15:12:00+00:00,3.6599998
2019-09-10 17:24:00+00:00,3.6499999
2019-09-10 19:36:00+00:00,3.6399999
2019-09-10 21:48:00+00:00,3.6299999
2019-09-11 00:00:00+00:00,3.6199999
2019-09-11 02:12:00+00:00,3.6099999
2019-09-11 04:24:00+00:00,3.5899999
2019-09-11 06:36:00+00:00,3.5799999
2019-09-11 08:48:00+00:00,3.5599999
2019-09-11 11:00:00+00:00,3.54
2019-09-11 13:12:00+00:00,3.5
2019-09-11 15:24:00+00:00,3.4887712
2019-09-11 17:36:00+00:00,3.54
2019-09-11 19:48:00+00:00,3.5812547
2019-09-11 22:00:00+00:00,3.6199999
2019-09-12 00:12:00+00:00,3.6299999
2019-09-12 02:24:00+00:00,3.6499999
2019-09-12 04:36:00+00:00,3.6599998
2019-09-12 06:48:00+00:00,3.6799998
2019-09-12 09:00:00+00:00,3.6999998
2019-09-12 11:12:00+00:00,3.72
2019-09-12 13:24:00+00:00,3.75
2019-09-12 15:36:00+00:00,3.79
2019-09-12 17:48:00+00:00,3.8486743
2019-09-12 20:00:00+00:00,3.8799999
2019-09-12 22:12:00+00:00,3.9211583
2019-09-13 00:24:00+00:00,3.97
2019-09-13 02:36:00+00:00,4.0099998
2019-09-13 04:48:00+00:00,4.0188651
2019-09-13 07:00:00+00:00,3.9513729
2019-09-13 09:12:00+00:00,3.8999999
2019-09-13 11:24:00+00:00,3.8488903
2019-09-13 13:36:00+00:00,3.7813971
2019-09-13 15:48:00+00:00,3.7251561
2019-09-13 18:00:00+00:00,3.6899998
2019-09-13 20:12:00+00:00,3.6599998
2019-09-13 22:24:00+00:00,3.6399999
2019-09-14 00:36:00+00:00,3.6199999
2019-09-14 02:48:00+00:00,3.5999999
2019-09-14 05:00:00+00:00,3.5699999
2019-09-14 07:12:00+00:00,3.53
2019-09-14 09:24:00+00:00,3.48
2019-09-14 11:36:00+00:00,3.5647717
2019-09-14 13:48:00+00:00,3.6299999
2019-09-14 16:00:00+00:00,3.6599998
2019-09-14 18:12:00+00:00,3.6947472
2019-09-14 20:24:00+00:00,3.75
2019-09-14 22:36:00+00:00,3.8484802
2019-09-15 00:48:00+00:00,3.9299998
2019-09-15 03:00:00+00:00,4.0209575
2019-09-15 05:12:00+00:00,3.9415431
2019-09-15 07:24:00+00:00,3.8399999
2019-09-15 09:36:00+00:00,3.72
2019-09-15 11:48:00+00:00,3.6615663
2019-09-15 14:00:00+00:00,3.6199999
2019-09-15 16:12:00+00:00,3.5790825
2019-09-15 18:24:00+00:00,3.4915926
2019-09-15 20:36:00+00:00,3.5546508
2019-09-15 22:48:00+00:00,3.6208932
2019-09-16 01:00:00+00:00,3.6499999
2019-09-16 03:12:00+00:00,0.0
2019-09-16 05:24:00+00:00,0.0
2019-09-16 07:36:00+00:00,0.0
2019-09-16 09:48:00+00:00,0.0
2019-09-16 12:00:00+00:00,0.0
2019-09-16 14:12:00+00:00,0.0
2019-09-16 16:24:00+00:00,0.0
2019-09-16 18:36:00+00:00,0.0
2019-09-16 20:48:00+00:00,0.0
2019-09-16 23:00:00+00:00,0.0
2019-09-17 01:12:00+00:00,0.0
2019-09-17 03:24:00+00:00,0.0
2019-09-17 05:36:00+00:00,0.0
2019-09-17 07:48:00+00:00,0.0
2019-09-17 10:00:00+00:00,0.0
2019-09-17 12:12:00+00:00,0.0
2019-09-17 14:24:00+00:00,0.0
2019-09-17 16:36:00+00:00,0.0
2019-09-17 18:48:00+00:00,0.0
2019-09-17 21:00:00+00:00,0.0
2019-09-17 23:12:00+00:00,0.0
2019-09-18 01:24:00+00:00,0.0
2019-09-18 03:36:00+00:00,0.0
2019-09-18 05:48:00+00:00,0.0
2019-09-18 08:00:00+00:00,0.0
2019-09-18 10:12:00+00:00,0.0
2019-09-18 12:24:00+00:00,0.0
2019-09-18 14:36:00+00:00,0.0
2019-09-18 16:48:00+00:00,0.0
2019-09-18 19:00:00+00:00,0.0
2019-09-18 21:12:00+00:00,0.0
2019-09-18 23:24:00+00:00,0.0
2019-09-19 01:36:00+00:00,0.0
2019-09-19 03:48:00+00:00,0.0
2019-09-19 06:00:00+00:00,0.0
2019-09-19 08:12:00+00:00,0.0
2019-09-19 10:24:00+00:00,0.0
2019-09-19 12:36:00+00:00,0.0
2019-09-19 14:48:00+00:00,0.0
2019-09-19 17:00:00+00:00,0.0
2019-09-19 19:12:00+00:00,0.0
2019-09-19 21:24:00+00:00,0.0
2019-09-19 23:36:00+00:00,0.0
2019-09-20 01:48:00+00:00,0.0
2019-09-20 04:00:00+00:00,0.0
2019-09-20 06:12:00+00:00,0.0
2019-09-20 08:24:00+00:00,0.0
2019-09-20 10:36:00+00:00,0.0
2019-09-20 12:48:00+00:00,0.0
2019-09-20 15:00:00+00:00,0.0
2019-09-20 17:12:00+00:00,0.0
2019-09-20 19:24:00+00:00,0.0
2019-09-20 21:36:00+00:00,0.0
2019-09-20 23:48:00+00:00,0.0
2019-09-21 02:00:00+00:00,0.0
2019-09-21 04:12:00+00:00,0.0
2019-09-21 06:24:00+00:00,0.0
2019-09-21 08:36:00+00:00,0.0
2019-09-21 10:48:00+00:00,0.0
2019-09-21 13:00:00+00:00,0.0
2019-09-21 15:12:00+00:00,0.0
2019-09-21 17:24:00+00:00,0.0
2019-09-21 19:36:00+00:00,0.0
2019-09-21 21:48:00+00:00,0.0
2019-09-22 00:00:00+00:00,0.0
2019-09-22 02:12:00+00:00,0.0
2019-09-22 04:24:00+00:00,0.0
2019-09-22 06:36:00+00:00,0.0
2019-09-22 08:48:00+00:00,0.0
2019-09-22 11:00:00+00:00,0.0
2019-09-22 13:12:00+00:00,0.0
2019-09-22 15:24:00+00:00,0.0
2019-09-22 17:36:00+00:00,0.0
2019-09-22 19:48:00+00:00,0.0
2019-09-22 22:00:00+00:00,0.0
2019-09-23 00:12:00+00:00,0.0
2019-09-23 02:24:00+00:00,0.0
2019-09-23 04:36:00+00:00,0.0
2019-09-23 06:48:00+00:00,0.0
2019-09-23 09:00:00+00:00,0.0
2019-09-23 11:12:00+00:00,0.0
2019-09-23 13:24:00+00:00,0.0
2019-09-23 15:36:00+00:00,0.0
2019-09-23 17:48:00+00:00,0.0
2019-09-23 20:00:00+00:00,0.0
2019-09-23 22:12:00+00:00,0.0
2019-09-24 00:24:00+00:00,0.0
2019-09-24 02:36:00+00:00,0.0
2019-09-24 04:48:00+00:00,0.0
2019-09-24 07:00:00+00:00,0.0
2019-09-24 09:12:00+00:00,0.0
2019-09-24 11:24:00+00:00,0.0
2019-09-24 13:36:00+00:00,0.0
2019-09-24 15:48:00+00:00,0.0
2019-09-24 18:00:00+00:00,0.0
2019-09-24 20:12:00+00:00,0.0
2019-09-24 22:24:00+00:00,0.0
2019-09-25 00:36:00+00:00,0.0
2019-09-25 02:48:00+00:00,0.0
2019-09-25 05:00:00+00:00,0.0
2019-09-25 07:12:00+00:00,0.0
2019-09-25 09:24:00+00:00,0.0
2019-09-25 11:36:00+00:00,0.0
2019-09-25 13:48:00+00:00,0.0
2019-09-25 16:00:00+00:00,0.0
2019-09-25 18:12:00+00:00,0.0
2019-09-25 20:24:00+00:00,0.0
2019-09-25 22:36:00+00:00,0.0
2019-09-26 00:48:00+00:00,0.0
2019-09-26 03:00:00+00:00,0.0
2019-09-26 05:12:00+00:00,0.0
2019-09-26 07:24:00+00:00,0.0
2019-09-26 09:36:00+00:00,0.0
2019-09-26 11:48:00+00:00,0.0
2019-09-26 14:00:00+00:00,3.6399999
2019-09-26 16:12:00+00:00,3.6799998
2019-09-26 18:24:00+00:00,3.73
2019-09-26 20:36:00+00:00,3.8099999
2019-09-26 22:48:00+00:00,3.9024293
2019-09-27 01:00:00+00:00,3.9800789
2019-09-27 03:12:00+00:00,3.8699999
2019-09-27 05:24:00+00:00,3.7476032
2019-09-27 07:36:00+00:00,3.6799998
2019-09-27 09:48:00+00:00,3.6299999
2019-09-27 12:00:00+00:00,3.5899999
2019-09-27 14:12:00+00:00,3.5201268
2019-09-27 16:24:00+00:00,3.6499999
2019-09-27 18:36:00+00:00,3.7323573
2019-09-27 20:48:00+00:00,3.8998489
2019-09-27 23:00:00+00:00,3.8739088
2019-09-28 01:12:00+00:00,3.6776683
2019-09-28 03:24:00+00:00,3.5901752
2019-09-28 05:36:00+00:00,3.6299999
2019-09-28 07:48:00+00:00,3.7623086
2019-09-28 10:00:00+00:00,3.930398
2019-09-28 12:12:00+00:00,3.6539571
2019-09-28 14:24:00+00:00,3.5568538
2019-09-28 16:36:00+00:00,3.7597761
2019-09-28 18:48:00+00:00,3.8499999
2019-09-28 21:00:00+00:00,3.8399999
2019-09-28 23:12:00+00:00,3.780741
2019-09-29 01:24:00+00:00,3.538017
2019-09-29 03:36:00+00:00,3.6899998
2019-09-29 05:48:00+00:00,3.6799998
2019-09-29 08:00:00+00:00,3.6859705
2019-09-29 10:12:00+00:00,3.6799998
2019-09-29 12:24:00+00:00,3.6894093
2019-09-29 14:36:00+00:00,3.6721609
2019-09-29 16:48:00+00:00,3.6599998
2019-09-29 19:00:00+00:00,3.6499999
2019-09-29 21:12:00+00:00,3.76
2019-09-29 23:24:00+00:00,3.75
2019-09-30 01:36:00+00:00,3.74
2019-09-30 03:48:00+00:00,3.74
2019-09-30 06:00:00+00:00,3.73
2019-09-30 08:12:00+00:00,3.75
2019-09-30 10:24:00+00:00,3.7534931
2019-09-30 12:36:00+00:00,3.7221162
2019-09-30 14:48:00+00:00,3.7292171
2019-09-30 17:00:00+00:00,3.6941495
2019-09-30 19:12:00+00:00,3.6899998
2019-09-30 21:24:00+00:00,3.6799998
2019-09-30 23:36:00+00:00,3.6799998
2019-10-01 01:48:00+00:00,3.6799998
2019-10-01 04:00:00+00:00,3.6699998
2019-10-01 06:12:00+00:00,3.76
2019-10-01 08:24:00+00:00,3.76
2019-10-01 10:36:00+00:00,3.7704651
2019-10-01 12:48:00+00:00,0.0
2019-10-01 15:00:00+00:00,3.7642303
2019-10-01 17:12:00+00:00,3.73
2019-10-01 19:24:00+00:00,3.6804962
2019-10-01 21:36:00+00:00,3.7099998
2019-10-01 23:48:00+00:00,3.76
2019-10-02 02:00:00+00:00,3.8589566
2019-10-02 04:12:00+00:00,3.8799999
2019-10-02 06:24:00+00:00,3.7080698
2019-10-02 08:36:00+00:00,3.6899998
2019-10-02 10:48:00+00:00,3.6943035
2019-10-02 13:00:00+00:00,3.6899998
2019-10-02 15:12:00+00:00,3.6805694
2019-10-02 17:24:00+00:00,3.6599998
2019-10-02 19:36:00+00:00,4.0742579
2019-10-02 21:48:00+00:00,3.8723755
2019-10-03 00:00:00+00:00,3.5287049
2019-10-03 02:12:00+00:00,3.6899998
2019-10-03 04:24:00+00:00,3.6799998
2019-10-03 06:36:00+00:00,3.6799998
2019-10-03 08:48:00+00:00,3.7099998
2019-10-03 11:00:00+00:00,3.7106428
2019-10-03 13:12:00+00:00,3.6999998
2019-10-03 15:24:00+00:00,3.6781585
2019-10-03 17:36:00+00:00,3.6499999
2019-10-03 19:48:00+00:00,3.6499999
2019-10-03 22:00:00+00:00,3.6499999
2019-10-04 00:12:00+00:00,3.6399999
2019-10-04 02:24:00+00:00,3.6399999
2019-10-04 04:36:00+00:00,3.6399999
2019-10-04 06:48:00+00:00,3.6399999
2019-10-04 09:00:00+00:00,3.6455255
2019-10-04 11:12:00+00:00,3.6352925
2019-10-04 13:24:00+00:00,3.6499999
2019-10-04 15:36:00+00:00,3.9565065
2019-10-04 17:48:00+00:00,4.02
2019-10-04 20:00:00+00:00,3.6722889
2019-10-04 22:12:00+00:00,3.52
2019-10-05 00:24:00+00:00,3.6617181
2019-10-05 02:36:00+00:00,3.6799998
2019-10-05 04:48:00+00:00,3.6799998
2019-10-05 07:00:00+00:00,3.6699998
2019-10-05 09:12:00+00:00,3.6699998
2019-10-05 11:24:00+00:00,3.6699998
2019-10-05 13:36:00+00:00,3.75
2019-10-05 15:48:00+00:00,3.8599999
2019-10-05 18:00:00+00:00,3.77
2019-10-05 20:12:00+00:00,3.768353
2019-10-05 22:24:00+00:00,3.7008612
2019-10-06 00:36:00+00:00,3.6499999
2019-10-06 02:48:00+00:00,3.6099999
2019-10-06 05:00:00+00:00,3.5599999
2019-10-06 07:12:00+00:00,3.52
2019-10-06 09:24:00+00:00,3.51
2019-10-06 11:36:00+00:00,3.5899999
2019-10-06 13:48:00+00:00,3.6399999
2019-10-06 16:00:00+00:00,3.6699998
2019-10-06 18:12:00+00:00,3.7099998
2019-10-06 20:24:00+00:00,3.78
2019-10-06 22:36:00+00:00,3.8799999
2019-10-07 00:48:00+00:00,3.9299998
2019-10-07 03:00:00+00:00,3.9299998
2019-10-07 05:12:00+00:00,3.9199998
2019-10-07 07:24:00+00:00,3.9099998
2019-10-07 09:36:00+00:00,3.9099998
2019-10-07 11:48:00+00:00,3.8999999
2019-10-07 14:00:00+00:00,3.8999999
2019-10-07 16:12:00+00:00,3.8899999
2019-10-07 18:24:00+00:00,3.8799999
2019-10-07 20:36:00+00:00,3.8799999
2019-10-07 22:48:00+00:00,3.8699999
2019-10-08 01:00:00+00:00,3.8699999
2019-10-08 03:12:00+00:00,3.8599999
2019-10-08 05:24:00+00:00,3.8599999
2019-10-08 07:36:00+00:00,3.8499999
2019-10-08 09:48:00+00:00,3.9510775
2019-10-08 12:00:00+00:00,3.98
2019-10-08 14:12:00+00:00,3.9385929
2019-10-08 16:24:00+00:00,3.7922049
2019-10-08 18:36:00+00:00,3.7099998
2019-10-08 20:48:00+00:00,3.6999998
2019-10-08 23:00:00+00:00,3.6999998
2019-10-09 01:12:00+00:00,3.6999998
2019-10-09 03:24:00+00:00,3.6899998
2019-10-09 05:36:00+00:00,3.6899998
2019-10-09 07:48:00+00:00,3.6899998
2019-10-09 10:00:00+00:00,3.6999998
2019-10-09 12:12:00+00:00,3.6999998
2019-10-09 14:24:00+00:00,3.6899998
2019-10-09 16:36:00+00:00,3.9986899
2019-10-09 18:48:00+00:00,3.99
2019-10-09 21:00:00+00:00,3.8999116
2019-10-09 23:12:00+00:00,3.751286
2019-10-10 01:24:00+00:00,3.6712232
2019-10-10 03:36:00+00:00,3.6199999
2019-10-10 05:48:00+00:00,3.6625168
2019-10-10 08:00:00+00:00,3.6899998
2019-10-10 10:12:00+00:00,3.7349539
2019-10-10 12:24:00+00:00,3.9399998
2019-10-10 14:36:00+00:00,3.9065957
2019-10-10 16:48:00+00:00,3.8799999
2019-10-10 19:00:00+00:00,3.8699999
2019-10-10 21:12:00+00:00,3.8599999
2019-10-10 23:24:00+00:00,3.8599999
2019-10-11 01:36:00+00:00,3.8499999
2019-10-11 03:48:00+00:00,3.8499999
2019-10-11 06:00:00+00:00,3.8399999
2019-10-11 08:12:00+00:00,3.8399999
2019-10-11 10:24:00+00:00,3.8399377
2019-10-11 12:36:00+00:00,3.8099999
2019-10-11 14:48:00+00:00,3.792958
2019-10-11 17:00:00+00:00,3.76
2019-10-11 19:12:00+00:00,3.75
2019-10-11 21:24:00+00:00,3.75
2019-10-11 23:36:00+00:00,3.74
2019-10-12 01:48:00+00:00,3.74
2019-10-12 04:00:00+00:00,3.73
2019-10-12 06:12:00+00:00,3.73
2019-10-12 08:24:00+00:00,3.75
2019-10-12 10:36:00+00:00,3.77
2019-10-12 12:48:00+00:00,3.7568095
2019-10-12 15:00:00+00:00,3.73
2019-10-12 17:12:00+00:00,3.9169195
2019-10-12 19:24:00+00:00,3.9099998
2019-10-12 21:36:00+00:00,3.9448109
2019-10-12 23:48:00+00:00,3.9768887
2019-10-13 02:00:00+00:00,4.0531282
2019-10-13 04:12:00+00:00,4.0499997
2019-10-13 06:24:00+00:00,3.6499999
2019-10-13 08:36:00+00:00,3.5261967
2019-10-13 10:48:00+00:00,3.73
2019-10-13 13:00:00+00:00,3.8868277
2019-10-13 15:12:00+00:00,3.98
2019-10-13 17:24:00+00:00,3.8199999
2019-10-13 19:36:00+00:00,3.8
2019-10-13 21:48:00+00:00,3.6999998
2019-10-14 00:00:00+00:00,3.6299999
2019-10-14 02:12:00+00:00,3.5532336
2019-10-14 04:24:00+00:00,3.5799999
2019-10-14 06:36:00+00:00,3.6060729
2019-10-14 08:48:00+00:00,3.6199999
2019-10-14 11:00:00+00:00,3.7229722
2019-10-14 13:12:00+00:00,3.9299998
2019-10-14 15:24:00+00:00,3.97
2019-10-14 17:36:00+00:00,3.8899999
2019-10-14 19:48:00+00:00,3.8799999
2019-10-14 22:00:00+00:00,3.7633264
2019-10-15 00:12:00+00:00,3.6870868
2019-10-15 02:24:00+00:00,3.6399999
2019-10-15 04:36:00+00:00,3.5933568
2019-10-15 06:48:00+00:00,3.5599999
2019-10-15 09:00:00+00:00,3.5599999
2019-10-15 11:12:00+00:00,3.6866062
2019-10-15 13:24:00+00:00,0.0
2019-10-15 15:36:00+00:00,3.8765891
2019-10-15 17:48:00+00:00,3.8499999
2019-10-15 20:00:00+00:00,3.8499999
2019-10-15 22:12:00+00:00,3.8399999
2019-10-16 00:24:00+00:00,3.8399999
2019-10-16 02:36:00+00:00,3.8299999
2019-10-16 04:48:00+00:00,3.8299999
2019-10-16 07:00:00+00:00,3.5
2019-10-16 09:12:00+00:00,3.6855135
2019-10-16 11:24:00+00:00,3.99
2019-10-16 13:36:00+00:00,3.9399998
2019-10-16 15:48:00+00:00,3.8727262
2019-10-16 18:00:00+00:00,3.8599999
2019-10-16 20:12:00+00:00,3.8499999
2019-10-16 22:24:00+00:00,3.8499999
2019-10-17 00:36:00+00:00,3.8399999
2019-10-17 02:48:00+00:00,3.8399999
2019-10-17 05:00:00+00:00,3.8299999
2019-10-17 07:12:00+00:00,3.5
2019-10-17 09:24:00+00:00,3.7363958
2019-10-17 11:36:00+00:00,3.99
2019-10-17 13:48:00+00:00,3.8999999
2019-10-17 16:00:00+00:00,3.9272964
2019-10-17 18:12:00+00:00,3.76
2019-10-17 20:24:00+00:00,3.6799998
2019-10-17 22:36:00+00:00,3.6399999
2019-10-18 00:48:00+00:00,3.5974252
2019-10-18 03:00:00+00:00,3.53
2019-10-18 05:12:00+00:00,3.52
2019-10-18 07:24:00+00:00,3.5176396
2019-10-18 09:36:00+00:00,3.9699481
2019-10-18 11:48:00+00:00,3.99
2019-10-18 14:00:00+00:00,3.9250164
2019-10-18 16:12:00+00:00,3.7899621
2019-10-18 18:24:00+00:00,3.6899998
2019-10-18 20:36:00+00:00,3.6899998
2019-10-18 22:48:00+00:00,3.6899998
2019-10-19 01:00:00+00:00,3.6899998
2019-10-19 03:12:00+00:00,3.6799998
2019-10-19 05:24:00+00:00,3.6799998
2019-10-19 07:36:00+00:00,3.7185559
2019-10-19 09:48:00+00:00,3.71697
2019-10-19 12:00:00+00:00,3.7299151
2019-10-19 14:12:00+00:00,3.6738493
2019-10-19 16:24:00+00:00,3.6285164
2019-10-19 18:36:00+00:00,3.5699999
2019-10-19 20:48:00+00:00,3.5699999
2019-10-19 23:00:00+00:00,3.5676413
2019-10-20 01:12:00+00:00,3.5599999
2019-10-20 03:24:00+00:00,3.5599999
2019-10-20 05:36:00+00:00,3.5599999
2019-10-20 07:48:00+00:00,3.5698209
2019-10-20 10:00:00+00:00,3.5821116
2019-10-20 12:12:00+00:00,3.575407
2019-10-20 14:24:00+00:00,3.6502128
2019-10-20 16:36:00+00:00,3.6799998
2019-10-20 18:48:00+00:00,3.6899998
2019-10-20 21:00:00+00:00,3.6602447
2019-10-20 23:12:00+00:00,3.6199999
2019-10-21 01:24:00+00:00,3.5677629
2019-10-21 03:36:00+00:00,3.52
2019-10-21 05:48:00+00:00,3.51
2019-10-21 08:00:00+00:00,3.51
2019-10-21 10:12:00+00:00,3.5678604
2019-10-21 12:24:00+00:00,3.7977996
2019-10-21 14:36:00+00:00,3.99
2019-10-21 16:48:00+00:00,3.9696343
2019-10-21 19:00:00+00:00,3.9599998
2019-10-21 21:12:00+00:00,3.8778608
2019-10-21 23:24:00+00:00,3.7503691
2019-10-22 01:36:00+00:00,3.6799998
2019-10-22 03:48:00+00:00,3.6378899
2019-10-22 06:00:00+00:00,3.6199999
2019-10-22 08:12:00+00:00,3.675832
2019-10-22 10:24:00+00:00,3.9020782
2019-10-22 12:36:00+00:00,3.9783652
2019-10-22 14:48:00+00:00,3.9399998
2019-10-22 17:00:00+00:00,3.8499999
2019-10-22 19:12:00+00:00,3.6942132
2019-10-22 21:24:00+00:00,3.5999999
2019-10-22 23:36:00+00:00,3.52
2019-10-23 01:48:00+00:00,3.51
2019-10-23 04:00:00+00:00,3.51
2019-10-23 06:12:00+00:00,3.51
2019-10-23 08:24:00+00:00,3.6257253
2019-10-23 10:36:00+00:00,3.6899998
2019-10-23 12:48:00+00:00,3.9905448
2019-10-23 15:00:00+00:00,3.8843095
2019-10-23 17:12:00+00:00,3.7080693
2019-10-23 19:24:00+00:00,3.6499999
2019-10-23 21:36:00+00:00,3.584336
2019-10-23 23:48:00+00:00,3.52
2019-10-24 02:00:00+00:00,3.51
2019-10-24 04:12:00+00:00,3.51
2019-10-24 06:24:00+00:00,3.5081275
2019-10-24 08:36:00+00:00,3.5
2019-10-24 10:48:00+00:00,3.5
2019-10-24 13:00:00+00:00,3.66184
2019-10-24 15:12:00+00:00,3.8899999
2019-10-24 17:24:00+00:00,3.8399999
2019-10-24 19:36:00+00:00,3.6699998
2019-10-24 21:48:00+00:00,3.5506978
2019-10-25 00:00:00+00:00,3.5599999
2019-10-25 02:12:00+00:00,3.5599999
2019-10-25 04:24:00+00:00,3.55
2019-10-25 06:36:00+00:00,3.55
2019-10-25 08:48:00+00:00,3.6135027
2019-10-25 11:00:00+00:00,3.7692413
2019-10-25 13:12:00+00:00,3.8899999
2019-10-25 15:24:00+00:00,3.8799999
2019-10-25 17:36:00+00:00,3.8699999
2019-10-25 19:48:00+00:00,3.8699999
2019-10-25 22:00:00+00:00,3.8599999
2019-10-26 00:12:00+00:00,3.8599999
2019-10-26 02:24:00+00:00,3.8499999
2019-10-26 04:36:00+00:00,3.8499999
2019-10-26 06:48:00+00:00,3.8399999
2019-10-26 09:00:00+00:00,3.8799999
2019-10-26 11:12:00+00:00,3.8883705
2019-10-26 13:24:00+00:00,3.8699999
2019-10-26 15:36:00+00:00,3.8653586
2019-10-26 17:48:00+00:00,3.8399999
2019-10-26 20:00:00+00:00,3.6909108
2019-10-26 22:12:00+00:00,3.6199999
2019-10-27 00:24:00+00:00,3.5599999
2019-10-27 02:36:00+00:00,3.5599999
2019-10-27 04:48:00+00:00,3.5599999
2019-10-27 07:00:00+00:00,3.6715367
2019-10-27 09:12:00+00:00,3.8999999
2019-10-27 11:24:00+00:00,3.8899999
2019-10-27 13:36:00+00:00,3.8899999
2019-10-27 15:48:00+00:00,3.8199999
2019-10-27 18:00:00+00:00,3.7347634
2019-10-27 20:12:00+00:00,3.6399999
2019-10-27 22:24:00+00:00,3.5710335
2019-10-28 00:36:00+00:00,3.5599999
2019-10-28 02:48:00+00:00,3.5599999
2019-10-28 05:00:00+00:00,3.5599999
2019-10-28 07:12:00+00:00,3.5599999
2019-10-28 09:24:00+00:00,3.55
2019-10-28 11:36:00+00:00,3.55
2019-10-28 13:48:00+00:00,3.55
2019-10-28 16:00:00+00:00,3.54
2019-10-28 18:12:00+00:00,3.54
2019-10-28 20:24:00+00:00,3.54
2019-10-28 22:36:00+00:00,3.53
2019-10-29 00:48:00+00:00,3.53
2019-10-29 03:00:00+00:00,3.52
2019-10-29 05:12:00+00:00,3.52
2019-10-29 07:24:00+00:00,3.6788127
2019-10-29 09:36:00+00:00,3.9099998
2019-10-29 11:48:00+00:00,3.9061205
2019-10-29 14:00:00+00:00,3.8999999
2019-10-29 16:12:00+00:00,3.8599999
2019-10-29 18:24:00+00:00,3.7487381
2019-10-29 20:36:00+00:00,3.6512482
2019-10-29 22:48:00+00:00,3.5899999
2019-10-30 01:00:00+00:00,3.52
2019-10-30 03:12:00+00:00,3.51
2019-10-30 05:24:00+00:00,3.51
2019-10-30 07:36:00+00:00,3.5
2019-10-30 09:48:00+00:00,3.6486921
2019-10-30 12:00:00+00:00,3.8947945
2019-10-30 14:12:00+00:00,3.8899999
2019-10-30 16:24:00+00:00,3.8699999
2019-10-30 18:36:00+00:00,3.74
2019-10-30 20:48:00+00:00,3.6599998
2019-10-30 23:00:00+00:00,3.6099999
2019-10-31 01:12:00+00:00,3.5599999
2019-10-31 03:24:00+00:00,3.5599999
2019-10-31 05:36:00+00:00,3.5599999
2019-10-31 07:48:00+00:00,3.5551608
2019-10-31 10:00:00+00:00,3.55
2019-10-31 12:12:00+00:00,3.55
2019-10-31 14:24:00+00:00,3.55
2019-10-31 16:36:00+00:00,3.54
2019-10-31 18:48:00+00:00,3.54
2019-10-31 21:00:00+00:00,3.54
2019-10-31 23:12:00+00:00,3.53
2019-11-01 01:24:00+00:00,3.53
2019-11-01 03:36:00+00:00,3.52
2019-11-01 05:48:00+00:00,3.52
2019-11-01 08:00:00+00:00,3.6684608
2019-11-01 10:12:00+00:00,3.8999999
2019-11-01 12:24:00+00:00,3.8999999
2019-11-01 14:36:00+00:00,3.871547
2019-11-01 16:48:00+00:00,4.0081549
2019-11-01 19:00:00+00:00,3.8790784
2019-11-01 21:12:00+00:00,3.7115774
2019-11-01 23:24:00+00:00,3.6299999
2019-11-02 01:36:00+00:00,3.5599999
2019-11-02 03:48:00+00:00,3.5599999
2019-11-02 06:00:00+00:00,3.5599999
2019-11-02 08:12:00+00:00,3.6108749
2019-11-02 10:24:00+00:00,4.02
2019-11-02 12:36:00+00:00,3.9299998
2019-11-02 14:48:00+00:00,3.8842249
2019-11-02 17:00:00+00:00,3.8516648
2019-11-02 19:12:00+00:00,3.8299999
2019-11-02 21:24:00+00:00,3.7991848
2019-11-02 23:36:00+00:00,3.75
2019-11-03 01:48:00+00:00,3.73
2019-11-03 04:00:00+00:00,3.7099998
2019-11-03 06:12:00+00:00,3.6899998
2019-11-03 08:24:00+00:00,3.6799998
2019-11-03 10:36:00+00:00,4.029284
2019-11-03 12:48:00+00:00,4.0099998
2019-11-03 15:00:00+00:00,4.0099998
2019-11-03 17:12:00+00:00,4.0
2019-11-03 19:24:00+00:00,3.99
2019-11-03 21:36:00+00:00,3.8810863
2019-11-03 23:48:00+00:00,3.6499999
2019-11-04 02:00:00+00:00,3.5318127
2019-11-04 04:12:00+00:00,3.51
2019-11-04 06:24:00+00:00,3.51
2019-11-04 08:36:00+00:00,3.5
2019-11-04 10:48:00+00:00,3.5737948
2019-11-04 13:00:00+00:00,3.7624891
2019-11-04 15:12:00+00:00,3.8799999
2019-11-04 17:24:00+00:00,3.73
2019-11-04 19:36:00+00:00,3.72
2019-11-04 21:48:00+00:00,3.72
2019-11-05 00:00:00+00:00,3.72
2019-11-05 02:12:00+00:00,3.7099998
2019-11-05 04:24:00+00:00,3.7099998
2019-11-05 06:36:00+00:00,3.7099998
2019-11-05 08:48:00+00:00,3.7099998
2019-11-05 11:00:00+00:00,3.7099998
2019-11-05 13:12:00+00:00,3.9935067
2019-11-05 15:24:00+00:00,3.9530089
2019-11-05 17:36:00+00:00,3.8899999
2019-11-05 19:48:00+00:00,3.8432596
2019-11-05 22:00:00+00:00,3.6370196
2019-11-06 00:12:00+00:00,3.51
2019-11-06 02:24:00+00:00,3.51
2019-11-06 04:36:00+00:00,3.51
2019-11-06 06:48:00+00:00,3.5
2019-11-06 09:00:00+00:00,3.5599999
2019-11-06 11:12:00+00:00,3.6729221
2019-11-06 13:24:00+00:00,3.6599998
2019-11-06 15:36:00+00:00,3.6132677
2019-11-06 17:48:00+00:00,3.5799999
2019-11-06 20:00:00+00:00,3.5799999
2019-11-06 22:12:00+00:00,3.5699999
2019-11-07 00:24:00+00:00,3.5699999
2019-11-07 02:36:00+00:00,3.5699999
2019-11-07 04:48:00+00:00,3.5699999
2019-11-07 07:00:00+00:00,3.5599999
2019-11-07 09:12:00+00:00,3.5599999
2019-11-07 11:24:00+00:00,3.5568776
2019-11-07 13:36:00+00:00,3.5484064
2019-11-07 15:48:00+00:00,3.52
2019-11-07 18:00:00+00:00,3.5
2019-11-07 20:12:00+00:00,3.5
2019-11-07 22:24:00+00:00,3.49
2019-11-08 00:36:00+00:00,3.49
2019-11-08 02:48:00+00:00,3.49
2019-11-08 05:00:00+00:00,3.48
2019-11-08 07:12:00+00:00,3.48
2019-11-08 09:24:00+00:00,3.6727145
2019-11-08 11:36:00+00:00,3.9499998
2019-11-08 13:48:00+00:00,3.9399998
2019-11-08 16:00:00+00:00,3.7646241
2019-11-08 18:12:00+00:00,3.7099998
2019-11-08 20:24:00+00:00,3.6535828
2019-11-08 22:36:00+00:00,3.6173401
2019-11-09 00:48:00+00:00,3.5599999
2019-11-09 03:00:00+00:00,3.5599999
2019-11-09 05:12:00+00:00,3.5599999
2019-11-09 07:24:00+00:00,3.6499999
2019-11-09 09:36:00+00:00,3.9099998
2019-11-09 11:48:00+00:00,3.9199998
2019-11-09 14:00:00+00:00,3.8799999
2019-11-09 16:12:00+00:00,3.74
2019-11-09 18:24:00+00:00,3.72
2019-11-09 20:36:00+00:00,3.6599998
2019-11-09 22:48:00+00:00,3.6199999
2019-11-10 01:00:00+00:00,3.5674534
2019-11-10 03:12:00+00:00,3.5599999
2019-11-10 05:24:00+00:00,3.5599999
2019-11-10 07:36:00+00:00,3.6625183
2019-11-10 09:48:00+00:00,3.9499998
2019-11-10 12:00:00+00:00,3.9599998
2019-11-10 14:12:00+00:00,3.9199998
2019-11-10 16:24:00+00:00,3.8399999
2019-11-10 18:36:00+00:00,3.8199999
2019-11-10 20:48:00+00:00,3.8099999
2019-11-10 23:00:00+00:00,3.8
2019-11-11 01:12:00+00:00,3.79
2019-11-11 03:24:00+00:00,3.78
2019-11-11 05:36:00+00:00,3.77
2019-11-11 07:48:00+00:00,3.7761526
2019-11-11 10:00:00+00:00,3.8399999
2019-11-11 12:12:00+00:00,3.8101122
2019-11-11 14:24:00+00:00,3.7698779
2019-11-11 16:36:00+00:00,3.74
2019-11-11 18:48:00+00:00,3.74
2019-11-11 21:00:00+00:00,3.73
2019-11-11 23:12:00+00:00,3.73
2019-11-12 01:24:00+00:00,3.73
2019-11-12 03:36:00+00:00,3.72
2019-11-12 05:48:00+00:00,3.72
2019-11-12 08:00:00+00:00,3.72
2019-11-12 10:12:00+00:00,3.7099998
2019-11-12 12:24:00+00:00,3.7099998
2019-11-12 14:36:00+00:00,3.6999998
2019-11-12 16:48:00+00:00,3.6999998
2019-11-12 19:00:00+00:00,3.6999998
2019-11-12 21:12:00+00:00,3.6899998
2019-11-12 23:24:00+00:00,3.6899998
2019-11-13 01:36:00+00:00,3.6899998
2019-11-13 03:48:00+00:00,3.6799998
2019-11-13 06:00:00+00:00,3.6799998
2019-11-13 08:12:00+00:00,3.6799998
2019-11-13 10:24:00+00:00,3.6799998
2019-11-13 12:36:00+00:00,3.6599998
2019-11-13 14:48:00+00:00,3.6499999
2019-11-13 17:00:00+00:00,3.6199999
2019-11-13 19:12:00+00:00,3.6199999
2019-11-13 21:24:00+00:00,3.6199999
2019-11-13 23:36:00+00:00,3.6199999
2019-11-14 01:48:00+00:00,3.6199999
2019-11-14 04:00:00+00:00,3.6099999
2019-11-14 06:12:00+00:00,3.6099999
2019-11-14 08:24:00+00:00,3.5804019
2019-11-14 10:36:00+00:00,3.6899998
2019-11-14 12:48:00+00:00,3.8141587
2019-11-14 15:00:00+00:00,3.9399998
2019-11-14 17:12:00+00:00,3.9299998
2019-11-14 19:24:00+00:00,3.8579502
2019-11-14 21:36:00+00:00,3.7304611
2019-11-14 23:48:00+00:00,3.6699998
2019-11-15 02:00:00+00:00,3.627979
2019-11-15 04:12:00+00:00,3.5799999
2019-11-15 06:24:00+00:00,3.5599999
2019-11-15 08:36:00+00:00,3.7339902
2019-11-15 10:48:00+00:00,3.8999999
2019-11-15 13:00:00+00:00,3.8942742
2019-11-15 15:12:00+00:00,3.8080399
2019-11-15 17:24:00+00:00,3.72
2019-11-15 19:36:00+00:00,3.6699998
2019-11-15 21:48:00+00:00,3.6280634
2019-11-16 00:00:00+00:00,3.5799999
2019-11-16 02:12:00+00:00,3.5599999
2019-11-16 04:24:00+00:00,3.5599999
2019-11-16 06:36:00+00:00,3.5599999
2019-11-16 08:48:00+00:00,3.7612829
2019-11-16 11:00:00+00:00,3.8999999
2019-11-16 13:12:00+00:00,3.8899999
2019-11-16 15:24:00+00:00,3.8043873
2019-11-16 17:36:00+00:00,3.72
2019-11-16 19:48:00+00:00,3.6606579
2019-11-16 22:00:00+00:00,3.6199999
2019-11-17 00:12:00+00:00,3.5699999
2019-11-17 02:24:00+00:00,3.5599999
2019-11-17 04:36:00+00:00,3.5599999
2019-11-17 06:48:00+00:00,3.5599999
2019-11-17 09:00:00+00:00,3.7985713
2019-11-17 11:12:00+00:00,3.8999999
2019-11-17 13:24:00+00:00,3.8099999
2019-11-17 15:36:00+00:00,3.74
2019-11-17 17:48:00+00:00,3.72
2019-11-17 20:00:00+00:00,3.6999998
2019-11-17 22:12:00+00:00,3.6599998
2019-11-18 00:24:00+00:00,3.6245329
2019-11-18 02:36:00+00:00,3.5882964
2019-11-18 04:48:00+00:00,3.54
2019-11-18 07:00:00+00:00,3.52
2019-11-18 09:12:00+00:00,3.5116782
2019-11-18 11:24:00+00:00,3.6299999
2019-11-18 13:36:00+00:00,3.745405
2019-11-18 15:48:00+00:00,3.9499998
2019-11-18 18:00:00+00:00,3.9399998
2019-11-18 20:12:00+00:00,3.9399998
2019-11-18 22:24:00+00:00,3.9299998
2019-11-19 00:36:00+00:00,3.9199998
2019-11-19 02:48:00+00:00,3.9199998
2019-11-19 05:00:00+00:00,3.9099998
2019-11-19 07:12:00+00:00,3.9099998
2019-11-19 09:24:00+00:00,3.9046788
2019-11-19 11:36:00+00:00,3.99
2019-11-19 13:48:00+00:00,3.98
2019-11-19 16:00:00+00:00,3.97
2019-11-19 18:12:00+00:00,3.97
2019-11-19 20:24:00+00:00,3.9599998
2019-11-19 22:36:00+00:00,3.9499998
2019-11-20 00:48:00+00:00,3.9499998
2019-11-20 03:00:00+00:00,3.9399998
2019-11-20 05:12:00+00:00,3.9399998
2019-11-20 07:24:00+00:00,3.9299998
2019-11-20 09:36:00+00:00,3.9568877
2019-11-20 11:48:00+00:00,3.99
2019-11-20 14:00:00+00:00,3.98
2019-11-20 16:12:00+00:00,3.97
2019-11-20 18:24:00+00:00,3.9599998
2019-11-20 20:36:00+00:00,3.9599998
2019-11-20 22:48:00+00:00,3.9499998
2019-11-21 01:00:00+00:00,3.9499998
2019-11-21 03:12:00+00:00,3.9399998
2019-11-21 05:24:00+00:00,3.9299998
2019-11-21 07:36:00+00:00,3.9299998
2019-11-21 09:48:00+00:00,3.9827042
2019-11-21 12:00:00+00:00,3.99
2019-11-21 14:12:00+00:00,3.9483559
2019-11-21 16:24:00+00:00,3.8983126
2019-11-21 18:36:00+00:00,3.8899999
2019-11-21 20:48:00+00:00,3.8392067
2019-11-21 23:00:00+00:00,3.7317169
2019-11-22 01:12:00+00:00,3.6799998
2019-11-22 03:24:00+00:00,3.6399999
2019-11-22 05:36:00+00:00,3.6099999
2019-11-22 07:48:00+00:00,3.5655067
2019-11-22 10:00:00+00:00,3.5599999
2019-11-22 12:12:00+00:00,3.9582224
2019-11-22 14:24:00+00:00,3.9499998
2019-11-22 16:36:00+00:00,3.9299998
2019-11-22 18:48:00+00:00,3.9299998
2019-11-22 21:00:00+00:00,3.8355634
2019-11-22 23:12:00+00:00,3.72
2019-11-23 01:24:00+00:00,3.6599998
2019-11-23 03:36:00+00:00,3.6199999
2019-11-23 05:48:00+00:00,3.5693386
2019-11-23 08:00:00+00:00,3.5599999
2019-11-23 10:12:00+00:00,3.7187915
2019-11-23 12:24:00+00:00,3.9499998
2019-11-23 14:36:00+00:00,3.9399998
2019-11-23 16:48:00+00:00,3.9299998
2019-11-23 19:00:00+00:00,3.9199998
2019-11-23 21:12:00+00:00,3.8299999
2019-11-23 23:24:00+00:00,3.7156515
2019-11-24 01:36:00+00:00,3.6594095
2019-11-24 03:48:00+00:00,3.6199999
2019-11-24 06:00:00+00:00,3.5599999
2019-11-24 08:12:00+00:00,3.5699999
2019-11-24 10:24:00+00:00,3.714175
2019-11-24 12:36:00+00:00,3.9642999
2019-11-24 14:48:00+00:00,3.9399998
2019-11-24 17:00:00+00:00,3.8999999
2019-11-24 19:12:00+00:00,3.8899999
2019-11-24 21:24:00+00:00,3.7894819
2019-11-24 23:36:00+00:00,3.6919897
2019-11-25 01:48:00+00:00,3.6457479
2019-11-25 04:00:00+00:00,3.5999999
2019-11-25 06:12:00+00:00,3.5599999
2019-11-25 08:24:00+00:00,3.5699999
2019-11-25 10:36:00+00:00,3.6499999
2019-11-25 12:48:00+00:00,3.8059275
2019-11-25 15:00:00+00:00,3.9084105
2019-11-25 17:12:00+00:00,3.8499999
2019-11-25 19:24:00+00:00,3.8399999
2019-11-25 21:36:00+00:00,3.55
2019-11-25 23:48:00+00:00,3.55
2019-11-26 02:00:00+00:00,3.55
2019-11-26 04:12:00+00:00,3.54
2019-11-26 06:24:00+00:00,3.54
2019-11-26 08:36:00+00:00,3.547889
2019-11-26 10:48:00+00:00,3.7282596
2019-11-26 13:00:00+00:00,3.9399998
2019-11-26 15:12:00+00:00,3.9321342
2019-11-26 17:24:00+00:00,3.9299998
2019-11-26 19:36:00+00:00,3.9199998
2019-11-26 21:48:00+00:00,3.55
2019-11-27 00:00:00+00:00,3.55
2019-11-27 02:12:00+00:00,3.54
2019-11-27 04:24:00+00:00,3.54
2019-11-27 06:36:00+00:00,3.54
2019-11-27 08:48:00+00:00,3.53
2019-11-27 11:00:00+00:00,3.6677921
2019-11-27 13:12:00+00:00,3.9399998
2019-11-27 15:24:00+00:00,3.9199998
2019-11-27 17:36:00+00:00,3.9022348
2019-11-27 19:48:00+00:00,3.8999999
2019-11-27 22:00:00+00:00,3.6997485
2019-11-28 00:12:00+00:00,3.6022952
2019-11-28 02:24:00+00:00,3.5599999
2019-11-28 04:36:00+00:00,3.5599999
2019-11-28 06:48:00+00:00,3.5599999
2019-11-28 09:00:00+00:00,3.5599999
2019-11-28 11:12:00+00:00,3.6499999
2019-11-28 13:24:00+00:00,3.7376909
2019-11-28 15:36:00+00:00,3.9139271
2019-11-28 17:48:00+00:00,3.9299998
2019-11-28 20:00:00+00:00,3.9199998
2019-11-28 22:12:00+00:00,3.9160843
2019-11-29 00:24:00+00:00,3.8596966
2019-11-29 02:36:00+00:00,3.5723505
2019-11-29 04:48:00+00:00,3.55
2019-11-29 07:00:00+00:00,3.55
2019-11-29 09:12:00+00:00,3.55
2019-11-29 11:24:00+00:00,3.6938691
2019-11-29 13:36:00+00:00,3.9399998
2019-11-29 15:48:00+00:00,3.9299998
2019-11-29 18:00:00+00:00,3.9199998
2019-11-29 20:12:00+00:00,3.7198267
2019-11-29 22:24:00+00:00,3.5599999
2019-11-30 00:36:00+00:00,3.5599999
2019-11-30 02:48:00+00:00,3.55
2019-11-30 05:00:00+00:00,3.55
2019-11-30 07:12:00+00:00,3.55
2019-11-30 09:24:00+00:00,3.54
2019-11-30 11:36:00+00:00,3.7450621
2019-11-30 13:48:00+00:00,3.9399998
2019-11-30 16:00:00+00:00,3.9299998
2019-11-30 18:12:00+00:00,3.9199998
2019-11-30 20:24:00+00:00,3.7225037
2019-11-30 22:36:00+00:00,3.55
2019-12-01 00:48:00+00:00,3.55
2019-12-01 03:00:00+00:00,3.55
2019-12-01 05:12:00+00:00,3.55
2019-12-01 07:24:00+00:00,3.54
2019-12-01 09:36:00+00:00,3.55
2019-12-01 11:48:00+00:00,3.73
2019-12-01 14:00:00+00:00,3.9125619
2019-12-01 16:12:00+00:00,3.8799999
2019-12-01 18:24:00+00:00,3.8699999
2019-12-01 20:36:00+00:00,3.8599999
2019-12-01 22:48:00+00:00,3.746341
2019-12-02 01:00:00+00:00,3.6799998
2019-12-02 03:12:00+00:00,3.6299999
2019-12-02 05:24:00+00:00,3.5863619
2019-12-02 07:36:00+00:00,3.5599999
2019-12-02 09:48:00+00:00,3.5820596
2019-12-02 12:00:00+00:00,3.7336175
2019-12-02 14:12:00+00:00,3.9399998
2019-12-02 16:24:00+00:00,3.9199998
2019-12-02 18:36:00+00:00,3.9099998
2019-12-02 20:48:00+00:00,3.78
2019-12-02 23:00:00+00:00,3.5926661
2019-12-03 01:12:00+00:00,3.5599999
2019-12-03 03:24:00+00:00,3.55
2019-12-03 05:36:00+00:00,3.55
2019-12-03 07:48:00+00:00,3.6471157
2019-12-03 10:00:00+00:00,3.8999999
2019-12-03 12:12:00+00:00,3.9127064
2019-12-03 14:24:00+00:00,3.9116993
2019-12-03 16:36:00+00:00,3.78
2019-12-03 18:48:00+00:00,3.76
2019-12-03 21:00:00+00:00,3.5964835
2019-12-03 23:12:00+00:00,3.5599999
2019-12-04 01:24:00+00:00,3.5599999
2019-12-04 03:36:00+00:00,3.5599999
2019-12-04 05:48:00+00:00,3.55
2019-12-04 08:00:00+00:00,3.55
2019-12-04 10:12:00+00:00,3.7169533
2019-12-04 12:24:00+00:00,3.9499998
2019-12-04 14:36:00+00:00,3.8827884
2019-12-04 16:48:00+00:00,3.73
2019-12-04 19:00:00+00:00,3.72
2019-12-04 21:12:00+00:00,3.5828106
2019-12-04 23:24:00+00:00,3.5599999
2019-12-05 01:36:00+00:00,3.55
2019-12-05 03:48:00+00:00,3.55
2019-12-05 06:00:00+00:00,3.55
2019-12-05 08:12:00+00:00,3.5599999
2019-12-05 10:24:00+00:00,3.6842952
2019-12-05 12:36:00+00:00,3.9399998
2019-12-05 14:48:00+00:00,3.8999999
2019-12-05 17:00:00+00:00,3.8128746
2019-12-05 19:12:00+00:00,3.8
2019-12-05 21:24:00+00:00,3.5331175
2019-12-05 23:36:00+00:00,3.5599999
2019-12-06 01:48:00+00:00,3.5599999
2019-12-06 04:00:00+00:00,3.55
2019-12-06 06:12:00+00:00,3.55
2019-12-06 08:24:00+00:00,3.55
2019-12-06 10:36:00+00:00,3.54
2019-12-06 12:48:00+00:00,3.6841176
2019-12-06 15:00:00+00:00,3.8799999
2019-12-06 17:12:00+00:00,3.8599999
2019-12-06 19:24:00+00:00,3.8499999
2019-12-06 21:36:00+00:00,3.5734444
2019-12-06 23:48:00+00:00,3.55
2019-12-07 02:00:00+00:00,3.55
2019-12-07 04:12:00+00:00,3.55
2019-12-07 06:24:00+00:00,3.54
2019-12-07 08:36:00+00:00,3.54
2019-12-07 10:48:00+00:00,3.8829205
2019-12-07 13:00:00+00:00,3.97
2019-12-07 15:12:00+00:00,3.9330351
2019-12-07 17:24:00+00:00,3.8999999
2019-12-07 19:36:00+00:00,3.8899999
2019-12-07 21:48:00+00:00,3.5661395
2019-12-08 00:00:00+00:00,3.55
2019-12-08 02:12:00+00:00,3.55
2019-12-08 04:24:00+00:00,3.5430818
2019-12-08 06:36:00+00:00,3.54
2019-12-08 08:48:00+00:00,3.5699999
2019-12-08 11:00:00+00:00,3.6968937
2019-12-08 13:12:00+00:00,3.9268632
2019-12-08 15:24:00+00:00,3.8899999
2019-12-08 17:36:00+00:00,3.8599999
2019-12-08 19:48:00+00:00,3.8599999
2019-12-08 22:00:00+00:00,3.5699999
2019-12-09 00:12:00+00:00,3.55
2019-12-09 02:24:00+00:00,3.55
2019-12-09 04:36:00+00:00,3.55
2019-12-09 06:48:00+00:00,3.54
2019-12-09 09:00:00+00:00,3.54
2019-12-09 11:12:00+00:00,3.76
2019-12-09 13:24:00+00:00,3.9564276
2019-12-09 15:36:00+00:00,3.9369569
2019-12-09 17:48:00+00:00,3.9199998
2019-12-09 20:00:00+00:00,3.9099998
2019-12-09 22:12:00+00:00,3.9099998
2019-12-10 00:24:00+00:00,3.8999999
2019-12-10 02:36:00+00:00,3.8899999
2019-12-10 04:48:00+00:00,3.8899999
2019-12-10 07:00:00+00:00,3.8799999
2019-12-10 09:12:00+00:00,3.8632703
2019-12-10 11:24:00+00:00,3.737036
2019-12-10 13:36:00+00:00,3.6699998
2019-12-10 15:48:00+00:00,3.6499999
2019-12-10 18:00:00+00:00,3.6399999
2019-12-10 20:12:00+00:00,3.6399999
2019-12-10 22:24:00+00:00,3.6399999
2019-12-11 00:36:00+00:00,3.6399999
2019-12-11 02:48:00+00:00,3.6299999
2019-12-11 05:00:00+00:00,3.6299999
2019-12-11 07:12:00+00:00,3.6299999
2019-12-11 09:24:00+00:00,3.6399999
2019-12-11 11:36:00+00:00,3.9599998
2019-12-11 13:48:00+00:00,3.9271238
2019-12-11 16:00:00+00:00,3.77
2019-12-11 18:12:00+00:00,3.73
2019-12-11 20:24:00+00:00,3.72
2019-12-11 22:36:00+00:00,3.72
2019-12-12 00:48:00+00:00,3.7099998
2019-12-12 03:00:00+00:00,3.7099998
2019-12-12 05:12:00+00:00,3.7099998
2019-12-12 07:24:00+00:00,3.6999998
2019-12-12 09:36:00+00:00,3.6956201
2019-12-12 11:48:00+00:00,0.0
2019-12-12 14:00:00+00:00,0.0
2019-12-12 16:12:00+00:00,0.0
2019-12-12 18:24:00+00:00,0.0
2019-12-12 20:36:00+00:00,0.0
2019-12-12 22:48:00+00:00,0.0
2019-12-13 01:00:00+00:00,0.0
2019-12-13 03:12:00+00:00,0.0
2019-12-13 05:24:00+00:00,0.0
2019-12-13 07:36:00+00:00,0.0
2019-12-13 09:48:00+00:00,0.0
2019-12-13 12:00:00+00:00,0.0
2019-12-13 14:12:00+00:00,0.0
2019-12-13 16:24:00+00:00,0.0
2019-12-13 18:36:00+00:00,0.0
2019-12-13 20:48:00+00:00,0.0
2019-12-13 23:00:00+00:00,0.0
2019-12-14 01:12:00+00:00,0.0
2019-12-14 03:24:00+00:00,0.0
2019-12-14 05:36:00+00:00,0.0
2019-12-14 07:48:00+00:00,0.0
2019-12-14 10:00:00+00:00,0.0
2019-12-14 12:12:00+00:00,0.0
2019-12-14 14:24:00+00:00,0.0
2019-12-14 16:36:00+00:00,0.0
2019-12-14 18:48:00+00:00,0.0
2019-12-14 21:00:00+00:00,0.0
2019-12-14 23:12:00+00:00,0.0
2019-12-15 01:24:00+00:00,0.0
2019-12-15 03:36:00+00:00,0.0
2019-12-15 05:48:00+00:00,0.0
2019-12-15 08:00:00+00:00,0.0
2019-12-15 10:12:00+00:00,0.0
2019-12-15 12:24:00+00:00,0.0
2019-12-15 14:36:00+00:00,0.0
2019-12-15 16:48:00+00:00,0.0
2019-12-15 19:00:00+00:00,0.0
2019-12-15 21:12:00+00:00,0.0
2019-12-15 23:24:00+00:00,0.0
2019-12-16 01:36:00+00:00,0.0
2019-12-16 03:48:00+00:00,0.0
2019-12-16 06:00:00+00:00,0.0
2019-12-16 08:12:00+00:00,0.0
2019-12-16 10:24:00+00:00,0.0
2019-12-16 12:36:00+00:00,0.0
2019-12-16 14:48:00+00:00,0.0
2019-12-16 17:00:00+00:00,0.0
2019-12-16 19:12:00+00:00,0.0
2019-12-16 21:24:00+00:00,0.0
2019-12-16 23:36:00+00:00,0.0
2019-12-17 01:48:00+00:00,0.0
2019-12-17 04:00:00+00:00,0.0
2019-12-17 06:12:00+00:00,0.0
2019-12-17 08:24:00+00:00,0.0
2019-12-17 10:36:00+00:00,0.0
2019-12-17 12:48:00+00:00,0.0
2019-12-17 15:00:00+00:00,0.0
2019-12-17 17:12:00+00:00,0.0
2019-12-17 19:24:00+00:00,0.0
2019-12-17 21:36:00+00:00,0.0
2019-12-17 23:48:00+00:00,0.0
2019-12-18 02:00:00+00:00,0.0
2019-12-18 04:12:00+00:00,0.0
2019-12-18 06:24:00+00:00,0.0
2019-12-18 08:36:00+00:00,0.0
2019-12-18 10:48:00+00:00,0.0
2019-12-18 13:00:00+00:00,0.0
2019-12-18 15:12:00+00:00,0.0
2019-12-18 17:24:00+00:00,0.0
2019-12-18 19:36:00+00:00,0.0
2019-12-18 21:48:00+00:00,0.0
2019-12-19 00:00:00+00:00,0.0
2019-12-19 02:12:00+00:00,0.0
2019-12-19 04:24:00+00:00,0.0
2019-12-19 06:36:00+00:00,0.0
2019-12-19 08:48:00+00:00,0.0
2019-12-19 11:00:00+00:00,0.0
2019-12-19 13:12:00+00:00,0.0
2019-12-19 15:24:00+00:00,0.0
2019-12-19 17:36:00+00:00,0.0
2019-12-19 19:48:00+00:00,0.0
2019-12-19 22:00:00+00:00,0.0
2019-12-20 00:12:00+00:00,0.0
2019-12-20 02:24:00+00:00,0.0
2019-12-20 04:36:00+00:00,0.0
2019-12-20 06:48:00+00:00,0.0
2019-12-20 09:00:00+00:00,0.0
2019-12-20 11:12:00+00:00,0.0
2019-12-20 13:24:00+00:00,0.0
2019-12-20 15:36:00+00:00,0.0
2019-12-20 17:48:00+00:00,0.0
2019-12-20 20:00:00+00:00,0.0
2019-12-20 22:12:00+00:00,0.0
2019-12-21 00:24:00+00:00,0.0
2019-12-21 02:36:00+00:00,0.0
2019-12-21 04:48:00+00:00,0.0
2019-12-21 07:00:00+00:00,0.0
2019-12-21 09:12:00+00:00,0.0
2019-12-21 11:24:00+00:00,0.0
2019-12-21 13:36:00+00:00,0.0
2019-12-21 15:48:00+00:00,0.0
2019-12-21 18:00:00+00:00,0.0
2019-12-21 20:12:00+00:00,0.0
2019-12-21 22:24:00+00:00,0.0
2019-12-22 00:36:00+00:00,0.0
2019-12-22 02:48:00+00:00,0.0
2019-12-22 05:00:00+00:00,0.0
2019-12-22 07:12:00+00:00,0.0
2019-12-22 09:24:00+00:00,0.0
2019-12-22 11:36:00+00:00,0.0
2019-12-22 13:48:00+00:00,0.0
2019-12-22 16:00:00+00:00,0.0
2019-12-22 18:12:00+00:00,0.0
2019-12-22 20:24:00+00:00,0.0
2019-12-22 22:36:00+00:00,0.0
2019-12-23 00:48:00+00:00,0.0
2019-12-23 03:00:00+00:00,0.0
2019-12-23 05:12:00+00:00,0.0
2019-12-23 07:24:00+00:00,0.0
2019-12-23 09:36:00+00:00,0.0
2019-12-23 11:48:00+00:00,0.0
2019-12-23 14:00:00+00:00,0.0
2019-12-23 16:12:00+00:00,0.0
2019-12-23 18:24:00+00:00,0.0
2019-12-23 20:36:00+00:00,0.0
2019-12-23 22:48:00+00:00,0.0
2019-12-24 01:00:00+00:00,0.0
2019-12-24 03:12:00+00:00,0.0
2019-12-24 05:24:00+00:00,0.0
2019-12-24 07:36:00+00:00,0.0
2019-12-24 09:48:00+00:00,0.0
2019-12-24 12:00:00+00:00,0.0
2019-12-24 14:12:00+00:00,0.0
2019-12-24 16:24:00+00:00,0.0
2019-12-24 18:36:00+00:00,0.0
2019-12-24 20:48:00+00:00,0.0
2019-12-24 23:00:00+00:00,0.0
2019-12-25 01:12:00+00:00,0.0
2019-12-25 03:24:00+00:00,0.0
2019-12-25 05:36:00+00:00,0.0
2019-12-25 07:48:00+00:00,0.0
2019-12-25 10:00:00+00:00,0.0
2019-12-25 12:12:00+00:00,0.0
2019-12-25 14:24:00+00:00,0.0
2019-12-25 16:36:00+00:00,0.0
2019-12-25 18:48:00+00:00,0.0
2019-12-25 21:00:00+00:00,0.0
2019-12-25 23:12:00+00:00,0.0
2019-12-26 01:24:00+00:00,0.0
2019-12-26 03:36:00+00:00,0.0
2019-12-26 05:48:00+00:00,0.0
2019-12-26 08:00:00+00:00,0.0
2019-12-26 10:12:00+00:00,0.0
2019-12-26 12:24:00+00:00,0.0
2019-12-26 14:36:00+00:00,0.0
2019-12-26 16:48:00+00:00,0.0
2019-12-26 19:00:00+00:00,0.0
2019-12-26 21:12:00+00:00,0.0
2019-12-26 23:24:00+00:00,0.0
2019-12-27 01:36:00+00:00,0.0
2019-12-27 03:48:00+00:00,0.0
2019-12-27 06:00:00+00:00,0.0
2019-12-27 08:12:00+00:00,0.0
2019-12-27 10:24:00+00:00,0.0
2019-12-27 12:36:00+00:00,0.0
2019-12-27 14:48:00+00:00,0.0
2019-12-27 17:00:00+00:00,0.0
2019-12-27 19:12:00+00:00,0.0
2019-12-27 21:24:00+00:00,0.0
2019-12-27 23:36:00+00:00,0.0
2019-12-28 01:48:00+00:00,0.0
2019-12-28 04:00:00+00:00,0.0
2019-12-28 06:12:00+00:00,0.0
2019-12-28 08:24:00+00:00,0.0
2019-12-28 10:36:00+00:00,0.0
2019-12-28 12:48:00+00:00,0.0
2019-12-28 15:00:00+00:00,0.0
2019-12-28 17:12:00+00:00,0.0
2019-12-28 19:24:00+00:00,0.0
2019-12-28 21:36:00+00:00,0.0
2019-12-28 23:48:00+00:00,0.0
2019-12-29 02:00:00+00:00,0.0
2019-12-29 04:12:00+00:00,0.0
2019-12-29 06:24:00+00:00,0.0
2019-12-29 08:36:00+00:00,0.0
2019-12-29 10:48:00+00:00,0.0
2019-12-29 13:00:00+00:00,0.0
2019-12-29 15:12:00+00:00,0.0
2019-12-29 17:24:00+00:00,0.0
2019-12-29 19:36:00+00:00,0.0
2019-12-29 21:48:00+00:00,0.0
2019-12-30 00:00:00+00:00,0.0
2019-12-30 02:12:00+00:00,0.0
2019-12-30 04:24:00+00:00,0.0
2019-12-30 06:36:00+00:00,0.0
2019-12-30 08:48:00+00:00,0.0
2019-12-30 11:00:00+00:00,0.0
2019-12-30 13:12:00+00:00,0.0
2019-12-30 15:24:00+00:00,0.0
2019-12-30 17:36:00+00:00,0.0
2019-12-30 19:48:00+00:00,0.0
2019-12-30 22:00:00+00:00,0.0
2019-12-31 00:12:00+00:00,0.0
2019-12-31 02:24:00+00:00,0.0
2019-12-31 04:36:00+00:00,0.0
2019-12-31 06:48:00+00:00,0.0
2019-12-31 09:00:00+00:00,0.0
2019-12-31 11:12:00+00:00,0.0
2019-12-31 13:24:00+00:00,0.0
2019-12-31 15:36:00+00:00,0.0
2019-12-31 17:48:00+00:00,0.0
2019-12-31 20:00:00+00:00,0.0
2019-12-31 22:12:00+00:00,0.0
