timestamp,voltage_cell
2026-01-15 19:28:06.173,4.083
2026-01-15 19:30:40.774,4.077
2026-01-15 20:02:39.115,4.098
2026-01-15 20:47:39.095,4.098
2026-01-15 21:32:39.055,4.098
2026-01-15 22:03:30.632,4.098
2026-01-15 22:05:38.242,4.098
2026-01-15 22:07:38.096,4.068
2026-01-15 22:09:53.216,4.068
2026-01-15 22:12:08.330,4.068
2026-01-15 22:14:23.447,4.068
2026-01-15 22:16:23.563,4.068
2026-01-15 22:18:31.189,4.068
2026-01-15 22:20:53.788,4.062
2026-01-15 22:23:08.909,4.062
2026-01-15 22:25:16.509,4.062
2026-01-15 22:27:39.125,4.062
2026-01-15 22:29:24.250,4.062
2026-01-15 22:31:39.362,4.062
2026-01-15 22:33:24.468,4.062
2026-01-15 22:35:24.588,4.05
2026-01-15 22:37:17.208,4.05
2026-01-15 22:39:24.828,4.05
2026-01-15 22:41:32.449,4.05
2026-01-15 22:43:32.568,4.05
2026-01-15 22:45:32.693,4.05
2026-01-15 22:47:40.317,4.05
2026-01-15 22:49:40.420,4.042
2026-01-15 22:51:40.524,4.042
2026-01-15 22:53:55.641,4.042
2026-01-15 22:55:55.757,4.042
2026-01-15 22:58:03.355,4.042
2026-01-15 23:00:03.485,4.042
2026-01-15 23:01:48.594,4.042
2026-01-15 23:03:56.215,4.042
2026-01-15 23:05:56.335,4.029
2026-01-15 23:08:05.629,4.029
2026-01-15 23:10:05.746,4.029
2026-01-15 23:12:13.353,4.029
2026-01-15 23:13:58.454,4.029
2026-01-15 23:16:21.078,4.029
2026-01-15 23:17:58.690,4.029
2026-01-15 23:20:21.289,4.029
2026-01-15 23:22:36.402,4.029
2026-01-15 23:24:51.495,4.029
2026-01-15 23:27:38.994,4.029
2026-01-16 00:37:36.975,4.043
2026-01-16 02:52:36.885,4.043
2026-01-16 05:07:36.817,4.041
2026-01-16 06:02:37.796,4.041
2026-01-16 06:47:37.779,4.041
2026-01-16 07:32:36.754,4.041
2026-01-16 08:17:36.711,4.041
2026-01-16 09:02:37.703,3.966
2026-01-16 09:47:37.678,4.018
2026-01-16 10:32:37.640,4.018
2026-01-16 11:17:36.621,4.018
2026-01-16 12:02:36.591,4.018
2026-01-16 12:47:36.575,4.018
2026-01-16 13:32:36.548,4.031
2026-01-16 14:17:37.512,4.031
2026-01-16 15:02:37.496,4.031
2026-01-16 15:47:37.474,4.031
2026-01-16 16:32:37.441,4.031
2026-01-16 17:17:37.423,4.031
2026-01-16 18:02:35.554,4.031
2026-01-16 18:47:35.544,4.031
2026-01-16 19:32:35.505,4.031
2026-01-16 20:17:35.478,4.031
2026-01-16 21:02:35.471,4.031
2026-01-16 21:47:35.436,4.031
2026-01-16 22:32:35.416,4.018
2026-01-17 00:37:35.351,4.018
2026-01-17 02:52:35.257,4.018
2026-01-17 05:07:35.181,4.018
2026-01-17 06:07:35.166,4.018
2026-01-17 06:52:35.137,4.018
2026-01-17 07:37:35.102,4.018
2026-01-17 08:22:35.077,3.996
2026-01-17 09:07:35.063,3.996
2026-01-17 09:52:35.039,3.996
2026-01-17 10:37:34.999,3.996
2026-01-17 11:22:34.981,3.996
2026-01-17 11:48:27.442,3.996
2026-01-17 11:50:42.537,3.972
2026-01-17 11:52:42.647,3.972
2026-01-17 11:54:42.759,3.966
2026-01-17 11:56:57.869,3.966
2026-01-17 11:58:54.960,3.955
2026-01-17 12:01:10.098,3.955
2026-01-17 12:03:17.726,3.955
2026-01-17 12:05:02.826,3.955
2026-01-17 12:07:32.914,3.955
2026-01-17 12:09:25.532,3.951
2026-01-17 12:11:33.145,3.951
2026-01-17 12:13:40.758,3.947
2026-01-17 12:15:40.863,3.947
2026-01-17 12:17:48.485,3.947
2026-01-17 12:19:48.585,3.947
2026-01-17 12:21:48.701,3.947
2026-01-17 12:24:03.810,3.932
2026-01-17 12:26:11.417,3.932
2026-01-17 12:28:11.548,3.932
2026-01-17 12:30:41.658,3.932
2026-01-17 12:32:41.768,3.932
2026-01-17 12:34:34.371,3.932
2026-01-17 12:36:34.503,3.921
2026-01-17 12:38:42.133,3.921
2026-01-17 12:40:57.258,3.921
2026-01-17 12:42:42.380,3.921
2026-01-17 12:44:50.001,3.914
2026-01-17 12:47:20.110,3.914
2026-01-17 12:49:27.705,3.901
2026-01-17 12:51:35.316,3.904
2026-01-17 12:53:42.908,3.904
2026-01-17 12:56:05.494,3.904
2026-01-17 12:58:20.596,3.899
2026-01-17 13:00:35.698,3.899
2026-01-17 13:02:50.802,3.899
2026-01-17 13:04:35.930,3.884
2026-01-17 13:06:51.041,3.884
2026-01-17 13:08:54.960,3.884
2026-01-17 13:11:25.066,3.884
2026-01-17 13:13:40.185,3.872
2026-01-17 13:15:47.781,3.881
2026-01-17 13:17:47.896,3.881
2026-01-17 13:19:40.508,3.881
2026-01-17 13:22:03.128,3.881
2026-01-17 13:24:10.741,3.881
2026-01-17 13:26:25.844,3.881
2026-01-17 13:28:33.467,3.881
2026-01-17 13:30:26.079,3.874
2026-01-17 13:32:33.698,3.874
2026-01-17 13:34:41.302,3.874
2026-01-17 13:36:41.417,3.874
2026-01-17 13:39:02.443,3.874
2026-01-17 13:41:17.549,3.868
2026-01-17 13:43:17.662,3.868
2026-01-17 13:45:17.762,3.868
2026-01-17 13:47:40.368,3.868
2026-01-17 13:49:47.976,3.868
2026-01-17 13:51:40.577,3.868
2026-01-17 13:53:44.950,3.868
2026-01-17 13:55:45.052,3.868
2026-01-17 13:57:45.173,3.868
2026-01-17 13:59:45.275,3.856
2026-01-17 14:01:37.898,3.856
2026-01-17 14:03:53.006,3.856
2026-01-17 14:06:15.613,3.856
2026-01-17 14:08:15.722,3.856
2026-01-17 14:10:30.838,3.856
2026-01-17 14:12:45.957,3.856
2026-01-17 14:15:01.064,3.856
2026-01-17 14:16:46.179,3.847
2026-01-17 14:19:08.793,3.845
2026-01-17 14:21:16.413,3.845
2026-01-17 14:23:31.526,3.838
2026-01-17 14:25:24.130,3.838
2026-01-17 14:27:31.735,3.838
2026-01-17 14:29:54.347,3.838
2026-01-17 14:32:01.971,3.833
2026-01-17 14:34:09.584,3.833
2026-01-17 14:36:17.209,3.833
2026-01-17 14:38:32.330,3.833
2026-01-17 14:40:32.457,3.83
2026-01-17 14:42:40.066,3.83
2026-01-17 14:44:32.671,3.83
2026-01-17 14:46:32.782,3.83
2026-01-17 14:48:47.898,3.83
2026-01-17 14:51:03.006,3.83
2026-01-17 14:53:10.623,3.825
2026-01-17 14:55:33.240,3.825
2026-01-17 14:57:40.865,3.825
2026-01-17 14:59:40.972,3.825
2026-01-17 15:01:48.587,3.825
2026-01-17 15:04:03.694,3.822
2026-01-17 15:06:18.802,3.822
2026-01-17 15:08:11.415,3.822
2026-01-17 15:10:26.541,3.819
2026-01-17 15:12:49.161,3.819
2026-01-17 15:14:56.771,3.819
2026-01-17 15:16:56.890,3.817
2026-01-17 15:19:04.498,3.817
2026-01-17 15:21:42.119,3.817
2026-01-17 15:57:32.894,3.837
2026-01-17 16:42:33.876,3.838
2026-01-17 17:27:33.848,3.838
2026-01-17 18:12:33.825,3.838
2026-01-17 18:57:33.798,3.838
2026-01-17 19:42:33.772,3.838
2026-01-17 20:27:33.746,3.838
2026-01-17 21:12:33.721,3.838
2026-01-17 21:57:33.699,3.838
2026-01-17 22:52:33.658,3.838
2026-01-18 01:07:33.585,3.835
2026-01-18 03:22:33.511,3.833
2026-01-18 05:27:32.370,3.833
2026-01-18 06:12:31.499,3.833
2026-01-18 06:57:31.481,3.833
2026-01-18 07:42:31.451,3.833
2026-01-18 08:27:31.427,3.833
2026-01-18 09:12:31.392,3.833
2026-01-18 09:57:32.371,3.833
2026-01-18 10:42:31.346,3.833
2026-01-18 11:27:31.320,3.833
2026-01-18 12:12:32.306,3.833
2026-01-18 12:57:31.268,3.833
2026-01-18 13:42:31.246,3.833
2026-01-18 14:27:31.220,3.825
2026-01-18 15:12:31.193,3.825
2026-01-18 15:57:32.171,3.828
2026-01-18 16:42:31.148,3.828
2026-01-18 17:27:31.123,3.828
2026-01-18 18:12:32.094,3.828
2026-01-18 18:57:31.068,3.828
2026-01-18 19:42:32.044,3.828
2026-01-18 20:24:11.215,3.812
2026-01-18 20:27:52.409,4.035
2026-01-18 20:29:52.554,4.045
2026-01-18 20:32:15.237,4.057
2026-01-18 20:34:15.411,4.072
2026-01-18 20:36:23.073,4.08
2026-01-18 20:38:30.746,4.095
2026-01-18 20:40:38.403,4.111
2026-01-18 20:42:46.086,4.128
2026-01-18 20:45:08.902,4.147
2026-01-18 20:47:24.063,4.163
2026-01-18 20:49:39.218,4.181
2026-01-18 20:51:46.866,4.198
2026-01-18 20:53:51.616,4.21
2026-01-18 20:55:59.350,4.223
2026-01-18 20:58:14.527,4.222
2026-01-18 21:00:22.183,4.248
2026-01-18 21:02:29.843,4.276
2026-01-18 21:04:44.885,4.296
2026-01-18 21:06:52.559,4.315
2026-01-18 21:08:51.634,4.336
2026-01-18 21:10:44.304,4.346
2026-01-18 21:12:59.486,4.377
2026-01-18 21:15:22.158,4.397
2026-01-18 21:17:14.821,4.411
2026-01-18 21:19:14.992,4.432
2026-01-18 21:21:15.153,4.456
2026-01-18 21:23:22.829,4.467
2026-01-18 21:25:30.498,4.47
2026-01-18 21:27:15.664,4.47
2026-01-18 21:29:23.331,4.472
2026-01-18 21:31:30.994,4.462
2026-01-18 21:33:31.162,4.461
2026-01-18 21:35:46.319,4.461
2026-01-18 21:37:53.988,4.461
2026-01-18 21:39:54.161,4.461
2026-01-18 21:41:46.829,4.461
2026-01-18 21:44:17.002,4.461
2026-01-18 21:46:09.639,4.461
2026-01-18 21:47:54.799,4.471
2026-01-18 21:50:17.460,4.471
2026-01-18 21:52:17.628,4.476
2026-01-18 21:54:34.209,4.476
2026-01-18 21:56:49.375,4.476
2026-01-18 22:27:31.970,4.419
2026-01-19 00:22:30.898,4.419
2026-01-19 02:37:31.821,4.419
2026-01-19 04:52:31.737,4.408
2026-01-19 06:07:29.168,4.408
2026-01-19 06:52:29.145,4.408
2026-01-19 07:37:29.117,4.408
2026-01-19 08:22:29.095,4.408
2026-01-19 09:07:29.067,4.408
2026-01-19 09:52:27.914,4.408
2026-01-19 10:37:29.017,4.408
2026-01-19 11:22:28.994,4.408
2026-01-19 12:07:28.967,4.408
2026-01-19 12:52:28.941,4.408
2026-01-19 13:37:28.916,4.408
2026-01-19 14:22:28.885,4.398
2026-01-19 15:07:28.865,4.398
2026-01-19 15:52:28.855,4.398
2026-01-19 16:37:28.833,4.396
2026-01-19 17:22:28.790,4.396
2026-01-19 18:07:28.767,4.396
2026-01-19 18:52:28.733,4.396
2026-01-19 19:37:28.719,4.396
2026-01-19 20:22:28.684,4.396
2026-01-19 21:07:28.670,4.396
2026-01-19 21:52:28.647,4.396
2026-01-19 22:37:29.624,4.396
2026-01-20 00:52:28.529,4.396
2026-01-20 03:07:29.463,4.396
2026-01-20 05:22:28.380,4.385
2026-01-20 06:17:25.409,4.385
2026-01-20 07:02:26.782,4.385
2026-01-20 07:47:26.764,4.385
2026-01-20 08:32:25.728,4.385
2026-01-20 09:17:25.356,4.385
2026-01-20 10:02:26.676,4.385
2026-01-20 10:47:26.653,4.385
2026-01-20 11:32:26.630,4.385
2026-01-20 12:17:26.605,4.375
2026-01-20 13:02:26.583,4.375
2026-01-20 13:47:26.556,4.375
2026-01-20 14:32:26.538,4.372
2026-01-20 15:17:26.506,4.372
2026-01-20 16:02:26.476,4.372
2026-01-20 16:47:25.357,4.369
2026-01-20 17:32:26.423,4.369
2026-01-20 18:17:26.400,4.369
2026-01-20 19:02:26.378,4.369
2026-01-20 19:47:26.343,4.369
2026-01-20 20:32:26.321,4.365
2026-01-20 21:17:26.298,4.365
2026-01-20 22:02:26.279,4.365
2026-01-20 23:07:26.231,4.365
2026-01-21 01:22:26.149,4.365
2026-01-21 03:37:27.075,4.365
2026-01-21 05:42:22.775,4.356
2026-01-21 06:27:24.405,4.356
2026-01-21 07:12:23.388,4.356
2026-01-21 07:57:24.349,4.356
2026-01-21 08:42:23.330,4.356
2026-01-21 09:27:24.304,4.356
2026-01-21 10:12:23.283,4.356
2026-01-21 10:57:24.255,4.356
2026-01-21 11:42:23.219,4.356
2026-01-21 12:27:24.201,4.356
2026-01-21 13:12:23.181,4.346
2026-01-21 13:57:24.154,4.346
2026-01-21 14:42:23.124,4.346
2026-01-21 15:27:24.107,4.346
2026-01-21 16:12:24.086,4.346
2026-01-21 16:57:24.064,4.346
2026-01-21 17:42:24.030,4.346
2026-01-21 18:27:24.005,4.346
2026-01-21 19:12:23.977,4.346
2026-01-21 19:57:23.946,4.346
2026-01-21 20:42:23.928,4.346
2026-01-21 21:27:23.906,4.346
2026-01-21 22:12:23.881,4.332
2026-01-21 23:37:23.821,4.332
2026-01-22 01:52:23.743,4.332
2026-01-22 04:07:23.670,4.332
2026-01-22 05:52:21.137,4.332
2026-01-22 06:37:21.102,4.332
2026-01-22 07:22:21.090,4.332
2026-01-22 08:07:21.050,4.332
2026-01-22 08:52:21.029,4.325
2026-01-22 09:37:21.000,4.324
2026-01-22 10:22:20.978,4.324
2026-01-22 11:07:21.961,4.324
2026-01-22 11:52:20.931,4.324
2026-01-22 12:37:21.915,4.324
2026-01-22 13:22:20.885,4.324
2026-01-22 14:07:21.856,4.318
2026-01-22 14:52:20.836,4.316
2026-01-22 15:37:21.804,4.316
2026-01-22 16:22:21.773,4.316
2026-01-22 17:07:21.765,4.315
2026-01-22 17:52:21.730,4.315
2026-01-22 18:37:21.702,4.315
2026-01-22 19:22:20.289,4.315
2026-01-22 20:07:21.658,4.315
2026-01-22 20:52:21.637,4.315
2026-01-22 21:37:21.594,4.315
2026-01-22 22:22:20.573,4.315
2026-01-23 00:07:20.291,4.315
2026-01-23 02:22:21.437,4.304
2026-01-23 04:37:21.355,4.304
2026-01-23 05:57:18.798,4.304
2026-01-23 06:42:18.779,4.304
2026-01-23 07:27:18.755,4.304
2026-01-23 08:12:18.726,4.304
2026-01-23 08:57:18.700,4.304
2026-01-23 09:42:18.682,4.289
2026-01-23 10:27:18.658,4.294
2026-01-23 11:12:18.631,4.294
2026-01-23 11:57:19.609,4.294
2026-01-23 12:42:18.584,4.294
2026-01-23 13:27:18.558,4.294
2026-01-23 14:12:18.528,4.294
2026-01-23 14:57:19.516,4.294
2026-01-23 15:42:18.476,4.294
2026-01-23 16:27:19.459,4.294
2026-01-23 17:12:19.429,4.294
2026-01-23 17:57:19.409,4.294
2026-01-23 18:42:18.371,4.294
2026-01-23 19:27:19.346,4.282
2026-01-23 20:12:18.333,4.282
2026-01-23 20:57:18.314,4.282
2026-01-23 21:42:18.275,4.282
2026-01-23 22:27:19.250,4.282
2026-01-24 00:22:19.178,4.282
2026-01-24 02:37:19.095,4.282
2026-01-24 04:52:19.023,4.282
2026-01-24 06:02:16.461,4.246
2026-01-24 06:47:16.436,4.246
2026-01-24 07:32:16.422,4.246
2026-01-24 08:17:16.391,4.246
2026-01-24 09:02:16.359,4.246
2026-01-24 09:47:16.335,4.246
2026-01-24 10:32:16.316,4.246
2026-01-24 11:17:15.226,4.246
2026-01-24 12:02:16.259,4.246
2026-01-24 12:47:16.244,4.246
2026-01-24 13:32:15.226,4.246
2026-01-24 14:17:16.192,4.257
2026-01-24 15:02:15.232,4.257
2026-01-24 15:47:16.132,4.257
2026-01-24 16:32:16.105,4.257
2026-01-24 17:17:16.083,4.257
2026-01-24 18:02:16.066,4.257
2026-01-24 18:47:16.034,4.257
2026-01-24 19:32:16.009,4.257
2026-01-24 20:17:15.993,4.257
2026-01-24 21:02:15.959,4.257
2026-01-24 21:47:16.939,4.257
2026-01-24 22:32:15.909,4.248
2026-01-25 00:37:16.827,4.248
2026-01-25 02:52:15.750,4.248
2026-01-25 05:07:16.672,4.248
2026-01-25 06:07:14.094,4.248
2026-01-25 06:52:14.065,4.248
2026-01-25 07:37:14.043,4.248
2026-01-25 08:22:14.022,4.234
2026-01-25 09:07:13.986,4.234
2026-01-25 09:52:13.968,4.234
2026-01-25 10:37:13.944,4.234
2026-01-25 11:22:12.663,4.234
2026-01-25 11:26:29.868,4.189
2026-01-25 11:28:29.941,4.189
2026-01-25 11:30:30.017,4.193
2026-01-25 11:32:15.080,4.193
2026-01-25 11:34:07.644,4.193
2026-01-25 11:35:52.738,4.193
2026-01-25 11:37:45.314,4.193
2026-01-25 11:39:37.888,4.193
2026-01-25 11:41:22.968,4.183
2026-01-25 11:43:15.541,4.129
2026-01-25 11:44:53.124,4.171
2026-01-25 11:47:13.892,4.171
2026-01-25 12:32:13.858,4.205
2026-01-25 13:17:13.829,4.205
2026-01-25 14:02:13.815,4.205
2026-01-25 14:47:13.791,4.205
2026-01-25 15:32:13.762,4.205
2026-01-25 16:17:13.736,4.205
2026-01-25 16:54:08.057,4.205
2026-01-25 16:55:53.137,4.205
2026-01-25 16:57:23.205,4.162
2026-01-25 16:59:00.785,4.162
2026-01-25 17:00:38.368,4.162
2026-01-25 17:02:08.437,4.162
2026-01-25 17:03:46.021,4.162
2026-01-25 17:05:16.110,4.162
2026-01-25 17:07:01.191,4.149
2026-01-25 17:08:38.771,4.149
2026-01-25 17:10:08.849,4.149
2026-01-25 17:12:01.412,4.149
2026-01-25 17:13:39.003,4.149
2026-01-25 17:15:31.594,4.138
2026-01-25 17:17:24.157,4.138
2026-01-25 17:18:54.231,4.138
2026-01-25 17:20:31.807,4.138
2026-01-25 17:22:24.391,4.138
2026-01-25 17:24:09.462,4.134
2026-01-25 17:25:47.032,4.134
2026-01-25 17:27:32.099,4.134
2026-01-25 17:29:09.680,4.134
2026-01-25 17:31:02.242,4.134
2026-01-25 17:32:39.815,4.134
2026-01-25 17:34:32.374,4.125
2026-01-25 17:36:17.447,4.125
2026-01-25 17:38:02.533,4.125
2026-01-25 17:39:40.109,4.125
2026-01-25 17:41:25.178,4.125
2026-01-25 17:43:02.758,4.125
2026-01-25 17:44:40.319,4.125
2026-01-25 17:46:32.889,4.114
2026-01-25 17:48:25.473,4.114
2026-01-25 17:49:55.538,4.114
2026-01-25 17:51:40.620,4.114
2026-01-25 17:53:25.690,4.114
2026-01-25 17:55:18.260,4.101
2026-01-25 17:57:03.338,4.101
2026-01-25 17:59:03.408,4.101
2026-01-25 18:00:48.477,4.101
2026-01-25 18:02:33.549,4.101
2026-01-25 18:04:03.628,4.101
2026-01-25 18:05:56.203,4.093
2026-01-25 18:07:33.773,4.093
2026-01-25 18:09:03.857,4.093
2026-01-25 18:10:49.392,4.093
2026-01-25 18:22:13.688,4.109
2026-01-25 19:07:13.666,4.113
2026-01-25 19:52:13.631,4.113
2026-01-25 20:37:13.614,4.113
2026-01-25 21:22:13.591,4.113
2026-01-25 22:07:12.674,4.113
2026-01-25 23:37:13.497,4.113
2026-01-26 01:52:14.418,4.108
2026-01-26 04:07:14.348,4.108
2026-01-26 05:52:10.721,4.108
2026-01-26 06:37:11.713,4.102
2026-01-26 07:22:10.101,4.102
2026-01-26 08:07:10.661,4.102
2026-01-26 08:52:11.624,4.102
2026-01-26 09:37:11.607,4.102
2026-01-26 10:22:11.579,4.102
2026-01-26 11:07:11.559,4.102
2026-01-26 11:52:11.543,4.102
2026-01-26 12:37:11.508,4.102
2026-01-26 13:22:10.484,4.102
2026-01-26 14:07:11.458,4.102
2026-01-26 14:52:11.427,4.091
2026-01-26 15:37:11.402,4.091
2026-01-26 16:22:11.375,4.091
2026-01-26 17:07:11.360,4.091
2026-01-26 17:52:11.328,4.091
2026-01-26 18:37:11.307,4.084
2026-01-26 19:22:10.100,4.084
2026-01-26 20:07:11.257,4.084
2026-01-26 20:52:11.232,4.084
2026-01-26 21:37:10.103,4.08
2026-01-26 22:22:11.184,4.08
2026-01-27 00:07:11.113,4.08
2026-01-27 02:22:11.039,4.08
2026-01-27 04:37:10.957,4.07
2026-01-27 06:02:08.374,4.07
2026-01-27 06:47:08.362,4.07
2026-01-27 07:32:08.324,4.064
2026-01-27 08:17:08.296,4.013
2026-01-27 09:02:08.273,4.061
2026-01-27 09:47:09.250,4.061
2026-01-27 10:32:08.224,4.061
2026-01-27 11:17:09.196,4.061
2026-01-27 12:02:08.177,4.061
2026-01-27 12:47:09.145,4.061
2026-01-27 13:32:08.129,4.061
2026-01-27 14:17:09.095,4.061
2026-01-27 15:02:09.074,4.061
2026-01-27 15:47:09.051,4.049
2026-01-27 16:32:08.030,4.049
2026-01-27 17:17:09.008,4.049
2026-01-27 18:02:07.987,4.049
2026-01-27 18:47:08.956,4.049
2026-01-27 19:32:07.921,4.049
2026-01-27 20:17:08.900,4.049
2026-01-27 21:02:08.880,4.049
2026-01-27 21:47:08.845,4.042
2026-01-27 22:32:07.547,4.004
2026-01-27 22:33:45.108,4.005
2026-01-27 22:35:45.176,4.003
2026-01-27 22:37:52.737,4.004
2026-01-27 22:39:37.809,4.004
2026-01-27 22:41:22.866,4.004
2026-01-27 22:43:22.928,3.989
2026-01-27 22:45:07.995,3.992
2026-01-27 22:47:15.550,3.992
2026-01-27 22:49:23.126,3.992
2026-01-27 22:51:15.684,3.992
2026-01-27 23:17:08.796,4.017
2026-01-28 01:07:08.724,4.019
2026-01-28 03:22:08.653,4.019
2026-01-28 05:37:08.572,4.018
2026-01-28 06:22:05.993,4.018
2026-01-28 07:07:05.970,4.014
2026-01-28 07:52:05.955,4.014
2026-01-28 08:37:05.926,4.014
2026-01-28 09:22:05.898,4.014
2026-01-28 10:07:04.997,4.014
2026-01-28 10:52:05.840,4.014
2026-01-28 11:37:05.828,4.014
2026-01-28 12:22:05.801,4.014
2026-01-28 13:07:05.779,4.014
2026-01-28 13:52:05.756,4.014
2026-01-28 14:37:05.716,4.014
2026-01-28 15:22:05.708,4.014
2026-01-28 16:07:06.678,4.003
2026-01-28 16:52:06.651,4.003
2026-01-28 17:37:06.620,4.003
2026-01-28 18:22:05.575,4.003
2026-01-28 19:07:06.570,4.003
2026-01-28 19:52:05.553,4.0
2026-01-28 20:37:06.526,4.0
2026-01-28 21:22:05.586,4.0
2026-01-28 22:07:06.467,4.0
2026-01-28 23:22:06.416,4.0
2026-01-29 01:37:06.340,3.995
2026-01-29 03:52:06.259,3.995
2026-01-29 05:37:03.676,3.995
2026-01-29 06:22:03.648,3.985
2026-01-29 07:07:03.620,3.985
2026-01-29 07:52:03.590,3.985
2026-01-29 08:37:03.578,3.985
2026-01-29 09:22:03.549,3.985
2026-01-29 10:07:03.527,3.985
2026-01-29 10:52:03.495,3.985
2026-01-29 11:37:03.477,3.985
2026-01-29 12:22:03.448,3.982
2026-01-29 13:07:03.423,3.982
2026-01-29 13:52:03.401,3.982
2026-01-29 14:37:03.360,3.982
2026-01-29 15:22:03.345,3.982
2026-01-29 16:07:03.324,3.982
2026-01-29 16:52:03.293,3.982
2026-01-29 17:37:03.274,3.982
2026-01-29 18:22:03.348,3.982
2026-01-29 19:07:03.224,3.982
2026-01-29 19:52:03.199,3.982
2026-01-29 20:37:03.173,3.972
2026-01-29 21:22:03.140,3.972
2026-01-29 22:07:04.121,3.972
2026-01-29 23:22:03.065,3.972
2026-01-30 01:37:03.997,3.972
2026-01-30 03:52:03.915,3.972
2026-01-30 05:42:00.300,3.961
2026-01-30 06:27:01.271,3.961
2026-01-30 07:12:01.248,3.961
2026-01-30 07:57:01.213,3.961
2026-01-30 08:42:01.198,3.961
2026-01-30 09:27:01.179,3.961
2026-01-30 11:07:01.098,3.961
2026-01-30 13:22:01.031,3.945
2026-01-30 14:32:00.997,3.945
2026-01-30 15:17:00.972,3.945
2026-01-30 16:02:00.955,3.938
2026-01-30 16:47:00.928,3.934
2026-01-30 17:32:00.899,3.935
2026-01-30 18:17:00.883,3.931
2026-01-30 19:02:00.854,3.931
2026-01-30 19:47:00.826,3.931
2026-01-30 20:32:00.797,3.931
2026-01-30 21:17:00.774,3.931
2026-01-30 22:02:00.750,3.931
2026-01-30 23:07:00.702,3.931
2026-01-31 01:22:00.625,3.925
2026-01-31 03:37:01.540,3.922
2026-01-31 05:31:57.974,3.921
2026-01-31 06:16:58.946,3.921
2026-01-31 07:01:57.919,3.921
2026-01-31 07:46:58.886,3.918
2026-01-31 08:31:58.864,3.916
2026-01-31 09:16:58.839,3.916
2026-01-31 10:01:58.822,3.916
2026-01-31 10:10:56.127,3.86
2026-01-31 10:12:41.201,3.876
2026-01-31 10:14:33.769,3.876
2026-01-31 10:16:11.352,3.876
2026-01-31 10:18:03.933,3.883
2026-01-31 10:19:41.501,3.883
2026-01-31 10:21:34.088,3.88
2026-01-31 10:23:19.173,3.88
2026-01-31 10:25:28.631,3.878
2026-01-31 10:27:28.705,3.878
2026-01-31 10:29:28.785,3.878
2026-01-31 10:31:13.865,3.867
2026-01-31 10:32:51.427,3.867
2026-01-31 10:34:21.481,3.867
2026-01-31 10:35:59.041,3.867
2026-01-31 10:37:36.619,3.871
2026-01-31 10:39:44.184,3.867
2026-01-31 10:41:29.250,3.867
2026-01-31 10:43:21.811,3.867
2026-01-31 10:45:14.394,3.867
2026-01-31 10:46:44.457,3.863
2026-01-31 10:48:37.046,3.863
2026-01-31 10:50:37.103,3.86
2026-01-31 10:52:37.168,3.86
2026-01-31 10:54:07.243,3.86
2026-01-31 10:55:59.812,3.86
2026-01-31 10:57:44.882,3.86
2026-01-31 10:59:22.451,3.86
2026-01-31 11:01:07.531,3.855
2026-01-31 11:02:37.599,3.855
2026-01-31 11:04:07.675,3.855
2026-01-31 11:06:07.759,3.855
2026-01-31 11:07:45.341,3.855
2026-01-31 11:09:22.927,3.855
2026-01-31 11:10:52.993,3.855
2026-01-31 11:12:53.064,3.855
2026-01-31 11:14:45.643,3.849
2026-01-31 11:16:45.709,3.849
2026-01-31 11:18:23.282,3.849
2026-01-31 11:20:15.859,3.849
2026-01-31 11:22:15.941,3.849
2026-01-31 11:23:53.512,3.849
2026-01-31 11:25:31.072,3.839
2026-01-31 11:27:31.149,3.839
2026-01-31 11:29:31.216,3.839
2026-01-31 11:31:16.296,3.839
2026-01-31 11:33:08.868,3.839
2026-01-31 11:34:46.437,3.839
2026-01-31 11:36:24.006,3.839
2026-01-31 11:38:01.585,3.839
2026-01-31 11:39:31.653,3.834
2026-01-31 11:41:16.725,3.834
2026-01-31 11:43:09.293,3.834
2026-01-31 11:45:01.861,3.834
2026-01-31 11:46:39.436,3.834
2026-01-31 11:48:24.505,3.834
2026-01-31 11:50:17.075,3.834
2026-01-31 11:52:24.636,3.829
2026-01-31 11:54:17.218,3.829
2026-01-31 11:55:54.787,3.829
2026-01-31 11:57:47.372,3.829
2026-01-31 11:59:24.948,3.829
2026-01-31 12:01:10.034,3.829
2026-01-31 12:02:47.617,3.826
2026-01-31 12:04:32.694,3.826
2026-01-31 12:06:10.269,3.826
2026-01-31 12:08:02.847,3.826
2026-01-31 12:09:32.925,3.818
2026-01-31 12:11:25.498,3.82
2026-01-31 12:13:10.574,3.82
2026-01-31 12:14:55.636,3.817
2026-01-31 12:16:40.712,3.777
2026-01-31 12:18:33.282,3.817
2026-01-31 12:20:18.349,3.817
2026-01-31 12:22:03.427,3.817
2026-01-31 12:24:10.998,3.817
2026-01-31 12:25:48.566,3.81
2026-01-31 12:27:26.144,3.81
2026-01-31 12:28:56.209,3.808
2026-01-31 13:06:58.695,3.836
2026-01-31 13:51:58.700,3.837
2026-01-31 14:36:58.658,3.837
2026-01-31 15:21:58.637,3.837
2026-01-31 16:06:58.613,3.837
2026-01-31 16:51:57.581,3.837
2026-01-31 17:36:58.557,3.837
2026-01-31 18:21:58.532,3.837
2026-01-31 19:06:58.507,3.837
2026-01-31 19:51:58.490,3.837
2026-01-31 20:36:58.453,3.837
2026-01-31 21:21:57.352,3.837
2026-01-31 22:06:58.418,3.837
2026-01-31 23:21:57.352,3.837
2026-02-01 01:36:58.281,3.837
2026-02-01 03:51:58.198,3.832
2026-02-01 05:46:55.563,3.831
2026-02-01 06:31:55.519,3.831
2026-02-01 07:16:55.514,3.831
2026-02-01 08:01:55.485,3.831
2026-02-01 08:46:55.466,3.831
2026-02-01 09:31:55.434,3.831
2026-02-01 10:16:55.211,3.831
2026-02-01 11:01:55.378,3.831
2026-02-01 11:46:56.367,3.831
2026-02-01 12:31:55.329,3.831
2026-02-01 13:16:56.308,3.831
2026-02-01 14:01:55.285,3.831
2026-02-01 14:46:56.258,3.831
2026-02-01 15:31:56.223,3.817
2026-02-01 16:16:56.210,3.817
2026-02-01 17:01:56.189,3.817
2026-02-01 17:46:56.159,3.817
2026-02-01 18:31:55.130,3.817
2026-02-01 19:16:56.106,3.817
2026-02-01 20:01:56.077,3.817
2026-02-01 20:46:56.066,3.817
2026-02-01 21:31:56.031,3.817
2026-02-01 22:16:56.003,3.817
2026-02-01 23:51:55.941,3.817
2026-02-02 02:06:55.868,3.821
2026-02-02 04:21:55.809,3.821
2026-02-02 05:56:53.159,3.821
2026-02-02 06:41:53.138,3.821
2026-02-02 07:26:53.103,3.818
2026-02-02 08:11:53.082,3.818
2026-02-02 08:56:53.069,3.818
2026-02-02 09:41:53.033,3.818
2026-02-02 10:26:53.013,3.818
2026-02-02 11:11:52.985,3.816
2026-02-02 11:56:52.956,3.816
2026-02-02 12:41:52.933,3.816
2026-02-02 13:26:52.902,3.816
2026-02-02 14:11:53.889,3.816
2026-02-02 14:56:52.853,3.816
2026-02-02 15:41:52.838,3.816
2026-02-02 16:26:53.812,3.816
2026-02-02 17:11:52.781,3.816
2026-02-02 17:56:53.751,3.816
2026-02-02 18:41:53.731,3.816
2026-02-02 19:26:53.704,3.816
2026-02-02 20:11:52.681,3.811
2026-02-02 20:56:52.271,3.811
2026-02-02 21:41:52.624,3.811
2026-02-02 22:26:52.600,3.811
2026-02-03 00:21:53.533,3.811
2026-02-03 02:36:53.456,3.811
2026-02-03 04:51:53.371,3.811
2026-02-03 06:11:50.787,3.806
2026-02-03 06:56:50.761,3.806
2026-02-03 07:41:49.604,3.806
2026-02-03 08:26:50.719,3.806
2026-02-03 09:11:50.689,3.806
2026-02-03 09:56:50.660,3.806
2026-02-03 10:41:50.641,3.806
2026-02-03 11:26:50.616,3.806
2026-02-03 12:11:50.569,3.806
2026-02-03 12:56:50.551,3.806
2026-02-03 13:41:50.539,3.806
2026-02-03 14:26:50.506,3.806
2026-02-03 15:11:50.486,3.806
2026-02-03 15:56:50.461,3.805
2026-02-03 16:41:50.443,3.805
2026-02-03 17:26:49.614,3.805
2026-02-03 18:11:51.389,3.805
2026-02-03 18:56:50.359,3.805
2026-02-03 19:41:51.340,3.805
2026-02-03 19:45:06.276,3.755
2026-02-03 19:46:51.129,3.755
2026-02-03 19:48:36.286,3.767
2026-02-03 19:50:21.377,3.767
2026-02-03 19:52:13.935,3.767
2026-02-03 19:53:59.003,3.769
2026-02-03 19:55:51.572,3.768
2026-02-03 19:57:36.628,3.766
2026-02-03 19:59:14.185,3.766
2026-02-03 20:00:59.255,3.768
2026-02-03 20:02:51.807,3.768
2026-02-03 20:04:36.867,3.766
2026-02-03 20:06:21.926,3.766
2026-02-03 20:07:59.481,3.766
2026-02-03 20:09:59.542,3.766
2026-02-03 20:11:44.606,3.766
2026-02-03 20:13:29.656,3.766
2026-02-03 20:15:22.219,3.76
2026-02-03 20:17:07.269,3.76
2026-02-03 20:18:37.326,3.761
2026-02-03 20:20:14.884,3.761
2026-02-03 20:22:22.444,3.757
2026-02-03 20:24:14.999,3.757
2026-02-03 20:26:00.054,3.757
2026-02-03 20:27:52.619,3.755
2026-02-03 20:29:30.175,3.755
2026-02-03 20:31:22.727,3.755
2026-02-03 20:33:15.277,3.755
2026-02-03 20:35:07.837,3.755
2026-02-03 20:37:07.889,3.751
2026-02-03 20:38:45.436,3.751
2026-02-03 20:40:45.489,3.751
2026-02-03 20:42:45.538,3.75
2026-02-03 20:44:23.099,3.75
2026-02-03 20:46:00.654,3.75
2026-02-03 20:48:00.706,3.75
2026-02-03 20:50:08.258,3.75
2026-02-03 20:51:53.309,3.75
2026-02-03 20:53:30.859,3.75
2026-02-03 20:55:23.419,3.743
2026-02-03 20:57:08.470,3.743
2026-02-03 20:58:53.531,3.743
2026-02-03 21:00:46.099,3.743
2026-02-03 21:02:31.155,3.743
2026-02-03 21:04:23.723,3.9
2026-02-03 21:06:08.792,3.958
2026-02-03 21:07:46.351,3.963
2026-02-03 21:09:31.419,3.975
2026-02-03 21:11:23.997,3.978
2026-02-03 21:13:16.566,3.993
2026-02-03 21:15:24.156,4.005
2026-02-03 21:17:09.267,4.011
2026-02-03 21:19:09.376,4.022
2026-02-03 21:21:01.992,4.028
2026-02-03 21:22:47.082,4.038
2026-02-03 21:24:47.186,4.047
2026-02-03 21:26:32.266,4.058
2026-02-03 21:28:17.362,4.063
2026-02-03 21:30:09.971,4.076
2026-02-03 21:32:10.070,4.087
2026-02-03 21:33:55.154,4.092
2026-02-03 21:35:55.264,4.112
2026-02-03 21:37:47.865,4.123
2026-02-03 21:39:32.967,4.138
2026-02-03 21:41:10.574,4.146
2026-02-03 21:42:55.682,4.162
2026-02-03 21:44:40.793,4.167
2026-02-03 21:46:25.924,4.186
2026-02-03 21:48:41.003,4.168
2026-02-03 21:50:33.606,4.216
2026-02-03 21:52:26.200,4.222
2026-02-03 21:54:26.308,4.241
2026-02-03 21:56:11.412,4.261
2026-02-03 21:58:04.015,4.266
2026-02-03 21:59:56.632,4.282
2026-02-03 22:01:56.764,4.305
2026-02-03 22:03:41.861,4.323
2026-02-03 22:05:19.470,4.346
2026-02-03 22:07:04.573,4.361
2026-02-03 22:08:42.170,4.381
2026-02-03 22:10:19.759,4.391
2026-02-03 22:12:12.367,4.406
2026-02-03 22:13:57.462,4.43
2026-02-03 22:15:42.577,4.443
2026-02-03 22:17:20.169,4.468
2026-02-03 22:19:20.268,4.481
2026-02-03 22:21:35.367,4.481
2026-02-03 22:23:35.470,4.46
2026-02-03 22:25:28.080,4.475
2026-02-03 22:27:05.668,4.475
2026-02-03 22:28:43.266,4.46
2026-02-03 22:30:20.869,4.46
2026-02-03 22:32:13.456,4.46
2026-02-03 22:33:58.535,4.46
2026-02-03 22:35:36.153,4.46
2026-02-03 22:37:21.242,4.46
2026-02-03 22:38:51.328,4.46
2026-02-03 22:40:43.941,4.46
2026-02-03 22:42:44.049,4.46
2026-02-03 22:44:44.165,4.46
2026-02-03 22:46:29.254,4.46
2026-02-03 22:48:29.347,4.476
2026-02-03 22:50:21.948,4.476
2026-02-03 22:52:07.048,4.476
2026-02-03 22:53:59.643,4.476
2026-02-03 23:43:56.623,4.426
2026-02-04 01:58:55.549,4.412
2026-02-04 04:13:56.474,4.404
2026-02-04 05:53:56.433,4.404
2026-02-04 06:38:55.057,4.404
2026-02-04 07:23:56.377,4.404
2026-02-04 08:08:56.354,4.404
2026-02-04 08:53:56.334,4.404
2026-02-04 09:38:56.306,4.404
2026-02-04 10:23:56.285,4.404
2026-02-04 11:08:56.244,4.404
2026-02-04 11:53:56.228,4.404
2026-02-04 12:38:56.202,4.404
2026-02-04 13:23:56.180,4.404
2026-02-04 14:08:54.278,4.404
2026-02-04 14:53:54.255,4.404
2026-02-04 15:38:54.232,4.404
2026-02-04 16:23:53.187,4.404
2026-02-04 17:08:54.178,4.404
2026-02-04 17:53:54.160,4.386
2026-02-05 17:26:02.144,4.275
2026-02-05 18:03:02.102,4.342
2026-02-05 18:48:02.074,4.352
2026-02-05 19:18:28.877,4.318
2026-02-05 19:20:28.938,4.316
2026-02-05 19:22:14.010,4.316
2026-02-05 19:23:44.072,4.312
2026-02-05 19:57:59.185,4.339
2026-02-05 20:33:18.871,4.34
2026-02-05 20:35:03.922,4.308
2026-02-05 20:36:56.493,4.308
2026-02-05 20:38:49.062,4.308
2026-02-05 20:40:41.623,4.303
2026-02-05 20:42:26.686,4.303
2026-02-05 20:44:19.251,4.303
2026-02-05 20:45:56.809,4.298
2026-02-05 20:47:41.862,4.298
2026-02-05 20:49:41.918,4.298
2026-02-05 20:51:34.478,4.294
2026-02-05 20:53:34.541,4.294
2026-02-05 21:28:00.134,4.317
2026-02-05 22:13:00.115,4.318
2026-02-05 23:38:00.058,4.318
2026-02-06 01:52:59.959,4.318
2026-02-06 04:07:59.901,4.312
2026-02-06 05:52:59.850,4.312
2026-02-06 06:37:59.831,4.312
2026-02-06 07:22:59.806,4.312
2026-02-06 08:07:59.776,4.312
2026-02-06 08:52:59.759,4.312
2026-02-06 09:37:59.722,4.312
2026-02-06 10:22:59.699,4.312
2026-02-06 11:07:59.675,4.312
2026-02-06 11:52:59.649,4.312
2026-02-06 12:37:59.629,4.312
2026-02-06 13:22:57.697,4.302
2026-02-06 14:07:57.663,4.302
2026-02-06 14:52:56.954,4.302
2026-02-06 15:37:57.619,4.302
2026-02-06 16:22:57.592,4.302
2026-02-06 17:07:57.568,4.302
2026-02-06 17:52:57.542,4.302
2026-02-06 18:37:57.517,4.302
2026-02-06 18:49:36.993,4.252
2026-02-06 18:51:44.568,4.252
2026-02-06 18:53:37.124,4.246
2026-02-06 18:55:44.685,4.239
2026-02-06 18:58:07.252,4.239
2026-02-06 19:00:07.306,4.239
2026-02-06 19:01:52.383,4.239
2026-02-06 19:03:52.457,4.232
2026-02-06 19:05:52.521,4.232
2026-02-06 19:07:52.588,4.232
2026-02-06 19:09:54.691,4.216
2026-02-06 19:11:32.253,4.216
2026-02-06 19:13:17.313,4.216
2026-02-06 19:15:17.367,4.216
2026-02-06 19:17:09.931,4.216
2026-02-06 19:57:57.475,4.25
2026-02-06 20:42:58.447,4.25
2026-02-06 21:27:58.414,4.25
2026-02-06 21:46:51.913,4.25
2026-02-06 21:48:44.474,4.224
2026-02-06 21:50:59.535,4.224
2026-02-06 21:52:56.949,4.219
2026-02-06 21:54:34.509,4.219
2026-02-06 21:56:27.086,4.215
2026-02-06 21:58:12.159,4.215
2026-02-06 22:00:04.727,4.215
2026-02-06 22:02:04.793,4.215
2026-02-06 22:03:42.369,4.205
2026-02-06 22:05:42.424,4.205
2026-02-06 22:07:19.983,4.203
2026-02-06 22:09:12.543,4.203
2026-02-06 22:27:58.365,4.195
2026-02-07 00:07:58.307,4.224
2026-02-07 02:22:58.230,4.217
2026-02-07 04:37:58.152,4.217
2026-02-07 06:02:58.116,4.218
2026-02-07 06:47:58.090,4.218
2026-02-07 07:32:56.136,4.218
2026-02-07 08:17:56.115,4.218
2026-02-07 09:02:55.025,4.218
2026-02-07 09:47:56.065,4.218
2026-02-07 10:32:56.033,4.218
2026-02-07 11:17:55.022,4.218
2026-02-07 12:02:57.001,4.218
2026-02-07 12:47:55.971,4.205
2026-02-07 13:32:55.948,4.205
2026-02-07 14:17:56.919,4.205
2026-02-07 15:02:55.893,4.205
2026-02-07 15:47:55.866,4.205
2026-02-07 16:32:55.844,4.205
2026-02-07 17:17:55.821,4.205
2026-02-07 18:02:56.791,4.205
2026-02-07 18:47:55.769,4.205
2026-02-07 19:32:56.741,4.193
2026-02-07 20:17:56.719,4.193
2026-02-07 21:02:56.692,4.19
2026-02-07 21:47:55.670,4.19
2026-02-07 22:32:55.651,4.19
2026-02-08 00:37:56.563,4.19
2026-02-08 02:52:56.477,4.19
2026-02-08 05:07:56.417,4.183
2026-02-08 06:12:54.017,4.183
2026-02-08 06:57:52.996,4.183
2026-02-08 07:42:52.968,4.18
2026-02-08 08:27:53.944,4.173
2026-02-08 09:12:53.919,4.173
2026-02-08 09:57:53.894,4.173
2026-02-08 10:42:53.885,4.173
2026-02-08 11:27:52.661,4.173
2026-02-08 12:12:53.816,4.173
2026-02-08 12:57:53.795,4.169
2026-02-08 13:42:53.765,4.169
2026-02-08 14:27:53.733,4.169
2026-02-08 15:12:53.719,4.169
2026-02-08 15:57:53.694,4.169
2026-02-08 16:42:53.678,4.169
2026-02-08 17:27:53.650,4.169
2026-02-08 18:12:53.617,4.169
2026-02-08 18:57:53.591,4.169
2026-02-08 19:42:53.567,4.169
2026-02-08 20:27:53.542,4.169
2026-02-08 21:12:53.522,4.169
2026-02-08 21:57:53.491,4.158
2026-02-08 22:14:56.975,4.158
2026-02-08 22:16:34.536,4.158
2026-02-08 22:18:34.607,4.158
2026-02-08 22:20:27.164,4.132
2026-02-08 22:22:12.223,4.132
2026-02-08 22:23:57.301,4.132
2026-02-08 22:26:04.886,4.132
2026-02-08 22:27:57.467,4.106
2026-02-08 22:29:50.038,4.106
2026-02-08 22:31:35.104,4.106
2026-02-08 22:33:20.177,4.117
2026-02-08 22:35:20.228,4.117
2026-02-08 22:37:27.790,4.11
2026-02-08 22:39:20.357,4.11
2026-02-08 22:41:12.919,4.11
2026-02-08 22:42:57.987,4.11
2026-02-08 22:44:43.054,4.11
2026-02-08 22:46:37.063,4.107
2026-02-08 22:48:22.128,4.107
2026-02-08 23:02:53.455,4.122
2026-02-09 00:37:53.410,4.126
2026-02-09 02:52:53.335,4.126
2026-02-09 05:07:54.258,4.121
2026-02-09 06:07:51.703,4.114
2026-02-09 06:52:51.680,4.12
2026-02-09 07:37:50.668,4.12
2026-02-09 08:22:50.624,4.12
2026-02-09 09:07:50.612,4.12
2026-02-09 09:52:51.582,4.12
2026-02-09 10:37:51.562,4.12
2026-02-09 11:22:51.540,4.12
2026-02-09 12:07:51.509,4.12
2026-02-09 12:52:51.484,4.12
2026-02-09 13:37:51.459,4.12
2026-02-09 14:22:51.436,4.12
2026-02-09 15:07:51.406,4.12
2026-02-09 15:52:51.396,4.108
2026-02-10 01:52:51.042,4.004
2026-02-10 04:07:50.965,4.004
2026-02-10 06:22:50.884,3.999
2026-02-10 08:37:50.816,3.999
2026-02-10 10:52:50.736,3.999
2026-02-10 13:07:51.659,3.999
2026-02-10 15:22:51.583,3.999
2026-02-10 17:28:13.977,3.968
2026-02-10 17:30:12.648,3.968
2026-02-10 17:32:05.204,3.959
2026-02-10 17:33:50.260,3.954
2026-02-10 17:35:50.309,3.935
2026-02-10 17:37:50.375,3.935
2026-02-10 17:39:42.940,3.93
2026-02-10 17:53:31.341,3.937
2026-02-10 17:55:23.909,3.904
2026-02-10 17:57:08.973,3.904
2026-02-10 17:58:54.039,3.917
2026-02-10 18:00:39.102,3.917
2026-02-10 18:02:39.174,3.917
2026-02-10 18:04:16.745,3.917
2026-02-10 18:06:16.806,3.923
2026-02-10 18:08:09.371,3.923
2026-02-10 18:10:01.945,3.925
2026-02-10 18:11:39.510,3.925
2026-02-10 18:13:32.085,3.925
2026-02-10 18:15:17.145,3.925
2026-02-10 18:17:09.714,3.925
2026-02-10 18:18:54.784,3.925
2026-02-10 18:20:39.852,3.925
2026-02-10 18:22:39.922,3.903
2026-02-10 18:24:32.492,3.903
2026-02-10 18:26:17.552,3.903
2026-02-10 18:28:17.626,3.903
2026-02-10 18:30:10.191,3.903
2026-02-10 18:31:55.245,3.898
2026-02-10 18:33:40.300,3.898
2026-02-10 18:35:32.868,3.898
2026-02-10 18:37:25.419,3.886
2026-02-10 18:39:40.485,3.886
2026-02-10 18:41:40.550,3.886
2026-02-10 18:43:25.628,3.886
2026-02-10 18:45:18.204,3.886
2026-02-10 18:52:47.659,3.886
2026-02-10 19:28:06.337,3.882
2026-02-10 19:30:06.389,3.891
2026-02-10 19:32:06.444,3.891
2026-02-10 19:34:06.497,3.885
2026-02-10 19:47:47.627,3.885
2026-02-10 20:32:47.605,3.902
2026-02-10 21:17:47.597,3.902
2026-02-10 22:02:47.553,3.902
2026-02-10 23:07:47.510,3.901
2026-02-11 01:22:47.435,3.901
2026-02-11 03:37:47.354,3.901
2026-02-11 05:32:48.302,3.896
2026-02-11 06:17:47.304,3.896
2026-02-11 07:02:47.253,3.896
2026-02-11 07:47:47.226,3.896
2026-02-11 09:22:47.164,3.896
2026-02-11 11:37:47.091,3.896
2026-02-11 13:52:47.017,3.896
2026-02-11 14:42:44.827,3.885
2026-02-11 15:27:44.797,3.885
2026-02-11 16:12:45.790,3.887
2026-02-11 16:57:44.748,3.887
2026-02-11 17:42:44.725,3.887
2026-02-11 18:27:44.699,3.887
2026-02-11 19:12:44.685,3.887
2026-02-11 19:57:44.648,3.887
2026-02-11 20:38:58.701,3.887
2026-02-11 20:40:58.774,3.851
2026-02-11 20:42:51.348,3.851
2026-02-11 20:44:43.918,3.864
2026-02-11 20:46:36.475,3.864
2026-02-11 20:48:14.039,3.864
2026-02-11 20:50:14.104,3.864
2026-02-11 20:52:29.172,3.851
2026-02-11 20:54:18.740,3.851
2026-02-11 20:56:11.296,3.851
2026-02-11 21:07:44.604,3.851
2026-02-11 21:52:45.588,3.861
2026-02-11 22:52:45.541,3.875
2026-02-12 01:07:45.463,3.875
2026-02-12 03:22:45.389,3.875
2026-02-12 05:37:45.322,3.875
2026-02-12 06:27:45.290,3.87
2026-02-12 07:12:44.158,3.87
2026-02-12 07:57:45.217,3.87
2026-02-12 08:42:43.375,3.87
2026-02-12 09:27:43.350,3.87
2026-02-12 10:12:43.329,3.87
2026-02-12 10:57:43.295,3.87
2026-02-12 11:42:43.282,3.87
2026-02-12 12:27:43.255,3.87
2026-02-12 13:12:43.221,3.87
2026-02-12 13:57:43.189,3.87
2026-02-12 14:42:43.166,3.87
2026-02-12 15:27:43.147,3.854
2026-02-12 16:12:43.118,3.854
2026-02-12 16:38:22.320,3.854
2026-02-12 16:40:22.380,3.835
2026-02-12 16:42:22.441,3.832
2026-02-12 16:44:30.000,3.833
2026-02-12 16:46:22.569,3.833
2026-02-12 16:48:15.136,3.842
2026-02-12 16:52:43.083,3.842
2026-02-12 17:08:49.822,3.842
2026-02-12 17:10:57.368,3.818
2026-02-12 17:13:04.925,3.818
2026-02-12 17:14:57.467,3.818
2026-02-12 17:17:05.009,3.816
2026-02-12 17:19:12.548,3.81
2026-02-12 17:21:12.596,3.81
2026-02-12 17:23:27.310,3.81
2026-02-12 17:25:34.862,3.804
2026-02-12 17:27:19.921,3.804
2026-02-12 17:29:12.495,3.804
2026-02-12 17:31:20.070,3.804
2026-02-12 17:33:12.650,3.804
2026-02-12 17:35:05.207,3.804
2026-02-12 17:36:35.273,3.804
2026-02-12 17:38:20.356,3.82
2026-02-12 17:40:20.407,3.82
2026-02-12 17:42:05.473,3.82
2026-02-12 17:43:35.538,3.82
2026-02-12 17:45:28.108,3.82
2026-02-12 17:47:28.172,3.82
2026-02-12 17:49:13.248,3.812
2026-02-12 17:50:58.309,3.812
2026-02-12 17:52:43.380,3.81
2026-02-12 17:54:28.441,3.81
2026-02-12 17:56:06.008,3.81
2026-02-12 17:57:51.070,3.81
2026-02-12 18:00:06.130,3.81
2026-02-12 18:01:43.697,3.81
2026-02-12 18:03:58.765,3.81
2026-02-12 18:05:58.840,3.81
2026-02-12 18:07:43.904,3.81
2026-02-12 18:09:36.476,3.81
2026-02-12 18:11:29.035,3.81
2026-02-12 18:13:21.595,3.81
2026-02-12 18:15:06.661,3.81
2026-02-12 18:16:51.725,3.809
2026-02-12 18:18:36.784,3.809
2026-02-12 18:20:14.350,3.804
2026-02-12 18:22:14.412,3.804
2026-02-12 18:24:06.975,3.804
2026-02-12 18:26:14.536,3.804
2026-02-12 18:28:22.498,3.76
2026-02-12 18:30:07.554,3.76
2026-02-12 18:57:44.026,3.818
2026-02-12 19:04:24.859,3.798
2026-02-12 19:06:24.908,3.798
2026-02-12 19:08:32.481,3.768
2026-02-12 19:10:25.038,3.768
2026-02-12 19:12:02.596,3.768
2026-02-12 19:14:10.148,3.768
2026-02-12 19:16:17.691,3.788
2026-02-12 19:18:25.255,3.788
2026-02-12 19:20:02.813,3.788
2026-02-12 19:21:40.382,3.788
2026-02-12 19:23:32.946,3.787
2026-02-12 19:25:18.002,3.787
2026-02-12 19:27:10.554,3.777
2026-02-12 19:28:48.120,3.777
2026-02-12 19:30:40.695,3.777
2026-02-12 19:32:25.762,3.777
2026-02-12 19:34:03.327,3.766
2026-02-12 19:36:03.384,3.766
2026-02-12 19:37:52.302,3.766
2026-02-12 19:39:52.353,3.766
2026-02-12 19:41:44.911,3.766
2026-02-12 19:43:29.965,3.766
2026-02-12 19:45:07.533,3.766
2026-02-12 19:47:07.586,3.758
2026-02-12 19:49:07.655,3.758
2026-02-12 19:51:07.717,3.758
2026-02-12 19:53:07.787,3.777
2026-02-12 19:55:00.350,3.777
2026-02-12 19:57:07.919,3.777
2026-02-12 19:59:00.481,3.777
2026-02-12 20:00:53.040,3.763
2026-02-12 20:03:08.123,3.763
2026-02-12 20:22:43.971,3.791
2026-02-12 21:07:42.965,3.793
2026-02-12 21:19:37.349,3.754
2026-02-12 21:21:22.404,3.761
2026-02-12 21:23:17.317,3.761
2026-02-12 21:25:17.373,3.761
2026-02-12 21:27:02.444,3.755
2026-02-12 21:28:47.514,3.755
2026-02-12 21:31:10.069,3.755
2026-02-12 21:33:25.134,3.766
2026-02-12 21:35:10.196,3.766
2026-02-12 21:37:10.255,3.766
2026-02-12 21:39:17.818,3.718
2026-02-12 21:41:17.858,3.718
2026-02-12 21:43:10.416,3.725
2026-02-12 21:44:47.987,3.725
2026-02-12 21:46:33.061,3.725
2026-02-12 21:48:10.628,3.725
2026-02-12 21:49:48.194,3.725
2026-02-12 21:51:18.260,3.754
2026-02-12 21:53:40.836,3.754
2026-02-12 21:55:33.405,3.754
2026-02-12 21:58:44.840,3.749
2026-02-12 22:00:37.407,3.749
2026-02-12 22:02:29.969,3.749
2026-02-12 22:04:07.539,3.749
2026-02-12 22:06:30.095,3.74
2026-02-12 22:08:37.651,3.74
2026-02-12 22:10:30.213,3.74
2026-02-12 22:12:30.279,3.74
2026-02-12 22:14:22.852,3.74
2026-02-12 22:16:15.416,3.753
2026-02-12 22:18:15.491,3.913
2026-02-12 22:19:53.067,3.936
2026-02-12 22:21:30.640,3.946
2026-02-12 22:23:30.709,3.96
2026-02-12 22:25:38.287,3.975
2026-02-12 22:27:23.391,3.987
2026-02-12 22:29:00.997,3.995
2026-02-12 22:30:46.076,4.003
2026-02-12 22:32:46.176,4.011
2026-02-12 22:34:31.268,4.015
2026-02-12 22:36:31.360,4.031
2026-02-12 22:38:31.457,4.038
2026-02-12 22:40:37.815,4.051
2026-02-12 22:42:22.902,4.062
2026-02-12 22:44:15.495,4.075
2026-02-12 22:46:08.089,4.086
2026-02-12 22:48:00.667,4.093
2026-02-12 22:50:08.271,4.115
2026-02-12 22:51:53.355,4.125
2026-02-12 22:54:08.447,4.132
2026-02-12 22:56:08.501,4.132
2026-02-12 22:58:16.091,4.166
2026-02-12 22:59:53.674,4.178
2026-02-12 23:01:53.770,4.198
2026-02-12 23:03:23.858,4.208
2026-02-12 23:05:23.937,4.221
2026-02-12 23:07:39.003,4.228
2026-02-12 23:09:31.605,4.25
2026-02-12 23:11:24.187,4.27
2026-02-12 23:13:09.277,4.288
2026-02-12 23:15:09.374,4.308
2026-02-12 23:17:09.458,4.327
2026-02-12 23:19:02.061,4.341
2026-02-12 23:52:43.851,4.163
2026-02-13 02:07:43.768,4.16
2026-02-13 04:22:43.695,4.16
2026-02-13 05:52:41.296,4.153
2026-02-13 06:37:39.940,4.153
2026-02-13 07:22:41.238,4.153
2026-02-13 08:07:41.205,4.153
2026-02-13 08:52:41.198,4.153
2026-02-13 09:37:41.178,4.153
2026-02-13 10:22:41.146,4.153
2026-02-13 11:07:41.118,4.153
2026-02-13 11:52:41.091,4.153
2026-02-13 12:37:41.086,4.153
2026-02-13 13:22:41.050,4.153
2026-02-13 14:37:41.007,4.139
2026-02-13 16:52:40.924,4.138
2026-02-14 00:42:13.426,4.065
2026-02-14 01:22:38.787,4.061
2026-02-14 03:37:38.684,4.063
2026-02-14 05:52:38.627,4.063
2026-02-14 08:07:39.539,4.063
2026-02-14 10:22:39.455,4.063
2026-02-14 12:37:39.384,4.055
2026-02-14 14:52:39.313,4.055
2026-02-14 17:07:39.229,4.055
2026-02-14 17:24:50.411,4.017
2026-02-14 17:26:42.978,4.013
2026-02-14 17:28:20.548,4.016
2026-02-14 17:30:13.129,4.017
2026-02-14 17:32:13.206,4.011
2026-02-14 17:34:03.880,4.011
2026-02-14 17:35:33.953,4.009
2026-02-14 17:37:26.518,4.006
2026-02-14 17:39:04.092,4.006
2026-02-14 17:40:41.659,3.988
2026-02-14 17:42:34.237,3.988
2026-02-14 17:44:26.806,3.988
2026-02-14 17:46:19.384,3.988
2026-02-14 17:48:04.449,3.997
2026-02-14 17:49:42.008,3.997
2026-02-14 17:51:12.078,3.997
2026-02-14 17:52:42.130,3.997
2026-02-14 17:54:42.195,3.997
2026-02-14 17:56:34.768,3.997
2026-02-14 17:58:34.827,3.997
2026-02-14 18:00:04.895,3.991
2026-02-14 18:02:12.459,3.991
2026-02-14 18:03:57.526,3.991
2026-02-14 18:05:42.592,3.991
2026-02-14 18:07:27.669,3.991
2026-02-14 18:09:20.240,3.991
2026-02-14 18:17:37.299,3.983
2026-02-14 19:02:37.281,3.991
2026-02-14 19:47:36.169,3.991
2026-02-14 19:54:33.701,3.971
2026-02-14 19:56:56.242,3.971
2026-02-14 19:59:11.284,3.971
2026-02-14 20:00:48.824,3.963
2026-02-14 20:02:36.167,3.957
2026-02-14 20:04:36.209,3.957
2026-02-14 20:06:28.747,3.957
2026-02-14 20:08:43.789,3.957
2026-02-14 20:10:36.332,3.957
2026-02-14 20:12:28.867,3.957
2026-02-14 20:14:36.406,3.943
2026-02-14 20:16:13.941,3.943
2026-02-14 20:18:21.480,3.943
2026-02-14 20:20:29.024,3.943
2026-02-14 20:22:36.168,3.943
2026-02-14 20:24:36.207,3.933
2026-02-14 20:26:28.754,3.933
2026-02-14 20:28:51.302,3.932
2026-02-14 20:30:36.346,3.932
2026-02-14 20:32:13.878,3.923
2026-02-14 20:34:13.919,3.922
2026-02-14 20:36:21.464,3.922
2026-02-14 20:38:29.014,3.922
2026-02-14 20:40:36.554,3.918
2026-02-14 20:42:29.095,3.918
2026-02-14 20:44:29.141,3.918
2026-02-14 20:46:14.195,3.918
2026-02-14 20:48:06.766,3.918
2026-02-14 20:49:51.823,3.918
2026-02-14 20:51:44.382,3.904
2026-02-14 20:53:59.451,3.904
2026-02-14 20:55:52.020,3.904
2026-02-14 20:57:37.075,3.904
2026-02-14 20:59:22.141,3.904
2026-02-14 21:01:07.212,3.902
2026-02-14 21:02:59.775,3.902
2026-02-14 21:04:44.829,3.902
2026-02-14 21:06:44.887,3.902
2026-02-14 21:08:37.464,3.902
2026-02-14 21:10:30.028,3.894
2026-02-14 21:12:15.087,3.894
2026-02-14 21:27:36.202,3.907
2026-02-14 22:12:38.166,3.908
2026-02-14 22:56:57.692,3.903
2026-02-14 22:58:50.252,3.888
2026-02-14 23:00:42.830,3.888
2026-02-14 23:02:27.892,3.887
2026-02-14 23:04:12.942,3.887
2026-02-14 23:05:58.009,3.887
2026-02-14 23:07:58.063,3.867
2026-02-14 23:09:50.620,3.867
2026-02-14 23:11:43.185,3.867
2026-02-14 23:13:35.752,3.867
2026-02-14 23:15:43.320,3.867
2026-02-14 23:17:35.873,3.875
2026-02-14 23:19:58.435,3.875
2026-02-14 23:21:43.503,3.875
2026-02-14 23:24:13.558,3.863
2026-02-15 00:21:24.723,3.887
2026-02-15 00:23:37.274,3.858
2026-02-15 00:25:37.334,3.858
2026-02-15 00:27:22.397,3.858
2026-02-15 00:29:14.958,3.858
2026-02-15 00:31:15.029,3.854
2026-02-15 00:33:15.107,3.854
2026-02-15 00:35:00.164,3.854
2026-02-15 00:37:00.232,3.854
2026-02-15 00:38:52.802,3.854
2026-02-15 00:40:52.882,3.854
2026-02-15 00:42:30.441,3.851
2026-02-15 00:44:52.997,3.851
2026-02-15 00:46:45.552,3.844
2026-02-15 00:48:53.115,3.844
2026-02-15 01:37:37.068,3.872
2026-02-15 03:52:36.976,3.872
2026-02-15 05:47:37.938,3.87
2026-02-15 06:32:36.903,3.87
2026-02-15 07:17:36.888,3.87
2026-02-15 08:02:36.869,3.87
2026-02-15 08:47:36.828,3.87
2026-02-15 09:32:37.816,3.87
2026-02-15 10:17:36.787,3.867
2026-02-15 11:02:36.765,3.867
2026-02-15 11:47:34.847,3.867
2026-02-15 12:32:35.829,3.867
2026-02-15 13:17:34.797,3.867
2026-02-15 14:02:34.774,3.867
2026-02-15 14:47:34.745,3.867
2026-02-15 15:32:35.731,3.867
2026-02-15 16:17:35.702,3.867
2026-02-15 17:02:35.673,3.867
2026-02-15 17:47:34.648,3.867
2026-02-15 18:27:51.798,3.853
2026-02-15 18:29:44.367,3.83
2026-02-15 18:31:44.429,3.839
2026-02-15 18:33:29.497,3.838
2026-02-15 18:35:29.559,3.839
2026-02-15 18:37:37.121,3.846
2026-02-15 18:39:29.698,3.846
2026-02-15 18:41:14.757,3.84
2026-02-15 18:43:07.326,3.84
2026-02-15 18:44:44.911,3.837
2026-02-15 18:46:44.982,3.837
2026-02-15 18:48:45.054,3.84
2026-02-15 18:50:45.103,3.84
2026-02-15 18:52:30.157,3.84
2026-02-15 18:54:22.712,3.84
2026-02-15 18:56:19.841,3.84
2026-02-15 19:07:35.585,3.836
2026-02-15 19:52:35.562,3.848
2026-02-15 20:20:49.966,3.798
2026-02-15 20:22:42.534,3.822
2026-02-15 20:24:20.101,3.822
2026-02-15 20:26:27.658,3.822
2026-02-15 20:28:05.235,3.817
2026-02-15 20:30:05.300,3.817
2026-02-15 20:31:57.863,3.825
2026-02-15 20:33:42.931,3.825
2026-02-15 20:35:35.492,3.825
2026-02-15 20:37:35.551,3.827
2026-02-15 20:39:13.126,3.827
2026-02-15 20:40:43.187,3.827
2026-02-15 20:42:20.755,3.827
2026-02-15 20:44:28.327,3.827
2026-02-15 20:46:13.391,3.82
2026-02-15 20:48:13.475,3.82
2026-02-15 20:49:58.558,3.82
2026-02-15 20:51:51.132,3.815
2026-02-15 20:53:43.696,3.815
2026-02-15 20:55:21.252,3.815
2026-02-15 20:57:06.317,3.815
2026-02-15 20:59:06.398,3.815
2026-02-15 21:01:06.457,3.815
2026-02-15 21:02:59.038,3.819
2026-02-15 21:05:03.895,3.819
2026-02-15 21:07:03.955,3.808
2026-02-15 21:09:04.027,3.808
2026-02-15 21:11:04.082,3.808
2026-02-15 21:12:56.649,3.808
2026-02-15 21:14:41.711,3.808
2026-02-15 21:16:49.266,3.808
2026-02-15 21:18:34.323,3.808
2026-02-15 21:20:26.901,3.804
2026-02-15 21:22:11.958,3.804
2026-02-15 21:23:42.015,3.804
2026-02-15 21:25:27.081,3.804
2026-02-15 21:27:19.652,3.804
2026-02-15 21:29:19.731,3.804
2026-02-15 21:30:57.306,3.8
2026-02-15 21:32:57.373,3.8
2026-02-15 21:34:34.941,3.8
2026-02-15 21:36:19.993,3.8
2026-02-15 21:38:12.564,3.8
2026-02-15 21:39:42.625,3.8
2026-02-15 21:41:42.688,3.8
2026-02-15 21:43:50.252,3.801
2026-02-15 21:45:50.313,3.801
2026-02-15 21:47:50.377,3.801
2026-02-15 21:49:35.440,3.801
2026-02-15 21:51:28.002,3.801
2026-02-15 21:53:05.570,3.801
2026-02-15 21:54:58.138,3.801
2026-02-15 21:56:28.206,3.793
2026-02-15 21:58:13.262,3.793
2026-02-16 00:02:35.450,3.919
2026-02-16 01:07:35.400,3.901
2026-02-16 03:22:35.316,3.895
2026-02-16 05:32:35.237,3.892
2026-02-16 06:17:33.329,3.891
2026-02-16 07:02:32.393,3.891
2026-02-16 07:47:33.280,3.891
2026-02-16 08:32:33.249,3.886
2026-02-16 09:17:33.227,3.886
2026-02-16 10:02:34.212,3.886
2026-02-16 10:47:33.181,3.886
2026-02-16 11:32:33.155,3.886
2026-02-16 12:17:34.123,3.886
2026-02-16 12:33:47.418,3.839
2026-02-16 12:35:24.971,3.851
2026-02-16 12:37:17.540,3.851
2026-02-16 12:39:17.599,3.851
2026-02-16 12:41:02.660,3.849
2026-02-16 12:42:40.224,3.849
2026-02-16 12:44:40.276,3.849
2026-02-16 12:46:25.340,3.849
2026-02-16 12:48:25.399,3.839
2026-02-16 12:49:55.463,3.839
2026-02-16 12:51:40.532,3.839
2026-02-16 12:53:48.092,3.839
2026-02-16 13:22:34.085,3.863
2026-02-16 14:02:32.397,3.863
2026-02-16 14:47:33.045,3.863
2026-02-16 15:32:33.012,3.863
2026-02-16 16:17:32.989,3.86
2026-02-16 17:02:32.963,3.86
2026-02-16 17:47:33.915,3.86
2026-02-16 18:32:33.917,3.86
2026-02-16 19:17:32.896,3.86
2026-02-16 20:02:32.865,3.86
2026-02-16 20:18:47.424,3.832
2026-02-16 20:20:54.983,3.841
2026-02-16 20:22:40.039,3.841
2026-02-16 20:24:47.600,3.841
2026-02-16 20:26:25.163,3.84
2026-02-16 20:28:32.730,3.84
2026-02-16 20:30:10.301,3.84
2026-02-16 20:31:55.362,3.833
2026-02-16 20:33:47.928,3.833
2026-02-16 20:35:25.492,3.833
2026-02-16 20:37:03.053,3.833
2026-02-16 20:38:48.125,3.834
2026-02-16 20:40:18.192,3.834
2026-02-16 20:42:18.253,3.834
2026-02-16 20:44:03.318,3.834
2026-02-16 20:45:55.881,3.834
2026-02-16 20:48:03.457,3.834
2026-02-16 20:50:03.536,3.834
2026-02-16 20:52:11.108,3.834
2026-02-16 20:54:03.672,3.834
2026-02-16 20:55:49.791,3.834
2026-02-16 20:57:42.375,3.834
2026-02-16 20:59:12.439,3.824
2026-02-16 21:00:50.002,3.824
2026-02-16 21:02:27.559,3.824
2026-02-16 21:04:05.123,3.826
2026-02-16 21:06:05.190,3.826
2026-02-16 21:07:42.754,3.826
2026-02-16 21:09:50.318,3.825
2026-02-16 21:11:42.874,3.825
2026-02-16 21:13:28.844,3.821
2026-02-16 21:15:06.405,3.821
2026-02-16 21:16:51.461,3.821
2026-02-16 21:18:29.025,3.821
2026-02-16 21:20:06.599,3.821
2026-02-16 21:21:44.162,3.821
2026-02-16 21:23:51.717,3.82
2026-02-16 21:26:14.288,3.82
2026-02-16 21:28:06.855,3.82
2026-02-16 21:29:44.146,3.767
2026-02-16 21:31:51.716,3.811
2026-02-16 21:33:44.295,3.811
2026-02-16 21:35:29.357,3.808
2026-02-16 21:37:06.921,3.808
2026-02-16 21:38:59.503,3.808
2026-02-16 21:40:44.573,3.804
2026-02-16 21:42:29.630,3.804
2026-02-16 21:44:07.209,3.804
2026-02-16 21:45:52.268,3.804
2026-02-16 21:47:29.839,3.804
2026-02-16 21:49:22.409,3.802
2026-02-16 21:51:14.980,3.802
2026-02-16 21:53:07.558,3.802
2026-02-16 21:55:07.626,3.802
2026-02-16 21:57:08.546,3.806
2026-02-16 21:58:38.618,3.806
2026-02-16 22:00:23.680,3.803
2026-02-16 22:02:23.745,3.803
2026-02-16 22:04:16.311,3.803
2026-02-16 22:06:01.386,3.803
2026-02-16 22:07:46.451,3.798
2026-02-16 22:10:01.494,3.798
2026-02-16 22:12:09.033,3.798
2026-02-16 22:14:09.074,3.798
2026-02-16 22:16:09.111,3.798
2026-02-16 22:18:24.154,3.798
2026-02-16 22:20:16.697,3.798
2026-02-16 22:22:31.737,3.794
2026-02-16 22:24:39.277,3.794
2026-02-16 22:26:31.807,3.794
2026-02-16 22:28:39.359,3.794
2026-02-16 22:30:31.897,3.794
2026-02-16 22:32:31.932,3.794
2026-02-16 22:34:39.478,3.794
2026-02-16 22:36:47.026,3.792
2026-02-16 22:38:32.106,3.792
2026-02-16 22:42:32.785,3.792
2026-02-16 23:52:33.718,3.808
2026-02-17 02:07:33.646,3.812
2026-02-17 04:22:33.575,3.812
2026-02-17 05:57:31.051,3.812
2026-02-17 06:42:31.022,3.812
2026-02-17 07:27:31.041,3.812
2026-02-17 08:12:30.970,3.812
2026-02-17 08:57:31.957,3.812
2026-02-17 09:42:30.916,3.806
2026-02-17 10:27:31.898,3.806
2026-02-17 11:12:30.865,3.806
2026-02-17 11:57:30.831,3.806
2026-02-17 12:42:30.792,3.806
2026-02-17 13:27:30.797,3.806
2026-02-17 14:12:30.769,3.806
2026-02-17 14:57:31.740,3.806
2026-02-17 15:42:31.705,3.806
2026-02-17 16:27:30.803,3.806
2026-02-17 17:12:30.665,3.807
2026-02-17 17:57:30.635,3.807
2026-02-17 18:32:49.909,3.757
2026-02-17 18:34:57.483,3.781
2026-02-17 18:36:27.557,3.781
2026-02-17 18:38:20.132,3.783
2026-02-17 18:40:05.204,3.783
2026-02-17 18:41:50.272,3.764
2026-02-17 18:43:42.839,3.764
2026-02-17 18:45:20.408,3.764
2026-02-17 18:47:20.479,3.772
2026-02-17 18:48:58.051,3.772
2026-02-17 18:50:58.131,3.768
2026-02-17 18:52:35.710,3.768
2026-02-17 18:54:20.764,3.768
2026-02-17 18:56:05.833,3.768
2026-02-17 18:57:43.393,3.768
2026-02-17 18:59:13.466,3.769
2026-02-17 19:00:58.542,3.769
2026-02-17 19:03:13.617,3.769
2026-02-17 19:05:13.687,3.762
2026-02-17 19:06:58.772,3.762
2026-02-17 19:09:13.879,3.762
2026-02-17 19:27:30.577,3.787
2026-02-17 19:58:07.411,3.772
2026-02-17 20:00:14.953,3.772
2026-02-17 20:02:22.500,3.872
2026-02-17 20:04:22.577,3.888
2026-02-17 20:06:22.651,3.892
2026-02-17 20:08:07.730,3.892
2026-02-17 20:10:15.302,3.886
2026-02-17 20:12:07.865,3.873
2026-02-17 20:14:00.429,3.873
2026-02-17 20:15:53.006,3.873
2026-02-17 20:17:38.075,3.878
2026-02-17 20:19:23.122,3.878
2026-02-17 20:21:23.195,3.883
2026-02-17 20:23:24.927,3.883
2026-02-17 20:25:24.989,3.886
2026-02-17 20:27:10.048,3.886
2026-02-17 20:29:10.123,3.897
2026-02-17 20:31:10.189,3.897
2026-02-17 20:33:10.242,3.907
2026-02-17 20:35:02.812,3.907
2026-02-17 20:36:47.880,3.907
2026-02-17 20:38:25.451,3.915
2026-02-17 20:40:10.514,3.915
2026-02-17 20:42:03.096,3.917
2026-02-17 20:43:55.678,3.917
2026-02-17 20:46:10.753,3.928
2026-02-17 20:48:10.818,3.936
2026-02-17 20:49:55.878,3.936
2026-02-17 20:51:40.943,3.941
2026-02-17 20:53:41.000,3.941
2026-02-17 20:55:41.077,3.943
2026-02-17 20:57:26.139,3.95
2026-02-17 20:59:03.704,3.95
2026-02-17 21:00:41.286,3.958
2026-02-17 21:02:18.854,3.958
2026-02-17 21:03:56.429,3.971
2026-02-17 21:05:48.994,3.971
2026-02-17 21:07:49.067,3.972
2026-02-17 21:09:34.149,3.981
2026-02-17 21:11:26.722,3.981
2026-02-17 21:13:19.306,3.992
2026-02-17 21:15:19.378,4.001
2026-02-17 21:17:11.954,4.013
2026-02-17 21:18:57.026,4.013
2026-02-17 21:20:42.094,4.022
2026-02-17 21:22:34.664,4.022
2026-02-17 21:24:19.731,4.033
2026-02-17 21:25:49.801,4.047
2026-02-17 21:28:04.866,4.047
2026-02-17 21:29:57.436,4.055
2026-02-17 21:31:42.502,4.058
2026-02-17 21:33:20.061,4.058
2026-02-17 21:35:20.128,4.067
2026-02-17 21:37:12.701,4.072
2026-02-17 21:39:05.249,4.072
2026-02-17 21:40:50.315,4.018
2026-02-17 21:42:27.886,4.018
2026-02-17 21:43:57.948,4.005
2026-02-17 21:45:50.510,4.0
2026-02-17 21:47:50.590,4.0
2026-02-17 21:49:43.159,3.992
2026-02-17 21:51:35.731,3.992
2026-02-17 21:53:20.802,3.977
2026-02-17 21:55:05.869,3.977
2026-02-17 21:56:43.434,3.981
2026-02-17 21:58:51.014,3.98
2026-02-17 22:00:28.596,3.939
2026-02-17 22:01:58.664,3.939
2026-02-17 22:03:36.221,3.982
2026-02-17 22:05:28.792,3.974
2026-02-17 22:07:28.859,3.974
2026-02-17 22:09:13.932,3.975
2026-02-17 22:10:51.500,3.975
2026-02-17 22:12:29.081,3.973
2026-02-17 22:14:21.640,3.973
2026-02-17 22:16:14.210,3.973
2026-02-17 22:17:59.281,3.973
2026-02-17 22:19:44.347,3.973
2026-02-17 22:21:36.913,3.973
2026-02-17 22:23:21.996,3.964
2026-02-17 22:25:22.050,3.964
2026-02-17 22:27:14.610,3.964
2026-02-17 22:29:05.128,3.963
2026-02-17 22:30:42.698,3.963
2026-02-17 22:32:27.762,3.963
2026-02-17 22:47:30.484,3.973
2026-02-18 00:22:30.406,3.973
2026-02-18 02:37:31.339,3.973
2026-02-18 04:52:29.906,3.973
2026-02-18 05:57:28.734,3.966
2026-02-18 06:42:27.712,3.966
2026-02-18 07:27:28.692,3.966
2026-02-18 08:12:28.657,3.966
2026-02-18 08:57:28.628,3.966
2026-02-18 09:42:28.607,3.966
2026-02-18 10:27:28.577,3.966
2026-02-18 11:12:28.567,3.966
2026-02-18 11:57:28.538,3.966
2026-02-18 12:42:28.516,3.966
2026-02-18 13:27:28.474,3.944
2026-02-18 14:12:29.456,3.944
2026-02-18 14:57:28.437,3.944
2026-02-18 15:42:28.385,3.944
2026-02-18 16:27:29.382,3.944
2026-02-18 17:12:28.349,3.944
2026-02-18 17:57:28.339,3.944
2026-02-18 18:42:28.295,3.932
2026-02-18 18:55:32.477,3.907
2026-02-18 18:57:32.542,3.907
2026-02-18 18:59:40.113,3.907
2026-02-18 19:01:25.175,3.901
2026-02-18 19:02:55.243,3.901
2026-02-18 19:04:25.309,3.901
2026-02-18 19:06:02.876,3.898
2026-02-18 19:07:40.440,3.898
2026-02-18 19:09:49.971,3.898
2026-02-18 19:11:42.537,3.898
2026-02-18 19:13:27.604,3.898
2026-02-18 19:15:12.667,3.898
2026-02-18 19:16:50.228,3.89
2026-02-18 19:18:27.782,3.89
2026-02-18 19:20:12.850,3.89
2026-02-18 19:22:12.912,3.89
2026-02-18 19:23:42.985,3.89
2026-02-18 19:25:20.555,3.89
2026-02-18 19:27:13.114,3.89
2026-02-18 19:28:58.182,3.881
2026-02-18 19:31:05.759,3.879
2026-02-18 19:32:35.811,3.879
2026-02-18 19:34:20.874,3.879
2026-02-18 19:36:05.935,3.879
2026-02-18 19:37:51.012,3.879
2026-02-18 19:39:28.577,3.879
2026-02-18 19:41:28.646,3.879
2026-02-18 19:43:28.712,3.879
2026-02-18 19:45:21.263,3.879
2026-02-18 19:47:21.323,3.879
2026-02-18 19:49:06.406,3.879
2026-02-18 19:50:36.472,3.879
2026-02-18 19:54:10.042,3.879
2026-02-18 19:56:02.606,3.879
2026-02-18 19:58:02.670,3.865
2026-02-18 20:00:02.737,3.865
2026-02-18 20:01:55.312,3.865
2026-02-18 20:03:42.450,3.865
2026-02-18 20:05:35.018,3.865
2026-02-18 20:07:35.082,3.868
2026-02-18 20:09:12.660,3.868
2026-02-18 20:10:57.724,3.868
2026-02-18 20:12:42.801,3.868
2026-02-18 20:14:20.371,3.868
2026-02-18 20:16:27.937,3.865
2026-02-18 20:18:28.010,3.865
2026-02-18 20:20:13.082,3.865
2026-02-18 20:22:20.653,3.865
2026-02-18 20:24:37.597,3.858
2026-02-18 20:26:30.155,3.858
2026-02-18 20:28:15.215,3.858
2026-02-18 20:29:52.785,3.858
2026-02-18 20:31:30.353,3.855
2026-02-18 20:33:37.921,3.855
2026-02-18 20:35:30.484,3.855
2026-02-18 20:37:23.051,3.855
2026-02-18 20:39:08.132,3.855
2026-02-18 20:40:52.904,3.855
2026-02-18 20:42:45.458,3.855
2026-02-18 20:44:38.016,3.855
2026-02-18 20:46:38.087,3.849
2026-02-18 20:48:15.651,3.849
2026-02-18 20:50:00.717,3.849
2026-02-18 20:51:45.786,3.849
2026-02-18 20:53:53.345,3.849
2026-02-18 20:55:38.421,3.849
2026-02-18 20:57:30.984,3.849
2026-02-18 20:59:08.549,3.849
2026-02-18 21:00:53.623,3.849
2026-02-18 21:02:38.696,3.842
2026-02-18 21:04:23.759,3.842
2026-02-18 21:06:23.832,3.842
2026-02-18 21:08:08.904,3.842
2026-02-18 21:09:38.971,3.842
2026-02-18 21:11:31.533,3.842
2026-02-18 21:13:31.588,3.842
2026-02-18 21:15:09.157,3.842
2026-02-18 21:17:01.730,3.842
2026-02-18 21:18:39.306,3.839
2026-02-18 21:20:16.880,3.839
2026-02-18 21:22:01.947,3.839
2026-02-18 21:24:02.006,3.839
2026-02-18 21:25:47.071,3.839
2026-02-18 21:27:39.643,3.839
2026-02-18 21:29:39.707,3.839
2026-02-18 21:31:24.783,3.837
2026-02-18 21:33:24.859,3.837
2026-02-18 21:35:24.937,3.837
2026-02-18 21:37:09.995,3.837
2026-02-18 21:39:02.458,3.837
2026-02-18 21:41:02.526,3.837
2026-02-18 21:42:47.592,3.837
2026-02-18 21:44:40.155,3.837
2026-02-18 21:46:25.226,3.837
2026-02-18 21:48:02.793,3.825
2026-02-18 21:49:47.865,3.825
2026-02-18 21:51:25.432,3.825
2026-02-18 21:53:18.005,3.825
2026-02-18 21:55:10.576,3.825
2026-02-18 21:56:40.641,3.825
2026-02-18 21:58:33.204,3.825
2026-02-18 22:00:10.788,3.825
2026-02-18 22:02:03.367,3.819
2026-02-18 22:03:53.033,3.819
2026-02-18 22:05:23.105,3.819
2026-02-18 22:07:15.685,3.812
2026-02-18 22:09:08.252,3.812
2026-02-18 22:10:53.316,3.818
2026-02-18 22:12:38.379,3.815
2026-02-18 22:14:45.954,3.815
2026-02-18 22:16:23.520,3.811
2026-02-18 22:18:23.606,3.815
2026-02-18 22:20:23.676,3.815
2026-02-18 22:22:08.741,3.82
2026-02-18 22:24:01.300,3.82
2026-02-18 22:25:46.374,3.82
2026-02-18 22:27:31.438,3.819
2026-02-18 22:57:27.390,3.823
2026-02-19 00:52:28.071,3.831
2026-02-19 03:07:28.986,3.831
2026-02-19 05:22:27.916,3.831
2026-02-19 06:17:25.341,3.831
2026-02-19 07:02:24.834,3.831
2026-02-19 07:47:25.157,3.831
2026-02-19 08:32:26.265,3.831
2026-02-19 09:17:26.243,3.831
2026-02-19 10:02:26.218,3.831
2026-02-19 10:47:26.192,3.831
2026-02-19 11:32:25.168,3.831
2026-02-19 12:17:25.142,3.831
2026-02-19 13:02:26.118,3.831
2026-02-19 13:47:26.092,3.831
2026-02-19 14:32:26.070,3.826
2026-02-19 15:17:25.040,3.826
2026-02-19 16:02:26.017,3.826
2026-02-19 16:47:25.991,3.826
2026-02-19 17:32:25.965,3.826
2026-02-19 17:51:05.940,3.769
2026-02-19 17:52:51.025,3.788
2026-02-19 17:54:36.090,3.788
2026-02-19 17:56:36.181,3.788
2026-02-19 17:58:21.262,3.782
2026-02-19 18:00:06.347,3.782
2026-02-19 18:01:58.933,3.782
2026-02-19 18:03:36.515,3.778
2026-02-19 18:05:14.089,3.778
2026-02-19 18:07:21.664,3.778
2026-02-19 18:09:21.744,3.783
2026-02-19 18:10:59.330,3.793
2026-02-19 18:12:51.907,3.892
2026-02-19 18:14:44.486,3.903
2026-02-19 18:16:29.572,3.908
2026-02-19 18:18:22.165,3.913
2026-02-19 18:20:07.247,3.913
2026-02-19 18:21:52.333,3.901
2026-02-19 18:23:22.396,3.901
2026-02-19 18:25:07.448,3.903
2026-02-19 18:27:00.022,3.903
2026-02-19 18:28:45.110,3.908
2026-02-19 18:31:07.677,3.84
2026-02-19 18:33:07.750,3.84
2026-02-19 18:35:10.642,3.84
2026-02-19 18:36:48.201,3.84
2026-02-19 18:38:33.273,3.84
2026-02-19 18:40:40.835,3.84
2026-02-19 18:42:25.903,3.84
2026-02-19 18:44:33.467,3.84
2026-02-19 18:46:47.161,3.84
2026-02-19 18:48:24.736,3.84
2026-02-19 18:50:09.818,3.84
2026-02-19 18:52:17.383,3.82
2026-02-19 18:53:54.953,3.82
2026-02-19 18:55:40.024,3.82
2026-02-19 18:57:40.091,3.822
2026-02-19 19:03:22.375,3.807
2026-02-19 19:05:14.942,3.807
2026-02-19 19:07:22.514,3.807
2026-02-19 19:09:07.581,3.807
2026-02-19 19:10:52.660,3.807
2026-02-19 19:12:52.723,3.807
2026-02-19 19:14:30.290,3.807
2026-02-19 19:16:00.345,3.807
2026-02-19 19:17:37.914,3.807
2026-02-19 19:19:15.470,3.807
2026-02-19 19:21:23.036,3.807
2026-02-19 19:23:15.605,3.807
2026-02-19 19:24:53.172,3.804
2026-02-19 19:26:38.238,3.804
2026-02-19 19:28:23.302,3.804
2026-02-19 19:29:53.362,3.804
2026-02-19 19:32:00.940,3.804
2026-02-19 19:33:53.511,3.804
2026-02-19 19:35:38.587,3.804
2026-02-19 19:37:24.840,3.804
2026-02-19 19:43:59.893,3.796
2026-02-19 19:46:07.468,3.796
2026-02-19 19:51:34.707,3.796
2026-02-19 19:53:34.776,3.796
2026-02-19 19:55:19.856,3.796
2026-02-19 19:56:49.913,3.795
2026-02-19 19:58:49.976,3.795
2026-02-19 20:00:50.053,3.795
2026-02-19 20:02:42.608,3.793
2026-02-19 20:04:50.167,3.793
2026-02-19 20:06:50.231,3.793
2026-02-19 20:08:42.800,3.792
2026-02-19 20:10:20.369,3.792
2026-02-19 20:12:05.435,3.792
2026-02-19 20:13:50.502,3.792
2026-02-19 20:15:35.560,3.792
2026-02-19 20:17:35.623,3.792
2026-02-19 20:19:28.177,3.741
2026-02-19 20:21:13.226,3.782
2026-02-19 20:23:05.776,3.782
2026-02-19 20:24:58.339,3.782
2026-02-19 20:27:20.895,3.744
2026-02-19 20:29:13.443,3.78
2026-02-19 20:31:36.015,3.78
2026-02-19 20:33:21.100,3.786
2026-02-19 20:35:22.208,3.863
2026-02-19 20:37:14.766,3.863
2026-02-19 20:39:14.835,3.876
2026-02-19 20:41:14.899,3.882
2026-02-19 20:43:07.470,3.882
2026-02-19 20:44:52.549,3.886
2026-02-19 20:46:30.120,3.886
2026-02-19 20:48:00.181,3.892
2026-02-19 20:49:52.745,3.892
2026-02-19 20:51:45.304,3.896
2026-02-19 20:53:22.886,3.896
2026-02-19 20:55:07.964,3.898
2026-02-19 20:57:15.534,3.912
2026-02-19 20:59:08.086,3.912
2026-02-19 21:01:08.157,3.92
2026-02-19 21:03:00.723,3.92
2026-02-19 21:05:00.790,3.922
2026-02-19 21:06:30.852,3.922
2026-02-19 21:08:30.923,3.933
2026-02-19 21:10:23.488,3.933
2026-02-19 21:12:08.561,3.933
2026-02-19 21:13:46.126,3.943
2026-02-19 21:15:16.192,3.943
2026-02-19 21:17:01.258,3.95
2026-02-19 21:18:46.324,3.95
2026-02-19 21:20:38.897,3.958
2026-02-19 21:22:31.448,3.958
2026-02-19 21:24:24.024,3.966
2026-02-19 21:26:16.589,3.966
2026-02-19 21:27:54.153,3.973
2026-02-19 21:29:54.217,3.976
2026-02-19 21:31:46.786,3.976
2026-02-19 21:33:31.859,3.99
2026-02-19 21:35:24.436,4.001
2026-02-19 21:37:09.508,4.001
2026-02-19 21:39:02.081,4.005
2026-02-19 21:40:39.643,4.005
2026-02-19 21:42:32.211,4.025
2026-02-19 21:44:09.770,4.025
2026-02-19 21:46:09.838,4.031
2026-02-19 21:47:47.404,4.047
2026-02-19 21:49:24.980,4.045
2026-02-19 21:51:17.541,3.976
2026-02-19 21:52:55.109,3.965
2026-02-19 21:54:40.175,3.965
2026-02-19 21:56:40.235,3.959
2026-02-19 21:58:17.806,3.959
2026-02-19 22:00:02.876,3.954
2026-02-19 22:01:47.939,3.954
2026-02-19 22:03:33.017,3.948
2026-02-19 22:05:25.600,3.948
2026-02-19 22:07:25.666,3.948
2026-02-19 22:09:18.238,3.939
2026-02-19 22:11:10.794,3.935
2026-02-19 22:13:03.364,3.935
2026-02-19 22:14:48.435,3.935
2026-02-19 22:16:48.487,3.935
2026-02-19 22:18:48.558,3.922
2026-02-19 22:20:57.349,3.922
2026-02-19 22:22:27.411,3.925
2026-02-19 22:24:34.971,3.925
2026-02-19 22:27:25.175,3.925
2026-02-19 23:37:25.787,3.935
2026-02-20 01:52:25.692,3.933
2026-02-20 04:07:25.619,3.933
2026-02-20 05:47:23.054,3.924
2026-02-20 06:32:23.049,3.924
2026-02-20 07:17:23.015,3.924
2026-02-20 08:02:22.993,3.924
2026-02-20 08:47:22.965,3.924
2026-02-20 09:32:23.940,3.919
2026-02-20 10:17:22.918,3.919
2026-02-20 11:02:23.904,3.92
2026-02-20 11:47:22.883,3.913
2026-02-20 12:32:22.842,3.913
2026-02-20 13:17:22.814,3.913
2026-02-20 13:52:42.353,3.894
2026-02-20 14:12:23.785,3.896
2026-02-20 14:57:23.768,3.912
2026-02-20 15:42:23.743,3.912
2026-02-20 16:27:23.706,3.912
2026-02-20 17:12:22.339,3.912
2026-02-20 17:57:23.674,3.912
2026-02-20 18:42:23.644,3.912
2026-02-20 19:27:23.608,3.912
2026-02-20 20:12:23.589,3.912
2026-02-20 20:57:23.566,3.912
2026-02-20 21:42:23.529,3.912
2026-02-20 22:27:23.504,3.912
2026-02-20 22:44:27.476,3.904
2026-02-20 22:46:12.561,3.904
2026-02-20 22:47:57.637,3.88
2026-02-20 22:49:50.203,3.884
2026-02-20 22:51:42.774,3.884
2026-02-20 22:53:27.841,3.884
2026-02-20 22:55:27.893,3.878
2026-02-20 22:57:12.950,3.878
2026-02-20 22:59:27.997,3.881
2026-02-20 23:01:28.079,3.881
2026-02-20 23:03:13.146,3.881
2026-02-20 23:04:58.196,3.881
2026-02-20 23:06:58.258,3.881
2026-02-20 23:08:58.339,3.881
2026-02-20 23:10:50.904,3.881
2026-02-20 23:12:58.476,3.869
2026-02-20 23:18:07.344,3.866
2026-02-20 23:20:22.388,3.866
2026-02-20 23:22:22.436,3.866
2026-02-20 23:24:07.492,3.866
2026-02-20 23:26:00.075,3.866
2026-02-20 23:27:37.637,3.866
2026-02-20 23:29:15.204,3.865
2026-02-20 23:31:00.281,3.865
2026-02-20 23:33:13.472,3.862
2026-02-20 23:35:21.039,3.862
2026-02-20 23:37:06.101,3.862
2026-02-20 23:38:58.673,3.862
2026-02-20 23:40:43.742,3.861
2026-02-20 23:42:21.316,3.861
2026-02-20 23:44:22.922,3.861
2026-02-20 23:46:15.469,3.861
2026-02-20 23:48:08.027,3.851
2026-02-20 23:49:53.093,3.851
2026-02-20 23:52:08.147,3.854
2026-02-20 23:54:08.202,3.854
2026-02-20 23:56:00.769,3.854
2026-02-20 23:58:00.842,3.854
2026-02-21 00:22:21.553,3.868
2026-02-21 02:07:21.479,3.867
2026-02-21 04:22:21.402,3.867
2026-02-21 05:57:21.380,3.866
2026-02-21 06:42:21.340,3.866
2026-02-21 07:27:21.315,3.866
2026-02-21 08:12:21.294,3.864
2026-02-21 08:57:21.274,3.864
2026-02-21 09:42:21.226,3.861
2026-02-21 10:27:22.193,3.861
2026-02-21 11:12:21.173,3.861
2026-02-21 11:57:22.170,3.861
2026-02-21 12:42:21.110,3.861
2026-02-21 13:27:21.124,3.861
2026-02-21 14:12:22.088,3.861
2026-02-21 14:57:22.063,3.861
2026-02-21 15:42:21.041,3.856
2026-02-21 16:27:21.014,3.856
2026-02-21 17:12:20.991,3.857
2026-02-21 17:57:20.141,3.857
2026-02-21 18:42:19.122,3.857
2026-02-21 19:27:19.100,3.857
2026-02-21 20:12:20.070,3.857
2026-02-21 20:54:17.833,3.857
2026-02-21 20:56:17.903,3.831
2026-02-21 20:58:17.965,3.827
2026-02-21 21:00:17.908,3.827
2026-02-21 21:02:10.484,3.83
2026-02-21 21:03:48.045,3.83
2026-02-21 21:05:55.612,3.825
2026-02-21 21:07:40.673,3.825
2026-02-21 21:09:37.876,3.824
2026-02-21 21:11:37.945,3.824
2026-02-21 21:13:15.503,3.824
2026-02-21 21:15:15.569,3.826
2026-02-21 21:17:00.628,3.826
2026-02-21 21:18:45.687,3.826
2026-02-21 21:20:30.746,3.812
2026-02-21 21:22:38.313,3.812
2026-02-21 21:24:13.689,3.812
2026-02-21 21:25:58.765,3.812
2026-02-21 21:27:58.819,3.812
2026-02-21 21:29:58.881,3.812
2026-02-21 21:31:36.451,3.812
2026-02-21 21:33:14.020,3.808
2026-02-21 21:35:06.601,3.808
2026-02-21 21:36:59.156,3.808
2026-02-21 21:38:44.237,3.808
2026-02-21 21:40:45.442,3.808
2026-02-21 21:42:23.002,3.808
2026-02-21 21:44:23.064,3.808
2026-02-21 21:46:15.619,3.808
2026-02-21 21:48:15.676,3.808
2026-02-21 21:50:08.232,3.808
2026-02-21 21:52:00.794,3.808
2026-02-21 21:54:00.857,3.808
2026-02-21 21:55:53.414,3.808
2026-02-21 21:57:53.472,3.794
2026-02-21 21:59:53.531,3.794
2026-02-22 00:01:42.626,3.96
2026-02-22 00:03:57.674,3.995
2026-02-22 00:06:12.746,4.021
2026-02-22 00:08:20.321,4.032
2026-02-22 00:10:12.882,4.045
2026-02-22 00:12:27.955,4.056
2026-02-22 00:14:43.004,4.073
2026-02-22 00:16:58.068,4.085
2026-02-22 00:18:57.409,4.095
2026-02-22 00:22:56.145,3.999
2026-02-22 00:24:48.710,3.999
2026-02-22 00:27:03.743,3.942
2026-02-22 00:29:03.780,3.942
2026-02-22 00:30:41.334,3.882
2026-02-22 00:33:03.861,3.915
2026-02-22 00:35:26.403,3.915
2026-02-22 00:37:18.618,3.953
2026-02-22 00:39:41.148,3.953
2026-02-22 00:41:48.693,3.953
2026-02-22 00:43:33.738,3.953
2026-02-22 00:45:26.296,3.929
2026-02-22 00:47:26.338,3.923
2026-02-22 00:49:41.384,3.923
2026-02-22 00:52:03.915,3.886
2026-02-22 00:53:56.479,3.886
2026-02-22 00:55:41.554,3.886
2026-02-22 00:57:34.122,3.886
2026-02-22 00:59:19.186,3.886
2026-02-22 01:01:11.743,3.897
2026-02-22 01:03:11.802,3.897
2026-02-22 01:05:04.366,3.897
2026-02-22 01:06:49.426,3.897
2026-02-22 01:08:51.189,3.897
2026-02-22 01:10:36.268,3.893
2026-02-22 01:12:21.336,3.893
2026-02-22 01:14:06.404,3.893
2026-02-22 01:16:06.473,3.893
2026-02-22 01:18:21.543,3.893
2026-02-22 01:20:29.115,3.883
2026-02-22 01:22:29.187,3.883
2026-02-22 01:24:14.250,3.883
2026-02-22 01:26:06.822,3.883
2026-02-22 01:27:59.383,3.883
2026-02-22 01:29:51.953,3.883
2026-02-22 01:31:22.015,3.883
2026-02-22 01:33:37.084,3.879
2026-02-22 01:35:37.147,3.879
2026-02-22 01:37:37.206,3.879
2026-02-22 02:37:19.826,3.891
2026-02-22 04:52:19.754,3.892
2026-02-22 05:57:19.717,3.892
2026-02-22 06:42:19.696,3.892
2026-02-22 07:27:19.670,3.892
2026-02-22 08:12:19.647,3.889
2026-02-22 08:57:19.623,3.889
2026-02-22 09:42:19.598,3.887
2026-02-22 10:27:19.571,3.887
2026-02-22 11:12:19.546,3.887
2026-02-22 11:57:17.643,3.887
2026-02-22 12:42:17.622,3.887
2026-02-22 13:27:18.595,3.887
2026-02-22 14:12:17.569,3.887
2026-02-22 14:57:17.547,3.887
2026-02-22 15:42:17.522,3.887
2026-02-22 16:26:37.444,3.882
2026-02-22 16:28:37.509,3.847
2026-02-22 16:30:37.570,3.853
2026-02-22 16:32:22.634,3.855
2026-02-22 16:34:15.205,3.847
2026-02-22 16:35:52.774,3.854
2026-02-22 16:52:18.486,3.854
2026-02-22 16:58:51.770,3.854
2026-02-22 17:00:59.308,3.849
2026-02-22 17:03:11.765,3.847
2026-02-22 17:05:04.298,3.847
2026-02-22 17:07:34.243,3.844
2026-02-22 17:09:41.786,3.844
2026-02-22 17:11:49.324,3.844
2026-02-22 17:14:04.365,3.836
2026-02-22 17:15:56.905,3.836
2026-02-22 17:18:04.443,3.836
2026-02-22 17:27:44.245,3.855
2026-02-22 17:29:44.285,3.855
2026-02-22 17:31:36.819,3.828
2026-02-22 17:33:36.859,3.828
2026-02-22 17:35:44.404,3.832
2026-02-22 17:37:51.941,3.832
2026-02-22 17:39:51.983,3.832
2026-02-22 17:41:52.017,3.832
2026-02-22 17:43:29.554,3.832
2026-02-22 17:45:22.093,3.821
2026-02-22 17:47:29.628,3.821
2026-02-22 17:49:22.165,3.821
2026-02-22 17:51:14.707,3.821
2026-02-22 17:53:14.750,3.821
2026-02-22 17:55:22.293,3.817
2026-02-22 17:57:44.843,3.817
2026-02-22 18:08:21.764,3.838
2026-02-22 18:10:21.806,3.838
2026-02-22 18:12:21.849,3.809
2026-02-22 18:14:29.390,3.809
2026-02-22 18:16:36.928,3.809
2026-02-22 18:18:51.966,3.809
2026-02-22 18:20:52.015,3.812
2026-02-22 18:22:59.556,3.812
2026-02-22 18:24:52.094,3.812
2026-02-22 18:27:07.134,3.812
2026-02-22 18:31:42.893,3.812
2026-02-22 18:34:05.434,3.801
2026-02-22 18:36:05.473,3.801
2026-02-22 18:38:35.517,3.801
2026-02-22 18:40:43.053,3.801
2026-02-22 18:42:28.095,3.801
2026-02-22 18:44:28.131,3.804
2026-02-22 18:46:35.395,3.804
2026-02-22 18:48:35.431,3.804
2026-02-22 18:50:42.968,3.804
2026-02-22 18:52:28.008,3.804
2026-02-22 18:54:43.047,3.797
2026-02-22 18:56:50.589,3.797
2026-02-22 18:58:35.631,3.797
2026-02-22 19:00:25.204,3.797
2026-02-22 19:42:18.084,3.817
2026-02-22 20:27:17.386,3.819
2026-02-22 20:53:04.270,3.794
2026-02-22 20:54:34.328,3.794
2026-02-22 20:56:19.387,3.794
2026-02-22 20:57:56.959,3.798
2026-02-22 20:59:49.537,3.798
2026-02-22 21:01:42.121,3.796
2026-02-22 21:03:31.807,3.796
2026-02-22 21:05:31.870,3.789
2026-02-22 21:07:16.939,3.789
2026-02-22 21:08:54.506,3.789
2026-02-22 21:10:39.566,3.789
2026-02-22 21:12:24.625,3.792
2026-02-22 21:14:02.194,3.792
2026-02-22 21:15:32.271,3.792
2026-02-22 21:17:17.334,3.796
2026-02-22 21:19:09.891,3.796
2026-02-22 21:21:09.954,3.796
2026-02-22 21:23:02.525,3.796
2026-02-22 21:24:40.084,3.796
2026-02-22 21:26:32.647,3.796
2026-02-22 21:28:25.206,3.796
2026-02-22 21:30:22.446,3.782
2026-02-22 21:32:07.514,3.782
2026-02-22 21:33:52.580,3.784
2026-02-22 21:35:45.151,3.784
2026-02-22 21:37:22.723,3.78
2026-02-22 21:38:52.793,3.78
2026-02-22 21:40:30.352,3.78
2026-02-22 21:42:37.923,3.779
2026-02-22 21:44:22.989,3.779
2026-02-22 21:46:00.547,3.779
2026-02-22 21:47:45.627,3.782
2026-02-22 21:49:23.196,3.782
2026-02-22 21:51:23.259,3.782
2026-02-22 21:53:15.822,3.782
2026-02-22 21:55:08.390,3.782
2026-02-22 21:57:00.932,3.757
2026-02-22 21:59:00.988,3.757
2026-02-22 22:00:38.549,3.757
2026-02-22 22:02:46.103,3.757
2026-02-22 22:04:36.907,3.766
2026-02-22 22:06:44.463,3.766
2026-02-22 22:08:29.547,3.766
2026-02-22 22:10:07.117,3.766
2026-02-22 23:07:18.249,3.79
2026-02-23 01:22:18.196,3.794
2026-02-23 03:37:18.123,3.794
2026-02-23 05:47:16.208,3.794
2026-02-23 06:32:16.186,3.793
2026-02-23 07:17:16.166,3.793
2026-02-23 08:02:16.137,3.793
2026-02-23 08:47:16.104,3.793
2026-02-23 09:32:16.086,3.793
2026-02-23 10:17:16.054,3.793
2026-02-23 11:02:16.055,3.793
2026-02-23 11:47:16.006,3.793
2026-02-23 12:22:42.409,3.744
2026-02-23 12:42:15.987,3.782
2026-02-23 13:27:15.953,3.782
2026-02-23 14:12:15.944,3.782
2026-02-23 14:57:15.909,3.782
2026-02-23 15:42:15.878,3.782
2026-02-23 16:27:15.846,3.782
2026-02-23 17:07:23.469,3.736
2026-02-23 17:09:16.054,3.756
2026-02-23 17:11:08.630,3.749
2026-02-23 17:12:53.699,3.749
2026-02-23 17:14:46.270,3.748
2026-02-23 17:16:23.839,3.748
2026-02-23 17:18:01.421,3.748
2026-02-23 17:19:53.991,3.748
2026-02-23 17:21:24.046,3.745
2026-02-23 17:23:24.110,3.745
2026-02-23 17:25:24.197,3.736
2026-02-23 17:27:24.260,3.736
2026-02-23 17:29:09.323,3.736
2026-02-23 17:30:46.897,3.741
2026-02-23 17:32:24.470,3.741
2026-02-23 17:34:09.538,3.741
2026-02-23 17:35:47.100,3.734
2026-02-23 17:37:32.171,3.734
2026-02-23 17:39:24.758,3.734
2026-02-23 17:40:54.823,3.734
2026-02-23 17:42:54.898,3.734
2026-02-23 17:44:32.470,3.73
2026-02-23 17:46:32.522,3.73
2026-02-23 17:48:17.598,3.73
2026-02-23 17:50:10.166,3.728
2026-02-23 17:52:08.637,3.728
2026-02-23 17:53:46.201,3.727
2026-02-23 17:55:16.254,3.727
2026-02-23 17:57:16.324,3.725
2026-02-23 17:59:08.907,3.725
2026-02-23 18:00:46.475,3.725
2026-02-23 18:02:16.536,3.728
2026-02-23 18:04:09.092,3.723
2026-02-23 18:06:01.659,3.723
2026-02-23 18:08:03.716,3.719
2026-02-23 18:09:33.779,3.719
2026-02-23 18:11:18.840,3.724
2026-02-23 18:13:03.911,3.724
2026-02-23 18:14:41.472,3.724
2026-02-23 18:16:34.033,3.721
2026-02-23 18:18:26.603,3.721
2026-02-23 18:20:11.670,3.721
2026-02-23 18:21:56.740,3.721
2026-02-23 18:23:49.318,3.82
2026-02-23 18:25:34.384,3.831
2026-02-23 18:27:19.456,3.848
2026-02-23 18:29:12.025,3.863
2026-02-23 18:31:04.588,3.868
2026-02-23 18:32:57.164,3.873
2026-02-23 18:34:27.217,3.873
2026-02-23 18:36:19.789,3.881
2026-02-23 18:38:04.859,3.887
2026-02-23 18:39:49.930,3.887
2026-02-23 18:41:42.484,3.897
2026-02-23 18:43:35.052,3.9
2026-02-23 18:45:42.611,3.916
2026-02-23 18:47:27.703,3.922
2026-02-23 18:49:05.290,3.926
2026-02-23 18:50:57.877,3.931
2026-02-23 18:53:18.762,3.938
2026-02-23 18:54:56.327,3.938
2026-02-23 18:56:48.887,3.925
2026-02-23 18:58:18.935,3.926
2026-02-23 19:00:11.511,3.931
2026-02-23 19:02:04.089,3.938
2026-02-23 19:03:56.651,3.938
2026-02-23 19:05:41.717,3.94
2026-02-23 19:07:26.794,3.94
2026-02-23 19:09:11.864,3.951
2026-02-23 19:10:56.931,3.951
2026-02-23 19:12:27.001,3.951
2026-02-23 19:14:04.570,3.952
2026-02-23 19:15:49.635,3.956
2026-02-23 19:17:42.402,3.961
2026-02-23 19:19:42.482,3.975
2026-02-23 19:21:42.574,3.985
2026-02-23 19:23:42.670,3.988
2026-02-23 19:25:20.251,3.995
2026-02-23 19:27:05.341,4.003
2026-02-23 19:28:50.423,4.008
2026-02-23 19:30:43.017,4.012
2026-02-23 19:32:28.106,4.023
2026-02-23 19:34:05.695,4.031
2026-02-23 19:35:43.270,4.035
2026-02-23 19:37:32.125,4.046
2026-02-23 19:39:24.709,4.053
2026-02-23 19:41:09.789,4.057
2026-02-23 19:42:54.868,4.071
2026-02-23 19:44:32.456,4.078
2026-02-23 19:46:17.522,4.087
2026-02-23 19:47:55.109,4.095
2026-02-23 19:49:40.206,4.105
2026-02-23 19:51:32.804,4.111
2026-02-23 19:53:56.359,4.127
2026-02-23 19:55:33.962,4.127
2026-02-23 19:57:26.551,4.131
2026-02-23 19:59:11.640,4.15
2026-02-23 20:00:56.726,4.157
2026-02-23 20:02:34.307,4.157
2026-02-23 20:04:34.394,4.173
2026-02-23 20:06:19.476,4.186
2026-02-23 20:07:57.071,4.193
2026-02-23 20:09:42.163,4.197
2026-02-23 20:11:34.750,4.211
2026-02-23 20:13:19.837,4.217
2026-02-23 20:14:57.421,4.231
2026-02-23 20:16:57.497,4.237
2026-02-23 20:18:42.588,4.248
2026-02-23 20:20:27.669,4.258
2026-02-23 20:22:12.762,4.268
2026-02-23 20:24:12.852,4.278
2026-02-23 20:25:42.930,4.291
2026-02-23 20:27:43.028,4.298
2026-02-23 20:29:20.617,4.311
2026-02-23 20:31:05.705,4.33
2026-02-23 20:32:43.292,4.337
2026-02-23 20:34:35.883,4.351
2026-02-23 20:36:35.972,4.361
2026-02-23 20:43:39.950,4.231
2026-02-23 20:45:32.515,4.231
2026-02-23 20:47:32.590,4.227
2026-02-23 20:49:10.163,4.227
2026-02-23 20:51:10.220,4.22
2026-02-23 20:53:02.797,4.197
2026-02-23 20:54:55.359,4.197
2026-02-23 20:57:13.634,4.198
2026-02-23 20:59:06.190,4.198
2026-02-23 21:17:15.699,4.214
2026-02-23 22:02:15.671,4.218
2026-02-23 23:07:16.625,4.216
2026-02-24 01:22:16.540,4.213
2026-02-24 03:37:16.468,4.211
2026-02-24 05:42:13.961,4.211
2026-02-24 06:27:13.943,4.211
2026-02-24 07:12:12.454,4.211
2026-02-24 07:57:13.897,4.211
2026-02-24 08:42:13.873,4.211
2026-02-24 09:27:13.843,4.211
2026-02-24 10:12:12.820,4.211
2026-02-24 10:57:13.799,4.211
2026-02-24 11:42:13.776,4.211
2026-02-24 12:27:13.746,4.211
2026-02-24 13:12:13.712,4.199
2026-02-24 13:57:13.690,4.198
2026-02-24 14:42:13.668,4.198
2026-02-24 15:27:13.648,4.198
2026-02-24 16:12:13.625,4.198
2026-02-24 16:57:13.596,4.198
2026-02-24 17:42:13.571,4.198
2026-02-24 18:27:13.533,4.198
2026-02-24 19:12:13.523,4.198
2026-02-24 19:57:13.494,4.198
2026-02-24 20:42:13.470,4.198
2026-02-24 21:27:13.449,4.189
2026-02-24 22:12:13.414,4.188
2026-02-24 23:37:13.346,4.188
2026-02-25 01:52:13.289,4.184
2026-02-25 04:07:14.207,4.184
2026-02-25 05:57:11.792,4.184
2026-02-25 06:42:10.789,4.184
2026-02-25 07:27:10.754,4.177
2026-02-25 08:12:11.726,4.177
2026-02-25 08:57:11.711,4.177
2026-02-25 09:42:11.683,4.177
2026-02-25 10:27:11.659,4.177
2026-02-25 11:12:11.622,4.177
2026-02-25 11:57:11.594,4.177
2026-02-25 12:42:11.583,4.177
2026-02-25 13:27:11.559,4.177
2026-02-25 14:12:11.528,4.177
2026-02-25 14:57:11.513,4.168
2026-02-25 15:42:11.478,4.168
2026-02-25 16:27:10.113,4.168
2026-02-25 17:12:11.418,4.168
2026-02-25 17:57:11.423,4.168
2026-02-25 18:42:11.367,4.168
2026-02-25 19:27:11.355,4.168
2026-02-25 20:12:11.324,4.168
2026-02-25 20:57:11.305,4.168
2026-02-25 21:42:11.273,4.168
2026-02-25 22:27:10.101,4.157
2026-02-25 23:01:16.570,4.103
2026-02-25 23:03:24.149,4.103
2026-02-25 23:05:09.205,4.137
2026-02-25 23:07:01.776,4.125
2026-02-25 23:08:46.857,4.127
2026-02-25 23:10:31.912,4.127
2026-02-25 23:12:24.461,4.127
2026-02-25 23:14:24.520,4.122
2026-02-25 23:16:24.576,4.122
2026-02-25 23:18:17.124,4.122
2026-02-25 23:20:02.187,4.122
2026-02-25 23:47:11.210,4.13
2026-02-26 01:52:09.380,4.133
2026-02-26 04:07:09.306,4.099
2026-02-26 05:42:09.271,4.126
2026-02-26 06:27:08.358,4.126
2026-02-26 07:12:10.223,4.126
2026-02-26 07:57:09.195,4.126
2026-02-26 08:42:09.167,4.117
2026-02-26 09:27:10.140,4.117
2026-02-26 10:12:09.106,4.117
2026-02-26 10:57:08.359,4.117
2026-02-26 11:42:10.057,4.117
2026-02-26 12:27:10.031,4.117
2026-02-26 13:12:10.014,4.117
2026-02-26 13:57:09.989,4.117
2026-02-26 14:42:09.957,4.114
2026-02-26 15:27:09.911,4.114
2026-02-26 16:12:09.884,4.101
2026-02-26 16:57:09.886,4.101
2026-02-26 17:42:09.824,4.101
2026-02-26 18:27:08.031,4.101
2026-02-26 19:12:08.013,4.101
2026-02-26 19:18:41.622,4.082
2026-02-26 19:20:34.195,4.074
2026-02-26 19:22:19.264,4.074
2026-02-26 19:24:04.335,4.074
2026-02-26 19:25:41.901,4.074
2026-02-26 19:27:41.963,4.074
2026-02-26 19:29:27.037,4.074
2026-02-26 19:31:12.124,4.074
2026-02-26 19:32:57.188,4.074
2026-02-26 19:34:49.764,4.074
2026-02-26 19:36:19.825,4.074
2026-02-26 19:43:01.594,4.074
2026-02-26 19:44:54.162,4.064
2026-02-26 19:46:54.237,4.064
2026-02-26 19:48:31.817,4.061
2026-02-26 19:50:09.391,4.061
2026-02-26 19:52:09.470,4.061
2026-02-26 19:53:54.536,4.061
2026-02-26 19:55:39.612,4.055
2026-02-26 19:57:24.683,4.055
2026-02-26 19:59:17.255,4.053
2026-02-26 20:01:02.323,4.053
2026-02-26 20:02:39.885,4.053
2026-02-26 20:04:39.958,4.053
2026-02-26 20:06:25.020,4.053
2026-02-26 20:08:10.110,4.047
2026-02-26 20:09:55.181,4.047
2026-02-26 20:11:47.761,4.047
2026-02-26 20:13:40.329,4.041
2026-02-26 20:15:32.891,4.041
2026-02-26 20:17:17.956,4.041
2026-02-26 20:19:10.516,4.041
2026-02-26 20:21:03.084,4.041
2026-02-26 20:22:33.147,4.041
2026-02-26 20:24:25.720,4.041
2026-02-26 20:26:03.293,4.034
2026-02-26 20:27:40.860,4.034
2026-02-26 20:29:25.930,4.034
2026-02-26 20:31:10.995,4.034
2026-02-26 20:33:11.065,4.034
2026-02-26 20:35:03.633,4.002
2026-02-26 20:36:41.202,4.002
2026-02-26 20:38:41.270,4.002
2026-02-26 20:40:18.845,4.002
2026-02-26 20:42:03.910,4.002
2026-02-26 20:43:41.484,4.002
2026-02-26 20:45:34.055,4.013
2026-02-26 20:47:04.127,4.013
2026-02-26 20:49:04.190,4.013
2026-02-26 21:22:07.938,4.0
2026-02-27 00:00:21.746,3.939
2026-02-27 00:02:06.783,3.939
2026-02-27 00:04:36.834,3.936
2026-02-27 00:06:21.874,3.934
2026-02-27 00:08:44.428,3.934
2026-02-27 00:10:44.473,3.934
2026-02-27 00:13:07.017,3.921
2026-02-27 00:15:07.061,3.921
2026-02-27 00:16:52.098,3.918
2026-02-27 00:18:44.637,3.918
2026-02-27 00:20:52.181,3.918
2026-02-27 00:22:59.723,3.913
2026-02-27 00:25:07.267,3.912
2026-02-27 00:27:22.305,3.912
2026-02-27 00:29:29.850,3.912
2026-02-27 00:31:44.895,3.912
2026-02-27 00:33:52.443,3.912
2026-02-27 00:35:52.488,3.9
2026-02-27 00:38:15.036,3.903
2026-02-27 00:40:45.085,3.903
2026-02-27 00:42:45.127,3.896
2026-02-27 00:44:15.171,3.892
2026-02-27 00:46:22.714,3.892
2026-02-27 00:48:30.259,3.892
2026-02-27 00:50:37.803,3.888
2026-02-27 00:52:45.346,3.884
2026-02-27 00:54:37.887,3.884
2026-02-27 00:56:37.924,3.884
2026-02-27 00:58:45.467,3.884
2026-02-27 01:00:23.005,3.881
2026-02-27 01:02:15.548,3.881
2026-02-27 01:04:30.589,3.881
2026-02-27 01:06:45.630,3.877
2026-02-27 01:08:38.176,3.877
2026-02-27 01:11:00.722,3.877
2026-02-27 01:12:53.260,3.877
2026-02-27 01:15:15.801,3.877
2026-02-27 01:17:23.340,3.866
2026-02-27 01:19:38.378,3.866
2026-02-27 01:21:38.422,3.866
2026-02-27 01:23:30.967,3.866
2026-02-27 02:22:07.745,3.888
2026-02-27 04:37:07.693,3.887
2026-02-27 06:07:07.648,3.887
2026-02-27 06:52:07.620,3.887
2026-02-27 07:37:07.608,3.887
2026-02-27 08:22:07.579,3.887
2026-02-27 09:07:08.557,3.887
2026-02-27 09:52:07.524,3.887
2026-02-27 10:37:07.495,3.887
2026-02-27 11:22:07.467,3.887
2026-03-07 00:22:05.528,3.786
2026-03-07 02:37:06.457,3.786
2026-03-07 04:52:05.369,3.783
2026-03-07 07:07:06.298,3.783
2026-03-07 09:22:05.217,3.781
2026-03-07 09:47:04.890,3.627
2026-03-07 09:49:04.963,3.758
2026-03-07 09:50:50.038,3.87
2026-03-07 09:52:42.796,3.903
2026-03-07 09:54:42.870,3.913
2026-03-07 09:56:12.944,3.917
2026-03-07 09:58:05.517,3.926
2026-03-07 09:59:35.587,3.922
2026-03-07 10:01:20.685,3.93
2026-03-07 10:03:13.263,3.94
2026-03-07 10:05:05.852,3.943
2026-03-07 10:06:50.948,3.951
2026-03-07 10:08:43.540,3.957
2026-03-07 10:10:35.735,3.96
2026-03-07 10:12:13.326,3.963
2026-03-07 10:13:58.414,3.968
2026-03-07 10:15:28.503,3.976
2026-03-07 10:17:13.601,3.978
2026-03-07 10:19:06.197,3.983
2026-03-07 10:40:50.357,3.845
2026-03-07 10:42:57.922,3.845
2026-03-07 10:44:57.995,3.831
2026-03-07 10:46:58.072,3.831
2026-03-07 10:48:50.642,3.828
2026-03-07 10:50:35.721,3.828
2026-03-07 10:52:05.783,3.828
2026-03-07 10:53:58.346,3.809
2026-03-07 10:55:50.918,3.809
2026-03-07 10:57:43.503,3.809
2026-03-07 10:59:21.067,3.809
2026-03-07 11:01:13.644,3.818
2026-03-07 11:02:43.713,3.818
2026-03-07 11:04:21.267,3.818
2026-03-07 11:06:21.338,3.818
2026-03-07 11:08:13.913,3.818
2026-03-07 11:10:06.475,3.818
2026-03-07 11:11:51.537,3.817
2026-03-07 11:13:36.595,3.817
2026-03-07 11:15:29.160,3.817
2026-03-07 11:17:14.230,3.817
2026-03-07 11:19:06.800,3.808
2026-03-07 11:20:51.873,3.808
2026-03-07 11:22:44.441,3.737
2026-03-07 11:24:44.524,3.81
2026-03-07 11:26:50.455,3.81
2026-03-07 11:28:43.028,3.807
2026-03-07 11:30:28.095,3.807
2026-03-07 11:32:13.158,3.807
2026-03-07 11:34:28.221,3.805
2026-03-07 11:36:13.288,3.805
2026-03-07 11:37:50.854,3.805
2026-03-07 12:21:45.981,3.813
2026-03-07 13:06:45.597,3.813
2026-03-07 13:51:46.944,3.82
2026-03-07 14:36:46.900,3.82
2026-03-07 14:46:53.646,3.797
2026-03-07 14:48:53.728,3.788
2026-03-07 14:50:53.816,3.795
2026-03-07 14:52:53.122,3.79
2026-03-07 14:54:39.869,3.79
2026-03-07 14:56:24.932,3.781
2026-03-07 14:58:02.495,3.781
2026-03-07 14:59:47.555,3.781
2026-03-07 15:01:25.128,3.781
2026-03-07 15:03:17.697,3.781
2026-03-07 15:05:02.776,3.781
2026-03-07 15:06:47.846,3.784
2026-03-07 15:08:47.910,3.784
2026-03-07 15:10:40.472,3.784
2026-03-07 15:12:33.036,3.779
2026-03-07 15:14:25.598,3.779
2026-03-07 15:16:18.179,3.779
2026-03-07 15:18:03.241,3.775
2026-03-07 15:20:10.811,3.775
2026-03-07 15:21:48.374,3.775
2026-03-07 15:23:48.427,3.775
2026-03-07 15:25:40.992,3.775
2026-03-07 15:27:33.552,3.772
2026-03-07 15:29:18.615,3.772
2026-03-07 15:30:56.173,3.772
2026-03-07 15:32:48.736,3.772
2026-03-07 15:34:48.800,3.772
2026-03-07 15:36:26.368,3.777
2026-03-07 15:38:03.940,3.777
2026-03-07 15:39:56.495,3.777
2026-03-07 15:41:41.551,3.777
2026-03-07 15:43:26.622,3.777
2026-03-07 15:45:19.188,3.774
2026-03-07 15:47:19.255,3.774
2026-03-07 15:49:11.800,3.774
2026-03-07 15:51:19.350,3.774
2026-03-07 16:01:46.853,3.774
2026-03-07 16:46:45.534,3.793
2026-03-07 17:31:45.535,3.791
2026-03-07 18:16:46.774,3.791
2026-03-07 18:39:17.541,3.791
2026-03-07 19:06:46.747,3.769
2026-03-07 19:27:50.562,3.778
2026-03-07 19:38:27.485,3.77
2026-03-07 19:40:27.553,3.759
2026-03-07 20:11:46.698,3.785
2026-03-07 20:56:46.673,3.784
2026-03-07 21:41:46.047,3.784
2026-03-07 22:26:46.632,3.784
2026-03-08 00:21:46.550,3.784
2026-03-08 02:36:46.480,3.784
2026-03-08 04:51:46.393,3.784
2026-03-08 06:06:44.299,3.781
2026-03-08 06:51:44.276,3.781
2026-03-08 07:36:44.247,3.781
2026-03-08 08:21:44.236,3.781
2026-03-08 09:06:44.200,3.781
2026-03-08 09:51:45.177,3.781
2026-03-08 10:36:45.153,3.781
2026-03-08 11:21:44.129,3.778
2026-03-08 12:06:45.095,3.778
2026-03-08 12:51:44.078,3.778
2026-03-08 13:36:45.046,3.778
2026-03-08 14:21:45.024,3.778
2026-03-08 15:06:43.999,3.778
2026-03-08 15:51:43.974,3.778
2026-03-08 16:36:43.954,3.774
2026-03-08 17:21:44.928,3.774
2026-03-08 18:06:44.906,3.774
2026-03-08 18:51:44.875,3.774
2026-03-08 19:36:44.855,3.774
2026-03-08 20:21:44.825,3.774
2026-03-08 21:06:44.801,3.774
2026-03-08 21:51:44.772,3.771
2026-03-08 22:36:44.750,3.771
2026-03-09 00:51:44.664,3.771
2026-03-09 03:06:44.588,3.771
2026-03-09 05:21:44.512,3.768
2026-03-09 06:21:41.987,3.768
2026-03-09 07:06:41.968,3.768
2026-03-09 07:51:41.937,3.768
2026-03-09 08:36:41.911,3.768
2026-03-09 09:21:41.886,3.768
2026-03-09 10:06:42.864,3.768
2026-03-09 10:51:41.836,3.765
2026-03-09 11:36:41.812,3.765
2026-03-09 12:21:41.782,3.765
2026-03-09 13:06:41.766,3.765
2026-03-09 13:51:41.729,3.765
2026-03-09 14:36:41.709,3.765
2026-03-09 15:21:41.684,3.761
2026-03-09 16:06:41.665,3.761
2026-03-09 16:51:42.636,3.761
2026-03-09 17:36:41.612,3.761
2026-03-09 18:21:41.585,3.761
2026-03-09 19:06:41.562,3.761
2026-03-09 19:51:42.533,3.761
2026-03-09 20:36:42.511,3.761
2026-03-09 21:21:41.479,3.749
2026-03-09 22:06:42.469,3.749
2026-03-09 23:21:42.406,3.749
2026-03-10 01:36:42.331,3.749
2026-03-10 03:51:42.252,3.754
2026-03-10 05:41:39.738,3.754
2026-03-10 06:26:38.722,3.754
2026-03-10 07:11:39.692,3.754
2026-03-10 07:56:39.666,3.754
2026-03-10 08:41:39.640,3.754
2026-03-10 09:26:38.508,3.751
2026-03-10 10:11:39.596,3.751
2026-03-10 10:56:39.565,3.751
2026-03-10 11:41:39.544,3.751
2026-03-10 12:26:39.519,3.751
2026-03-10 12:33:13.564,3.711
2026-03-10 12:35:06.127,3.711
2026-03-10 12:36:43.688,3.711
2026-03-10 12:38:21.249,3.659
2026-03-10 12:40:06.320,3.702
2026-03-10 13:01:39.521,3.742
2026-03-10 13:46:39.487,3.744
2026-03-10 14:31:39.450,3.744
2026-03-10 15:16:39.434,3.744
2026-03-10 16:01:39.417,3.744
2026-03-10 16:46:39.381,3.744
2026-03-10 17:31:40.376,3.744
2026-03-10 18:16:40.334,3.744
2026-03-10 18:23:21.068,3.943
2026-03-10 18:25:06.158,3.948
2026-03-10 18:26:51.253,3.957
2026-03-10 18:28:43.817,3.963
2026-03-10 18:30:21.389,3.973
2026-03-10 18:32:28.961,3.978
2026-03-10 18:34:21.525,3.982
2026-03-10 18:36:36.590,3.977
2026-03-10 18:38:14.175,3.987
2026-03-10 18:40:06.737,3.992
2026-03-10 18:41:44.310,3.991
2026-03-10 18:43:29.390,4.001
2026-03-10 18:45:21.966,4.005
2026-03-10 18:47:07.047,4.008
2026-03-10 18:48:52.125,4.016
2026-03-10 18:50:44.694,4.02
2026-03-10 18:52:37.263,4.027
2026-03-10 18:54:22.331,4.038
2026-03-10 18:56:29.903,4.046
2026-03-10 18:58:29.968,4.058
2026-03-10 19:00:30.026,4.066
2026-03-10 19:02:45.098,4.075
2026-03-10 19:04:52.672,4.087
2026-03-10 19:06:45.245,4.103
2026-03-10 19:08:22.831,4.107
2026-03-10 19:10:15.400,4.126
2026-03-10 19:11:45.483,4.13
2026-03-10 19:13:23.054,4.146
2026-03-10 19:15:08.126,4.153
2026-03-10 19:17:15.695,4.17
2026-03-10 19:19:23.271,4.186
2026-03-10 19:21:08.363,4.195
2026-03-10 19:22:38.556,4.203
2026-03-10 19:24:23.627,4.221
2026-03-10 19:26:08.701,4.24
2026-03-10 19:28:08.767,4.245
2026-03-10 19:30:08.848,4.265
2026-03-10 19:32:16.417,4.285
2026-03-10 19:34:08.993,4.3
2026-03-10 19:35:46.576,4.322
2026-03-10 19:37:39.146,4.327
2026-03-10 19:39:24.228,4.355
2026-03-10 19:41:09.320,4.37
2026-03-10 19:43:01.911,4.383
2026-03-10 19:44:54.486,4.397
2026-03-10 19:46:47.057,4.425
2026-03-10 19:48:39.640,4.431
2026-03-10 19:50:24.720,4.452
2026-03-10 19:52:24.811,4.476
2026-03-10 19:54:17.398,4.476
2026-03-10 19:56:17.487,4.476
2026-03-10 19:58:02.556,4.465
2026-03-10 19:59:47.629,4.472
2026-03-10 20:01:40.231,4.472
2026-03-10 20:03:40.313,4.472
2026-03-10 20:05:32.898,4.472
2026-03-10 20:07:10.489,4.472
2026-03-10 20:09:10.574,4.472
2026-03-10 20:10:48.138,4.472
2026-03-10 20:12:33.229,4.472
2026-03-10 20:14:25.812,4.472
2026-03-10 20:16:03.392,4.472
2026-03-10 20:17:55.978,4.472
2026-03-10 20:19:48.573,4.472
2026-03-10 20:21:55.077,4.472
2026-03-10 20:23:40.164,4.472
2026-03-10 20:25:32.750,4.472
2026-03-10 20:27:32.834,4.485
2026-03-10 20:29:40.403,4.492
2026-03-10 20:31:32.986,4.492
2026-03-10 20:33:33.044,4.492
2026-03-10 20:35:03.125,4.492
2026-03-10 20:36:48.211,4.492
2026-03-10 20:38:25.810,4.492
2026-03-10 20:40:18.381,4.492
2026-03-10 20:42:18.899,4.492
2026-03-10 20:44:18.973,4.492
2026-03-10 20:46:11.542,4.492
2026-03-10 20:48:11.614,4.492
2026-03-10 20:50:04.174,4.492
2026-03-10 20:52:11.758,4.492
2026-03-10 20:54:11.844,4.492
2026-03-10 20:56:11.920,4.537
2026-03-10 20:58:12.011,4.537
2026-03-10 20:59:42.118,4.49
2026-03-10 21:01:42.216,4.49
2026-03-10 21:03:27.288,4.49
2026-03-10 21:05:27.364,4.49
2026-03-10 21:07:19.945,4.49
2026-03-10 21:09:20.012,4.49
2026-03-10 21:11:20.082,4.49
2026-03-10 21:13:27.644,4.49
2026-03-10 21:15:12.719,4.49
2026-03-10 21:16:57.793,4.49
2026-03-10 21:19:05.372,4.49
2026-03-10 21:20:57.948,4.49
2026-03-10 21:22:36.072,4.49
2026-03-10 21:24:36.164,4.49
2026-03-10 21:26:21.238,4.49
2026-03-10 21:27:58.810,4.49
2026-03-10 21:30:06.385,4.49
2026-03-10 21:31:51.467,4.49
2026-03-10 21:33:29.039,4.49
2026-03-10 21:35:14.115,4.49
2026-03-10 21:37:06.699,4.49
2026-03-10 21:38:51.785,4.49
2026-03-10 21:40:51.871,4.49
2026-03-10 21:42:21.954,4.49
2026-03-10 21:44:07.034,4.49
2026-03-10 21:46:22.120,4.49
2026-03-10 21:48:22.199,4.49
2026-03-10 21:50:07.280,4.49
2026-03-10 21:51:44.865,4.49
2026-03-10 21:53:44.941,4.49
2026-03-10 21:55:45.008,4.49
2026-03-10 21:57:45.076,4.49
2026-03-10 21:59:30.155,4.49
2026-03-14 01:36:37.756,4.364
2026-03-14 03:51:37.671,4.362
2026-03-14 06:06:37.593,4.362
2026-03-14 07:31:37.579,4.362
2026-03-14 09:21:37.499,4.355
2026-03-14 09:38:34.157,4.298
2026-03-14 09:40:34.215,4.297
2026-03-14 09:42:19.271,4.297
2026-03-14 09:44:11.817,4.291
2026-03-14 09:46:04.365,4.291
2026-03-14 09:48:04.420,4.3
2026-03-14 09:49:56.981,4.3
2026-03-14 09:51:42.039,4.3
2026-03-14 09:53:38.896,4.3
2026-03-14 09:55:38.963,4.291
2026-03-14 09:57:09.118,4.291
2026-03-14 09:58:46.672,4.278
2026-03-14 10:00:31.734,4.278
2026-03-14 10:02:24.303,4.278
2026-03-14 10:04:15.185,4.278
2026-03-14 10:05:53.439,4.278
2026-03-14 10:07:41.631,4.271
2026-03-14 10:09:19.193,4.271
2026-03-14 10:11:11.750,4.271
2026-03-14 10:12:56.816,4.271
2026-03-14 10:14:41.876,4.271
2026-03-14 10:16:19.442,4.271
2026-03-14 10:17:57.015,4.259
2026-03-14 10:19:36.370,4.259
2026-03-14 10:21:21.435,4.259
2026-03-14 10:22:51.491,4.259
2026-03-14 10:24:36.557,4.259
2026-03-14 10:26:26.326,4.248
2026-03-14 10:28:03.900,4.248
2026-03-14 10:29:59.021,4.248
2026-03-14 10:31:30.874,4.248
2026-03-14 10:33:23.436,4.245
2026-03-14 10:35:15.999,4.245
2026-03-14 10:36:47.859,4.242
2026-03-14 10:38:46.530,4.242
2026-03-14 10:40:46.588,4.242
2026-03-14 10:42:35.953,4.238
2026-03-14 10:44:13.516,4.238
2026-03-14 10:45:51.075,4.217
2026-03-14 10:47:43.636,4.217
2026-03-14 10:49:35.097,4.217
2026-03-14 11:06:38.425,4.247
2026-03-14 12:36:46.606,4.221
2026-03-14 12:38:31.685,4.221
2026-03-14 12:40:01.766,4.217
2026-03-14 12:41:46.831,4.206
2026-03-14 12:43:24.416,4.206
2026-03-14 12:45:09.492,4.209
2026-03-14 12:47:09.582,4.199
2026-03-14 12:48:47.161,4.201
2026-03-14 12:50:32.242,4.201
2026-03-14 12:52:17.311,4.201
2026-03-14 12:54:32.388,4.201
2026-03-14 12:56:39.969,4.201
2026-03-14 12:58:10.047,4.192
2026-03-14 13:00:02.623,4.192
2026-03-14 13:02:02.705,4.19
2026-03-14 13:04:10.277,4.19
2026-03-14 13:05:47.857,4.19
2026-03-14 13:07:32.930,4.19
2026-03-14 13:09:18.020,4.19
2026-03-14 13:11:03.110,4.19
2026-03-14 13:12:55.688,4.19
2026-03-14 13:14:40.759,4.167
2026-03-14 13:16:40.852,4.167
2026-03-14 13:18:33.436,4.167
2026-03-14 13:20:03.511,4.167
2026-03-14 13:21:56.092,4.167
2026-03-14 13:23:48.679,4.167
2026-03-14 13:25:41.256,4.165
2026-03-14 13:27:37.537,4.165
2026-03-14 13:29:30.126,4.165
2026-03-14 13:31:15.207,4.165
2026-03-14 13:33:12.091,4.165
2026-03-14 13:35:08.985,4.165
2026-03-14 13:36:39.090,4.153
2026-03-14 13:38:33.154,4.153
2026-03-14 13:40:18.865,4.153
2026-03-14 13:42:03.949,4.153
2026-03-14 13:44:04.024,4.153
2026-03-14 13:45:51.742,4.153
2026-03-14 13:47:42.919,4.138
2026-03-14 13:49:35.499,4.138
2026-03-14 13:51:28.083,4.138
2026-03-14 13:53:44.243,4.138
2026-03-14 13:55:14.316,4.138
2026-03-14 13:57:14.396,4.124
2026-03-14 13:58:51.981,4.124
2026-03-14 14:00:37.064,4.124
2026-03-14 14:02:34.415,4.124
2026-03-14 14:04:34.489,4.124
2026-03-14 14:06:12.070,4.117
2026-03-14 14:07:42.158,4.117
2026-03-14 14:09:27.233,4.117
2026-03-14 14:11:19.805,4.117
2026-03-14 14:13:04.899,4.117
2026-03-14 14:14:57.465,4.117
2026-03-14 14:16:33.310,4.117
2026-03-14 14:18:33.401,4.096
2026-03-14 14:20:10.998,4.096
2026-03-14 14:22:03.594,4.096
2026-03-14 14:23:42.972,4.096
2026-03-14 14:25:39.842,4.096
2026-03-14 14:27:28.920,4.083
2026-03-14 14:29:14.008,4.083
2026-03-14 14:31:02.243,4.083
2026-03-14 14:32:47.319,4.083
2026-03-14 14:34:24.899,4.083
2026-03-14 14:36:24.988,4.078
2026-03-14 14:38:14.487,4.078
2026-03-14 14:39:55.658,4.078
2026-03-14 14:41:48.239,4.078
2026-03-14 14:43:41.546,4.078
2026-03-14 14:45:11.634,4.078
2026-03-14 14:46:49.215,4.055
2026-03-14 14:48:34.309,4.055
2026-03-14 14:50:22.606,4.055
2026-03-14 14:52:00.193,4.055
2026-03-14 14:53:37.770,4.043
2026-03-14 14:55:27.156,4.043
2026-03-14 14:57:06.535,4.043
2026-03-14 15:11:38.285,4.075
2026-03-14 16:36:37.260,4.077
2026-03-14 18:36:54.105,4.076
2026-03-14 18:38:54.190,4.047
2026-03-14 18:40:31.768,4.047
2026-03-14 18:42:24.333,4.047
2026-03-14 18:44:16.916,4.015
2026-03-14 18:46:39.494,4.029
2026-03-14 18:48:32.071,4.029
2026-03-14 18:50:17.152,4.029
2026-03-14 18:52:17.224,4.028
2026-03-14 18:54:09.799,4.028
2026-03-14 18:55:47.386,4.028
2026-03-14 18:57:39.978,4.028
2026-03-14 18:59:32.556,4.028
2026-03-14 19:01:10.138,4.028
2026-03-14 19:03:25.222,4.02
2026-03-14 19:05:17.810,4.02
2026-03-14 19:10:25.912,4.02
2026-03-14 19:12:03.477,4.011
2026-03-14 19:13:56.045,4.011
2026-03-14 19:16:03.601,4.016
2026-03-14 19:17:56.171,4.016
2026-03-14 19:19:56.249,4.016
2026-03-14 19:21:33.836,4.012
2026-03-14 19:23:33.904,4.012
2026-03-14 19:25:11.470,4.012
2026-03-14 19:32:07.046,4.006
2026-03-14 19:33:44.614,4.006
2026-03-14 19:35:22.186,4.006
2026-03-14 19:37:07.267,4.006
2026-03-14 19:38:44.832,4.006
2026-03-14 19:40:44.922,4.006
2026-03-14 19:42:52.488,4.006
2026-03-14 19:44:45.058,3.997
2026-03-14 20:06:27.574,4.01
2026-03-14 20:51:27.013,4.021
2026-03-14 21:36:27.511,4.021
2026-03-14 22:21:27.492,4.021
2026-03-15 00:06:28.420,4.021
2026-03-15 02:21:28.342,4.021
2026-03-15 04:36:28.262,4.015
2026-03-15 05:56:28.222,4.015
2026-03-15 06:41:28.212,4.015
2026-03-15 07:26:28.189,4.015
2026-03-15 08:11:27.124,4.015
2026-03-15 08:56:27.016,4.015
2026-03-15 09:41:28.108,4.015
2026-03-15 10:26:28.089,4.015
2026-03-15 11:11:28.068,4.015
2026-03-15 11:56:28.032,4.015
2026-03-15 12:41:28.002,4.015
2026-03-15 13:26:26.102,4.004
2026-03-15 14:11:26.093,4.004
2026-03-15 14:56:26.056,4.004
2026-03-15 15:41:25.141,4.004
2026-03-17 01:21:26.893,3.831
2026-03-17 03:36:26.815,3.831
2026-03-17 05:51:26.745,3.831
2026-03-17 08:06:26.665,3.831
2026-03-17 10:21:25.609,3.831
2026-03-17 12:36:26.516,3.831
2026-03-17 14:51:26.443,3.826
2026-03-17 17:06:26.369,3.826
2026-03-17 19:16:43.423,3.826
2026-03-17 19:18:28.462,3.787
2026-03-17 19:20:21.039,3.788
2026-03-17 19:22:13.882,3.79
2026-03-17 19:23:43.936,3.79
2026-03-17 19:25:21.500,3.79
2026-03-17 19:26:59.067,3.788
2026-03-17 19:28:38.972,3.788
2026-03-17 19:30:39.038,3.788
2026-03-17 19:32:24.111,3.788
2026-03-17 19:34:01.672,3.788
2026-03-17 19:35:54.242,3.788
2026-03-17 19:37:46.820,3.78
2026-03-17 19:39:24.382,3.78
2026-03-17 19:41:24.434,3.78
2026-03-17 19:43:09.500,3.78
2026-03-17 19:45:02.064,3.78
2026-03-17 19:46:54.634,3.779
2026-03-17 19:48:32.209,3.779
2026-03-17 19:50:24.772,3.779
2026-03-17 19:52:09.840,3.779
2026-03-17 19:53:54.894,3.779
2026-03-17 19:55:54.958,3.779
2026-03-17 19:57:47.540,3.774
2026-03-17 19:59:25.105,3.774
2026-03-17 20:01:17.685,3.774
2026-03-17 20:03:25.259,3.774
2026-03-17 20:04:55.312,3.774
2026-03-17 20:07:03.923,3.774
2026-03-17 20:08:33.987,3.774
2026-03-17 20:10:11.545,3.774
2026-03-17 20:46:20.528,3.799
2026-03-17 20:52:46.966,3.913
2026-03-17 20:54:32.052,3.942
2026-03-17 20:56:24.649,3.952
2026-03-17 20:58:02.246,3.958
2026-03-17 20:59:39.835,3.962
2026-03-17 21:01:24.937,3.973
2026-03-17 21:03:17.543,3.976
2026-03-17 21:05:10.156,3.98
2026-03-17 21:07:02.775,3.99
2026-03-17 21:08:40.369,3.993
2026-03-17 21:10:32.956,3.998
2026-03-17 21:12:18.067,4.003
2026-03-17 21:14:10.663,4.012
2026-03-17 21:15:55.755,4.016
2026-03-17 21:17:55.862,4.02
2026-03-17 21:19:48.467,4.036
2026-03-17 21:21:18.570,4.041
2026-03-17 21:23:40.022,4.011
2026-03-17 21:25:32.627,4.055
2026-03-17 21:27:26.203,4.061
2026-03-17 21:29:18.796,4.073
2026-03-17 21:31:18.899,4.092
2026-03-17 21:33:11.514,4.098
2026-03-17 21:34:56.613,4.111
2026-03-17 21:36:41.722,4.116
2026-03-17 21:38:34.334,4.121
2026-03-17 21:40:19.432,4.138
2026-03-17 21:42:04.533,4.15
2026-03-17 21:44:12.150,4.155
2026-03-17 21:45:57.246,4.162
2026-03-17 21:47:42.347,4.172
2026-03-17 21:49:27.444,4.188
2026-03-17 21:51:20.038,4.196
2026-03-17 21:53:05.147,4.206
2026-03-17 21:54:57.728,4.213
2026-03-17 21:56:50.313,4.226
2026-03-17 21:58:27.917,4.175
2026-03-17 22:51:20.451,4.102
2026-03-18 01:06:20.337,4.098
2026-03-18 03:21:20.279,4.098
2026-03-18 05:36:20.233,4.098
2026-03-18 06:21:20.199,4.098
2026-03-18 07:06:20.175,4.098
2026-03-18 07:51:20.149,4.088
2026-03-18 08:36:20.119,4.088
2026-03-18 09:21:20.098,4.088
2026-03-18 10:06:20.070,4.088
2026-03-18 10:51:20.049,4.088
2026-03-18 11:36:21.020,4.088
2026-03-18 12:21:19.993,4.088
2026-03-18 13:06:20.973,4.088
2026-03-18 13:51:19.076,4.081
2026-03-18 14:36:19.053,4.081
2026-03-18 15:21:18.022,4.079
2026-03-18 16:06:18.000,4.079
2026-03-18 16:51:17.968,4.078
2026-03-18 17:36:18.950,4.078
2026-03-18 18:21:18.915,4.078
2026-03-18 19:06:18.878,4.075
2026-03-18 19:51:18.870,4.075
2026-03-18 20:36:18.843,4.075
2026-03-18 21:21:18.823,4.075
2026-03-18 22:06:18.804,4.071
2026-03-18 23:21:18.748,4.071
2026-03-19 01:36:18.667,4.071
2026-03-19 03:51:18.586,4.071
2026-03-19 05:46:18.549,4.053
2026-03-19 06:31:18.520,4.062
2026-03-19 07:16:18.480,4.062
2026-03-19 08:01:16.527,4.062
2026-03-19 09:21:16.471,4.062
2026-03-19 11:36:16.401,4.062
2026-03-19 13:51:16.327,4.062
2026-03-19 14:41:16.305,4.049
2026-03-19 15:26:16.274,4.049
2026-03-19 16:11:16.259,4.049
2026-03-19 16:56:17.240,4.05
2026-03-19 17:41:16.212,4.049
2026-03-19 18:26:17.183,4.049
2026-03-19 19:11:16.161,4.049
2026-03-19 19:56:16.131,4.049
2026-03-19 20:41:16.100,4.049
2026-03-19 21:26:16.086,4.049
2026-03-19 22:11:17.052,4.045
2026-03-19 23:36:17.013,4.045
2026-03-20 01:51:16.915,4.045
2026-03-20 04:06:16.848,4.039
2026-03-20 05:51:14.503,4.039
2026-03-20 06:36:13.307,4.036
2026-03-20 07:21:14.444,4.036
2026-03-20 08:06:14.404,4.036
2026-03-20 08:51:14.398,4.036
2026-03-20 09:36:14.365,4.036
2026-03-20 10:21:14.352,4.036
2026-03-20 11:06:14.334,4.036
2026-03-20 11:51:14.302,4.036
2026-03-20 12:36:15.276,4.036
2026-03-20 13:21:14.247,4.036
2026-03-20 14:06:14.226,4.036
2026-03-20 14:51:14.217,4.027
2026-03-20 15:36:14.171,4.027
2026-03-20 16:21:14.157,4.027
2026-03-20 17:06:14.121,4.027
2026-03-20 17:51:14.106,4.027
2026-03-20 18:36:15.068,4.027
2026-03-20 19:21:14.055,4.027
2026-03-20 20:06:15.016,4.027
2026-03-20 20:51:14.002,4.027
2026-03-20 21:36:13.306,4.027
2026-03-20 22:21:13.947,4.018
2026-03-21 00:06:13.882,4.018
2026-03-21 02:21:14.799,4.018
2026-03-21 04:36:14.718,4.018
2026-03-21 05:56:12.216,4.008
2026-03-21 06:41:12.186,4.008
2026-03-21 07:26:12.161,4.003
2026-03-21 08:11:11.128,4.003
2026-03-21 08:56:12.112,4.003
2026-03-21 09:41:12.081,4.003
2026-03-21 10:26:11.050,4.003
2026-03-21 11:11:12.040,4.003
2026-03-21 11:56:12.002,4.003
2026-03-21 12:41:11.975,4.003
2026-03-21 13:26:11.948,4.003
2026-03-21 14:11:11.936,4.003
2026-03-21 14:56:11.916,3.999
2026-03-21 15:41:11.881,3.999
2026-03-21 16:26:12.870,3.999
2026-03-21 17:11:11.828,3.999
2026-03-21 17:56:11.796,3.999
2026-03-21 18:41:11.786,3.999
2026-03-21 19:26:11.764,3.999
2026-03-21 20:11:11.728,3.999
2026-03-21 20:56:11.707,3.999
2026-03-21 21:41:10.818,3.991
2026-03-21 22:26:11.654,3.991
2026-03-22 00:21:11.578,3.991
2026-03-22 02:36:11.508,3.991
2026-03-22 04:51:11.430,3.986
2026-03-22 06:11:08.868,3.982
2026-03-22 06:56:09.830,3.982
2026-03-22 07:41:08.807,3.982
2026-03-22 08:26:09.781,3.982
2026-03-22 09:11:08.757,3.982
2026-03-22 09:56:08.729,3.982
2026-03-22 10:41:09.702,3.982
2026-03-22 11:26:09.700,3.982
2026-03-22 12:11:09.662,3.982
2026-03-22 12:56:09.634,3.969
2026-03-22 13:41:09.608,3.969
2026-03-22 14:26:09.588,3.969
2026-03-22 15:11:09.574,3.969
2026-03-22 15:56:09.537,3.969
2026-03-22 16:41:09.504,3.963
2026-03-22 17:26:08.279,3.912
2026-03-22 18:11:09.462,3.956
2026-03-22 18:56:09.436,3.956
2026-03-22 19:41:09.396,3.956
2026-03-22 20:26:09.376,3.956
2026-03-22 21:11:09.361,3.956
2026-03-22 21:56:09.339,3.956
2026-03-22 22:51:09.292,3.956
2026-03-23 01:06:09.207,3.945
2026-03-23 03:21:09.159,3.945
2026-03-23 05:31:07.353,3.934
2026-03-23 06:16:06.581,3.934
2026-03-23 07:01:06.559,3.934
2026-03-23 07:46:06.516,3.934
2026-03-23 08:31:06.499,3.934
2026-03-23 09:16:06.481,3.926
2026-03-23 10:01:05.818,3.927
2026-03-23 10:46:07.415,3.927
2026-03-23 11:31:06.404,3.927
2026-03-23 12:16:06.367,3.927
2026-03-23 13:01:06.353,3.927
2026-03-23 13:46:07.317,3.927
2026-03-23 14:31:06.309,3.922
2026-03-23 15:16:06.291,3.922
2026-03-23 16:01:06.241,3.919
2026-03-23 16:46:06.231,3.919
2026-03-23 17:31:05.806,3.919
2026-03-23 18:16:07.178,3.919
2026-03-23 19:01:07.155,3.919
2026-03-23 19:46:07.122,3.919
2026-03-23 20:31:05.808,3.919
2026-03-23 21:16:07.072,3.919
2026-03-23 22:01:07.040,3.912
2026-03-23 22:51:07.013,3.912
2026-03-24 01:06:06.931,3.912
2026-03-24 03:21:06.852,3.912
2026-03-24 05:36:03.295,3.907
2026-03-24 06:21:04.253,3.907
2026-03-24 07:06:04.238,3.907
2026-03-24 07:51:04.205,3.905
2026-03-24 08:36:04.183,3.905
2026-03-24 09:21:04.157,3.905
2026-03-24 10:06:04.135,3.905
2026-03-24 10:51:03.292,3.905
2026-03-24 11:36:04.080,3.905
2026-03-24 12:21:04.049,3.905
2026-03-24 13:06:05.031,3.905
2026-03-24 13:51:04.005,3.898
2026-03-24 14:36:03.976,3.898
2026-03-24 15:21:03.939,3.898
2026-03-24 16:06:03.930,3.898
2026-03-24 16:51:03.909,3.896
2026-03-24 17:36:04.876,3.896
2026-03-24 18:21:03.848,3.896
2026-03-24 19:06:03.822,3.896
2026-03-24 19:51:03.296,3.896
2026-03-24 20:36:04.778,3.896
2026-03-24 21:21:03.764,3.896
2026-03-24 22:06:04.733,3.896
2026-03-24 23:21:04.656,3.896
2026-03-25 01:36:03.595,3.888
2026-03-25 03:51:04.523,3.888
2026-03-25 05:41:01.985,3.888
2026-03-25 06:26:01.962,3.888
2026-03-25 07:11:00.806,3.888
2026-03-25 07:56:01.908,3.888
2026-03-25 08:41:01.887,3.883
2026-03-25 09:26:01.852,3.881
2026-03-25 10:11:01.822,3.881
2026-03-25 10:56:01.803,3.881
2026-03-25 11:41:01.788,3.881
2026-03-25 12:26:00.802,3.881
2026-03-25 13:11:01.733,3.881
2026-03-25 13:56:01.703,3.881
2026-03-25 14:41:02.679,3.881
2026-03-25 15:26:01.638,3.881
2026-03-25 16:11:01.630,3.878
2026-03-25 16:56:01.602,3.878
2026-03-25 17:41:00.890,3.878
2026-03-25 18:26:01.552,3.878
2026-03-25 18:49:55.430,3.878
2026-03-25 18:51:55.498,3.858
2026-03-25 18:53:40.565,3.844
2026-03-25 18:55:18.143,3.844
2026-03-25 18:57:03.204,3.844
2026-03-25 18:58:55.767,3.844
2026-03-25 19:00:40.836,3.837
2026-03-25 19:02:33.402,3.837
2026-03-25 19:04:43.039,3.837
2026-03-25 19:06:13.100,3.837
2026-03-25 19:07:58.178,3.837
2026-03-25 19:09:43.241,3.834
2026-03-25 19:11:35.796,3.834
2026-03-25 19:13:35.857,3.834
2026-03-25 19:15:05.920,3.834
2026-03-25 19:16:50.983,3.827
2026-03-25 19:18:21.036,3.827
2026-03-25 19:20:30.597,3.827
2026-03-25 19:22:23.160,3.827
2026-03-25 19:24:23.232,3.827
2026-03-25 19:26:30.795,3.823
2026-03-25 19:28:08.364,3.823
2026-03-25 19:29:53.423,3.823
2026-03-25 19:31:38.485,3.823
2026-03-25 19:33:23.550,3.823
2026-03-25 19:35:01.117,3.815
2026-03-25 19:36:46.170,3.815
2026-03-25 19:38:38.721,3.815
2026-03-25 20:16:02.475,3.844
2026-03-25 21:01:02.464,3.843
2026-03-25 21:46:01.429,3.843
2026-03-25 22:31:01.403,3.843
2026-03-26 00:36:02.319,3.844
2026-03-26 02:51:02.252,3.843
2026-03-26 05:06:02.171,3.843
2026-03-26 06:10:58.612,3.843
2026-03-26 06:55:59.585,3.843
2026-03-26 07:40:59.564,3.843
2026-03-26 08:25:58.524,3.843
2026-03-26 10:35:59.457,3.839
2026-03-26 12:50:59.382,3.839
2026-03-26 14:25:59.347,3.81
2026-03-26 15:10:59.314,3.834
2026-03-26 15:55:59.286,3.834
2026-03-26 16:40:59.260,3.834
2026-03-26 17:25:59.236,3.834
2026-03-26 18:10:59.211,3.834
2026-03-26 18:55:59.196,3.812
2026-03-26 19:41:00.167,3.812
2026-03-26 20:25:59.151,3.812
2026-03-26 21:10:59.114,3.812
2026-03-26 21:55:59.106,3.812
2026-03-26 22:50:59.051,3.812
2026-03-27 01:05:58.972,3.812
2026-03-27 03:20:58.934,3.83
2026-03-27 05:35:59.828,3.83
2026-03-27 06:25:56.279,3.83
2026-03-27 07:10:57.242,3.83
2026-03-27 07:55:57.212,3.83
2026-03-27 08:40:56.192,3.83
2026-03-27 09:25:57.167,3.824
2026-03-27 10:10:57.138,3.824
2026-03-27 10:55:57.111,3.824
2026-03-27 11:40:57.093,3.823
2026-03-27 12:25:57.065,3.823
2026-03-27 13:10:56.032,3.824
2026-03-27 13:55:55.716,3.824
2026-03-27 14:40:55.716,3.824
2026-03-27 15:25:56.974,3.824
