Time,V_in_V
2019-06-01 00:00:00,137.769
2019-06-01 00:02:11,137.034
2019-06-01 00:04:22,136.388
2019-06-01 00:06:33,135.729
2019-06-01 00:08:44,135.2
2019-06-01 00:10:55,135.028
2019-06-01 00:13:06,135.149
2019-06-01 00:15:17,135.212
2019-06-01 00:17:28,135.241
2019-06-01 00:19:39,135.251
2019-06-01 00:21:50,135.26
2019-06-01 00:24:01,135.292
2019-06-01 00:26:12,135.306
2019-06-01 00:28:23,135.343
2019-06-01 00:30:34,135.373
2019-06-01 00:32:45,135.39
2019-06-01 00:34:56,135.401
2019-06-01 00:37:07,135.413
2019-06-01 00:39:18,135.42
2019-06-01 00:41:29,135.422
2019-06-01 00:43:40,135.435
2019-06-01 00:45:51,135.447
2019-06-01 00:48:02,135.45
2019-06-01 00:50:13,135.467
2019-06-01 00:52:24,135.483
2019-06-01 00:54:35,135.475
2019-06-01 00:56:46,135.499
2019-06-01 00:58:57,135.51
2019-06-01 01:01:08,135.527
2019-06-01 01:03:19,135.541
2019-06-01 01:05:30,135.538
2019-06-01 01:07:41,135.57
2019-06-01 01:09:52,135.578
2019-06-01 01:12:03,135.574
2019-06-01 01:14:14,135.59
2019-06-01 01:16:25,135.6
2019-06-01 01:18:36,135.6
2019-06-01 01:20:47,135.618
2019-06-01 01:22:58,135.608
2019-06-01 01:25:09,135.613
2019-06-01 01:27:20,135.619
2019-06-01 01:29:31,135.634
2019-06-01 01:31:42,135.621
2019-06-01 01:33:53,135.642
2019-06-01 01:36:04,135.632
2019-06-01 01:38:15,135.637
2019-06-01 01:40:26,135.654
2019-06-01 01:42:37,135.648
2019-06-01 01:44:48,135.65
2019-06-01 01:46:59,135.664
2019-06-01 01:49:10,135.671
2019-06-01 01:51:21,135.674
2019-06-01 01:53:32,135.704
2019-06-01 01:55:43,135.699
2019-06-01 01:57:54,135.687
2019-06-01 02:00:05,135.717
2019-06-01 02:02:16,135.719
2019-06-01 02:04:27,135.704
2019-06-01 02:06:38,135.731
2019-06-01 02:08:49,135.744
2019-06-01 02:11:00,135.729
2019-06-01 02:13:11,135.754
2019-06-01 02:15:22,135.761
2019-06-01 02:17:33,135.752
2019-06-01 02:19:44,135.749
2019-06-01 02:21:55,135.763
2019-06-01 02:24:06,135.771
2019-06-01 02:26:17,135.772
2019-06-01 02:28:28,135.784
2019-06-01 02:30:39,135.791
2019-06-01 02:32:50,135.778
2019-06-01 02:35:01,135.796
2019-06-01 02:37:12,135.79
2019-06-01 02:39:23,135.795
2019-06-01 02:41:34,135.803
2019-06-01 02:43:45,135.799
2019-06-01 02:45:56,135.805
2019-06-01 02:48:07,135.804
2019-06-01 02:50:18,135.815
2019-06-01 02:52:29,135.801
2019-06-01 02:54:40,135.804
2019-06-01 02:56:51,135.814
2019-06-01 02:59:02,135.815
2019-06-01 03:01:13,135.808
2019-06-01 03:03:24,135.823
2019-06-01 03:05:35,135.815
2019-06-01 03:07:46,135.824
2019-06-01 03:09:57,135.841
2019-06-01 03:12:08,135.835
2019-06-01 03:14:19,135.834
2019-06-01 03:16:30,135.851
2019-06-01 03:18:41,135.854
2019-06-01 03:20:52,135.847
2019-06-01 03:23:03,135.85
2019-06-01 03:25:14,135.836
2019-06-01 03:27:25,135.85
2019-06-01 03:29:36,135.875
2019-06-01 03:31:47,135.867
2019-06-01 03:33:58,135.88
2019-06-01 03:36:09,135.87
2019-06-01 03:38:20,135.896
2019-06-01 03:40:31,135.899
2019-06-01 03:42:42,135.885
2019-06-01 03:44:53,135.899
2019-06-01 03:47:04,135.91
2019-06-01 03:49:15,135.899
2019-06-01 03:51:26,135.911
2019-06-01 03:53:37,135.918
2019-06-01 03:55:48,135.911
2019-06-01 03:57:59,135.926
2019-06-01 04:00:10,135.926
2019-06-01 04:02:21,135.922
2019-06-01 04:04:32,135.944
2019-06-01 04:06:43,135.94
2019-06-01 04:08:54,135.929
2019-06-01 04:11:05,135.943
2019-06-01 04:13:16,135.949
2019-06-01 04:15:27,135.942
2019-06-01 04:17:38,135.958
2019-06-01 04:19:49,135.968
2019-06-01 04:22:00,135.944
2019-06-01 04:24:11,135.964
2019-06-01 04:26:22,135.958
2019-06-01 04:28:33,135.962
2019-06-01 04:30:44,135.971
2019-06-01 04:32:55,135.982
2019-06-01 04:35:06,135.969
2019-06-01 04:37:17,135.981
2019-06-01 04:39:28,135.979
2019-06-01 04:41:39,135.974
2019-06-01 04:43:50,135.978
2019-06-01 04:46:01,135.983
2019-06-01 04:48:12,135.961
2019-06-01 04:50:23,135.975
2019-06-01 04:52:34,135.97
2019-06-01 04:54:45,135.981
2019-06-01 04:56:56,135.953
2019-06-01 04:59:07,135.965
2019-06-01 05:01:18,135.986
2019-06-01 05:03:29,135.968
2019-06-01 05:05:40,135.959
2019-06-01 05:07:51,135.986
2019-06-01 05:10:02,135.972
2019-06-01 05:12:13,135.962
2019-06-01 05:14:24,135.985
2019-06-01 05:16:35,135.989
2019-06-01 05:18:46,135.998
2019-06-01 05:20:57,135.983
2019-06-01 05:23:08,135.979
2019-06-01 05:25:19,135.971
2019-06-01 05:27:30,135.997
2019-06-01 05:29:41,135.967
2019-06-01 05:31:52,135.962
2019-06-01 05:34:03,136.003
2019-06-01 05:36:14,135.97
2019-06-01 05:38:25,135.974
2019-06-01 05:40:36,135.989
2019-06-01 05:42:47,135.989
2019-06-01 05:44:58,135.982
2019-06-01 05:47:09,136.002
2019-06-01 05:49:20,135.981
2019-06-01 05:51:31,135.987
2019-06-01 05:53:42,135.997
2019-06-01 05:55:53,135.982
2019-06-01 05:58:04,135.984
2019-06-01 06:00:15,135.977
2019-06-01 06:02:26,135.979
2019-06-01 06:04:37,135.995
2019-06-01 06:06:48,135.984
2019-06-01 06:08:59,135.998
2019-06-01 06:11:10,136.012
2019-06-01 06:13:21,135.985
2019-06-01 06:15:32,136.008
2019-06-01 06:17:43,135.992
2019-06-01 06:19:54,136.0
2019-06-01 06:22:05,135.998
2019-06-01 06:24:16,135.996
2019-06-01 06:26:27,135.996
2019-06-01 06:28:38,136.011
2019-06-01 06:30:49,136.004
2019-06-01 06:33:00,135.986
2019-06-01 06:35:11,135.999
2019-06-01 06:37:22,136.009
2019-06-01 06:39:33,136.008
2019-06-01 06:41:44,136.002
2019-06-01 06:43:55,136.003
2019-06-01 06:46:06,136.0
2019-06-01 06:48:17,136.002
2019-06-01 06:50:28,136.005
2019-06-01 06:52:39,136.003
2019-06-01 06:54:50,136.004
2019-06-01 06:57:01,136.019
2019-06-01 06:59:12,136.006
2019-06-01 07:01:23,136.014
2019-06-01 07:03:34,136.005
2019-06-01 07:05:45,135.995
2019-06-01 07:07:56,136.012
2019-06-01 07:10:07,136.028
2019-06-01 07:12:18,136.005
2019-06-01 07:14:29,136.005
2019-06-01 07:16:40,136.002
2019-06-01 07:18:51,136.009
2019-06-01 07:21:02,136.026
2019-06-01 07:23:13,136.041
2019-06-01 07:25:24,135.994
2019-06-01 07:27:35,136.0
2019-06-01 07:29:46,136.009
2019-06-01 07:31:57,136.005
2019-06-01 07:34:08,136.005
2019-06-01 07:36:19,136.0
2019-06-01 07:38:30,136.009
2019-06-01 07:40:41,136.009
2019-06-01 07:42:52,135.99
2019-06-01 07:45:03,135.998
2019-06-01 07:47:14,136.012
2019-06-01 07:49:25,136.016
2019-06-01 07:51:36,136.024
2019-06-01 07:53:47,136.014
2019-06-01 07:55:58,136.012
2019-06-01 07:58:09,135.996
2019-06-01 08:00:20,135.999
2019-06-01 08:02:31,136.009
2019-06-01 08:04:42,136.008
2019-06-01 08:06:53,135.997
2019-06-01 08:09:04,136.001
2019-06-01 08:11:15,136.002
2019-06-01 08:13:26,136.012
2019-06-01 08:15:37,136.005
2019-06-01 08:17:48,136.031
2019-06-01 08:19:59,136.007
2019-06-01 08:22:10,135.991
2019-06-01 08:24:21,136.015
2019-06-01 08:26:32,136.012
2019-06-01 08:28:43,135.992
2019-06-01 08:30:54,136.01
2019-06-01 08:33:05,136.001
2019-06-01 08:35:16,135.993
2019-06-01 08:37:27,135.995
2019-06-01 08:39:38,135.992
2019-06-01 08:41:49,136.003
2019-06-01 08:44:00,135.981
2019-06-01 08:46:11,136.005
2019-06-01 08:48:22,135.991
2019-06-01 08:50:33,135.995
2019-06-01 08:52:44,135.998
2019-06-01 08:54:55,136.028
2019-06-01 08:57:06,136.034
2019-06-01 08:59:17,136.136
2019-06-01 09:01:28,136.314
2019-06-01 09:03:39,136.504
2019-06-01 09:05:50,136.757
2019-06-01 09:08:01,137.039
2019-06-01 09:10:12,137.441
2019-06-01 09:12:23,137.852
2019-06-01 09:14:34,138.252
2019-06-01 09:16:45,138.685
2019-06-01 09:18:56,139.073
2019-06-01 09:21:07,139.612
2019-06-01 09:23:18,139.652
2019-06-01 09:25:29,139.547
2019-06-01 09:27:40,139.517
2019-06-01 09:29:51,139.5
2019-06-01 09:32:02,139.501
2019-06-01 09:34:13,139.493
2019-06-01 09:36:24,139.478
2019-06-01 09:38:35,139.496
2019-06-01 09:40:46,139.488
2019-06-01 09:42:57,139.458
2019-06-01 09:45:08,139.471
2019-06-01 09:47:19,139.469
2019-06-01 09:49:30,139.479
2019-06-01 09:51:41,139.443
2019-06-01 09:53:52,139.459
2019-06-01 09:56:03,139.465
2019-06-01 09:58:14,139.459
2019-06-01 10:00:25,139.44
2019-06-01 10:02:36,139.447
2019-06-01 10:04:47,139.444
2019-06-01 10:06:58,139.448
2019-06-01 10:09:09,139.45
2019-06-01 10:11:20,139.445
2019-06-01 10:13:31,139.439
2019-06-01 10:15:42,139.466
2019-06-01 10:17:53,139.438
2019-06-01 10:20:04,139.434
2019-06-01 10:22:15,139.46
2019-06-01 10:24:26,139.442
2019-06-01 10:26:37,139.432
2019-06-01 10:28:48,139.445
2019-06-01 10:30:59,139.438
2019-06-01 10:33:10,139.437
2019-06-01 10:35:21,139.427
2019-06-01 10:37:32,139.412
2019-06-01 10:39:43,139.427
2019-06-01 10:41:54,139.436
2019-06-01 10:44:05,139.438
2019-06-01 10:46:16,139.42
2019-06-01 10:48:27,139.445
2019-06-01 10:50:38,139.413
2019-06-01 10:52:49,139.422
2019-06-01 10:55:00,139.429
2019-06-01 10:57:11,139.427
2019-06-01 10:59:22,139.432
2019-06-01 11:01:33,139.446
2019-06-01 11:03:44,139.429
2019-06-01 11:05:55,139.427
2019-06-01 11:08:06,139.429
2019-06-01 11:10:17,139.419
2019-06-01 11:12:28,139.427
2019-06-01 11:14:39,139.409
2019-06-01 11:16:50,139.423
2019-06-01 11:19:01,139.419
2019-06-01 11:21:12,139.414
2019-06-01 11:23:23,139.412
2019-06-01 11:25:34,139.443
2019-06-01 11:27:45,139.413
2019-06-01 11:29:56,139.429
2019-06-01 11:32:07,139.441
2019-06-01 11:34:18,139.418
2019-06-01 11:36:29,139.422
2019-06-01 11:38:40,139.419
2019-06-01 11:40:51,139.418
2019-06-01 11:43:02,139.426
2019-06-01 11:45:13,139.422
2019-06-01 11:47:24,139.406
2019-06-01 11:49:35,139.43
2019-06-01 11:51:46,139.416
2019-06-01 11:53:57,139.395
2019-06-01 11:56:08,139.42
2019-06-01 11:58:19,143.951
2019-06-01 12:00:30,141.265
2019-06-01 12:02:41,142.029
2019-06-01 12:04:52,141.663
2019-06-01 12:07:03,145.287
2019-06-01 12:09:14,146.166
2019-06-01 12:11:25,147.218
2019-06-01 12:13:36,148.32
2019-06-01 12:15:47,149.445
2019-06-01 12:17:58,150.446
2019-06-01 12:20:09,148.797
2019-06-01 12:22:20,147.933
2019-06-01 12:24:31,148.877
2019-06-01 12:26:42,148.402
2019-06-01 12:28:53,148.332
2019-06-01 12:31:04,151.136
2019-06-01 12:33:15,152.288
2019-06-01 12:35:26,153.227
2019-06-01 12:37:37,154.217
2019-06-01 12:39:48,154.937
2019-06-01 12:41:59,156.116
2019-06-01 12:44:10,153.203
2019-06-01 12:46:21,153.056
2019-06-01 12:48:32,152.956
2019-06-01 12:50:43,156.183
2019-06-01 12:52:54,153.944
2019-06-01 12:55:05,156.283
2019-06-01 12:57:16,157.832
2019-06-01 12:59:27,155.755
2019-06-01 13:01:38,158.726
2019-06-01 13:03:49,159.25
2019-06-01 13:06:00,156.906
2019-06-01 13:08:11,156.589
2019-06-01 13:10:22,156.401
2019-06-01 13:12:33,156.352
2019-06-01 13:14:44,156.272
2019-06-01 13:16:55,159.781
2019-06-01 13:19:06,161.029
2019-06-01 13:21:17,161.913
2019-06-01 13:23:28,162.818
2019-06-01 13:25:39,161.335
2019-06-01 13:27:50,160.86
2019-06-01 13:30:01,160.747
2019-06-01 13:32:12,160.713
2019-06-01 13:34:23,160.619
2019-06-01 13:36:34,161.492
2019-06-01 13:38:45,161.145
2019-06-01 13:40:56,161.079
2019-06-01 13:43:07,161.02
2019-06-01 13:45:18,161.02
2019-06-01 13:47:29,160.997
2019-06-01 13:49:40,160.969
2019-06-01 13:51:51,160.947
2019-06-01 13:54:02,160.931
2019-06-01 13:56:13,160.938
2019-06-01 13:58:24,162.899
2019-06-01 14:00:35,163.671
2019-06-01 14:02:46,164.179
2019-06-01 14:04:57,164.584
2019-06-01 14:07:08,164.895
2019-06-01 14:09:19,164.136
2019-06-01 14:11:30,163.543
2019-06-01 14:13:41,163.39
2019-06-01 14:15:52,163.282
2019-06-01 14:18:03,163.17
2019-06-01 14:20:14,163.136
2019-06-01 14:22:25,163.113
2019-06-01 14:24:36,163.062
2019-06-01 14:26:47,163.062
2019-06-01 14:28:58,163.036
2019-06-01 14:31:09,163.016
2019-06-01 14:33:20,163.006
2019-06-01 14:35:31,162.998
2019-06-01 14:37:42,162.971
2019-06-01 14:39:53,162.971
2019-06-01 14:42:04,162.971
2019-06-01 14:44:15,164.714
2019-06-01 14:46:26,164.266
2019-06-01 14:48:37,163.908
2019-06-01 14:50:48,163.802
2019-06-01 14:52:59,163.766
2019-06-01 14:55:10,163.767
2019-06-01 14:57:21,163.701
2019-06-01 14:59:32,163.705
2019-06-01 15:01:43,163.658
2019-06-01 15:03:54,163.636
2019-06-01 15:06:05,163.636
2019-06-01 15:08:16,163.626
2019-06-01 15:10:27,163.602
2019-06-01 15:12:38,163.61
2019-06-01 15:14:49,163.592
2019-06-01 15:17:00,163.585
2019-06-01 15:19:11,163.573
2019-06-01 15:21:22,163.558
2019-06-01 15:23:33,163.551
2019-06-01 15:25:44,163.543
2019-06-01 15:27:55,163.537
2019-06-01 15:30:06,163.555
2019-06-01 15:32:17,163.546
2019-06-01 15:34:28,163.543
2019-06-01 15:36:39,163.553
2019-06-01 15:38:50,163.524
2019-06-01 15:41:01,163.52
2019-06-01 15:43:12,163.544
2019-06-01 15:45:23,163.527
2019-06-01 15:47:34,163.516
2019-06-01 15:49:45,163.545
2019-06-01 15:51:56,163.513
2019-06-01 15:54:07,163.496
2019-06-01 15:56:18,163.52
2019-06-01 15:58:29,163.508
2019-06-01 16:00:40,163.516
2019-06-01 16:02:51,163.521
2019-06-01 16:05:02,163.515
2019-06-01 16:07:13,163.505
2019-06-01 16:09:24,163.531
2019-06-01 16:11:35,163.494
2019-06-01 16:13:46,163.495
2019-06-01 16:15:57,163.515
2019-06-01 16:18:08,163.483
2019-06-01 16:20:19,163.48
2019-06-01 16:22:30,163.506
2019-06-01 16:24:41,163.49
2019-06-01 16:26:52,163.489
2019-06-01 16:29:03,163.507
2019-06-01 16:31:14,163.484
2019-06-01 16:33:25,163.489
2019-06-01 16:35:36,163.505
2019-06-01 16:37:47,163.484
2019-06-01 16:39:58,163.483
2019-06-01 16:42:09,163.483
2019-06-01 16:44:20,163.478
2019-06-01 16:46:31,163.477
2019-06-01 16:48:42,163.501
2019-06-01 16:50:53,163.487
2019-06-01 16:53:04,163.492
2019-06-01 16:55:15,163.482
2019-06-01 16:57:26,163.483
2019-06-01 16:59:37,163.486
2019-06-01 17:01:48,163.471
2019-06-01 17:03:59,163.481
2019-06-01 17:06:10,163.47
2019-06-01 17:08:21,163.474
2019-06-01 17:10:32,163.502
2019-06-01 17:12:43,163.487
2019-06-01 17:14:54,163.478
2019-06-01 17:17:05,163.473
2019-06-01 17:19:16,163.501
2019-06-01 17:21:27,163.49
2019-06-01 17:23:38,163.477
2019-06-01 17:25:49,163.491
2019-06-01 17:28:00,163.476
2019-06-01 17:30:11,163.483
2019-06-01 17:32:22,163.492
2019-06-01 17:34:33,163.447
2019-06-01 17:36:44,163.138
2019-06-01 17:38:55,161.277
2019-06-01 17:41:06,159.589
2019-06-01 17:43:17,158.636
2019-06-01 17:45:28,157.685
2019-06-01 17:47:39,158.252
2019-06-01 17:49:50,156.783
2019-06-01 17:52:01,156.481
2019-06-01 17:54:12,155.594
2019-06-01 17:56:23,155.586
2019-06-01 17:58:34,156.494
2019-06-01 18:00:45,156.633
2019-06-01 18:02:56,156.671
2019-06-01 18:05:07,156.729
2019-06-01 18:07:18,156.435
2019-06-01 18:09:29,156.038
2019-06-01 18:11:40,155.338
2019-06-01 18:13:51,154.391
2019-06-01 18:16:02,153.926
2019-06-01 18:18:13,152.847
2019-06-01 18:20:24,152.293
2019-06-01 18:22:35,151.499
2019-06-01 18:24:46,150.731
2019-06-01 18:26:57,149.982
2019-06-01 18:29:08,150.242
2019-06-01 18:31:19,149.699
2019-06-01 18:33:30,149.994
2019-06-01 18:35:41,148.045
2019-06-01 18:37:52,148.965
2019-06-01 18:40:03,147.383
2019-06-01 18:42:14,146.919
2019-06-01 18:44:25,147.627
2019-06-01 18:46:36,146.87
2019-06-01 18:48:47,147.117
2019-06-01 18:50:58,146.497
2019-06-01 18:53:09,146.082
2019-06-01 18:55:20,145.878
2019-06-01 18:57:31,145.625
2019-06-01 18:59:42,144.968
2019-06-01 19:01:53,144.2
2019-06-01 19:04:04,143.434
2019-06-01 19:06:15,142.829
2019-06-01 19:08:26,141.991
2019-06-01 19:10:37,140.944
2019-06-01 19:12:48,139.836
2019-06-01 19:14:59,140.037
2019-06-01 19:17:10,139.585
2019-06-01 19:19:21,139.134
2019-06-01 19:21:32,138.792
2019-06-01 19:23:43,138.64
2019-06-01 19:25:54,137.975
2019-06-01 19:28:05,136.212
2019-06-01 19:30:16,134.997
2019-06-01 19:32:27,133.918
2019-06-01 19:34:38,133.068
2019-06-01 19:36:49,132.594
2019-06-01 19:39:00,132.742
2019-06-01 19:41:11,132.758
2019-06-01 19:43:22,132.794
2019-06-01 19:45:33,132.815
2019-06-01 19:47:44,132.8
2019-06-01 19:49:55,132.828
2019-06-01 19:52:06,132.889
2019-06-01 19:54:17,132.887
2019-06-01 19:56:28,132.917
2019-06-01 19:58:39,132.946
2019-06-01 20:00:50,132.953
2019-06-01 20:03:01,132.961
2019-06-01 20:05:12,132.993
2019-06-01 20:07:23,132.992
2019-06-01 20:09:34,132.985
2019-06-01 20:11:45,132.984
2019-06-01 20:13:56,133.023
2019-06-01 20:16:07,133.007
2019-06-01 20:18:18,133.004
2019-06-01 20:20:29,133.019
2019-06-01 20:22:40,133.018
2019-06-01 20:24:51,133.026
2019-06-01 20:27:02,133.037
2019-06-01 20:29:13,133.035
2019-06-01 20:31:24,133.009
2019-06-01 20:33:35,133.034
2019-06-01 20:35:46,133.056
2019-06-01 20:37:57,133.048
2019-06-01 20:40:08,133.07
2019-06-01 20:42:19,133.082
2019-06-01 20:44:30,133.065
2019-06-01 20:46:41,133.089
2019-06-01 20:48:52,133.108
2019-06-01 20:51:03,133.112
2019-06-01 20:53:14,133.121
2019-06-01 20:55:25,133.135
2019-06-01 20:57:36,133.132
2019-06-01 20:59:47,133.149
2019-06-01 21:01:58,133.171
2019-06-01 21:04:09,133.155
2019-06-01 21:06:20,133.174
2019-06-01 21:08:31,133.177
2019-06-01 21:10:42,133.179
2019-06-01 21:12:53,133.2
2019-06-01 21:15:04,133.205
2019-06-01 21:17:15,133.192
2019-06-01 21:19:26,133.184
2019-06-01 21:21:37,133.205
2019-06-01 21:23:48,133.186
2019-06-01 21:25:59,133.229
2019-06-01 21:28:10,133.223
2019-06-01 21:30:21,133.234
2019-06-01 21:32:32,133.227
2019-06-01 21:34:43,133.231
2019-06-01 21:36:54,133.22
2019-06-01 21:39:05,133.26
2019-06-01 21:41:16,133.277
2019-06-01 21:43:27,133.256
2019-06-01 21:45:38,133.258
2019-06-01 21:47:49,133.285
2019-06-01 21:50:00,133.277
2019-06-01 21:52:11,133.306
2019-06-01 21:54:22,133.306
2019-06-01 21:56:33,133.315
2019-06-01 21:58:44,133.342
2019-06-01 22:00:55,133.33
2019-06-01 22:03:06,133.352
2019-06-01 22:05:17,133.358
2019-06-01 22:07:28,133.347
2019-06-01 22:09:39,133.344
2019-06-01 22:11:50,133.34
2019-06-01 22:14:01,133.35
2019-06-01 22:16:12,133.373
2019-06-01 22:18:23,133.368
2019-06-01 22:20:34,133.375
2019-06-01 22:22:45,133.392
2019-06-01 22:24:56,133.361
2019-06-01 22:27:07,133.369
2019-06-01 22:29:18,133.387
2019-06-01 22:31:29,133.368
2019-06-01 22:33:40,133.38
2019-06-01 22:35:51,133.407
2019-06-01 22:38:02,133.38
2019-06-01 22:40:13,133.383
2019-06-01 22:42:24,133.387
2019-06-01 22:44:35,133.398
2019-06-01 22:46:46,133.396
2019-06-01 22:48:57,133.407
2019-06-01 22:51:08,133.398
2019-06-01 22:53:19,133.398
2019-06-01 22:55:30,133.427
2019-06-01 22:57:41,133.406
2019-06-01 22:59:52,133.416
2019-06-01 23:02:03,133.435
2019-06-01 23:04:14,133.425
2019-06-01 23:06:25,133.431
2019-06-01 23:08:36,133.435
2019-06-01 23:10:47,133.441
2019-06-01 23:12:58,133.434
2019-06-01 23:15:09,133.473
2019-06-01 23:17:20,133.447
2019-06-01 23:19:31,133.441
2019-06-01 23:21:42,133.469
2019-06-01 23:23:53,133.457
2019-06-01 23:26:04,133.466
2019-06-01 23:28:15,133.467
2019-06-01 23:30:26,133.465
2019-06-01 23:32:37,133.465
2019-06-01 23:34:48,133.491
2019-06-01 23:36:59,133.475
2019-06-01 23:39:10,133.474
2019-06-01 23:41:21,133.496
2019-06-01 23:43:32,133.495
2019-06-01 23:45:43,133.497
2019-06-01 23:47:54,133.521
2019-06-01 23:50:05,133.491
2019-06-01 23:52:16,133.497
2019-06-01 23:54:27,133.503
2019-06-01 23:56:38,133.522
2019-06-01 23:58:49,133.503
2019-06-02 00:01:00,133.521
2019-06-02 00:03:11,133.535
2019-06-02 00:05:22,133.511
2019-06-02 00:07:33,133.512
2019-06-02 00:09:44,133.531
2019-06-02 00:11:55,133.536
2019-06-02 00:14:06,133.534
2019-06-02 00:16:17,133.535
2019-06-02 00:18:28,133.534
2019-06-02 00:20:39,133.521
2019-06-02 00:22:50,133.546
2019-06-02 00:25:01,133.543
2019-06-02 00:27:12,133.539
2019-06-02 00:29:23,133.54
2019-06-02 00:31:34,133.556
2019-06-02 00:33:45,133.534
2019-06-02 00:35:56,133.568
2019-06-02 00:38:07,133.533
2019-06-02 00:40:18,133.543
2019-06-02 00:42:29,133.548
2019-06-02 00:44:40,133.56
2019-06-02 00:46:51,133.549
2019-06-02 00:49:02,133.55
2019-06-02 00:51:13,133.549
2019-06-02 00:53:24,133.554
2019-06-02 00:55:35,133.55
2019-06-02 00:57:46,133.571
2019-06-02 00:59:57,133.548
2019-06-02 01:02:08,133.566
2019-06-02 01:04:19,133.545
2019-06-02 01:06:30,133.571
2019-06-02 01:08:41,133.549
2019-06-02 01:10:52,133.546
2019-06-02 01:13:03,133.543
2019-06-02 01:15:14,133.562
2019-06-02 01:17:25,133.588
2019-06-02 01:19:36,133.571
2019-06-02 01:21:47,133.577
2019-06-02 01:23:58,133.562
2019-06-02 01:26:09,133.562
2019-06-02 01:28:20,133.567
2019-06-02 01:30:31,133.591
2019-06-02 01:32:42,133.585
2019-06-02 01:34:53,133.584
2019-06-02 01:37:04,133.557
2019-06-02 01:39:15,133.555
2019-06-02 01:41:26,133.562
2019-06-02 01:43:37,133.571
2019-06-02 01:45:48,133.565
2019-06-02 01:47:59,133.578
2019-06-02 01:50:10,133.589
2019-06-02 01:52:21,133.592
2019-06-02 01:54:32,133.588
2019-06-02 01:56:43,133.594
2019-06-02 01:58:54,133.595
2019-06-02 02:01:05,133.592
2019-06-02 02:03:16,133.597
2019-06-02 02:05:27,133.571
2019-06-02 02:07:38,133.575
2019-06-02 02:09:49,133.583
2019-06-02 02:12:00,133.581
2019-06-02 02:14:11,133.581
2019-06-02 02:16:22,133.601
2019-06-02 02:18:33,133.597
2019-06-02 02:20:44,133.597
2019-06-02 02:22:55,133.571
2019-06-02 02:25:06,133.585
2019-06-02 02:27:17,133.569
2019-06-02 02:29:28,133.603
2019-06-02 02:31:39,133.601
2019-06-02 02:33:50,133.606
2019-06-02 02:36:01,133.579
2019-06-02 02:38:12,133.581
2019-06-02 02:40:23,133.582
2019-06-02 02:42:34,133.583
2019-06-02 02:44:45,133.577
2019-06-02 02:46:56,133.574
2019-06-02 02:49:07,133.582
2019-06-02 02:51:18,133.581
2019-06-02 02:53:29,133.576
2019-06-02 02:55:40,133.598
2019-06-02 02:57:51,133.595
2019-06-02 03:00:02,133.592
2019-06-02 03:02:13,133.587
2019-06-02 03:04:24,133.594
2019-06-02 03:06:35,133.604
2019-06-02 03:08:46,133.593
2019-06-02 03:10:57,133.59
2019-06-02 03:13:08,133.585
2019-06-02 03:15:19,133.598
2019-06-02 03:17:30,133.58
2019-06-02 03:19:41,133.593
2019-06-02 03:21:52,133.593
2019-06-02 03:24:03,133.587
2019-06-02 03:26:14,133.594
2019-06-02 03:28:25,133.585
2019-06-02 03:30:36,133.596
2019-06-02 03:32:47,133.597
2019-06-02 03:34:58,133.614
2019-06-02 03:37:09,133.603
2019-06-02 03:39:20,133.607
2019-06-02 03:41:31,133.607
2019-06-02 03:43:42,133.602
2019-06-02 03:45:53,133.613
2019-06-02 03:48:04,133.611
2019-06-02 03:50:15,133.615
2019-06-02 03:52:26,133.605
2019-06-02 03:54:37,133.6
2019-06-02 03:56:48,133.594
2019-06-02 03:58:59,133.598
2019-06-02 04:01:10,133.623
2019-06-02 04:03:21,133.607
2019-06-02 04:05:32,133.614
2019-06-02 04:07:43,133.61
2019-06-02 04:09:54,133.62
2019-06-02 04:12:05,133.62
2019-06-02 04:14:16,133.622
2019-06-02 04:16:27,133.638
2019-06-02 04:18:38,133.626
2019-06-02 04:20:49,133.615
2019-06-02 04:23:00,133.637
2019-06-02 04:25:11,133.617
2019-06-02 04:27:22,133.629
2019-06-02 04:29:33,133.64
2019-06-02 04:31:44,133.633
2019-06-02 04:33:55,133.628
2019-06-02 04:36:06,133.649
2019-06-02 04:38:17,133.628
2019-06-02 04:40:28,133.626
2019-06-02 04:42:39,133.645
2019-06-02 04:44:50,133.619
2019-06-02 04:47:01,133.654
2019-06-02 04:49:12,133.64
2019-06-02 04:51:23,133.627
2019-06-02 04:53:34,133.64
2019-06-02 04:55:45,133.637
2019-06-02 04:57:56,133.632
2019-06-02 05:00:07,133.652
2019-06-02 05:02:18,133.652
2019-06-02 05:04:29,133.654
2019-06-02 05:06:40,133.636
2019-06-02 05:08:51,133.627
2019-06-02 05:11:02,133.638
2019-06-02 05:13:13,133.646
2019-06-02 05:15:24,133.652
2019-06-02 05:17:35,133.653
2019-06-02 05:19:46,133.631
2019-06-02 05:21:57,133.626
2019-06-02 05:24:08,133.63
2019-06-02 05:26:19,133.636
2019-06-02 05:28:30,133.656
2019-06-02 05:30:41,133.637
2019-06-02 05:32:52,133.649
2019-06-02 05:35:03,133.629
2019-06-02 05:37:14,133.628
2019-06-02 05:39:25,133.631
2019-06-02 05:41:36,133.634
2019-06-02 05:43:47,133.635
2019-06-02 05:45:58,133.634
2019-06-02 05:48:09,133.617
2019-06-02 05:50:20,133.615
2019-06-02 05:52:31,133.641
2019-06-02 05:54:42,133.632
2019-06-02 05:56:53,133.63
2019-06-02 05:59:04,133.622
2019-06-02 06:01:15,133.628
2019-06-02 06:03:26,133.645
2019-06-02 06:05:37,133.624
2019-06-02 06:07:48,133.631
2019-06-02 06:09:59,133.635
2019-06-02 06:12:10,133.643
2019-06-02 06:14:21,133.645
2019-06-02 06:16:32,133.646
2019-06-02 06:18:43,133.638
2019-06-02 06:20:54,133.64
2019-06-02 06:23:05,133.64
2019-06-02 06:25:16,133.643
2019-06-02 06:27:27,133.64
2019-06-02 06:29:38,133.638
2019-06-02 06:31:49,133.635
2019-06-02 06:34:00,133.64
2019-06-02 06:36:11,133.632
2019-06-02 06:38:22,133.639
2019-06-02 06:40:33,133.643
2019-06-02 06:42:44,133.639
2019-06-02 06:44:55,133.656
2019-06-02 06:47:06,133.648
2019-06-02 06:49:17,133.656
2019-06-02 06:51:28,133.65
2019-06-02 06:53:39,133.645
2019-06-02 06:55:50,133.658
2019-06-02 06:58:01,133.655
2019-06-02 07:00:12,133.654
2019-06-02 07:02:23,133.653
2019-06-02 07:04:34,133.663
2019-06-02 07:06:45,133.643
2019-06-02 07:08:56,133.661
2019-06-02 07:11:07,133.66
2019-06-02 07:13:18,133.67
2019-06-02 07:15:29,133.659
2019-06-02 07:17:40,133.666
2019-06-02 07:19:51,133.654
2019-06-02 07:22:02,133.66
2019-06-02 07:24:13,133.654
2019-06-02 07:26:24,133.647
2019-06-02 07:28:35,133.654
2019-06-02 07:30:46,133.657
2019-06-02 07:32:57,133.664
2019-06-02 07:35:08,133.671
2019-06-02 07:37:19,133.666
2019-06-02 07:39:30,133.67
2019-06-02 07:41:41,133.656
2019-06-02 07:43:52,133.664
2019-06-02 07:46:03,133.654
2019-06-02 07:48:14,133.678
2019-06-02 07:50:25,133.664
2019-06-02 07:52:36,133.656
2019-06-02 07:54:47,133.653
2019-06-02 07:56:58,133.68
2019-06-02 07:59:09,133.675
2019-06-02 08:01:20,133.671
2019-06-02 08:03:31,133.659
2019-06-02 08:05:42,133.654
2019-06-02 08:07:53,133.653
2019-06-02 08:10:04,133.664
2019-06-02 08:12:15,133.661
2019-06-02 08:14:26,133.671
2019-06-02 08:16:37,133.647
2019-06-02 08:18:48,133.634
2019-06-02 08:20:59,133.642
2019-06-02 08:23:10,133.643
2019-06-02 08:25:21,133.654
2019-06-02 08:27:32,133.656
2019-06-02 08:29:43,133.653
2019-06-02 08:31:54,133.648
2019-06-02 08:34:05,133.637
2019-06-02 08:36:16,133.63
2019-06-02 08:38:27,133.64
2019-06-02 08:40:38,133.634
2019-06-02 08:42:49,133.645
2019-06-02 08:45:00,133.641
2019-06-02 08:47:11,133.642
2019-06-02 08:49:22,133.622
2019-06-02 08:51:33,133.63
2019-06-02 08:53:44,133.626
2019-06-02 08:55:55,133.604
2019-06-02 08:58:06,133.611
2019-06-02 09:00:17,133.614
2019-06-02 09:02:28,133.619
2019-06-02 09:04:39,133.617
2019-06-02 09:06:50,133.618
2019-06-02 09:09:01,133.612
2019-06-02 09:11:12,133.616
2019-06-02 09:13:23,133.632
2019-06-02 09:15:34,133.621
2019-06-02 09:17:45,133.636
2019-06-02 09:19:56,133.646
2019-06-02 09:22:07,133.704
2019-06-02 09:24:18,133.862
2019-06-02 09:26:29,133.821
2019-06-02 09:28:40,133.816
2019-06-02 09:30:51,133.809
2019-06-02 09:33:02,133.825
2019-06-02 09:35:13,133.82
2019-06-02 09:37:24,133.931
2019-06-02 09:39:35,134.162
2019-06-02 09:41:46,134.49
2019-06-02 09:43:57,134.96
2019-06-02 09:46:08,135.544
2019-06-02 09:48:19,136.222
2019-06-02 09:50:30,136.959
2019-06-02 09:52:41,137.8
2019-06-02 09:54:52,138.585
2019-06-02 09:57:03,139.402
2019-06-02 09:59:14,139.946
2019-06-02 10:01:25,140.619
2019-06-02 10:03:36,141.324
2019-06-02 10:05:47,141.76
2019-06-02 10:07:58,142.184
2019-06-02 10:10:09,142.418
2019-06-02 10:12:20,142.694
2019-06-02 10:14:31,142.883
2019-06-02 10:16:42,143.139
2019-06-02 10:18:53,143.398
2019-06-02 10:21:04,142.584
2019-06-02 10:23:15,142.56
2019-06-02 10:25:26,142.639
2019-06-02 10:27:37,142.899
2019-06-02 10:29:48,142.511
2019-06-02 10:31:59,142.467
2019-06-02 10:34:10,142.431
2019-06-02 10:36:21,142.361
2019-06-02 10:38:32,141.92
2019-06-02 10:40:43,141.924
2019-06-02 10:42:54,141.824
2019-06-02 10:45:05,140.744
2019-06-02 10:47:16,140.918
2019-06-02 10:49:27,140.784
2019-06-02 10:51:38,140.972
2019-06-02 10:53:49,141.441
2019-06-02 10:56:00,142.104
2019-06-02 10:58:11,141.905
2019-06-02 11:00:22,143.018
2019-06-02 11:02:33,144.222
2019-06-02 11:04:44,145.035
2019-06-02 11:06:55,145.816
2019-06-02 11:09:06,146.623
2019-06-02 11:11:17,147.481
2019-06-02 11:13:28,148.354
2019-06-02 11:15:39,149.196
2019-06-02 11:17:50,149.983
2019-06-02 11:20:01,150.538
2019-06-02 11:22:12,151.037
2019-06-02 11:24:23,151.691
2019-06-02 11:26:34,152.16
2019-06-02 11:28:45,152.831
2019-06-02 11:30:56,154.065
2019-06-02 11:33:07,154.897
2019-06-02 11:35:18,152.929
2019-06-02 11:37:29,153.761
2019-06-02 11:39:40,153.226
2019-06-02 11:41:51,153.108
2019-06-02 11:44:02,153.044
2019-06-02 11:46:13,153.022
2019-06-02 11:48:24,152.991
2019-06-02 11:50:35,152.967
2019-06-02 11:52:46,152.931
2019-06-02 11:54:57,152.921
2019-06-02 11:57:08,152.909
2019-06-02 11:59:19,152.905
2019-06-02 12:01:30,152.908
2019-06-02 12:03:41,152.919
2019-06-02 12:05:52,152.905
2019-06-02 12:08:03,152.898
2019-06-02 12:10:14,152.883
2019-06-02 12:12:25,152.938
2019-06-02 12:14:36,153.022
2019-06-02 12:16:47,153.173
2019-06-02 12:18:58,155.062
2019-06-02 12:21:09,155.879
2019-06-02 12:23:20,157.05
2019-06-02 12:25:31,157.839
2019-06-02 12:27:42,158.717
2019-06-02 12:29:53,159.552
2019-06-02 12:32:04,160.368
2019-06-02 12:34:15,161.201
2019-06-02 12:36:26,162.05
2019-06-02 12:38:37,162.852
2019-06-02 12:40:48,163.461
2019-06-02 12:42:59,163.862
2019-06-02 12:45:10,164.188
2019-06-02 12:47:21,162.264
2019-06-02 12:49:32,162.09
2019-06-02 12:51:43,162.004
2019-06-02 12:53:54,161.977
2019-06-02 12:56:05,163.15
2019-06-02 12:58:16,162.355
2019-06-02 13:00:27,162.208
2019-06-02 13:02:38,162.878
2019-06-02 13:04:49,162.581
2019-06-02 13:07:00,164.22
2019-06-02 13:09:11,162.864
2019-06-02 13:11:22,162.75
2019-06-02 13:13:33,162.684
2019-06-02 13:15:44,162.647
2019-06-02 13:17:55,162.605
2019-06-02 13:20:06,162.581
2019-06-02 13:22:17,162.556
2019-06-02 13:24:28,162.556
2019-06-02 13:26:39,162.531
2019-06-02 13:28:50,162.541
2019-06-02 13:31:01,163.696
2019-06-02 13:33:12,164.661
2019-06-02 13:35:23,164.106
2019-06-02 13:37:34,163.633
2019-06-02 13:39:45,163.507
2019-06-02 13:41:56,163.437
2019-06-02 13:44:07,163.382
2019-06-02 13:46:18,163.336
2019-06-02 13:48:29,163.319
2019-06-02 13:50:40,163.296
2019-06-02 13:52:51,163.28
2019-06-02 13:55:02,163.26
2019-06-02 13:57:13,163.259
2019-06-02 13:59:24,163.243
2019-06-02 14:01:35,163.222
2019-06-02 14:03:46,163.199
2019-06-02 14:05:57,163.216
2019-06-02 14:08:08,163.209
2019-06-02 14:10:19,163.194
2019-06-02 14:12:30,163.182
2019-06-02 14:14:41,163.19
2019-06-02 14:16:52,163.17
2019-06-02 14:19:03,163.165
2019-06-02 14:21:14,163.164
2019-06-02 14:23:25,163.164
2019-06-02 14:25:36,163.155
2019-06-02 14:27:47,163.149
2019-06-02 14:29:58,163.144
2019-06-02 14:32:09,163.14
2019-06-02 14:34:20,163.133
2019-06-02 14:36:31,163.134
2019-06-02 14:38:42,163.126
2019-06-02 14:40:53,163.123
2019-06-02 14:43:04,163.124
2019-06-02 14:45:15,163.123
2019-06-02 14:47:26,163.121
2019-06-02 14:49:37,163.138
2019-06-02 14:51:48,163.122
2019-06-02 14:53:59,163.109
2019-06-02 14:56:10,163.119
2019-06-02 14:58:21,163.108
2019-06-02 15:00:32,163.111
2019-06-02 15:02:43,163.11
2019-06-02 15:04:54,163.116
2019-06-02 15:07:05,163.125
2019-06-02 15:09:16,163.108
2019-06-02 15:11:27,163.103
2019-06-02 15:13:38,163.109
2019-06-02 15:15:49,163.124
2019-06-02 15:18:00,163.121
2019-06-02 15:20:11,163.099
2019-06-02 15:22:22,163.104
2019-06-02 15:24:33,163.104
2019-06-02 15:26:44,163.099
2019-06-02 15:28:55,163.113
2019-06-02 15:31:06,163.103
2019-06-02 15:33:17,163.099
2019-06-02 15:35:28,163.093
2019-06-02 15:37:39,163.091
2019-06-02 15:39:50,163.1
2019-06-02 15:42:01,163.078
2019-06-02 15:44:12,162.851
2019-06-02 15:46:23,162.746
2019-06-02 15:48:34,162.573
2019-06-02 15:50:45,162.331
2019-06-02 15:52:56,162.255
2019-06-02 15:55:07,162.037
2019-06-02 15:57:18,161.91
2019-06-02 15:59:29,161.726
2019-06-02 16:01:40,162.019
2019-06-02 16:03:51,162.207
2019-06-02 16:06:02,162.341
2019-06-02 16:08:13,163.523
2019-06-02 16:10:24,164.61
2019-06-02 16:12:35,165.062
2019-06-02 16:14:46,164.55
2019-06-02 16:16:57,164.472
2019-06-02 16:19:08,164.144
2019-06-02 16:21:19,164.074
2019-06-02 16:23:30,164.022
2019-06-02 16:25:41,163.965
2019-06-02 16:27:52,163.949
2019-06-02 16:30:03,163.935
2019-06-02 16:32:14,163.904
2019-06-02 16:34:25,163.896
2019-06-02 16:36:36,163.893
2019-06-02 16:38:47,163.881
2019-06-02 16:40:58,163.881
2019-06-02 16:43:09,163.873
2019-06-02 16:45:20,163.87
2019-06-02 16:47:31,163.848
2019-06-02 16:49:42,163.833
2019-06-02 16:51:53,163.829
2019-06-02 16:54:04,163.827
2019-06-02 16:56:15,163.825
2019-06-02 16:58:26,163.821
2019-06-02 17:00:37,163.814
2019-06-02 17:02:48,163.821
2019-06-02 17:04:59,163.814
2019-06-02 17:07:10,163.804
2019-06-02 17:09:21,163.814
2019-06-02 17:11:32,163.807
2019-06-02 17:13:43,163.794
2019-06-02 17:15:54,163.785
2019-06-02 17:18:05,163.792
2019-06-02 17:20:16,163.794
2019-06-02 17:22:27,163.778
2019-06-02 17:24:38,163.796
2019-06-02 17:26:49,163.793
2019-06-02 17:29:00,163.779
2019-06-02 17:31:11,163.784
2019-06-02 17:33:22,163.786
2019-06-02 17:35:33,163.766
2019-06-02 17:37:44,163.77
2019-06-02 17:39:55,163.772
2019-06-02 17:42:06,163.766
2019-06-02 17:44:17,163.776
2019-06-02 17:46:28,163.78
2019-06-02 17:48:39,163.785
2019-06-02 17:50:50,163.782
2019-06-02 17:53:01,163.772
2019-06-02 17:55:12,163.767
2019-06-02 17:57:23,163.779
2019-06-02 17:59:34,163.768
2019-06-02 18:01:45,163.402
2019-06-02 18:03:56,162.106
2019-06-02 18:06:07,160.868
2019-06-02 18:08:18,159.41
2019-06-02 18:10:29,160.804
2019-06-02 18:12:40,158.404
2019-06-02 18:14:51,158.457
2019-06-02 18:17:02,157.017
2019-06-02 18:19:13,157.648
2019-06-02 18:21:24,158.809
2019-06-02 18:23:35,158.727
2019-06-02 18:25:46,158.448
2019-06-02 18:27:57,157.753
2019-06-02 18:30:08,157.734
2019-06-02 18:32:19,157.121
2019-06-02 18:34:30,157.049
2019-06-02 18:36:41,156.519
2019-06-02 18:38:52,155.902
2019-06-02 18:41:03,154.88
2019-06-02 18:43:14,154.037
2019-06-02 18:45:25,153.247
2019-06-02 18:47:36,153.774
2019-06-02 18:49:47,153.39
2019-06-02 18:51:58,152.951
2019-06-02 18:54:09,152.383
2019-06-02 18:56:20,151.038
2019-06-02 18:58:31,151.673
2019-06-02 19:00:42,151.272
2019-06-02 19:02:53,151.076
2019-06-02 19:05:04,150.759
2019-06-02 19:07:15,150.379
2019-06-02 19:09:26,149.437
2019-06-02 19:11:37,148.705
2019-06-02 19:13:48,147.981
2019-06-02 19:15:59,147.331
2019-06-02 19:18:10,146.566
2019-06-02 19:20:21,145.744
2019-06-02 19:22:32,144.844
2019-06-02 19:24:43,143.634
2019-06-02 19:26:54,142.811
2019-06-02 19:29:05,143.286
2019-06-02 19:31:16,142.775
2019-06-02 19:33:27,141.903
2019-06-02 19:35:38,141.001
2019-06-02 19:37:49,139.617
2019-06-02 19:40:00,139.551
2019-06-02 19:42:11,139.166
2019-06-02 19:44:22,138.613
2019-06-02 19:46:33,138.795
2019-06-02 19:48:44,137.81
2019-06-02 19:50:55,135.806
2019-06-02 19:53:06,134.994
2019-06-02 19:55:17,133.892
2019-06-02 19:57:28,133.032
2019-06-02 19:59:39,132.464
2019-06-02 20:01:50,132.161
2019-06-02 20:04:01,132.295
2019-06-02 20:06:12,132.342
2019-06-02 20:08:23,132.39
2019-06-02 20:10:34,132.43
2019-06-02 20:12:45,132.47
2019-06-02 20:14:56,132.509
2019-06-02 20:17:07,132.537
2019-06-02 20:19:18,132.562
2019-06-02 20:21:29,132.604
2019-06-02 20:23:40,132.633
2019-06-02 20:25:51,132.64
2019-06-02 20:28:02,132.665
2019-06-02 20:30:13,132.657
2019-06-02 20:32:24,132.68
2019-06-02 20:34:35,132.716
2019-06-02 20:36:46,132.736
2019-06-02 20:38:57,132.766
2019-06-02 20:41:08,132.779
2019-06-02 20:43:19,132.796
2019-06-02 20:45:30,132.82
2019-06-02 20:47:41,132.806
2019-06-02 20:49:52,132.821
2019-06-02 20:52:03,132.828
2019-06-02 20:54:14,132.839
2019-06-02 20:56:25,132.87
2019-06-02 20:58:36,132.887
2019-06-02 21:00:47,132.895
2019-06-02 21:02:58,132.914
2019-06-02 21:05:09,132.921
2019-06-02 21:07:20,132.939
2019-06-02 21:09:31,132.948
2019-06-02 21:11:42,132.971
2019-06-02 21:13:53,132.979
2019-06-02 21:16:04,132.973
2019-06-02 21:18:15,132.974
2019-06-02 21:20:26,132.976
2019-06-02 21:22:37,132.995
2019-06-02 21:24:48,132.991
2019-06-02 21:26:59,132.997
2019-06-02 21:29:10,132.996
2019-06-02 21:31:21,133.005
2019-06-02 21:33:32,133.005
2019-06-02 21:35:43,133.024
2019-06-02 21:37:54,133.023
2019-06-02 21:40:05,133.03
2019-06-02 21:42:16,133.055
2019-06-02 21:44:27,133.059
2019-06-02 21:46:38,133.051
2019-06-02 21:48:49,133.061
2019-06-02 21:51:00,133.062
2019-06-02 21:53:11,133.068
2019-06-02 21:55:22,133.088
2019-06-02 21:57:33,133.085
2019-06-02 21:59:44,133.105
2019-06-02 22:01:55,133.1
2019-06-02 22:04:06,133.108
2019-06-02 22:06:17,133.119
2019-06-02 22:08:28,133.109
2019-06-02 22:10:39,133.127
2019-06-02 22:12:50,133.121
2019-06-02 22:15:01,133.13
2019-06-02 22:17:12,133.144
2019-06-02 22:19:23,133.154
2019-06-02 22:21:34,133.147
2019-06-02 22:23:45,133.147
2019-06-02 22:25:56,133.155
2019-06-02 22:28:07,133.177
2019-06-02 22:30:18,133.175
2019-06-02 22:32:29,133.169
2019-06-02 22:34:40,133.172
2019-06-02 22:36:51,133.172
2019-06-02 22:39:02,133.174
2019-06-02 22:41:13,133.196
2019-06-02 22:43:24,133.203
2019-06-02 22:45:35,133.202
2019-06-02 22:47:46,133.194
2019-06-02 22:49:57,133.175
2019-06-02 22:52:08,133.206
2019-06-02 22:54:19,133.196
2019-06-02 22:56:30,133.195
2019-06-02 22:58:41,133.197
2019-06-02 23:00:52,133.219
2019-06-02 23:03:03,133.216
2019-06-02 23:05:14,133.223
2019-06-02 23:07:25,133.222
2019-06-02 23:09:36,133.223
2019-06-02 23:11:47,133.236
2019-06-02 23:13:58,133.23
2019-06-02 23:16:09,133.21
2019-06-02 23:18:20,133.241
2019-06-02 23:20:31,133.236
2019-06-02 23:22:42,133.238
2019-06-02 23:24:53,133.237
2019-06-02 23:27:04,133.258
2019-06-02 23:29:15,133.254
2019-06-02 23:31:26,133.23
2019-06-02 23:33:37,133.226
2019-06-02 23:35:48,133.238
2019-06-02 23:37:59,133.238
2019-06-02 23:40:10,133.259
2019-06-02 23:42:21,133.255
2019-06-02 23:44:32,133.248
2019-06-02 23:46:43,133.254
2019-06-02 23:48:54,133.255
2019-06-02 23:51:05,133.272
2019-06-02 23:53:16,133.264
2019-06-02 23:55:27,133.281
2019-06-02 23:57:38,133.276
2019-06-02 23:59:49,133.275
2019-06-03 00:02:00,133.285
2019-06-03 00:04:11,133.271
2019-06-03 00:06:22,133.286
2019-06-03 00:08:33,133.29
2019-06-03 00:10:44,133.303
2019-06-03 00:12:55,133.293
2019-06-03 00:15:06,133.286
2019-06-03 00:17:17,133.295
2019-06-03 00:19:28,133.299
2019-06-03 00:21:39,133.305
2019-06-03 00:23:50,133.314
2019-06-03 00:26:01,133.316
2019-06-03 00:28:12,133.316
2019-06-03 00:30:23,133.309
2019-06-03 00:32:34,133.311
2019-06-03 00:34:45,133.307
2019-06-03 00:36:56,133.311
2019-06-03 00:39:07,133.31
2019-06-03 00:41:18,133.32
2019-06-03 00:43:29,133.325
2019-06-03 00:45:40,133.318
2019-06-03 00:47:51,133.319
2019-06-03 00:50:02,133.335
2019-06-03 00:52:13,133.347
2019-06-03 00:54:24,133.354
2019-06-03 00:56:35,133.345
2019-06-03 00:58:46,133.338
2019-06-03 01:00:57,133.344
2019-06-03 01:03:08,133.351
2019-06-03 01:05:19,133.349
2019-06-03 01:07:30,133.35
2019-06-03 01:09:41,133.349
2019-06-03 01:11:52,133.334
2019-06-03 01:14:03,133.362
2019-06-03 01:16:14,133.354
2019-06-03 01:18:25,133.376
2019-06-03 01:20:36,133.384
2019-06-03 01:22:47,133.376
2019-06-03 01:24:58,133.367
2019-06-03 01:27:09,133.38
2019-06-03 01:29:20,133.37
2019-06-03 01:31:31,133.385
2019-06-03 01:33:42,133.398
2019-06-03 01:35:53,133.389
2019-06-03 01:38:04,133.371
2019-06-03 01:40:15,133.376
2019-06-03 01:42:26,133.375
2019-06-03 01:44:37,133.39
2019-06-03 01:46:48,133.385
2019-06-03 01:48:59,133.384
2019-06-03 01:51:10,133.368
2019-06-03 01:53:21,133.373
2019-06-03 01:55:32,133.366
2019-06-03 01:57:43,133.386
2019-06-03 01:59:54,133.368
2019-06-03 02:02:05,133.39
2019-06-03 02:04:16,133.382
2019-06-03 02:06:27,133.373
2019-06-03 02:08:38,133.374
2019-06-03 02:10:49,133.366
2019-06-03 02:13:00,133.383
2019-06-03 02:15:11,133.364
2019-06-03 02:17:22,133.37
2019-06-03 02:19:33,133.38
2019-06-03 02:21:44,133.377
2019-06-03 02:23:55,133.383
2019-06-03 02:26:06,133.386
2019-06-03 02:28:17,133.387
2019-06-03 02:30:28,133.38
2019-06-03 02:32:39,133.385
2019-06-03 02:34:50,133.392
2019-06-03 02:37:01,133.381
2019-06-03 02:39:12,133.382
2019-06-03 02:41:23,133.383
2019-06-03 02:43:34,133.375
2019-06-03 02:45:45,133.38
2019-06-03 02:47:56,133.39
2019-06-03 02:50:07,133.377
2019-06-03 02:52:18,133.378
2019-06-03 02:54:29,133.379
2019-06-03 02:56:40,133.379
2019-06-03 02:58:51,133.375
2019-06-03 03:01:02,133.383
2019-06-03 03:03:13,133.397
2019-06-03 03:05:24,133.392
2019-06-03 03:07:35,133.394
2019-06-03 03:09:46,133.387
2019-06-03 03:11:57,133.393
2019-06-03 03:14:08,133.381
2019-06-03 03:16:19,133.396
2019-06-03 03:18:30,133.401
2019-06-03 03:20:41,133.397
2019-06-03 03:22:52,133.382
2019-06-03 03:25:03,133.387
2019-06-03 03:27:14,133.381
2019-06-03 03:29:25,133.394
2019-06-03 03:31:36,133.396
2019-06-03 03:33:47,133.425
2019-06-03 03:35:58,133.4
2019-06-03 03:38:09,133.408
2019-06-03 03:40:20,133.4
2019-06-03 03:42:31,133.409
2019-06-03 03:44:42,133.415
2019-06-03 03:46:53,133.411
2019-06-03 03:49:04,133.395
2019-06-03 03:51:15,133.414
2019-06-03 03:53:26,133.406
2019-06-03 03:55:37,133.405
2019-06-03 03:57:48,133.415
2019-06-03 03:59:59,133.417
2019-06-03 04:02:10,133.423
2019-06-03 04:04:21,133.41
2019-06-03 04:06:32,133.428
2019-06-03 04:08:43,133.415
2019-06-03 04:10:54,133.418
2019-06-03 04:13:05,133.409
2019-06-03 04:15:16,133.392
2019-06-03 04:17:27,133.429
2019-06-03 04:19:38,133.43
2019-06-03 04:21:49,133.413
2019-06-03 04:24:00,133.418
2019-06-03 04:26:11,133.423
2019-06-03 04:28:22,133.436
2019-06-03 04:30:33,133.432
2019-06-03 04:32:44,133.435
2019-06-03 04:34:55,133.413
2019-06-03 04:37:06,133.397
2019-06-03 04:39:17,133.407
2019-06-03 04:41:28,133.43
2019-06-03 04:43:39,133.445
2019-06-03 04:45:50,133.43
2019-06-03 04:48:01,133.429
2019-06-03 04:50:12,133.427
2019-06-03 04:52:23,133.431
2019-06-03 04:54:34,133.437
2019-06-03 04:56:45,133.445
2019-06-03 04:58:56,133.442
2019-06-03 05:01:07,133.431
2019-06-03 05:03:18,133.421
2019-06-03 05:05:29,133.415
2019-06-03 05:07:40,133.431
2019-06-03 05:09:51,133.427
2019-06-03 05:12:02,133.437
2019-06-03 05:14:13,133.427
2019-06-03 05:16:24,133.433
2019-06-03 05:18:35,133.421
2019-06-03 05:20:46,133.415
2019-06-03 05:22:57,133.425
2019-06-03 05:25:08,133.42
2019-06-03 05:27:19,133.417
2019-06-03 05:29:30,133.401
2019-06-03 05:31:41,133.423
2019-06-03 05:33:52,133.414
2019-06-03 05:36:03,133.413
2019-06-03 05:38:14,133.413
2019-06-03 05:40:25,133.415
2019-06-03 05:42:36,133.413
2019-06-03 05:44:47,133.414
2019-06-03 05:46:58,133.409
2019-06-03 05:49:09,133.409
2019-06-03 05:51:20,133.421
2019-06-03 05:53:31,133.409
2019-06-03 05:55:42,133.423
2019-06-03 05:57:53,133.413
2019-06-03 06:00:04,133.407
2019-06-03 06:02:15,133.423
2019-06-03 06:04:26,133.414
2019-06-03 06:06:37,133.395
2019-06-03 06:08:48,133.395
2019-06-03 06:10:59,133.395
2019-06-03 06:13:10,133.406
2019-06-03 06:15:21,133.411
2019-06-03 06:17:32,133.412
2019-06-03 06:19:43,133.404
2019-06-03 06:21:54,133.402
2019-06-03 06:24:05,133.418
2019-06-03 06:26:16,133.418
2019-06-03 06:28:27,133.444
2019-06-03 06:30:38,133.407
2019-06-03 06:32:49,133.421
2019-06-03 06:35:00,133.431
2019-06-03 06:37:11,133.425
2019-06-03 06:39:22,133.407
2019-06-03 06:41:33,133.413
2019-06-03 06:43:44,133.424
2019-06-03 06:45:55,133.437
2019-06-03 06:48:06,133.428
2019-06-03 06:50:17,133.406
2019-06-03 06:52:28,133.427
2019-06-03 06:54:39,133.406
2019-06-03 06:56:50,133.42
2019-06-03 06:59:01,133.43
2019-06-03 07:01:12,133.43
2019-06-03 07:03:23,133.418
2019-06-03 07:05:34,133.414
2019-06-03 07:07:45,133.401
2019-06-03 07:09:56,133.416
2019-06-03 07:12:07,133.404
2019-06-03 07:14:18,133.423
2019-06-03 07:16:29,133.419
2019-06-03 07:18:40,133.405
2019-06-03 07:20:51,133.399
2019-06-03 07:23:02,133.401
2019-06-03 07:25:13,133.424
2019-06-03 07:27:24,133.42
2019-06-03 07:29:35,133.406
2019-06-03 07:31:46,133.398
2019-06-03 07:33:57,133.393
2019-06-03 07:36:08,133.387
2019-06-03 07:38:19,133.395
2019-06-03 07:40:30,133.407
2019-06-03 07:42:41,133.406
2019-06-03 07:44:52,133.391
2019-06-03 07:47:03,133.413
2019-06-03 07:49:14,133.393
2019-06-03 07:51:25,133.39
2019-06-03 07:53:36,133.374
2019-06-03 07:55:47,133.371
2019-06-03 07:57:58,133.354
2019-06-03 08:00:09,133.355
2019-06-03 08:02:20,133.361
2019-06-03 08:04:31,133.361
2019-06-03 08:06:42,133.344
2019-06-03 08:08:53,133.344
2019-06-03 08:11:04,133.338
2019-06-03 08:13:15,133.338
2019-06-03 08:15:26,133.331
2019-06-03 08:17:37,133.339
2019-06-03 08:19:48,133.331
2019-06-03 08:21:59,133.337
2019-06-03 08:24:10,133.325
2019-06-03 08:26:21,133.321
2019-06-03 08:28:32,133.323
2019-06-03 08:30:43,133.335
2019-06-03 08:32:54,133.335
2019-06-03 08:35:05,133.324
2019-06-03 08:37:16,133.334
2019-06-03 08:39:27,133.338
2019-06-03 08:41:38,133.343
2019-06-03 08:43:49,133.36
2019-06-03 08:46:00,133.371
2019-06-03 08:48:11,133.363
2019-06-03 08:50:22,133.351
2019-06-03 08:52:33,133.358
2019-06-03 08:54:44,133.415
2019-06-03 08:56:55,133.437
2019-06-03 08:59:06,133.47
2019-06-03 09:01:17,133.501
2019-06-03 09:03:28,133.504
2019-06-03 09:05:39,133.487
2019-06-03 09:07:50,133.493
2019-06-03 09:10:01,133.521
2019-06-03 09:12:12,133.649
2019-06-03 09:14:23,133.764
2019-06-03 09:16:34,133.879
2019-06-03 09:18:45,134.083
2019-06-03 09:20:56,134.077
2019-06-03 09:23:07,134.106
2019-06-03 09:25:18,134.182
2019-06-03 09:27:29,134.271
2019-06-03 09:29:40,134.445
2019-06-03 09:31:51,134.526
2019-06-03 09:34:02,135.009
2019-06-03 09:36:13,135.56
2019-06-03 09:38:24,136.274
2019-06-03 09:40:35,137.036
2019-06-03 09:42:46,137.879
2019-06-03 09:44:57,138.769
2019-06-03 09:47:08,139.648
2019-06-03 09:49:19,140.525
2019-06-03 09:51:30,139.998
2019-06-03 09:53:41,139.938
2019-06-03 09:55:52,139.902
2019-06-03 09:58:03,139.881
2019-06-03 10:00:14,139.873
2019-06-03 10:02:25,139.87
2019-06-03 10:04:36,139.869
2019-06-03 10:06:47,139.865
2019-06-03 10:08:58,139.746
2019-06-03 10:11:09,139.654
2019-06-03 10:13:20,139.705
2019-06-03 10:15:31,139.718
2019-06-03 10:17:42,139.707
2019-06-03 10:19:53,139.696
2019-06-03 10:22:04,139.706
2019-06-03 10:24:15,139.688
2019-06-03 10:26:26,139.679
2019-06-03 10:28:37,139.677
2019-06-03 10:30:48,139.68
2019-06-03 10:32:59,139.672
2019-06-03 10:35:10,139.688
2019-06-03 10:37:21,139.69
2019-06-03 10:39:32,139.682
2019-06-03 10:41:43,139.677
2019-06-03 10:43:54,139.666
2019-06-03 10:46:05,139.663
2019-06-03 10:48:16,139.659
2019-06-03 10:50:27,139.666
2019-06-03 10:52:38,139.655
2019-06-03 10:54:49,139.663
2019-06-03 10:57:00,139.652
2019-06-03 10:59:11,139.654
2019-06-03 11:01:22,139.671
2019-06-03 11:03:33,139.656
2019-06-03 11:05:44,139.641
2019-06-03 11:07:55,139.631
2019-06-03 11:10:06,139.666
2019-06-03 11:12:17,139.656
2019-06-03 11:14:28,139.64
2019-06-03 11:16:39,139.628
2019-06-03 11:18:50,139.643
2019-06-03 11:21:01,139.7
2019-06-03 11:23:12,139.815
2019-06-03 11:25:23,139.925
2019-06-03 11:27:34,140.065
2019-06-03 11:29:45,140.244
2019-06-03 11:31:56,140.435
2019-06-03 11:34:07,140.898
2019-06-03 11:36:18,141.38
2019-06-03 11:38:29,141.61
2019-06-03 11:40:40,141.682
2019-06-03 11:42:51,141.702
2019-06-03 11:45:02,141.855
2019-06-03 11:47:13,142.013
2019-06-03 11:49:24,142.072
2019-06-03 11:51:35,142.177
2019-06-03 11:53:46,142.313
2019-06-03 11:55:57,142.295
2019-06-03 11:58:08,142.121
2019-06-03 12:00:19,142.111
2019-06-03 12:02:30,142.102
2019-06-03 12:04:41,142.163
2019-06-03 12:06:52,142.238
2019-06-03 12:09:03,144.484
2019-06-03 12:11:14,145.124
2019-06-03 12:13:25,145.912
2019-06-03 12:15:36,147.012
2019-06-03 12:17:47,147.897
2019-06-03 12:19:58,148.589
2019-06-03 12:22:09,149.35
2019-06-03 12:24:20,149.986
2019-06-03 12:26:31,150.849
2019-06-03 12:28:42,151.544
2019-06-03 12:30:53,152.348
2019-06-03 12:33:04,153.146
2019-06-03 12:35:15,154.248
2019-06-03 12:37:26,155.331
2019-06-03 12:39:37,156.227
2019-06-03 12:41:48,157.06
2019-06-03 12:43:59,157.653
2019-06-03 12:46:10,158.684
2019-06-03 12:48:21,159.542
2019-06-03 12:50:32,160.406
2019-06-03 12:52:43,161.221
2019-06-03 12:54:54,162.06
2019-06-03 12:57:05,162.907
2019-06-03 12:59:16,163.651
2019-06-03 13:01:27,164.181
2019-06-03 13:03:38,164.615
2019-06-03 13:05:49,164.911
2019-06-03 13:08:00,165.023
2019-06-03 13:10:11,165.083
2019-06-03 13:12:22,165.1
2019-06-03 13:14:33,165.128
2019-06-03 13:16:44,165.156
2019-06-03 13:18:55,165.155
2019-06-03 13:21:06,165.166
2019-06-03 13:23:17,165.177
2019-06-03 13:25:28,165.2
2019-06-03 13:27:39,165.2
2019-06-03 13:29:50,165.197
2019-06-03 13:32:01,165.2
2019-06-03 13:34:12,165.199
2019-06-03 13:36:23,165.193
2019-06-03 13:38:34,165.061
2019-06-03 13:40:45,165.019
2019-06-03 13:42:56,164.986
2019-06-03 13:45:07,164.964
2019-06-03 13:47:18,164.946
2019-06-03 13:49:29,164.917
2019-06-03 13:51:40,164.935
2019-06-03 13:53:51,164.916
2019-06-03 13:56:02,164.896
2019-06-03 13:58:13,164.878
2019-06-03 14:00:24,164.866
2019-06-03 14:02:35,164.856
2019-06-03 14:04:46,164.863
2019-06-03 14:06:57,164.877
2019-06-03 14:09:08,164.856
2019-06-03 14:11:19,164.84
2019-06-03 14:13:30,164.837
2019-06-03 14:15:41,164.823
2019-06-03 14:17:52,164.835
2019-06-03 14:20:03,164.827
2019-06-03 14:22:14,164.843
2019-06-03 14:24:25,164.818
2019-06-03 14:26:36,164.833
2019-06-03 14:28:47,164.832
2019-06-03 14:30:58,164.794
2019-06-03 14:33:09,164.795
2019-06-03 14:35:20,164.801
2019-06-03 14:37:31,164.797
2019-06-03 14:39:42,164.797
2019-06-03 14:41:53,164.803
2019-06-03 14:44:04,164.778
2019-06-03 14:46:15,164.772
2019-06-03 14:48:26,164.778
2019-06-03 14:50:37,164.797
2019-06-03 14:52:48,164.785
2019-06-03 14:54:59,164.784
2019-06-03 14:57:10,164.776
2019-06-03 14:59:21,164.774
2019-06-03 15:01:32,164.779
2019-06-03 15:03:43,164.783
2019-06-03 15:05:54,164.78
2019-06-03 15:08:05,164.764
2019-06-03 15:10:16,164.755
2019-06-03 15:12:27,164.755
2019-06-03 15:14:38,164.752
2019-06-03 15:16:49,164.784
2019-06-03 15:19:00,164.774
2019-06-03 15:21:11,164.739
2019-06-03 15:23:22,164.775
2019-06-03 15:25:33,164.75
2019-06-03 15:27:44,164.743
2019-06-03 15:29:55,164.759
2019-06-03 15:32:06,164.732
2019-06-03 15:34:17,164.729
2019-06-03 15:36:28,164.724
2019-06-03 15:38:39,164.729
2019-06-03 15:40:50,164.721
2019-06-03 15:43:01,164.722
2019-06-03 15:45:12,164.715
2019-06-03 15:47:23,164.708
2019-06-03 15:49:34,164.724
2019-06-03 15:51:45,164.714
2019-06-03 15:53:56,164.715
2019-06-03 15:56:07,164.697
2019-06-03 15:58:18,164.697
2019-06-03 16:00:29,164.701
2019-06-03 16:02:40,164.701
2019-06-03 16:04:51,164.702
2019-06-03 16:07:02,164.702
2019-06-03 16:09:13,164.688
2019-06-03 16:11:24,164.687
2019-06-03 16:13:35,164.686
2019-06-03 16:15:46,164.707
2019-06-03 16:17:57,164.698
2019-06-03 16:20:08,164.687
2019-06-03 16:22:19,164.662
2019-06-03 16:24:30,164.648
2019-06-03 16:26:41,164.666
2019-06-03 16:28:52,164.687
2019-06-03 16:31:03,164.672
2019-06-03 16:33:14,163.435
2019-06-03 16:35:25,163.77
2019-06-03 16:37:36,163.211
2019-06-03 16:39:47,162.805
2019-06-03 16:41:58,160.329
2019-06-03 16:44:09,159.563
2019-06-03 16:46:20,159.156
2019-06-03 16:48:31,158.622
2019-06-03 16:50:42,158.287
2019-06-03 16:52:53,157.502
2019-06-03 16:55:04,156.742
2019-06-03 16:57:15,155.484
2019-06-03 16:59:26,154.478
2019-06-03 17:01:37,153.615
2019-06-03 17:03:48,152.7
2019-06-03 17:05:59,151.878
2019-06-03 17:08:10,151.535
2019-06-03 17:10:21,151.07
2019-06-03 17:12:32,150.339
2019-06-03 17:14:43,149.816
2019-06-03 17:16:54,149.3
2019-06-03 17:19:05,148.242
2019-06-03 17:21:16,147.955
2019-06-03 17:23:27,147.062
2019-06-03 17:25:38,146.544
2019-06-03 17:27:49,148.203
2019-06-03 17:30:00,148.443
2019-06-03 17:32:11,148.511
2019-06-03 17:34:22,148.61
2019-06-03 17:36:33,148.632
2019-06-03 17:38:44,148.673
2019-06-03 17:40:55,148.676
2019-06-03 17:43:06,148.687
2019-06-03 17:45:17,148.705
2019-06-03 17:47:28,148.708
2019-06-03 17:49:39,148.724
2019-06-03 17:51:50,148.733
2019-06-03 17:54:01,148.742
2019-06-03 17:56:12,148.728
2019-06-03 17:58:23,148.631
2019-06-03 18:00:34,148.365
2019-06-03 18:02:45,147.807
2019-06-03 18:04:56,147.037
2019-06-03 18:07:07,146.201
2019-06-03 18:09:18,145.353
2019-06-03 18:11:29,144.551
2019-06-03 18:13:40,143.599
2019-06-03 18:15:51,142.469
2019-06-03 18:18:02,141.225
2019-06-03 18:20:13,140.011
2019-06-03 18:22:24,139.03
2019-06-03 18:24:35,139.148
2019-06-03 18:26:46,138.528
2019-06-03 18:28:57,137.949
2019-06-03 18:31:08,136.169
2019-06-03 18:33:19,134.661
2019-06-03 18:35:30,133.507
2019-06-03 18:37:41,132.65
2019-06-03 18:39:52,132.363
2019-06-03 18:42:03,132.446
2019-06-03 18:44:14,132.495
2019-06-03 18:46:25,132.515
2019-06-03 18:48:36,132.582
2019-06-03 18:50:47,132.626
2019-06-03 18:52:58,132.64
2019-06-03 18:55:09,132.672
2019-06-03 18:57:20,132.704
2019-06-03 18:59:31,132.723
2019-06-03 19:01:42,132.741
2019-06-03 19:03:53,132.756
2019-06-03 19:06:04,132.786
2019-06-03 19:08:15,132.985
2019-06-03 19:10:26,133.306
2019-06-03 19:12:37,133.619
2019-06-03 19:14:48,133.781
2019-06-03 19:16:59,133.906
2019-06-03 19:19:10,134.003
2019-06-03 19:21:21,134.121
2019-06-03 19:23:32,134.124
2019-06-03 19:25:43,134.109
2019-06-03 19:27:54,134.112
2019-06-03 19:30:05,134.113
2019-06-03 19:32:16,134.136
2019-06-03 19:34:27,134.156
2019-06-03 19:36:38,134.215
2019-06-03 19:38:49,134.271
2019-06-03 19:41:00,134.252
2019-06-03 19:43:11,134.256
2019-06-03 19:45:22,134.252
2019-06-03 19:47:33,134.26
2019-06-03 19:49:44,134.373
2019-06-03 19:51:55,134.484
2019-06-03 19:54:06,134.542
2019-06-03 19:56:17,134.543
2019-06-03 19:58:28,134.538
2019-06-03 20:00:39,134.529
2019-06-03 20:02:50,134.556
2019-06-03 20:05:01,134.533
2019-06-03 20:07:12,134.537
2019-06-03 20:09:23,134.554
2019-06-03 20:11:34,134.547
2019-06-03 20:13:45,134.518
2019-06-03 20:15:56,134.518
2019-06-03 20:18:07,134.532
2019-06-03 20:20:18,134.513
2019-06-03 20:22:29,134.506
2019-06-03 20:24:40,134.515
2019-06-03 20:26:51,134.534
2019-06-03 20:29:02,134.531
2019-06-03 20:31:13,134.534
2019-06-03 20:33:24,134.547
2019-06-03 20:35:35,134.55
2019-06-03 20:37:46,134.552
2019-06-03 20:39:57,134.542
2019-06-03 20:42:08,134.559
2019-06-03 20:44:19,134.573
2019-06-03 20:46:30,134.588
2019-06-03 20:48:41,134.586
2019-06-03 20:50:52,134.575
2019-06-03 20:53:03,134.588
2019-06-03 20:55:14,134.592
2019-06-03 20:57:25,134.612
2019-06-03 20:59:36,134.613
2019-06-03 21:01:47,134.624
2019-06-03 21:03:58,134.593
2019-06-03 21:06:09,134.623
2019-06-03 21:08:20,134.629
2019-06-03 21:10:31,134.619
2019-06-03 21:12:42,134.62
2019-06-03 21:14:53,134.645
2019-06-03 21:17:04,134.655
2019-06-03 21:19:15,134.649
2019-06-03 21:21:26,134.662
2019-06-03 21:23:37,134.671
2019-06-03 21:25:48,134.669
2019-06-03 21:27:59,134.66
2019-06-03 21:30:10,134.655
2019-06-03 21:32:21,134.662
2019-06-03 21:34:32,134.652
2019-06-03 21:36:43,134.645
2019-06-03 21:38:54,134.65
2019-06-03 21:41:05,134.654
2019-06-03 21:43:16,134.662
2019-06-03 21:45:27,134.663
2019-06-03 21:47:38,134.659
2019-06-03 21:49:49,134.684
2019-06-03 21:52:00,134.675
2019-06-03 21:54:11,134.683
2019-06-03 21:56:22,134.682
2019-06-03 21:58:33,134.685
2019-06-03 22:00:44,134.689
2019-06-03 22:02:55,134.688
2019-06-03 22:05:06,134.685
2019-06-03 22:07:17,134.69
2019-06-03 22:09:28,134.68
2019-06-03 22:11:39,134.679
2019-06-03 22:13:50,134.679
2019-06-03 22:16:01,134.696
2019-06-03 22:18:12,134.697
2019-06-03 22:20:23,134.697
2019-06-03 22:22:34,134.69
2019-06-03 22:24:45,134.701
2019-06-03 22:26:56,134.703
2019-06-03 22:29:07,134.709
2019-06-03 22:31:18,134.706
2019-06-03 22:33:29,134.711
2019-06-03 22:35:40,134.701
2019-06-03 22:37:51,134.704
2019-06-03 22:40:02,134.703
2019-06-03 22:42:13,134.692
2019-06-03 22:44:24,134.693
2019-06-03 22:46:35,134.692
2019-06-03 22:48:46,134.703
2019-06-03 22:50:57,134.707
2019-06-03 22:53:08,134.716
2019-06-03 22:55:19,134.701
2019-06-03 22:57:30,134.707
2019-06-03 22:59:41,134.711
2019-06-03 23:01:52,134.723
2019-06-03 23:04:03,134.736
2019-06-03 23:06:14,134.725
2019-06-03 23:08:25,134.724
2019-06-03 23:10:36,134.724
2019-06-03 23:12:47,134.725
2019-06-03 23:14:58,134.736
2019-06-03 23:17:09,134.731
2019-06-03 23:19:20,134.733
2019-06-03 23:21:31,134.729
2019-06-03 23:23:42,134.73
2019-06-03 23:25:53,134.721
2019-06-03 23:28:04,134.758
2019-06-03 23:30:15,134.752
2019-06-03 23:32:26,134.753
2019-06-03 23:34:37,134.737
2019-06-03 23:36:48,134.737
2019-06-03 23:38:59,134.746
2019-06-03 23:41:10,134.751
2019-06-03 23:43:21,134.752
2019-06-03 23:45:32,134.76
2019-06-03 23:47:43,134.739
2019-06-03 23:49:54,134.747
2019-06-03 23:52:05,134.743
2019-06-03 23:54:16,134.76
2019-06-03 23:56:27,134.756
2019-06-03 23:58:38,134.755
2019-06-04 00:00:49,134.778
2019-06-04 00:03:00,134.779
2019-06-04 00:05:11,134.791
2019-06-04 00:07:22,134.772
2019-06-04 00:09:33,134.778
2019-06-04 00:11:44,134.776
2019-06-04 00:13:55,134.775
2019-06-04 00:16:06,134.773
2019-06-04 00:18:17,134.785
2019-06-04 00:20:28,134.778
2019-06-04 00:22:39,134.746
2019-06-04 00:24:50,134.765
2019-06-04 00:27:01,134.777
2019-06-04 00:29:12,134.767
2019-06-04 00:31:23,134.78
2019-06-04 00:33:34,134.775
2019-06-04 00:35:45,134.77
2019-06-04 00:37:56,134.777
2019-06-04 00:40:07,134.77
2019-06-04 00:42:18,134.765
2019-06-04 00:44:29,134.777
2019-06-04 00:46:40,134.767
2019-06-04 00:48:51,134.767
2019-06-04 00:51:02,134.767
2019-06-04 00:53:13,134.78
2019-06-04 00:55:24,134.787
2019-06-04 00:57:35,134.775
2019-06-04 00:59:46,134.778
2019-06-04 01:01:57,134.783
2019-06-04 01:04:08,134.821
2019-06-04 01:06:19,134.814
2019-06-04 01:08:30,134.825
2019-06-04 01:10:41,134.818
2019-06-04 01:12:52,134.817
2019-06-04 01:15:03,134.829
2019-06-04 01:17:14,134.846
2019-06-04 01:19:25,134.848
2019-06-04 01:21:36,134.835
2019-06-04 01:23:47,134.844
2019-06-04 01:25:58,134.838
2019-06-04 01:28:09,134.857
2019-06-04 01:30:20,134.847
2019-06-04 01:32:31,134.831
2019-06-04 01:34:42,134.826
2019-06-04 01:36:53,134.841
2019-06-04 01:39:04,134.855
2019-06-04 01:41:15,134.837
2019-06-04 01:43:26,134.859
2019-06-04 01:45:37,134.847
2019-06-04 01:47:48,134.86
2019-06-04 01:49:59,134.845
2019-06-04 01:52:10,134.828
2019-06-04 01:54:21,134.843
2019-06-04 01:56:32,134.833
2019-06-04 01:58:43,134.816
2019-06-04 02:00:54,134.784
2019-06-04 02:03:05,134.801
2019-06-04 02:05:16,134.797
2019-06-04 02:07:27,135.032
2019-06-04 02:09:38,135.349
2019-06-04 02:11:49,136.525
2019-06-04 02:14:00,136.949
2019-06-04 02:16:11,140.638
2019-06-04 02:18:22,143.768
2019-06-04 02:20:33,146.1
2019-06-04 02:22:44,150.887
2019-06-04 02:24:55,151.429
2019-06-04 02:27:06,155.136
2019-06-04 02:29:17,161.106
2019-06-04 02:31:28,162.669
2019-06-04 02:33:39,162.193
2019-06-04 02:35:50,163.523
2019-06-04 02:38:01,165.097
2019-06-04 02:40:12,163.631
2019-06-04 02:42:23,163.529
2019-06-04 02:44:34,163.494
2019-06-04 02:46:45,163.482
2019-06-04 02:48:56,163.45
2019-06-04 02:51:07,163.456
2019-06-04 02:53:18,163.418
2019-06-04 02:55:29,163.429
2019-06-04 02:57:40,163.445
2019-06-04 02:59:51,163.415
2019-06-04 03:02:02,163.407
2019-06-04 03:04:13,163.396
2019-06-04 03:06:24,163.409
2019-06-04 03:08:35,163.412
2019-06-04 03:10:46,163.409
2019-06-04 03:12:57,163.402
2019-06-04 03:15:08,163.406
2019-06-04 03:17:19,163.425
2019-06-04 03:19:30,163.393
2019-06-04 03:21:41,162.964
2019-06-04 03:23:52,162.115
2019-06-04 03:26:03,160.97
2019-06-04 03:28:14,159.508
2019-06-04 03:30:25,157.213
2019-06-04 03:32:36,154.973
2019-06-04 03:34:47,153.033
2019-06-04 03:36:58,150.36
2019-06-04 03:39:09,148.033
2019-06-04 03:41:20,145.836
2019-06-04 03:43:31,143.592
2019-06-04 03:45:42,140.5
2019-06-04 03:47:53,139.486
2019-06-04 03:50:04,134.578
2019-06-04 03:52:15,134.315
2019-06-04 03:54:26,134.486
2019-06-04 03:56:37,134.564
2019-06-04 03:58:48,134.664
2019-06-04 04:00:59,134.696
2019-06-04 04:03:10,134.748
2019-06-04 04:05:21,134.846
2019-06-04 04:07:32,134.883
2019-06-04 04:09:43,134.896
2019-06-04 04:11:54,134.915
2019-06-04 04:14:05,134.946
2019-06-04 04:16:16,134.994
2019-06-04 04:18:27,135.04
2019-06-04 04:20:38,135.03
2019-06-04 04:22:49,135.047
2019-06-04 04:25:00,135.056
2019-06-04 04:27:11,135.073
2019-06-04 04:29:22,135.095
2019-06-04 04:31:33,135.101
2019-06-04 04:33:44,135.114
2019-06-04 04:35:55,135.121
2019-06-04 04:38:06,135.161
2019-06-04 04:40:17,135.157
2019-06-04 04:42:28,135.171
2019-06-04 04:44:39,135.16
2019-06-04 04:46:50,135.165
2019-06-04 04:49:01,135.161
2019-06-04 04:51:12,135.164
2019-06-04 04:53:23,135.147
2019-06-04 04:55:34,135.137
2019-06-04 04:57:45,135.165
2019-06-04 04:59:56,135.153
2019-06-04 05:02:07,135.154
2019-06-04 05:04:18,135.136
2019-06-04 05:06:29,135.144
2019-06-05 07:32:46,135.148
2019-06-05 07:34:57,135.132
2019-06-05 07:37:08,135.139
2019-06-05 07:39:19,135.099
2019-06-05 07:41:30,135.077
2019-06-05 07:43:41,135.105
2019-06-05 07:45:52,135.177
2019-06-05 07:48:03,135.254
2019-06-05 07:50:14,135.243
2019-06-05 07:52:25,135.215
2019-06-05 07:54:36,141.314
2019-06-05 07:56:47,141.163
2019-06-05 07:58:58,141.249
2019-06-05 08:01:09,141.43
2019-06-05 08:03:20,141.513
2019-06-05 08:05:31,145.556
2019-06-05 08:07:42,152.722
2019-06-05 08:09:53,158.644
2019-06-05 08:12:04,163.141
2019-06-05 08:14:15,162.172
2019-06-05 08:16:26,161.991
2019-06-05 08:18:37,161.943
2019-06-05 08:20:48,164.163
2019-06-05 08:22:59,163.371
2019-06-05 08:25:10,163.225
2019-06-05 08:27:21,163.165
2019-06-05 08:29:32,163.146
2019-06-05 08:31:43,163.128
2019-06-05 08:33:54,163.132
2019-06-05 08:36:05,164.624
2019-06-05 08:38:16,163.716
2019-06-05 08:40:27,163.672
2019-06-05 08:42:38,163.641
2019-06-05 08:44:49,163.641
2019-06-05 08:47:00,163.078
2019-06-05 08:49:11,162.539
2019-06-05 08:51:22,162.602
2019-06-05 08:53:33,164.35
2019-06-05 08:55:44,164.252
2019-06-05 08:57:55,164.165
2019-06-05 09:00:06,164.097
2019-06-05 09:02:17,163.466
2019-06-05 09:04:28,160.281
2019-06-05 09:06:39,156.324
2019-06-05 09:08:50,155.456
2019-06-05 09:11:01,153.134
2019-06-05 09:13:12,151.122
2019-06-05 09:15:23,148.497
2019-06-05 09:17:34,145.84
2019-06-05 09:19:45,142.959
2019-06-05 09:21:56,139.817
2019-06-05 09:24:07,135.84
2019-06-05 09:26:18,133.769
2019-06-05 09:28:29,133.95
2019-06-05 09:30:40,134.069
2019-06-05 09:32:51,134.16
2019-06-05 09:35:02,134.267
2019-06-05 09:37:13,134.299
2019-06-05 09:39:24,134.346
2019-06-05 09:41:35,134.391
2019-06-05 09:43:46,134.465
2019-06-05 09:45:57,134.478
2019-06-05 09:48:08,134.489
2019-06-05 09:50:19,134.517
2019-06-05 09:52:30,134.556
2019-06-05 09:54:41,134.606
2019-06-05 09:56:52,134.598
2019-06-05 09:59:03,134.643
2019-06-05 10:01:14,134.658
2019-06-05 10:03:25,134.668
2019-06-05 10:05:36,134.706
2019-06-05 10:07:47,134.709
2019-06-05 10:09:58,134.687
2019-06-05 10:12:09,134.695
2019-06-05 10:14:20,134.717
2019-06-05 10:16:31,134.735
2019-06-05 10:18:42,134.72
2019-06-05 10:20:53,134.73
2019-06-05 10:23:04,134.733
2019-06-05 10:25:15,134.732
2019-06-05 10:27:26,134.732
2019-06-05 10:29:37,134.748
2019-06-05 10:31:48,134.747
2019-06-05 10:33:59,134.754
2019-06-05 10:36:10,134.769
2019-06-05 10:38:21,134.731
2019-06-05 10:40:32,134.716
2019-06-05 10:42:43,134.718
2019-06-05 10:44:54,134.719
2019-06-05 10:47:05,134.729
2019-06-05 10:49:16,134.685
2019-06-05 10:51:27,134.684
2019-06-05 10:53:38,134.679
2019-06-05 10:55:49,134.652
2019-06-05 10:58:00,134.74
2019-06-05 11:00:11,136.383
2019-06-05 11:02:22,139.133
2019-06-05 11:04:33,141.734
2019-06-05 11:06:44,141.59
2019-06-05 11:08:55,141.554
2019-06-05 11:11:06,141.497
2019-06-05 11:13:17,141.63
2019-06-05 11:15:28,143.454
2019-06-05 11:17:39,148.07
2019-06-05 11:19:50,154.106
2019-06-05 11:22:01,160.334
2019-06-05 11:24:12,164.899
2019-06-05 11:26:23,165.182
2019-06-05 11:28:34,164.816
2019-06-05 11:30:45,164.687
2019-06-05 11:32:56,164.653
2019-06-05 11:35:07,164.619
2019-06-05 11:37:18,164.621
2019-06-06 14:03:34,164.587
2019-06-06 14:05:45,164.566
2019-06-06 14:07:56,164.565
2019-06-06 14:10:07,164.569
2019-06-06 14:12:18,164.577
2019-06-06 14:14:29,164.553
2019-06-06 14:16:40,164.552
2019-06-06 14:18:51,164.551
2019-06-06 14:21:02,164.537
2019-06-06 14:23:13,164.531
2019-06-06 14:25:24,164.537
2019-06-06 14:27:35,164.535
2019-06-06 14:29:46,164.542
2019-06-06 14:31:57,164.548
2019-06-06 14:34:08,164.511
2019-06-06 14:36:19,162.895
2019-06-06 14:38:30,163.064
2019-06-06 14:40:41,162.335
2019-06-06 14:42:52,160.853
2019-06-06 14:45:03,158.802
2019-06-06 14:47:14,157.47
2019-06-06 14:49:25,154.362
2019-06-06 14:51:36,152.554
2019-06-06 14:53:47,150.395
2019-06-06 14:55:58,147.596
2019-06-06 14:58:09,144.666
2019-06-06 15:00:20,141.073
2019-06-06 15:02:31,137.743
2019-06-06 15:04:42,133.846
2019-06-06 15:06:53,133.983
2019-06-06 15:09:04,134.136
2019-06-06 15:11:15,134.227
2019-06-06 15:13:26,134.3
2019-06-06 15:15:37,134.351
2019-06-06 15:17:48,134.427
2019-06-06 15:19:59,134.496
2019-06-06 15:22:10,134.521
2019-06-06 15:24:21,134.546
2019-06-06 15:26:32,134.596
2019-06-06 15:28:43,134.645
2019-06-06 15:30:54,134.668
2019-06-06 15:33:05,134.69
2019-06-06 15:35:16,134.708
2019-06-06 15:37:27,134.717
2019-06-06 15:39:38,134.749
2019-06-06 15:41:49,134.748
2019-06-06 15:44:00,134.778
2019-06-06 15:46:11,134.784
2019-06-06 15:48:22,134.807
2019-06-06 15:50:33,134.839
2019-06-06 15:52:44,134.844
2019-06-06 15:54:55,134.841
2019-06-06 15:57:06,134.832
2019-06-06 15:59:17,134.851
2019-06-06 16:01:28,134.839
2019-06-06 16:03:39,134.841
2019-06-06 16:05:50,134.836
2019-06-06 16:08:01,134.854
2019-06-06 16:10:12,134.828
2019-06-06 16:12:23,134.831
2019-06-06 16:14:34,134.837
2019-06-06 16:16:45,134.836
2019-06-06 16:18:56,134.859
2019-06-06 16:21:07,134.844
2019-06-06 16:23:18,134.852
2019-06-06 16:25:29,134.829
2019-06-06 16:27:40,134.817
2019-06-06 16:29:51,134.842
2019-06-06 16:32:02,134.825
2019-06-06 16:34:13,134.815
2019-06-06 16:36:24,134.834
2019-06-06 16:38:35,135.825
2019-06-06 16:40:46,139.971
2019-06-06 16:42:57,142.429
2019-06-06 16:45:08,144.451
2019-06-06 16:47:19,143.773
2019-06-06 16:49:30,142.047
2019-06-06 16:51:41,142.094
2019-06-06 16:53:52,142.084
2019-06-06 16:56:03,142.087
2019-06-06 16:58:14,150.664
2019-06-06 17:00:25,157.131
2019-06-06 17:02:36,156.395
2019-06-06 17:04:47,156.136
2019-06-06 17:06:58,163.42
2019-06-06 17:09:09,162.056
2019-06-06 17:11:20,161.888
2019-06-06 17:13:31,162.439
2019-06-06 17:15:42,163.201
2019-06-06 17:17:53,163.038
2019-06-06 17:20:04,163.013
2019-06-06 17:22:15,162.966
2019-06-06 17:24:26,162.96
2019-06-06 17:26:37,162.964
2019-06-06 17:28:48,162.83
2019-06-06 17:30:59,161.009
2019-06-06 17:33:10,159.536
2019-06-06 17:35:21,163.795
2019-06-06 17:37:32,164.188
2019-06-06 17:39:43,163.942
2019-06-06 17:41:54,163.863
2019-06-06 17:44:05,163.831
2019-06-06 17:46:16,163.807
2019-06-06 17:48:27,163.796
2019-06-06 17:50:38,163.762
2019-06-06 17:52:49,162.896
2019-06-06 17:55:00,160.988
2019-06-06 17:57:11,160.391
2019-06-06 17:59:22,158.517
2019-06-06 18:01:33,155.448
2019-06-06 18:03:44,153.118
2019-06-06 18:05:55,151.394
2019-06-06 18:08:06,148.341
2019-06-07 20:34:21,144.646
2019-06-07 20:36:32,140.892
2019-06-07 20:38:43,137.22
2019-06-07 20:40:54,135.996
2019-06-07 20:43:05,134.645
2019-06-07 20:45:16,134.766
2019-06-07 20:47:27,134.86
2019-06-07 20:49:38,134.92
2019-06-07 20:51:49,135.028
2019-06-07 20:54:00,135.053
2019-06-07 20:56:11,135.088
2019-06-07 20:58:22,135.141
2019-06-07 21:00:33,135.173
2019-06-07 21:02:44,135.244
2019-06-07 21:04:55,135.264
2019-06-07 21:07:06,135.265
2019-06-07 21:09:17,135.305
2019-06-07 21:11:28,135.333
2019-06-07 21:13:39,135.351
2019-06-07 21:15:50,135.366
2019-06-07 21:18:01,135.384
2019-06-07 21:20:12,135.43
2019-06-07 21:22:23,135.434
2019-06-07 21:24:34,135.445
2019-06-07 21:26:45,135.427
2019-06-07 21:28:56,135.452
2019-06-07 21:31:07,135.447
2019-06-07 21:33:18,135.438
2019-06-07 21:35:29,135.435
2019-06-07 21:37:40,135.486
2019-06-07 21:39:51,135.458
2019-06-07 21:42:02,135.48
2019-06-07 21:44:13,135.485
2019-06-07 21:46:24,135.467
2019-06-07 21:48:35,135.487
2019-06-07 21:50:46,135.464
2019-06-07 21:52:57,135.471
2019-06-07 21:55:08,135.48
2019-06-07 21:57:19,135.453
2019-06-07 21:59:30,135.473
2019-06-07 22:01:41,135.452
2019-06-07 22:03:52,135.477
2019-06-07 22:06:03,135.482
2019-06-07 22:08:14,135.458
2019-06-07 22:10:25,135.455
2019-06-07 22:12:36,135.475
2019-06-07 22:14:47,135.523
2019-06-07 22:16:58,135.658
2019-06-07 22:19:09,135.829
2019-06-07 22:21:20,135.873
2019-06-07 22:23:31,137.415
2019-06-07 22:25:42,137.098
2019-06-07 22:27:53,138.488
2019-06-07 22:30:04,139.372
2019-06-07 22:32:15,141.65
2019-06-07 22:34:26,144.102
2019-06-07 22:36:37,145.514
2019-06-07 22:38:48,144.63
2019-06-07 22:40:59,145.156
2019-06-07 22:43:10,147.789
2019-06-07 22:45:21,148.447
2019-06-07 22:47:32,150.685
2019-06-07 22:49:43,155.229
2019-06-07 22:51:54,159.912
2019-06-07 22:54:05,162.922
2019-06-07 22:56:16,164.658
2019-06-07 22:58:27,163.567
2019-06-07 23:00:38,163.424
2019-06-07 23:02:49,163.376
2019-06-07 23:05:00,163.145
2019-06-07 23:07:11,163.894
2019-06-07 23:09:22,163.499
2019-06-07 23:11:33,163.742
2019-06-07 23:13:44,163.824
2019-06-07 23:15:55,163.751
2019-06-07 23:18:06,156.088
2019-06-07 23:20:17,152.592
2019-06-07 23:22:28,150.61
2019-06-07 23:24:39,146.225
2019-06-07 23:26:50,140.767
2019-06-07 23:29:01,133.483
2019-06-07 23:31:12,137.542
2019-06-07 23:33:23,141.238
2019-06-07 23:35:34,140.092
2019-06-07 23:37:45,134.072
2019-06-07 23:39:56,134.047
2019-06-07 23:42:07,134.133
2019-06-07 23:44:18,134.197
2019-06-07 23:46:29,134.267
2019-06-07 23:48:40,134.318
2019-06-07 23:50:51,134.332
2019-06-07 23:53:02,134.42
2019-06-07 23:55:13,134.429
2019-06-07 23:57:24,134.46
2019-06-07 23:59:35,134.471
2019-06-08 00:01:46,134.484
2019-06-08 00:03:57,134.506
2019-06-08 00:06:08,134.52
2019-06-08 00:08:19,134.53
2019-06-08 00:10:30,134.541
2019-06-08 00:12:41,134.56
2019-06-08 00:14:52,134.561
2019-06-08 00:17:03,134.571
2019-06-08 00:19:14,134.57
2019-06-08 00:21:25,134.583
2019-06-08 00:23:36,134.615
2019-06-08 00:25:47,134.607
2019-06-08 00:27:58,134.624
2019-06-08 00:30:09,134.616
2019-06-08 00:32:20,134.623
2019-06-08 00:34:31,134.625
2019-06-08 00:36:42,134.648
2019-06-08 00:38:53,134.648
2019-06-09 03:05:08,134.659
2019-06-09 03:07:19,134.665
2019-06-09 03:09:30,134.657
2019-06-09 03:11:41,134.667
2019-06-09 03:13:52,134.675
2019-06-09 03:16:03,134.662
2019-06-09 03:18:14,134.682
2019-06-09 03:20:25,134.655
2019-06-09 03:22:36,134.659
2019-06-09 03:24:47,134.667
2019-06-09 03:26:58,134.664
2019-06-09 03:29:09,134.657
2019-06-09 03:31:20,134.667
2019-06-09 03:33:31,134.668
2019-06-09 03:35:42,134.689
2019-06-09 03:37:53,134.679
2019-06-09 03:40:04,134.86
2019-06-09 03:42:15,135.773
2019-06-09 03:44:26,135.722
2019-06-09 03:46:37,135.726
2019-06-09 03:48:48,135.718
2019-06-09 03:50:59,135.704
2019-06-09 03:53:10,135.719
2019-06-09 03:55:21,135.709
2019-06-09 03:57:32,135.858
2019-06-09 03:59:43,135.831
2019-06-09 04:01:54,136.407
2019-06-09 04:04:05,139.909
2019-06-09 04:06:16,140.742
2019-06-09 04:08:27,141.835
2019-06-09 04:10:38,142.354
2019-06-09 04:12:49,142.669
2019-06-09 04:15:00,143.509
2019-06-09 04:17:11,144.203
2019-06-09 04:19:22,144.409
2019-06-09 04:21:33,144.433
2019-06-09 04:23:44,138.867
2019-06-09 04:25:55,137.053
2019-06-09 04:28:06,140.202
2019-06-09 04:30:17,142.063
2019-06-09 04:32:28,142.155
2019-06-09 04:34:39,141.414
2019-06-09 04:36:50,141.489
2019-06-09 04:39:01,145.404
2019-06-09 04:41:12,145.472
2019-06-09 04:43:23,152.232
2019-06-09 04:45:34,155.182
2019-06-09 04:47:45,159.482
2019-06-09 04:49:56,164.173
2019-06-09 04:52:07,165.227
2019-06-09 04:54:18,164.981
2019-06-09 04:56:29,164.809
2019-06-09 04:58:40,164.724
2019-06-09 05:00:51,163.654
2019-06-09 05:03:02,163.284
2019-06-09 05:05:13,162.472
2019-06-09 05:07:24,161.64
2019-06-09 05:09:35,156.916
2019-06-09 05:11:46,151.459
2019-06-09 05:13:57,148.554
2019-06-09 05:16:08,146.09
2019-06-09 05:18:19,143.512
2019-06-09 05:20:30,139.654
2019-06-09 05:22:41,134.876
2019-06-09 05:24:52,133.863
2019-06-09 05:27:03,134.023
2019-06-09 05:29:14,134.121
2019-06-09 05:31:25,134.189
2019-06-09 05:33:36,134.282
2019-06-09 05:35:47,134.322
2019-06-09 05:37:58,134.375
2019-06-09 05:40:09,134.409
2019-06-09 05:42:20,134.463
2019-06-09 05:44:31,134.478
2019-06-09 05:46:42,134.487
2019-06-09 05:48:53,134.504
2019-06-09 05:51:04,134.509
2019-06-09 05:53:15,134.529
2019-06-09 05:55:26,134.546
2019-06-09 05:57:37,134.555
2019-06-09 05:59:48,134.571
2019-06-09 06:01:59,134.567
2019-06-09 06:04:10,134.591
2019-06-09 06:06:21,134.607
2019-06-09 06:08:32,134.612
2019-06-09 06:10:43,134.622
2019-06-09 06:12:54,134.632
2019-06-09 06:15:05,134.65
2019-06-09 06:17:16,134.654
2019-06-09 06:19:27,134.65
2019-06-09 06:21:38,134.654
2019-06-09 06:23:49,134.641
2019-06-09 06:26:00,134.651
2019-06-09 06:28:11,134.678
2019-06-09 06:30:22,134.654
2019-06-09 06:32:33,134.665
2019-06-09 06:34:44,134.64
2019-06-09 06:36:55,134.648
2019-06-09 06:39:06,134.661
2019-06-09 06:41:17,134.659
2019-06-09 06:43:28,134.634
2019-06-09 06:45:39,134.636
2019-06-09 06:47:50,134.635
2019-06-09 06:50:01,134.62
2019-06-09 06:52:12,134.612
2019-06-09 06:54:23,134.604
2019-06-09 06:56:34,134.606
2019-06-09 06:58:45,134.61
2019-06-09 07:00:56,134.59
2019-06-09 07:03:07,134.556
2019-06-09 07:05:18,134.554
2019-06-09 07:07:29,134.558
2019-06-09 07:09:40,134.624
2019-06-10 09:35:56,134.626
2019-06-10 09:38:07,134.749
2019-06-10 09:40:18,134.791
2019-06-10 09:42:29,135.407
2019-06-10 09:44:40,135.587
2019-06-10 09:46:51,135.732
2019-06-10 09:49:02,142.882
2019-06-10 09:51:13,141.553
2019-06-10 09:53:24,142.705
2019-06-10 09:55:35,147.105
2019-06-10 09:57:46,149.662
2019-06-10 09:59:57,153.96
2019-06-10 10:02:08,159.951
2019-06-10 10:04:19,164.87
2019-06-10 10:06:30,165.253
2019-06-10 10:08:41,165.262
2019-06-10 10:10:52,165.013
2019-06-10 10:13:03,164.964
2019-06-10 10:15:14,164.923
2019-06-10 10:17:25,164.907
2019-06-10 10:19:36,164.902
2019-06-10 10:21:47,164.885
2019-06-10 10:23:58,164.642
2019-06-10 10:26:09,164.662
2019-06-10 10:28:20,164.624
2019-06-10 10:30:31,164.612
2019-06-10 10:32:42,164.631
2019-06-10 10:34:53,164.639
2019-06-10 10:37:04,164.329
2019-06-10 10:39:15,164.351
2019-06-10 10:41:26,163.697
2019-06-10 10:43:37,162.067
2019-06-10 10:45:48,157.709
2019-06-10 10:47:59,151.917
2019-06-10 10:50:10,147.077
2019-06-10 10:52:21,144.01
2019-06-10 10:54:32,137.268
2019-06-10 10:56:43,134.644
2019-06-10 10:58:54,133.619
2019-06-10 11:01:05,133.774
2019-06-10 11:03:16,133.905
2019-06-10 11:05:27,133.958
2019-06-10 11:07:38,134.054
2019-06-10 11:09:49,134.125
2019-06-10 11:12:00,134.156
2019-06-10 11:14:11,134.189
2019-06-10 11:16:22,134.224
2019-06-10 11:18:33,134.285
2019-06-10 11:20:44,134.294
2019-06-10 11:22:55,134.315
2019-06-10 11:25:06,134.329
2019-06-10 11:27:17,134.339
2019-06-10 11:29:28,134.343
2019-06-10 11:31:39,134.384
2019-06-10 11:33:50,134.367
2019-06-10 11:36:01,134.395
2019-06-10 11:38:12,134.402
2019-06-10 11:40:23,134.442
2019-06-10 11:42:34,134.448
2019-06-10 11:44:45,134.431
2019-06-10 11:46:56,134.434
2019-06-10 11:49:07,134.447
2019-06-10 11:51:18,134.456
2019-06-10 11:53:29,134.465
2019-06-10 11:55:40,134.477
2019-06-10 11:57:51,134.478
2019-06-10 12:00:02,134.479
2019-06-10 12:02:13,134.495
2019-06-10 12:04:24,134.487
2019-06-10 12:06:35,134.474
2019-06-10 12:08:46,134.491
2019-06-10 12:10:57,134.489
2019-06-10 12:13:08,134.498
2019-06-10 12:15:19,134.487
2019-06-10 12:17:30,134.468
2019-06-10 12:19:41,134.48
2019-06-10 12:21:52,134.488
2019-06-10 12:24:03,134.494
2019-06-10 12:26:14,134.501
2019-06-10 12:28:25,136.143
2019-06-10 12:30:36,140.247
2019-06-10 12:32:47,139.098
2019-06-10 12:34:58,139.635
2019-06-10 12:37:09,139.523
2019-06-10 12:39:20,141.167
2019-06-10 12:41:31,143.764
2019-06-10 12:43:42,148.042
2019-06-10 12:45:53,152.292
2019-06-10 12:48:04,155.469
2019-06-10 12:50:15,156.99
2019-06-10 12:52:26,159.696
2019-06-10 12:54:37,162.303
2019-06-10 12:56:48,162.198
2019-06-10 12:58:59,161.939
2019-06-10 13:01:10,161.89
2019-06-10 13:03:21,161.871
2019-06-10 13:05:32,161.816
2019-06-10 13:07:43,161.817
2019-06-10 13:09:54,164.102
2019-06-10 13:12:05,163.689
2019-06-10 13:14:16,163.539
2019-06-10 13:16:27,163.785
2019-06-10 13:18:38,163.684
2019-06-10 13:20:49,163.633
2019-06-10 13:23:00,163.608
2019-06-10 13:25:11,163.609
2019-06-10 13:27:22,163.603
2019-06-10 13:29:33,163.596
2019-06-10 13:31:44,163.59
2019-06-10 13:33:55,163.58
2019-06-10 13:36:06,163.586
2019-06-10 13:38:17,163.58
2019-06-10 13:40:28,163.587
2019-06-10 13:42:39,163.804
2019-06-11 16:08:54,163.359
2019-06-11 16:11:05,163.426
2019-06-11 16:13:16,162.712
2019-06-11 16:15:27,161.686
2019-06-11 16:17:38,159.49
2019-06-11 16:19:49,158.468
2019-06-11 16:22:00,158.978
2019-06-11 16:24:11,156.508
2019-06-11 16:26:22,153.281
2019-06-11 16:28:33,150.61
2019-06-11 16:30:44,147.488
2019-06-11 16:32:55,145.456
2019-06-11 16:35:06,143.142
2019-06-11 16:37:17,139.413
2019-06-11 16:39:28,134.951
2019-06-11 16:41:39,133.297
2019-06-11 16:43:50,133.475
2019-06-11 16:46:01,133.57
2019-06-11 16:48:12,133.68
2019-06-11 16:50:23,133.756
2019-06-11 16:52:34,133.82
2019-06-11 16:54:45,133.903
2019-06-11 16:56:56,133.946
2019-06-11 16:59:07,133.997
2019-06-11 17:01:18,134.053
2019-06-11 17:03:29,134.082
2019-06-11 17:05:40,134.1
2019-06-11 17:07:51,134.118
2019-06-11 17:10:02,134.141
2019-06-11 17:12:13,134.167
2019-06-11 17:14:24,134.191
2019-06-11 17:16:35,134.21
2019-06-11 17:18:46,134.211
2019-06-11 17:20:57,134.247
2019-06-11 17:23:08,134.268
2019-06-11 17:25:19,134.267
2019-06-11 17:27:30,134.301
2019-06-11 17:29:41,134.297
2019-06-11 17:31:52,134.307
2019-06-11 17:34:03,134.321
2019-06-11 17:36:14,134.295
2019-06-11 17:38:25,134.302
2019-06-11 17:40:36,134.314
2019-06-11 17:42:47,134.339
2019-06-11 17:44:58,134.333
2019-06-11 17:47:09,134.311
2019-06-11 17:49:20,134.347
2019-06-11 17:51:31,134.36
2019-06-11 17:53:42,134.335
2019-06-11 17:55:53,134.348
2019-06-11 17:58:04,134.326
2019-06-11 18:00:15,134.327
2019-06-11 18:02:26,134.318
2019-06-11 18:04:37,134.316
2019-06-11 18:06:48,134.314
2019-06-11 18:08:59,134.306
2019-06-11 18:11:10,134.296
2019-06-11 18:13:21,134.317
2019-06-11 18:15:32,134.281
2019-06-11 18:17:43,134.286
2019-06-11 18:19:54,134.288
2019-06-11 18:22:05,134.279
2019-06-11 18:24:16,134.283
2019-06-11 18:26:27,134.282
2019-06-11 18:28:38,134.275
2019-06-11 18:30:49,134.263
2019-06-11 18:33:00,134.265
2019-06-11 18:35:11,134.261
2019-06-11 18:37:22,134.229
2019-06-11 18:39:33,134.233
2019-06-11 18:41:44,134.229
2019-06-11 18:43:55,134.23
2019-06-11 18:46:06,134.196
2019-06-11 18:48:17,134.191
2019-06-11 18:50:28,139.598
2019-06-11 18:52:39,139.922
2019-06-11 18:54:50,142.186
2019-06-11 18:57:01,144.706
2019-06-11 18:59:12,144.442
2019-06-11 19:01:23,143.389
2019-06-11 19:03:34,143.764
2019-06-11 19:05:45,143.728
2019-06-11 19:07:56,146.293
2019-06-11 19:10:07,146.742
2019-06-11 19:12:18,151.978
2019-06-11 19:14:29,158.355
2019-06-11 19:16:40,163.87
2019-06-11 19:18:51,162.571
2019-06-11 19:21:02,163.127
2019-06-11 19:23:13,163.421
2019-06-11 19:25:24,163.25
2019-06-11 19:27:35,163.215
2019-06-11 19:29:46,163.187
2019-06-11 19:31:57,163.17
2019-06-11 19:34:08,163.147
2019-06-11 19:36:19,163.144
2019-06-11 19:38:30,163.135
2019-06-11 19:40:41,163.215
2019-06-11 19:42:52,162.764
2019-06-11 19:45:03,159.309
2019-06-11 19:47:14,158.141
2019-06-11 19:49:25,157.283
2019-06-11 19:51:36,155.149
2019-06-11 19:53:47,152.841
2019-06-11 19:55:58,151.623
2019-06-11 19:58:09,149.51
2019-06-11 20:00:20,146.519
2019-06-11 20:02:31,143.991
2019-06-11 20:04:42,141.103
2019-06-11 20:06:53,139.673
2019-06-11 20:09:04,134.347
2019-06-11 20:11:15,134.031
2019-06-11 20:13:26,134.153
2019-06-12 22:39:41,134.272
2019-06-12 22:41:52,134.333
2019-06-12 22:44:03,134.411
2019-06-12 22:46:14,134.482
2019-06-12 22:48:25,134.491
2019-06-12 22:50:36,134.539
2019-06-12 22:52:47,134.599
2019-06-12 22:54:58,134.63
2019-06-12 22:57:09,134.658
2019-06-12 22:59:20,134.67
2019-06-12 23:01:31,134.697
2019-06-12 23:03:42,134.707
2019-06-12 23:05:53,134.723
2019-06-12 23:08:04,134.727
2019-06-12 23:10:15,134.744
2019-06-12 23:12:26,134.758
2019-06-12 23:14:37,134.765
2019-06-12 23:16:48,134.789
2019-06-12 23:18:59,134.779
2019-06-12 23:21:10,134.816
2019-06-12 23:23:21,134.802
2019-06-12 23:25:32,134.813
2019-06-12 23:27:43,134.803
2019-06-12 23:29:54,134.807
2019-06-12 23:32:05,134.814
2019-06-12 23:34:16,134.812
2019-06-12 23:36:27,134.822
2019-06-12 23:38:38,134.811
2019-06-12 23:40:49,134.8
2019-06-12 23:43:00,134.809
2019-06-12 23:45:11,134.82
2019-06-12 23:47:22,134.791
2019-06-12 23:49:33,134.804
2019-06-12 23:51:44,134.804
2019-06-12 23:53:55,134.818
2019-06-12 23:56:06,134.809
2019-06-12 23:58:17,134.797
2019-06-13 00:00:28,134.926
2019-06-13 00:02:39,134.931
2019-06-13 00:04:50,134.911
2019-06-13 00:07:01,135.56
2019-06-13 00:09:12,144.051
2019-06-13 00:11:23,148.403
2019-06-13 00:13:34,148.255
2019-06-13 00:15:45,147.803
2019-06-13 00:17:56,149.126
2019-06-13 00:20:07,153.669
2019-06-13 00:22:18,156.982
2019-06-13 00:24:29,154.763
2019-06-13 00:26:40,154.634
2019-06-13 00:28:51,161.884
2019-06-13 00:31:02,161.115
2019-06-13 00:33:13,160.976
2019-06-13 00:35:24,163.807
2019-06-13 00:37:35,164.367
2019-06-13 00:39:46,163.494
2019-06-13 00:41:57,163.363
2019-06-13 00:44:08,163.305
2019-06-13 00:46:19,163.286
2019-06-13 00:48:30,163.267
2019-06-13 00:50:41,163.249
2019-06-13 00:52:52,163.264
2019-06-13 00:55:03,163.242
2019-06-13 00:57:14,163.253
2019-06-13 00:59:25,163.227
2019-06-13 01:01:36,163.218
2019-06-13 01:03:47,163.24
2019-06-13 01:05:58,163.21
2019-06-13 01:08:09,163.224
2019-06-13 01:10:20,162.142
2019-06-13 01:12:31,160.699
2019-06-13 01:14:42,161.166
2019-06-13 01:16:53,159.429
2019-06-13 01:19:04,155.409
2019-06-13 01:21:15,155.197
2019-06-13 01:23:26,153.472
2019-06-13 01:25:37,151.213
2019-06-13 01:27:48,145.268
2019-06-13 01:29:59,142.793
2019-06-13 01:32:10,138.993
2019-06-13 01:34:21,132.932
2019-06-13 01:36:32,132.824
2019-06-13 01:38:43,132.981
2019-06-13 01:40:54,133.05
2019-06-13 01:43:05,133.132
2019-06-13 01:45:16,133.191
2019-06-13 01:47:27,133.221
2019-06-13 01:49:38,133.319
2019-06-13 01:51:49,133.352
2019-06-13 01:54:00,133.406
2019-06-13 01:56:11,133.442
2019-06-13 01:58:22,133.455
2019-06-13 02:00:33,133.509
2019-06-13 02:02:44,133.531
2019-06-13 02:04:55,133.563
2019-06-13 02:07:06,133.573
2019-06-13 02:09:17,133.564
2019-06-13 02:11:28,133.589
2019-06-13 02:13:39,133.588
2019-06-13 02:15:50,133.615
2019-06-13 02:18:01,133.656
2019-06-13 02:20:12,133.632
2019-06-13 02:22:23,133.648
2019-06-13 02:24:34,133.684
2019-06-13 02:26:45,133.692
2019-06-13 02:28:56,133.698
2019-06-13 02:31:07,133.683
2019-06-13 02:33:18,133.681
2019-06-13 02:35:29,133.709
2019-06-13 02:37:40,133.728
2019-06-13 02:39:51,133.727
2019-06-13 02:42:02,133.695
2019-06-13 02:44:13,133.699
2019-06-14 05:10:29,133.687
2019-06-14 05:12:40,133.695
2019-06-14 05:14:51,133.685
2019-06-14 05:17:02,133.705
2019-06-14 05:19:13,133.687
2019-06-14 05:21:24,133.664
2019-06-14 05:23:35,133.653
2019-06-14 05:25:46,133.663
2019-06-14 05:27:57,133.653
2019-06-14 05:30:08,133.623
2019-06-14 05:32:19,133.624
2019-06-14 05:34:30,133.623
2019-06-14 05:36:41,133.638
2019-06-14 05:38:52,133.626
2019-06-14 05:41:03,133.596
2019-06-14 05:43:14,134.082
2019-06-14 05:45:25,137.479
2019-06-14 05:47:36,141.934
2019-06-14 05:49:47,142.026
2019-06-14 05:51:58,142.258
2019-06-14 05:54:09,142.313
2019-06-14 05:56:20,144.035
2019-06-14 05:58:31,147.154
2019-06-14 06:00:42,151.127
2019-06-14 06:02:53,157.159
2019-06-14 06:05:04,156.674
2019-06-14 06:07:15,156.39
2019-06-14 06:09:26,156.324
2019-06-14 06:11:37,156.3
2019-06-14 06:13:48,156.288
2019-06-14 06:15:59,156.272
2019-06-14 06:18:10,156.261
2019-06-14 06:20:21,159.2
2019-06-14 06:22:32,161.21
2019-06-14 06:24:43,164.538
2019-06-14 06:26:54,163.492
2019-06-14 06:29:05,163.257
2019-06-14 06:31:16,163.193
2019-06-14 06:33:27,163.155
2019-06-14 06:35:38,163.12
2019-06-14 06:37:49,163.14
2019-06-14 06:40:00,163.12
2019-06-14 06:42:11,163.102
2019-06-14 06:44:22,163.112
2019-06-14 06:46:33,163.098
2019-06-14 06:48:44,163.098
2019-06-14 06:50:55,163.09
2019-06-14 06:53:06,163.082
2019-06-14 06:55:17,162.747
2019-06-14 06:57:28,161.476
2019-06-14 06:59:39,159.885
2019-06-14 07:01:50,157.804
2019-06-14 07:04:01,154.803
2019-06-14 07:06:12,152.457
2019-06-14 07:08:23,149.948
2019-06-14 07:10:34,146.866
2019-06-14 07:12:45,143.788
2019-06-14 07:14:56,140.109
2019-06-14 07:17:07,136.515
2019-06-14 07:19:18,133.743
2019-06-14 07:21:29,133.938
2019-06-14 07:23:40,134.058
2019-06-14 07:25:51,134.163
2019-06-14 07:28:02,134.252
2019-06-14 07:30:13,134.31
2019-06-14 07:32:24,134.337
2019-06-14 07:34:35,134.401
2019-06-14 07:36:46,134.45
2019-06-14 07:38:57,134.47
2019-06-14 07:41:08,134.514
2019-06-14 07:43:19,134.523
2019-06-14 07:45:30,134.564
2019-06-14 07:47:41,134.595
2019-06-14 07:49:52,134.613
2019-06-14 07:52:03,134.632
2019-06-14 07:54:14,134.646
2019-06-14 07:56:25,134.676
2019-06-14 07:58:36,134.695
2019-06-14 08:00:47,134.678
2019-06-14 08:02:58,134.702
2019-06-14 08:05:09,134.696
2019-06-14 08:07:20,134.702
2019-06-14 08:09:31,134.722
2019-06-14 08:11:42,134.723
2019-06-14 08:13:53,134.718
2019-06-14 08:16:04,134.733
2019-06-14 08:18:15,134.738
2019-06-14 08:20:26,134.742
2019-06-14 08:22:37,134.74
2019-06-14 08:24:48,134.738
2019-06-14 08:26:59,134.759
2019-06-14 08:29:10,134.744
2019-06-14 08:31:21,134.762
2019-06-14 08:33:32,134.752
2019-06-14 08:35:43,134.742
2019-06-14 08:37:54,134.749
2019-06-14 08:40:05,134.736
2019-06-14 08:42:16,134.733
2019-06-14 08:44:27,134.733
2019-06-14 08:46:38,134.74
2019-06-14 08:48:49,134.721
2019-06-14 08:51:00,134.736
2019-06-14 08:53:11,134.786
2019-06-14 08:55:22,134.917
2019-06-14 08:57:33,136.011
2019-06-14 08:59:44,137.501
2019-06-14 09:01:55,140.393
2019-06-14 09:04:06,142.733
2019-06-14 09:06:17,139.519
2019-06-14 09:08:28,140.487
2019-06-14 09:10:39,136.912
2019-06-14 09:12:50,137.564
2019-06-14 09:15:01,137.567
2019-06-15 11:41:16,137.575
2019-06-15 11:43:27,137.573
2019-06-15 11:45:38,142.034
2019-06-15 11:47:49,142.145
2019-06-15 11:50:00,148.661
2019-06-15 11:52:11,152.361
2019-06-15 11:54:22,151.472
2019-06-15 11:56:33,149.481
2019-06-15 11:58:44,147.881
2019-06-15 12:00:55,149.82
2019-06-15 12:03:06,155.447
2019-06-15 12:05:17,161.897
2019-06-15 12:07:28,160.561
2019-06-15 12:09:39,164.181
2019-06-15 12:11:50,163.442
2019-06-15 12:14:01,163.575
2019-06-15 12:16:12,163.503
2019-06-15 12:18:23,163.458
2019-06-15 12:20:34,163.587
2019-06-15 12:22:45,163.73
2019-06-15 12:24:56,163.674
2019-06-15 12:27:07,163.759
2019-06-15 12:29:18,163.72
2019-06-15 12:31:29,163.402
2019-06-15 12:33:40,163.547
2019-06-15 12:35:51,162.021
2019-06-15 12:38:02,162.802
2019-06-15 12:40:13,161.697
2019-06-15 12:42:24,160.807
2019-06-15 12:44:35,159.504
2019-06-15 12:46:46,157.394
2019-06-15 12:48:57,154.127
2019-06-15 12:51:08,152.137
2019-06-15 12:53:19,149.199
2019-06-15 12:55:30,145.978
2019-06-15 12:57:41,142.077
2019-06-15 12:59:52,139.257
2019-06-15 13:02:03,133.997
2019-06-15 13:04:14,133.434
2019-06-15 13:06:25,133.598
2019-06-15 13:08:36,133.725
2019-06-15 13:10:47,133.795
2019-06-15 13:12:58,133.904
2019-06-15 13:15:09,133.952
2019-06-15 13:17:20,133.988
2019-06-15 13:19:31,134.058
2019-06-15 13:21:42,134.097
2019-06-15 13:23:53,134.131
2019-06-15 13:26:04,134.154
2019-06-15 13:28:15,134.169
2019-06-15 13:30:26,134.198
2019-06-15 13:32:37,134.239
2019-06-15 13:34:48,134.256
2019-06-15 13:36:59,134.279
2019-06-15 13:39:10,134.284
2019-06-15 13:41:21,134.302
2019-06-15 13:43:32,134.299
2019-06-15 13:45:43,134.321
2019-06-15 13:47:54,134.328
2019-06-15 13:50:05,134.319
2019-06-15 13:52:16,134.323
2019-06-15 13:54:27,134.335
2019-06-15 13:56:38,134.338
2019-06-15 13:58:49,134.34
2019-06-15 14:01:00,134.349
2019-06-15 14:03:11,134.355
2019-06-15 14:05:22,134.359
2019-06-15 14:07:33,134.338
2019-06-15 14:09:44,134.347
2019-06-15 14:11:55,134.367
2019-06-15 14:14:06,134.345
2019-06-15 14:16:17,134.359
2019-06-15 14:18:28,134.339
2019-06-15 14:20:39,134.363
2019-06-15 14:22:50,134.353
2019-06-15 14:25:01,134.341
2019-06-15 14:27:12,134.353
2019-06-15 14:29:23,134.33
2019-06-15 14:31:34,134.322
2019-06-15 14:33:45,134.363
2019-06-15 14:35:56,134.448
2019-06-15 14:38:07,135.5
2019-06-15 14:40:18,138.375
2019-06-15 14:42:29,141.267
2019-06-15 14:44:40,138.843
2019-06-15 14:46:51,137.737
2019-06-15 14:49:02,140.721
2019-06-15 14:51:13,140.326
2019-06-15 14:53:24,140.83
2019-06-15 14:55:35,149.372
2019-06-15 14:57:46,148.667
2019-06-15 14:59:57,138.303
2019-06-15 15:02:08,134.613
2019-06-15 15:04:19,134.051
2019-06-15 15:06:30,134.454
2019-06-15 15:08:41,134.477
2019-06-15 15:10:52,134.474
2019-06-15 15:13:03,134.55
2019-06-15 15:15:14,141.656
2019-06-15 15:17:25,143.222
2019-06-15 15:19:36,141.715
2019-06-15 15:21:47,139.586
2019-06-15 15:23:58,139.947
2019-06-15 15:26:09,144.676
2019-06-15 15:28:20,148.077
2019-06-15 15:30:31,149.032
2019-06-15 15:32:42,147.896
2019-06-15 15:34:53,144.646
2019-06-15 15:37:04,148.61
2019-06-15 15:39:15,151.375
2019-06-15 15:41:26,151.252
2019-06-15 15:43:37,152.139
2019-06-15 15:45:48,153.373
2019-06-16 18:12:03,153.559
2019-06-16 18:14:14,153.96
2019-06-16 18:16:25,153.463
2019-06-16 18:18:36,149.928
2019-06-16 18:20:47,146.899
2019-06-16 18:22:58,141.437
2019-06-16 18:25:09,134.227
2019-06-16 18:27:20,131.99
2019-06-16 18:29:31,132.12
2019-06-16 18:31:42,132.256
2019-06-16 18:33:53,132.341
2019-06-16 18:36:04,132.409
2019-06-16 18:38:15,132.443
2019-06-16 18:40:26,132.475
2019-06-16 18:42:37,132.497
2019-06-16 18:44:48,132.548
2019-06-16 18:46:59,132.577
2019-06-16 18:49:10,132.593
2019-06-16 18:51:21,132.604
2019-06-16 18:53:32,132.618
2019-06-16 18:55:43,132.617
2019-06-16 18:57:54,132.634
2019-06-16 19:00:05,132.636
2019-06-16 19:02:16,132.638
2019-06-16 19:04:27,132.64
2019-06-16 19:06:38,132.655
2019-06-16 19:08:49,132.663
2019-06-16 19:11:00,132.666
2019-06-16 19:13:11,132.666
2019-06-16 19:15:22,132.683
2019-06-16 19:17:33,132.685
2019-06-16 19:19:44,132.688
2019-06-16 19:21:55,132.706
2019-06-16 19:24:06,132.626
2019-06-16 19:26:17,132.536
2019-06-16 19:28:28,132.818
2019-06-16 19:30:39,134.585
2019-06-16 19:32:50,137.25
2019-06-16 19:35:01,139.39
2019-06-16 19:37:12,139.292
2019-06-16 19:39:23,139.155
2019-06-16 19:41:34,138.315
2019-06-16 19:43:45,137.377
2019-06-16 19:45:56,137.383
2019-06-16 19:48:07,137.378
2019-06-16 19:50:18,137.355
2019-06-16 19:52:29,137.364
2019-06-16 19:54:40,137.405
2019-06-16 19:56:51,139.081
2019-06-16 19:59:02,142.226
2019-06-16 20:01:13,143.62
2019-06-16 20:03:24,148.176
2019-06-16 20:05:35,151.97
2019-06-16 20:07:46,153.442
2019-06-16 20:09:57,154.294
2019-06-16 20:12:08,154.172
2019-06-16 20:14:19,159.256
2019-06-16 20:16:30,159.837
2019-06-16 20:18:41,162.798
2019-06-16 20:20:52,165.074
2019-06-16 20:23:03,163.539
2019-06-16 20:25:14,163.433
2019-06-16 20:27:25,163.381
2019-06-16 20:29:36,163.352
2019-06-16 20:31:47,163.323
2019-06-16 20:33:58,163.323
2019-06-16 20:36:09,163.336
2019-06-16 20:38:20,157.243
2019-06-16 20:40:31,150.484
2019-06-16 20:42:42,152.589
2019-06-16 20:44:53,152.613
2019-06-16 20:47:04,154.674
2019-06-16 20:49:15,154.343
2019-06-16 20:51:26,154.345
2019-06-16 20:53:37,150.499
2019-06-16 20:55:48,151.104
2019-06-16 20:57:59,151.617
2019-06-16 21:00:10,151.378
2019-06-16 21:02:21,147.67
2019-06-16 21:04:32,145.373
2019-06-16 21:06:43,143.014
2019-06-16 21:08:54,139.481
2019-06-16 21:11:05,132.797
2019-06-16 21:13:16,132.975
2019-06-16 21:15:27,133.079
2019-06-16 21:17:38,133.179
2019-06-16 21:19:49,133.243
2019-06-16 21:22:00,133.354
2019-06-16 21:24:11,133.383
2019-06-16 21:26:22,133.432
2019-06-16 21:28:33,133.506
2019-06-16 21:30:44,133.551
2019-06-16 21:32:55,133.558
2019-06-16 21:35:06,133.591
2019-06-18 00:01:19,133.59
2019-06-18 00:03:30,133.612
2019-06-18 00:05:41,133.633
2019-06-18 00:07:52,133.65
2019-06-18 00:10:03,133.696
2019-06-18 00:12:14,133.695
2019-06-18 00:14:25,133.695
2019-06-18 00:16:36,133.718
2019-06-18 00:18:47,133.721
2019-06-18 00:20:58,133.732
2019-06-18 00:23:09,133.74
2019-06-18 00:25:20,133.727
2019-06-18 00:27:31,133.736
2019-06-18 00:29:42,133.746
2019-06-18 00:31:53,133.76
2019-06-18 00:34:04,133.749
2019-06-18 00:36:15,133.759
2019-06-18 00:38:26,133.736
2019-06-18 00:40:37,133.732
2019-06-18 00:42:48,133.739
2019-06-18 00:44:59,133.743
2019-06-18 00:47:10,133.727
2019-06-18 00:49:21,133.719
2019-06-18 00:51:32,133.714
2019-06-18 00:53:43,133.717
2019-06-18 00:55:54,133.7
2019-06-18 00:58:05,133.701
2019-06-18 01:00:16,133.683
2019-06-18 01:02:27,133.712
2019-06-18 01:04:38,135.03
2019-06-18 01:06:49,137.846
2019-06-18 01:09:00,140.474
2019-06-18 01:11:11,141.589
2019-06-18 01:13:22,146.109
2019-06-18 01:15:33,148.795
2019-06-18 01:17:44,150.095
2019-06-18 01:19:55,156.643
2019-06-18 01:22:06,163.147
2019-06-18 01:24:17,164.617
2019-06-18 01:26:28,164.58
2019-06-18 01:28:39,164.388
2019-06-18 01:30:50,164.326
2019-06-18 01:33:01,164.29
2019-06-18 01:35:12,164.284
2019-06-18 01:37:23,164.267
2019-06-18 01:39:34,164.255
2019-06-18 01:41:45,164.243
2019-06-18 01:43:56,164.248
2019-06-18 01:46:07,164.234
2019-06-18 01:48:18,164.235
2019-06-18 01:50:29,164.23
2019-06-18 01:52:40,164.208
2019-06-18 01:54:51,164.201
2019-06-18 01:57:02,164.225
2019-06-18 01:59:13,164.22
2019-06-18 02:01:24,164.203
2019-06-18 02:03:35,164.198
2019-06-18 02:05:46,163.625
2019-06-18 02:07:57,163.7
2019-06-18 02:10:08,161.553
2019-06-18 02:12:19,159.954
2019-06-18 02:14:30,158.221
2019-06-18 02:16:41,154.864
2019-06-18 02:18:52,152.733
2019-06-18 02:21:03,150.488
2019-06-18 02:23:14,147.324
2019-06-18 02:25:25,144.619
2019-06-18 02:27:36,141.456
2019-06-18 02:29:47,139.136
2019-06-18 02:31:58,134.007
2019-06-18 02:34:09,134.307
2019-06-18 02:36:20,134.436
2019-06-18 02:38:31,134.533
2019-06-18 02:40:42,134.633
2019-06-18 02:42:53,134.683
2019-06-18 02:45:04,134.733
2019-06-18 02:47:15,134.783
2019-06-18 02:49:26,134.857
2019-06-18 02:51:37,134.883
2019-06-18 02:53:48,134.889
2019-06-18 02:55:59,134.906
2019-06-18 02:58:10,134.976
2019-06-18 03:00:21,135.002
2019-06-18 03:02:32,135.031
2019-06-18 03:04:43,135.047
2019-06-18 03:06:54,135.059
2019-06-18 03:09:05,135.046
2019-06-18 03:11:16,135.072
2019-06-18 03:13:27,135.083
2019-06-18 03:15:38,135.077
2019-06-18 03:17:49,135.084
2019-06-18 03:20:00,135.102
2019-06-18 03:22:11,135.081
2019-06-19 05:48:27,135.082
2019-06-19 05:50:38,135.087
2019-06-19 05:52:49,135.109
2019-06-19 05:55:00,135.067
2019-06-19 05:57:11,135.099
2019-06-19 05:59:22,135.076
2019-06-19 06:01:33,135.087
2019-06-19 06:03:44,135.063
2019-06-19 06:05:55,135.077
2019-06-19 06:08:06,135.049
2019-06-19 06:10:17,135.046
2019-06-19 06:12:28,136.398
2019-06-19 06:14:39,140.416
2019-06-19 06:16:50,142.348
2019-06-19 06:19:01,141.678
2019-06-19 06:21:12,137.062
2019-06-19 06:23:23,135.427
2019-06-19 06:25:34,135.482
2019-06-19 06:27:45,135.504
2019-06-19 06:29:56,135.506
2019-06-19 06:32:07,142.57
2019-06-19 06:34:18,144.805
2019-06-19 06:36:29,153.447
2019-06-19 06:38:40,157.257
2019-06-19 06:40:51,160.291
2019-06-19 06:43:02,163.693
2019-06-19 06:45:13,162.737
2019-06-19 06:47:24,162.732
2019-06-19 06:49:35,163.782
2019-06-19 06:51:46,163.626
2019-06-19 06:53:57,163.601
2019-06-19 06:56:08,163.57
2019-06-19 06:58:19,163.551
2019-06-19 07:00:30,163.538
2019-06-19 07:02:41,163.541
2019-06-19 07:04:52,163.548
2019-06-19 07:07:03,163.515
2019-06-19 07:09:14,163.532
2019-06-19 07:11:25,163.512
2019-06-19 07:13:36,161.572
2019-06-19 07:15:47,158.256
2019-06-19 07:17:58,155.354
2019-06-19 07:20:09,153.063
2019-06-19 07:22:20,150.769
2019-06-19 07:24:31,144.774
2019-06-19 07:26:42,140.005
2019-06-19 07:28:53,134.231
2019-06-19 07:31:04,133.177
2019-06-19 07:33:15,133.339
2019-06-19 07:35:26,133.456
2019-06-19 07:37:37,133.563
2019-06-19 07:39:48,133.638
2019-06-19 07:41:59,133.71
2019-06-19 07:44:10,133.785
2019-06-19 07:46:21,133.805
2019-06-19 07:48:32,133.839
2019-06-19 07:50:43,133.884
2019-06-19 07:52:54,133.914
2019-06-19 07:55:05,133.918
2019-06-19 07:57:16,133.936
2019-06-19 07:59:27,133.962
2019-06-19 08:01:38,133.951
2019-06-19 08:03:49,133.975
2019-06-19 08:06:00,134.007
2019-06-19 08:08:11,134.007
2019-06-19 08:10:22,134.021
2019-06-19 08:12:33,134.05
2019-06-19 08:14:44,134.07
2019-06-19 08:16:55,134.051
2019-06-19 08:19:06,134.068
2019-06-19 08:21:17,134.077
2019-06-19 08:23:28,134.056
2019-06-19 08:25:39,134.049
2019-06-19 08:27:50,134.076
2019-06-19 08:30:01,134.066
2019-06-19 08:32:12,134.054
2019-06-19 08:34:23,134.039
2019-06-19 08:36:34,134.047
2019-06-19 08:38:45,134.017
2019-06-19 08:40:56,136.786
2019-06-19 08:43:07,140.515
2019-06-19 08:45:18,141.995
2019-06-19 08:47:29,141.954
2019-06-19 08:49:40,141.899
2019-06-19 08:51:51,141.622
2019-06-19 08:54:02,141.607
2019-06-19 08:56:13,140.112
2019-06-19 08:58:24,140.864
2019-06-19 09:00:35,138.5
2019-06-19 09:02:46,135.608
2019-06-19 09:04:57,135.406
2019-06-19 09:07:08,140.668
2019-06-19 09:09:19,141.544
2019-06-20 11:35:35,137.746
2019-06-20 11:37:46,134.648
2019-06-20 11:39:57,134.797
2019-06-20 11:42:08,134.792
2019-06-20 11:44:19,134.821
2019-06-20 11:46:30,134.834
2019-06-20 11:48:41,134.832
2019-06-20 11:50:52,134.821
2019-06-20 11:53:03,134.804
2019-06-20 11:55:14,135.561
2019-06-20 11:57:25,135.549
2019-06-20 11:59:36,136.071
2019-06-20 12:01:47,136.06
2019-06-20 12:03:58,136.123
2019-06-20 12:06:09,136.104
2019-06-20 12:08:20,136.114
2019-06-20 12:10:31,136.173
2019-06-20 12:12:42,136.165
2019-06-20 12:14:53,136.163
2019-06-20 12:17:04,136.166
2019-06-20 12:19:15,136.15
2019-06-20 12:21:26,136.156
2019-06-20 12:23:37,136.144
2019-06-20 12:25:48,136.154
2019-06-20 12:27:59,136.168
2019-06-20 12:30:10,136.156
2019-06-20 12:32:21,136.152
2019-06-20 12:34:32,136.164
2019-06-20 12:36:43,136.173
2019-06-20 12:38:54,136.16
2019-06-20 12:41:05,136.154
2019-06-20 12:43:16,136.166
2019-06-20 12:45:27,136.156
2019-06-20 12:47:38,136.16
2019-06-20 12:49:49,136.161
2019-06-20 12:52:00,136.174
2019-06-20 12:54:11,136.17
2019-06-20 12:56:22,136.17
2019-06-20 12:58:33,136.17
2019-06-20 13:00:44,136.18
2019-06-20 13:02:55,136.17
2019-06-20 13:05:06,136.176
2019-06-20 13:07:17,136.165
2019-06-20 13:09:28,136.168
2019-06-20 13:11:39,136.161
2019-06-20 13:13:50,136.163
2019-06-20 13:16:01,136.165
2019-06-20 13:18:12,136.196
2019-06-20 13:20:23,136.187
2019-06-20 13:22:34,136.169
2019-06-20 13:24:45,136.168
2019-06-20 13:26:56,136.923
2019-06-20 13:29:07,137.004
2019-06-20 13:31:18,136.997
2019-06-20 13:33:29,136.974
2019-06-20 13:35:40,138.233
2019-06-20 13:37:51,141.484
2019-06-20 13:40:02,141.801
2019-06-20 13:42:13,142.912
2019-06-20 13:44:24,149.233
2019-06-20 13:46:35,148.7
2019-06-20 13:48:46,148.662
2019-06-20 13:50:57,150.246
2019-06-20 13:53:08,150.575
2019-06-20 13:55:19,150.177
2019-06-20 13:57:30,145.178
2019-06-20 13:59:41,150.56
2019-06-20 14:01:52,150.677
2019-06-20 14:04:03,155.135
2019-06-20 14:06:14,159.333
2019-06-20 14:08:25,163.453
2019-06-20 14:10:36,163.723
2019-06-20 14:12:47,163.47
2019-06-20 14:14:58,163.416
2019-06-21 16:41:13,163.384
2019-06-21 16:43:24,163.3
2019-06-21 16:45:35,163.217
2019-06-21 16:47:46,158.266
2019-06-21 16:49:57,153.177
2019-06-21 16:52:08,151.018
2019-06-21 16:54:19,144.529
2019-06-21 16:56:30,136.316
2019-06-21 16:58:41,131.801
2019-06-21 17:00:52,131.988
2019-06-21 17:03:03,132.052
2019-06-21 17:05:14,132.103
2019-06-21 17:07:25,132.235
2019-06-21 17:09:36,132.27
2019-06-21 17:11:47,132.347
2019-06-21 17:13:58,132.423
2019-06-21 17:16:09,132.44
2019-06-21 17:18:20,132.445
2019-06-21 17:20:31,132.499
2019-06-21 17:22:42,132.498
2019-06-21 17:24:53,132.541
2019-06-21 17:27:04,132.557
2019-06-21 17:29:15,132.565
2019-06-21 17:31:26,132.582
2019-06-21 17:33:37,132.59
2019-06-21 17:35:48,132.588
2019-06-21 17:37:59,132.601
2019-06-21 17:40:10,132.6
2019-06-21 17:42:21,132.625
2019-06-21 17:44:32,132.628
2019-06-21 17:46:43,132.61
2019-06-21 17:48:54,132.493
2019-06-21 17:51:05,132.929
2019-06-21 17:53:16,135.831
2019-06-21 17:55:27,139.467
2019-06-21 17:57:38,139.281
2019-06-21 17:59:49,139.149
2019-06-21 18:02:00,139.105
2019-06-21 18:04:11,138.378
2019-06-21 18:06:22,137.544
2019-06-21 18:08:33,137.534
2019-06-21 18:10:44,137.525
2019-06-21 18:12:55,138.414
2019-06-21 18:15:06,140.825
2019-06-21 18:17:17,142.624
2019-06-21 18:19:28,145.976
2019-06-21 18:21:39,146.394
2019-06-21 18:23:50,150.868
2019-06-21 18:26:01,153.374
2019-06-21 18:28:12,153.243
2019-06-21 18:30:23,153.186
2019-06-21 18:32:34,153.181
2019-06-21 18:34:45,155.574
2019-06-21 18:36:56,161.761
2019-06-21 18:39:07,164.476
2019-06-21 18:41:18,163.009
2019-06-21 18:43:29,163.468
2019-06-21 18:45:40,163.354
2019-06-21 18:47:51,163.312
2019-06-21 18:50:02,163.296
2019-06-21 18:52:13,163.752
2019-06-21 18:54:24,163.686
2019-06-21 18:56:35,163.04
2019-06-21 18:58:46,153.223
2019-06-21 19:00:57,153.567
2019-06-21 19:03:08,146.691
2019-06-21 19:05:19,143.536
2019-06-21 19:07:30,136.058
2019-06-21 19:09:41,131.871
2019-06-21 19:11:52,133.266
2019-06-21 19:14:03,133.879
2019-06-21 19:16:14,133.87
2019-06-21 19:18:25,133.862
2019-06-21 19:20:36,133.931
2019-06-21 19:22:47,133.962
2019-06-22 21:49:05,134.019
2019-06-22 21:51:16,134.049
2019-06-22 21:53:27,134.082
2019-06-22 21:55:38,134.106
2019-06-22 21:57:49,134.118
2019-06-22 22:00:00,134.128
2019-06-22 22:02:11,134.136
2019-06-22 22:04:22,134.146
2019-06-22 22:06:33,134.149
2019-06-22 22:08:44,134.167
2019-06-22 22:10:55,134.178
2019-06-22 22:13:06,134.186
2019-06-22 22:15:17,134.204
2019-06-22 22:17:28,134.193
2019-06-22 22:19:39,134.21
2019-06-22 22:21:50,134.234
2019-06-22 22:24:01,134.236
2019-06-22 22:26:12,134.226
2019-06-22 22:28:23,134.216
2019-06-22 22:30:34,134.228
2019-06-22 22:32:45,134.214
2019-06-22 22:34:56,134.235
2019-06-22 22:37:07,134.212
2019-06-22 22:39:18,134.241
2019-06-22 22:41:29,134.243
2019-06-22 22:43:40,134.264
2019-06-22 22:45:51,134.529
2019-06-22 22:48:02,134.524
2019-06-22 22:50:13,134.792
2019-06-22 22:52:24,135.4
2019-06-22 22:54:35,139.456
2019-06-22 22:56:46,142.095
2019-06-22 22:58:57,141.938
2019-06-22 23:01:08,146.958
2019-06-22 23:03:19,151.133
2019-06-22 23:05:30,154.161
2019-06-22 23:07:41,158.07
2019-06-22 23:09:52,155.606
2019-06-22 23:12:03,162.912
2019-06-22 23:14:14,162.3
2019-06-22 23:16:25,162.577
2019-06-22 23:18:36,163.028
2019-06-22 23:20:47,163.811
2019-06-22 23:22:58,163.728
2019-06-22 23:25:09,163.65
2019-06-22 23:27:20,163.634
2019-06-22 23:29:31,163.749
2019-06-22 23:31:42,163.705
2019-06-22 23:33:53,163.675
2019-06-22 23:36:04,163.8
2019-06-22 23:38:15,160.822
2019-06-22 23:40:26,157.893
2019-06-22 23:42:37,150.739
2019-06-22 23:44:48,149.053
2019-06-22 23:46:59,146.693
2019-06-22 23:49:10,143.233
2019-06-22 23:51:21,139.797
2019-06-22 23:53:32,134.051
2019-06-22 23:55:43,133.754
2019-06-22 23:57:54,133.938
2019-06-23 00:00:05,134.042
2019-06-23 00:02:16,134.118
2019-06-23 00:04:27,134.208
2019-06-23 00:06:38,134.295
2019-06-23 00:08:49,134.329
2019-06-23 00:11:00,134.361
2019-06-23 00:13:11,134.396
2019-06-23 00:15:22,134.443
2019-06-23 00:17:33,134.446
2019-06-23 00:19:44,134.478
2019-06-23 00:21:55,134.483
2019-06-24 02:48:08,134.501
2019-06-24 02:50:19,134.488
2019-06-24 02:52:30,134.505
2019-06-24 02:54:41,134.519
2019-06-24 02:56:52,134.519
2019-06-24 02:59:03,134.506
2019-06-24 03:01:14,134.539
2019-06-24 03:03:25,134.525
2019-06-24 03:05:36,134.529
2019-06-24 03:07:47,134.51
2019-06-24 03:09:58,134.52
2019-06-24 03:12:09,134.485
2019-06-24 03:14:20,134.5
2019-06-24 03:16:31,134.436
2019-06-24 03:18:42,135.306
2019-06-24 03:20:53,141.203
2019-06-24 03:23:04,143.889
2019-06-24 03:25:15,148.384
2019-06-24 03:27:26,147.38
2019-06-24 03:29:37,147.324
2019-06-24 03:31:48,147.293
2019-06-24 03:33:59,147.28
2019-06-24 03:36:10,149.26
2019-06-24 03:38:21,156.721
2019-06-24 03:40:32,163.149
2019-06-24 03:42:43,162.35
2019-06-24 03:44:54,163.335
2019-06-24 03:47:05,163.177
2019-06-24 03:49:16,163.146
2019-06-24 03:51:27,163.122
2019-06-24 03:53:38,163.089
2019-06-24 03:55:49,163.901
2019-06-24 03:58:00,163.831
2019-06-24 04:00:11,162.343
2019-06-24 04:02:22,157.164
2019-06-24 04:04:33,153.117
2019-06-24 04:06:44,148.495
2019-06-24 04:08:55,143.22
2019-06-24 04:11:06,135.945
2019-06-24 04:13:17,133.855
2019-06-24 04:15:28,134.093
2019-06-24 04:17:39,134.233
2019-06-24 04:19:50,134.321
2019-06-24 04:22:01,134.391
2019-06-24 04:24:12,134.478
2019-06-24 04:26:23,134.505
2019-06-24 04:28:34,134.558
2019-06-24 04:30:45,134.577
2019-06-24 04:32:56,134.619
2019-06-24 04:35:07,134.632
2019-06-24 04:37:18,134.66
2019-06-24 04:39:29,134.671
2019-06-24 04:41:40,134.705
2019-06-24 04:43:51,134.689
2019-06-24 04:46:02,134.678
2019-06-24 04:48:13,134.668
2019-06-24 04:50:24,134.678
2019-06-24 04:52:35,134.663
2019-06-24 04:54:46,134.662
2019-06-24 04:56:57,134.65
2019-06-25 07:23:17,134.64
2019-06-25 07:25:28,134.617
2019-06-25 07:27:39,134.599
2019-06-25 07:29:50,134.571
2019-06-25 07:32:01,136.894
2019-06-25 07:34:12,142.705
2019-06-25 07:36:23,144.789
2019-06-25 07:38:34,144.693
2019-06-25 07:40:45,144.651
2019-06-25 07:42:56,144.629
2019-06-25 07:45:07,144.618
2019-06-25 07:47:18,144.59
2019-06-25 07:49:29,153.005
2019-06-25 07:51:40,156.861
2019-06-25 07:53:51,161.742
2019-06-25 07:56:02,163.922
2019-06-25 07:58:13,163.535
2019-06-25 08:00:24,163.49
2019-06-25 08:02:35,163.461
2019-06-25 08:04:46,163.454
2019-06-25 08:06:57,163.427
2019-06-25 08:09:08,163.431
2019-06-25 08:11:19,161.842
2019-06-25 08:13:30,158.136
2019-06-25 08:15:41,153.905
2019-06-25 08:17:52,151.304
2019-06-25 08:20:03,147.837
2019-06-25 08:22:14,144.182
2019-06-25 08:24:25,138.793
2019-06-25 08:26:36,133.526
2019-06-25 08:28:47,133.76
2019-06-25 08:30:58,133.912
2019-06-25 08:33:09,134.04
2019-06-25 08:35:20,134.115
2019-06-25 08:37:31,134.146
2019-06-25 08:39:42,134.24
2019-06-25 08:41:53,134.281
2019-06-25 08:44:04,134.304
2019-06-25 08:46:15,134.318
2019-06-25 08:48:26,134.345
2019-06-25 08:50:37,134.342
2019-06-25 08:52:48,134.366
2019-06-25 08:54:59,134.373
2019-06-25 08:57:10,134.392
2019-06-25 08:59:21,134.398
2019-06-25 09:01:32,134.388
2019-06-25 09:03:43,134.404
2019-06-25 09:05:54,134.39
2019-06-25 09:08:05,134.401
2019-06-25 09:10:16,134.391
2019-06-25 09:12:27,134.38
2019-06-25 09:14:38,134.369
2019-06-25 09:16:49,134.352
2019-06-25 09:19:00,134.4
2019-06-25 09:21:11,140.436
2019-06-25 09:23:22,144.136
2019-06-25 09:25:33,150.573
2019-06-25 09:27:44,158.262
2019-06-25 09:29:55,161.586
2019-06-26 11:56:16,161.434
2019-06-26 11:58:27,161.415
2019-06-26 12:00:38,161.396
2019-06-26 12:02:49,161.368
2019-06-26 12:05:00,161.363
2019-06-26 12:07:11,161.853
2019-06-26 12:09:22,163.283
2019-06-26 12:11:33,163.679
2019-06-26 12:13:44,163.565
2019-06-26 12:15:55,163.53
2019-06-26 12:18:06,163.53
2019-06-26 12:20:17,163.506
2019-06-26 12:22:28,163.512
2019-06-26 12:24:39,163.437
2019-06-26 12:26:50,161.759
2019-06-26 12:29:01,159.522
2019-06-26 12:31:12,156.487
2019-06-26 12:33:23,152.947
2019-06-26 12:35:34,148.375
2019-06-26 12:37:45,144.17
2019-06-26 12:39:56,139.679
2019-06-26 12:42:07,133.867
2019-06-26 12:44:18,134.12
2019-06-26 12:46:29,134.283
2019-06-26 12:48:40,134.403
2019-06-26 12:50:51,134.491
2019-06-26 12:53:02,134.55
2019-06-26 12:55:13,134.626
2019-06-26 12:57:24,134.671
2019-06-26 12:59:35,134.698
2019-06-26 13:01:46,134.736
2019-06-26 13:03:57,134.777
2019-06-26 13:06:08,134.782
2019-06-26 13:08:19,134.813
2019-06-26 13:10:30,134.846
2019-06-26 13:12:41,134.823
2019-06-26 13:14:52,134.818
2019-06-26 13:17:03,134.827
2019-06-26 13:19:14,134.827
2019-06-26 13:21:25,134.806
2019-06-26 13:23:36,134.799
2019-06-26 13:25:47,134.797
2019-06-26 13:27:58,134.795
2019-06-26 13:30:09,134.777
2019-06-26 13:32:20,135.202
2019-06-26 13:34:31,138.088
2019-06-26 13:36:42,143.256
2019-06-26 13:38:53,152.651
2019-06-26 13:41:04,151.445
2019-06-26 13:43:15,151.394
2019-06-26 13:45:26,151.362
2019-06-26 13:47:37,151.337
2019-06-26 13:49:48,151.33
2019-06-26 13:51:59,152.027
2019-06-26 13:54:10,159.734
2019-06-26 13:56:21,163.576
2019-06-26 13:58:32,163.182
2019-06-26 14:00:43,165.079
2019-06-26 14:02:54,163.731
2019-06-27 16:29:14,163.672
2019-06-27 16:31:25,163.644
2019-06-27 16:33:36,163.64
2019-06-27 16:35:47,163.618
2019-06-27 16:37:58,163.627
2019-06-27 16:40:09,161.845
2019-06-27 16:42:20,157.981
2019-06-27 16:44:31,153.081
2019-06-27 16:46:42,148.246
2019-06-27 16:48:53,142.586
2019-06-27 16:51:04,134.29
2019-06-27 16:53:15,133.837
2019-06-27 16:55:26,134.073
2019-06-27 16:57:37,134.184
2019-06-27 16:59:48,134.312
2019-06-27 17:01:59,134.37
2019-06-27 17:04:10,134.447
2019-06-27 17:06:21,134.493
2019-06-27 17:08:32,134.523
2019-06-27 17:10:43,134.565
2019-06-27 17:12:54,134.606
2019-06-27 17:15:05,134.629
2019-06-27 17:17:16,134.661
2019-06-27 17:19:27,134.669
2019-06-27 17:21:38,134.668
2019-06-27 17:23:49,134.672
2019-06-27 17:26:00,134.678
2019-06-27 17:28:11,134.69
2019-06-27 17:30:22,134.684
2019-06-27 17:32:33,134.671
2019-06-27 17:34:44,134.674
2019-06-27 17:36:55,134.67
2019-06-27 17:39:06,134.669
2019-06-27 17:41:17,134.664
2019-06-27 17:43:28,134.646
2019-06-27 17:45:39,135.707
2019-06-27 17:47:50,141.873
2019-06-27 17:50:01,143.962
2019-06-27 17:52:12,147.535
2019-06-27 17:54:23,149.06
2019-06-27 17:56:34,148.95
2019-06-27 17:58:45,148.908
2019-06-27 18:00:56,148.871
2019-06-27 18:03:07,149.638
2019-06-27 18:05:18,155.691
2019-06-27 18:07:29,160.566
2019-06-27 18:09:40,163.751
2019-06-27 18:11:51,162.938
2019-06-27 18:14:02,163.714
2019-06-27 18:16:13,163.66
2019-06-27 18:18:24,163.616
2019-06-27 18:20:35,163.3
2019-06-27 18:22:46,162.073
2019-06-27 18:24:57,160.407
2019-06-27 18:27:08,154.849
2019-06-27 18:29:19,145.807
2019-06-27 18:31:30,131.959
2019-06-27 18:33:41,131.747
2019-06-27 18:35:52,131.849
2019-06-27 18:38:03,131.926
2019-06-28 21:04:24,132.049
2019-06-28 21:06:35,132.149
2019-06-28 21:08:46,132.232
2019-06-28 21:10:57,132.27
2019-06-28 21:13:08,132.305
2019-06-28 21:15:19,132.336
2019-06-28 21:17:30,132.385
2019-06-28 21:19:41,132.391
2019-06-28 21:21:52,132.42
2019-06-28 21:24:03,132.431
2019-06-28 21:26:14,132.437
2019-06-28 21:28:25,132.441
2019-06-28 21:30:36,132.45
2019-06-28 21:32:47,132.454
2019-06-28 21:34:58,132.457
2019-06-28 21:37:09,132.409
2019-06-28 21:39:20,132.272
2019-06-28 21:41:31,133.972
2019-06-28 21:43:42,137.982
2019-06-28 21:45:53,136.992
2019-06-28 21:48:04,136.969
2019-06-28 21:50:15,137.075
2019-06-28 21:52:26,137.444
2019-06-28 21:54:37,137.443
2019-06-28 21:56:48,137.412
2019-06-28 21:58:59,137.478
2019-06-28 22:01:10,137.836
2019-06-28 22:03:21,141.678
2019-06-28 22:05:32,147.157
2019-06-28 22:07:43,150.044
2019-06-28 22:09:54,154.091
2019-06-28 22:12:05,154.129
2019-06-28 22:14:16,154.081
2019-06-28 22:16:27,157.417
2019-06-28 22:18:38,160.165
2019-06-28 22:20:49,163.483
2019-06-28 22:23:00,163.961
2019-06-28 22:25:11,163.73
2019-06-28 22:27:22,163.804
2019-06-28 22:29:33,163.722
2019-06-28 22:31:44,163.682
2019-06-28 22:33:55,163.678
2019-06-28 22:36:06,161.219
2019-06-28 22:38:17,158.767
2019-06-28 22:40:28,154.421
2019-06-28 22:42:39,150.236
2019-06-28 22:44:50,141.153
2019-06-28 22:47:01,132.525
2019-06-28 22:49:12,132.12
2019-06-28 22:51:23,132.263
2019-06-28 22:53:34,132.437
2019-06-28 22:55:45,132.569
2019-06-28 22:57:56,132.638
2019-06-28 23:00:07,132.697
2019-06-28 23:02:18,132.754
2019-06-28 23:04:29,132.811
2019-06-28 23:06:40,132.821
2019-06-28 23:08:51,132.836
2019-06-28 23:11:02,132.839
2019-06-30 01:37:22,132.873
2019-06-30 01:39:33,132.862
2019-06-30 01:41:44,132.903
2019-06-30 01:43:55,132.932
2019-06-30 01:46:06,132.922
2019-06-30 01:48:17,132.832
2019-06-30 01:50:28,132.829
2019-06-30 01:52:39,135.865
2019-06-30 01:54:50,139.673
2019-06-30 01:57:01,139.2
2019-06-30 01:59:12,136.818
2019-06-30 02:01:23,136.834
2019-06-30 02:03:34,136.818
2019-06-30 02:05:45,136.916
2019-06-30 02:07:56,141.584
2019-06-30 02:10:07,141.427
2019-06-30 02:12:18,142.919
2019-06-30 02:14:29,152.494
2019-06-30 02:16:40,152.242
2019-06-30 02:18:51,157.533
2019-06-30 02:21:02,159.187
2019-06-30 02:23:13,162.764
2019-06-30 02:25:24,164.314
2019-06-30 02:27:35,163.608
2019-06-30 02:29:46,163.531
2019-06-30 02:31:57,163.511
2019-06-30 02:34:08,163.484
2019-06-30 02:36:19,163.589
2019-06-30 02:38:30,163.812
2019-06-30 02:40:41,159.793
2019-06-30 02:42:52,158.24
2019-06-30 02:45:03,152.104
2019-06-30 02:47:14,147.511
2019-06-30 02:49:25,141.027
2019-06-30 02:51:36,132.451
2019-06-30 02:53:47,132.883
2019-06-30 02:55:58,133.029
2019-06-30 02:58:09,133.151
2019-06-30 03:00:20,133.221
2019-06-30 03:02:31,133.307
2019-06-30 03:04:42,133.366
2019-06-30 03:06:53,133.407
2019-06-30 03:09:04,133.439
2019-06-30 03:11:15,133.473
2019-06-30 03:13:26,133.493
2019-06-30 03:15:37,133.517
2019-06-30 03:17:48,133.526
2019-06-30 03:19:59,133.531
2019-06-30 03:22:10,133.528
