Timestamp,U_Battery
2016-02-17 15:03:03,26.42
2016-02-17 15:13:28,25.886
2016-02-17 17:06:26,26.369
2016-02-22 07:56:56,26.645
2016-02-22 08:06:36,26.615
2016-02-22 08:17:11,26.641
2016-02-22 08:27:47,26.652
2016-02-22 08:38:22,26.655
2016-02-22 08:48:58,27.234
2016-02-22 08:59:33,28.2
2016-02-22 09:09:09,28.395
2016-02-22 09:19:44,28.444
2016-02-22 09:30:19,28.208
2016-02-22 09:40:55,27.942
2016-02-22 09:51:30,27.801
2016-02-22 10:01:06,27.699
2016-02-22 10:11:41,27.634
2016-02-22 10:22:16,27.569
2016-02-22 10:32:52,27.531
2016-02-22 10:43:27,27.5
2016-02-22 10:54:03,27.468
2016-02-22 11:03:38,27.443
2016-02-22 11:14:14,27.427
2016-02-22 11:24:49,27.406
2016-02-22 11:35:24,27.389
2016-02-22 11:46:00,27.375
2016-02-22 11:56:35,27.362
2016-02-22 12:06:11,27.35
2016-02-22 12:16:46,27.337
2016-02-22 12:27:21,27.324
2016-02-22 12:37:57,27.311
2016-02-22 12:48:32,27.308
2016-02-22 12:59:08,27.298
2016-02-22 13:08:43,27.287
2016-02-22 13:19:19,27.283
2016-02-22 13:29:54,27.273
2016-02-22 13:40:29,27.269
2016-02-22 13:51:05,27.26
2016-02-22 14:00:49,27.257
2016-02-22 14:11:16,27.247
2016-02-22 14:21:51,27.244
2016-02-22 14:32:26,27.234
2016-02-22 14:43:02,27.234
2016-02-22 14:53:37,27.225
2016-02-22 15:03:13,27.221
2016-02-22 15:13:48,27.22
2016-02-22 15:24:24,27.211
2016-02-22 15:34:59,27.208
2016-02-22 15:45:34,27.208
2016-02-22 15:56:10,27.201
2016-02-22 16:05:45,27.195
2016-02-22 16:16:21,27.195
2016-02-22 16:26:56,27.191
2016-02-22 16:37:31,27.184
2016-02-22 16:48:07,27.182
2016-02-22 16:58:42,27.182
2016-02-22 17:08:18,27.18
2016-02-22 17:18:53,27.173
2016-02-22 17:29:29,27.17
2016-02-22 17:40:04,27.17
2016-02-22 17:50:39,27.17
2016-02-22 18:00:35,27.168
2016-02-22 18:10:50,27.161
2016-02-22 18:21:26,27.158
2016-02-22 18:32:01,27.157
2016-02-22 18:42:36,27.157
2016-02-22 18:53:12,27.155
2016-02-22 19:02:47,27.15
2016-02-22 19:13:23,27.146
2016-02-22 19:23:58,27.144
2016-02-22 19:34:34,27.144
2016-02-22 19:45:09,27.144
2016-02-22 19:55:44,27.142
2016-02-22 20:05:20,27.137
2016-02-22 20:15:55,27.133
2016-02-22 20:26:31,27.131
2016-02-22 20:37:06,27.131
2016-02-22 20:47:41,27.131
2016-02-22 20:58:17,27.131
2016-02-22 21:07:52,27.128
2016-02-22 21:18:28,27.123
2016-02-22 21:29:03,27.12
2016-02-22 21:39:39,27.118
2016-02-22 21:50:14,27.118
2016-02-22 22:00:24,27.118
2016-02-22 22:10:25,27.118
2016-02-22 22:21:00,27.116
2016-02-22 22:31:36,27.112
2016-02-22 22:42:11,27.109
2016-02-22 22:52:46,27.105
2016-02-22 23:02:22,27.105
2016-02-22 23:12:57,27.105
2016-02-22 23:23:33,27.105
2016-02-22 23:34:08,27.105
2016-02-22 23:44:44,27.104
2016-02-22 23:55:19,27.103
2016-02-23 00:04:54,27.098
2016-02-23 00:15:30,27.095
2016-02-23 00:26:05,27.092
2016-02-23 00:36:41,27.092
2016-02-23 00:47:16,27.092
2016-02-23 00:57:51,27.092
2016-02-23 01:07:27,27.092
2016-02-23 01:18:02,27.09
2016-02-23 01:27:42,27.068
2016-02-23 01:38:43,27.086
2016-02-23 01:49:18,27.084
2016-02-23 01:59:53,27.084
2016-02-23 02:09:29,27.084
2016-02-23 02:20:04,27.084
2016-02-23 02:30:40,27.084
2016-02-23 02:41:15,27.084
2016-02-23 02:51:51,27.084
2016-02-23 03:01:26,27.082
2016-02-23 03:12:01,27.078
2016-02-23 03:22:37,27.076
2016-02-23 03:33:12,27.072
2016-02-23 03:43:48,27.071
2016-02-23 03:54:23,27.071
2016-02-23 04:03:58,27.071
2016-02-23 04:14:34,27.071
2016-02-23 04:25:09,27.071
2016-02-23 04:35:45,27.07
2016-02-23 04:46:20,27.07
2016-02-23 04:56:56,27.069
2016-02-23 05:06:31,27.067
2016-02-23 05:17:06,27.066
2016-02-23 05:27:42,27.061
2016-02-23 05:38:17,27.061
2016-02-23 05:48:53,27.059
2016-02-23 05:59:28,27.058
2016-02-23 06:09:03,27.058
2016-02-23 06:19:39,27.058
2016-02-23 06:30:14,27.058
2016-02-23 06:40:50,27.058
2016-02-23 06:51:25,27.058
2016-02-23 07:01:01,27.057
2016-02-23 07:11:36,27.057
2016-02-23 07:22:11,27.056
2016-02-23 07:32:47,27.054
2016-02-23 07:43:22,27.051
2016-02-23 07:53:58,27.049
2016-02-23 08:03:33,27.048
2016-02-23 08:14:08,27.046
2016-02-23 08:24:44,27.046
2016-02-23 08:35:19,27.046
2016-02-23 08:45:55,27.046
2016-02-23 08:56:30,27.046
2016-02-23 09:06:06,27.046
2016-02-23 09:16:41,27.046
2016-02-23 09:27:16,27.045
2016-02-23 09:37:52,27.044
2016-02-23 09:48:27,27.044
2016-02-23 09:59:03,27.04
2016-02-23 10:08:38,27.039
2016-02-23 10:19:13,27.036
2016-02-23 10:29:49,27.034
2016-02-23 10:40:24,27.033
2016-02-23 10:51:00,27.033
2016-02-23 11:00:45,27.033
2016-02-23 11:11:11,27.033
2016-02-23 11:21:46,27.033
2016-02-23 11:32:21,27.033
2016-02-23 11:42:57,27.033
2016-02-23 11:53:32,27.033
2016-02-23 12:03:08,27.033
2016-02-23 12:13:43,27.031
2016-02-23 12:24:18,27.029
2016-02-23 12:34:54,27.027
2016-02-23 12:45:29,27.026
2016-02-23 12:56:05,27.024
2016-02-23 13:05:40,27.023
2016-02-23 13:16:16,27.022
2016-02-23 13:26:51,27.021
2016-02-23 13:37:26,27.02
2016-02-23 13:48:02,27.02
2016-02-23 13:58:37,27.02
2016-02-23 14:08:13,27.02
2016-02-23 14:18:48,27.02
2016-02-23 14:29:23,27.02
2016-02-23 14:39:59,27.02
2016-02-23 14:50:34,27.02
2016-02-23 15:00:34,27.019
2016-02-23 15:10:45,27.018
2016-02-23 15:21:21,27.017
2016-02-23 15:31:56,27.015
2016-02-23 15:42:31,27.012
2016-02-23 15:53:07,27.012
2016-02-23 16:02:42,27.009
2016-02-23 16:13:18,27.009
2016-02-23 16:23:53,27.008
2016-02-23 16:34:28,27.007
2016-02-23 16:45:04,27.007
2016-02-23 16:55:39,27.007
2016-02-23 17:05:15,27.007
2016-02-23 17:15:50,27.007
2016-02-23 17:26:26,27.007
2016-02-23 17:37:01,27.007
2016-02-23 17:47:36,27.007
2016-02-23 17:58:12,27.006
2016-02-23 18:07:47,27.007
2016-02-23 18:18:23,27.006
2016-02-23 18:28:58,27.005
2016-02-23 18:39:33,27.004
2016-02-23 18:50:09,27.001
2016-02-23 19:00:20,26.999
2016-02-23 19:10:20,26.999
2016-02-23 19:20:55,26.997
2016-02-23 19:31:31,26.996
2016-02-23 19:42:06,26.995
2016-02-23 19:52:41,26.994
2016-02-23 20:02:17,26.994
2016-02-23 20:12:52,26.994
2016-02-23 20:23:28,26.994
2016-02-23 20:34:03,26.994
2016-02-23 20:44:38,26.994
2016-02-23 20:55:14,26.994
2016-02-23 21:04:49,26.993
2016-02-23 21:15:25,26.994
2016-02-23 21:26:00,26.993
2016-02-23 21:36:36,26.991
2016-02-23 21:47:11,26.99
2016-02-23 21:57:46,26.988
2016-02-23 22:07:22,26.987
2016-02-23 22:17:57,26.986
2016-02-23 22:28:33,26.985
2016-02-23 22:39:08,26.983
2016-02-23 22:49:43,26.982
2016-02-23 23:00:09,26.982
2016-02-23 23:09:54,26.981
2016-02-23 23:20:30,26.981
2016-02-23 23:31:05,26.981
2016-02-23 23:41:41,26.981
2016-02-23 23:52:16,26.981
2016-02-24 00:01:51,26.981
2016-02-24 00:12:27,26.981
2016-02-24 00:23:02,26.981
2016-02-24 00:33:38,26.981
2016-02-24 00:44:13,26.981
2016-02-24 00:54:48,26.98
2016-02-24 01:04:24,26.98
2016-02-24 01:14:59,26.979
2016-02-24 01:25:35,26.978
2016-02-24 01:36:10,26.976
2016-02-24 01:46:46,26.974
2016-02-24 01:57:21,26.975
2016-02-24 02:06:56,26.972
2016-02-24 02:17:32,26.97
2016-02-24 02:28:07,26.97
2016-02-24 02:38:43,26.969
2016-02-24 02:49:18,26.969
2016-02-24 02:59:53,26.968
2016-02-24 03:09:29,26.968
2016-02-24 03:20:04,26.968
2016-02-24 03:30:40,26.968
2016-02-24 03:41:15,26.968
2016-02-24 03:51:51,26.968
2016-02-24 04:01:26,26.968
2016-02-24 04:12:01,26.968
2016-02-24 04:22:37,26.968
2016-02-24 04:33:12,26.968
2016-02-24 04:43:48,26.967
2016-02-24 04:54:23,26.967
2016-02-24 05:03:58,26.968
2016-02-24 05:14:34,26.967
2016-02-24 05:25:09,26.966
2016-02-24 05:35:45,26.964
2016-02-24 05:46:20,26.964
2016-02-24 05:56:56,26.963
2016-02-24 06:06:31,26.96
2016-02-24 06:17:06,26.959
2016-02-24 06:27:42,26.958
2016-02-24 06:38:17,26.957
2016-02-24 06:48:53,26.956
2016-02-24 06:59:28,26.956
2016-02-24 07:09:03,26.955
2016-02-24 07:19:39,26.955
2016-02-24 07:30:14,26.955
2016-02-24 07:40:50,26.955
2016-02-24 07:51:25,26.955
2016-02-24 08:01:01,26.955
2016-02-24 08:11:36,26.955
2016-02-24 08:22:11,26.955
2016-02-24 08:32:47,26.955
2016-02-24 08:43:22,26.955
2016-02-24 08:53:58,26.955
2016-02-24 09:03:33,26.955
2016-02-24 09:14:08,26.954
2016-02-24 09:24:44,26.954
2016-02-24 09:35:19,26.953
2016-02-24 09:45:55,26.953
2016-02-24 09:56:30,26.952
2016-02-24 10:06:06,26.952
2016-02-24 10:16:41,26.95
2016-02-24 10:27:16,26.947
2016-02-24 10:37:52,26.947
2016-02-24 10:48:27,26.947
2016-02-24 10:59:03,26.944
2016-02-24 11:08:38,26.943
2016-02-24 11:19:13,26.944
2016-02-24 11:29:49,26.943
2016-02-24 11:40:24,26.943
2016-02-24 11:51:00,26.942
2016-02-24 12:00:45,26.942
2016-02-24 12:11:11,26.942
2016-02-24 12:21:46,26.942
2016-02-24 12:32:21,26.942
2016-02-24 12:42:57,26.942
2016-02-24 12:53:32,26.942
2016-02-24 13:03:08,26.942
2016-02-24 13:13:43,26.942
2016-02-24 13:24:18,26.942
2016-02-24 13:34:54,26.942
2016-02-24 13:45:29,26.942
2016-02-24 13:56:05,26.942
2016-02-24 14:05:40,26.942
2016-02-24 14:16:16,26.942
2016-02-24 14:26:51,26.941
2016-02-24 14:37:26,26.94
2016-02-24 14:48:02,26.94
2016-02-24 14:58:37,26.937
2016-02-24 15:08:13,26.936
2016-02-24 15:18:48,26.936
2016-02-24 15:29:23,26.935
2016-02-24 15:39:59,26.933
2016-02-24 15:50:34,26.932
2016-02-24 16:00:34,26.932
2016-02-24 16:10:45,26.931
2016-02-24 16:21:21,26.931
2016-02-24 16:31:56,26.931
2016-02-24 16:42:31,26.931
2016-02-24 16:53:07,26.93
2016-02-24 17:02:42,26.93
2016-02-24 17:13:18,26.93
2016-02-24 17:23:53,26.93
2016-02-24 17:34:28,26.93
2016-02-24 17:45:04,26.93
2016-02-24 17:55:39,26.93
2016-02-24 18:05:15,26.93
2016-02-24 18:15:50,26.93
2016-02-24 18:26:26,26.93
2016-02-24 18:37:01,26.93
2016-02-24 18:47:36,26.93
2016-02-24 18:58:12,26.93
2016-02-24 19:07:47,26.93
2016-02-24 19:18:23,26.93
2016-02-24 19:28:58,26.929
2016-02-24 19:39:33,26.93
2016-02-24 19:50:09,26.928
2016-02-24 20:00:20,26.928
2016-02-24 20:10:20,26.926
2016-02-24 20:20:55,26.925
2016-02-24 20:31:31,26.925
2016-02-24 20:42:06,26.922
2016-02-24 20:52:41,26.923
2016-02-24 21:02:17,26.922
2016-02-24 21:12:52,26.922
2016-02-24 21:23:28,26.92
2016-02-24 21:34:03,26.919
2016-02-24 21:44:38,26.918
2016-02-24 21:55:14,26.919
2016-02-24 22:04:49,26.917
2016-02-24 22:15:25,26.917
2016-02-24 22:26:00,26.917
2016-02-24 22:36:36,26.917
2016-02-24 22:47:11,26.917
2016-02-24 22:57:46,26.917
2016-02-24 23:07:22,26.917
2016-02-24 23:17:57,26.917
2016-02-24 23:28:33,26.917
2016-02-24 23:39:08,26.917
2016-02-24 23:49:43,26.917
2016-02-25 00:00:09,26.917
2016-02-25 00:09:54,26.917
2016-02-25 00:20:30,26.917
2016-02-25 00:31:05,26.917
2016-02-25 00:41:41,26.916
2016-02-25 00:52:16,26.916
2016-02-25 01:01:51,26.916
2016-02-25 01:12:27,26.916
2016-02-25 01:23:02,26.914
2016-02-25 01:33:38,26.916
2016-02-25 01:44:13,26.914
2016-02-25 01:54:48,26.914
2016-02-25 02:04:24,26.913
2016-02-25 02:14:59,26.912
2016-02-25 02:25:35,26.91
2016-02-25 02:36:10,26.91
2016-02-25 02:46:46,26.908
2016-02-25 02:57:21,26.909
2016-02-25 03:06:56,26.907
2016-02-25 03:17:32,26.907
2016-02-25 03:28:07,26.906
2016-02-25 03:38:43,26.905
2016-02-25 03:49:18,26.905
2016-02-25 03:59:53,26.904
2016-02-25 04:09:29,26.904
2016-02-25 04:20:04,26.904
2016-02-25 04:30:40,26.904
2016-02-25 04:41:15,26.904
2016-02-25 04:51:51,26.904
2016-02-25 05:01:26,26.904
2016-02-25 05:12:01,26.904
2016-02-25 05:22:37,26.904
2016-02-25 05:33:12,26.904
2016-02-25 05:43:48,26.904
2016-02-25 05:54:23,26.904
2016-02-25 06:03:58,26.904
2016-02-25 06:14:34,26.904
2016-02-25 06:25:09,26.904
2016-02-25 06:35:45,26.904
2016-02-25 06:46:20,26.904
2016-02-25 06:56:56,26.904
2016-02-25 07:06:31,26.904
2016-02-25 07:17:06,26.904
2016-02-25 07:27:42,26.902
2016-02-25 07:38:17,26.901
2016-02-25 07:48:53,26.901
2016-02-25 07:59:28,26.901
2016-02-25 08:09:03,26.9
2016-02-25 08:19:39,26.9
2016-02-25 08:30:14,26.9
2016-02-25 08:40:50,26.899
2016-02-25 08:51:25,26.896
2016-02-25 09:01:01,26.894
2016-02-25 09:11:36,26.892
2016-02-25 09:22:11,26.892
2016-02-25 09:32:47,26.892
2016-02-25 09:43:22,26.892
2016-02-25 09:53:58,26.891
2016-02-25 10:03:33,26.891
2016-02-25 10:14:08,26.891
2016-02-25 10:24:44,26.891
2016-02-25 10:35:19,26.891
2016-02-25 10:45:55,26.891
2016-02-25 10:56:30,26.891
2016-02-25 11:06:06,26.891
2016-02-25 11:16:41,26.891
2016-02-25 11:27:16,26.891
2016-02-25 11:37:52,26.891
2016-02-25 11:48:27,26.891
2016-02-25 11:59:03,26.891
2016-02-25 12:08:38,26.891
2016-02-25 12:19:13,26.891
2016-02-25 12:29:49,26.891
2016-02-25 12:40:24,26.891
2016-02-25 12:51:00,26.891
2016-02-25 13:00:45,26.891
2016-02-25 13:11:11,26.89
2016-02-25 13:21:46,26.89
2016-02-25 13:32:21,26.889
2016-02-25 13:42:57,26.889
2016-02-25 13:53:32,26.889
2016-02-25 14:03:08,26.889
2016-02-25 14:13:43,26.888
2016-02-25 14:24:18,26.886
2016-02-25 14:34:54,26.885
2016-02-25 14:45:29,26.885
2016-02-25 14:56:05,26.883
2016-02-25 15:05:40,26.882
2016-02-25 15:16:16,26.882
2016-02-25 15:26:51,26.882
2016-02-25 15:37:26,26.881
2016-02-25 15:48:02,26.881
2016-02-25 15:58:37,26.881
2016-02-25 16:08:13,26.881
2016-02-25 16:18:48,26.879
2016-02-25 16:29:23,26.879
2016-02-25 16:39:59,26.879
2016-02-25 16:50:34,26.878
2016-02-25 17:00:34,26.878
2016-02-25 17:10:45,26.878
2016-02-25 17:21:21,26.878
2016-02-25 17:31:56,26.878
2016-02-25 17:42:31,26.878
2016-02-25 17:53:07,26.878
2016-02-25 18:02:42,26.878
2016-02-25 18:13:18,26.878
2016-02-25 18:23:53,26.878
2016-02-25 18:34:28,26.878
2016-02-25 18:45:04,26.878
2016-02-25 18:55:39,26.878
2016-02-25 19:05:15,26.878
2016-02-25 19:15:50,26.878
2016-02-25 19:26:26,26.878
2016-02-25 19:37:01,26.878
2016-02-25 19:47:36,26.878
2016-02-25 19:58:12,26.878
2016-02-25 20:07:47,26.878
2016-02-25 20:18:23,26.878
2016-02-25 20:28:58,26.877
2016-02-25 20:39:33,26.876
2016-02-25 20:50:09,26.877
2016-02-25 21:00:20,26.876
2016-02-25 21:10:20,26.876
2016-02-25 21:20:55,26.874
2016-02-25 21:31:31,26.875
2016-02-25 21:42:06,26.874
2016-02-25 21:52:41,26.874
2016-02-25 22:02:17,26.873
2016-02-25 22:12:52,26.873
2016-02-25 22:23:28,26.871
2016-02-25 22:34:03,26.872
2016-02-25 22:44:38,26.87
2016-02-25 22:55:14,26.869
2016-02-25 23:04:49,26.87
2016-02-25 23:15:25,26.869
2016-02-25 23:26:00,26.866
2016-02-25 23:36:36,26.866
2016-02-25 23:47:11,26.866
2016-02-25 23:57:46,26.866
2016-02-26 00:07:22,26.866
2016-02-26 00:17:57,26.866
2016-02-26 00:28:33,26.865
2016-02-26 00:39:08,26.865
2016-02-26 00:49:43,26.866
2016-02-26 01:00:09,26.865
2016-02-26 01:09:54,26.865
2016-02-26 01:20:30,26.865
2016-02-26 01:31:05,26.865
2016-02-26 01:41:41,26.865
2016-02-26 01:52:16,26.865
2016-02-26 02:01:51,26.865
2016-02-26 02:12:27,26.865
2016-02-26 02:23:02,26.865
2016-02-26 02:33:38,26.865
2016-02-26 02:44:13,26.865
2016-02-26 02:54:48,26.865
2016-02-26 03:04:24,26.865
2016-02-26 03:14:59,26.865
2016-02-26 03:25:35,26.865
2016-02-26 03:36:10,26.865
2016-02-26 03:46:46,26.865
2016-02-26 03:57:21,26.865
2016-02-26 04:06:56,26.865
2016-02-26 04:17:32,26.865
2016-02-26 04:28:07,26.864
2016-02-26 04:38:43,26.864
2016-02-26 04:49:18,26.864
2016-02-26 04:59:53,26.864
2016-02-26 05:09:29,26.864
2016-02-26 05:20:04,26.863
2016-02-26 05:30:40,26.863
2016-02-26 05:41:15,26.862
2016-02-26 05:51:51,26.861
2016-02-26 06:01:26,26.861
2016-02-26 06:12:01,26.86
2016-02-26 06:22:37,26.861
2016-02-26 06:33:12,26.86
2016-02-26 06:43:48,26.86
2016-02-26 06:54:23,26.858
2016-02-26 07:03:58,26.857
2016-02-26 07:14:34,26.858
2016-02-26 07:25:09,26.855
2016-02-26 07:35:45,26.855
2016-02-26 07:46:20,26.854
2016-02-26 07:56:56,26.854
2016-02-26 08:06:31,26.853
2016-02-26 08:17:06,26.854
2016-02-26 08:27:42,26.854
2016-02-26 08:38:17,26.854
2016-02-26 08:48:53,26.853
2016-02-26 08:59:28,26.852
2016-02-26 09:09:03,26.852
2016-02-26 09:19:39,26.852
2016-02-26 09:30:14,26.852
2016-02-26 09:40:50,26.852
2016-02-26 09:51:25,26.852
2016-02-26 10:01:01,26.852
2016-02-26 10:11:36,26.852
2016-02-26 10:22:11,26.852
2016-02-26 10:32:47,26.852
2016-02-26 10:43:22,26.852
2016-02-26 10:53:58,26.852
2016-02-26 11:03:33,26.852
2016-02-26 11:14:08,26.852
2016-02-26 11:24:44,26.852
2016-02-26 11:35:19,26.852
2016-02-26 11:45:55,26.852
2016-02-26 11:56:30,26.852
2016-02-26 12:06:06,26.852
2016-02-26 12:16:41,26.852
2016-02-26 12:27:16,26.852
2016-02-26 12:37:52,26.852
2016-02-26 12:48:27,26.852
2016-02-26 12:59:03,26.852
2016-02-26 13:08:38,26.852
2016-02-26 13:19:13,26.852
2016-02-26 13:29:49,26.851
2016-02-26 13:40:24,26.852
2016-02-26 13:51:00,26.851
2016-02-26 14:00:45,26.851
2016-02-26 14:11:11,26.85
2016-02-26 14:21:46,26.851
2016-02-26 14:32:21,26.85
2016-02-26 14:42:57,26.849
2016-02-26 14:53:32,26.848
2016-02-26 15:03:08,26.848
2016-02-26 15:13:43,26.847
2016-02-26 15:24:18,26.847
2016-02-26 15:34:54,26.846
2016-02-26 15:45:29,26.847
2016-02-26 15:56:05,26.845
2016-02-26 16:05:40,26.846
2016-02-26 16:16:16,26.844
2016-02-26 16:26:51,26.845
2016-02-26 16:37:26,26.843
2016-02-26 16:48:02,26.842
2016-02-26 16:58:37,26.841
2016-02-26 17:08:13,26.842
2016-02-26 17:18:48,26.842
2016-02-26 17:29:23,26.84
2016-02-26 17:39:59,26.84
2016-02-26 17:50:34,26.841
2016-02-26 18:00:34,26.84
2016-02-26 18:10:45,26.84
2016-02-26 18:21:21,26.839
2016-02-26 18:31:56,26.839
2016-02-26 18:42:31,26.839
2016-02-26 18:53:07,26.839
2016-02-26 19:02:42,26.839
2016-02-26 19:13:18,26.839
2016-02-26 19:23:53,26.839
2016-02-26 19:34:28,26.839
2016-02-26 19:45:04,26.839
2016-02-26 19:55:39,26.839
2016-02-26 20:05:15,26.839
2016-02-26 20:15:50,26.839
2016-02-26 20:26:26,26.839
2016-02-26 20:37:01,26.839
2016-02-26 20:47:36,26.839
2016-02-26 20:58:12,26.839
2016-02-26 21:07:47,26.839
2016-02-26 21:18:23,26.839
2016-02-26 21:28:58,26.839
2016-02-26 21:39:33,26.839
2016-02-26 21:50:09,26.839
2016-02-26 22:00:20,26.839
2016-02-26 22:10:20,26.839
2016-02-26 22:20:55,26.839
2016-02-26 22:31:31,26.839
2016-02-26 22:42:06,26.839
2016-02-26 22:52:41,26.838
2016-02-26 23:02:17,26.839
2016-02-26 23:12:52,26.838
2016-02-26 23:23:28,26.838
2016-02-26 23:34:03,26.838
2016-02-26 23:44:38,26.838
2016-02-26 23:55:14,26.838
2016-02-27 00:04:49,26.837
2016-02-27 00:15:25,26.836
2016-02-27 00:26:00,26.836
2016-02-27 00:36:36,26.835
2016-02-27 00:47:11,26.835
2016-02-27 00:57:46,26.834
2016-02-27 01:07:22,26.834
2016-02-27 01:17:57,26.834
2016-02-27 01:28:33,26.833
2016-02-27 01:39:08,26.833
2016-02-27 01:49:43,26.832
2016-02-27 02:00:09,26.831
2016-02-27 02:09:54,26.832
2016-02-27 02:20:30,26.831
2016-02-27 02:31:05,26.83
2016-02-27 02:41:41,26.831
2016-02-27 02:52:16,26.83
2016-02-27 03:01:51,26.827
2016-02-27 03:12:27,26.83
2016-02-27 03:23:02,26.827
2016-02-27 03:33:38,26.828
2016-02-27 03:44:13,26.828
2016-02-27 03:54:48,26.826
2016-02-27 04:04:24,26.827
2016-02-27 04:14:59,26.827
2016-02-27 04:25:35,26.827
2016-02-27 04:36:10,26.827
2016-02-27 04:46:46,26.826
2016-02-27 04:57:21,26.826
2016-02-27 05:06:56,26.826
2016-02-27 05:17:32,26.826
2016-02-27 05:28:07,26.826
2016-02-27 05:38:43,26.826
2016-02-27 05:49:18,26.826
2016-02-27 05:59:53,26.826
2016-02-27 06:09:29,26.826
2016-02-27 06:20:04,26.826
2016-02-27 06:30:40,26.826
2016-02-27 06:41:15,26.826
2016-02-27 06:51:51,26.826
2016-02-27 07:01:26,26.826
2016-02-27 07:12:01,26.826
2016-02-27 07:22:37,26.826
2016-02-27 07:33:12,26.826
2016-02-27 07:43:48,26.826
2016-02-27 07:54:23,26.826
2016-02-27 08:03:58,26.826
2016-02-27 08:14:34,26.826
2016-02-27 08:25:09,26.826
2016-02-27 08:35:45,26.826
2016-02-27 08:46:20,26.826
2016-02-27 08:56:56,26.826
2016-02-27 09:06:31,26.826
2016-02-27 09:17:06,26.826
2016-02-27 09:27:42,26.826
2016-02-27 09:38:17,26.826
2016-02-27 09:48:53,26.826
2016-02-27 09:59:28,26.826
2016-02-27 10:09:03,26.826
2016-02-27 10:19:39,26.826
2016-02-27 10:30:14,26.825
2016-02-27 10:40:50,26.825
2016-02-27 10:51:25,26.826
2016-02-27 11:01:01,26.825
2016-02-27 11:11:36,26.825
2016-02-27 11:22:11,26.825
2016-02-27 11:32:47,26.825
2016-02-27 11:43:22,26.824
2016-02-27 11:53:58,26.824
2016-02-27 12:03:33,26.823
2016-02-27 12:14:08,26.821
2016-02-27 12:24:44,26.823
2016-02-27 12:35:19,26.823
2016-02-27 12:45:55,26.822
2016-02-27 12:56:30,26.821
2016-02-27 13:06:06,26.821
2016-02-27 13:16:41,26.82
2016-02-27 13:27:16,26.819
2016-02-27 13:37:52,26.819
2016-02-27 13:48:27,26.82
2016-02-27 13:59:03,26.819
2016-02-27 14:08:38,26.817
2016-02-27 14:19:13,26.815
2016-02-27 14:29:49,26.818
2016-02-27 14:40:24,26.817
2016-02-27 14:51:00,26.816
2016-02-27 15:00:45,26.816
2016-02-27 15:11:11,26.816
2016-02-27 15:21:46,26.815
2016-02-27 15:32:21,26.815
2016-02-27 15:42:57,26.815
2016-02-27 15:53:32,26.815
2016-02-27 16:03:08,26.815
2016-02-27 16:13:43,26.814
2016-02-27 16:24:18,26.814
2016-02-27 16:34:54,26.814
2016-02-27 16:45:29,26.814
2016-02-27 16:56:05,26.814
2016-02-27 17:05:40,26.814
2016-02-27 17:16:16,26.814
2016-02-27 17:26:51,26.814
2016-02-27 17:37:26,26.814
2016-02-27 17:48:02,26.813
2016-02-27 17:58:37,26.813
2016-02-27 18:08:13,26.813
2016-02-27 18:18:48,26.813
2016-02-27 18:29:23,26.813
2016-02-27 18:39:59,26.813
2016-02-27 18:50:34,26.813
2016-02-27 19:00:34,26.813
2016-02-27 19:10:45,26.813
2016-02-27 19:21:21,26.813
2016-02-27 19:31:56,26.813
2016-02-27 19:42:31,26.813
2016-02-27 19:53:07,26.813
2016-02-27 20:02:42,26.813
2016-02-27 20:13:18,26.813
2016-02-27 20:23:53,26.813
2016-02-27 20:34:28,26.813
2016-02-27 20:45:04,26.813
2016-02-27 20:55:39,26.813
2016-02-27 21:05:15,26.813
2016-02-27 21:15:50,26.813
2016-02-27 21:26:26,26.813
2016-02-27 21:37:01,26.813
2016-02-27 21:47:36,26.813
2016-02-27 21:58:12,26.813
2016-02-27 22:07:47,26.813
2016-02-27 22:18:23,26.813
2016-02-27 22:28:58,26.813
2016-02-27 22:39:33,26.813
2016-02-27 22:50:09,26.813
2016-02-27 23:00:20,26.813
2016-02-27 23:10:20,26.813
2016-02-27 23:20:55,26.812
2016-02-27 23:31:31,26.813
2016-02-27 23:42:06,26.813
2016-02-27 23:52:41,26.812
2016-02-28 00:02:17,26.812
2016-02-28 00:12:52,26.812
2016-02-28 00:23:28,26.812
2016-02-28 00:34:03,26.81
2016-02-28 00:44:38,26.809
2016-02-28 00:55:14,26.81
2016-02-28 01:04:49,26.81
2016-02-28 01:15:25,26.81
2016-02-28 01:26:00,26.809
2016-02-28 01:36:36,26.808
2016-02-28 01:47:11,26.809
2016-02-28 01:57:46,26.808
2016-02-28 02:07:22,26.808
2016-02-28 02:17:57,26.808
2016-02-28 02:28:33,26.806
2016-02-28 02:39:08,26.806
2016-02-28 02:49:43,26.806
2016-02-28 03:00:09,26.806
2016-02-28 03:09:54,26.805
2016-02-28 03:20:30,26.805
2016-02-28 03:31:05,26.803
2016-02-28 03:41:41,26.805
2016-02-28 03:52:16,26.803
2016-02-28 04:01:51,26.803
2016-02-28 04:12:27,26.803
2016-02-28 04:23:02,26.803
2016-02-28 04:33:38,26.803
2016-02-28 04:44:13,26.803
2016-02-28 04:54:48,26.802
2016-02-28 05:04:24,26.802
2016-02-28 05:14:59,26.802
2016-02-28 05:25:35,26.802
2016-02-28 05:36:10,26.801
2016-02-28 05:46:46,26.801
2016-02-28 05:57:21,26.801
2016-02-28 06:06:56,26.801
2016-02-28 06:17:32,26.802
2016-02-28 06:28:07,26.801
2016-02-28 06:38:43,26.801
2016-02-28 06:49:18,26.801
2016-02-28 06:59:53,26.801
2016-02-28 07:09:29,26.801
2016-02-28 07:20:04,26.801
2016-02-28 07:30:40,26.801
2016-02-28 07:41:15,26.801
2016-02-28 07:51:51,26.801
2016-02-28 08:01:26,26.801
2016-02-28 08:12:01,26.801
2016-02-28 08:22:37,26.801
2016-02-28 08:33:12,26.801
2016-02-28 08:43:48,26.801
2016-02-28 08:54:23,26.801
2016-02-28 09:03:58,26.801
2016-02-28 09:14:34,26.801
2016-02-28 09:25:09,26.801
2016-02-28 09:35:45,26.801
2016-02-28 09:46:20,26.801
2016-02-28 09:56:56,26.801
2016-02-28 10:06:31,26.801
2016-02-28 10:17:06,26.801
2016-02-28 10:27:42,26.801
2016-02-28 10:38:17,26.801
2016-02-28 10:48:53,26.801
2016-02-28 10:59:28,26.801
2016-02-28 11:09:03,26.801
2016-02-28 11:19:39,26.801
2016-02-28 11:30:14,26.801
2016-02-28 11:40:50,26.801
2016-02-28 11:51:25,26.801
2016-02-28 12:01:01,26.801
2016-02-28 12:11:36,26.801
2016-02-28 12:22:11,26.801
2016-02-28 12:32:47,26.801
2016-02-28 12:43:22,26.801
2016-02-28 12:53:58,26.801
2016-02-28 13:03:33,26.801
2016-02-28 13:14:08,26.801
2016-02-28 13:24:44,26.801
2016-02-28 13:35:19,26.801
2016-02-28 13:45:55,26.801
2016-02-28 13:56:30,26.801
2016-02-28 14:06:06,26.801
2016-02-28 14:16:41,26.801
2016-02-28 14:27:16,26.801
2016-02-28 14:37:52,26.8
2016-02-28 14:48:27,26.801
2016-02-28 14:59:03,26.8
2016-02-28 15:08:38,26.8
2016-02-28 15:19:13,26.8
2016-02-28 15:29:49,26.8
2016-02-28 15:40:24,26.8
2016-02-28 15:51:00,26.8
2016-02-28 16:00:45,26.799
2016-02-28 16:11:11,26.8
2016-02-28 16:21:46,26.799
2016-02-28 16:32:21,26.798
2016-02-28 16:42:57,26.799
2016-02-28 16:53:32,26.798
2016-02-28 17:03:08,26.798
2016-02-28 17:13:43,26.798
2016-02-28 17:24:18,26.797
2016-02-28 17:34:54,26.799
2016-02-28 17:45:29,26.798
2016-02-28 17:56:05,26.797
2016-02-28 18:05:40,26.797
2016-02-28 18:16:16,26.797
2016-02-28 18:26:51,26.797
2016-02-28 18:37:26,26.796
2016-02-28 18:48:02,26.795
2016-02-28 18:58:37,26.795
2016-02-28 19:08:13,26.795
2016-02-28 19:18:48,26.794
2016-02-28 19:29:23,26.794
2016-02-28 19:39:59,26.794
2016-02-28 19:50:34,26.793
2016-02-28 20:00:34,26.794
2016-02-28 20:10:45,26.794
2016-02-28 20:21:21,26.793
2016-02-28 20:31:56,26.793
2016-02-28 20:42:31,26.792
2016-02-28 20:53:07,26.792
2016-02-28 21:02:42,26.792
2016-02-28 21:13:18,26.793
2016-02-28 21:23:53,26.791
2016-02-28 21:34:28,26.79
2016-02-28 21:45:04,26.79
2016-02-28 21:55:39,26.789
2016-02-28 22:05:15,26.789
2016-02-28 22:15:50,26.789
2016-02-28 22:26:26,26.789
2016-02-28 22:37:01,26.789
2016-02-28 22:47:36,26.788
2016-02-28 22:58:12,26.789
2016-02-28 23:07:47,26.788
2016-02-28 23:18:23,26.788
2016-02-28 23:28:58,26.788
2016-02-28 23:39:33,26.788
2016-02-28 23:50:09,26.788
2016-02-29 00:00:20,26.788
2016-02-29 00:10:20,26.788
2016-02-29 00:20:55,26.788
2016-02-29 00:31:31,26.788
2016-02-29 00:42:06,26.788
2016-02-29 00:52:41,26.788
2016-02-29 01:02:17,26.788
2016-02-29 01:12:52,26.788
2016-02-29 01:23:28,26.788
2016-02-29 01:34:03,26.788
2016-02-29 01:44:38,26.788
2016-02-29 01:55:14,26.788
2016-02-29 02:04:49,26.788
2016-02-29 02:15:25,26.788
2016-02-29 02:26:00,26.788
2016-02-29 02:36:36,26.788
2016-02-29 02:47:11,26.788
2016-02-29 02:57:46,26.788
2016-02-29 03:07:22,26.788
2016-02-29 03:17:57,26.788
2016-02-29 03:28:33,26.788
2016-02-29 03:39:08,26.788
2016-02-29 03:49:43,26.788
2016-02-29 04:00:09,26.788
2016-02-29 04:09:54,26.788
2016-02-29 04:20:30,26.787
2016-02-29 04:31:05,26.788
2016-02-29 04:41:41,26.788
2016-02-29 04:52:16,26.788
2016-02-29 05:01:51,26.787
2016-02-29 05:12:27,26.788
2016-02-29 05:23:02,26.788
2016-02-29 05:33:38,26.787
2016-02-29 05:44:13,26.787
2016-02-29 05:54:48,26.787
2016-02-29 06:04:24,26.787
2016-02-29 06:14:59,26.787
2016-02-29 06:25:40,26.537
2016-02-29 06:37:01,26.525
2016-02-29 06:47:36,26.603
2016-02-29 06:58:12,26.627
2016-02-29 07:07:47,26.638
2016-02-29 07:18:23,26.641
2016-02-29 07:28:58,26.652
2016-02-29 07:39:33,26.654
2016-02-29 07:50:09,26.655
2016-02-29 08:00:20,26.663
2016-02-29 08:10:20,26.665
2016-02-29 08:20:55,26.667
2016-02-29 08:31:31,26.667
2016-02-29 08:42:06,26.667
2016-02-29 08:52:41,26.671
2016-02-29 09:02:17,26.674
2016-02-29 09:12:52,26.678
2016-02-29 09:23:28,26.68
2016-02-29 09:34:03,26.68
2016-02-29 09:44:38,26.68
2016-02-29 09:55:14,26.68
2016-02-29 10:04:49,26.68
2016-02-29 10:15:25,26.68
2016-02-29 10:26:00,26.681
2016-02-29 10:36:36,26.682
2016-02-29 10:47:11,26.683
2016-02-29 10:57:46,26.684
2016-02-29 11:07:22,26.686
2016-02-29 11:17:57,26.69
2016-02-29 11:28:33,26.691
2016-02-29 11:39:08,26.691
2016-02-29 11:49:43,26.692
2016-02-29 12:00:09,26.692
2016-02-29 12:09:54,26.692
2016-02-29 12:20:30,26.692
2016-02-29 12:31:05,26.692
2016-02-29 12:41:41,26.692
2016-02-29 12:52:16,26.692
2016-02-29 13:01:51,26.692
2016-02-29 13:12:27,26.692
2016-02-29 13:23:02,26.692
2016-02-29 13:33:38,26.692
2016-02-29 13:44:13,26.692
2016-02-29 13:54:48,26.692
2016-02-29 14:04:24,26.692
2016-02-29 14:14:59,26.692
2016-02-29 14:25:35,26.692
2016-02-29 14:36:10,26.692
2016-02-29 14:46:46,26.693
2016-02-29 14:57:21,26.693
2016-02-29 15:06:56,26.693
2016-02-29 15:17:32,26.693
2016-02-29 15:28:07,26.695
2016-02-29 15:38:43,26.695
2016-02-29 15:49:18,26.695
2016-02-29 15:59:53,26.696
2016-02-29 16:09:29,26.697
2016-02-29 16:20:04,26.696
2016-02-29 16:30:40,26.697
2016-02-29 16:41:15,26.699
2016-02-29 16:51:51,26.699
2016-02-29 17:01:26,26.701
2016-02-29 17:12:01,26.701
2016-02-29 17:22:37,26.701
2016-02-29 17:33:12,26.701
2016-02-29 17:43:48,26.701
2016-02-29 17:54:23,26.702
2016-02-29 18:03:58,26.702
2016-02-29 18:14:34,26.703
2016-02-29 18:25:09,26.703
2016-02-29 18:35:45,26.702
2016-02-29 18:46:20,26.703
2016-02-29 18:56:56,26.704
2016-02-29 19:06:31,26.703
2016-02-29 19:17:06,26.704
2016-02-29 19:27:42,26.704
2016-02-29 19:38:17,26.704
2016-02-29 19:48:53,26.705
2016-02-29 19:59:28,26.705
2016-02-29 20:09:03,26.704
2016-02-29 20:19:39,26.705
2016-02-29 20:30:14,26.705
2016-02-29 20:40:50,26.705
2016-02-29 20:51:25,26.705
2016-02-29 21:01:01,26.704
2016-02-29 21:11:36,26.705
2016-02-29 21:22:11,26.705
2016-02-29 21:32:47,26.705
2016-02-29 21:43:22,26.705
2016-02-29 21:53:58,26.705
2016-02-29 22:03:33,26.705
2016-02-29 22:14:08,26.705
2016-02-29 22:24:44,26.705
2016-02-29 22:35:19,26.705
2016-02-29 22:45:55,26.705
2016-02-29 22:56:30,26.705
2016-02-29 23:06:06,26.705
2016-02-29 23:16:41,26.705
2016-02-29 23:27:16,26.705
2016-02-29 23:37:52,26.705
2016-02-29 23:48:27,26.705
2016-02-29 23:59:03,26.705
2016-03-01 00:08:38,26.705
2016-03-01 00:19:13,26.705
2016-03-01 00:29:49,26.705
2016-03-01 00:40:24,26.705
2016-03-01 00:51:00,26.705
2016-03-01 01:00:45,26.705
2016-03-01 01:11:11,26.705
2016-03-01 01:21:46,26.705
2016-03-01 01:32:21,26.705
2016-03-01 01:42:57,26.705
2016-03-01 01:53:32,26.705
2016-03-01 02:03:08,26.705
2016-03-01 02:13:43,26.705
2016-03-01 02:24:18,26.705
2016-03-01 02:34:54,26.705
2016-03-01 02:45:29,26.705
2016-03-01 02:56:05,26.705
2016-03-01 03:05:40,26.705
2016-03-01 03:16:16,26.705
2016-03-01 03:26:51,26.705
2016-03-01 03:37:26,26.705
2016-03-01 03:48:02,26.705
2016-03-01 03:58:37,26.705
2016-03-01 04:08:13,26.705
2016-03-01 04:18:48,26.705
2016-03-01 04:29:23,26.705
2016-03-01 04:39:59,26.705
2016-03-01 04:50:34,26.705
2016-03-01 05:00:34,26.705
2016-03-01 05:10:45,26.705
2016-03-01 05:21:21,26.705
2016-03-01 05:31:56,26.705
2016-03-01 05:42:31,26.705
2016-03-01 05:53:07,26.705
2016-03-01 06:02:42,26.705
2016-03-01 06:13:18,26.705
2016-03-01 06:23:53,26.705
2016-03-01 06:34:28,26.705
2016-03-01 06:45:04,26.705
2016-03-01 06:55:39,26.705
2016-03-01 07:05:15,26.705
2016-03-01 07:15:50,26.705
2016-03-01 07:26:26,26.705
2016-03-01 07:37:01,26.705
2016-03-01 07:47:36,26.705
2016-03-01 07:58:12,26.705
2016-03-01 08:07:47,26.705
2016-03-01 08:18:23,26.705
2016-03-01 08:28:58,26.705
2016-03-01 08:39:33,26.705
2016-03-01 08:50:09,26.705
2016-03-01 09:00:20,26.706
2016-03-01 09:10:20,26.705
2016-03-01 09:20:55,26.706
2016-03-01 09:31:31,26.706
2016-03-01 09:42:06,26.705
2016-03-01 09:52:41,26.706
2016-03-01 10:02:17,26.705
2016-03-01 10:12:52,26.706
2016-03-01 10:23:28,26.706
2016-03-01 10:34:03,26.706
2016-03-01 10:44:38,26.706
2016-03-01 10:55:14,26.705
2016-03-01 11:04:49,26.706
2016-03-01 11:15:25,26.706
2016-03-01 11:26:00,26.706
2016-03-01 11:36:36,26.705
2016-03-01 11:47:11,26.705
2016-03-01 11:57:46,26.706
2016-03-01 12:07:22,26.706
2016-03-01 12:17:57,26.706
2016-03-01 12:28:33,26.706
2016-03-01 12:39:08,26.706
2016-03-01 12:49:43,26.706
2016-03-01 13:00:09,26.705
2016-03-01 13:09:54,26.706
2016-03-01 13:20:30,26.706
2016-03-01 13:31:05,26.706
2016-03-01 13:41:41,26.706
2016-03-01 13:52:16,26.706
2016-03-01 14:01:51,26.706
2016-03-01 14:12:27,26.706
2016-03-01 14:23:02,26.706
2016-03-01 14:33:38,26.706
2016-03-01 14:44:13,26.707
2016-03-01 14:54:48,26.706
2016-03-01 15:04:24,26.706
2016-03-01 15:14:59,26.706
2016-03-01 15:25:35,26.706
2016-03-01 15:36:10,26.706
2016-03-01 15:46:46,26.706
2016-03-01 15:57:21,26.706
2016-03-01 16:06:56,26.706
2016-03-01 16:17:32,26.707
2016-03-01 16:28:07,26.707
2016-03-01 16:38:43,26.706
2016-03-01 16:49:18,26.706
2016-03-01 16:59:53,26.706
2016-03-01 17:09:29,26.707
2016-03-01 17:20:04,26.707
2016-03-01 17:30:40,26.706
2016-03-01 17:41:15,26.707
2016-03-01 17:51:51,26.706
2016-03-01 18:01:26,26.706
2016-03-01 18:12:01,26.705
2016-03-01 18:22:37,26.707
2016-03-01 18:33:12,26.706
2016-03-01 18:43:48,26.706
2016-03-01 18:54:23,26.706
2016-03-01 19:03:58,26.707
2016-03-01 19:14:34,26.706
2016-03-01 19:25:09,26.707
2016-03-01 19:35:45,26.706
2016-03-01 19:46:20,26.707
2016-03-01 19:56:56,26.707
2016-03-01 20:06:31,26.706
2016-03-01 20:17:06,26.706
2016-03-01 20:27:42,26.707
2016-03-01 20:38:17,26.706
2016-03-01 20:48:53,26.707
2016-03-01 20:59:28,26.707
2016-03-01 21:09:03,26.707
2016-03-01 21:19:39,26.706
2016-03-01 21:30:14,26.706
2016-03-01 21:40:50,26.706
2016-03-01 21:51:25,26.706
2016-03-01 22:01:01,26.707
2016-03-01 22:11:36,26.707
2016-03-01 22:22:11,26.707
2016-03-01 22:32:47,26.707
2016-03-01 22:43:22,26.706
2016-03-01 22:53:58,26.706
2016-03-01 23:03:33,26.707
2016-03-01 23:14:08,26.706
2016-03-01 23:24:44,26.707
2016-03-01 23:35:19,26.707
2016-03-01 23:45:55,26.707
2016-03-01 23:56:30,26.707
2016-03-02 00:06:06,26.707
2016-03-02 00:16:41,26.706
2016-03-02 00:27:16,26.706
2016-03-02 00:37:52,26.707
2016-03-02 00:48:27,26.706
2016-03-02 00:59:03,26.706
2016-03-02 01:08:38,26.707
2016-03-02 01:19:13,26.707
2016-03-02 01:29:49,26.707
2016-03-02 01:40:24,26.707
2016-03-02 01:51:00,26.707
2016-03-02 02:00:45,26.708
2016-03-02 02:11:11,26.706
2016-03-02 02:21:46,26.706
2016-03-02 02:32:21,26.707
2016-03-02 02:42:57,26.707
2016-03-02 02:53:32,26.707
2016-03-02 03:03:08,26.707
2016-03-02 03:13:43,26.707
2016-03-02 03:24:18,26.706
2016-03-02 03:34:54,26.707
2016-03-02 03:45:29,26.707
2016-03-02 03:56:05,26.707
2016-03-02 04:05:40,26.707
2016-03-02 04:16:16,26.707
2016-03-02 04:26:51,26.707
2016-03-02 04:37:26,26.707
2016-03-02 04:48:02,26.707
2016-03-02 04:58:37,26.706
2016-03-02 05:08:13,26.706
2016-03-02 05:18:48,26.706
2016-03-02 05:29:23,26.707
2016-03-02 05:39:59,26.706
2016-03-02 05:50:34,26.707
2016-03-02 06:00:34,26.707
2016-03-02 06:10:45,26.706
2016-03-02 06:21:21,26.707
2016-03-02 06:31:56,26.707
2016-03-02 06:42:31,26.706
2016-03-02 06:53:07,26.706
2016-03-02 07:02:42,26.707
2016-03-02 07:13:18,26.707
2016-03-02 07:23:53,26.707
2016-03-02 07:34:28,26.707
2016-03-02 07:45:04,26.707
2016-03-02 07:55:39,26.707
2016-03-02 08:05:15,26.706
2016-03-02 08:15:50,26.707
2016-03-02 08:26:26,26.707
2016-03-02 08:37:01,26.707
2016-03-02 08:47:36,26.707
2016-03-02 08:58:12,26.707
2016-03-02 09:07:47,26.707
2016-03-02 09:18:23,26.706
2016-03-02 09:28:58,26.707
2016-03-02 09:39:33,26.707
2016-03-02 09:50:09,26.706
2016-03-02 10:00:20,26.707
2016-03-02 10:10:20,26.707
2016-03-02 10:20:55,26.707
2016-03-02 10:31:31,26.706
2016-03-02 10:42:06,26.706
2016-03-02 10:52:41,26.706
2016-03-02 11:02:17,26.706
2016-03-02 11:12:52,26.707
2016-03-02 11:23:28,26.706
2016-03-02 11:34:03,26.707
2016-03-02 11:44:38,26.706
2016-03-02 11:55:14,26.706
2016-03-02 12:04:49,26.707
2016-03-02 12:15:25,26.706
2016-03-02 12:26:00,26.707
2016-03-02 12:36:36,26.706
2016-03-02 12:47:11,26.706
2016-03-02 12:57:46,26.707
2016-03-02 13:07:22,26.707
2016-03-02 13:17:57,26.706
2016-03-02 13:28:33,26.707
2016-03-02 13:39:08,26.706
2016-03-02 13:49:43,26.706
2016-03-02 14:00:09,26.707
2016-03-02 14:09:54,26.706
2016-03-02 14:20:30,26.707
2016-03-02 14:31:05,26.706
2016-03-02 14:41:41,26.707
2016-03-02 14:52:16,26.707
2016-03-02 15:01:51,26.707
2016-03-02 15:12:27,26.706
2016-03-02 15:23:02,26.707
2016-03-02 15:33:38,26.707
2016-03-02 15:44:13,26.707
2016-03-02 15:54:48,26.706
2016-03-02 16:04:24,26.706
2016-03-02 16:14:59,26.706
2016-03-02 16:25:35,26.707
2016-03-02 16:36:10,26.706
2016-03-02 16:46:46,26.707
2016-03-02 16:57:21,26.706
2016-03-02 17:06:56,26.706
2016-03-02 17:17:32,26.706
2016-03-02 17:28:07,26.707
2016-03-02 17:38:43,26.707
2016-03-02 17:49:18,26.706
2016-03-02 17:59:53,26.706
2016-03-02 18:09:29,26.707
2016-03-02 18:20:04,26.707
2016-03-02 18:30:40,26.706
2016-03-02 18:41:15,26.706
2016-03-02 18:51:51,26.707
2016-03-02 19:01:26,26.706
2016-03-02 19:12:01,26.706
2016-03-02 19:22:37,26.706
2016-03-02 19:33:12,26.707
2016-03-02 19:43:48,26.706
2016-03-02 19:54:23,26.706
2016-03-02 20:03:58,26.707
2016-03-02 20:14:34,26.706
2016-03-02 20:25:09,26.706
2016-03-02 20:35:45,26.706
2016-03-02 20:46:20,26.706
2016-03-02 20:56:56,26.706
2016-03-02 21:06:31,26.705
2016-03-02 21:17:06,26.705
2016-03-02 21:27:42,26.706
2016-03-02 21:38:17,26.706
2016-03-02 21:48:53,26.706
2016-03-02 21:59:28,26.707
2016-03-02 22:09:03,26.706
2016-03-02 22:19:39,26.706
2016-03-02 22:30:14,26.706
2016-03-02 22:40:50,26.706
2016-03-02 22:51:25,26.707
2016-03-02 23:01:01,26.707
2016-03-02 23:11:36,26.706
2016-03-02 23:22:11,26.707
2016-03-02 23:32:47,26.706
2016-03-02 23:43:22,26.706
2016-03-02 23:53:58,26.706
2016-03-03 00:03:33,26.706
2016-03-03 00:14:08,26.706
2016-03-03 00:24:44,26.706
2016-03-03 00:35:19,26.706
2016-03-03 00:45:55,26.706
2016-03-03 00:56:30,26.706
2016-03-03 01:06:06,26.706
2016-03-03 01:16:41,26.705
2016-03-03 01:27:16,26.707
2016-03-03 01:37:52,26.706
2016-03-03 01:48:27,26.706
2016-03-03 01:59:03,26.706
2016-03-03 02:08:38,26.705
2016-03-03 02:19:13,26.706
2016-03-03 02:29:49,26.706
2016-03-03 02:40:24,26.706
2016-03-03 02:51:00,26.705
2016-03-03 03:00:45,26.705
2016-03-03 03:11:11,26.707
2016-03-03 03:21:46,26.705
2016-03-03 03:32:21,26.706
2016-03-03 03:42:57,26.706
2016-03-03 03:53:32,26.706
2016-03-03 04:03:08,26.706
2016-03-03 04:13:43,26.705
2016-03-03 04:24:18,26.705
2016-03-03 04:34:54,26.706
2016-03-03 04:45:29,26.706
2016-03-03 04:56:05,26.706
2016-03-03 05:05:40,26.705
2016-03-03 05:16:16,26.706
2016-03-03 05:26:51,26.706
2016-03-03 05:37:26,26.706
2016-03-03 05:48:02,26.706
2016-03-03 05:58:37,26.706
2016-03-03 06:08:13,26.706
2016-03-03 06:18:48,26.705
2016-03-03 06:29:23,26.705
2016-03-03 06:39:59,26.706
2016-03-03 06:50:34,26.706
2016-03-03 07:00:34,26.706
2016-03-03 07:10:45,26.705
2016-03-03 07:21:21,26.706
2016-03-03 07:31:56,26.706
2016-03-03 07:42:31,26.706
2016-03-03 07:53:07,26.705
2016-03-03 08:02:42,26.705
2016-03-03 08:13:18,26.706
2016-03-03 08:23:53,26.706
2016-03-03 08:34:28,26.705
2016-03-03 08:45:04,26.705
2016-03-03 08:55:39,26.706
2016-03-03 09:05:15,26.706
2016-03-03 09:15:50,26.705
2016-03-03 09:26:26,26.705
2016-03-03 09:37:01,26.705
2016-03-03 09:47:36,26.706
2016-03-03 09:58:12,26.705
2016-03-03 10:07:47,26.706
2016-03-03 10:18:23,26.705
2016-03-03 10:28:58,26.705
2016-03-03 10:39:33,26.705
2016-03-03 10:50:09,26.705
2016-03-03 11:00:20,26.705
2016-03-03 11:10:20,26.705
2016-03-03 11:20:55,26.705
2016-03-03 11:31:31,26.706
2016-03-03 11:42:06,26.705
2016-03-03 11:52:41,26.706
2016-03-03 12:02:17,26.706
2016-03-03 12:12:52,26.706
2016-03-03 12:23:28,26.705
2016-03-03 12:34:03,26.706
2016-03-03 12:44:38,26.705
2016-03-03 12:55:14,26.705
2016-03-03 13:04:49,26.706
2016-03-03 13:15:25,26.705
2016-03-03 13:26:00,26.705
2016-03-03 13:36:36,26.705
2016-03-03 13:47:11,26.705
2016-03-03 13:57:46,26.705
2016-03-03 14:07:22,26.705
2016-03-03 14:17:57,26.705
2016-03-03 14:28:33,26.705
2016-03-03 14:39:08,26.705
2016-03-03 14:49:43,26.705
2016-03-03 15:00:09,26.705
2016-03-03 15:09:54,26.705
2016-03-03 15:20:30,26.705
2016-03-03 15:31:05,26.705
2016-03-03 15:41:41,26.705
2016-03-03 15:52:16,26.705
2016-03-03 16:01:51,26.705
2016-03-03 16:12:27,26.705
2016-03-03 16:23:02,26.705
2016-03-03 16:33:38,26.705
2016-03-03 16:44:13,26.705
2016-03-03 16:54:48,26.705
2016-03-03 17:04:24,26.705
2016-03-03 17:14:59,26.705
2016-03-03 17:25:35,26.705
2016-03-03 17:36:10,26.705
2016-03-03 17:46:46,26.705
2016-03-03 17:57:21,26.705
2016-03-03 18:06:56,26.705
2016-03-03 18:17:32,26.705
2016-03-03 18:28:07,26.705
2016-03-03 18:38:43,26.705
2016-03-03 18:49:18,26.705
2016-03-03 18:59:53,26.705
2016-03-03 19:09:29,26.705
2016-03-03 19:20:04,26.705
2016-03-03 19:30:40,26.705
2016-03-03 19:41:15,26.705
2016-03-03 19:51:51,26.705
2016-03-03 20:01:26,26.705
2016-03-03 20:12:01,26.705
2016-03-03 20:22:37,26.705
2016-03-03 20:33:12,26.705
2016-03-03 20:43:48,26.705
2016-03-03 20:54:23,26.705
2016-03-03 21:03:58,26.705
2016-03-03 21:14:34,26.705
2016-03-03 21:25:09,26.705
2016-03-03 21:35:45,26.705
2016-03-03 21:46:20,26.705
2016-03-03 21:56:56,26.705
2016-03-03 22:06:31,26.705
2016-03-03 22:17:06,26.705
2016-03-03 22:27:42,26.705
2016-03-03 22:38:17,26.705
2016-03-03 22:48:53,26.705
2016-03-03 22:59:28,26.705
2016-03-03 23:09:03,26.705
2016-03-03 23:19:39,26.705
2016-03-03 23:30:14,26.705
2016-03-03 23:40:50,26.705
2016-03-03 23:51:25,26.705
2016-03-04 00:01:01,26.705
2016-03-04 00:11:36,26.705
2016-03-04 00:22:11,26.705
2016-03-04 00:32:47,26.705
2016-03-04 00:43:22,26.705
2016-03-04 00:53:58,26.705
2016-03-04 01:03:33,26.705
2016-03-04 01:14:08,26.705
2016-03-04 01:24:44,26.705
2016-03-04 01:35:19,26.705
2016-03-04 01:45:55,26.705
2016-03-04 01:56:30,26.705
2016-03-04 02:06:06,26.705
2016-03-04 02:16:41,26.705
2016-03-04 02:27:16,26.705
2016-03-04 02:37:52,26.705
2016-03-04 02:48:27,26.705
2016-03-04 02:59:03,26.705
2016-03-04 03:08:38,26.705
2016-03-04 03:19:13,26.705
2016-03-04 03:29:49,26.705
2016-03-04 03:40:24,26.705
2016-03-04 03:51:00,26.705
2016-03-04 04:00:45,26.705
2016-03-04 04:11:11,26.705
2016-03-04 04:21:46,26.705
2016-03-04 04:32:21,26.705
2016-03-04 04:42:57,26.705
2016-03-04 04:53:32,26.705
2016-03-04 05:03:08,26.705
2016-03-04 05:13:43,26.705
2016-03-04 05:24:18,26.705
2016-03-04 05:34:54,26.705
2016-03-04 05:45:29,26.705
2016-03-04 05:56:05,26.705
2016-03-04 06:05:40,26.705
2016-03-04 06:16:16,26.705
2016-03-04 06:26:51,26.705
2016-03-04 06:37:26,26.705
2016-03-04 06:48:02,26.705
2016-03-04 06:58:37,26.705
2016-03-04 07:08:13,26.705
2016-03-04 07:18:48,26.705
2016-03-04 07:29:23,26.705
2016-03-04 07:39:59,26.705
2016-03-04 07:50:34,26.705
2016-03-04 08:00:34,26.705
2016-03-04 08:10:45,26.705
2016-03-04 08:21:21,26.705
2016-03-04 08:31:56,26.705
2016-03-04 08:42:31,26.705
2016-03-04 08:53:07,26.705
2016-03-04 09:02:42,26.705
2016-03-04 09:13:18,26.705
2016-03-04 09:23:53,26.705
2016-03-04 09:34:28,26.705
2016-03-04 09:45:04,26.705
2016-03-04 09:55:39,26.705
2016-03-04 10:05:15,26.705
2016-03-04 10:15:50,26.705
2016-03-04 10:26:26,26.705
2016-03-04 10:37:01,26.705
2016-03-04 10:47:36,26.705
2016-03-04 10:58:12,26.705
2016-03-04 11:07:47,26.705
2016-03-04 11:18:23,26.705
2016-03-04 11:28:58,26.705
2016-03-04 11:39:33,26.705
2016-03-04 11:50:09,26.705
2016-03-04 12:00:20,26.705
2016-03-04 12:10:20,26.705
2016-03-04 12:20:55,26.705
2016-03-04 12:31:31,26.705
2016-03-04 12:42:06,26.705
2016-03-04 12:52:41,26.705
2016-03-04 13:02:17,26.705
2016-03-04 13:12:52,26.705
2016-03-04 13:23:28,26.705
2016-03-04 13:34:03,26.705
2016-03-04 13:44:38,26.705
2016-03-04 13:55:14,26.705
2016-03-04 14:04:49,26.705
2016-03-04 14:15:25,26.705
2016-03-04 14:26:00,26.705
2016-03-04 14:36:36,26.705
2016-03-04 14:47:11,26.705
2016-03-04 14:57:46,26.705
2016-03-04 15:07:22,26.705
2016-03-04 15:17:57,26.705
2016-03-04 15:28:33,26.705
2016-03-04 15:39:08,26.705
2016-03-04 15:49:43,26.705
2016-03-04 16:00:09,26.705
2016-03-04 16:09:54,26.705
2016-03-04 16:20:30,26.705
2016-03-04 16:31:05,26.705
2016-03-04 16:41:41,26.705
2016-03-04 16:52:16,26.705
2016-03-04 17:01:51,26.705
2016-03-04 17:12:27,26.705
2016-03-04 17:23:02,26.705
2016-03-04 17:33:38,26.705
2016-03-04 17:44:13,26.705
2016-03-04 17:54:48,26.705
2016-03-04 18:04:24,26.705
2016-03-04 18:14:59,26.705
2016-03-04 18:25:35,26.705
2016-03-04 18:36:10,26.705
2016-03-04 18:46:46,26.704
2016-03-04 18:57:21,26.705
2016-03-04 19:06:56,26.705
2016-03-04 19:17:32,26.704
2016-03-04 19:28:07,26.705
2016-03-04 19:38:43,26.705
2016-03-04 19:49:18,26.705
2016-03-04 19:59:53,26.705
2016-03-04 20:09:29,26.705
2016-03-04 20:20:04,26.705
2016-03-04 20:30:40,26.705
2016-03-04 20:41:15,26.705
2016-03-04 20:51:51,26.705
2016-03-04 21:01:26,26.705
2016-03-04 21:12:01,26.704
2016-03-04 21:22:37,26.705
2016-03-04 21:33:12,26.705
2016-03-04 21:43:48,26.705
2016-03-04 21:54:23,26.705
2016-03-04 22:03:58,26.705
2016-03-04 22:14:34,26.705
2016-03-04 22:25:09,26.705
2016-03-04 22:35:45,26.705
2016-03-04 22:46:20,26.705
2016-03-04 22:56:56,26.705
2016-03-04 23:06:31,26.705
2016-03-04 23:17:06,26.705
2016-03-04 23:27:42,26.705
2016-03-04 23:38:17,26.705
2016-03-04 23:48:53,26.705
2016-03-04 23:59:28,26.704
2016-03-05 00:09:03,26.705
2016-03-05 00:19:39,26.705
2016-03-05 00:30:14,26.705
2016-03-05 00:40:50,26.705
2016-03-05 00:51:25,26.705
2016-03-05 01:01:01,26.705
2016-03-05 01:11:36,26.705
2016-03-05 01:22:11,26.705
2016-03-05 01:32:47,26.705
2016-03-05 01:43:22,26.705
2016-03-05 01:53:58,26.705
2016-03-05 02:03:33,26.704
2016-03-05 02:14:08,26.705
2016-03-05 02:24:44,26.705
2016-03-05 02:35:19,26.705
2016-03-05 02:45:55,26.705
2016-03-05 03:37:37,26.653
2016-03-05 05:39:39,26.676
2016-03-05 07:40:40,26.685
2016-03-05 09:41:41,26.692
2016-03-05 11:43:43,26.692
2016-03-05 13:45:45,26.692
2016-03-05 15:47:47,26.693
2016-03-05 17:48:48,26.696
2016-03-05 19:50:50,26.699
2016-03-05 21:52:52,26.7
2016-03-05 23:53:53,26.702
2016-03-06 01:55:55,26.703
2016-03-06 03:56:56,26.703
2016-03-06 05:59:59,26.704
2016-03-06 08:00:00,26.704
2016-03-06 10:02:02,26.704
2016-03-06 12:03:03,26.704
2016-03-06 14:05:05,26.704
2016-03-06 16:07:07,26.705
2016-03-06 18:08:08,26.705
2016-03-06 20:10:10,26.705
2016-03-06 22:12:12,26.705
2016-03-07 00:14:14,26.705
2016-03-07 02:15:15,26.704
2016-03-07 04:17:17,26.705
2016-03-07 06:18:18,26.704
2016-03-07 08:20:20,26.705
2016-03-07 10:22:22,26.705
2016-03-07 12:23:23,26.705
2016-03-07 14:25:25,26.705
2016-03-07 16:27:27,26.705
2016-03-07 18:29:29,26.705
2016-03-07 20:30:30,26.704
2016-03-07 22:31:31,26.705
2016-03-08 00:34:34,26.704
2016-03-08 02:35:35,26.704
2016-03-08 04:37:37,26.704
2016-03-08 06:38:38,26.703
2016-03-08 08:41:41,26.704
2016-03-08 10:42:42,26.704
2016-03-08 12:44:44,26.704
2016-03-08 14:45:45,26.703
2016-03-08 16:47:47,26.703
2016-03-08 18:49:49,26.702
2016-03-08 20:50:50,26.703
2016-03-08 22:52:52,26.703
2016-03-09 00:53:53,26.702
2016-03-09 02:56:56,26.702
2016-03-09 04:57:57,26.702
2016-03-09 06:58:58,26.702
2016-03-09 09:00:00,26.701
2016-03-09 11:02:02,26.7
2016-03-09 13:04:04,26.701
2016-03-09 15:05:05,26.701
2016-03-09 17:07:07,26.7
2016-03-09 19:09:09,26.701
2016-03-09 21:10:10,26.701
2016-03-09 23:12:12,26.7
2016-03-10 01:13:13,26.703
2016-03-10 03:16:16,26.702
2016-03-10 05:17:17,26.701
2016-03-10 07:19:19,26.702
2016-03-10 09:20:20,26.703
2016-03-10 11:22:22,26.702
2016-03-10 13:24:24,26.702
2016-03-10 15:25:25,26.701
2016-03-10 17:27:27,26.702
2016-03-10 19:28:28,26.702
2016-03-10 21:31:31,26.702
2016-03-10 23:32:32,26.702
2016-03-11 01:34:34,26.702
2016-03-11 03:35:35,26.703
2016-03-11 05:37:37,26.702
2016-03-11 07:39:39,26.7
2016-03-11 09:40:40,26.7
2016-03-11 11:42:42,26.701
2016-03-11 13:44:44,26.7
2016-03-11 15:46:46,26.7
2016-03-11 17:47:47,26.698
2016-03-11 19:48:48,26.695
2016-03-11 21:51:51,26.694
2016-03-11 23:52:52,26.694
2016-03-12 01:54:54,26.693
2016-03-12 03:55:55,26.692
2016-03-12 05:57:57,26.693
2016-03-12 07:59:59,26.692
2016-03-12 10:01:01,26.692
2016-03-12 12:02:02,26.692
2016-03-12 14:03:03,26.692
2016-03-12 16:06:06,26.692
2016-03-12 18:07:07,26.692
2016-03-12 20:09:09,26.692
2016-03-12 22:10:10,26.692
2016-03-13 00:13:13,26.692
2016-03-13 02:14:14,26.692
2016-03-13 04:15:15,26.692
2016-03-13 06:17:17,26.692
2016-03-13 08:19:19,26.692
2016-03-13 10:21:21,26.692
2016-03-13 12:22:22,26.692
2016-03-13 14:24:24,26.692
2016-03-13 16:26:26,26.692
2016-03-13 18:27:27,26.692
2016-03-13 20:29:29,26.692
2016-03-13 22:30:30,26.692
2016-03-14 00:32:32,26.692
2016-03-14 02:34:34,26.692
2016-03-14 04:36:36,26.692
2016-03-14 06:37:37,26.692
2016-03-14 08:39:39,26.692
2016-03-14 10:41:41,26.692
2016-03-14 12:42:42,26.692
2016-03-14 14:44:44,26.692
2016-03-14 16:45:45,26.692
2016-03-14 18:48:48,26.692
2016-03-14 20:49:49,26.692
2016-03-14 22:51:51,26.692
2016-03-15 00:52:52,26.692
2016-03-15 02:54:54,26.692
2016-03-15 04:56:56,26.692
2016-03-15 06:57:57,26.692
2016-03-15 08:59:59,26.692
2016-03-15 11:01:01,26.692
2016-03-15 13:03:03,26.692
2016-03-15 15:04:04,26.692
2016-03-15 17:06:06,26.692
2016-03-15 19:07:07,26.692
2016-03-15 21:09:09,26.692
2016-03-15 23:11:11,26.692
2016-03-16 01:12:12,26.692
2016-03-16 03:14:14,26.692
2016-03-16 05:16:16,26.692
2016-03-16 07:18:18,26.692
2016-03-16 09:19:19,26.692
2016-03-16 11:20:20,26.692
2016-03-16 13:23:23,26.692
2016-03-16 15:24:24,26.692
2016-03-16 17:26:26,26.692
2016-03-16 19:27:27,26.691
2016-03-16 21:30:30,26.692
2016-03-16 23:31:31,26.692
2016-03-17 01:32:32,26.692
2016-03-17 03:34:34,26.691
2016-03-17 05:36:36,26.691
2016-03-17 07:38:38,26.691
2016-03-17 09:39:39,26.691
2016-03-17 11:41:41,26.691
2016-03-17 13:42:42,26.691
2016-03-17 15:45:45,26.691
2016-03-17 17:46:46,26.691
2016-03-17 19:47:47,26.691
2016-03-17 21:49:49,26.691
2016-03-17 23:51:51,26.691
2016-03-18 01:53:53,26.69
2016-03-18 03:54:54,26.691
2016-03-18 05:56:56,26.69
2016-03-18 07:58:58,26.69
2016-03-18 09:59:59,26.689
2016-03-18 12:01:01,26.689
2016-03-18 14:02:02,26.689
2016-03-18 16:05:05,26.69
2016-03-18 18:06:06,26.689
2016-03-18 20:08:08,26.689
2016-03-18 22:09:09,26.69
2016-03-19 00:11:11,26.689
2016-03-19 02:13:13,26.69
2016-03-19 04:14:14,26.689
2016-03-19 06:16:16,26.69
2016-03-19 08:17:17,26.69
2016-03-19 10:20:20,26.689
2016-03-19 12:21:21,26.689
2016-03-19 14:23:23,26.689
2016-03-19 16:24:24,26.689
2016-03-19 18:26:26,26.688
2016-03-19 20:28:28,26.687
2016-03-19 22:29:29,26.688
2016-03-20 00:31:31,26.689
2016-03-20 02:33:33,26.687
2016-03-20 04:35:35,26.688
2016-03-20 06:36:36,26.689
2016-03-20 08:37:37,26.687
2016-03-20 10:40:40,26.688
2016-03-20 12:41:41,26.688
2016-03-20 14:43:43,26.688
2016-03-20 16:44:44,26.687
2016-03-20 18:46:46,26.687
2016-03-20 20:48:48,26.687
2016-03-20 22:49:49,26.687
2016-03-21 00:51:51,26.687
2016-03-21 02:52:52,26.685
2016-03-21 04:55:55,26.684
2016-03-21 06:56:56,26.686
2016-03-21 08:58:58,26.686
2016-03-21 10:59:59,26.685
2016-03-21 13:02:02,26.685
2016-03-21 15:03:03,26.685
2016-03-21 17:04:04,26.685
2016-03-21 19:06:06,26.683
2016-03-21 21:08:08,26.685
2016-03-21 23:10:10,26.683
2016-03-22 01:11:11,26.683
2016-03-22 03:13:13,26.684
2016-03-22 05:15:15,26.682
2016-03-22 07:16:16,26.683
2016-03-22 09:18:18,26.683
2016-03-22 11:19:19,26.682
2016-03-22 13:21:21,26.683
2016-03-22 15:23:23,26.683
2016-03-22 17:25:25,26.682
2016-03-22 19:26:26,26.682
2016-03-22 21:28:28,26.682
2016-03-22 23:30:30,26.682
2016-03-23 01:31:31,26.681
2016-03-23 03:33:33,26.682
2016-03-23 05:34:34,26.681
2016-03-23 07:37:37,26.681
2016-03-23 09:38:38,26.682
2016-03-23 11:40:40,26.681
2016-03-23 13:41:41,26.681
2016-03-23 15:43:43,26.681
2016-03-23 17:45:45,26.681
2016-03-23 19:46:46,26.681
2016-03-23 21:48:48,26.681
2016-03-23 23:50:50,26.681
2016-03-24 01:51:51,26.681
2016-03-24 03:52:52,26.681
2016-03-24 05:54:54,26.68
2016-03-24 07:55:55,26.681
2016-03-24 09:57:57,26.68
2016-03-24 11:59:59,26.68
2016-03-24 14:00:00,26.68
2016-03-24 16:02:02,26.68
2016-03-24 18:04:04,26.68
2016-03-24 20:06:06,26.68
2016-03-24 22:07:07,26.68
2016-03-25 00:08:08,26.68
2016-03-25 02:11:11,26.68
2016-03-25 04:12:12,26.68
2016-03-25 06:14:14,26.68
2016-03-25 08:15:15,26.68
2016-03-25 10:18:18,26.68
2016-03-25 12:19:19,26.68
2016-03-25 14:20:20,26.68
2016-03-25 16:22:22,26.68
2016-03-25 18:24:24,26.68
2016-03-25 20:26:26,26.68
2016-03-25 22:27:27,26.68
2016-03-26 00:29:29,26.68
2016-03-26 02:30:30,26.68
2016-03-26 04:33:33,26.68
2016-03-26 06:34:34,26.68
2016-03-26 08:35:35,26.68
2016-03-26 10:37:37,26.68
2016-03-26 12:39:39,26.68
2016-03-26 14:41:41,26.68
2016-03-26 16:42:42,26.68
2016-03-26 18:44:44,26.68
2016-03-26 20:46:46,26.68
2016-03-26 22:47:47,26.68
2016-03-27 00:49:49,26.68
2016-03-27 02:50:50,26.68
2016-03-27 04:53:53,26.68
2016-03-27 06:54:54,26.68
2016-03-27 08:56:56,26.68
2016-03-27 10:57:57,26.68
2016-03-27 12:59:59,26.68
2016-03-27 15:01:01,26.68
2016-03-27 17:02:02,26.68
2016-03-27 19:04:04,26.68
2016-03-27 21:05:05,26.68
2016-03-27 23:08:08,26.68
2016-03-28 01:09:09,26.68
2016-03-28 03:11:11,26.68
2016-03-28 05:12:12,26.68
2016-03-28 07:14:14,26.68
2016-03-28 09:16:16,26.68
2016-03-28 11:17:17,26.68
2016-03-28 13:19:19,26.68
2016-03-28 15:21:21,26.68
2016-03-28 17:23:23,26.679
2016-03-28 19:24:24,26.68
2016-03-28 21:25:25,26.68
2016-03-28 23:28:28,26.68
2016-03-29 01:29:29,26.68
2016-03-29 03:31:31,26.68
2016-03-29 05:32:32,26.679
2016-03-29 07:34:34,26.679
2016-03-29 09:36:36,26.679
2016-03-29 11:37:37,26.678
2016-03-29 13:39:39,26.679
2016-03-29 15:40:40,26.679
2016-03-29 17:43:43,26.678
2016-03-29 19:44:44,26.678
2016-03-29 21:46:46,26.678
2016-03-29 23:47:47,26.679
2016-03-30 01:50:50,26.677
2016-03-30 03:51:51,26.678
2016-03-30 05:52:52,26.677
2016-03-30 07:54:54,26.678
2016-03-30 09:56:56,26.678
2016-03-30 11:58:58,26.675
2016-03-30 13:59:59,26.675
2016-03-30 16:01:01,26.675
2016-03-30 18:03:03,26.675
2016-03-30 20:04:04,26.676
2016-03-30 22:06:06,26.674
2016-03-31 00:07:07,26.674
2016-03-31 02:09:09,26.674
2016-03-31 04:11:11,26.674
2016-03-31 06:13:13,26.671
2016-03-31 08:14:14,26.67
2016-03-31 10:16:16,26.672
2016-03-31 12:18:18,26.672
2016-03-31 14:19:19,26.674
2016-03-31 16:21:21,26.671
2016-03-31 18:22:22,26.672
2016-03-31 20:25:25,26.671
2016-03-31 22:26:26,26.671
2016-04-01 00:28:28,26.671
2016-04-01 02:29:29,26.671
2016-04-01 04:31:31,26.67
2016-04-01 06:33:33,26.668
2016-04-01 08:34:34,26.668
2016-04-01 10:36:36,26.668
2016-04-01 12:38:38,26.668
2016-04-01 14:40:40,26.668
2016-04-01 16:41:41,26.667
2016-04-01 18:42:42,26.667
2016-04-01 20:44:44,26.667
2016-04-01 22:46:46,26.667
2016-04-02 00:48:48,26.667
2016-04-02 02:49:49,26.667
2016-04-02 04:51:51,26.667
2016-04-02 06:53:53,26.667
2016-04-02 08:55:55,26.667
2016-04-02 10:56:56,26.667
2016-04-02 12:57:57,26.667
2016-04-02 15:00:00,26.667
2016-04-02 17:01:01,26.667
2016-04-02 19:03:03,26.667
2016-04-02 21:04:04,26.667
2016-04-02 23:07:07,26.667
2016-04-03 01:08:08,26.667
2016-04-03 03:09:09,26.667
2016-04-03 05:11:11,26.667
2016-04-03 07:13:13,26.667
2016-04-03 09:15:15,26.667
2016-04-03 11:16:16,26.667
2016-04-03 13:18:18,26.667
2016-04-03 15:19:19,26.667
2016-04-03 17:21:21,26.667
2016-04-03 19:23:23,26.667
2016-04-03 21:24:24,26.667
2016-04-03 23:26:26,26.666
2016-04-04 01:28:28,26.667
2016-04-04 03:30:30,26.667
2016-04-04 05:31:31,26.666
2016-04-04 07:33:33,26.666
2016-04-04 09:35:35,26.665
2016-04-04 11:36:36,26.666
2016-04-04 13:38:38,26.665
2016-04-04 15:39:39,26.666
2016-04-04 17:42:42,26.665
2016-04-04 19:43:43,26.665
2016-04-04 21:45:45,26.666
2016-04-04 23:46:46,26.666
2016-04-05 01:48:48,26.667
2016-04-05 03:50:50,26.667
2016-04-05 05:51:51,26.666
2016-04-05 07:53:53,26.666
2016-04-05 09:54:54,26.666
2016-04-05 11:57:57,26.667
2016-04-05 13:58:58,26.667
2016-04-05 16:00:00,26.666
2016-04-05 18:01:01,26.667
2016-04-05 20:03:03,26.666
2016-04-05 22:05:05,26.667
2016-04-06 00:06:06,26.667
2016-04-06 02:08:08,26.667
2016-04-06 04:10:10,26.666
2016-04-06 06:12:12,26.666
2016-04-06 08:13:13,26.666
2016-04-06 10:14:14,26.666
2016-04-06 12:17:17,26.667
2016-04-06 14:18:18,26.666
2016-04-06 16:20:20,26.665
2016-04-06 18:21:21,26.662
2016-04-06 20:23:23,26.662
2016-04-06 22:25:25,26.661
2016-04-07 00:26:26,26.658
2016-04-07 02:28:28,26.659
2016-04-07 04:29:29,26.658
2016-04-07 06:32:32,26.657
2016-04-07 08:33:33,26.656
2016-04-07 10:35:35,26.656
2016-04-07 12:36:36,26.655
2016-04-07 14:39:39,26.655
2016-04-07 16:40:40,26.655
2016-04-07 18:41:41,26.654
2016-04-07 20:43:43,26.654
2016-04-07 22:45:45,26.654
2016-04-08 00:47:47,26.654
2016-04-08 02:48:48,26.654
2016-04-08 04:50:50,26.654
2016-04-08 06:52:52,26.654
2016-04-08 08:53:53,26.654
2016-04-08 10:55:55,26.654
2016-04-08 12:56:56,26.654
2016-04-08 14:58:58,26.654
2016-04-08 17:00:00,26.654
2016-04-08 19:02:02,26.654
2016-04-08 21:03:03,26.654
2016-04-08 23:04:04,26.654
2016-04-09 01:07:07,26.654
2016-04-09 03:08:08,26.654
2016-04-09 05:10:10,26.654
2016-04-09 07:11:11,26.654
2016-04-09 09:14:14,26.654
2016-04-09 11:15:15,26.654
2016-04-09 13:17:17,26.654
2016-04-09 15:18:18,26.654
2016-04-09 17:20:20,26.654
2016-04-09 19:22:22,26.654
2016-04-09 21:23:23,26.654
2016-04-09 23:25:25,26.654
2016-04-10 01:27:27,26.654
2016-04-10 03:29:29,26.654
2016-04-10 05:30:30,26.654
2016-04-10 07:31:31,26.654
2016-04-10 09:33:33,26.654
2016-04-10 11:35:35,26.654
2016-04-10 13:37:37,26.654
2016-04-10 15:38:38,26.654
2016-04-10 17:40:40,26.654
2016-04-10 19:42:42,26.654
2016-04-10 21:43:43,26.654
2016-04-10 23:45:45,26.654
2016-04-11 01:46:46,26.654
2016-04-11 03:49:49,26.654
2016-04-11 05:50:50,26.654
2016-04-11 07:52:52,26.654
2016-04-11 09:53:53,26.654
2016-04-11 11:56:56,26.654
2016-04-11 13:57:57,26.654
2016-04-11 15:58:58,26.654
2016-04-11 18:00:00,26.654
2016-04-11 20:02:02,26.654
2016-04-11 22:04:04,26.654
2016-04-12 00:05:05,26.654
2016-04-12 02:07:07,26.654
2016-04-12 04:08:08,26.654
2016-04-12 06:10:10,26.654
2016-04-12 08:12:12,26.654
2016-04-12 10:13:13,26.654
2016-04-12 12:15:15,26.654
2016-04-12 14:17:17,26.654
2016-04-12 16:19:19,26.654
2016-04-12 18:20:20,26.654
2016-04-12 20:22:22,26.653
2016-04-12 22:24:24,26.653
2016-04-13 00:25:25,26.652
2016-04-13 02:27:27,26.652
2016-04-13 04:28:28,26.652
2016-04-13 06:31:31,26.651
2016-04-13 08:32:32,26.65
2016-04-13 10:34:34,26.652
2016-04-13 12:35:35,26.651
2016-04-13 14:37:37,26.65
2016-04-13 16:39:39,26.65
2016-04-13 18:40:40,26.649
2016-04-13 20:42:42,26.65
2016-04-13 22:43:43,26.649
2016-04-14 00:46:46,26.647
2016-04-14 02:47:47,26.649
2016-04-14 04:48:48,26.649
2016-04-14 06:50:50,26.647
2016-04-14 08:52:52,26.647
2016-04-14 10:54:54,26.645
2016-04-14 12:55:55,26.648
2016-04-14 14:57:57,26.644
2016-04-14 16:59:59,26.646
2016-04-14 19:01:01,26.646
2016-04-14 21:02:02,26.645
2016-04-14 23:03:03,26.645
2016-04-15 01:06:06,26.645
2016-04-15 03:07:07,26.644
2016-04-15 05:09:09,26.643
2016-04-15 07:10:10,26.645
2016-04-15 09:12:12,26.645
2016-04-15 11:14:14,26.644
2016-04-15 13:15:15,26.643
2016-04-15 15:17:17,26.643
2016-04-15 17:18:18,26.642
2016-04-15 19:21:21,26.643
2016-04-15 21:22:22,26.642
2016-04-15 23:24:24,26.642
2016-04-16 01:25:25,26.642
2016-04-16 03:27:27,26.642
2016-04-16 05:29:29,26.642
2016-04-16 07:30:30,26.642
2016-04-16 09:32:32,26.641
2016-04-16 11:34:34,26.641
2016-04-16 13:36:36,26.642
2016-04-16 15:37:37,26.642
2016-04-16 17:39:39,26.642
2016-04-16 19:41:41,26.641
2016-04-16 21:42:42,26.641
2016-04-16 23:44:44,26.641
2016-04-17 01:45:45,26.641
2016-04-17 03:47:47,26.641
2016-04-17 05:49:49,26.641
2016-04-17 07:51:51,26.641
2016-04-17 09:52:52,26.641
2016-04-17 11:53:53,26.641
2016-04-17 13:56:56,26.641
2016-04-17 15:57:57,26.641
2016-04-17 17:59:59,26.641
2016-04-17 20:00:00,26.641
2016-04-17 22:03:03,26.641
2016-04-18 00:04:04,26.641
2016-04-18 02:06:06,26.641
2016-04-18 04:07:07,26.641
2016-04-18 06:09:09,26.641
2016-04-18 08:11:11,26.641
2016-04-18 10:12:12,26.641
2016-04-18 12:14:14,26.641
2016-04-18 14:16:16,26.641
2016-04-18 16:18:18,26.641
2016-04-18 18:19:19,26.641
2016-04-18 20:20:20,26.641
2016-04-18 22:22:22,26.641
2016-04-19 00:24:24,26.641
2016-04-19 02:26:26,26.641
2016-04-19 04:27:27,26.641
2016-04-19 06:29:29,26.641
2016-04-19 08:31:31,26.641
2016-04-19 10:32:32,26.641
2016-04-19 12:34:34,26.641
2016-04-19 14:35:35,26.641
2016-04-19 16:38:38,26.641
2016-04-19 18:39:39,26.641
2016-04-19 20:41:41,26.641
2016-04-19 22:42:42,26.641
2016-04-20 00:45:45,26.641
2016-04-20 02:46:46,26.641
2016-04-20 04:47:47,26.641
2016-04-20 06:49:49,26.641
2016-04-20 08:51:51,26.641
2016-04-20 10:53:53,26.641
2016-04-20 12:54:54,26.641
2016-04-20 14:56:56,26.641
2016-04-20 16:57:57,26.641
2016-04-20 18:59:59,26.641
2016-04-20 21:01:01,26.641
2016-04-20 23:02:02,26.641
2016-04-21 01:04:04,26.641
2016-04-21 03:06:06,26.641
2016-04-21 05:08:08,26.641
2016-04-21 07:09:09,26.641
2016-04-21 09:10:10,26.641
2016-04-21 11:13:13,26.641
2016-04-21 13:14:14,26.641
2016-04-21 15:16:16,26.641
2016-04-21 17:17:17,26.641
2016-04-21 19:20:20,26.64
2016-04-21 21:21:21,26.641
2016-04-21 23:23:23,26.64
2016-04-22 01:24:24,26.64
2016-04-22 03:26:26,26.64
2016-04-22 05:28:28,26.64
2016-04-22 07:29:29,26.64
2016-04-22 09:31:31,26.64
2016-04-22 11:32:32,26.64
2016-04-22 13:35:35,26.639
2016-04-22 15:36:36,26.64
2016-04-22 17:37:37,26.639
2016-04-22 19:39:39,26.64
2016-04-22 21:41:41,26.64
2016-04-22 23:43:43,26.638
2016-04-23 01:44:44,26.639
2016-04-23 03:46:46,26.638
2016-04-23 05:48:48,26.639
2016-04-23 07:49:49,26.638
2016-04-23 09:51:51,26.637
2016-04-23 11:52:52,26.639
2016-04-23 13:55:55,26.638
2016-04-23 15:56:56,26.638
2016-04-23 17:58:58,26.637
2016-04-23 19:59:59,26.638
2016-04-23 22:01:01,26.637
2016-04-24 00:03:03,26.636
2016-04-24 02:04:04,26.636
2016-04-24 04:06:06,26.637
2016-04-24 06:07:07,26.637
2016-04-24 08:10:10,26.636
2016-04-24 10:11:11,26.636
2016-04-24 12:13:13,26.636
2016-04-24 14:14:14,26.636
2016-04-24 16:16:16,26.636
2016-04-24 18:18:18,26.634
2016-04-24 20:19:19,26.635
2016-04-24 22:21:21,26.635
2016-04-25 00:23:23,26.635
2016-04-25 02:25:25,26.635
2016-04-25 04:26:26,26.635
2016-04-25 06:28:28,26.632
2016-04-25 08:30:30,26.635
2016-04-25 10:31:31,26.636
2016-04-25 12:33:33,26.633
2016-04-25 14:34:34,26.634
2016-04-25 16:36:36,26.633
2016-04-25 18:38:38,26.633
2016-04-25 20:40:40,26.632
2016-04-25 22:41:41,26.633
2016-04-26 00:42:42,26.631
2016-04-26 02:45:45,26.634
2016-04-26 04:46:46,26.632
2016-04-26 06:48:48,26.632
2016-04-26 08:49:49,26.63
2016-04-26 10:52:52,26.631
2016-04-26 12:53:53,26.631
2016-04-26 14:54:54,26.63
2016-04-26 16:56:56,26.631
2016-04-26 18:58:58,26.629
2016-04-26 21:00:00,26.631
2016-04-26 23:01:01,26.631
2016-04-27 01:03:03,26.63
2016-04-27 03:05:05,26.63
2016-04-27 05:07:07,26.629
2016-04-27 07:08:08,26.629
2016-04-27 09:09:09,26.629
2016-04-27 11:11:11,26.629
2016-04-27 13:13:13,26.629
2016-04-27 15:15:15,26.629
2016-04-27 17:16:16,26.629
2016-04-27 19:18:18,26.629
2016-04-27 21:20:20,26.629
2016-04-27 23:21:21,26.629
2016-04-28 01:23:23,26.629
2016-04-28 03:24:24,26.629
2016-04-28 05:27:27,26.63
2016-04-28 07:28:28,26.628
2016-04-28 09:30:30,26.629
2016-04-28 11:31:31,26.629
2016-04-28 13:33:33,26.628
2016-04-28 15:35:35,26.628
2016-04-28 17:36:36,26.628
2016-04-28 19:38:38,26.628
2016-04-28 21:40:40,26.628
2016-04-28 23:42:42,26.628
2016-04-29 01:43:43,26.628
2016-04-29 03:45:45,26.629
2016-04-29 05:46:46,26.628
2016-04-29 07:48:48,26.628
2016-04-29 09:50:50,26.628
2016-04-29 11:51:51,26.628
2016-04-29 13:53:53,26.628
2016-04-29 15:55:55,26.628
2016-04-29 17:57:57,26.628
2016-04-29 19:58:58,26.628
2016-04-29 21:59:59,26.628
2016-04-30 00:02:02,26.628
2016-04-30 02:03:03,26.628
2016-04-30 04:05:05,26.628
2016-04-30 06:06:06,26.629
2016-04-30 08:09:09,26.628
2016-04-30 10:10:10,26.628
2016-04-30 12:12:12,26.628
2016-04-30 14:13:13,26.628
2016-04-30 16:15:15,26.628
2016-04-30 18:17:17,26.628
2016-04-30 20:18:18,26.628
2016-04-30 22:20:20,26.628
2016-05-01 00:21:21,26.628
2016-05-01 02:24:24,26.628
2016-05-01 04:25:25,26.628
2016-05-01 06:26:26,26.628
2016-05-01 08:28:28,26.628
2016-05-01 10:30:30,26.628
2016-05-01 12:32:32,26.628
2016-05-01 14:33:33,26.628
2016-05-01 16:35:35,26.628
2016-05-01 18:37:37,26.628
2016-05-01 20:38:38,26.628
2016-05-01 22:40:40,26.628
2016-05-02 00:41:41,26.628
2016-05-02 02:44:44,26.628
2016-05-02 04:45:45,26.628
2016-05-02 06:47:47,26.628
2016-05-02 08:48:48,26.628
2016-05-02 10:50:50,26.628
2016-05-02 12:52:52,26.628
2016-05-02 14:53:53,26.628
2016-05-02 16:55:55,26.628
2016-05-02 18:56:56,26.628
2016-05-02 20:59:59,26.628
2016-05-02 23:00:00,26.628
2016-05-03 01:02:02,26.628
2016-05-03 03:03:03,26.628
2016-05-03 05:05:05,26.628
2016-05-03 07:07:07,26.628
2016-05-03 09:08:08,26.628
2016-05-03 11:10:10,26.628
2016-05-03 13:12:12,26.628
2016-05-03 15:14:14,26.628
2016-05-03 17:15:15,26.628
2016-05-03 19:16:16,26.628
2016-05-03 21:19:19,26.628
2016-05-03 23:20:20,26.628
2016-05-04 01:22:22,26.628
2016-05-04 03:23:23,26.628
2016-05-04 05:25:25,26.628
2016-05-04 07:27:27,26.628
2016-05-04 09:29:29,26.627
2016-05-04 11:30:30,26.628
2016-05-04 13:31:31,26.628
2016-05-04 15:34:34,26.628
2016-05-04 17:35:35,26.628
2016-05-04 19:37:37,26.628
2016-05-04 21:38:38,26.628
2016-05-04 23:41:41,26.628
2016-05-05 01:42:42,26.628
2016-05-05 03:43:43,26.628
2016-05-05 05:45:45,26.628
2016-05-05 07:47:47,26.628
2016-05-05 09:49:49,26.628
2016-05-05 11:50:50,26.628
2016-05-05 13:52:52,26.628
2016-05-05 15:54:54,26.628
2016-05-05 17:55:55,26.627
2016-05-05 19:57:57,26.627
2016-05-05 21:58:58,26.627
2016-05-06 00:00:00,26.627
2016-05-06 02:02:02,26.627
2016-05-06 04:04:04,26.628
2016-05-06 06:05:05,26.627
2016-05-06 08:07:07,26.627
2016-05-06 10:09:09,26.626
2016-05-06 12:10:10,26.626
2016-05-06 14:12:12,26.624
2016-05-06 16:13:13,26.624
2016-05-06 18:16:16,26.625
2016-05-06 20:17:17,26.627
2016-05-06 22:19:19,26.628
2016-05-07 00:20:20,26.628
2016-05-07 02:22:22,26.627
2016-05-07 04:24:24,26.628
2016-05-07 06:25:25,26.628
2016-05-07 08:27:27,26.628
2016-05-07 10:29:29,26.628
2016-05-07 12:31:31,26.626
2016-05-07 14:32:32,26.626
2016-05-07 16:34:34,26.627
2016-05-07 18:35:35,26.626
2016-05-07 20:37:37,26.627
2016-05-07 22:39:39,26.627
2016-05-08 00:40:40,26.628
2016-05-08 02:42:42,26.628
2016-05-08 04:44:44,26.627
2016-05-08 06:46:46,26.628
2016-05-08 08:47:47,26.628
2016-05-08 10:48:48,26.626
2016-05-08 12:51:51,26.627
2016-05-08 14:52:52,26.627
2016-05-08 16:54:54,26.627
2016-05-08 18:55:55,26.626
2016-05-08 20:58:58,26.627
2016-05-08 22:59:59,26.627
2016-05-09 01:00:00,26.627
2016-05-09 03:02:02,26.628
2016-05-09 05:04:04,26.627
2016-05-09 07:06:06,26.627
2016-05-09 09:07:07,26.627
2016-05-09 11:09:09,26.627
2016-05-09 13:10:10,26.626
2016-05-09 15:13:13,26.625
2016-05-09 17:14:14,26.626
2016-05-09 19:15:15,26.625
2016-05-09 21:17:17,26.625
2016-05-09 23:19:19,26.626
2016-05-10 01:21:21,26.626
2016-05-10 03:22:22,26.627
2016-05-10 05:24:24,26.625
2016-05-10 07:26:26,26.625
2016-05-10 09:27:27,26.625
2016-05-10 11:29:29,26.624
2016-05-10 13:30:30,26.623
2016-05-10 15:33:33,26.624
2016-05-10 17:34:34,26.623
2016-05-10 19:36:36,26.624
2016-05-10 21:37:37,26.623
2016-05-10 23:39:39,26.625
2016-05-11 01:41:41,26.624
2016-05-11 03:42:42,26.623
2016-05-11 05:44:44,26.625
2016-05-11 07:45:45,26.623
2016-05-11 09:48:48,26.622
2016-05-11 11:49:49,26.62
2016-05-11 13:51:51,26.619
2016-05-11 15:52:52,26.62
2016-05-11 17:54:54,26.62
2016-05-11 19:56:56,26.62
2016-05-11 21:57:57,26.621
2016-05-11 23:59:59,26.621
2016-05-12 02:01:01,26.62
2016-05-12 04:03:03,26.622
2016-05-12 06:04:04,26.622
2016-05-12 08:05:05,26.623
2016-05-12 10:08:08,26.62
2016-05-12 12:09:09,26.62
2016-05-12 14:11:11,26.619
2016-05-12 16:12:12,26.619
2016-05-12 18:14:14,26.618
2016-05-12 20:16:16,26.619
2016-05-12 22:17:17,26.619
2016-05-13 00:19:19,26.62
2016-05-13 02:20:20,26.619
2016-05-13 04:23:23,26.62
2016-05-13 06:24:24,26.62
2016-05-13 08:26:26,26.619
2016-05-13 10:27:27,26.621
2016-05-13 12:30:30,26.619
2016-05-13 14:31:31,26.617
2016-05-13 16:32:32,26.617
2016-05-13 18:34:34,26.619
2016-05-13 20:36:36,26.62
2016-05-13 22:38:38,26.619
2016-05-14 00:39:39,26.62
2016-05-14 02:41:41,26.619
2016-05-14 04:43:43,26.619
2016-05-14 06:44:44,26.618
2016-05-14 08:46:46,26.619
2016-05-14 10:47:47,26.619
2016-05-14 12:49:49,26.62
2016-05-14 14:51:51,26.618
2016-05-14 16:53:53,26.617
2016-05-14 18:54:54,26.617
2016-05-14 20:56:56,26.617
2016-05-14 22:58:58,26.617
2016-05-15 00:59:59,26.617
2016-05-15 03:01:01,26.618
2016-05-15 05:02:02,26.617
2016-05-15 07:05:05,26.616
2016-05-15 09:06:06,26.616
2016-05-15 11:08:08,26.616
2016-05-15 13:09:09,26.616
2016-05-15 15:11:11,26.615
2016-05-15 17:13:13,26.616
2016-05-15 19:14:14,26.615
2016-05-15 21:16:16,26.615
2016-05-15 23:18:18,26.616
2016-05-16 01:20:20,26.616
2016-05-16 03:21:21,26.616
2016-05-16 05:22:22,26.616
2016-05-16 07:24:24,26.616
2016-05-16 09:26:26,26.615
2016-05-16 11:28:28,26.615
2016-05-16 13:29:29,26.615
2016-05-16 15:31:31,26.615
2016-05-16 17:33:33,26.615
2016-05-16 19:35:35,26.615
2016-05-16 21:36:36,26.615
2016-05-16 23:37:37,26.615
2016-05-17 01:40:40,26.615
2016-05-17 03:41:41,26.615
2016-05-17 05:43:43,26.615
2016-05-17 07:44:44,26.615
2016-05-17 09:47:47,26.615
2016-05-17 11:48:48,26.615
2016-05-17 13:49:49,26.615
2016-05-17 15:51:51,26.615
2016-05-17 17:53:53,26.615
2016-05-17 19:55:55,26.615
2016-05-17 21:56:56,26.615
2016-05-17 23:58:58,26.615
2016-05-18 01:59:59,26.615
2016-05-18 04:01:01,26.615
2016-05-18 06:03:03,26.615
2016-05-18 08:04:04,26.615
2016-05-18 10:06:06,26.615
2016-05-18 12:08:08,26.615
2016-05-18 14:10:10,26.615
2016-05-18 16:11:11,26.615
2016-05-18 18:13:13,26.615
2016-05-18 20:15:15,26.615
2016-05-18 22:16:16,26.615
2016-05-19 00:18:18,26.615
2016-05-19 02:19:19,26.615
2016-05-19 04:22:22,26.615
2016-05-19 06:23:23,26.615
2016-05-19 08:25:25,26.615
2016-05-19 10:26:26,26.615
2016-05-19 12:28:28,26.615
2016-05-19 14:30:30,26.615
2016-05-19 16:31:31,26.615
2016-05-19 18:33:33,26.615
2016-05-19 20:34:34,26.615
2016-05-19 22:37:37,26.615
2016-05-20 00:38:38,26.615
2016-05-20 02:40:40,26.615
2016-05-20 04:41:41,26.615
2016-05-20 06:43:43,26.615
2016-05-20 08:45:45,26.615
2016-05-20 10:46:46,26.615
2016-05-20 12:48:48,26.615
2016-05-20 14:50:50,26.615
2016-05-20 16:52:52,26.615
2016-05-20 18:53:53,26.615
2016-05-20 20:54:54,26.615
2016-05-20 22:57:57,26.615
2016-05-21 00:58:58,26.615
2016-05-21 03:00:00,26.615
2016-05-21 05:01:01,26.615
2016-05-21 07:03:03,26.615
2016-05-21 09:05:05,26.615
2016-05-21 11:06:06,26.615
2016-05-21 13:08:08,26.615
2016-05-21 15:09:09,26.615
2016-05-21 17:12:12,26.615
2016-05-21 19:13:13,26.615
2016-05-21 21:15:15,26.615
2016-05-21 23:16:16,26.615
2016-05-22 01:19:19,26.615
2016-05-22 03:20:20,26.615
2016-05-22 05:21:21,26.615
2016-05-22 07:23:23,26.615
2016-05-22 09:25:25,26.615
2016-05-22 11:27:27,26.615
2016-05-22 13:28:28,26.615
2016-05-22 15:30:30,26.615
2016-05-22 17:32:32,26.615
2016-05-22 19:33:33,26.615
2016-05-22 21:35:35,26.615
2016-05-22 23:36:36,26.615
2016-05-23 01:38:38,26.615
2016-05-23 03:40:40,26.615
2016-05-23 05:42:42,26.615
2016-05-23 07:43:43,26.615
2016-05-23 09:44:44,26.615
2016-05-23 11:47:47,26.615
2016-05-23 13:48:48,26.615
2016-05-23 15:50:50,26.615
2016-05-23 17:51:51,26.615
2016-05-23 19:54:54,26.615
2016-05-23 21:55:55,26.615
2016-05-23 23:57:57,26.615
2016-05-24 01:58:58,26.615
2016-05-24 04:00:00,26.615
2016-05-24 06:02:02,26.615
2016-05-24 08:03:03,26.615
2016-05-24 10:05:05,26.615
2016-05-24 12:07:07,26.615
2016-05-24 14:09:09,26.615
2016-05-24 16:10:10,26.615
2016-05-24 18:11:11,26.615
2016-05-24 20:13:13,26.615
2016-05-24 22:15:15,26.615
2016-05-25 00:17:17,26.615
2016-05-25 02:18:18,26.615
2016-05-25 04:20:20,26.615
2016-05-25 06:22:22,26.615
2016-05-25 08:23:23,26.615
2016-05-25 10:25:25,26.615
2016-05-25 12:26:26,26.615
2016-05-25 14:29:29,26.615
2016-05-25 16:30:30,26.615
2016-05-25 18:32:32,26.615
2016-05-25 20:33:33,26.615
2016-05-25 22:36:36,26.615
2016-05-26 00:37:37,26.615
2016-05-26 02:38:38,26.615
2016-05-26 04:40:40,26.615
2016-05-26 06:42:42,26.615
2016-05-26 08:44:44,26.615
2016-05-26 10:45:45,26.615
2016-05-26 12:47:47,26.615
2016-05-26 14:48:48,26.615
2016-05-26 16:50:50,26.615
2016-05-26 18:52:52,26.615
2016-05-26 20:53:53,26.615
2016-05-26 22:55:55,26.615
2016-05-27 00:57:57,26.615
2016-05-27 02:59:59,26.615
2016-05-27 05:00:00,26.615
2016-05-27 07:02:02,26.615
2016-05-27 09:04:04,26.615
2016-05-27 11:05:05,26.615
2016-05-27 13:07:07,26.615
2016-05-27 15:08:08,26.615
2016-05-27 17:11:11,26.615
2016-05-27 19:12:12,26.615
2016-05-27 21:14:14,26.615
2016-05-27 23:15:15,26.615
2016-05-28 01:17:17,26.615
2016-05-28 03:19:19,26.615
2016-05-28 05:20:20,26.615
2016-05-28 07:22:22,26.615
2016-05-28 09:23:23,26.615
2016-05-28 11:26:26,26.615
2016-05-28 13:27:27,26.615
2016-05-28 15:28:28,26.615
2016-05-28 17:30:30,26.615
2016-05-28 19:32:32,26.615
2016-05-28 21:34:34,26.615
2016-05-28 23:35:35,26.615
2016-05-29 01:37:37,26.615
2016-05-29 03:39:39,26.615
2016-05-29 05:41:41,26.615
2016-05-29 07:42:42,26.615
2016-05-29 09:43:43,26.615
2016-05-29 11:46:46,26.615
2016-05-29 13:47:47,26.615
2016-05-29 15:49:49,26.615
2016-05-29 17:50:50,26.615
2016-05-29 19:52:52,26.615
2016-05-29 21:54:54,26.615
2016-05-29 23:55:55,26.615
2016-05-30 01:57:57,26.615
2016-05-30 03:58:58,26.615
2016-05-30 06:01:01,26.615
2016-05-30 08:02:02,26.615
2016-05-30 10:04:04,26.615
2016-05-30 12:05:05,26.615
2016-05-30 14:07:07,26.615
2016-05-30 16:09:09,26.615
2016-05-30 18:10:10,26.615
2016-05-30 20:12:12,26.615
2016-05-30 22:14:14,26.615
2016-05-31 00:16:16,26.615
2016-05-31 02:17:17,26.615
2016-05-31 04:19:19,26.615
2016-05-31 06:21:21,26.615
2016-05-31 08:22:22,26.615
2016-05-31 10:24:24,26.615
2016-05-31 12:25:25,26.614
2016-05-31 14:27:27,26.615
2016-05-31 16:29:29,26.614
2016-05-31 18:31:31,26.614
2016-05-31 20:32:32,26.615
2016-05-31 22:33:33,26.615
2016-06-01 00:36:36,26.615
2016-06-01 02:37:37,26.614
2016-06-01 04:39:39,26.615
2016-06-01 06:40:40,26.615
2016-06-01 08:43:43,26.615
2016-06-01 10:44:44,26.614
2016-06-01 12:46:46,26.614
2016-06-01 14:47:47,26.614
2016-06-01 16:49:49,26.615
2016-06-01 18:51:51,26.614
2016-06-01 20:52:52,26.615
2016-06-01 22:54:54,26.614
2016-06-02 00:56:56,26.615
2016-06-02 02:58:58,26.615
2016-06-02 04:59:59,26.615
2016-06-02 07:00:00,26.615
2016-06-02 09:02:02,26.615
2016-06-02 11:04:04,26.615
2016-06-02 13:06:06,26.614
2016-06-02 15:07:07,26.615
2016-06-02 17:09:09,26.614
2016-06-02 19:11:11,26.614
2016-06-02 21:12:12,26.615
2016-06-02 23:14:14,26.614
2016-06-03 01:15:15,26.615
2016-06-03 03:18:18,26.615
2016-06-03 05:19:19,26.613
2016-06-03 07:21:21,26.615
2016-06-03 09:22:22,26.614
2016-06-03 11:25:25,26.613
2016-06-03 13:26:26,26.614
2016-06-03 15:27:27,26.613
2016-06-03 17:29:29,26.614
2016-06-03 19:31:31,26.612
2016-06-03 21:33:33,26.613
2016-06-03 23:34:34,26.613
2016-06-04 01:36:36,26.613
2016-06-04 03:37:37,26.614
2016-06-04 05:39:39,26.614
2016-06-04 07:41:41,26.612
2016-06-04 09:42:42,26.614
2016-06-04 11:44:44,26.612
2016-06-04 13:46:46,26.611
2016-06-04 15:48:48,26.611
2016-06-04 17:49:49,26.611
2016-06-04 19:50:50,26.613
2016-06-04 21:53:53,26.611
2016-06-04 23:54:54,26.612
2016-06-05 01:56:56,26.612
2016-06-05 03:57:57,26.614
2016-06-05 06:00:00,26.612
2016-06-05 08:01:01,26.613
2016-06-05 10:03:03,26.612
2016-06-05 12:04:04,26.612
2016-06-05 14:06:06,26.612
2016-06-05 16:08:08,26.612
2016-06-05 18:09:09,26.614
2016-06-05 20:11:11,26.612
2016-06-05 22:12:12,26.614
2016-06-06 00:15:15,26.613
2016-06-06 02:16:16,26.614
2016-06-06 04:17:17,26.614
2016-06-06 06:19:19,26.614
2016-06-06 08:21:21,26.614
2016-06-06 10:23:23,26.613
2016-06-06 12:24:24,26.613
2016-06-06 14:26:26,26.613
2016-06-06 16:28:28,26.613
2016-06-06 18:29:29,26.613
2016-06-06 20:31:31,26.614
2016-06-06 22:32:32,26.614
2016-06-07 00:35:35,26.614
2016-06-07 02:36:36,26.614
2016-06-07 04:38:38,26.614
2016-06-07 06:39:39,26.613
2016-06-07 08:41:41,26.614
2016-06-07 10:43:43,26.613
2016-06-07 12:44:44,26.613
2016-06-07 14:46:46,26.614
2016-06-07 16:47:47,26.612
2016-06-07 18:50:50,26.612
2016-06-07 20:51:51,26.613
2016-06-07 22:53:53,26.614
2016-06-08 00:54:54,26.614
2016-06-08 02:56:56,26.614
2016-06-08 04:58:58,26.612
2016-06-08 06:59:59,26.614
2016-06-08 09:01:01,26.614
2016-06-08 11:03:03,26.613
2016-06-08 13:05:05,26.614
2016-06-08 15:06:06,26.613
2016-06-08 17:08:08,26.612
2016-06-08 19:10:10,26.613
2016-06-08 21:11:11,26.614
2016-06-08 23:13:13,26.613
2016-06-09 01:14:14,26.613
2016-06-09 03:16:16,26.613
2016-06-09 05:18:18,26.613
2016-06-09 07:20:20,26.613
2016-06-09 09:21:21,26.613
2016-06-09 11:22:22,26.611
2016-06-09 13:25:25,26.611
2016-06-09 15:26:26,26.61
2016-06-09 17:28:28,26.609
2016-06-09 19:29:29,26.61
2016-06-09 21:32:32,26.612
2016-06-09 23:33:33,26.61
2016-06-10 01:34:34,26.612
2016-06-10 03:36:36,26.612
2016-06-10 05:38:38,26.611
2016-06-10 07:40:40,26.611
2016-06-10 09:41:41,26.61
2016-06-10 11:43:43,26.609
2016-06-10 13:45:45,26.61
2016-06-10 15:47:47,26.607
2016-06-10 17:48:48,26.609
2016-06-10 19:49:49,26.607
2016-06-10 21:51:51,26.609
2016-06-10 23:53:53,26.608
2016-06-11 01:55:55,26.61
2016-06-11 03:56:56,26.609
2016-06-11 05:58:58,26.608
2016-06-11 08:00:00,26.609
2016-06-11 10:01:01,26.609
2016-06-11 12:03:03,26.61
2016-06-11 14:04:04,26.607
2016-06-11 16:07:07,26.608
2016-06-11 18:08:08,26.607
2016-06-11 20:10:10,26.607
2016-06-11 22:11:11,26.607
2016-06-12 00:13:13,26.606
2016-06-12 02:15:15,26.607
2016-06-12 04:16:16,26.607
2016-06-12 06:18:18,26.607
2016-06-12 08:20:20,26.607
2016-06-12 10:22:22,26.606
2016-06-12 12:23:23,26.605
2016-06-12 14:25:25,26.606
2016-06-12 16:26:26,26.606
2016-06-12 18:28:28,26.606
2016-06-12 20:30:30,26.605
2016-06-12 22:31:31,26.607
2016-06-13 00:33:33,26.607
2016-06-13 02:35:35,26.605
2016-06-13 04:37:37,26.607
2016-06-13 06:38:38,26.607
2016-06-13 08:39:39,26.607
2016-06-13 10:42:42,26.606
2016-06-13 12:43:43,26.605
2016-06-13 14:45:45,26.604
2016-06-13 16:46:46,26.605
2016-06-13 18:49:49,26.605
2016-06-13 20:50:50,26.605
2016-06-13 22:52:52,26.605
2016-06-14 00:53:53,26.605
2016-06-14 02:55:55,26.606
2016-06-14 04:57:57,26.605
2016-06-14 06:58:58,26.605
2016-06-14 09:00:00,26.605
2016-06-14 11:01:01,26.605
2016-06-14 13:04:04,26.605
2016-06-14 15:05:05,26.604
2016-06-14 17:06:06,26.604
2016-06-14 19:08:08,26.603
2016-06-14 21:10:10,26.604
2016-06-14 23:12:12,26.605
2016-06-15 01:13:13,26.604
2016-06-15 03:15:15,26.603
2016-06-15 05:17:17,26.605
2016-06-15 07:18:18,26.604
2016-06-15 09:20:20,26.604
2016-06-15 11:21:21,26.603
2016-06-15 13:24:24,26.603
2016-06-15 15:25:25,26.604
2016-06-15 17:27:27,26.603
2016-06-15 19:28:28,26.604
2016-06-15 21:30:30,26.603
2016-06-15 23:32:32,26.603
2016-06-16 01:33:33,26.604
2016-06-16 03:35:35,26.604
2016-06-16 05:36:36,26.603
2016-06-16 07:39:39,26.603
2016-06-16 09:40:40,26.603
2016-06-16 11:42:42,26.602
2016-06-16 13:43:43,26.603
2016-06-16 15:45:45,26.603
2016-06-16 17:47:47,26.603
2016-06-16 19:48:48,26.604
2016-06-16 21:50:50,26.602
2016-06-16 23:52:52,26.603
2016-06-17 01:54:54,26.604
2016-06-17 03:55:55,26.603
2016-06-17 05:56:56,26.604
2016-06-17 07:59:59,26.603
2016-06-17 10:00:00,26.603
2016-06-17 12:02:02,26.603
2016-06-17 14:03:03,26.602
2016-06-17 16:05:05,26.602
2016-06-17 18:07:07,26.603
2016-06-17 20:09:09,26.603
2016-06-17 22:10:10,26.602
2016-06-18 00:11:11,26.602
2016-06-18 02:14:14,26.602
2016-06-18 04:15:15,26.602
2016-06-18 06:17:17,26.603
2016-06-18 08:18:18,26.603
2016-06-18 10:21:21,26.603
2016-06-18 12:22:22,26.603
2016-06-18 14:23:23,26.603
2016-06-18 16:25:25,26.602
2016-06-18 18:27:27,26.602
2016-06-18 20:29:29,26.602
2016-06-18 22:30:30,26.602
2016-06-19 00:32:32,26.602
2016-06-19 02:34:34,26.602
2016-06-19 04:35:35,26.603
2016-06-19 06:37:37,26.602
2016-06-19 08:38:38,26.602
2016-06-19 10:40:40,26.602
2016-06-19 12:42:42,26.602
2016-06-19 14:44:44,26.602
2016-06-19 16:45:45,26.602
2016-06-19 18:47:47,26.602
2016-06-19 20:49:49,26.602
2016-06-19 22:50:50,26.602
2016-06-20 00:52:52,26.603
2016-06-20 02:53:53,26.602
2016-06-20 04:56:56,26.602
2016-06-20 06:57:57,26.603
2016-06-20 08:59:59,26.603
2016-06-20 11:00:00,26.602
2016-06-20 13:02:02,26.602
2016-06-20 15:04:04,26.602
2016-06-20 17:05:05,26.602
2016-06-20 19:07:07,26.602
2016-06-20 21:09:09,26.602
2016-06-20 23:11:11,26.602
2016-06-21 01:12:12,26.602
2016-06-21 03:14:14,26.602
2016-06-21 05:15:15,26.602
2016-06-21 07:17:17,26.602
2016-06-21 09:19:19,26.602
2016-06-21 11:20:20,26.602
2016-06-21 13:22:22,26.602
2016-06-21 15:24:24,26.602
2016-06-21 17:26:26,26.602
2016-06-21 19:27:27,26.602
2016-06-21 21:28:28,26.602
2016-06-21 23:31:31,26.602
2016-06-22 01:32:32,26.602
2016-06-22 03:34:34,26.602
2016-06-22 05:35:35,26.602
2016-06-22 07:38:38,26.602
2016-06-22 09:39:39,26.602
2016-06-22 11:40:40,26.602
2016-06-22 13:42:42,26.602
2016-06-22 15:44:44,26.602
2016-06-22 17:46:46,26.602
2016-06-22 19:47:47,26.602
2016-06-22 21:49:49,26.602
2016-06-22 23:50:50,26.602
2016-06-23 01:53:53,26.602
2016-06-23 03:54:54,26.602
2016-06-23 05:55:55,26.602
2016-06-23 07:57:57,26.602
2016-06-23 09:59:59,26.602
2016-06-23 12:01:01,26.602
2016-06-23 14:02:02,26.602
2016-06-23 16:04:04,26.602
2016-06-23 18:06:06,26.602
2016-06-23 20:07:07,26.602
2016-06-23 22:09:09,26.602
2016-06-24 00:10:10,26.602
2016-06-24 02:13:13,26.602
2016-06-24 04:14:14,26.602
2016-06-24 06:16:16,26.602
2016-06-24 08:17:17,26.602
2016-06-24 10:19:19,26.603
2016-06-24 12:21:21,26.602
2016-06-24 14:22:22,26.602
2016-06-24 16:24:24,26.602
2016-06-24 18:25:25,26.602
2016-06-24 20:28:28,26.602
2016-06-24 22:29:29,26.603
2016-06-25 00:31:31,26.602
2016-06-25 02:32:32,26.602
2016-06-25 04:34:34,26.602
2016-06-25 06:36:36,26.602
2016-06-25 08:37:37,26.602
2016-06-25 10:39:39,26.602
2016-06-25 12:41:41,26.602
2016-06-25 14:43:43,26.602
2016-06-25 16:44:44,26.602
2016-06-25 18:45:45,26.602
2016-06-25 20:48:48,26.602
2016-06-25 22:49:49,26.602
2016-06-26 00:51:51,26.602
2016-06-26 02:52:52,26.602
2016-06-26 04:54:54,26.602
2016-06-26 06:56:56,26.602
2016-06-26 08:57:57,26.602
2016-06-26 10:59:59,26.602
2016-06-26 13:00:00,26.602
2016-06-26 15:03:03,26.602
2016-06-26 17:04:04,26.602
2016-06-26 19:06:06,26.602
2016-06-26 21:07:07,26.602
2016-06-26 23:10:10,26.602
2016-06-27 01:11:11,26.602
2016-06-27 03:12:12,26.602
2016-06-27 05:14:14,26.602
2016-06-27 07:16:16,26.602
2016-06-27 09:18:18,26.602
2016-06-27 11:19:19,26.602
2016-06-27 13:21:21,26.602
2016-06-27 15:23:23,26.602
2016-06-27 17:24:24,26.602
2016-06-27 19:26:26,26.602
2016-06-27 21:27:27,26.602
2016-06-27 23:29:29,26.602
2016-06-28 01:31:31,26.602
2016-06-28 03:33:33,26.602
2016-06-28 05:34:34,26.602
2016-06-28 07:36:36,26.602
2016-06-28 09:38:38,26.602
2016-06-28 11:39:39,26.602
2016-06-28 13:41:41,26.602
2016-06-28 15:42:42,26.602
2016-06-28 17:45:45,26.602
2016-06-28 19:46:46,26.602
2016-06-28 21:48:48,26.602
2016-06-28 23:49:49,26.602
2016-06-29 01:51:51,26.602
2016-06-29 03:53:53,26.602
2016-06-29 05:54:54,26.602
2016-06-29 07:56:56,26.602
2016-06-29 09:58:58,26.602
2016-06-29 12:00:00,26.602
2016-06-29 14:01:01,26.602
2016-06-29 16:02:02,26.602
2016-06-29 18:04:04,26.602
2016-06-29 20:06:06,26.602
2016-06-29 22:08:08,26.602
2016-06-30 00:09:09,26.602
2016-06-30 02:11:11,26.602
2016-06-30 04:13:13,26.602
2016-06-30 06:15:15,26.602
2016-06-30 08:16:16,26.602
2016-06-30 10:17:17,26.602
2016-06-30 12:20:20,26.602
2016-06-30 14:21:21,26.602
2016-06-30 16:23:23,26.602
2016-06-30 18:24:24,26.602
2016-06-30 20:27:27,26.602
2016-06-30 22:28:28,26.602
2016-07-01 00:29:29,26.602
2016-07-01 02:31:31,26.602
2016-07-01 04:33:33,26.602
2016-07-01 06:35:35,26.602
2016-07-01 08:36:36,26.602
2016-07-01 10:38:38,26.602
2016-07-01 12:39:39,26.602
2016-07-01 14:41:41,26.602
2016-07-01 16:43:43,26.602
2016-07-01 18:44:44,26.602
2016-07-01 20:46:46,26.602
2016-07-01 22:48:48,26.602
2016-07-02 00:50:50,26.602
2016-07-02 02:51:51,26.602
2016-07-02 04:53:53,26.602
2016-07-02 06:55:55,26.602
2016-07-02 08:56:56,26.602
2016-07-02 10:58:58,26.602
2016-07-02 12:59:59,26.602
2016-07-02 15:02:02,26.602
2016-07-02 17:03:03,26.602
2016-07-02 19:05:05,26.602
2016-07-02 21:06:06,26.602
2016-07-02 23:08:08,26.602
2016-07-03 01:10:10,26.602
2016-07-03 03:11:11,26.602
2016-07-03 05:13:13,26.602
2016-07-03 07:14:14,26.602
2016-07-03 09:17:17,26.602
2016-07-03 11:18:18,26.602
2016-07-03 13:20:20,26.602
2016-07-03 15:21:21,26.602
2016-07-03 17:23:23,26.602
2016-07-03 19:25:25,26.601
2016-07-03 21:26:26,26.602
2016-07-03 23:28:28,26.602
2016-07-04 01:30:30,26.602
2016-07-04 03:32:32,26.602
2016-07-04 05:33:33,26.602
2016-07-04 07:34:34,26.602
2016-07-04 09:37:37,26.602
2016-07-04 11:38:38,26.602
2016-07-04 13:40:40,26.602
2016-07-04 15:41:41,26.602
2016-07-04 17:43:43,26.602
2016-07-04 19:45:45,26.602
2016-07-04 21:46:46,26.602
2016-07-04 23:48:48,26.602
2016-07-05 01:49:49,26.602
2016-07-05 03:52:52,26.602
2016-07-05 05:53:53,26.602
2016-07-05 07:55:55,26.602
2016-07-05 09:56:56,26.602
2016-07-05 11:59:59,26.602
2016-07-05 14:00:00,26.602
2016-07-05 16:01:01,26.602
2016-07-05 18:03:03,26.602
2016-07-05 20:05:05,26.602
2016-07-05 22:07:07,26.602
2016-07-06 00:08:08,26.602
2016-07-06 02:10:10,26.602
2016-07-06 04:12:12,26.602
2016-07-06 06:13:13,26.602
2016-07-06 08:15:15,26.602
2016-07-06 10:16:16,26.602
2016-07-06 12:18:18,26.602
2016-07-06 14:20:20,26.602
2016-07-06 16:22:22,26.602
2016-07-06 18:23:23,26.601
2016-07-06 20:24:24,26.602
2016-07-06 22:27:27,26.602
2016-07-07 00:28:28,26.602
2016-07-07 02:30:30,26.602
2016-07-07 04:31:31,26.601
2016-07-07 06:34:34,26.602
2016-07-07 08:35:35,26.601
2016-07-07 10:37:37,26.602
2016-07-07 12:38:38,26.601
2016-07-07 14:40:40,26.602
2016-07-07 16:42:42,26.601
2016-07-07 18:43:43,26.601
2016-07-07 20:45:45,26.601
2016-07-07 22:47:47,26.602
2016-07-08 00:49:49,26.602
2016-07-08 02:50:50,26.601
2016-07-08 04:51:51,26.602
2016-07-08 06:53:53,26.602
2016-07-08 08:55:55,26.602
2016-07-08 10:57:57,26.601
2016-07-08 12:58:58,26.601
2016-07-08 15:00:00,26.602
2016-07-08 17:02:02,26.602
2016-07-08 19:03:03,26.602
2016-07-08 21:05:05,26.601
2016-07-08 23:06:06,26.601
2016-07-09 01:09:09,26.601
2016-07-09 03:10:10,26.601
2016-07-09 05:12:12,26.601
2016-07-09 07:13:13,26.601
2016-07-09 09:16:16,26.601
2016-07-09 11:17:17,26.6
2016-07-09 13:18:18,26.6
2016-07-09 15:20:20,26.601
2016-07-09 17:22:22,26.601
2016-07-09 19:24:24,26.6
2016-07-09 21:25:25,26.601
2016-07-09 23:27:27,26.602
2016-07-10 01:28:28,26.601
2016-07-10 03:30:30,26.602
2016-07-10 05:32:32,26.602
2016-07-10 07:33:33,26.601
2016-07-10 09:35:35,26.601
2016-07-10 11:37:37,26.601
2016-07-10 13:39:39,26.602
2016-07-10 15:40:40,26.601
2016-07-10 17:42:42,26.601
2016-07-10 19:44:44,26.601
2016-07-10 21:45:45,26.601
2016-07-10 23:47:47,26.602
2016-07-11 01:48:48,26.601
2016-07-11 03:51:51,26.601
2016-07-11 05:52:52,26.601
2016-07-11 07:54:54,26.602
2016-07-11 09:55:55,26.602
2016-07-11 11:57:57,26.602
2016-07-11 13:59:59,26.602
2016-07-11 16:00:00,26.601
2016-07-11 18:02:02,26.601
2016-07-11 20:03:03,26.601
2016-07-11 22:06:06,26.601
2016-07-12 00:07:07,26.602
2016-07-12 02:08:08,26.602
2016-07-12 04:10:10,26.601
2016-07-12 06:12:12,26.601
2016-07-12 08:14:14,26.601
2016-07-12 10:15:15,26.601
2016-07-12 12:17:17,26.601
2016-07-12 14:19:19,26.601
2016-07-12 16:21:21,26.6
2016-07-12 18:22:22,26.6
2016-07-12 20:23:23,26.6
2016-07-12 22:26:26,26.6
2016-07-13 00:27:27,26.601
2016-07-13 02:29:29,26.6
2016-07-13 04:30:30,26.6
2016-07-13 06:32:32,26.6
2016-07-13 08:34:34,26.6
2016-07-13 10:35:35,26.6
2016-07-13 12:37:37,26.6
2016-07-13 14:38:38,26.599
2016-07-13 16:41:41,26.599
2016-07-13 18:42:42,26.599
2016-07-13 20:44:44,26.599
2016-07-13 22:45:45,26.598
2016-07-14 00:47:47,26.598
2016-07-14 02:49:49,26.597
2016-07-14 04:50:50,26.598
2016-07-14 06:52:52,26.599
2016-07-14 08:54:54,26.599
2016-07-14 10:56:56,26.598
2016-07-14 12:57:57,26.597
2016-07-14 14:59:59,26.596
2016-07-14 17:01:01,26.596
2016-07-14 19:02:02,26.594
2016-07-14 21:04:04,26.596
2016-07-14 23:05:05,26.598
2016-07-15 01:07:07,26.596
2016-07-15 03:09:09,26.597
2016-07-15 05:11:11,26.598
2016-07-15 07:12:12,26.596
2016-07-15 09:13:13,26.595
2016-07-15 11:16:16,26.595
2016-07-15 13:17:17,26.596
2016-07-15 15:19:19,26.595
2016-07-15 17:20:20,26.594
2016-07-15 19:23:23,26.595
2016-07-15 21:24:24,26.596
2016-07-15 23:26:26,26.594
2016-07-16 01:27:27,26.594
2016-07-16 03:29:29,26.596
2016-07-16 05:31:31,26.596
2016-07-16 07:32:32,26.596
2016-07-16 09:34:34,26.595
2016-07-16 11:36:36,26.595
2016-07-16 13:38:38,26.596
2016-07-16 15:39:39,26.594
2016-07-16 17:40:40,26.594
2016-07-16 19:42:42,26.595
2016-07-16 21:44:44,26.593
2016-07-16 23:46:46,26.595
2016-07-17 01:47:47,26.594
2016-07-17 03:49:49,26.596
2016-07-17 05:51:51,26.594
2016-07-17 07:52:52,26.595
2016-07-17 09:54:54,26.595
2016-07-17 11:55:55,26.595
2016-07-17 13:58:58,26.594
2016-07-17 15:59:59,26.595
2016-07-17 18:01:01,26.593
2016-07-17 20:02:02,26.595
2016-07-17 22:05:05,26.594
2016-07-18 00:06:06,26.594
2016-07-18 02:07:07,26.593
2016-07-18 04:09:09,26.594
2016-07-18 06:11:11,26.596
2016-07-18 08:13:13,26.596
2016-07-18 10:14:14,26.594
2016-07-18 12:16:16,26.593
2016-07-18 14:17:17,26.593
2016-07-18 16:19:19,26.593
2016-07-18 18:21:21,26.593
2016-07-18 20:22:22,26.593
2016-07-18 22:24:24,26.592
2016-07-19 00:26:26,26.593
2016-07-19 02:28:28,26.597
2016-07-19 04:29:29,26.596
2016-07-19 06:30:30,26.595
2016-07-19 08:33:33,26.595
2016-07-19 10:34:34,26.595
2016-07-19 12:36:36,26.594
2016-07-19 14:37:37,26.593
2016-07-19 16:40:40,26.593
2016-07-19 18:41:41,26.593
2016-07-19 20:43:43,26.594
2016-07-19 22:44:44,26.595
2016-07-20 00:46:46,26.596
2016-07-20 02:48:48,26.595
2016-07-20 04:49:49,26.595
2016-07-20 06:51:51,26.596
2016-07-20 08:52:52,26.595
2016-07-20 10:55:55,26.595
2016-07-20 12:56:56,26.594
2016-07-20 14:57:57,26.594
2016-07-20 16:59:59,26.595
2016-07-20 19:01:01,26.595
2016-07-20 21:03:03,26.596
2016-07-20 23:04:04,26.594
2016-07-21 01:06:06,26.596
2016-07-21 03:08:08,26.596
2016-07-21 05:09:09,26.597
2016-07-21 07:11:11,26.598
2016-07-21 09:12:12,26.598
2016-07-21 11:15:15,26.598
2016-07-21 13:16:16,26.599
2016-07-21 15:18:18,26.6
2016-07-21 17:19:19,26.6
2016-07-21 19:21:21,26.6
2016-07-21 21:23:23,26.6
2016-07-21 23:24:24,26.6
2016-07-22 01:26:26,26.601
2016-07-22 03:27:27,26.6
2016-07-22 05:30:30,26.601
2016-07-22 07:31:31,26.601
2016-07-22 09:33:33,26.6
2016-07-22 11:34:34,26.6
2016-07-22 13:36:36,26.601
2016-07-22 15:38:38,26.6
2016-07-22 17:39:39,26.599
2016-07-22 19:41:41,26.6
2016-07-22 21:43:43,26.601
2016-07-22 23:45:45,26.6
2016-07-23 01:46:46,26.601
2016-07-23 03:48:48,26.601
2016-07-23 05:50:50,26.6
2016-07-23 07:51:51,26.599
2016-07-23 09:53:53,26.599
2016-07-23 11:54:54,26.6
2016-07-23 13:56:56,26.6
2016-07-23 15:58:58,26.599
2016-07-23 18:00:00,26.597
2016-07-23 20:01:01,26.6
2016-07-23 22:02:02,26.599
2016-07-24 00:05:05,26.599
2016-07-24 02:06:06,26.599
2016-07-24 04:08:08,26.6
2016-07-24 06:09:09,26.598
2016-07-24 08:12:12,26.6
2016-07-24 10:13:13,26.599
2016-07-24 12:14:14,26.597
2016-07-24 14:16:16,26.598
2016-07-24 16:18:18,26.597
2016-07-24 18:20:20,26.597
2016-07-24 20:21:21,26.598
2016-07-24 22:23:23,26.598
2016-07-25 00:25:25,26.598
2016-07-25 02:27:27,26.597
2016-07-25 04:28:28,26.599
2016-07-25 06:29:29,26.599
2016-07-25 08:31:31,26.597
2016-07-25 10:33:33,26.597
2016-07-25 12:35:35,26.598
2016-07-25 14:36:36,26.598
2016-07-25 16:38:38,26.597
2016-07-25 18:40:40,26.596
2016-07-25 20:41:41,26.597
2016-07-25 22:43:43,26.598
2016-07-26 00:44:44,26.597
2016-07-26 02:47:47,26.597
2016-07-26 04:48:48,26.596
2016-07-26 06:50:50,26.597
2016-07-26 08:51:51,26.597
2016-07-26 10:53:53,26.596
2016-07-26 12:55:55,26.593
2016-07-26 14:56:56,26.593
2016-07-26 16:58:58,26.595
2016-07-26 19:00:00,26.594
2016-07-26 21:02:02,26.593
2016-07-26 23:03:03,26.594
2016-07-27 01:05:05,26.593
2016-07-27 03:06:06,26.593
2016-07-27 05:08:08,26.593
2016-07-27 07:10:10,26.594
2016-07-27 09:11:11,26.592
2016-07-27 11:13:13,26.593
2016-07-27 13:15:15,26.592
2016-07-27 15:17:17,26.592
2016-07-27 17:18:18,26.593
2016-07-27 19:19:19,26.592
2016-07-27 21:22:22,26.593
2016-07-27 23:23:23,26.592
2016-07-28 01:25:25,26.593
2016-07-28 03:26:26,26.593
2016-07-28 05:29:29,26.592
2016-07-28 07:30:30,26.591
2016-07-28 09:32:32,26.592
2016-07-28 11:33:33,26.592
2016-07-28 13:35:35,26.591
2016-07-28 15:37:37,26.59
2016-07-28 17:38:38,26.591
2016-07-28 19:40:40,26.59
2016-07-28 21:41:41,26.59
2016-07-28 23:44:44,26.591
2016-07-29 01:45:45,26.59
2016-07-29 03:46:46,26.591
2016-07-29 05:48:48,26.591
2016-07-29 07:50:50,26.589
2016-07-29 09:52:52,26.59
2016-07-29 11:53:53,26.59
2016-07-29 13:55:55,26.59
2016-07-29 15:57:57,26.59
2016-07-29 17:58:58,26.59
2016-07-29 20:00:00,26.589
2016-07-29 22:01:01,26.59
2016-07-30 00:04:04,26.59
2016-07-30 02:05:05,26.59
2016-07-30 04:07:07,26.59
2016-07-30 06:08:08,26.59
2016-07-30 08:10:10,26.59
2016-07-30 10:12:12,26.59
2016-07-30 12:13:13,26.59
2016-07-30 14:15:15,26.589
2016-07-30 16:16:16,26.589
2016-07-30 18:19:19,26.589
2016-07-30 20:20:20,26.589
2016-07-30 22:22:22,26.59
2016-07-31 00:23:23,26.59
2016-07-31 02:25:25,26.59
2016-07-31 04:27:27,26.589
2016-07-31 06:28:28,26.589
2016-07-31 08:30:30,26.589
2016-07-31 10:32:32,26.59
2016-07-31 12:34:34,26.589
2016-07-31 14:35:35,26.589
2016-07-31 16:36:36,26.589
2016-07-31 18:39:39,26.589
2016-07-31 20:40:40,26.589
2016-07-31 22:42:42,26.59
2016-08-01 00:43:43,26.589
2016-08-01 02:45:45,26.589
2016-08-01 04:47:47,26.589
2016-08-01 06:49:49,26.589
2016-08-01 08:50:50,26.589
2016-08-01 10:51:51,26.589
2016-08-01 12:54:54,26.589
2016-08-01 14:55:55,26.589
2016-08-01 16:57:57,26.589
2016-08-01 18:58:58,26.589
2016-08-01 21:01:01,26.589
2016-08-01 23:02:02,26.589
2016-08-02 01:03:03,26.589
2016-08-02 03:05:05,26.589
2016-08-02 05:07:07,26.589
2016-08-02 07:09:09,26.589
2016-08-02 09:10:10,26.589
2016-08-02 11:12:12,26.589
2016-08-02 13:14:14,26.589
2016-08-02 15:15:15,26.589
2016-08-02 17:17:17,26.589
2016-08-02 19:18:18,26.589
2016-08-02 21:20:20,26.589
2016-08-02 23:22:22,26.589
2016-08-03 01:24:24,26.589
2016-08-03 03:25:25,26.589
2016-08-03 05:27:27,26.589
2016-08-03 07:29:29,26.589
2016-08-03 09:30:30,26.589
2016-08-03 11:32:32,26.589
2016-08-03 13:33:33,26.589
2016-08-03 15:36:36,26.589
2016-08-03 17:37:37,26.589
2016-08-03 19:39:39,26.589
2016-08-03 21:40:40,26.589
2016-08-03 23:42:42,26.589
2016-08-04 01:44:44,26.589
2016-08-04 03:45:45,26.589
2016-08-04 05:47:47,26.589
2016-08-04 07:49:49,26.589
2016-08-04 09:51:51,26.589
2016-08-04 11:52:52,26.589
2016-08-04 13:54:54,26.589
2016-08-04 15:55:55,26.589
2016-08-04 17:57:57,26.589
2016-08-04 19:59:59,26.589
2016-08-04 22:00:00,26.589
2016-08-05 00:02:02,26.589
2016-08-05 02:04:04,26.589
2016-08-05 04:06:06,26.589
2016-08-05 06:07:07,26.589
2016-08-05 08:08:08,26.589
2016-08-05 10:11:11,26.589
2016-08-05 12:12:12,26.589
2016-08-05 14:14:14,26.589
2016-08-05 16:15:15,26.589
2016-08-05 18:18:18,26.589
2016-08-05 20:19:19,26.589
2016-08-05 22:20:20,26.589
2016-08-06 00:22:22,26.589
2016-08-06 02:24:24,26.589
2016-08-06 04:26:26,26.589
2016-08-06 06:27:27,26.589
2016-08-06 08:29:29,26.589
2016-08-06 10:30:30,26.589
2016-08-06 12:33:33,26.589
2016-08-06 14:34:34,26.589
2016-08-06 16:35:35,26.589
2016-08-06 18:37:37,26.589
2016-08-06 20:39:39,26.589
2016-08-06 22:41:41,26.589
2016-08-07 00:42:42,26.589
2016-08-07 02:44:44,26.589
2016-08-07 04:46:46,26.589
2016-08-07 06:47:47,26.589
2016-08-07 08:49:49,26.589
2016-08-07 10:50:50,26.589
2016-08-07 12:53:53,26.589
2016-08-07 14:54:54,26.589
2016-08-07 16:56:56,26.589
2016-08-07 18:57:57,26.589
2016-08-07 20:59:59,26.589
2016-08-07 23:01:01,26.589
2016-08-08 01:02:02,26.589
2016-08-08 03:04:04,26.589
2016-08-08 05:05:05,26.589
2016-08-08 07:08:08,26.589
2016-08-08 09:09:09,26.589
2016-08-08 11:11:11,26.589
2016-08-08 13:12:12,26.589
2016-08-08 15:14:14,26.589
2016-08-08 17:16:16,26.589
2016-08-08 19:17:17,26.589
2016-08-08 21:19:19,26.589
2016-08-08 23:21:21,26.589
2016-08-09 01:23:23,26.589
2016-08-09 03:24:24,26.589
2016-08-09 05:25:25,26.589
2016-08-09 07:28:28,26.589
2016-08-09 09:29:29,26.589
2016-08-09 11:31:31,26.589
2016-08-09 13:32:32,26.589
2016-08-09 15:34:34,26.589
2016-08-09 17:36:36,26.589
2016-08-09 19:37:37,26.589
2016-08-09 21:39:39,26.589
2016-08-09 23:40:40,26.589
2016-08-10 01:43:43,26.589
2016-08-10 03:44:44,26.589
2016-08-10 05:46:46,26.589
2016-08-10 07:47:47,26.589
2016-08-10 09:50:50,26.589
2016-08-10 11:51:51,26.589
2016-08-10 13:52:52,26.589
2016-08-10 15:54:54,26.589
2016-08-10 17:56:56,26.589
2016-08-10 19:58:58,26.589
2016-08-10 21:59:59,26.589
2016-08-11 00:01:01,26.589
2016-08-11 02:03:03,26.589
2016-08-11 04:04:04,26.589
2016-08-11 06:06:06,26.589
2016-08-11 08:07:07,26.589
2016-08-11 10:09:09,26.589
2016-08-11 12:11:11,26.589
2016-08-11 14:13:13,26.589
2016-08-11 16:14:14,26.589
2016-08-11 18:16:16,26.589
2016-08-11 20:18:18,26.589
2016-08-11 22:19:19,26.589
2016-08-12 00:21:21,26.589
2016-08-12 02:22:22,26.589
2016-08-12 04:25:25,26.589
2016-08-12 06:26:26,26.589
2016-08-12 08:28:28,26.589
2016-08-12 10:29:29,26.589
2016-08-12 12:31:31,26.589
2016-08-12 14:12:12,26.589
2016-08-12 16:42:42,26.589
2016-08-12 18:43:43,26.589
2016-08-12 20:44:44,26.589
2016-08-12 22:46:46,26.589
2016-08-13 00:47:47,26.589
2016-08-13 02:49:49,26.589
2016-08-13 04:50:50,26.589
2016-08-13 06:52:52,26.589
2016-08-13 08:53:53,26.589
2016-08-13 10:55:55,26.589
2016-08-13 12:56:56,26.589
2016-08-13 14:57:57,26.589
2016-08-13 16:59:59,26.589
2016-08-13 19:00:00,26.589
2016-08-13 21:02:02,26.589
2016-08-13 23:03:03,26.589
2016-08-14 01:05:05,26.589
2016-08-14 03:06:06,26.589
2016-08-14 05:08:08,26.589
2016-08-14 07:09:09,26.589
2016-08-14 09:10:10,26.589
2016-08-14 11:12:12,26.589
2016-08-14 13:13:13,26.589
2016-08-14 15:15:15,26.589
2016-08-14 17:16:16,26.589
2016-08-14 19:18:18,26.589
2016-08-14 21:19:19,26.589
2016-08-14 23:21:21,26.589
2016-08-15 01:22:22,26.589
2016-08-15 03:23:23,26.589
2016-08-15 05:25:25,26.589
2016-08-15 07:26:26,26.589
2016-08-15 09:28:28,26.589
2016-08-15 11:29:29,26.589
2016-08-15 13:31:31,26.589
2016-08-15 15:32:32,26.589
2016-08-15 17:34:34,26.589
2016-08-15 19:35:35,26.589
2016-08-15 21:36:36,26.589
2016-08-15 23:38:38,26.589
2016-08-16 01:39:39,26.589
2016-08-16 03:41:41,26.589
2016-08-16 05:42:42,26.589
2016-08-16 07:44:44,26.589
2016-08-16 09:45:45,26.589
2016-08-16 11:47:47,26.589
2016-08-16 13:48:48,26.589
2016-08-16 15:49:49,26.589
2016-08-16 17:51:51,26.589
2016-08-16 19:52:52,26.589
2016-08-16 21:54:54,26.589
2016-08-16 23:55:55,26.589
2016-08-17 01:57:57,26.589
2016-08-17 03:58:58,26.589
2016-08-17 05:59:59,26.589
2016-08-17 08:01:01,26.589
2016-08-17 10:02:02,26.589
2016-08-17 12:04:04,26.589
2016-08-17 14:05:05,26.589
2016-08-17 16:07:07,26.589
2016-08-17 18:08:08,26.589
2016-08-17 20:10:10,26.589
2016-08-17 22:11:11,26.589
2016-08-18 00:12:12,26.589
2016-08-18 02:14:14,26.588
2016-08-18 04:15:15,26.589
2016-08-18 06:17:17,26.588
2016-08-18 08:18:18,26.588
2016-08-18 10:20:20,26.589
2016-08-18 12:21:21,26.589
2016-08-18 14:23:23,26.589
2016-08-18 16:24:24,26.589
2016-08-18 18:25:25,26.588
2016-08-18 20:27:27,26.588
2016-08-18 22:28:28,26.589
2016-08-19 00:30:30,26.588
2016-08-19 02:31:31,26.588
2016-08-19 04:33:33,26.588
2016-08-19 06:34:34,26.589
2016-08-19 08:36:36,26.589
2016-08-19 10:37:37,26.588
2016-08-19 12:38:38,26.588
2016-08-19 14:40:40,26.589
2016-08-19 16:41:41,26.589
2016-08-19 18:43:43,26.588
2016-08-19 20:44:44,26.588
2016-08-19 22:46:46,26.587
2016-08-20 00:47:47,26.588
2016-08-20 02:49:49,26.588
2016-08-20 04:50:50,26.587
2016-08-20 06:51:51,26.588
2016-08-20 08:53:53,26.587
2016-08-20 10:54:54,26.588
2016-08-20 12:56:56,26.588
2016-08-20 14:57:57,26.586
2016-08-20 16:59:59,26.587
2016-08-20 19:00:00,26.588
2016-08-20 21:01:01,26.587
2016-08-20 23:03:03,26.586
2016-08-21 01:04:04,26.586
2016-08-21 03:06:06,26.587
2016-08-21 05:07:07,26.586
2016-08-21 07:09:09,26.585
2016-08-21 09:10:10,26.585
2016-08-21 11:12:12,26.586
2016-08-21 13:13:13,26.585
2016-08-21 15:14:14,26.587
2016-08-21 17:16:16,26.585
2016-08-21 19:17:17,26.586
2016-08-21 21:19:19,26.587
2016-08-21 23:20:20,26.583
2016-08-22 01:22:22,26.586
2016-08-22 03:23:23,26.585
2016-08-22 05:25:25,26.584
2016-08-22 07:26:26,26.584
2016-08-22 09:27:27,26.582
2016-08-22 11:29:29,26.584
2016-08-22 13:30:30,26.584
2016-08-22 15:32:32,26.581
2016-08-22 17:33:33,26.583
2016-08-22 19:35:35,26.582
2016-08-22 21:36:36,26.582
2016-08-22 23:38:38,26.582
2016-08-23 01:39:39,26.581
2016-08-23 03:40:40,26.581
2016-08-23 05:42:42,26.582
2016-08-23 07:43:43,26.582
2016-08-23 09:45:45,26.581
2016-08-23 11:46:46,26.58
2016-08-23 13:48:48,26.58
2016-08-23 15:49:49,26.581
2016-08-23 17:51:51,26.581
2016-08-23 19:52:52,26.581
2016-08-23 21:53:53,26.579
2016-08-23 23:55:55,26.58
2016-08-24 01:56:56,26.58
2016-08-24 03:58:58,26.58
2016-08-24 05:59:59,26.58
2016-08-24 08:01:01,26.581
2016-08-24 10:02:02,26.581
2016-08-24 12:04:04,26.58
2016-08-24 14:05:05,26.58
2016-08-24 16:06:06,26.582
2016-08-24 18:08:08,26.579
2016-08-24 20:09:09,26.579
2016-08-24 22:11:11,26.579
2016-08-25 00:12:12,26.58
2016-08-25 02:14:14,26.58
2016-08-25 04:15:15,26.58
2016-08-25 06:16:16,26.581
2016-08-25 08:18:18,26.58
2016-08-25 10:19:19,26.581
2016-08-25 12:21:21,26.583
2016-08-25 14:22:22,26.58
2016-08-25 16:24:24,26.581
2016-08-25 18:25:25,26.581
2016-08-25 20:27:27,26.579
2016-08-25 22:28:28,26.58
2016-08-26 00:29:29,26.579
2016-08-26 02:31:31,26.58
2016-08-26 04:32:32,26.581
2016-08-26 06:34:34,26.578
2016-08-26 08:35:35,26.582
2016-08-26 10:37:37,26.58
2016-08-26 12:38:38,26.58
2016-08-26 14:40:40,26.58
2016-08-26 16:41:41,26.58
2016-08-26 18:42:42,26.581
2016-08-26 20:44:44,26.581
2016-08-26 22:45:45,26.58
2016-08-27 00:47:47,26.58
2016-08-27 02:48:48,26.578
2016-08-27 04:50:50,26.577
2016-08-27 06:51:51,26.577
2016-08-27 08:53:53,26.576
2016-08-27 10:54:54,26.578
2016-08-27 12:55:55,26.577
2016-08-27 14:57:57,26.577
2016-08-27 16:58:58,26.578
2016-08-27 19:00:00,26.578
2016-08-27 21:01:01,26.578
2016-08-27 23:03:03,26.577
2016-08-28 01:04:04,26.577
2016-08-28 03:06:06,26.577
2016-08-28 05:07:07,26.577
2016-08-28 07:08:08,26.576
2016-08-28 09:10:10,26.576
2016-08-28 11:11:11,26.577
2016-08-28 13:13:13,26.577
2016-08-28 15:14:14,26.576
2016-08-28 17:16:16,26.577
2016-08-28 19:17:17,26.577
2016-08-28 21:18:18,26.576
2016-08-28 23:20:20,26.576
2016-08-29 01:21:21,26.576
2016-08-29 03:23:23,26.576
2016-08-29 05:24:24,26.576
2016-08-29 07:26:26,26.576
2016-08-29 09:27:27,26.576
2016-08-29 11:29:29,26.576
2016-08-29 13:30:30,26.576
2016-08-29 15:31:31,26.576
2016-08-29 17:33:33,26.576
2016-08-29 19:34:34,26.576
2016-08-29 21:36:36,26.576
2016-08-29 23:37:37,26.576
2016-08-30 01:39:39,26.576
2016-08-30 03:40:40,26.576
2016-08-30 05:42:42,26.576
2016-08-30 07:43:43,26.576
2016-08-30 09:44:44,26.576
2016-08-30 11:46:46,26.576
2016-08-30 13:47:47,26.576
2016-08-30 15:49:49,26.575
2016-08-30 17:50:50,26.576
2016-08-30 19:52:52,26.575
2016-08-30 21:53:53,26.576
2016-08-30 23:55:55,26.575
2016-08-31 01:56:56,26.576
2016-08-31 03:57:57,26.575
2016-08-31 05:59:59,26.575
2016-08-31 08:00:00,26.575
2016-08-31 10:02:02,26.575
2016-08-31 12:03:03,26.574
2016-08-31 14:05:05,26.574
2016-08-31 16:06:06,26.574
2016-08-31 18:08:08,26.574
2016-08-31 20:09:09,26.574
2016-08-31 22:10:10,26.574
2016-09-01 00:12:12,26.575
2016-09-01 02:13:13,26.573
2016-09-01 04:15:15,26.573
2016-09-01 06:16:16,26.574
2016-09-01 08:18:18,26.574
2016-09-01 10:19:19,26.572
2016-09-01 12:21:21,26.572
2016-09-01 14:22:22,26.572
2016-09-01 16:23:23,26.572
2016-09-01 18:25:25,26.571
2016-09-01 20:26:26,26.571
2016-09-01 22:28:28,26.57
2016-09-02 00:29:29,26.57
2016-09-02 02:31:31,26.571
2016-09-02 04:32:32,26.57
2016-09-02 06:33:33,26.571
2016-09-02 08:35:35,26.572
2016-09-02 10:36:36,26.57
2016-09-02 12:38:38,26.571
2016-09-02 14:39:39,26.57
2016-09-02 16:41:41,26.571
2016-09-02 18:42:42,26.568
2016-09-02 20:44:44,26.568
2016-09-02 22:45:45,26.568
2016-09-03 00:46:46,26.569
2016-09-03 02:48:48,26.568
2016-09-03 04:49:49,26.568
2016-09-03 06:51:51,26.567
2016-09-03 08:52:52,26.567
2016-09-03 10:54:54,26.567
2016-09-03 12:55:55,26.567
2016-09-03 14:57:57,26.567
2016-09-03 16:58:58,26.566
2016-09-03 18:59:59,26.567
2016-09-03 21:01:01,26.566
2016-09-03 23:02:02,26.566
2016-09-04 01:04:04,26.566
2016-09-04 03:05:05,26.565
2016-09-04 05:07:07,26.566
2016-09-04 07:08:08,26.565
2016-09-04 09:10:10,26.566
2016-09-04 11:11:11,26.565
2016-09-04 13:12:12,26.564
2016-09-04 15:14:14,26.565
2016-09-04 17:15:15,26.564
2016-09-04 19:17:17,26.565
2016-09-04 21:18:18,26.566
2016-09-04 23:20:20,26.566
2016-09-05 01:21:21,26.566
2016-09-05 03:23:23,26.567
2016-09-05 05:24:24,26.566
2016-09-05 07:25:25,26.568
2016-09-05 09:27:27,26.567
2016-09-05 11:28:28,26.567
2016-09-05 13:30:30,26.567
2016-09-05 15:31:31,26.567
2016-09-05 17:33:33,26.567
2016-09-05 19:34:34,26.567
2016-09-05 21:35:35,26.567
2016-09-05 23:37:37,26.568
2016-09-06 01:38:38,26.567
2016-09-06 03:40:40,26.568
2016-09-06 05:41:41,26.568
2016-09-06 07:43:43,26.567
2016-09-06 09:44:44,26.567
2016-09-06 11:46:46,26.568
2016-09-06 13:47:47,26.567
2016-09-06 15:48:48,26.567
2016-09-06 17:50:50,26.567
2016-09-06 19:51:51,26.567
2016-09-06 21:53:53,26.567
2016-09-06 23:54:54,26.566
2016-09-07 01:56:56,26.567
2016-09-07 03:57:57,26.567
2016-09-07 05:59:59,26.567
2016-09-07 08:00:00,26.566
2016-09-07 10:01:01,26.567
2016-09-07 12:03:03,26.565
2016-09-07 14:04:04,26.567
2016-09-07 16:06:06,26.566
2016-09-07 18:07:07,26.565
2016-09-07 20:09:09,26.566
2016-09-07 22:10:10,26.566
2016-09-08 00:12:12,26.565
2016-09-08 02:13:13,26.566
2016-09-08 04:14:14,26.565
2016-09-08 06:16:16,26.565
2016-09-08 08:17:17,26.565
2016-09-08 10:19:19,26.566
2016-09-08 12:20:20,26.565
2016-09-08 14:22:22,26.566
2016-09-08 16:23:23,26.565
2016-09-08 18:25:25,26.565
2016-09-08 20:26:26,26.565
2016-09-08 22:27:27,26.565
2016-09-09 00:29:29,26.565
2016-09-09 02:30:30,26.565
2016-09-09 04:32:32,26.564
2016-09-09 06:33:33,26.564
2016-09-09 08:35:35,26.565
2016-09-09 10:36:36,26.565
2016-09-09 12:38:38,26.564
2016-09-09 14:39:39,26.564
2016-09-09 16:40:40,26.564
2016-09-09 18:42:42,26.564
2016-09-09 20:43:43,26.564
2016-09-09 22:45:45,26.565
2016-09-10 00:46:46,26.564
2016-09-10 02:48:48,26.564
2016-09-10 04:49:49,26.565
2016-09-10 06:50:50,26.564
2016-09-10 08:52:52,26.564
2016-09-10 10:53:53,26.564
2016-09-10 12:55:55,26.564
2016-09-10 14:56:56,26.564
2016-09-10 16:58:58,26.564
2016-09-10 18:59:59,26.564
2016-09-10 21:01:01,26.564
2016-09-10 23:02:02,26.564
2016-09-11 01:03:03,26.564
2016-09-11 03:05:05,26.564
2016-09-11 05:06:06,26.564
2016-09-11 07:08:08,26.564
2016-09-11 09:09:09,26.564
2016-09-11 11:11:11,26.564
2016-09-11 13:12:12,26.564
2016-09-11 15:14:14,26.564
2016-09-11 17:15:15,26.564
2016-09-11 19:16:16,26.564
2016-09-11 21:18:18,26.564
2016-09-11 23:19:19,26.564
2016-09-12 01:21:21,26.564
2016-09-12 03:22:22,26.564
2016-09-12 05:24:24,26.564
2016-09-12 07:25:25,26.564
2016-09-12 09:27:27,26.564
2016-09-12 11:28:28,26.564
2016-09-12 13:29:29,26.564
2016-09-12 15:31:31,26.564
2016-09-12 17:32:32,26.564
2016-09-12 19:34:34,26.564
2016-09-12 21:35:35,26.564
2016-09-12 23:37:37,26.564
2016-09-13 01:38:38,26.564
2016-09-13 03:40:40,26.564
2016-09-13 05:41:41,26.564
2016-09-13 07:42:42,26.564
2016-09-13 09:44:44,26.564
2016-09-13 11:45:45,26.564
2016-09-13 13:47:47,26.564
2016-09-13 15:48:48,26.564
2016-09-13 17:50:50,26.564
2016-09-13 19:51:51,26.564
2016-09-13 21:53:53,26.564
2016-09-13 23:54:54,26.564
2016-09-14 01:55:55,26.564
2016-09-14 03:57:57,26.564
2016-09-14 05:58:58,26.564
2016-09-14 08:00:00,26.564
2016-09-14 10:01:01,26.564
2016-09-14 12:03:03,26.564
2016-09-14 14:04:04,26.564
2016-09-14 16:05:05,26.564
2016-09-14 18:07:07,26.564
2016-09-14 20:08:08,26.564
2016-09-14 22:10:10,26.564
2016-09-15 00:11:11,26.564
2016-09-15 02:13:13,26.564
2016-09-15 04:14:14,26.564
2016-09-15 06:16:16,26.564
2016-09-15 08:17:17,26.564
2016-09-15 10:18:18,26.564
2016-09-15 12:20:20,26.564
2016-09-15 14:21:21,26.564
2016-09-15 16:23:23,26.564
2016-09-15 18:24:24,26.564
2016-09-15 20:26:26,26.564
2016-09-15 22:27:27,26.564
2016-09-16 00:29:29,26.564
2016-09-16 02:30:30,26.564
2016-09-16 04:31:31,26.564
2016-09-16 06:33:33,26.564
2016-09-16 08:34:34,26.564
2016-09-16 10:36:36,26.564
2016-09-16 12:37:37,26.564
2016-09-16 14:39:39,26.564
2016-09-16 16:40:40,26.564
2016-09-16 18:42:42,26.564
2016-09-16 20:43:43,26.564
2016-09-16 22:44:44,26.564
2016-09-17 00:46:46,26.564
2016-09-17 02:47:47,26.564
2016-09-17 04:49:49,26.564
2016-09-17 06:50:50,26.564
2016-09-17 08:52:52,26.564
2016-09-17 10:53:53,26.564
2016-09-17 12:55:55,26.564
2016-09-17 14:56:56,26.564
2016-09-17 16:57:57,26.563
2016-09-17 18:59:59,26.564
2016-09-17 21:00:00,26.564
2016-09-17 23:02:02,26.563
2016-09-18 01:03:03,26.563
2016-09-18 03:05:05,26.563
2016-09-18 05:06:06,26.564
2016-09-18 07:07:07,26.563
2016-09-18 09:09:09,26.563
2016-09-18 11:10:10,26.563
2016-09-18 13:12:12,26.563
2016-09-18 15:13:13,26.563
2016-09-18 17:15:15,26.562
2016-09-18 19:16:16,26.563
2016-09-18 21:18:18,26.562
2016-09-18 23:19:19,26.563
2016-09-19 01:20:20,26.563
2016-09-19 03:22:22,26.562
2016-09-19 05:23:23,26.563
2016-09-19 07:25:25,26.564
2016-09-19 09:26:26,26.563
2016-09-19 11:28:28,26.563
2016-09-19 13:29:29,26.563
2016-09-19 15:31:31,26.563
2016-09-19 17:32:32,26.562
2016-09-19 19:33:33,26.562
2016-09-19 21:35:35,26.562
2016-09-19 23:36:36,26.563
2016-09-20 01:38:38,26.563
2016-09-20 03:39:39,26.561
2016-09-20 05:41:41,26.562
2016-09-20 07:42:42,26.562
2016-09-20 09:44:44,26.563
2016-09-20 11:45:45,26.561
2016-09-20 13:46:46,26.561
2016-09-20 15:48:48,26.561
2016-09-20 17:49:49,26.56
2016-09-20 19:51:51,26.562
2016-09-20 21:52:52,26.562
2016-09-20 23:54:54,26.562
