time,battery_dc_voltage
2016-06-01 00:00:00,345.293762
2016-06-01 00:02:53,344.536255
2016-06-01 00:05:46,345.420013
2016-06-01 00:08:39,344.410004
2016-06-01 00:11:32,344.788757
2016-06-01 00:14:25,345.420013
2016-06-01 00:17:18,344.536255
2016-06-01 00:20:11,344.915009
2016-06-01 00:23:04,344.915009
2016-06-01 00:25:57,344.283752
2016-06-01 00:28:50,345.546265
2016-06-01 00:31:43,344.915009
2016-06-01 00:34:36,345.167511
2016-06-01 00:37:29,344.662506
2016-06-01 00:40:22,344.157501
2016-06-01 00:43:15,344.915009
2016-06-01 00:46:08,344.410004
2016-06-01 00:49:01,344.157501
2016-06-01 00:51:54,345.672485
2016-06-01 00:54:47,345.167511
2016-06-01 00:57:40,344.662506
2016-06-01 01:00:33,345.672485
2016-06-01 01:03:26,345.798737
2016-06-01 01:06:19,344.410004
2016-06-01 01:09:12,344.283752
2016-06-01 01:12:05,345.293762
2016-06-01 01:14:58,344.410004
2016-06-01 01:17:51,344.662506
2016-06-01 01:20:44,344.536255
2016-06-01 01:23:37,344.915009
2016-06-01 01:26:30,344.410004
2016-06-01 01:29:23,345.672485
2016-06-01 01:32:16,345.924988
2016-06-01 01:35:09,345.420013
2016-06-01 01:38:02,345.672485
2016-06-01 01:40:55,344.157501
2016-06-01 01:43:48,344.03125
2016-06-01 01:46:41,345.546265
2016-06-01 01:49:34,344.283752
2016-06-01 01:52:27,343.904999
2016-06-01 01:55:20,345.293762
2016-06-01 01:58:13,345.167511
2016-06-01 02:01:06,345.420013
2016-06-01 02:03:59,344.03125
2016-06-01 02:06:52,344.788757
2016-06-01 02:09:45,343.904999
2016-06-01 02:12:38,345.04126
2016-06-01 02:15:31,344.157501
2016-06-01 02:18:24,344.662506
2016-06-01 02:21:17,343.904999
2016-06-01 02:24:10,344.788757
2016-06-01 02:27:03,343.778748
2016-06-01 02:29:56,343.778748
2016-06-01 02:32:49,343.652496
2016-06-01 02:35:42,344.915009
2016-06-01 02:38:35,343.778748
2016-06-01 02:41:28,344.536255
2016-06-01 02:44:21,344.157501
2016-06-01 02:47:14,345.167511
2016-06-01 02:50:07,344.03125
2016-06-01 02:53:00,343.778748
2016-06-01 02:55:53,345.04126
2016-06-01 02:58:46,343.652496
2016-06-01 03:01:39,344.410004
2016-06-01 03:04:32,343.652496
2016-06-01 03:07:25,345.04126
2016-06-01 03:10:18,344.157501
2016-06-01 03:13:11,344.283752
2016-06-01 03:16:04,344.410004
2016-06-01 03:18:57,345.293762
2016-06-01 03:21:50,345.293762
2016-06-01 03:24:43,345.546265
2016-06-01 03:27:36,344.662506
2016-06-01 03:30:29,343.526245
2016-06-01 03:33:22,343.904999
2016-06-01 03:36:15,345.04126
2016-06-01 03:39:08,344.410004
2016-06-01 03:42:01,344.03125
2016-06-01 03:44:54,344.788757
2016-06-01 03:47:47,345.293762
2016-06-01 03:50:40,344.536255
2016-06-01 03:53:33,343.526245
2016-06-01 03:56:26,344.410004
2016-06-01 03:59:19,345.420013
2016-06-01 04:02:12,345.04126
2016-06-01 04:05:05,343.904999
2016-06-01 04:07:58,345.167511
2016-06-01 04:10:51,344.788757
2016-06-01 04:13:44,343.526245
2016-06-01 04:16:37,344.283752
2016-06-01 04:19:30,344.410004
2016-06-01 04:22:23,344.915009
2016-06-01 04:25:16,343.904999
2016-06-01 04:28:09,345.546265
2016-06-01 04:31:02,345.167511
2016-06-01 04:33:55,343.399994
2016-06-01 04:36:48,344.410004
2016-06-01 04:39:41,345.420013
2016-06-01 04:42:34,345.420013
2016-06-01 04:45:27,344.536255
2016-06-01 04:48:20,343.652496
2016-06-01 04:51:13,344.03125
2016-06-01 04:54:06,344.410004
2016-06-01 04:56:59,344.03125
2016-06-01 04:59:52,344.788757
2016-06-01 05:02:45,345.293762
2016-06-01 05:05:38,343.526245
2016-06-01 05:08:31,345.167511
2016-06-01 05:11:24,344.283752
2016-06-01 05:14:17,344.536255
2016-06-01 05:17:10,344.662506
2016-06-01 05:20:03,344.283752
2016-06-01 05:22:56,344.157501
2016-06-01 05:25:49,343.273743
2016-06-01 05:28:42,345.167511
2016-06-01 05:31:35,343.399994
2016-06-01 05:34:28,344.157501
2016-06-01 05:37:21,343.652496
2016-06-01 05:40:14,343.778748
2016-06-01 05:43:07,343.273743
2016-06-01 05:46:00,344.283752
2016-06-01 05:48:53,343.399994
2016-06-01 05:51:46,344.03125
2016-06-01 05:54:39,344.157501
2016-06-01 05:57:32,344.283752
2016-06-01 06:00:25,344.410004
2016-06-01 06:03:18,344.157501
2016-06-01 06:06:11,343.778748
2016-06-01 06:09:04,344.283752
2016-06-01 06:11:57,345.04126
2016-06-01 06:14:50,343.904999
2016-06-01 06:17:43,343.904999
2016-06-01 06:20:36,345.04126
2016-06-01 06:23:29,344.157501
2016-06-01 06:26:22,344.915009
2016-06-01 06:29:15,344.03125
2016-06-01 06:32:08,344.536255
2016-06-01 06:35:01,343.778748
2016-06-01 06:37:54,344.662506
2016-06-01 06:40:47,343.147491
2016-06-01 06:43:40,343.526245
2016-06-01 06:46:33,343.399994
2016-06-01 06:49:26,343.526245
2016-06-01 06:52:19,343.399994
2016-06-01 06:55:12,343.652496
2016-06-01 06:58:05,344.915009
2016-06-01 07:00:58,344.788757
2016-06-01 07:03:51,344.157501
2016-06-01 07:06:44,344.662506
2016-06-01 07:09:37,344.03125
2016-06-01 07:12:30,343.273743
2016-06-01 07:15:23,344.410004
2016-06-01 07:18:16,343.147491
2016-06-01 07:21:09,343.526245
2016-06-01 07:24:02,344.283752
2016-06-01 07:26:55,343.399994
2016-06-01 07:29:48,344.915009
2016-06-01 07:32:41,343.526245
2016-06-01 07:35:34,344.157501
2016-06-01 07:38:27,344.410004
2016-06-01 07:41:20,344.915009
2016-06-01 07:44:13,345.04126
2016-06-01 07:47:06,343.652496
2016-06-01 07:49:59,343.652496
2016-06-01 07:52:52,344.157501
2016-06-01 07:55:45,342.894989
2016-06-01 07:58:38,343.904999
2016-06-01 08:01:31,343.526245
2016-06-01 08:04:24,343.02124
2016-06-01 08:07:17,344.157501
2016-06-01 08:10:10,345.04126
2016-06-01 08:13:03,343.02124
2016-06-01 08:15:56,344.157501
2016-06-01 08:18:49,343.778748
2016-06-01 08:21:42,343.526245
2016-06-01 08:24:35,344.410004
2016-06-01 08:27:28,343.778748
2016-06-01 08:30:21,345.04126
2016-06-01 08:33:14,344.157501
2016-06-01 08:36:07,344.283752
2016-06-01 08:39:00,344.915009
2016-06-01 08:41:53,343.904999
2016-06-01 08:44:46,344.157501
2016-06-01 08:47:39,344.283752
2016-06-01 08:50:32,343.273743
2016-06-01 08:53:25,344.662506
2016-06-01 08:56:18,344.410004
2016-06-01 08:59:11,344.03125
2016-06-01 09:02:04,343.778748
2016-06-01 09:04:57,344.536255
2016-06-01 09:07:50,344.915009
2016-06-01 09:10:43,345.04126
2016-06-01 09:13:36,343.147491
2016-06-01 09:16:29,344.410004
2016-06-01 09:19:22,343.652496
2016-06-01 09:22:15,343.526245
2016-06-01 09:25:08,343.273743
2016-06-01 09:28:01,344.662506
2016-06-01 09:30:54,344.157501
2016-06-01 09:33:47,344.157501
2016-06-01 09:36:40,343.273743
2016-06-01 09:39:33,343.778748
2016-06-01 09:42:26,343.273743
2016-06-01 09:45:19,344.03125
2016-06-01 09:48:12,343.526245
2016-06-01 09:51:05,344.662506
2016-06-01 09:53:58,343.02124
2016-06-01 09:56:51,344.788757
2016-06-01 09:59:44,343.273743
2016-06-01 10:02:37,336.456238
2016-06-01 10:05:30,339.991241
2016-06-01 10:08:23,343.399994
2016-06-01 10:11:16,346.682495
2016-06-01 10:14:09,341.001251
2016-06-01 10:17:02,330.901245
2016-06-01 10:19:55,346.556244
2016-06-01 10:22:48,345.167511
2016-06-01 10:25:41,338.981262
2016-06-01 10:28:34,334.5625
2016-06-01 10:31:27,342.390015
2016-06-01 10:34:20,349.081238
2016-06-01 10:37:13,330.39624
2016-06-01 10:40:06,348.323761
2016-06-01 10:42:59,330.901245
2016-06-01 10:45:52,333.173737
2016-06-01 10:48:45,348.828735
2016-06-01 10:51:38,353.878754
2016-06-01 10:54:31,341.001251
2016-06-01 10:57:24,337.213745
2016-06-01 11:00:17,350.848755
2016-06-01 11:03:10,347.818756
2016-06-01 11:06:03,349.586243
2016-06-01 11:08:56,338.223755
2016-06-01 11:11:49,332.41626
2016-06-01 11:14:42,332.290009
2016-06-01 11:17:35,343.652496
2016-06-01 11:20:28,349.207489
2016-06-01 11:23:21,348.828735
2016-06-01 11:26:14,339.612488
2016-06-01 11:29:07,325.346252
2016-06-01 11:32:00,344.283752
2016-06-01 11:34:53,346.051239
2016-06-01 11:37:46,353.5
2016-06-01 11:40:39,350.091248
2016-06-01 11:43:32,340.875
2016-06-01 11:46:25,338.602509
2016-06-01 11:49:18,353.373749
2016-06-01 11:52:11,351.227509
2016-06-01 11:55:04,342.011261
2016-06-01 11:57:57,342.390015
2016-06-01 12:00:50,333.678741
2016-06-01 12:03:43,363.97876
2016-06-01 12:06:36,349.207489
2016-06-01 12:09:29,336.70874
2016-06-01 12:12:22,331.279999
2016-06-01 12:15:15,340.496246
2016-06-01 12:18:08,336.70874
2016-06-01 12:21:01,347.692505
2016-06-01 12:23:54,341.632507
2016-06-01 12:26:47,351.35376
2016-06-01 12:29:40,341.253754
2016-06-01 12:32:33,333.678741
2016-06-01 12:35:26,345.672485
2016-06-01 12:38:19,357.918762
2016-06-01 12:41:12,328.755005
2016-06-01 12:44:05,353.247498
2016-06-01 12:46:58,346.429993
2016-06-01 12:49:51,341.253754
2016-06-01 12:52:44,332.163757
2016-06-01 12:55:37,349.838745
2016-06-01 12:58:30,350.975006
2016-06-01 13:01:23,347.313751
2016-06-01 13:04:16,342.642487
2016-06-01 13:07:09,354.005005
2016-06-01 13:10:02,339.233765
2016-06-01 13:12:55,331.153748
2016-06-01 13:15:48,346.556244
2016-06-01 13:18:41,334.057495
2016-06-01 13:21:34,358.297485
2016-06-01 13:24:27,340.622498
2016-06-01 13:27:20,340.369995
2016-06-01 13:30:13,337.971252
2016-06-01 13:33:06,340.117493
2016-06-01 13:35:59,339.107513
2016-06-01 13:38:52,346.051239
2016-06-01 13:41:45,340.496246
2016-06-01 13:44:38,337.971252
2016-06-01 13:47:31,342.137512
2016-06-01 13:50:24,342.390015
2016-06-01 13:53:17,344.283752
2016-06-01 13:56:10,341.88501
2016-06-01 13:59:03,331.153748
2016-06-01 14:01:56,343.526245
2016-06-01 14:04:49,343.273743
2016-06-01 14:07:42,347.945007
2016-06-01 14:10:35,342.642487
2016-06-01 14:13:28,326.482513
2016-06-01 14:16:21,339.107513
2016-06-01 14:19:14,344.788757
2016-06-01 14:22:07,339.612488
2016-06-01 14:25:00,358.423737
2016-06-01 14:27:53,344.410004
2016-06-01 14:30:46,338.855011
2016-06-01 14:33:39,344.788757
2016-06-01 14:36:32,345.04126
2016-06-01 14:39:25,350.091248
2016-06-01 14:42:18,337.971252
2016-06-01 14:45:11,335.57251
2016-06-01 14:48:04,327.618744
2016-06-01 14:50:57,329.512512
2016-06-01 14:53:50,356.024994
2016-06-01 14:56:43,344.03125
2016-06-01 14:59:36,344.03125
2016-06-01 15:02:29,334.309998
2016-06-01 15:05:22,350.34375
2016-06-01 15:08:15,335.825012
2016-06-01 15:11:08,330.522491
2016-06-01 15:14:01,342.137512
2016-06-01 15:16:54,340.243744
2016-06-01 15:19:47,334.5625
2016-06-01 15:22:40,350.34375
2016-06-01 15:25:33,338.855011
2016-06-01 15:28:26,341.127502
2016-06-01 15:31:19,338.476257
2016-06-01 15:34:12,343.147491
2016-06-01 15:37:05,346.429993
2016-06-01 15:39:58,344.410004
2016-06-01 15:42:51,337.845001
2016-06-01 15:45:44,356.403748
2016-06-01 15:48:37,337.339996
2016-06-01 15:51:30,331.658752
2016-06-01 15:54:23,333.426239
2016-06-01 15:57:16,354.51001
2016-06-01 16:00:09,350.470001
2016-06-01 16:03:02,341.88501
2016-06-01 16:05:55,333.55249
2016-06-01 16:08:48,353.121246
2016-06-01 16:11:41,338.097504
2016-06-01 16:14:34,344.536255
2016-06-01 16:17:27,348.954987
2016-06-01 16:20:20,336.203735
2016-06-01 16:23:13,357.035004
2016-06-01 16:26:06,354.383759
2016-06-01 16:28:59,356.151245
2016-06-01 16:31:52,344.915009
2016-06-01 16:34:45,334.815002
2016-06-01 16:37:38,343.147491
2016-06-01 16:40:31,350.975006
2016-06-01 16:43:24,332.41626
2016-06-01 16:46:17,338.72876
2016-06-01 16:49:10,355.519989
2016-06-01 16:52:03,349.586243
2016-06-01 16:54:56,329.765015
2016-06-01 16:57:49,332.668762
2016-06-01 17:00:42,342.137512
2016-06-01 17:03:35,341.001251
2016-06-01 17:06:28,340.496246
2016-06-01 17:09:21,341.88501
2016-06-01 17:12:14,341.380005
2016-06-01 17:15:07,340.748749
2016-06-01 17:18:00,340.748749
2016-06-01 17:20:53,340.117493
2016-06-01 17:23:46,340.875
2016-06-01 17:26:39,340.496246
2016-06-01 17:29:32,341.380005
2016-06-01 17:32:25,341.506256
2016-06-01 17:35:18,341.758759
2016-06-01 17:38:11,341.127502
2016-06-01 17:41:04,340.117493
2016-06-01 17:43:57,340.117493
2016-06-01 17:46:50,340.117493
2016-06-01 17:49:43,340.243744
2016-06-01 17:52:36,340.117493
2016-06-01 17:55:29,341.506256
2016-06-01 17:58:22,341.380005
2016-06-01 18:01:15,339.738739
2016-06-01 18:04:08,341.758759
2016-06-01 18:07:01,340.875
2016-06-01 18:09:54,341.758759
2016-06-01 18:12:47,341.506256
2016-06-01 18:15:40,341.253754
2016-06-01 18:18:33,339.86499
2016-06-01 18:21:26,341.380005
2016-06-01 18:24:19,340.622498
2016-06-01 18:27:12,340.496246
2016-06-01 18:30:05,341.253754
2016-06-01 18:32:58,342.011261
2016-06-01 18:35:51,339.991241
2016-06-01 18:38:44,339.86499
2016-06-01 18:41:37,341.380005
2016-06-01 18:44:30,341.758759
2016-06-01 18:47:23,341.127502
2016-06-01 18:50:16,340.875
2016-06-01 18:53:09,341.506256
2016-06-01 18:56:02,342.011261
2016-06-01 18:58:55,340.622498
2016-06-01 19:01:48,340.117493
2016-06-01 19:04:41,340.369995
2016-06-01 19:07:34,340.117493
2016-06-01 19:10:27,341.632507
2016-06-01 19:13:20,341.001251
2016-06-01 19:16:13,342.011261
2016-06-01 19:19:06,340.622498
2016-06-01 19:21:59,339.991241
2016-06-01 19:24:52,341.506256
2016-06-01 19:27:45,340.875
2016-06-01 19:30:38,340.875
2016-06-01 19:33:31,341.253754
2016-06-01 19:36:24,341.253754
2016-06-01 19:39:17,340.243744
2016-06-01 19:42:10,340.243744
2016-06-01 19:45:03,341.253754
2016-06-01 19:47:56,341.632507
2016-06-01 19:50:49,342.011261
2016-06-01 19:53:42,340.117493
2016-06-01 19:56:35,340.243744
2016-06-01 19:59:28,340.622498
2016-06-01 20:02:21,341.758759
2016-06-01 20:05:14,341.506256
2016-06-01 20:08:07,340.117493
2016-06-01 20:11:00,340.748749
2016-06-01 20:13:53,340.875
2016-06-01 20:16:46,341.88501
2016-06-01 20:19:39,340.875
2016-06-01 20:22:32,341.88501
2016-06-01 20:25:25,341.632507
2016-06-01 20:28:18,341.632507
2016-06-01 20:31:11,340.622498
2016-06-01 20:34:04,341.88501
2016-06-01 20:36:57,340.748749
2016-06-01 20:39:50,342.011261
2016-06-01 20:42:43,341.001251
2016-06-01 20:45:36,339.991241
2016-06-01 20:48:29,339.86499
2016-06-01 20:51:22,341.758759
2016-06-01 20:54:15,340.622498
2016-06-01 20:57:08,341.253754
2016-06-01 21:00:01,341.758759
2016-06-01 21:02:54,341.380005
2016-06-01 21:05:47,341.632507
2016-06-01 21:08:40,341.758759
2016-06-01 21:11:33,340.369995
2016-06-01 21:14:26,341.506256
2016-06-01 21:17:19,340.622498
2016-06-01 21:20:12,342.263763
2016-06-01 21:23:05,341.88501
2016-06-01 21:25:58,342.137512
2016-06-01 21:28:51,341.88501
2016-06-01 21:31:44,340.496246
2016-06-01 21:34:37,342.011261
2016-06-01 21:37:30,341.632507
2016-06-01 21:40:23,340.622498
2016-06-01 21:43:16,341.506256
2016-06-01 21:46:09,340.496246
2016-06-01 21:49:02,340.748749
2016-06-01 21:51:55,341.88501
2016-06-01 21:54:48,341.758759
2016-06-01 21:57:41,340.117493
2016-06-01 22:00:34,376.225006
2016-06-01 22:03:27,377.234985
2016-06-01 22:06:20,384.809998
2016-06-01 22:09:13,394.152496
2016-06-01 22:12:06,391.501251
2016-06-01 22:14:59,392.763763
2016-06-01 22:17:52,394.152496
2016-06-01 22:20:45,392.132507
2016-06-01 22:23:38,393.142487
2016-06-01 22:26:31,392.258759
2016-06-01 22:29:24,392.637512
2016-06-01 22:32:17,394.910004
2016-06-01 22:35:10,390.617493
2016-06-01 22:38:03,352.237488
2016-06-01 22:40:56,349.207489
2016-06-01 22:43:49,347.313751
2016-06-01 22:46:42,347.313751
2016-06-01 22:49:35,347.313751
2016-06-01 22:52:28,346.556244
2016-06-01 22:55:21,346.682495
2016-06-01 22:58:14,346.051239
2016-06-01 23:01:07,346.051239
2016-06-01 23:04:00,347.440002
2016-06-01 23:06:53,346.934998
2016-06-01 23:09:46,345.798737
2016-06-01 23:12:39,346.429993
2016-06-01 23:15:32,346.051239
2016-06-01 23:18:25,345.798737
2016-06-01 23:21:18,345.420013
2016-06-01 23:24:11,344.788757
2016-06-01 23:27:04,345.167511
2016-06-01 23:29:57,345.672485
2016-06-01 23:32:50,344.662506
2016-06-01 23:35:43,345.293762
2016-06-01 23:38:36,346.17749
2016-06-01 23:41:29,345.672485
2016-06-01 23:44:22,344.788757
2016-06-01 23:47:15,346.556244
2016-06-01 23:50:08,345.798737
2016-06-01 23:53:01,344.662506
2016-06-01 23:55:54,345.546265
2016-06-01 23:58:47,344.788757
2016-06-02 00:01:40,345.420013
2016-06-02 00:04:33,344.662506
2016-06-02 00:07:26,344.283752
2016-06-02 00:10:19,344.283752
2016-06-02 00:13:12,346.051239
2016-06-02 00:16:05,344.662506
2016-06-02 00:18:58,345.798737
2016-06-02 00:21:51,345.167511
2016-06-02 00:24:44,346.303741
2016-06-02 00:27:37,344.536255
2016-06-02 00:30:30,344.915009
2016-06-02 00:33:23,344.662506
2016-06-02 00:36:16,345.672485
2016-06-02 00:39:09,345.798737
2016-06-02 00:42:02,344.157501
2016-06-02 00:44:55,344.662506
2016-06-02 00:47:48,344.662506
2016-06-02 00:50:41,343.904999
2016-06-02 00:53:34,344.788757
2016-06-02 00:56:27,344.788757
2016-06-02 00:59:20,344.788757
2016-06-02 01:02:13,344.536255
2016-06-02 01:05:06,344.788757
2016-06-02 01:07:59,344.915009
2016-06-02 01:10:52,345.293762
2016-06-02 01:13:45,345.04126
2016-06-02 01:16:38,345.924988
2016-06-02 01:19:31,344.536255
2016-06-02 01:22:24,344.283752
2016-06-02 01:25:17,345.798737
2016-06-02 01:28:10,345.420013
2016-06-02 01:31:03,345.546265
2016-06-02 01:33:56,344.03125
2016-06-02 01:36:49,345.924988
2016-06-02 01:39:42,345.293762
2016-06-02 01:42:35,345.420013
2016-06-02 01:45:28,344.536255
2016-06-02 01:48:21,344.662506
2016-06-02 01:51:14,345.924988
2016-06-02 01:54:07,344.283752
2016-06-02 01:57:00,344.788757
2016-06-02 01:59:53,343.778748
2016-06-02 02:02:46,344.662506
2016-06-02 02:05:39,344.03125
2016-06-02 02:08:32,344.410004
2016-06-02 02:11:25,344.157501
2016-06-02 02:14:18,344.283752
2016-06-02 02:17:11,344.410004
2016-06-02 02:20:04,344.283752
2016-06-02 02:22:57,345.420013
2016-06-02 02:25:50,345.546265
2016-06-02 02:28:43,343.652496
2016-06-02 02:31:36,344.03125
2016-06-02 02:34:29,344.536255
2016-06-02 02:37:22,344.915009
2016-06-02 02:40:15,345.293762
2016-06-02 02:43:08,344.03125
2016-06-02 02:46:01,345.04126
2016-06-02 02:48:54,344.788757
2016-06-02 02:51:47,343.526245
2016-06-02 02:54:40,344.03125
2016-06-02 02:57:33,343.778748
2016-06-02 03:00:26,344.410004
2016-06-02 03:03:19,344.410004
2016-06-02 03:06:12,345.04126
2016-06-02 03:09:05,343.904999
2016-06-02 03:11:58,343.778748
2016-06-02 03:14:51,345.293762
2016-06-02 03:17:44,343.778748
2016-06-02 03:20:37,345.546265
2016-06-02 03:23:30,343.652496
2016-06-02 03:26:23,344.915009
2016-06-02 03:29:16,343.904999
2016-06-02 03:32:09,344.536255
2016-06-02 03:35:02,343.778748
2016-06-02 03:37:55,344.03125
2016-06-02 03:40:48,345.167511
2016-06-02 03:43:41,343.273743
2016-06-02 03:46:34,343.399994
2016-06-02 03:49:27,343.399994
2016-06-02 03:52:20,345.167511
2016-06-02 03:55:13,343.652496
2016-06-02 03:58:06,343.652496
2016-06-02 04:00:59,344.283752
2016-06-02 04:03:52,344.536255
2016-06-02 04:06:45,344.788757
2016-06-02 04:09:38,344.410004
2016-06-02 04:12:31,345.04126
2016-06-02 04:15:24,345.167511
2016-06-02 04:18:17,343.526245
2016-06-02 04:21:10,345.04126
2016-06-02 04:24:03,343.652496
2016-06-02 04:26:56,345.420013
2016-06-02 04:29:49,344.662506
2016-06-02 04:32:42,343.778748
2016-06-02 04:35:35,344.03125
2016-06-02 04:38:28,343.147491
2016-06-02 04:41:21,343.778748
2016-06-02 04:44:14,345.167511
2016-06-02 04:47:07,343.273743
2016-06-02 04:50:00,343.904999
2016-06-02 04:52:53,344.915009
2016-06-02 04:55:46,343.778748
2016-06-02 04:58:39,343.778748
2016-06-02 05:01:32,344.788757
2016-06-02 05:04:25,343.652496
2016-06-02 05:07:18,343.399994
2016-06-02 05:10:11,345.167511
2016-06-02 05:13:04,343.652496
2016-06-02 05:15:57,345.293762
2016-06-02 05:18:50,343.778748
2016-06-02 05:21:43,343.526245
2016-06-02 05:24:36,344.536255
2016-06-02 05:27:29,344.788757
2016-06-02 05:30:22,344.536255
2016-06-02 05:33:15,343.778748
2016-06-02 05:36:08,344.283752
2016-06-02 05:39:01,343.778748
2016-06-02 05:41:54,343.526245
2016-06-02 05:44:47,344.536255
2016-06-02 05:47:40,343.273743
2016-06-02 05:50:33,345.167511
2016-06-02 05:53:26,344.283752
2016-06-02 05:56:19,344.410004
2016-06-02 05:59:12,343.778748
2016-06-02 06:02:05,344.788757
2016-06-02 06:04:58,344.536255
2016-06-02 06:07:51,344.410004
2016-06-02 06:10:44,344.283752
2016-06-02 06:13:37,344.410004
2016-06-02 06:16:30,344.536255
2016-06-02 06:19:23,343.273743
2016-06-02 06:22:16,343.778748
2016-06-02 06:25:09,344.410004
2016-06-02 06:28:02,344.788757
2016-06-02 06:30:55,343.652496
2016-06-02 06:33:48,344.788757
2016-06-02 06:36:41,343.147491
2016-06-02 06:39:34,344.662506
2016-06-02 06:42:27,344.915009
2016-06-02 06:45:20,345.04126
2016-06-02 06:48:13,344.915009
2016-06-02 06:51:06,344.536255
2016-06-02 06:53:59,343.652496
2016-06-02 06:56:52,343.273743
2016-06-02 06:59:45,343.147491
2016-06-02 07:02:38,344.536255
2016-06-02 07:05:31,344.662506
2016-06-02 07:08:24,344.283752
2016-06-02 07:11:17,343.526245
2016-06-02 07:14:10,344.03125
2016-06-02 07:17:03,343.273743
2016-06-02 07:19:56,344.410004
2016-06-02 07:22:49,344.662506
2016-06-02 07:25:42,343.778748
2016-06-02 07:28:35,343.904999
2016-06-02 07:31:28,343.147491
2016-06-02 07:34:21,344.157501
2016-06-02 07:37:14,343.02124
2016-06-02 07:40:07,344.283752
2016-06-02 07:43:00,344.410004
2016-06-02 07:45:53,344.157501
2016-06-02 07:48:46,343.526245
2016-06-02 07:51:39,344.536255
2016-06-02 07:54:32,344.410004
2016-06-02 07:57:25,343.778748
2016-06-02 08:00:18,344.788757
2016-06-02 08:03:11,344.03125
2016-06-02 08:06:04,344.03125
2016-06-02 08:08:57,344.03125
2016-06-02 08:11:50,344.915009
2016-06-02 08:14:43,343.147491
2016-06-02 08:17:36,343.904999
2016-06-02 08:20:29,344.410004
2016-06-02 08:23:22,343.904999
2016-06-02 08:26:15,344.03125
2016-06-02 08:29:08,344.03125
2016-06-02 08:32:01,343.399994
2016-06-02 08:34:54,344.03125
2016-06-02 08:37:47,343.273743
2016-06-02 08:40:40,344.283752
2016-06-02 08:43:33,343.399994
2016-06-02 08:46:26,343.399994
2016-06-02 08:49:19,343.147491
2016-06-02 08:52:12,344.915009
2016-06-02 08:55:05,344.788757
2016-06-02 08:57:58,343.399994
2016-06-02 09:00:51,344.157501
2016-06-02 09:03:44,344.788757
2016-06-02 09:06:37,344.662506
2016-06-02 09:09:30,344.788757
2016-06-02 09:12:23,344.03125
2016-06-02 09:15:16,345.04126
2016-06-02 09:18:09,344.410004
2016-06-02 09:21:02,344.157501
2016-06-02 09:23:55,343.652496
2016-06-02 09:26:48,344.410004
2016-06-02 09:29:41,344.536255
2016-06-02 09:32:34,344.283752
2016-06-02 09:35:27,343.147491
2016-06-02 09:38:20,343.904999
2016-06-02 09:41:13,343.147491
2016-06-02 09:44:06,344.536255
2016-06-02 09:46:59,343.652496
2016-06-02 09:49:52,344.662506
2016-06-02 09:52:45,344.915009
2016-06-02 09:55:38,343.399994
2016-06-02 09:58:31,345.167511
2016-06-02 10:01:24,337.466248
2016-06-02 10:04:17,341.127502
2016-06-02 10:07:10,342.516235
2016-06-02 10:10:03,342.768738
2016-06-02 10:12:56,332.037506
2016-06-02 10:15:49,337.592499
2016-06-02 10:18:42,342.642487
2016-06-02 10:21:35,343.652496
2016-06-02 10:24:28,343.526245
2016-06-02 10:27:21,346.556244
2016-06-02 10:30:14,329.133759
2016-06-02 10:33:07,342.137512
2016-06-02 10:36:00,341.88501
2016-06-02 10:38:53,349.964996
2016-06-02 10:41:46,338.476257
2016-06-02 10:44:39,329.638763
2016-06-02 10:47:32,342.263763
2016-06-02 10:50:25,346.303741
2016-06-02 10:53:18,349.712494
2016-06-02 10:56:11,355.898743
2016-06-02 10:59:04,347.1875
2016-06-02 11:01:57,337.845001
2016-06-02 11:04:50,335.193756
2016-06-02 11:07:43,354.762512
2016-06-02 11:10:36,347.440002
2016-06-02 11:13:29,332.163757
2016-06-02 11:16:22,337.466248
2016-06-02 11:19:15,343.273743
2016-06-02 11:22:08,340.622498
2016-06-02 11:25:01,351.984985
2016-06-02 11:27:54,358.928741
2016-06-02 11:30:47,345.672485
2016-06-02 11:33:40,323.957489
2016-06-02 11:36:33,335.951263
2016-06-02 11:39:26,343.399994
2016-06-02 11:42:19,349.459991
2016-06-02 11:45:12,334.436249
2016-06-02 11:48:05,343.399994
2016-06-02 11:50:58,352.237488
2016-06-02 11:53:51,347.061249
2016-06-02 11:56:44,333.299988
2016-06-02 11:59:37,346.051239
2016-06-02 12:02:30,333.931244
2016-06-02 12:05:23,330.648743
2016-06-02 12:08:16,350.975006
2016-06-02 12:11:09,360.948761
2016-06-02 12:14:02,341.001251
2016-06-02 12:16:55,330.522491
2016-06-02 12:19:48,331.911255
2016-06-02 12:22:41,335.951263
2016-06-02 12:25:34,333.173737
2016-06-02 12:28:27,347.945007
2016-06-02 12:31:20,356.782501
2016-06-02 12:34:13,341.506256
2016-06-02 12:37:06,346.808746
2016-06-02 12:39:59,363.221252
2016-06-02 12:42:52,339.359985
2016-06-02 12:45:45,333.426239
2016-06-02 12:48:38,348.071259
2016-06-02 12:51:31,338.602509
2016-06-02 12:54:24,347.1875
2016-06-02 12:57:17,346.429993
2016-06-02 13:00:10,346.808746
2016-06-02 13:03:03,328.25
2016-06-02 13:05:56,329.512512
2016-06-02 13:08:49,340.369995
2016-06-02 13:11:42,348.19751
2016-06-02 13:14:35,333.55249
2016-06-02 13:17:28,331.153748
2016-06-02 13:20:21,349.586243
2016-06-02 13:23:14,356.782501
2016-06-02 13:26:07,355.64624
2016-06-02 13:29:00,372.184998
2016-06-02 13:31:53,348.828735
2016-06-02 13:34:46,352.616241
2016-06-02 13:37:39,334.183746
2016-06-02 13:40:32,351.35376
2016-06-02 13:43:25,344.283752
2016-06-02 13:46:18,341.88501
2016-06-02 13:49:11,336.961243
2016-06-02 13:52:04,351.984985
2016-06-02 13:54:57,347.313751
2016-06-02 13:57:50,332.542511
2016-06-02 14:00:43,345.293762
2016-06-02 14:03:36,345.798737
2016-06-02 14:06:29,357.161255
2016-06-02 14:09:22,365.493744
2016-06-02 14:12:15,348.19751
2016-06-02 14:15:08,336.582489
2016-06-02 14:18:01,339.991241
2016-06-02 14:20:54,336.203735
2016-06-02 14:23:47,355.772491
2016-06-02 14:26:40,328.502502
2016-06-02 14:29:33,331.532501
2016-06-02 14:32:26,336.834991
2016-06-02 14:35:19,368.776245
2016-06-02 14:38:12,354.51001
2016-06-02 14:41:05,345.798737
2016-06-02 14:43:58,347.566254
2016-06-02 14:46:51,326.230011
2016-06-02 14:49:44,335.320007
2016-06-02 14:52:37,349.838745
2016-06-02 14:55:30,351.858765
2016-06-02 14:58:23,343.02124
2016-06-02 15:01:16,345.672485
2016-06-02 15:04:09,333.299988
2016-06-02 15:07:02,337.971252
2016-06-02 15:09:55,342.768738
2016-06-02 15:12:48,337.845001
2016-06-02 15:15:41,328.881256
2016-06-02 15:18:34,333.55249
2016-06-02 15:21:27,343.273743
2016-06-02 15:24:20,338.855011
2016-06-02 15:27:13,357.792511
2016-06-02 15:30:06,348.828735
2016-06-02 15:32:59,343.399994
2016-06-02 15:35:52,348.576263
2016-06-02 15:38:45,342.894989
2016-06-02 15:41:38,346.934998
2016-06-02 15:44:31,338.097504
2016-06-02 15:47:24,335.951263
2016-06-02 15:50:17,324.462494
2016-06-02 15:53:10,344.157501
2016-06-02 15:56:03,343.778748
2016-06-02 15:58:56,344.283752
2016-06-02 16:01:49,329.26001
2016-06-02 16:04:42,339.107513
2016-06-02 16:07:35,352.111237
2016-06-02 16:10:28,336.582489
2016-06-02 16:13:21,348.323761
2016-06-02 16:16:14,349.586243
2016-06-02 16:19:07,348.323761
2016-06-02 16:22:00,350.217499
2016-06-02 16:24:53,335.067505
2016-06-02 16:27:46,332.290009
2016-06-02 16:30:39,331.027496
2016-06-02 16:33:32,336.203735
2016-06-02 16:36:25,355.64624
2016-06-02 16:39:18,349.838745
2016-06-02 16:42:11,335.698761
2016-06-02 16:45:04,332.037506
2016-06-02 16:47:57,351.606262
2016-06-02 16:50:50,342.390015
2016-06-02 16:53:43,350.470001
2016-06-02 16:56:36,341.127502
2016-06-02 16:59:29,358.423737
2016-06-02 17:02:22,346.17749
2016-06-02 17:05:15,344.662506
2016-06-02 17:08:08,345.546265
2016-06-02 17:11:01,343.526245
2016-06-02 17:13:54,344.662506
2016-06-02 17:16:47,344.788757
2016-06-02 17:19:40,343.273743
2016-06-02 17:22:33,342.768738
2016-06-02 17:25:26,342.516235
2016-06-02 17:28:19,343.778748
2016-06-02 17:31:12,344.03125
2016-06-02 17:34:05,343.399994
2016-06-02 17:36:58,342.642487
2016-06-02 17:39:51,342.390015
2016-06-02 17:42:44,342.642487
2016-06-02 17:45:37,343.904999
2016-06-02 17:48:30,342.768738
2016-06-02 17:51:23,341.88501
2016-06-02 17:54:16,343.652496
2016-06-02 17:57:09,342.137512
2016-06-02 18:00:02,342.642487
2016-06-02 18:02:55,343.399994
2016-06-02 18:05:48,343.147491
2016-06-02 18:08:41,342.137512
2016-06-02 18:11:34,341.758759
2016-06-02 18:14:27,341.758759
2016-06-02 18:17:20,341.88501
2016-06-02 18:20:13,343.02124
2016-06-02 18:23:06,342.894989
2016-06-02 18:25:59,342.263763
2016-06-02 18:28:52,341.632507
2016-06-02 18:31:45,343.147491
2016-06-02 18:34:38,341.88501
2016-06-02 18:37:31,343.147491
2016-06-02 18:40:24,341.88501
2016-06-02 18:43:17,341.758759
2016-06-02 18:46:10,341.632507
2016-06-02 18:49:03,342.011261
2016-06-02 18:51:56,342.390015
2016-06-02 18:54:49,342.263763
2016-06-02 18:57:42,341.758759
2016-06-02 19:00:35,342.768738
2016-06-02 19:03:28,343.147491
2016-06-02 19:06:21,341.506256
2016-06-02 19:09:14,341.88501
2016-06-02 19:12:07,342.768738
2016-06-02 19:15:00,341.127502
2016-06-02 19:17:53,342.894989
2016-06-02 19:20:46,342.516235
2016-06-02 19:23:39,342.768738
2016-06-02 19:26:32,342.894989
2016-06-02 19:29:25,341.506256
2016-06-02 19:32:18,342.390015
2016-06-02 19:35:11,341.506256
2016-06-02 19:38:04,341.88501
2016-06-02 19:40:57,341.758759
2016-06-02 19:43:50,342.390015
2016-06-02 19:46:43,341.127502
2016-06-02 19:49:36,341.380005
2016-06-02 19:52:29,341.506256
2016-06-02 19:55:22,343.02124
2016-06-02 19:58:15,341.253754
2016-06-02 20:01:08,341.88501
2016-06-02 20:04:01,342.768738
2016-06-02 20:06:54,343.02124
2016-06-02 20:09:47,342.894989
2016-06-02 20:12:40,342.137512
2016-06-02 20:15:33,341.88501
2016-06-02 20:18:26,342.263763
2016-06-02 20:21:19,342.011261
2016-06-02 20:24:12,341.380005
2016-06-02 20:27:05,341.88501
2016-06-02 20:29:58,342.642487
2016-06-02 20:32:51,341.253754
2016-06-02 20:35:44,343.02124
2016-06-02 20:38:37,342.137512
2016-06-02 20:41:30,342.642487
2016-06-02 20:44:23,342.390015
2016-06-02 20:47:16,341.506256
2016-06-02 20:50:09,341.758759
2016-06-02 20:53:02,341.127502
2016-06-02 20:55:55,342.642487
2016-06-02 20:58:48,342.011261
2016-06-02 21:01:41,341.758759
2016-06-02 21:04:34,341.632507
2016-06-02 21:07:27,342.011261
2016-06-02 21:10:20,342.137512
2016-06-02 21:13:13,342.011261
2016-06-02 21:16:06,341.380005
2016-06-02 21:18:59,341.127502
2016-06-02 21:21:52,341.253754
2016-06-02 21:24:45,342.516235
2016-06-02 21:27:38,341.253754
2016-06-02 21:30:31,341.127502
2016-06-02 21:33:24,342.516235
2016-06-02 21:36:17,342.390015
2016-06-02 21:39:10,341.253754
2016-06-02 21:42:03,342.516235
2016-06-02 21:44:56,341.632507
2016-06-02 21:47:49,342.390015
2016-06-02 21:50:42,340.875
2016-06-02 21:53:35,341.001251
2016-06-02 21:56:28,341.001251
2016-06-02 21:59:21,341.253754
2016-06-02 22:02:14,389.733765
2016-06-02 22:05:07,394.026245
2016-06-02 22:08:00,395.288757
2016-06-02 22:10:53,393.52124
2016-06-02 22:13:46,394.783752
2016-06-02 22:16:39,393.016235
2016-06-02 22:19:32,394.53125
2016-06-02 22:22:25,392.258759
2016-06-02 22:25:18,392.38501
2016-06-02 22:28:11,392.511261
2016-06-02 22:31:04,395.162506
2016-06-02 22:33:57,392.258759
2016-06-02 22:36:50,394.657501
2016-06-02 22:39:43,392.637512
2016-06-02 22:42:36,349.838745
2016-06-02 22:45:29,348.702515
2016-06-02 22:48:22,347.313751
2016-06-02 22:51:15,347.818756
2016-06-02 22:54:08,346.556244
2016-06-02 22:57:01,346.556244
2016-06-02 22:59:54,347.1875
2016-06-02 23:02:47,347.440002
2016-06-02 23:05:40,345.798737
2016-06-02 23:08:33,346.682495
2016-06-02 23:11:26,346.303741
2016-06-02 23:14:19,346.934998
2016-06-02 23:17:12,346.303741
2016-06-02 23:20:05,346.051239
2016-06-02 23:22:58,346.051239
2016-06-02 23:25:51,346.429993
2016-06-02 23:28:44,346.429993
2016-06-02 23:31:37,346.303741
2016-06-02 23:34:30,346.051239
2016-06-02 23:37:23,345.167511
2016-06-02 23:40:16,345.672485
2016-06-02 23:43:09,345.420013
2016-06-02 23:46:02,346.303741
2016-06-02 23:48:55,345.293762
2016-06-02 23:51:48,345.798737
2016-06-02 23:54:41,345.167511
2016-06-02 23:57:34,345.167511
2016-06-03 00:00:27,346.17749
2016-06-03 00:03:20,346.303741
2016-06-03 00:06:13,344.788757
2016-06-03 00:09:06,345.546265
2016-06-03 00:11:59,346.556244
2016-06-03 00:14:52,344.915009
2016-06-03 00:17:45,344.410004
2016-06-03 00:20:38,344.410004
2016-06-03 00:23:31,344.662506
2016-06-03 00:26:24,345.798737
2016-06-03 00:29:17,344.915009
2016-06-03 00:32:10,344.788757
2016-06-03 00:35:03,345.293762
2016-06-03 00:37:56,345.420013
2016-06-03 00:40:49,344.157501
2016-06-03 00:43:42,345.167511
2016-06-03 00:46:35,344.157501
2016-06-03 00:49:28,344.410004
2016-06-03 00:52:21,345.672485
2016-06-03 00:55:14,346.051239
2016-06-03 00:58:07,344.915009
2016-06-03 01:01:00,345.167511
2016-06-03 01:03:53,345.546265
2016-06-03 01:06:46,345.293762
2016-06-03 01:09:39,346.051239
2016-06-03 01:12:32,345.924988
2016-06-03 01:15:25,345.798737
2016-06-03 01:18:18,345.293762
2016-06-03 01:21:11,346.051239
2016-06-03 01:24:04,344.788757
2016-06-03 01:26:57,345.293762
2016-06-03 01:29:50,345.04126
2016-06-03 01:32:43,344.915009
2016-06-03 01:35:36,345.293762
2016-06-03 01:38:29,345.672485
2016-06-03 01:41:22,344.410004
2016-06-03 01:44:15,344.536255
2016-06-03 01:47:08,344.157501
2016-06-03 01:50:01,344.157501
2016-06-03 01:52:54,344.788757
2016-06-03 01:55:47,345.293762
2016-06-03 01:58:40,344.788757
2016-06-03 02:01:33,345.167511
2016-06-03 02:04:26,344.283752
2016-06-03 02:07:19,345.04126
2016-06-03 02:10:12,345.798737
2016-06-03 02:13:05,343.778748
2016-06-03 02:15:58,344.536255
2016-06-03 02:18:51,345.420013
2016-06-03 02:21:44,344.788757
2016-06-03 02:24:37,345.04126
2016-06-03 02:27:30,345.672485
2016-06-03 02:30:23,344.662506
2016-06-03 02:33:16,345.420013
2016-06-03 02:36:09,345.167511
2016-06-03 02:39:02,344.915009
2016-06-03 02:41:55,344.157501
2016-06-03 02:44:48,344.03125
2016-06-03 02:47:41,345.04126
2016-06-03 02:50:34,344.788757
2016-06-03 02:53:27,344.662506
2016-06-03 02:56:20,345.293762
2016-06-03 02:59:13,344.157501
2016-06-03 03:02:06,345.167511
2016-06-03 03:04:59,344.410004
2016-06-03 03:07:52,345.04126
2016-06-03 03:10:45,344.788757
2016-06-03 03:13:38,345.04126
2016-06-03 03:16:31,345.672485
2016-06-03 03:19:24,344.410004
2016-06-03 03:22:17,345.167511
2016-06-03 03:25:10,345.672485
2016-06-03 03:28:03,345.293762
2016-06-03 03:30:56,343.904999
2016-06-03 03:33:49,344.03125
2016-06-03 03:36:42,343.652496
2016-06-03 03:39:35,344.788757
2016-06-03 03:42:28,344.157501
2016-06-03 03:45:21,343.652496
2016-06-03 03:48:14,345.293762
2016-06-03 03:51:07,344.536255
2016-06-03 03:54:00,344.283752
2016-06-03 03:56:53,343.778748
2016-06-03 03:59:46,344.536255
2016-06-03 04:02:39,343.904999
2016-06-03 04:05:32,345.167511
2016-06-03 04:08:25,344.03125
2016-06-03 04:11:18,343.399994
2016-06-03 04:14:11,343.652496
2016-06-03 04:17:04,343.526245
2016-06-03 04:19:57,344.915009
2016-06-03 04:22:50,344.915009
2016-06-03 04:25:43,345.293762
2016-06-03 04:28:36,343.652496
2016-06-03 04:31:29,343.904999
2016-06-03 04:34:22,344.662506
2016-06-03 04:37:15,344.536255
2016-06-03 04:40:08,344.157501
2016-06-03 04:43:01,345.04126
2016-06-03 04:45:54,345.04126
2016-06-03 04:48:47,343.904999
2016-06-03 04:51:40,343.778748
2016-06-03 04:54:33,343.399994
2016-06-03 04:57:26,345.04126
2016-06-03 05:00:19,344.157501
2016-06-03 05:03:12,345.04126
2016-06-03 05:06:05,344.788757
2016-06-03 05:08:58,344.03125
2016-06-03 05:11:51,344.157501
2016-06-03 05:14:44,344.283752
2016-06-03 05:17:37,343.778748
2016-06-03 05:20:30,343.652496
2016-06-03 05:23:23,345.293762
2016-06-03 05:26:16,344.536255
2016-06-03 05:29:09,345.420013
2016-06-03 05:32:02,344.157501
2016-06-03 05:34:55,345.04126
2016-06-03 05:37:48,343.778748
2016-06-03 05:40:41,344.662506
2016-06-03 05:43:34,343.778748
2016-06-03 05:46:27,344.283752
2016-06-03 05:49:20,344.410004
2016-06-03 05:52:13,344.915009
2016-06-03 05:55:06,345.293762
2016-06-03 05:57:59,345.167511
2016-06-03 06:00:52,345.04126
2016-06-03 06:03:45,344.157501
2016-06-03 06:06:38,344.915009
2016-06-03 06:09:31,343.904999
2016-06-03 06:12:24,345.420013
2016-06-03 06:15:17,344.157501
2016-06-03 06:18:10,345.04126
2016-06-03 06:21:03,344.788757
2016-06-03 06:23:56,343.273743
2016-06-03 06:26:49,344.788757
2016-06-03 06:29:42,345.167511
2016-06-03 06:32:35,345.167511
2016-06-03 06:35:28,344.410004
2016-06-03 06:38:21,344.662506
2016-06-03 06:41:14,343.904999
2016-06-03 06:44:07,344.788757
2016-06-03 06:47:00,344.915009
2016-06-03 06:49:53,344.157501
2016-06-03 06:52:46,343.399994
2016-06-03 06:55:39,344.283752
2016-06-03 06:58:32,344.157501
2016-06-03 07:01:25,345.293762
2016-06-03 07:04:18,344.662506
2016-06-03 07:07:11,345.420013
2016-06-03 07:10:04,345.546265
2016-06-03 07:12:57,343.904999
2016-06-03 07:15:50,345.04126
2016-06-03 07:18:43,343.652496
2016-06-03 07:21:36,344.536255
2016-06-03 07:24:29,343.526245
2016-06-03 07:27:22,344.03125
2016-06-03 07:30:15,343.778748
2016-06-03 07:33:08,343.904999
2016-06-03 07:36:01,344.915009
2016-06-03 07:38:54,344.662506
2016-06-03 07:41:47,344.157501
2016-06-03 07:44:40,344.157501
2016-06-03 07:47:33,343.399994
2016-06-03 07:50:26,344.410004
2016-06-03 07:53:19,343.273743
2016-06-03 07:56:12,343.526245
2016-06-03 07:59:05,344.662506
2016-06-03 08:01:58,344.410004
2016-06-03 08:04:51,344.03125
2016-06-03 08:07:44,343.273743
2016-06-03 08:10:37,344.283752
2016-06-03 08:13:30,344.536255
2016-06-03 08:16:23,343.778748
2016-06-03 08:19:16,344.157501
2016-06-03 08:22:09,345.167511
2016-06-03 08:25:02,343.526245
2016-06-03 08:27:55,345.167511
2016-06-03 08:30:48,344.410004
2016-06-03 08:33:41,343.778748
2016-06-03 08:36:34,345.420013
2016-06-03 08:39:27,343.399994
2016-06-03 08:42:20,344.03125
2016-06-03 08:45:13,344.662506
2016-06-03 08:48:06,344.662506
2016-06-03 08:50:59,345.293762
2016-06-03 08:53:52,345.167511
2016-06-03 08:56:45,344.788757
2016-06-03 08:59:38,345.04126
2016-06-03 09:02:31,344.283752
2016-06-03 09:05:24,343.778748
2016-06-03 09:08:17,344.662506
2016-06-03 09:11:10,344.662506
2016-06-03 09:14:03,344.915009
2016-06-03 09:16:56,344.788757
2016-06-03 09:19:49,343.526245
2016-06-03 09:22:42,344.536255
2016-06-03 09:25:35,344.03125
2016-06-03 09:28:28,344.536255
2016-06-03 09:31:21,345.167511
2016-06-03 09:34:14,343.273743
2016-06-03 09:37:07,345.04126
2016-06-03 09:40:00,344.410004
2016-06-03 09:42:53,343.904999
2016-06-03 09:45:46,345.167511
2016-06-03 09:48:39,343.778748
2016-06-03 09:51:32,344.915009
2016-06-03 09:54:25,344.283752
2016-06-03 09:57:18,344.157501
2016-06-03 10:00:11,344.915009
2016-06-03 10:03:04,343.526245
2016-06-03 10:05:57,339.991241
2016-06-03 10:08:50,334.183746
2016-06-03 10:11:43,337.971252
2016-06-03 10:14:36,336.961243
2016-06-03 10:17:29,346.051239
2016-06-03 10:20:22,346.051239
2016-06-03 10:23:15,344.157501
2016-06-03 10:26:08,341.506256
2016-06-03 10:29:01,338.476257
2016-06-03 10:31:54,335.446259
2016-06-03 10:34:47,345.546265
2016-06-03 10:37:40,346.429993
2016-06-03 10:40:33,335.825012
2016-06-03 10:43:26,338.602509
2016-06-03 10:46:19,349.33374
2016-06-03 10:49:12,351.606262
2016-06-03 10:52:05,341.001251
2016-06-03 10:54:58,334.815002
2016-06-03 10:57:51,344.03125
2016-06-03 11:00:44,334.815002
2016-06-03 11:03:37,340.496246
2016-06-03 11:06:30,348.323761
2016-06-03 11:09:23,344.283752
2016-06-03 11:12:16,343.147491
2016-06-03 11:15:09,341.127502
2016-06-03 11:18:02,346.682495
2016-06-03 11:20:55,342.516235
2016-06-03 11:23:48,340.496246
2016-06-03 11:26:41,341.506256
2016-06-03 11:29:34,335.193756
2016-06-03 11:32:27,338.981262
2016-06-03 11:35:20,335.698761
2016-06-03 11:38:13,357.161255
2016-06-03 11:41:06,333.047485
2016-06-03 11:43:59,335.825012
2016-06-03 11:46:52,351.35376
2016-06-03 11:49:45,349.964996
2016-06-03 11:52:38,337.592499
2016-06-03 11:55:31,340.622498
2016-06-03 11:58:24,344.662506
2016-06-03 12:01:17,339.738739
2016-06-03 12:04:10,337.466248
2016-06-03 12:07:03,353.373749
2016-06-03 12:09:56,352.994995
2016-06-03 12:12:49,337.845001
2016-06-03 12:15:42,349.081238
2016-06-03 12:18:35,349.081238
2016-06-03 12:21:28,329.512512
2016-06-03 12:24:21,329.891235
2016-06-03 12:27:14,336.203735
2016-06-03 12:30:07,339.991241
2016-06-03 12:33:00,346.808746
2016-06-03 12:35:53,341.506256
2016-06-03 12:38:46,332.41626
2016-06-03 12:41:39,338.223755
2016-06-03 12:44:32,344.915009
2016-06-03 12:47:25,356.151245
2016-06-03 12:50:18,367.766235
2016-06-03 12:53:11,329.007507
2016-06-03 12:56:04,343.652496
2016-06-03 12:58:57,335.57251
2016-06-03 13:01:50,362.337494
2016-06-03 13:04:43,344.788757
2016-06-03 13:07:36,335.951263
2016-06-03 13:10:29,363.852509
2016-06-03 13:13:22,342.263763
2016-06-03 13:16:15,366.630005
2016-06-03 13:19:08,349.081238
2016-06-03 13:22:01,344.536255
2016-06-03 13:24:54,318.276245
2016-06-03 13:27:47,351.732513
2016-06-03 13:30:40,361.832489
2016-06-03 13:33:33,349.586243
2016-06-03 13:36:26,343.02124
2016-06-03 13:39:19,337.71875
2016-06-03 13:42:12,335.446259
2016-06-03 13:45:05,352.111237
2016-06-03 13:47:58,341.001251
2016-06-03 13:50:51,337.466248
2016-06-03 13:53:44,344.283752
2016-06-03 13:56:37,352.111237
2016-06-03 13:59:30,337.087494
2016-06-03 14:02:23,361.075012
2016-06-03 14:05:16,348.450012
2016-06-03 14:08:09,345.420013
2016-06-03 14:11:02,349.207489
2016-06-03 14:13:55,341.127502
2016-06-03 14:16:48,328.376251
2016-06-03 14:19:41,343.904999
2016-06-03 14:22:34,336.834991
2016-06-03 14:25:27,364.483765
2016-06-03 14:28:20,356.024994
2016-06-03 14:31:13,340.117493
2016-06-03 14:34:06,351.35376
2016-06-03 14:36:59,326.987488
2016-06-03 14:39:52,341.758759
2016-06-03 14:42:45,334.309998
2016-06-03 14:45:38,329.765015
2016-06-03 14:48:31,350.091248
2016-06-03 14:51:24,343.02124
2016-06-03 14:54:17,360.443756
2016-06-03 14:57:10,352.48999
2016-06-03 15:00:03,349.33374
2016-06-03 15:02:56,350.217499
2016-06-03 15:05:49,347.692505
2016-06-03 15:08:42,345.672485
2016-06-03 15:11:35,347.818756
2016-06-03 15:14:28,348.450012
2016-06-03 15:17:21,325.220001
2016-06-03 15:20:14,330.774994
2016-06-03 15:23:07,345.546265
2016-06-03 15:26:00,353.878754
2016-06-03 15:28:53,359.181244
2016-06-03 15:31:46,345.293762
2016-06-03 15:34:39,355.393738
2016-06-03 15:37:32,331.785004
2016-06-03 15:40:25,331.911255
2016-06-03 15:43:18,341.88501
2016-06-03 15:46:11,339.86499
2016-06-03 15:49:04,355.64624
2016-06-03 15:51:57,346.808746
2016-06-03 15:54:50,339.359985
2016-06-03 15:57:43,354.636261
2016-06-03 16:00:36,356.024994
2016-06-03 16:03:29,347.692505
2016-06-03 16:06:22,337.71875
2016-06-03 16:09:15,340.117493
2016-06-03 16:12:08,340.369995
2016-06-03 16:15:01,347.692505
2016-06-03 16:17:54,334.815002
2016-06-03 16:20:47,337.592499
2016-06-03 16:23:40,351.480011
2016-06-03 16:26:33,336.203735
2016-06-03 16:29:26,331.532501
2016-06-03 16:32:19,341.127502
2016-06-03 16:35:12,334.815002
2016-06-03 16:38:05,338.602509
2016-06-03 16:40:58,348.702515
2016-06-03 16:43:51,342.516235
2016-06-03 16:46:44,332.163757
2016-06-03 16:49:37,338.350006
2016-06-03 16:52:30,348.702515
2016-06-03 16:55:23,355.519989
2016-06-03 16:58:16,334.057495
2016-06-03 17:01:09,340.875
2016-06-03 17:04:02,339.612488
2016-06-03 17:06:55,339.86499
2016-06-03 17:09:48,340.875
2016-06-03 17:12:41,339.738739
2016-06-03 17:15:34,340.875
2016-06-03 17:18:27,339.991241
2016-06-03 17:21:20,339.612488
2016-06-03 17:24:13,340.243744
2016-06-03 17:27:06,340.243744
2016-06-03 17:29:59,339.86499
2016-06-03 17:32:52,340.496246
2016-06-03 17:35:45,339.991241
2016-06-03 17:38:38,340.496246
2016-06-03 17:41:31,340.496246
2016-06-03 17:44:24,339.991241
2016-06-03 17:47:17,339.612488
2016-06-03 17:50:10,340.496246
2016-06-03 17:53:03,341.253754
2016-06-03 17:55:56,339.612488
2016-06-03 17:58:49,341.632507
2016-06-03 18:01:42,341.127502
2016-06-03 18:04:35,339.486237
2016-06-03 18:07:28,340.117493
2016-06-03 18:10:21,339.86499
2016-06-03 18:13:14,341.506256
2016-06-03 18:16:07,340.875
2016-06-03 18:19:00,339.738739
2016-06-03 18:21:53,340.496246
2016-06-03 18:24:46,340.748749
2016-06-03 18:27:39,340.875
2016-06-03 18:30:32,340.369995
2016-06-03 18:33:25,341.001251
2016-06-03 18:36:18,339.612488
2016-06-03 18:39:11,339.738739
2016-06-03 18:42:04,341.380005
2016-06-03 18:44:57,340.243744
2016-06-03 18:47:50,341.380005
2016-06-03 18:50:43,341.758759
2016-06-03 18:53:36,341.127502
2016-06-03 18:56:29,339.991241
2016-06-03 18:59:22,340.117493
2016-06-03 19:02:15,341.506256
2016-06-03 19:05:08,340.243744
2016-06-03 19:08:01,341.380005
2016-06-03 19:10:54,341.506256
2016-06-03 19:13:47,340.369995
2016-06-03 19:16:40,341.506256
2016-06-03 19:19:33,340.496246
2016-06-03 19:22:26,340.748749
2016-06-03 19:25:19,340.875
2016-06-03 19:28:12,341.127502
2016-06-03 19:31:05,340.496246
2016-06-03 19:33:58,341.127502
2016-06-03 19:36:51,340.369995
2016-06-03 19:39:44,341.380005
2016-06-03 19:42:37,340.243744
2016-06-03 19:45:30,341.380005
2016-06-03 19:48:23,341.632507
2016-06-03 19:51:16,340.369995
2016-06-03 19:54:09,339.86499
2016-06-03 19:57:02,341.632507
2016-06-03 19:59:55,339.991241
2016-06-03 20:02:48,341.506256
2016-06-03 20:05:41,341.253754
2016-06-03 20:08:34,341.127502
2016-06-03 20:11:27,341.253754
2016-06-03 20:14:20,340.369995
2016-06-03 20:17:13,340.117493
2016-06-03 20:20:06,340.117493
2016-06-03 20:22:59,340.117493
2016-06-03 20:25:52,339.991241
2016-06-03 20:28:45,340.622498
2016-06-03 20:31:38,341.253754
2016-06-03 20:34:31,341.758759
2016-06-03 20:37:24,340.369995
2016-06-03 20:40:17,340.748749
2016-06-03 20:43:10,341.127502
2016-06-03 20:46:03,340.748749
2016-06-03 20:48:56,341.253754
2016-06-03 20:51:49,341.380005
2016-06-03 20:54:42,340.117493
2016-06-03 20:57:35,340.622498
2016-06-03 21:00:28,340.496246
2016-06-03 21:03:21,341.127502
2016-06-03 21:06:14,340.243744
2016-06-03 21:09:07,341.506256
2016-06-03 21:12:00,340.369995
2016-06-03 21:14:53,340.117493
2016-06-03 21:17:46,341.758759
2016-06-03 21:20:39,341.632507
2016-06-03 21:23:32,339.991241
2016-06-03 21:26:25,341.001251
2016-06-03 21:29:18,340.369995
2016-06-03 21:32:11,340.243744
2016-06-03 21:35:04,340.622498
2016-06-03 21:37:57,340.875
2016-06-03 21:40:50,340.875
2016-06-03 21:43:43,341.632507
2016-06-03 21:46:36,341.88501
2016-06-03 21:49:29,340.369995
2016-06-03 21:52:22,341.758759
2016-06-03 21:55:15,341.380005
2016-06-03 21:58:08,341.632507
2016-06-03 22:01:01,382.285004
2016-06-03 22:03:54,387.713745
2016-06-03 22:06:47,395.036255
2016-06-03 22:09:40,392.890015
2016-06-03 22:12:33,394.404999
2016-06-03 22:15:26,393.773743
2016-06-03 22:18:19,393.647491
2016-06-03 22:21:12,393.268738
2016-06-03 22:24:05,390.996246
2016-06-03 22:26:58,393.773743
2016-06-03 22:29:51,395.288757
2016-06-03 22:32:44,393.773743
2016-06-03 22:35:37,391.627502
2016-06-03 22:38:30,395.162506
2016-06-03 22:41:23,393.394989
2016-06-03 22:44:16,392.38501
2016-06-03 22:47:09,395.036255
2016-06-03 22:50:02,393.899994
2016-06-03 22:52:55,351.101257
2016-06-03 22:55:48,348.071259
2016-06-03 22:58:41,349.207489
2016-06-03 23:01:34,346.682495
2016-06-03 23:04:27,346.934998
2016-06-03 23:07:20,347.692505
2016-06-03 23:10:13,346.429993
2016-06-03 23:13:06,346.303741
2016-06-03 23:15:59,347.061249
2016-06-03 23:18:52,346.556244
2016-06-03 23:21:45,346.682495
2016-06-03 23:24:38,346.808746
2016-06-03 23:27:31,345.672485
2016-06-03 23:30:24,346.17749
2016-06-03 23:33:17,345.798737
2016-06-03 23:36:10,346.303741
2016-06-03 23:39:03,346.556244
2016-06-03 23:41:56,346.556244
2016-06-03 23:44:49,345.293762
2016-06-03 23:47:42,347.061249
2016-06-03 23:50:35,346.051239
2016-06-03 23:53:28,345.167511
2016-06-03 23:56:21,346.303741
2016-06-03 23:59:14,346.808746
2016-06-04 00:02:07,346.051239
2016-06-04 00:05:00,346.429993
2016-06-04 00:07:53,345.798737
2016-06-04 00:10:46,346.429993
2016-06-04 00:13:39,345.293762
2016-06-04 00:16:32,345.04126
2016-06-04 00:19:25,345.293762
2016-06-04 00:22:18,344.788757
2016-06-04 00:25:11,345.167511
2016-06-04 00:28:04,346.051239
2016-06-04 00:30:57,344.915009
2016-06-04 00:33:50,346.17749
2016-06-04 00:36:43,344.788757
2016-06-04 00:39:36,345.672485
2016-06-04 00:42:29,345.924988
2016-06-04 00:45:22,345.924988
2016-06-04 00:48:15,345.546265
2016-06-04 00:51:08,346.17749
2016-06-04 00:54:01,346.17749
2016-06-04 00:56:54,345.420013
2016-06-04 00:59:47,346.303741
2016-06-04 01:02:40,344.788757
2016-06-04 01:05:33,345.293762
2016-06-04 01:08:26,344.915009
2016-06-04 01:11:19,344.788757
2016-06-04 01:14:12,345.167511
2016-06-04 01:17:05,346.17749
2016-06-04 01:19:58,344.410004
2016-06-04 01:22:51,346.303741
2016-06-04 01:25:44,345.293762
2016-06-04 01:28:37,345.672485
2016-06-04 01:31:30,345.293762
2016-06-04 01:34:23,344.410004
2016-06-04 01:37:16,344.536255
2016-06-04 01:40:09,345.924988
2016-06-04 01:43:02,346.051239
2016-06-04 01:45:55,345.798737
2016-06-04 01:48:48,345.420013
2016-06-04 01:51:41,344.788757
2016-06-04 01:54:34,345.167511
2016-06-04 01:57:27,345.672485
2016-06-04 02:00:20,344.915009
2016-06-04 02:03:13,346.17749
2016-06-04 02:06:06,345.672485
2016-06-04 02:08:59,344.536255
2016-06-04 02:11:52,346.17749
2016-06-04 02:14:45,344.915009
2016-06-04 02:17:38,344.283752
2016-06-04 02:20:31,345.420013
2016-06-04 02:23:24,345.167511
2016-06-04 02:26:17,345.04126
2016-06-04 02:29:10,344.157501
2016-06-04 02:32:03,344.915009
2016-06-04 02:34:56,344.157501
2016-06-04 02:37:49,345.04126
2016-06-04 02:40:42,345.672485
2016-06-04 02:43:35,344.915009
2016-06-04 02:46:28,344.157501
2016-06-04 02:49:21,344.157501
2016-06-04 02:52:14,344.03125
2016-06-04 02:55:07,345.924988
2016-06-04 02:58:00,344.03125
2016-06-04 03:00:53,345.672485
2016-06-04 03:03:46,345.167511
2016-06-04 03:06:39,345.672485
2016-06-04 03:09:32,345.167511
2016-06-04 03:12:25,344.410004
2016-06-04 03:15:18,344.03125
2016-06-04 03:18:11,345.420013
2016-06-04 03:21:04,345.546265
2016-06-04 03:23:57,344.788757
2016-06-04 03:26:50,344.283752
2016-06-04 03:29:43,345.420013
2016-06-04 03:32:36,344.915009
2016-06-04 03:35:29,344.03125
2016-06-04 03:38:22,344.788757
2016-06-04 03:41:15,344.283752
2016-06-04 03:44:08,344.283752
2016-06-04 03:47:01,343.904999
2016-06-04 03:49:54,345.04126
2016-06-04 03:52:47,344.915009
2016-06-04 03:55:40,343.904999
2016-06-04 03:58:33,345.04126
2016-06-04 04:01:26,345.546265
2016-06-04 04:04:19,344.03125
2016-06-04 04:07:12,344.03125
2016-06-04 04:10:05,345.546265
2016-06-04 04:12:58,345.798737
2016-06-04 04:15:51,344.788757
2016-06-04 04:18:44,344.788757
2016-06-04 04:21:37,345.546265
2016-06-04 04:24:30,343.778748
2016-06-04 04:27:23,345.672485
2016-06-04 04:30:16,345.293762
2016-06-04 04:33:09,345.04126
2016-06-04 04:36:02,344.03125
2016-06-04 04:38:55,345.420013
2016-06-04 04:41:48,344.03125
2016-06-04 04:44:41,345.420013
2016-06-04 04:47:34,345.924988
2016-06-04 04:50:27,344.788757
2016-06-04 04:53:20,345.420013
2016-06-04 04:56:13,345.167511
2016-06-04 04:59:06,343.904999
2016-06-04 05:01:59,345.420013
2016-06-04 05:04:52,345.420013
2016-06-04 05:07:45,345.293762
2016-06-04 05:10:38,344.662506
2016-06-04 05:13:31,344.915009
2016-06-04 05:16:24,345.546265
2016-06-04 05:19:17,344.283752
2016-06-04 05:22:10,344.283752
2016-06-04 05:25:03,345.672485
2016-06-04 05:27:56,344.788757
2016-06-04 05:30:49,344.536255
2016-06-04 05:33:42,343.904999
2016-06-04 05:36:35,344.536255
2016-06-04 05:39:28,343.652496
2016-06-04 05:42:21,345.167511
2016-06-04 05:45:14,345.04126
2016-06-04 05:48:07,345.420013
2016-06-04 05:51:00,343.904999
2016-06-04 05:53:53,344.788757
2016-06-04 05:56:46,344.410004
2016-06-04 05:59:39,344.157501
2016-06-04 06:02:32,345.672485
2016-06-04 06:05:25,345.04126
2016-06-04 06:08:18,343.904999
2016-06-04 06:11:11,345.798737
2016-06-04 06:14:04,343.904999
2016-06-04 06:16:57,343.778748
2016-06-04 06:19:50,344.788757
2016-06-04 06:22:43,344.915009
2016-06-04 06:25:36,344.03125
2016-06-04 06:28:29,344.788757
2016-06-04 06:31:22,345.293762
2016-06-04 06:34:15,344.283752
2016-06-04 06:37:08,344.410004
2016-06-04 06:40:01,343.778748
2016-06-04 06:42:54,345.293762
2016-06-04 06:45:47,344.283752
2016-06-04 06:48:40,344.283752
2016-06-04 06:51:33,345.293762
2016-06-04 06:54:26,345.546265
2016-06-04 06:57:19,345.167511
2016-06-04 07:00:12,345.546265
2016-06-04 07:03:05,345.167511
2016-06-04 07:05:58,344.03125
2016-06-04 07:08:51,344.283752
2016-06-04 07:11:44,345.546265
2016-06-04 07:14:37,345.167511
2016-06-04 07:17:30,343.904999
2016-06-04 07:20:23,344.410004
2016-06-04 07:23:16,343.904999
2016-06-04 07:26:09,344.283752
2016-06-04 07:29:02,345.546265
2016-06-04 07:31:55,345.04126
2016-06-04 07:34:48,344.03125
2016-06-04 07:37:41,345.546265
2016-06-04 07:40:34,345.167511
2016-06-04 07:43:27,344.788757
2016-06-04 07:46:20,344.788757
2016-06-04 07:49:13,344.915009
2016-06-04 07:52:06,345.293762
2016-06-04 07:54:59,344.662506
2016-06-04 07:57:52,345.167511
2016-06-04 08:00:45,345.546265
2016-06-04 08:03:38,345.293762
2016-06-04 08:06:31,344.536255
2016-06-04 08:09:24,343.778748
2016-06-04 08:12:17,345.167511
2016-06-04 08:15:10,344.536255
2016-06-04 08:18:03,344.283752
2016-06-04 08:20:56,344.283752
2016-06-04 08:23:49,344.283752
2016-06-04 08:26:42,344.283752
2016-06-04 08:29:35,343.904999
2016-06-04 08:32:28,344.410004
2016-06-04 08:35:21,345.546265
2016-06-04 08:38:14,344.03125
2016-06-04 08:41:07,343.778748
2016-06-04 08:44:00,343.904999
2016-06-04 08:46:53,344.157501
2016-06-04 08:49:46,344.662506
2016-06-04 08:52:39,344.03125
2016-06-04 08:55:32,345.04126
2016-06-04 08:58:25,344.410004
2016-06-04 09:01:18,344.03125
2016-06-04 09:04:11,344.662506
2016-06-04 09:07:04,343.399994
2016-06-04 09:09:57,343.778748
2016-06-04 09:12:50,344.03125
2016-06-04 09:15:43,345.04126
2016-06-04 09:18:36,343.526245
2016-06-04 09:21:29,344.157501
2016-06-04 09:24:22,343.526245
2016-06-04 09:27:15,345.293762
2016-06-04 09:30:08,345.293762
2016-06-04 09:33:01,345.293762
2016-06-04 09:35:54,345.420013
2016-06-04 09:38:47,344.03125
2016-06-04 09:41:40,343.778748
2016-06-04 09:44:33,344.915009
2016-06-04 09:47:26,345.04126
2016-06-04 09:50:19,343.904999
2016-06-04 09:53:12,344.662506
2016-06-04 09:56:05,344.283752
2016-06-04 09:58:58,344.410004
2016-06-04 10:01:51,338.981262
2016-06-04 10:04:44,335.193756
2016-06-04 10:07:37,337.339996
2016-06-04 10:10:30,342.894989
2016-06-04 10:13:23,341.758759
2016-06-04 10:16:16,345.420013
2016-06-04 10:19:09,338.476257
2016-06-04 10:22:02,344.03125
2016-06-04 10:24:55,338.855011
2016-06-04 10:27:48,348.576263
2016-06-04 10:30:41,349.586243
2016-06-04 10:33:34,340.243744
2016-06-04 10:36:27,342.516235
2016-06-04 10:39:20,346.934998
2016-06-04 10:42:13,348.954987
2016-06-04 10:45:06,331.279999
2016-06-04 10:47:59,345.924988
2016-06-04 10:50:52,343.02124
2016-06-04 10:53:45,340.117493
2016-06-04 10:56:38,349.586243
2016-06-04 10:59:31,344.410004
2016-06-04 11:02:24,350.722504
2016-06-04 11:05:17,328.502502
2016-06-04 11:08:10,352.111237
2016-06-04 11:11:03,357.66626
2016-06-04 11:13:56,351.480011
2016-06-04 11:16:49,338.350006
2016-06-04 11:19:42,331.40625
2016-06-04 11:22:35,340.748749
2016-06-04 11:25:28,350.596252
2016-06-04 11:28:21,357.287506
2016-06-04 11:31:14,349.207489
2016-06-04 11:34:07,349.081238
2016-06-04 11:37:00,336.203735
2016-06-04 11:39:53,342.642487
2016-06-04 11:42:46,339.233765
2016-06-04 11:45:39,341.632507
2016-06-04 11:48:32,339.233765
2016-06-04 11:51:25,340.496246
2016-06-04 11:54:18,348.323761
2016-06-04 11:57:11,347.818756
2016-06-04 12:00:04,337.213745
2016-06-04 12:02:57,339.612488
2016-06-04 12:05:50,345.924988
2016-06-04 12:08:43,350.091248
2016-06-04 12:11:36,346.682495
2016-06-04 12:14:29,330.269989
2016-06-04 12:17:22,353.752502
2016-06-04 12:20:15,350.34375
2016-06-04 12:23:08,343.904999
2016-06-04 12:26:01,337.971252
2016-06-04 12:28:54,347.945007
2016-06-04 12:31:47,342.768738
2016-06-04 12:34:40,352.616241
2016-06-04 12:37:33,339.359985
2016-06-04 12:40:26,338.097504
2016-06-04 12:43:19,344.788757
2016-06-04 12:46:12,333.804993
2016-06-04 12:49:05,336.456238
2016-06-04 12:51:58,335.698761
2016-06-04 12:54:51,347.566254
2016-06-04 12:57:44,359.307495
2016-06-04 13:00:37,349.838745
2016-06-04 13:03:30,338.223755
2016-06-04 13:06:23,332.41626
2016-06-04 13:09:16,342.011261
2016-06-04 13:12:09,343.273743
2016-06-04 13:15:02,344.157501
2016-06-04 13:17:55,331.658752
2016-06-04 13:20:48,354.005005
2016-06-04 13:23:41,341.758759
2016-06-04 13:26:34,342.263763
2016-06-04 13:29:27,342.894989
2016-06-04 13:32:20,338.350006
2016-06-04 13:35:13,352.868744
2016-06-04 13:38:06,347.313751
2016-06-04 13:40:59,348.323761
2016-06-04 13:43:52,331.153748
2016-06-04 13:46:45,336.70874
2016-06-04 13:49:38,336.329987
2016-06-04 13:52:31,341.001251
2016-06-04 13:55:24,339.991241
2016-06-04 13:58:17,345.546265
2016-06-04 14:01:10,344.788757
2016-06-04 14:04:03,347.566254
2016-06-04 14:06:56,347.061249
2016-06-04 14:09:49,337.592499
2016-06-04 14:12:42,343.273743
2016-06-04 14:15:35,341.506256
2016-06-04 14:18:28,326.482513
2016-06-04 14:21:21,343.147491
2016-06-04 14:24:14,347.313751
2016-06-04 14:27:07,350.34375
2016-06-04 14:30:00,337.339996
2016-06-04 14:32:53,333.173737
2016-06-04 14:35:46,327.997498
2016-06-04 14:38:39,358.549988
2016-06-04 14:41:32,345.672485
2016-06-04 14:44:25,339.486237
2016-06-04 14:47:18,348.828735
2016-06-04 14:50:11,349.712494
2016-06-04 14:53:04,356.403748
2016-06-04 14:55:57,336.70874
2016-06-04 14:58:50,347.061249
2016-06-04 15:01:43,345.167511
2016-06-04 15:04:36,337.339996
2016-06-04 15:07:29,342.263763
2016-06-04 15:10:22,340.243744
2016-06-04 15:13:15,351.606262
2016-06-04 15:16:08,344.283752
2016-06-04 15:19:01,344.662506
2016-06-04 15:21:54,335.698761
2016-06-04 15:24:47,335.57251
2016-06-04 15:27:40,343.904999
2016-06-04 15:30:33,334.5625
2016-06-04 15:33:26,339.359985
2016-06-04 15:36:19,350.596252
2016-06-04 15:39:12,347.440002
2016-06-04 15:42:05,337.213745
2016-06-04 15:44:58,344.157501
2016-06-04 15:47:51,345.420013
2016-06-04 15:50:44,339.359985
2016-06-04 15:53:37,343.652496
2016-06-04 15:56:30,350.34375
2016-06-04 15:59:23,326.861237
2016-06-04 16:02:16,348.450012
2016-06-04 16:05:09,345.546265
2016-06-04 16:08:02,342.390015
2016-06-04 16:10:55,358.928741
2016-06-04 16:13:48,339.612488
2016-06-04 16:16:41,341.253754
2016-06-04 16:19:34,332.542511
2016-06-04 16:22:27,338.223755
2016-06-04 16:25:20,345.672485
2016-06-04 16:28:13,341.88501
2016-06-04 16:31:06,331.027496
2016-06-04 16:33:59,355.141235
2016-06-04 16:36:52,342.390015
2016-06-04 16:39:45,331.785004
2016-06-04 16:42:38,326.482513
2016-06-04 16:45:31,355.141235
2016-06-04 16:48:24,357.918762
2016-06-04 16:51:17,347.945007
2016-06-04 16:54:10,335.320007
2016-06-04 16:57:03,331.532501
2016-06-04 16:59:56,343.652496
2016-06-04 17:02:49,340.496246
2016-06-04 17:05:42,341.632507
2016-06-04 17:08:35,339.738739
2016-06-04 17:11:28,340.748749
2016-06-04 17:14:21,340.496246
2016-06-04 17:17:14,339.738739
2016-06-04 17:20:07,341.253754
2016-06-04 17:23:00,340.622498
2016-06-04 17:25:53,340.243744
2016-06-04 17:28:46,340.622498
2016-06-04 17:31:39,340.496246
2016-06-04 17:34:32,339.991241
2016-06-04 17:37:25,341.127502
2016-06-04 17:40:18,340.496246
2016-06-04 17:43:11,339.991241
2016-06-04 17:46:04,340.369995
2016-06-04 17:48:57,341.127502
2016-06-04 17:51:50,340.369995
2016-06-04 17:54:43,341.253754
2016-06-04 17:57:36,340.622498
2016-06-04 18:00:29,340.117493
2016-06-04 18:03:22,340.496246
2016-06-04 18:06:15,340.622498
2016-06-04 18:09:08,341.253754
2016-06-04 18:12:01,341.380005
2016-06-04 18:14:54,341.506256
2016-06-04 18:17:47,339.991241
2016-06-04 18:20:40,340.243744
2016-06-04 18:23:33,340.622498
2016-06-04 18:26:26,339.86499
2016-06-04 18:29:19,340.748749
2016-06-04 18:32:12,340.243744
2016-06-04 18:35:05,339.991241
2016-06-04 18:37:58,341.380005
2016-06-04 18:40:51,340.748749
2016-06-04 18:43:44,341.001251
2016-06-04 18:46:37,341.253754
2016-06-04 18:49:30,339.991241
2016-06-04 18:52:23,342.011261
2016-06-04 18:55:16,340.117493
2016-06-04 18:58:09,340.622498
2016-06-04 19:01:02,341.506256
2016-06-04 19:03:55,340.748749
2016-06-04 19:06:48,340.243744
2016-06-04 19:09:41,340.496246
2016-06-04 19:12:34,339.991241
2016-06-04 19:15:27,340.243744
2016-06-04 19:18:20,339.991241
2016-06-04 19:21:13,341.127502
2016-06-04 19:24:06,340.622498
2016-06-04 19:26:59,342.137512
2016-06-04 19:29:52,341.88501
2016-06-04 19:32:45,341.253754
2016-06-04 19:35:38,341.253754
2016-06-04 19:38:31,340.496246
2016-06-04 19:41:24,341.380005
2016-06-04 19:44:17,341.506256
2016-06-04 19:47:10,341.632507
2016-06-04 19:50:03,341.380005
2016-06-04 19:52:56,341.758759
2016-06-04 19:55:49,340.875
2016-06-04 19:58:42,340.369995
2016-06-04 20:01:35,340.243744
2016-06-04 20:04:28,341.632507
2016-06-04 20:07:21,341.380005
2016-06-04 20:10:14,342.011261
2016-06-04 20:13:07,340.243744
2016-06-04 20:16:00,340.748749
2016-06-04 20:18:53,341.253754
2016-06-04 20:21:46,341.001251
2016-06-04 20:24:39,341.380005
2016-06-04 20:27:32,340.117493
2016-06-04 20:30:25,340.496246
2016-06-04 20:33:18,341.632507
2016-06-04 20:36:11,341.380005
2016-06-04 20:39:04,340.748749
2016-06-04 20:41:57,340.622498
2016-06-04 20:44:50,342.263763
2016-06-04 20:47:43,341.127502
2016-06-04 20:50:36,341.632507
2016-06-04 20:53:29,340.622498
2016-06-04 20:56:22,340.243744
2016-06-04 20:59:15,341.001251
2016-06-04 21:02:08,340.117493
2016-06-04 21:05:01,340.875
2016-06-04 21:07:54,340.243744
2016-06-04 21:10:47,341.758759
2016-06-04 21:13:40,340.243744
2016-06-04 21:16:33,341.632507
2016-06-04 21:19:26,341.253754
2016-06-04 21:22:19,341.001251
2016-06-04 21:25:12,341.88501
2016-06-04 21:28:05,342.011261
2016-06-04 21:30:58,340.875
2016-06-04 21:33:51,341.506256
2016-06-04 21:36:44,341.127502
2016-06-04 21:39:37,342.011261
2016-06-04 21:42:30,342.137512
2016-06-04 21:45:23,341.88501
2016-06-04 21:48:16,340.496246
2016-06-04 21:51:09,340.496246
2016-06-04 21:54:02,340.622498
2016-06-04 21:56:55,342.137512
2016-06-04 21:59:48,341.001251
2016-06-04 22:02:41,393.52124
2016-06-04 22:05:34,393.394989
2016-06-04 22:08:27,395.162506
2016-06-04 22:11:20,393.773743
2016-06-04 22:14:13,393.394989
2016-06-04 22:17:06,394.53125
2016-06-04 22:19:59,394.026245
2016-06-04 22:22:52,395.036255
2016-06-04 22:25:45,393.016235
2016-06-04 22:28:38,393.773743
2016-06-04 22:31:31,394.152496
2016-06-04 22:34:24,392.890015
2016-06-04 22:37:17,392.511261
2016-06-04 22:40:10,393.016235
2016-06-04 22:43:03,392.511261
2016-06-04 22:45:56,393.394989
2016-06-04 22:48:49,394.53125
2016-06-04 22:51:42,395.036255
2016-06-04 22:54:35,394.783752
2016-06-04 22:57:28,394.657501
2016-06-04 23:00:21,392.38501
2016-06-04 23:03:14,394.152496
2016-06-04 23:06:07,394.152496
2016-06-04 23:09:00,393.394989
2016-06-04 23:11:53,394.278748
2016-06-04 23:14:46,393.773743
2016-06-04 23:17:39,392.890015
2016-06-04 23:20:32,393.016235
2016-06-04 23:23:25,393.899994
2016-06-04 23:26:18,393.773743
2016-06-04 23:29:11,394.026245
2016-06-04 23:32:04,394.404999
2016-06-04 23:34:57,392.511261
2016-06-04 23:37:50,392.006256
2016-06-04 23:40:43,393.016235
2016-06-04 23:43:36,393.773743
2016-06-04 23:46:29,392.890015
2016-06-04 23:49:22,394.53125
2016-06-04 23:52:15,392.006256
2016-06-04 23:55:08,394.910004
2016-06-04 23:58:01,392.890015
2016-06-05 00:00:54,395.036255
2016-06-05 00:03:47,393.268738
2016-06-05 00:06:40,395.036255
2016-06-05 00:09:33,393.899994
2016-06-05 00:12:26,395.036255
2016-06-05 00:15:19,392.637512
2016-06-05 00:18:12,393.268738
2016-06-05 00:21:05,392.890015
2016-06-05 00:23:58,329.638763
2016-06-05 00:26:51,328.502502
2016-06-05 00:29:44,328.502502
2016-06-05 00:32:37,328.123749
2016-06-05 00:35:30,328.123749
2016-06-05 00:38:23,327.744995
2016-06-05 00:41:16,326.608765
2016-06-05 00:44:09,337.971252
2016-06-05 00:47:02,340.622498
2016-06-05 00:49:55,342.390015
2016-06-05 00:52:48,342.642487
2016-06-05 00:55:41,342.390015
2016-06-05 00:58:34,341.632507
2016-06-05 01:01:27,342.390015
2016-06-05 01:04:20,341.758759
2016-06-05 01:07:13,342.642487
2016-06-05 01:10:06,342.137512
2016-06-05 01:12:59,342.642487
2016-06-05 01:15:52,342.894989
2016-06-05 01:18:45,342.768738
2016-06-05 01:21:38,341.380005
2016-06-05 01:24:31,341.758759
2016-06-05 01:27:24,343.02124
2016-06-05 01:30:17,343.147491
2016-06-05 01:33:10,341.632507
2016-06-05 01:36:03,342.894989
2016-06-05 01:38:56,343.526245
2016-06-05 01:41:49,343.526245
2016-06-05 01:44:42,342.263763
2016-06-05 01:47:35,341.88501
2016-06-05 01:50:28,343.273743
2016-06-05 01:53:21,341.380005
2016-06-05 01:56:14,341.632507
2016-06-05 01:59:07,342.390015
2016-06-05 02:02:00,341.380005
2016-06-05 02:04:53,342.137512
2016-06-05 02:07:46,343.02124
2016-06-05 02:10:39,342.516235
2016-06-05 02:13:32,343.399994
2016-06-05 02:16:25,342.768738
2016-06-05 02:19:18,342.516235
2016-06-05 02:22:11,341.632507
2016-06-05 02:25:04,341.88501
2016-06-05 02:27:57,341.632507
2016-06-05 02:30:50,342.642487
2016-06-05 02:33:43,342.137512
2016-06-05 02:36:36,343.273743
2016-06-05 02:39:29,342.642487
2016-06-05 02:42:22,342.516235
2016-06-05 02:45:15,342.263763
2016-06-05 02:48:08,343.02124
2016-06-05 02:51:01,343.526245
2016-06-05 02:53:54,341.632507
2016-06-05 02:56:47,342.390015
2016-06-05 02:59:40,342.263763
2016-06-05 03:02:33,341.506256
2016-06-05 03:05:26,341.88501
2016-06-05 03:08:19,343.273743
2016-06-05 03:11:12,341.88501
2016-06-05 03:14:05,343.273743
2016-06-05 03:16:58,342.642487
2016-06-05 03:19:51,342.011261
2016-06-05 03:22:44,342.390015
2016-06-05 03:25:37,343.147491
2016-06-05 03:28:30,342.011261
2016-06-05 03:31:23,342.263763
2016-06-05 03:34:16,342.390015
2016-06-05 03:37:09,343.147491
2016-06-05 03:40:02,342.516235
2016-06-05 03:42:55,343.147491
2016-06-05 03:45:48,342.768738
2016-06-05 03:48:41,343.399994
2016-06-05 03:51:34,342.011261
2016-06-05 03:54:27,343.399994
2016-06-05 03:57:20,343.399994
2016-06-05 04:00:13,342.642487
2016-06-05 04:03:06,342.894989
2016-06-05 04:05:59,343.652496
2016-06-05 04:08:52,341.88501
2016-06-05 04:11:45,343.399994
2016-06-05 04:14:38,341.88501
2016-06-05 04:17:31,341.758759
2016-06-05 04:20:24,342.894989
2016-06-05 04:23:17,342.011261
2016-06-05 04:26:10,342.137512
2016-06-05 04:29:03,343.147491
2016-06-05 04:31:56,342.642487
2016-06-05 04:34:49,342.263763
2016-06-05 04:37:42,341.88501
2016-06-05 04:40:35,342.390015
2016-06-05 04:43:28,343.02124
2016-06-05 04:46:21,342.768738
2016-06-05 04:49:14,343.652496
2016-06-05 04:52:07,342.390015
2016-06-05 04:55:00,342.390015
2016-06-05 04:57:53,342.011261
2016-06-05 05:00:46,343.273743
2016-06-05 05:03:39,343.147491
2016-06-05 05:06:32,341.758759
2016-06-05 05:09:25,342.516235
2016-06-05 05:12:18,343.652496
2016-06-05 05:15:11,341.758759
2016-06-05 05:18:04,341.758759
2016-06-05 05:20:57,342.516235
2016-06-05 05:23:50,342.011261
2016-06-05 05:26:43,341.632507
2016-06-05 05:29:36,343.399994
2016-06-05 05:32:29,343.399994
2016-06-05 05:35:22,341.758759
2016-06-05 05:38:15,342.011261
2016-06-05 05:41:08,342.263763
2016-06-05 05:44:01,341.758759
2016-06-05 05:46:54,342.894989
2016-06-05 05:49:47,343.147491
2016-06-05 05:52:40,342.011261
2016-06-05 05:55:33,342.516235
2016-06-05 05:58:26,343.778748
2016-06-05 06:01:19,342.390015
2016-06-05 06:04:12,342.768738
2016-06-05 06:07:05,343.526245
2016-06-05 06:09:58,342.263763
2016-06-05 06:12:51,343.02124
2016-06-05 06:15:44,341.758759
2016-06-05 06:18:37,342.011261
2016-06-05 06:21:30,342.516235
2016-06-05 06:24:23,343.526245
2016-06-05 06:27:16,343.526245
2016-06-05 06:30:09,342.390015
2016-06-05 06:33:02,342.263763
2016-06-05 06:35:55,343.778748
2016-06-05 06:38:48,343.147491
2016-06-05 06:41:41,341.88501
2016-06-05 06:44:34,343.652496
2016-06-05 06:47:27,343.399994
2016-06-05 06:50:20,343.778748
2016-06-05 06:53:13,343.904999
2016-06-05 06:56:06,343.526245
2016-06-05 06:58:59,342.642487
2016-06-05 07:01:52,342.516235
2016-06-05 07:04:45,343.147491
2016-06-05 07:07:38,341.88501
2016-06-05 07:10:31,342.768738
2016-06-05 07:13:24,343.02124
2016-06-05 07:16:17,343.147491
2016-06-05 07:19:10,343.904999
2016-06-05 07:22:03,343.652496
2016-06-05 07:24:56,343.02124
2016-06-05 07:27:49,343.778748
2016-06-05 07:30:42,342.768738
2016-06-05 07:33:35,343.652496
2016-06-05 07:36:28,341.88501
2016-06-05 07:39:21,342.011261
2016-06-05 07:42:14,343.147491
2016-06-05 07:45:07,342.894989
2016-06-05 07:48:00,343.02124
2016-06-05 07:50:53,343.273743
2016-06-05 07:53:46,342.642487
2016-06-05 07:56:39,342.263763
2016-06-05 07:59:32,343.526245
2016-06-05 08:02:25,342.516235
2016-06-05 08:05:18,343.652496
2016-06-05 08:08:11,342.894989
2016-06-05 08:11:04,342.137512
2016-06-05 08:13:57,342.011261
2016-06-05 08:16:50,342.894989
2016-06-05 08:19:43,342.894989
2016-06-05 08:22:36,343.526245
2016-06-05 08:25:29,343.399994
2016-06-05 08:28:22,342.011261
2016-06-05 08:31:15,343.904999
2016-06-05 08:34:08,342.390015
2016-06-05 08:37:01,342.137512
2016-06-05 08:39:54,343.652496
2016-06-05 08:42:47,342.137512
2016-06-05 08:45:40,343.652496
2016-06-05 08:48:33,342.137512
2016-06-05 08:51:26,342.263763
2016-06-05 08:54:19,342.768738
2016-06-05 08:57:12,343.526245
2016-06-05 09:00:05,342.137512
2016-06-05 09:02:58,343.652496
2016-06-05 09:05:51,342.263763
2016-06-05 09:08:44,343.147491
2016-06-05 09:11:37,343.778748
2016-06-05 09:14:30,342.894989
2016-06-05 09:17:23,342.011261
2016-06-05 09:20:16,343.02124
2016-06-05 09:23:09,343.399994
2016-06-05 09:26:02,343.02124
2016-06-05 09:28:55,343.147491
2016-06-05 09:31:48,343.904999
2016-06-05 09:34:41,342.894989
2016-06-05 09:37:34,342.390015
2016-06-05 09:40:27,342.894989
2016-06-05 09:43:20,342.642487
2016-06-05 09:46:13,342.390015
2016-06-05 09:49:06,344.03125
2016-06-05 09:51:59,342.390015
2016-06-05 09:54:52,342.137512
2016-06-05 09:57:45,342.516235
2016-06-05 10:00:38,328.881256
2016-06-05 10:03:31,342.642487
2016-06-05 10:06:24,330.901245
2016-06-05 10:09:17,330.143738
2016-06-05 10:12:10,330.269989
2016-06-05 10:15:03,334.057495
2016-06-05 10:17:56,348.828735
2016-06-05 10:20:49,333.047485
2016-06-05 10:23:42,337.592499
2016-06-05 10:26:35,336.961243
2016-06-05 10:29:28,348.702515
2016-06-05 10:32:21,342.137512
2016-06-05 10:35:14,334.5625
2016-06-05 10:38:07,345.672485
2016-06-05 10:41:00,351.35376
2016-06-05 10:43:53,346.051239
2016-06-05 10:46:46,335.951263
2016-06-05 10:49:39,343.02124
2016-06-05 10:52:32,353.5
2016-06-05 10:55:25,355.898743
2016-06-05 10:58:18,331.40625
2016-06-05 11:01:11,347.440002
2016-06-05 11:04:04,343.399994
2016-06-05 11:06:57,341.001251
2016-06-05 11:09:50,332.290009
2016-06-05 11:12:43,353.247498
2016-06-05 11:15:36,343.652496
2016-06-05 11:18:29,347.692505
2016-06-05 11:21:22,327.618744
2016-06-05 11:24:15,345.293762
2016-06-05 11:27:08,351.35376
2016-06-05 11:30:01,329.891235
2016-06-05 11:32:54,329.891235
2016-06-05 11:35:47,348.450012
2016-06-05 11:38:40,338.855011
2016-06-05 11:41:33,356.782501
2016-06-05 11:44:26,346.051239
2016-06-05 11:47:19,342.894989
2016-06-05 11:50:12,338.350006
2016-06-05 11:53:05,323.704987
2016-06-05 11:55:58,363.852509
2016-06-05 11:58:51,342.011261
2016-06-05 12:01:44,332.037506
2016-06-05 12:04:37,334.941254
2016-06-05 12:07:30,334.057495
2016-06-05 12:10:23,339.991241
2016-06-05 12:13:16,323.200012
2016-06-05 12:16:09,340.748749
2016-06-05 12:19:02,337.71875
2016-06-05 12:21:55,325.472504
2016-06-05 12:24:48,350.722504
2016-06-05 12:27:41,355.267487
2016-06-05 12:30:34,343.147491
2016-06-05 12:33:27,344.915009
2016-06-05 12:36:20,349.081238
2016-06-05 12:39:13,343.273743
2016-06-05 12:42:06,343.904999
2016-06-05 12:44:59,341.380005
2016-06-05 12:47:52,339.359985
2016-06-05 12:50:45,345.04126
2016-06-05 12:53:38,331.40625
2016-06-05 12:56:31,332.41626
2016-06-05 12:59:24,346.429993
2016-06-05 13:02:17,343.778748
2016-06-05 13:05:10,352.363739
2016-06-05 13:08:03,347.818756
2016-06-05 13:10:56,347.945007
2016-06-05 13:13:49,329.512512
2016-06-05 13:16:42,343.778748
2016-06-05 13:19:35,352.616241
2016-06-05 13:22:28,346.429993
2016-06-05 13:25:21,328.123749
2016-06-05 13:28:14,350.722504
2016-06-05 13:31:07,333.931244
2016-06-05 13:34:00,335.951263
2016-06-05 13:36:53,349.838745
2016-06-05 13:39:46,352.616241
2016-06-05 13:42:39,349.964996
2016-06-05 13:45:32,344.157501
2016-06-05 13:48:25,350.470001
2016-06-05 13:51:18,355.64624
2016-06-05 13:54:11,348.828735
2016-06-05 13:57:04,336.329987
2016-06-05 13:59:57,354.131256
2016-06-05 14:02:50,341.506256
2016-06-05 14:05:43,334.183746
2016-06-05 14:08:36,336.077515
2016-06-05 14:11:29,346.808746
2016-06-05 14:14:22,349.838745
2016-06-05 14:17:15,345.167511
2016-06-05 14:20:08,338.223755
2016-06-05 14:23:01,357.66626
2016-06-05 14:25:54,341.632507
2016-06-05 14:28:47,341.758759
2016-06-05 14:31:40,352.868744
2016-06-05 14:34:33,335.446259
2016-06-05 14:37:26,335.193756
2016-06-05 14:40:19,343.778748
2016-06-05 14:43:12,345.420013
2016-06-05 14:46:05,324.967499
2016-06-05 14:48:58,339.233765
2016-06-05 14:51:51,352.616241
2016-06-05 14:54:44,348.702515
2016-06-05 14:57:37,330.774994
2016-06-05 15:00:30,347.692505
2016-06-05 15:03:23,344.662506
2016-06-05 15:06:16,330.774994
2016-06-05 15:09:09,343.904999
2016-06-05 15:12:02,341.506256
2016-06-05 15:14:55,344.410004
2016-06-05 15:17:48,332.542511
2016-06-05 15:20:41,328.881256
2016-06-05 15:23:34,347.692505
2016-06-05 15:26:27,343.778748
2016-06-05 15:29:20,345.546265
2016-06-05 15:32:13,345.167511
2016-06-05 15:35:06,329.386261
2016-06-05 15:37:59,338.097504
2016-06-05 15:40:52,355.64624
2016-06-05 15:43:45,347.440002
2016-06-05 15:46:38,325.09375
2016-06-05 15:49:31,355.393738
2016-06-05 15:52:24,353.373749
2016-06-05 15:55:17,355.267487
2016-06-05 15:58:10,349.838745
2016-06-05 16:01:03,336.582489
2016-06-05 16:03:56,329.007507
2016-06-05 16:06:49,328.755005
2016-06-05 16:09:42,351.35376
2016-06-05 16:12:35,358.171265
2016-06-05 16:15:28,334.5625
2016-06-05 16:18:21,346.429993
2016-06-05 16:21:14,339.107513
2016-06-05 16:24:07,331.785004
2016-06-05 16:27:00,352.868744
2016-06-05 16:29:53,342.390015
2016-06-05 16:32:46,340.369995
2016-06-05 16:35:39,350.848755
2016-06-05 16:38:32,339.359985
2016-06-05 16:41:25,338.602509
2016-06-05 16:44:18,347.566254
2016-06-05 16:47:11,337.971252
2016-06-05 16:50:04,340.369995
2016-06-05 16:52:57,328.755005
2016-06-05 16:55:50,359.054993
2016-06-05 16:58:43,343.778748
2016-06-05 17:01:36,343.02124
2016-06-05 17:04:29,343.273743
2016-06-05 17:07:22,342.642487
2016-06-05 17:10:15,341.506256
2016-06-05 17:13:08,342.642487
2016-06-05 17:16:01,341.88501
2016-06-05 17:18:54,341.88501
2016-06-05 17:21:47,340.369995
2016-06-05 17:24:40,340.622498
2016-06-05 17:27:33,342.137512
2016-06-05 17:30:26,341.127502
2016-06-05 17:33:19,341.758759
2016-06-05 17:36:12,342.137512
2016-06-05 17:39:05,341.632507
2016-06-05 17:41:58,340.496246
2016-06-05 17:44:51,341.127502
2016-06-05 17:47:44,341.88501
2016-06-05 17:50:37,341.253754
2016-06-05 17:53:30,341.253754
2016-06-05 17:56:23,341.253754
2016-06-05 17:59:16,339.991241
2016-06-05 18:02:09,340.243744
2016-06-05 18:05:02,341.380005
2016-06-05 18:07:55,340.875
2016-06-05 18:10:48,340.496246
2016-06-05 18:13:41,339.991241
2016-06-05 18:16:34,341.127502
2016-06-05 18:19:27,339.86499
2016-06-05 18:22:20,339.86499
2016-06-05 18:25:13,339.991241
2016-06-05 18:28:06,341.758759
2016-06-05 18:30:59,341.632507
2016-06-05 18:33:52,340.622498
2016-06-05 18:36:45,341.380005
2016-06-05 18:39:38,341.001251
2016-06-05 18:42:31,341.632507
2016-06-05 18:45:24,340.117493
2016-06-05 18:48:17,339.738739
2016-06-05 18:51:10,341.127502
2016-06-05 18:54:03,341.001251
2016-06-05 18:56:56,341.506256
2016-06-05 18:59:49,340.369995
2016-06-05 19:02:42,341.001251
2016-06-05 19:05:35,341.127502
2016-06-05 19:08:28,340.243744
2016-06-05 19:11:21,340.748749
2016-06-05 19:14:14,341.506256
2016-06-05 19:17:07,340.496246
2016-06-05 19:20:00,340.496246
2016-06-05 19:22:53,341.506256
2016-06-05 19:25:46,341.380005
2016-06-05 19:28:39,339.86499
2016-06-05 19:31:32,341.506256
2016-06-05 19:34:25,340.496246
2016-06-05 19:37:18,340.117493
2016-06-05 19:40:11,341.380005
2016-06-05 19:43:04,340.748749
2016-06-05 19:45:57,340.369995
2016-06-05 19:48:50,339.86499
2016-06-05 19:51:43,339.738739
2016-06-05 19:54:36,341.127502
2016-06-05 19:57:29,341.001251
2016-06-05 20:00:22,340.622498
2016-06-05 20:03:15,341.253754
2016-06-05 20:06:08,340.117493
2016-06-05 20:09:01,341.127502
2016-06-05 20:11:54,341.632507
2016-06-05 20:14:47,339.991241
2016-06-05 20:17:40,340.748749
2016-06-05 20:20:33,339.738739
2016-06-05 20:23:26,340.748749
2016-06-05 20:26:19,339.738739
2016-06-05 20:29:12,339.991241
2016-06-05 20:32:05,340.875
2016-06-05 20:34:58,341.380005
2016-06-05 20:37:51,341.380005
2016-06-05 20:40:44,341.001251
2016-06-05 20:43:37,340.622498
2016-06-05 20:46:30,339.991241
2016-06-05 20:49:23,341.506256
2016-06-05 20:52:16,341.253754
2016-06-05 20:55:09,339.612488
2016-06-05 20:58:02,340.496246
2016-06-05 21:00:55,340.117493
2016-06-05 21:03:48,340.622498
2016-06-05 21:06:41,341.632507
2016-06-05 21:09:34,341.127502
2016-06-05 21:12:27,340.748749
2016-06-05 21:15:20,339.738739
2016-06-05 21:18:13,339.991241
2016-06-05 21:21:06,340.369995
2016-06-05 21:23:59,341.001251
2016-06-05 21:26:52,340.622498
2016-06-05 21:29:45,339.86499
2016-06-05 21:32:38,340.875
2016-06-05 21:35:31,339.738739
2016-06-05 21:38:24,339.86499
2016-06-05 21:41:17,339.991241
2016-06-05 21:44:10,340.117493
2016-06-05 21:47:03,341.632507
2016-06-05 21:49:56,340.748749
2016-06-05 21:52:49,341.632507
2016-06-05 21:55:42,340.622498
2016-06-05 21:58:35,341.253754
2016-06-05 22:01:28,373.573761
2016-06-05 22:04:21,371.301239
2016-06-05 22:07:14,371.42749
2016-06-05 22:10:07,372.942505
2016-06-05 22:13:00,374.078735
2016-06-05 22:15:53,374.962494
2016-06-05 22:18:46,375.59375
2016-06-05 22:21:39,379.886261
2016-06-05 22:24:32,349.712494
2016-06-05 22:27:25,347.440002
2016-06-05 22:30:18,347.692505
2016-06-05 22:33:11,347.818756
2016-06-05 22:36:04,346.429993
2016-06-05 22:38:57,347.692505
2016-06-05 22:41:50,347.1875
2016-06-05 22:44:43,347.061249
2016-06-05 22:47:36,346.051239
2016-06-05 22:50:29,346.934998
2016-06-05 22:53:22,346.934998
2016-06-05 22:56:15,346.808746
2016-06-05 22:59:08,346.934998
2016-06-05 23:02:01,345.420013
2016-06-05 23:04:54,344.915009
2016-06-05 23:07:47,345.293762
2016-06-05 23:10:40,345.672485
2016-06-05 23:13:33,345.293762
2016-06-05 23:16:26,346.682495
2016-06-05 23:19:19,346.303741
2016-06-05 23:22:12,346.051239
2016-06-05 23:25:05,345.672485
2016-06-05 23:27:58,344.788757
2016-06-05 23:30:51,345.924988
2016-06-05 23:33:44,346.556244
2016-06-05 23:36:37,346.429993
2016-06-05 23:39:30,344.283752
2016-06-05 23:42:23,346.17749
2016-06-05 23:45:16,345.672485
2016-06-05 23:48:09,344.283752
2016-06-05 23:51:02,344.157501
2016-06-05 23:53:55,345.293762
2016-06-05 23:56:48,344.283752
2016-06-05 23:59:41,345.672485
2016-06-06 00:02:34,344.03125
2016-06-06 00:05:27,345.167511
2016-06-06 00:08:20,344.536255
2016-06-06 00:11:13,345.04126
2016-06-06 00:14:06,345.546265
2016-06-06 00:16:59,345.293762
2016-06-06 00:19:52,344.03125
2016-06-06 00:22:45,344.157501
2016-06-06 00:25:38,344.03125
2016-06-06 00:28:31,343.904999
2016-06-06 00:31:24,344.157501
2016-06-06 00:34:17,343.904999
2016-06-06 00:37:10,344.03125
2016-06-06 00:40:03,344.157501
2016-06-06 00:42:56,343.904999
2016-06-06 00:45:49,345.420013
2016-06-06 00:48:42,344.536255
2016-06-06 00:51:35,344.915009
2016-06-06 00:54:28,344.410004
2016-06-06 00:57:21,343.652496
2016-06-06 01:00:14,343.904999
2016-06-06 01:03:07,344.662506
2016-06-06 01:06:00,344.662506
2016-06-06 01:08:53,343.652496
2016-06-06 01:11:46,345.167511
2016-06-06 01:14:39,345.293762
2016-06-06 01:17:32,343.778748
2016-06-06 01:20:25,345.420013
2016-06-06 01:23:18,344.03125
2016-06-06 01:26:11,344.157501
2016-06-06 01:29:04,344.788757
2016-06-06 01:31:57,343.273743
2016-06-06 01:34:50,344.788757
2016-06-06 01:37:43,344.915009
2016-06-06 01:40:36,345.04126
2016-06-06 01:43:29,343.526245
2016-06-06 01:46:22,344.410004
2016-06-06 01:49:15,345.04126
2016-06-06 01:52:08,345.293762
2016-06-06 01:55:01,344.03125
2016-06-06 01:57:54,343.778748
2016-06-06 02:00:47,345.04126
2016-06-06 02:03:40,344.536255
2016-06-06 02:06:33,343.526245
2016-06-06 02:09:26,343.526245
2016-06-06 02:12:19,344.536255
2016-06-06 02:15:12,344.662506
2016-06-06 02:18:05,344.283752
2016-06-06 02:20:58,343.652496
2016-06-06 02:23:51,344.662506
2016-06-06 02:26:44,344.410004
2016-06-06 02:29:37,344.157501
2016-06-06 02:32:30,343.778748
2016-06-06 02:35:23,343.652496
2016-06-06 02:38:16,344.662506
2016-06-06 02:41:09,344.03125
2016-06-06 02:44:02,344.788757
2016-06-06 02:46:55,344.283752
2016-06-06 02:49:48,345.04126
2016-06-06 02:52:41,344.283752
2016-06-06 02:55:34,344.915009
2016-06-06 02:58:27,344.662506
2016-06-06 03:01:20,344.283752
2016-06-06 03:04:13,343.526245
2016-06-06 03:07:06,343.273743
2016-06-06 03:09:59,344.915009
2016-06-06 03:12:52,343.147491
2016-06-06 03:15:45,343.147491
2016-06-06 03:18:38,344.788757
2016-06-06 03:21:31,344.662506
2016-06-06 03:24:24,343.273743
2016-06-06 03:27:17,345.04126
2016-06-06 03:30:10,345.167511
2016-06-06 03:33:03,344.536255
2016-06-06 03:35:56,343.273743
2016-06-06 03:38:49,343.273743
2016-06-06 03:41:42,344.915009
2016-06-06 03:44:35,344.915009
2016-06-06 03:47:28,343.273743
2016-06-06 03:50:21,343.02124
2016-06-06 03:53:14,344.410004
2016-06-06 03:56:07,344.662506
2016-06-06 03:59:00,343.147491
2016-06-06 04:01:53,343.147491
2016-06-06 04:04:46,343.904999
2016-06-06 04:07:39,343.273743
2016-06-06 04:10:32,344.03125
2016-06-06 04:13:25,343.147491
2016-06-06 04:16:18,343.147491
2016-06-06 04:19:11,343.652496
2016-06-06 04:22:04,343.778748
2016-06-06 04:24:57,343.147491
2016-06-06 04:27:50,344.157501
2016-06-06 04:30:43,344.536255
2016-06-06 04:33:36,344.788757
2016-06-06 04:36:29,343.273743
2016-06-06 04:39:22,344.536255
2016-06-06 04:42:15,342.768738
2016-06-06 04:45:08,343.273743
2016-06-06 04:48:01,343.02124
2016-06-06 04:50:54,344.283752
2016-06-06 04:53:47,344.283752
2016-06-06 04:56:40,343.778748
2016-06-06 04:59:33,342.894989
2016-06-06 05:02:26,343.147491
2016-06-06 05:05:19,343.526245
2016-06-06 05:08:12,343.526245
2016-06-06 05:11:05,343.778748
2016-06-06 05:13:58,343.147491
2016-06-06 05:16:51,343.526245
2016-06-06 05:19:44,344.410004
2016-06-06 05:22:37,344.157501
2016-06-06 05:25:30,343.02124
2016-06-06 05:28:23,342.894989
2016-06-06 05:31:16,342.894989
2016-06-06 05:34:09,343.526245
2016-06-06 05:37:02,343.02124
2016-06-06 05:39:55,343.02124
2016-06-06 05:42:48,343.526245
2016-06-06 05:45:41,342.894989
2016-06-06 05:48:34,343.526245
2016-06-06 05:51:27,343.02124
2016-06-06 05:54:20,344.283752
2016-06-06 05:57:13,344.283752
2016-06-06 06:00:06,343.273743
2016-06-06 06:02:59,344.536255
2016-06-06 06:05:52,344.410004
2016-06-06 06:08:45,342.894989
2016-06-06 06:11:38,343.273743
2016-06-06 06:14:31,343.778748
2016-06-06 06:17:24,343.526245
2016-06-06 06:20:17,342.516235
2016-06-06 06:23:10,344.662506
2016-06-06 06:26:03,343.273743
2016-06-06 06:28:56,343.399994
2016-06-06 06:31:49,344.03125
2016-06-06 06:34:42,343.652496
2016-06-06 06:37:35,344.410004
2016-06-06 06:40:28,344.410004
2016-06-06 06:43:21,343.652496
2016-06-06 06:46:14,344.662506
2016-06-06 06:49:07,342.894989
2016-06-06 06:52:00,344.157501
2016-06-06 06:54:53,343.652496
2016-06-06 06:57:46,344.410004
2016-06-06 07:00:39,343.778748
2016-06-06 07:03:32,343.904999
2016-06-06 07:06:25,343.652496
2016-06-06 07:09:18,343.02124
2016-06-06 07:12:11,344.410004
2016-06-06 07:15:04,344.283752
2016-06-06 07:17:57,344.788757
2016-06-06 07:20:50,343.399994
2016-06-06 07:23:43,343.778748
2016-06-06 07:26:36,344.536255
2016-06-06 07:29:29,343.778748
2016-06-06 07:32:22,343.147491
2016-06-06 07:35:15,344.410004
2016-06-06 07:38:08,343.778748
2016-06-06 07:41:01,343.778748
2016-06-06 07:43:54,344.03125
2016-06-06 07:46:47,342.516235
2016-06-06 07:49:40,344.410004
2016-06-06 07:52:33,344.283752
2016-06-06 07:55:26,343.526245
2016-06-06 07:58:19,344.283752
2016-06-06 08:01:12,342.642487
2016-06-06 08:04:05,343.652496
2016-06-06 08:06:58,343.399994
2016-06-06 08:09:51,342.768738
2016-06-06 08:12:44,344.788757
2016-06-06 08:15:37,342.768738
2016-06-06 08:18:30,343.399994
2016-06-06 08:21:23,343.526245
2016-06-06 08:24:16,342.894989
2016-06-06 08:27:09,343.273743
2016-06-06 08:30:02,343.02124
2016-06-06 08:32:55,342.768738
2016-06-06 08:35:48,343.399994
2016-06-06 08:38:41,343.778748
2016-06-06 08:41:34,343.652496
2016-06-06 08:44:27,343.147491
2016-06-06 08:47:20,343.147491
2016-06-06 08:50:13,343.526245
2016-06-06 08:53:06,342.642487
2016-06-06 08:55:59,342.894989
2016-06-06 08:58:52,342.768738
2016-06-06 09:01:45,343.02124
2016-06-06 09:04:38,343.399994
2016-06-06 09:07:31,343.526245
2016-06-06 09:10:24,344.536255
2016-06-06 09:13:17,343.526245
2016-06-06 09:16:10,343.778748
2016-06-06 09:19:03,344.03125
2016-06-06 09:21:56,344.410004
2016-06-06 09:24:49,343.02124
2016-06-06 09:27:42,343.147491
2016-06-06 09:30:35,343.526245
2016-06-06 09:33:28,344.283752
2016-06-06 09:36:21,343.273743
2016-06-06 09:39:14,344.03125
2016-06-06 09:42:07,344.283752
2016-06-06 09:45:00,343.399994
2016-06-06 09:47:53,344.536255
2016-06-06 09:50:46,344.283752
2016-06-06 09:53:39,344.536255
2016-06-06 09:56:32,343.399994
2016-06-06 09:59:25,343.273743
2016-06-06 10:02:18,327.23999
2016-06-06 10:05:11,344.915009
2016-06-06 10:08:04,345.798737
2016-06-06 10:10:57,335.57251
2016-06-06 10:13:50,328.755005
2016-06-06 10:16:43,334.057495
2016-06-06 10:19:36,335.825012
2016-06-06 10:22:29,346.682495
2016-06-06 10:25:22,348.954987
2016-06-06 10:28:15,343.778748
2016-06-06 10:31:08,346.682495
2016-06-06 10:34:01,342.263763
2016-06-06 10:36:54,341.380005
2016-06-06 10:39:47,357.161255
2016-06-06 10:42:40,349.586243
2016-06-06 10:45:33,327.997498
2016-06-06 10:48:26,337.087494
2016-06-06 10:51:19,344.03125
2016-06-06 10:54:12,332.795013
2016-06-06 10:57:05,349.459991
2016-06-06 10:59:58,348.954987
2016-06-06 11:02:51,346.051239
2016-06-06 11:05:44,353.247498
2016-06-06 11:08:37,347.061249
2016-06-06 11:11:30,338.350006
2016-06-06 11:14:23,335.698761
2016-06-06 11:17:16,350.217499
2016-06-06 11:20:09,341.758759
2016-06-06 11:23:02,343.526245
2016-06-06 11:25:55,353.752502
2016-06-06 11:28:48,344.03125
2016-06-06 11:31:41,333.678741
2016-06-06 11:34:34,358.045013
2016-06-06 11:37:27,355.772491
2016-06-06 11:40:20,336.961243
2016-06-06 11:43:13,338.476257
2016-06-06 11:46:06,341.001251
2016-06-06 11:48:59,345.420013
2016-06-06 11:51:52,329.638763
2016-06-06 11:54:45,345.546265
2016-06-06 11:57:38,365.367493
2016-06-06 12:00:31,337.213745
2016-06-06 12:03:24,339.486237
2016-06-06 12:06:17,362.084991
2016-06-06 12:09:10,348.071259
2016-06-06 12:12:03,329.765015
2016-06-06 12:14:56,346.556244
2016-06-06 12:17:49,347.440002
2016-06-06 12:20:42,346.808746
2016-06-06 12:23:35,344.283752
2016-06-06 12:26:28,334.688751
2016-06-06 12:29:21,364.483765
2016-06-06 12:32:14,343.02124
2016-06-06 12:35:07,333.426239
2016-06-06 12:38:00,343.904999
2016-06-06 12:40:53,335.825012
2016-06-06 12:43:46,335.951263
2016-06-06 12:46:39,348.323761
2016-06-06 12:49:32,343.273743
2016-06-06 12:52:25,344.410004
2016-06-06 12:55:18,333.047485
2016-06-06 12:58:11,332.795013
2016-06-06 13:01:04,352.48999
2016-06-06 13:03:57,335.320007
2016-06-06 13:06:50,342.516235
2016-06-06 13:09:43,336.077515
2016-06-06 13:12:36,341.506256
2016-06-06 13:15:29,331.532501
2016-06-06 13:18:22,353.373749
2016-06-06 13:21:15,332.163757
2016-06-06 13:24:08,348.19751
2016-06-06 13:27:01,338.350006
2016-06-06 13:29:54,336.834991
2016-06-06 13:32:47,346.808746
2016-06-06 13:35:40,331.911255
2016-06-06 13:38:33,325.220001
2016-06-06 13:41:26,348.828735
2016-06-06 13:44:19,344.03125
2016-06-06 13:47:12,352.237488
2016-06-06 13:50:05,349.712494
2016-06-06 13:52:58,340.622498
2016-06-06 13:55:51,329.638763
2016-06-06 13:58:44,358.549988
2016-06-06 14:01:37,344.410004
2016-06-06 14:04:30,338.097504
2016-06-06 14:07:23,338.097504
2016-06-06 14:10:16,343.904999
2016-06-06 14:13:09,352.616241
2016-06-06 14:16:02,353.121246
2016-06-06 14:18:55,336.203735
2016-06-06 14:21:48,325.220001
2016-06-06 14:24:41,338.602509
2016-06-06 14:27:34,357.540009
2016-06-06 14:30:27,344.788757
2016-06-06 14:33:20,323.326263
2016-06-06 14:36:13,334.057495
2016-06-06 14:39:06,364.609985
2016-06-06 14:41:59,349.964996
2016-06-06 14:44:52,338.72876
2016-06-06 14:47:45,348.828735
2016-06-06 14:50:38,348.450012
2016-06-06 14:53:31,329.26001
2016-06-06 14:56:24,331.027496
2016-06-06 14:59:17,342.390015
2016-06-06 15:02:10,332.41626
2016-06-06 15:05:03,340.369995
2016-06-06 15:07:56,335.698761
2016-06-06 15:10:49,373.573761
2016-06-06 15:13:42,357.792511
2016-06-06 15:16:35,342.011261
2016-06-06 15:19:28,338.602509
2016-06-06 15:22:21,348.828735
2016-06-06 15:25:14,338.72876
2016-06-06 15:28:07,340.496246
2016-06-06 15:31:00,330.901245
2016-06-06 15:33:53,339.359985
2016-06-06 15:36:46,334.815002
2016-06-06 15:39:39,335.067505
2016-06-06 15:42:32,346.429993
2016-06-06 15:45:25,343.147491
2016-06-06 15:48:18,360.948761
2016-06-06 15:51:11,333.55249
2016-06-06 15:54:04,353.5
2016-06-06 15:56:57,346.051239
2016-06-06 15:59:50,342.642487
2016-06-06 16:02:43,329.386261
2016-06-06 16:05:36,328.25
2016-06-06 16:08:29,342.642487
2016-06-06 16:11:22,353.373749
2016-06-06 16:14:15,349.207489
2016-06-06 16:17:08,328.25
2016-06-06 16:20:01,335.698761
2016-06-06 16:22:54,329.512512
2016-06-06 16:25:47,337.466248
2016-06-06 16:28:40,343.778748
2016-06-06 16:31:33,360.82251
2016-06-06 16:34:26,330.522491
2016-06-06 16:37:19,331.027496
2016-06-06 16:40:12,341.758759
2016-06-06 16:43:05,358.045013
2016-06-06 16:45:58,345.167511
2016-06-06 16:48:51,348.828735
2016-06-06 16:51:44,346.429993
2016-06-06 16:54:37,330.143738
2016-06-06 16:57:30,336.582489
2016-06-06 17:00:23,337.71875
2016-06-06 17:03:16,337.592499
2016-06-06 17:06:09,339.233765
2016-06-06 17:09:02,338.72876
2016-06-06 17:11:55,339.486237
2016-06-06 17:14:48,338.097504
2016-06-06 17:17:41,338.855011
2016-06-06 17:20:34,338.350006
2016-06-06 17:23:27,338.350006
2016-06-06 17:26:20,339.738739
2016-06-06 17:29:13,340.117493
2016-06-06 17:32:06,339.107513
2016-06-06 17:34:59,340.117493
2016-06-06 17:37:52,338.097504
2016-06-06 17:40:45,338.476257
2016-06-06 17:43:38,339.359985
2016-06-06 17:46:31,339.991241
2016-06-06 17:49:24,338.350006
2016-06-06 17:52:17,338.72876
2016-06-06 17:55:10,339.991241
2016-06-06 17:58:03,338.350006
2016-06-06 18:00:56,340.369995
2016-06-06 18:03:49,339.991241
2016-06-06 18:06:42,338.981262
2016-06-06 18:09:35,338.855011
2016-06-06 18:12:28,339.359985
2016-06-06 18:15:21,338.855011
2016-06-06 18:18:14,339.486237
2016-06-06 18:21:07,339.991241
2016-06-06 18:24:00,339.486237
2016-06-06 18:26:53,340.117493
2016-06-06 18:29:46,340.369995
2016-06-06 18:32:39,339.991241
2016-06-06 18:35:32,339.991241
2016-06-06 18:38:25,338.855011
2016-06-06 18:41:18,339.107513
2016-06-06 18:44:11,339.233765
2016-06-06 18:47:04,338.72876
2016-06-06 18:49:57,340.117493
2016-06-06 18:52:50,340.496246
2016-06-06 18:55:43,339.991241
2016-06-06 18:58:36,340.622498
2016-06-06 19:01:29,339.107513
2016-06-06 19:04:22,339.486237
2016-06-06 19:07:15,339.612488
2016-06-06 19:10:08,338.855011
2016-06-06 19:13:01,338.602509
2016-06-06 19:15:54,340.369995
2016-06-06 19:18:47,339.991241
2016-06-06 19:21:40,338.602509
2016-06-06 19:24:33,340.243744
2016-06-06 19:27:26,338.72876
2016-06-06 19:30:19,339.486237
2016-06-06 19:33:12,339.991241
2016-06-06 19:36:05,338.602509
2016-06-06 19:38:58,339.612488
2016-06-06 19:41:51,339.612488
2016-06-06 19:44:44,339.86499
2016-06-06 19:47:37,339.612488
2016-06-06 19:50:30,339.107513
2016-06-06 19:53:23,340.243744
2016-06-06 19:56:16,338.981262
2016-06-06 19:59:09,338.855011
2016-06-06 20:02:02,338.981262
2016-06-06 20:04:55,339.359985
2016-06-06 20:07:48,339.486237
2016-06-06 20:10:41,338.72876
2016-06-06 20:13:34,339.107513
2016-06-06 20:16:27,340.243744
2016-06-06 20:19:20,340.243744
2016-06-06 20:22:13,338.855011
2016-06-06 20:25:06,339.486237
2016-06-06 20:27:59,340.243744
2016-06-06 20:30:52,339.612488
2016-06-06 20:33:45,339.233765
2016-06-06 20:36:38,339.486237
2016-06-06 20:39:31,339.991241
2016-06-06 20:42:24,339.359985
2016-06-06 20:45:17,340.117493
2016-06-06 20:48:10,340.622498
2016-06-06 20:51:03,339.486237
2016-06-06 20:53:56,339.233765
2016-06-06 20:56:49,339.486237
2016-06-06 20:59:42,339.86499
2016-06-06 21:02:35,339.738739
2016-06-06 21:05:28,339.738739
2016-06-06 21:08:21,340.748749
2016-06-06 21:11:14,339.612488
2016-06-06 21:14:07,339.359985
2016-06-06 21:17:00,339.738739
2016-06-06 21:19:53,339.233765
2016-06-06 21:22:46,340.748749
2016-06-06 21:25:39,340.117493
2016-06-06 21:28:32,339.612488
2016-06-06 21:31:25,339.991241
2016-06-06 21:34:18,340.243744
2016-06-06 21:37:11,340.496246
2016-06-06 21:40:04,339.233765
2016-06-06 21:42:57,340.748749
2016-06-06 21:45:50,340.496246
2016-06-06 21:48:43,338.981262
2016-06-06 21:51:36,340.117493
2016-06-06 21:54:29,339.86499
2016-06-06 21:57:22,339.991241
2016-06-06 22:00:15,365.493744
2016-06-06 22:03:08,375.720001
2016-06-06 22:06:01,374.836243
2016-06-06 22:08:54,377.487488
2016-06-06 22:11:47,384.809998
2016-06-06 22:14:40,394.53125
2016-06-06 22:17:33,394.152496
2016-06-06 22:20:26,392.258759
2016-06-06 22:23:19,391.627502
2016-06-06 22:26:12,394.783752
2016-06-06 22:29:05,393.142487
2016-06-06 22:31:58,349.712494
2016-06-06 22:34:51,347.692505
2016-06-06 22:37:44,347.566254
2016-06-06 22:40:37,348.19751
2016-06-06 22:43:30,347.818756
2016-06-06 22:46:23,346.303741
2016-06-06 22:49:16,346.17749
2016-06-06 22:52:09,347.061249
2016-06-06 22:55:02,346.429993
2016-06-06 22:57:55,346.303741
2016-06-06 23:00:48,345.924988
2016-06-06 23:03:41,346.17749
2016-06-06 23:06:34,346.934998
2016-06-06 23:09:27,346.303741
2016-06-06 23:12:20,346.17749
2016-06-06 23:15:13,344.915009
2016-06-06 23:18:06,345.672485
2016-06-06 23:20:59,346.934998
2016-06-06 23:23:52,346.17749
2016-06-06 23:26:45,344.915009
2016-06-06 23:29:38,346.556244
2016-06-06 23:32:31,345.04126
2016-06-06 23:35:24,346.808746
2016-06-06 23:38:17,345.420013
2016-06-06 23:41:10,345.293762
2016-06-06 23:44:03,345.420013
2016-06-06 23:46:56,346.429993
2016-06-06 23:49:49,345.04126
2016-06-06 23:52:42,346.556244
2016-06-06 23:55:35,345.04126
2016-06-06 23:58:28,344.410004
2016-06-07 00:01:21,346.17749
2016-06-07 00:04:14,345.672485
2016-06-07 00:07:07,346.303741
2016-06-07 00:10:00,345.798737
2016-06-07 00:12:53,344.788757
2016-06-07 00:15:46,344.283752
2016-06-07 00:18:39,346.303741
2016-06-07 00:21:32,345.167511
2016-06-07 00:24:25,345.420013
2016-06-07 00:27:18,346.051239
2016-06-07 00:30:11,344.03125
2016-06-07 00:33:04,344.662506
2016-06-07 00:35:57,345.420013
2016-06-07 00:38:50,345.293762
2016-06-07 00:41:43,345.924988
2016-06-07 00:44:36,344.788757
2016-06-07 00:47:29,344.915009
2016-06-07 00:50:22,345.420013
2016-06-07 00:53:15,344.915009
2016-06-07 00:56:08,346.051239
2016-06-07 00:59:01,344.915009
2016-06-07 01:01:54,345.420013
2016-06-07 01:04:47,346.051239
2016-06-07 01:07:40,344.410004
2016-06-07 01:10:33,344.915009
2016-06-07 01:13:26,343.778748
2016-06-07 01:16:19,344.536255
2016-06-07 01:19:12,345.798737
2016-06-07 01:22:05,344.157501
2016-06-07 01:24:58,344.283752
2016-06-07 01:27:51,344.788757
2016-06-07 01:30:44,344.915009
2016-06-07 01:33:37,345.924988
2016-06-07 01:36:30,344.410004
2016-06-07 01:39:23,345.672485
2016-06-07 01:42:16,344.03125
2016-06-07 01:45:09,344.536255
2016-06-07 01:48:02,344.915009
2016-06-07 01:50:55,345.167511
2016-06-07 01:53:48,344.788757
2016-06-07 01:56:41,345.672485
2016-06-07 01:59:34,344.410004
2016-06-07 02:02:27,345.798737
2016-06-07 02:05:20,343.652496
2016-06-07 02:08:13,345.293762
2016-06-07 02:11:06,344.536255
2016-06-07 02:13:59,345.167511
2016-06-07 02:16:52,344.788757
2016-06-07 02:19:45,344.410004
2016-06-07 02:22:38,343.778748
2016-06-07 02:25:31,344.283752
2016-06-07 02:28:24,345.546265
2016-06-07 02:31:17,344.410004
2016-06-07 02:34:10,344.662506
2016-06-07 02:37:03,345.672485
2016-06-07 02:39:56,345.546265
2016-06-07 02:42:49,344.662506
2016-06-07 02:45:42,344.03125
2016-06-07 02:48:35,344.915009
2016-06-07 02:51:28,343.778748
2016-06-07 02:54:21,343.904999
2016-06-07 02:57:14,344.788757
2016-06-07 03:00:07,343.652496
2016-06-07 03:03:00,344.536255
2016-06-07 03:05:53,344.788757
2016-06-07 03:08:46,343.652496
2016-06-07 03:11:39,343.778748
2016-06-07 03:14:32,343.526245
2016-06-07 03:17:25,343.778748
2016-06-07 03:20:18,343.778748
2016-06-07 03:23:11,345.04126
2016-06-07 03:26:04,344.410004
2016-06-07 03:28:57,344.536255
2016-06-07 03:31:50,344.536255
2016-06-07 03:34:43,344.915009
2016-06-07 03:37:36,344.283752
2016-06-07 03:40:29,343.904999
2016-06-07 03:43:22,343.399994
2016-06-07 03:46:15,344.788757
2016-06-07 03:49:08,344.157501
2016-06-07 03:52:01,345.04126
2016-06-07 03:54:54,344.283752
2016-06-07 03:57:47,344.788757
2016-06-07 04:00:40,344.410004
2016-06-07 04:03:33,343.147491
2016-06-07 04:06:26,345.167511
2016-06-07 04:09:19,345.167511
2016-06-07 04:12:12,343.526245
2016-06-07 04:15:05,344.157501
2016-06-07 04:17:58,345.293762
2016-06-07 04:20:51,344.788757
2016-06-07 04:23:44,344.410004
2016-06-07 04:26:37,344.410004
2016-06-07 04:29:30,344.157501
2016-06-07 04:32:23,343.778748
2016-06-07 04:35:16,344.157501
2016-06-07 04:38:09,343.904999
2016-06-07 04:41:02,344.283752
2016-06-07 04:43:55,344.03125
2016-06-07 04:46:48,343.778748
2016-06-07 04:49:41,343.904999
2016-06-07 04:52:34,343.526245
2016-06-07 04:55:27,345.167511
2016-06-07 04:58:20,344.915009
2016-06-07 05:01:13,344.915009
2016-06-07 05:04:06,343.02124
2016-06-07 05:06:59,344.410004
2016-06-07 05:09:52,344.157501
2016-06-07 05:12:45,344.536255
2016-06-07 05:15:38,344.410004
2016-06-07 05:18:31,343.399994
2016-06-07 05:21:24,343.778748
2016-06-07 05:24:17,344.536255
2016-06-07 05:27:10,344.03125
2016-06-07 05:30:03,344.283752
2016-06-07 05:32:56,344.157501
2016-06-07 05:35:49,343.652496
2016-06-07 05:38:42,343.399994
2016-06-07 05:41:35,344.410004
2016-06-07 05:44:28,345.293762
2016-06-07 05:47:21,344.536255
2016-06-07 05:50:14,344.03125
2016-06-07 05:53:07,344.915009
2016-06-07 05:56:00,343.273743
2016-06-07 05:58:53,344.283752
2016-06-07 06:01:46,343.904999
2016-06-07 06:04:39,344.283752
2016-06-07 06:07:32,343.399994
2016-06-07 06:10:25,343.147491
2016-06-07 06:13:18,344.157501
2016-06-07 06:16:11,344.788757
2016-06-07 06:19:04,343.778748
2016-06-07 06:21:57,343.904999
2016-06-07 06:24:50,343.147491
2016-06-07 06:27:43,343.778748
2016-06-07 06:30:36,344.283752
2016-06-07 06:33:29,344.157501
2016-06-07 06:36:22,343.904999
2016-06-07 06:39:15,343.652496
2016-06-07 06:42:08,343.652496
2016-06-07 06:45:01,343.147491
2016-06-07 06:47:54,344.03125
2016-06-07 06:50:47,343.904999
2016-06-07 06:53:40,344.788757
2016-06-07 06:56:33,344.157501
2016-06-07 06:59:26,344.03125
2016-06-07 07:02:19,345.04126
2016-06-07 07:05:12,344.157501
2016-06-07 07:08:05,344.03125
2016-06-07 07:10:58,345.04126
2016-06-07 07:13:51,343.02124
2016-06-07 07:16:44,344.536255
2016-06-07 07:19:37,343.778748
2016-06-07 07:22:30,344.410004
2016-06-07 07:25:23,344.03125
2016-06-07 07:28:16,343.904999
2016-06-07 07:31:09,342.768738
2016-06-07 07:34:02,343.778748
2016-06-07 07:36:55,343.904999
2016-06-07 07:39:48,343.904999
2016-06-07 07:42:41,343.02124
2016-06-07 07:45:34,343.273743
2016-06-07 07:48:27,344.03125
2016-06-07 07:51:20,344.03125
2016-06-07 07:54:13,343.147491
2016-06-07 07:57:06,344.915009
2016-06-07 07:59:59,343.652496
2016-06-07 08:02:52,344.410004
2016-06-07 08:05:45,344.788757
2016-06-07 08:08:38,343.904999
2016-06-07 08:11:31,343.02124
2016-06-07 08:14:24,343.147491
2016-06-07 08:17:17,344.03125
2016-06-07 08:20:10,344.03125
2016-06-07 08:23:03,344.03125
2016-06-07 08:25:56,344.157501
2016-06-07 08:28:49,343.526245
2016-06-07 08:31:42,344.410004
2016-06-07 08:34:35,343.904999
2016-06-07 08:37:28,343.526245
2016-06-07 08:40:21,344.662506
2016-06-07 08:43:14,343.02124
2016-06-07 08:46:07,345.04126
2016-06-07 08:49:00,344.283752
2016-06-07 08:51:53,343.147491
2016-06-07 08:54:46,343.273743
2016-06-07 08:57:39,343.652496
2016-06-07 09:00:32,344.915009
2016-06-07 09:03:25,343.02124
2016-06-07 09:06:18,344.410004
2016-06-07 09:09:11,343.399994
2016-06-07 09:12:04,343.652496
2016-06-07 09:14:57,342.768738
2016-06-07 09:17:50,344.536255
2016-06-07 09:20:43,343.273743
2016-06-07 09:23:36,344.157501
2016-06-07 09:26:29,343.904999
2016-06-07 09:29:22,343.904999
2016-06-07 09:32:15,344.662506
2016-06-07 09:35:08,344.283752
2016-06-07 09:38:01,343.778748
2016-06-07 09:40:54,343.273743
2016-06-07 09:43:47,343.904999
2016-06-07 09:46:40,344.536255
2016-06-07 09:49:33,344.03125
2016-06-07 09:52:26,343.904999
2016-06-07 09:55:19,343.526245
2016-06-07 09:58:12,343.778748
2016-06-07 10:01:05,330.774994
2016-06-07 10:03:58,328.755005
2016-06-07 10:06:51,343.904999
2016-06-07 10:09:44,348.071259
2016-06-07 10:12:37,341.758759
2016-06-07 10:15:30,332.795013
2016-06-07 10:18:23,352.616241
2016-06-07 10:21:16,335.320007
2016-06-07 10:24:09,333.173737
2016-06-07 10:27:02,348.576263
2016-06-07 10:29:55,336.077515
2016-06-07 10:32:48,341.253754
2016-06-07 10:35:41,342.263763
2016-06-07 10:38:34,345.546265
2016-06-07 10:41:27,351.35376
2016-06-07 10:44:20,334.5625
2016-06-07 10:47:13,330.269989
2016-06-07 10:50:06,344.410004
2016-06-07 10:52:59,350.596252
2016-06-07 10:55:52,349.081238
2016-06-07 10:58:45,347.692505
2016-06-07 11:01:38,345.924988
2016-06-07 11:04:31,345.420013
2016-06-07 11:07:24,335.067505
2016-06-07 11:10:17,355.64624
2016-06-07 11:13:10,348.954987
2016-06-07 11:16:03,358.297485
2016-06-07 11:18:56,349.33374
2016-06-07 11:21:49,355.64624
2016-06-07 11:24:42,334.057495
2016-06-07 11:27:35,339.612488
2016-06-07 11:30:28,340.117493
2016-06-07 11:33:21,350.722504
2016-06-07 11:36:14,350.091248
2016-06-07 11:39:07,347.313751
2016-06-07 11:42:00,347.1875
2016-06-07 11:44:53,345.798737
2016-06-07 11:47:46,335.825012
2016-06-07 11:50:39,350.975006
2016-06-07 11:53:32,350.848755
2016-06-07 11:56:25,333.426239
2016-06-07 11:59:18,340.875
2016-06-07 12:02:11,349.838745
2016-06-07 12:05:04,335.57251
2016-06-07 12:07:57,329.386261
2016-06-07 12:10:50,356.908752
2016-06-07 12:13:43,349.081238
2016-06-07 12:16:36,343.147491
2016-06-07 12:19:29,332.41626
2016-06-07 12:22:22,354.888763
2016-06-07 12:25:15,353.121246
2016-06-07 12:28:08,350.217499
2016-06-07 12:31:01,337.213745
2016-06-07 12:33:54,353.5
2016-06-07 12:36:47,346.051239
2016-06-07 12:39:40,348.071259
2016-06-07 12:42:33,337.71875
2016-06-07 12:45:26,336.961243
2016-06-07 12:48:19,339.233765
2016-06-07 12:51:12,334.183746
2016-06-07 12:54:05,324.336243
2016-06-07 12:56:58,345.672485
2016-06-07 12:59:51,343.904999
2016-06-07 13:02:44,333.804993
2016-06-07 13:05:37,345.293762
2016-06-07 13:08:30,343.399994
2016-06-07 13:11:23,337.971252
2016-06-07 13:14:16,334.183746
2016-06-07 13:17:09,365.493744
2016-06-07 13:20:02,354.636261
2016-06-07 13:22:55,331.911255
2016-06-07 13:25:48,335.067505
2016-06-07 13:28:41,351.858765
2016-06-07 13:31:34,344.283752
2016-06-07 13:34:27,338.097504
2016-06-07 13:37:20,335.320007
2016-06-07 13:40:13,362.842499
2016-06-07 13:43:06,335.825012
2016-06-07 13:45:59,328.881256
2016-06-07 13:48:52,335.446259
2016-06-07 13:51:45,349.964996
2016-06-07 13:54:38,347.566254
2016-06-07 13:57:31,358.171265
2016-06-07 14:00:24,348.450012
2016-06-07 14:03:17,333.678741
2016-06-07 14:06:10,326.356262
2016-06-07 14:09:03,359.054993
2016-06-07 14:11:56,340.622498
2016-06-07 14:14:49,360.065002
2016-06-07 14:17:42,348.576263
2016-06-07 14:20:35,338.350006
2016-06-07 14:23:28,348.576263
2016-06-07 14:26:21,357.413757
2016-06-07 14:29:14,346.051239
2016-06-07 14:32:07,345.420013
2016-06-07 14:35:00,334.688751
2016-06-07 14:37:53,332.542511
2016-06-07 14:40:46,342.011261
2016-06-07 14:43:39,342.137512
2016-06-07 14:46:32,334.309998
2016-06-07 14:49:25,330.017487
2016-06-07 14:52:18,354.005005
2016-06-07 14:55:11,331.785004
2016-06-07 14:58:04,336.077515
2016-06-07 15:00:57,349.586243
2016-06-07 15:03:50,344.157501
2016-06-07 15:06:43,333.426239
2016-06-07 15:09:36,336.834991
2016-06-07 15:12:29,344.536255
2016-06-07 15:15:22,353.752502
2016-06-07 15:18:15,360.948761
2016-06-07 15:21:08,342.137512
2016-06-07 15:24:01,328.628754
2016-06-07 15:26:54,341.88501
2016-06-07 15:29:47,334.688751
2016-06-07 15:32:40,342.768738
2016-06-07 15:35:33,328.123749
2016-06-07 15:38:26,338.476257
2016-06-07 15:41:19,351.35376
2016-06-07 15:44:12,357.413757
2016-06-07 15:47:05,347.818756
2016-06-07 15:49:58,353.752502
2016-06-07 15:52:51,347.692505
2016-06-07 15:55:44,337.71875
2016-06-07 15:58:37,330.648743
2016-06-07 16:01:30,332.290009
2016-06-07 16:04:23,365.619995
2016-06-07 16:07:16,347.440002
2016-06-07 16:10:09,368.523743
2016-06-07 16:13:02,344.157501
2016-06-07 16:15:55,344.410004
2016-06-07 16:18:48,335.825012
2016-06-07 16:21:41,350.217499
2016-06-07 16:24:34,331.153748
2016-06-07 16:27:27,328.628754
2016-06-07 16:30:20,334.183746
2016-06-07 16:33:13,354.51001
2016-06-07 16:36:06,348.702515
2016-06-07 16:38:59,350.34375
2016-06-07 16:41:52,345.04126
2016-06-07 16:44:45,335.193756
2016-06-07 16:47:38,327.997498
2016-06-07 16:50:31,332.41626
2016-06-07 16:53:24,341.88501
2016-06-07 16:56:17,338.72876
2016-06-07 16:59:10,330.522491
2016-06-07 17:02:03,341.506256
2016-06-07 17:04:56,340.369995
2016-06-07 17:07:49,341.001251
2016-06-07 17:10:42,340.369995
2016-06-07 17:13:35,341.127502
2016-06-07 17:16:28,339.991241
2016-06-07 17:19:21,340.243744
2016-06-07 17:22:14,340.496246
2016-06-07 17:25:07,339.107513
2016-06-07 17:28:00,339.738739
2016-06-07 17:30:53,340.622498
2016-06-07 17:33:46,339.86499
2016-06-07 17:36:39,338.981262
2016-06-07 17:39:32,339.991241
2016-06-07 17:42:25,340.496246
2016-06-07 17:45:18,338.855011
2016-06-07 17:48:11,340.369995
2016-06-07 17:51:04,339.107513
2016-06-07 17:53:57,339.612488
2016-06-07 17:56:50,339.233765
2016-06-07 17:59:43,340.496246
2016-06-07 18:02:36,339.359985
2016-06-07 18:05:29,340.496246
2016-06-07 18:08:22,340.496246
2016-06-07 18:11:15,339.486237
2016-06-07 18:14:08,340.369995
2016-06-07 18:17:01,339.107513
2016-06-07 18:19:54,338.981262
2016-06-07 18:22:47,339.107513
2016-06-07 18:25:40,340.496246
2016-06-07 18:28:33,340.369995
2016-06-07 18:31:26,339.86499
2016-06-07 18:34:19,340.369995
2016-06-07 18:37:12,340.369995
2016-06-07 18:40:05,340.875
2016-06-07 18:42:58,340.369995
2016-06-07 18:45:51,339.991241
2016-06-07 18:48:44,340.875
2016-06-07 18:51:37,339.359985
2016-06-07 18:54:30,339.233765
2016-06-07 18:57:23,340.117493
2016-06-07 19:00:16,339.612488
2016-06-07 19:03:09,340.117493
2016-06-07 19:06:02,340.875
2016-06-07 19:08:55,339.107513
2016-06-07 19:11:48,339.991241
2016-06-07 19:14:41,340.875
2016-06-07 19:17:34,340.875
2016-06-07 19:20:27,338.981262
2016-06-07 19:23:20,339.359985
2016-06-07 19:26:13,340.243744
2016-06-07 19:29:06,339.991241
2016-06-07 19:31:59,339.86499
2016-06-07 19:34:52,339.991241
2016-06-07 19:37:45,339.486237
2016-06-07 19:40:38,340.369995
2016-06-07 19:43:31,340.875
2016-06-07 19:46:24,341.127502
2016-06-07 19:49:17,341.127502
2016-06-07 19:52:10,340.622498
2016-06-07 19:55:03,340.622498
2016-06-07 19:57:56,340.369995
2016-06-07 20:00:49,340.875
2016-06-07 20:03:42,339.738739
2016-06-07 20:06:35,339.86499
2016-06-07 20:09:28,339.359985
2016-06-07 20:12:21,340.496246
2016-06-07 20:15:14,340.243744
2016-06-07 20:18:07,340.117493
2016-06-07 20:21:00,339.486237
2016-06-07 20:23:53,340.496246
2016-06-07 20:26:46,340.117493
2016-06-07 20:29:39,339.612488
2016-06-07 20:32:32,340.117493
2016-06-07 20:35:25,340.243744
2016-06-07 20:38:18,340.875
2016-06-07 20:41:11,339.359985
2016-06-07 20:44:04,340.117493
2016-06-07 20:46:57,341.127502
2016-06-07 20:49:50,340.369995
2016-06-07 20:52:43,340.875
2016-06-07 20:55:36,341.127502
2016-06-07 20:58:29,339.486237
2016-06-07 21:01:22,340.369995
2016-06-07 21:04:15,340.243744
2016-06-07 21:07:08,340.243744
2016-06-07 21:10:01,340.622498
2016-06-07 21:12:54,341.253754
2016-06-07 21:15:47,340.496246
2016-06-07 21:18:40,339.86499
2016-06-07 21:21:33,340.875
2016-06-07 21:24:26,339.359985
2016-06-07 21:27:19,341.001251
2016-06-07 21:30:12,339.86499
2016-06-07 21:33:05,340.243744
2016-06-07 21:35:58,340.369995
2016-06-07 21:38:51,340.117493
2016-06-07 21:41:44,339.359985
2016-06-07 21:44:37,340.369995
2016-06-07 21:47:30,340.496246
2016-06-07 21:50:23,340.117493
2016-06-07 21:53:16,339.738739
2016-06-07 21:56:09,340.875
2016-06-07 21:59:02,339.991241
2016-06-07 22:01:55,382.032501
2016-06-07 22:04:48,385.0625
2016-06-07 22:07:41,393.268738
2016-06-07 22:10:34,395.162506
2016-06-07 22:13:27,394.278748
2016-06-07 22:16:20,393.773743
2016-06-07 22:19:13,395.54126
2016-06-07 22:22:06,392.38501
2016-06-07 22:24:59,393.268738
2016-06-07 22:27:52,393.52124
2016-06-07 22:30:45,394.152496
2016-06-07 22:33:38,396.046265
2016-06-07 22:36:31,350.217499
2016-06-07 22:39:24,348.702515
2016-06-07 22:42:17,348.702515
2016-06-07 22:45:10,347.313751
2016-06-07 22:48:03,347.440002
2016-06-07 22:50:56,346.303741
2016-06-07 22:53:49,346.556244
2016-06-07 22:56:42,346.682495
2016-06-07 22:59:35,347.440002
2016-06-07 23:02:28,346.051239
2016-06-07 23:05:21,345.798737
2016-06-07 23:08:14,347.061249
2016-06-07 23:11:07,347.061249
2016-06-07 23:14:00,346.682495
2016-06-07 23:16:53,345.672485
2016-06-07 23:19:46,347.1875
2016-06-07 23:22:39,346.556244
2016-06-07 23:25:32,346.934998
2016-06-07 23:28:25,346.934998
2016-06-07 23:31:18,345.420013
2016-06-07 23:34:11,346.17749
2016-06-07 23:37:04,345.546265
2016-06-07 23:39:57,346.429993
2016-06-07 23:42:50,345.04126
2016-06-07 23:45:43,344.788757
2016-06-07 23:48:36,344.915009
2016-06-07 23:51:29,346.303741
2016-06-07 23:54:22,346.556244
2016-06-07 23:57:15,344.915009
2016-06-08 00:00:08,344.410004
2016-06-08 00:03:01,345.546265
2016-06-08 00:05:54,346.17749
2016-06-08 00:08:47,346.051239
2016-06-08 00:11:40,344.662506
2016-06-08 00:14:33,345.420013
2016-06-08 00:17:26,344.915009
2016-06-08 00:20:19,345.167511
2016-06-08 00:23:12,344.410004
2016-06-08 00:26:05,346.17749
2016-06-08 00:28:58,345.293762
2016-06-08 00:31:51,345.420013
2016-06-08 00:34:44,344.788757
2016-06-08 00:37:37,345.798737
2016-06-08 00:40:30,345.293762
2016-06-08 00:43:23,344.410004
2016-06-08 00:46:16,344.283752
2016-06-08 00:49:09,344.662506
2016-06-08 00:52:02,344.915009
2016-06-08 00:54:55,344.410004
2016-06-08 00:57:48,344.662506
2016-06-08 01:00:41,344.410004
2016-06-08 01:03:34,344.536255
2016-06-08 01:06:27,345.924988
2016-06-08 01:09:20,345.167511
2016-06-08 01:12:13,344.410004
2016-06-08 01:15:06,344.662506
2016-06-08 01:17:59,345.167511
2016-06-08 01:20:52,344.03125
2016-06-08 01:23:45,344.536255
2016-06-08 01:26:38,345.167511
2016-06-08 01:29:31,344.157501
2016-06-08 01:32:24,344.788757
2016-06-08 01:35:17,344.662506
2016-06-08 01:38:10,345.672485
2016-06-08 01:41:03,344.157501
2016-06-08 01:43:56,344.283752
2016-06-08 01:46:49,344.283752
2016-06-08 01:49:42,343.904999
2016-06-08 01:52:35,345.672485
2016-06-08 01:55:28,345.420013
2016-06-08 01:58:21,345.546265
2016-06-08 02:01:14,344.03125
2016-06-08 02:04:07,345.04126
2016-06-08 02:07:00,344.03125
2016-06-08 02:09:53,345.546265
2016-06-08 02:12:46,345.924988
2016-06-08 02:15:39,343.904999
2016-06-08 02:18:32,345.420013
2016-06-08 02:21:25,345.924988
2016-06-08 02:24:18,345.420013
2016-06-08 02:27:11,345.167511
2016-06-08 02:30:04,344.03125
2016-06-08 02:32:57,345.04126
2016-06-08 02:35:50,345.293762
2016-06-08 02:38:43,344.410004
2016-06-08 02:41:36,343.652496
2016-06-08 02:44:29,345.546265
2016-06-08 02:47:22,344.536255
2016-06-08 02:50:15,343.778748
2016-06-08 02:53:08,345.420013
2016-06-08 02:56:01,344.410004
2016-06-08 02:58:54,344.283752
2016-06-08 03:01:47,344.157501
2016-06-08 03:04:40,343.778748
2016-06-08 03:07:33,345.293762
2016-06-08 03:10:26,344.410004
2016-06-08 03:13:19,343.778748
2016-06-08 03:16:12,344.157501
2016-06-08 03:19:05,343.526245
2016-06-08 03:21:58,345.293762
2016-06-08 03:24:51,345.293762
2016-06-08 03:27:44,345.293762
2016-06-08 03:30:37,343.526245
2016-06-08 03:33:30,343.399994
2016-06-08 03:36:23,344.283752
2016-06-08 03:39:16,344.915009
2016-06-08 03:42:09,343.652496
2016-06-08 03:45:02,344.03125
2016-06-08 03:47:55,345.420013
2016-06-08 03:50:48,344.788757
2016-06-08 03:53:41,345.420013
2016-06-08 03:56:34,343.652496
2016-06-08 03:59:27,344.536255
2016-06-08 04:02:20,344.283752
2016-06-08 04:05:13,343.778748
2016-06-08 04:08:06,345.167511
2016-06-08 04:10:59,343.904999
2016-06-08 04:13:52,344.662506
2016-06-08 04:16:45,345.167511
2016-06-08 04:19:38,345.546265
2016-06-08 04:22:31,344.788757
2016-06-08 04:25:24,343.399994
2016-06-08 04:28:17,345.167511
2016-06-08 04:31:10,344.788757
2016-06-08 04:34:03,343.904999
2016-06-08 04:36:56,345.167511
2016-06-08 04:39:49,344.157501
2016-06-08 04:42:42,345.167511
2016-06-08 04:45:35,343.399994
2016-06-08 04:48:28,344.915009
2016-06-08 04:51:21,345.167511
2016-06-08 04:54:14,344.03125
2016-06-08 04:57:07,343.399994
2016-06-08 05:00:00,343.652496
2016-06-08 05:02:53,344.03125
2016-06-08 05:05:46,345.167511
2016-06-08 05:08:39,344.157501
2016-06-08 05:11:32,343.273743
2016-06-08 05:14:25,343.652496
2016-06-08 05:17:18,344.283752
2016-06-08 05:20:11,343.526245
2016-06-08 05:23:04,345.293762
2016-06-08 05:25:57,344.536255
2016-06-08 05:28:50,344.410004
2016-06-08 05:31:43,344.536255
2016-06-08 05:34:36,343.904999
2016-06-08 05:37:29,344.410004
2016-06-08 05:40:22,344.536255
2016-06-08 05:43:15,344.283752
2016-06-08 05:46:08,343.399994
2016-06-08 05:49:01,344.157501
2016-06-08 05:51:54,344.536255
2016-06-08 05:54:47,344.915009
2016-06-08 05:57:40,344.157501
2016-06-08 06:00:33,343.904999
2016-06-08 06:03:26,343.399994
2016-06-08 06:06:19,344.157501
2016-06-08 06:09:12,344.536255
2016-06-08 06:12:05,344.788757
2016-06-08 06:14:58,343.526245
2016-06-08 06:17:51,343.652496
2016-06-08 06:20:44,344.410004
2016-06-08 06:23:37,344.915009
2016-06-08 06:26:30,344.915009
2016-06-08 06:29:23,345.04126
2016-06-08 06:32:16,344.662506
2016-06-08 06:35:09,344.662506
2016-06-08 06:38:02,345.04126
2016-06-08 06:40:55,343.399994
2016-06-08 06:43:48,344.536255
2016-06-08 06:46:41,343.526245
2016-06-08 06:49:34,345.04126
2016-06-08 06:52:27,344.788757
2016-06-08 06:55:20,343.526245
2016-06-08 06:58:13,344.283752
2016-06-08 07:01:06,344.03125
2016-06-08 07:03:59,344.662506
2016-06-08 07:06:52,343.526245
2016-06-08 07:09:45,343.273743
2016-06-08 07:12:38,345.04126
2016-06-08 07:15:31,343.399994
2016-06-08 07:18:24,345.167511
2016-06-08 07:21:17,344.03125
2016-06-08 07:24:10,344.03125
2016-06-08 07:27:03,344.283752
2016-06-08 07:29:56,344.03125
2016-06-08 07:32:49,344.410004
2016-06-08 07:35:42,344.915009
2016-06-08 07:38:35,343.526245
2016-06-08 07:41:28,343.399994
2016-06-08 07:44:21,343.778748
2016-06-08 07:47:14,343.904999
2016-06-08 07:50:07,345.04126
2016-06-08 07:53:00,343.147491
2016-06-08 07:55:53,343.526245
2016-06-08 07:58:46,344.788757
2016-06-08 08:01:39,344.157501
2016-06-08 08:04:32,343.399994
2016-06-08 08:07:25,343.904999
2016-06-08 08:10:18,344.662506
2016-06-08 08:13:11,343.399994
2016-06-08 08:16:04,344.788757
2016-06-08 08:18:57,344.662506
2016-06-08 08:21:50,344.788757
2016-06-08 08:24:43,344.283752
2016-06-08 08:27:36,344.283752
2016-06-08 08:30:29,343.526245
2016-06-08 08:33:22,343.778748
2016-06-08 08:36:15,344.915009
2016-06-08 08:39:08,343.778748
2016-06-08 08:42:01,343.526245
2016-06-08 08:44:54,343.904999
2016-06-08 08:47:47,344.915009
2016-06-08 08:50:40,343.778748
2016-06-08 08:53:33,343.02124
2016-06-08 08:56:26,343.904999
2016-06-08 08:59:19,343.147491
2016-06-08 09:02:12,343.904999
2016-06-08 09:05:05,343.399994
2016-06-08 09:07:58,344.536255
2016-06-08 09:10:51,343.399994
2016-06-08 09:13:44,344.03125
2016-06-08 09:16:37,343.399994
2016-06-08 09:19:30,343.273743
2016-06-08 09:22:23,344.283752
2016-06-08 09:25:16,342.894989
2016-06-08 09:28:09,343.399994
2016-06-08 09:31:02,343.778748
2016-06-08 09:33:55,343.399994
2016-06-08 09:36:48,343.526245
2016-06-08 09:39:41,343.273743
2016-06-08 09:42:34,343.526245
2016-06-08 09:45:27,344.662506
2016-06-08 09:48:20,343.147491
2016-06-08 09:51:13,344.157501
2016-06-08 09:54:06,344.157501
2016-06-08 09:56:59,343.02124
2016-06-08 09:59:52,344.536255
2016-06-08 10:02:45,340.117493
2016-06-08 10:05:38,343.399994
2016-06-08 10:08:31,335.698761
2016-06-08 10:11:24,331.911255
2016-06-08 10:14:17,333.678741
2016-06-08 10:17:10,337.845001
2016-06-08 10:20:03,339.86499
2016-06-08 10:22:56,348.450012
2016-06-08 10:25:49,338.981262
2016-06-08 10:28:42,340.117493
2016-06-08 10:31:35,340.748749
2016-06-08 10:34:28,351.858765
2016-06-08 10:37:21,333.678741
2016-06-08 10:40:14,335.446259
2016-06-08 10:43:07,343.652496
2016-06-08 10:46:00,346.808746
2016-06-08 10:48:53,339.86499
2016-06-08 10:51:46,342.263763
2016-06-08 10:54:39,339.738739
2016-06-08 10:57:32,342.516235
2016-06-08 11:00:25,345.924988
2016-06-08 11:03:18,343.778748
2016-06-08 11:06:11,334.815002
2016-06-08 11:09:04,353.121246
2016-06-08 11:11:57,358.549988
2016-06-08 11:14:50,342.768738
2016-06-08 11:17:43,334.815002
2016-06-08 11:20:36,338.855011
2016-06-08 11:23:29,348.323761
2016-06-08 11:26:22,335.57251
2016-06-08 11:29:15,334.183746
2016-06-08 11:32:08,363.852509
2016-06-08 11:35:01,342.263763
2016-06-08 11:37:54,336.70874
2016-06-08 11:40:47,346.808746
2016-06-08 11:43:40,337.087494
2016-06-08 11:46:33,344.03125
2016-06-08 11:49:26,350.596252
2016-06-08 11:52:19,342.263763
2016-06-08 11:55:12,342.642487
2016-06-08 11:58:05,327.113739
2016-06-08 12:00:58,336.834991
2016-06-08 12:03:51,346.934998
2016-06-08 12:06:44,355.64624
2016-06-08 12:09:37,343.778748
2016-06-08 12:12:30,332.290009
2016-06-08 12:15:23,340.117493
2016-06-08 12:18:16,340.875
2016-06-08 12:21:09,329.891235
2016-06-08 12:24:02,344.915009
2016-06-08 12:26:55,354.005005
2016-06-08 12:29:48,347.818756
2016-06-08 12:32:41,352.616241
2016-06-08 12:35:34,349.459991
2016-06-08 12:38:27,334.5625
2016-06-08 12:41:20,351.858765
2016-06-08 12:44:13,332.921265
2016-06-08 12:47:06,352.994995
2016-06-08 12:49:59,331.785004
2016-06-08 12:52:52,332.795013
2016-06-08 12:55:45,345.546265
2016-06-08 12:58:38,338.855011
2016-06-08 13:01:31,332.542511
2016-06-08 13:04:24,347.1875
2016-06-08 13:07:17,342.516235
2016-06-08 13:10:10,344.410004
2016-06-08 13:13:03,346.051239
2016-06-08 13:15:56,338.981262
2016-06-08 13:18:49,339.107513
2016-06-08 13:21:42,337.592499
2016-06-08 13:24:35,354.257507
2016-06-08 13:27:28,343.02124
2016-06-08 13:30:21,330.017487
2016-06-08 13:33:14,346.429993
2016-06-08 13:36:07,349.207489
2016-06-08 13:39:00,340.243744
2016-06-08 13:41:53,340.369995
2016-06-08 13:44:46,359.686249
2016-06-08 13:47:39,323.452515
2016-06-08 13:50:32,329.26001
2016-06-08 13:53:25,333.047485
2016-06-08 13:56:18,346.051239
2016-06-08 13:59:11,342.137512
2016-06-08 14:02:04,337.71875
2016-06-08 14:04:57,338.981262
2016-06-08 14:07:50,348.576263
2016-06-08 14:10:43,341.001251
2016-06-08 14:13:36,362.842499
2016-06-08 14:16:29,341.88501
2016-06-08 14:19:22,334.941254
2016-06-08 14:22:15,331.911255
2016-06-08 14:25:08,346.556244
2016-06-08 14:28:01,356.782501
2016-06-08 14:30:54,327.744995
2016-06-08 14:33:47,344.283752
2016-06-08 14:36:40,347.440002
2016-06-08 14:39:33,346.051239
2016-06-08 14:42:26,343.147491
2016-06-08 14:45:19,330.017487
2016-06-08 14:48:12,340.748749
2016-06-08 14:51:05,341.127502
2016-06-08 14:53:58,342.011261
2016-06-08 14:56:51,354.762512
2016-06-08 14:59:44,345.798737
2016-06-08 15:02:37,339.233765
2016-06-08 15:05:30,338.097504
2016-06-08 15:08:23,349.33374
2016-06-08 15:11:16,328.123749
2016-06-08 15:14:09,348.576263
2016-06-08 15:17:02,348.450012
2016-06-08 15:19:55,354.888763
2016-06-08 15:22:48,359.181244
2016-06-08 15:25:41,350.848755
2016-06-08 15:28:34,337.339996
2016-06-08 15:31:27,349.586243
2016-06-08 15:34:20,349.712494
2016-06-08 15:37:13,348.576263
2016-06-08 15:40:06,347.945007
2016-06-08 15:42:59,333.299988
2016-06-08 15:45:52,339.233765
2016-06-08 15:48:45,343.273743
2016-06-08 15:51:38,343.526245
2016-06-08 15:54:31,343.02124
2016-06-08 15:57:24,335.698761
2016-06-08 16:00:17,339.359985
2016-06-08 16:03:10,339.233765
2016-06-08 16:06:03,328.755005
2016-06-08 16:08:56,355.898743
2016-06-08 16:11:49,347.818756
2016-06-08 16:14:42,338.855011
2016-06-08 16:17:35,348.576263
2016-06-08 16:20:28,331.027496
2016-06-08 16:23:21,356.403748
2016-06-08 16:26:14,347.566254
2016-06-08 16:29:07,350.217499
2016-06-08 16:32:00,337.466248
2016-06-08 16:34:53,339.612488
2016-06-08 16:37:46,337.466248
2016-06-08 16:40:39,344.03125
2016-06-08 16:43:32,350.217499
2016-06-08 16:46:25,355.267487
2016-06-08 16:49:18,333.55249
2016-06-08 16:52:11,332.290009
2016-06-08 16:55:04,363.852509
2016-06-08 16:57:57,337.087494
2016-06-08 17:00:50,338.097504
2016-06-08 17:03:43,340.117493
2016-06-08 17:06:36,339.107513
2016-06-08 17:09:29,340.369995
2016-06-08 17:12:22,339.991241
2016-06-08 17:15:15,339.486237
2016-06-08 17:18:08,340.117493
2016-06-08 17:21:01,340.243744
2016-06-08 17:23:54,339.486237
2016-06-08 17:26:47,340.117493
2016-06-08 17:29:40,340.496246
2016-06-08 17:32:33,340.748749
2016-06-08 17:35:26,339.86499
2016-06-08 17:38:19,339.612488
2016-06-08 17:41:12,339.486237
2016-06-08 17:44:05,339.233765
2016-06-08 17:46:58,340.243744
2016-06-08 17:49:51,340.875
2016-06-08 17:52:44,339.738739
2016-06-08 17:55:37,341.127502
2016-06-08 17:58:30,339.359985
2016-06-08 18:01:23,339.486237
2016-06-08 18:04:16,340.117493
2016-06-08 18:07:09,340.748749
2016-06-08 18:10:02,340.496246
2016-06-08 18:12:55,339.612488
2016-06-08 18:15:48,339.991241
2016-06-08 18:18:41,339.991241
2016-06-08 18:21:34,339.612488
2016-06-08 18:24:27,341.253754
2016-06-08 18:27:20,340.748749
2016-06-08 18:30:13,339.738739
2016-06-08 18:33:06,339.612488
2016-06-08 18:35:59,340.117493
2016-06-08 18:38:52,339.486237
2016-06-08 18:41:45,339.86499
2016-06-08 18:44:38,339.991241
2016-06-08 18:47:31,339.612488
2016-06-08 18:50:24,340.243744
2016-06-08 18:53:17,339.612488
2016-06-08 18:56:10,339.486237
2016-06-08 18:59:03,340.622498
2016-06-08 19:01:56,339.612488
2016-06-08 19:04:49,340.369995
2016-06-08 19:07:42,340.117493
2016-06-08 19:10:35,340.117493
2016-06-08 19:13:28,340.117493
2016-06-08 19:16:21,340.117493
2016-06-08 19:19:14,339.738739
2016-06-08 19:22:07,339.612488
2016-06-08 19:25:00,340.622498
2016-06-08 19:27:53,341.253754
2016-06-08 19:30:46,340.875
2016-06-08 19:33:39,341.127502
2016-06-08 19:36:32,339.991241
2016-06-08 19:39:25,341.253754
2016-06-08 19:42:18,339.612488
2016-06-08 19:45:11,339.991241
2016-06-08 19:48:04,340.496246
2016-06-08 19:50:57,340.622498
2016-06-08 19:53:50,340.496246
2016-06-08 19:56:43,340.496246
2016-06-08 19:59:36,340.117493
2016-06-08 20:02:29,339.86499
2016-06-08 20:05:22,341.380005
2016-06-08 20:08:15,340.748749
2016-06-08 20:11:08,341.380005
2016-06-08 20:14:01,340.243744
2016-06-08 20:16:54,339.612488
2016-06-08 20:19:47,339.86499
2016-06-08 20:22:40,340.369995
2016-06-08 20:25:33,340.243744
2016-06-08 20:28:26,340.748749
2016-06-08 20:31:19,341.632507
2016-06-08 20:34:12,340.117493
2016-06-08 20:37:05,340.117493
2016-06-08 20:39:58,341.127502
2016-06-08 20:42:51,340.875
2016-06-08 20:45:44,341.253754
2016-06-08 20:48:37,339.612488
2016-06-08 20:51:30,341.001251
2016-06-08 20:54:23,340.243744
2016-06-08 20:57:16,340.117493
2016-06-08 21:00:09,341.253754
2016-06-08 21:03:02,340.875
2016-06-08 21:05:55,340.496246
2016-06-08 21:08:48,341.001251
2016-06-08 21:11:41,341.253754
2016-06-08 21:14:34,340.748749
2016-06-08 21:17:27,340.369995
2016-06-08 21:20:20,340.369995
2016-06-08 21:23:13,340.875
2016-06-08 21:26:06,341.253754
2016-06-08 21:28:59,341.632507
2016-06-08 21:31:52,341.758759
2016-06-08 21:34:45,341.127502
2016-06-08 21:37:38,339.991241
2016-06-08 21:40:31,339.86499
2016-06-08 21:43:24,341.253754
2016-06-08 21:46:17,340.875
2016-06-08 21:49:10,341.380005
2016-06-08 21:52:03,341.758759
2016-06-08 21:54:56,339.738739
2016-06-08 21:57:49,340.622498
2016-06-08 22:00:42,384.178741
2016-06-08 22:03:35,384.557495
2016-06-08 22:06:28,392.637512
2016-06-08 22:09:21,393.016235
2016-06-08 22:12:14,394.783752
2016-06-08 22:15:07,394.026245
2016-06-08 22:18:00,392.38501
2016-06-08 22:20:53,394.783752
2016-06-08 22:23:46,392.511261
2016-06-08 22:26:39,393.773743
2016-06-08 22:29:32,393.52124
2016-06-08 22:32:25,393.268738
2016-06-08 22:35:18,394.404999
2016-06-08 22:38:11,349.586243
2016-06-08 22:41:04,347.818756
2016-06-08 22:43:57,347.945007
2016-06-08 22:46:50,346.934998
2016-06-08 22:49:43,347.061249
2016-06-08 22:52:36,347.1875
2016-06-08 22:55:29,347.440002
2016-06-08 22:58:22,347.313751
2016-06-08 23:01:15,346.934998
2016-06-08 23:04:08,346.051239
2016-06-08 23:07:01,346.303741
2016-06-08 23:09:54,346.556244
2016-06-08 23:12:47,345.546265
2016-06-08 23:15:40,345.672485
2016-06-08 23:18:33,347.1875
2016-06-08 23:21:26,345.924988
2016-06-08 23:24:19,346.051239
2016-06-08 23:27:12,346.303741
2016-06-08 23:30:05,346.17749
2016-06-08 23:32:58,346.429993
2016-06-08 23:35:51,346.429993
2016-06-08 23:38:44,345.546265
2016-06-08 23:41:37,346.429993
2016-06-08 23:44:30,345.546265
2016-06-08 23:47:23,345.924988
2016-06-08 23:50:16,345.167511
2016-06-08 23:53:09,345.420013
2016-06-08 23:56:02,346.429993
2016-06-08 23:58:55,344.410004
