time,value
,402.5
2023-04-01 08:10:13.530,412.0
2023-04-01 21:48:37.338,401.75
2023-04-01 21:43:46.176,404.8
2023-04-01 19:23:11.546,415.25
2023-04-01 09:05:41.490,412.0
2023-04-01 21:38:14.415,404.3
2023-04-01 08:06:14.353,415.5
2023-04-01 19:18:57.687,412.5
2023-04-01 21:46:03.418,402.5
2023-04-01 21:47:17.096,402.25
2022-11-15 09:52:59.773,408.25
2023-04-01 21:31:28.011,408.25
2023-04-01 08:14:32.589,417.8
2022-11-15 09:50:37.962,419.5
2023-04-01 08:08:58.800,421.25
2022-11-15 09:47:58.864,420.8
2022-11-15 09:49:36.599,419.75
2022-11-15 10:02:41.093,423.8
2023-04-01 21:40:44.004,403.5
2023-04-01 09:09:00.569,415.8
2023-04-01 08:57:24.416,417.25
2022-11-15 10:17:30.466,371.8
2022-11-15 10:04:34.126,363.75
2023-04-01 21:53:22.468,401.3
2022-11-15 10:06:16.119,405.75
2022-11-15 10:18:01.186,375.8
2023-04-01 08:03:06.064,420.0
2022-11-15 10:05:09.470,421.75
2022-11-15 10:05:16.651,409.0
2023-04-01 21:44:33.456,399.3
2022-11-15 10:09:55.209,395.75
2022-11-15 10:19:56.559,383.8
2022-11-15 10:21:48.516,379.0
2023-04-01 21:32:36.948,409.0
2022-11-15 10:32:04.281,378.0
2022-11-15 10:29:21.458,376.75
2022-11-15 10:20:46.337,389.8
2023-04-01 08:04:54.135,419.0
2022-11-15 10:25:26.224,394.5
2023-04-01 21:52:01.603,402.8
2022-11-15 10:35:36.887,391.75
2023-04-01 21:53:10.592,400.25
2023-04-01 19:21:04.763,413.5
2022-11-15 10:34:40.206,375.0
2023-02-01 11:10:05.572,393.0
2023-04-01 09:02:23.532,414.3
2023-02-01 11:16:36.155,392.5
2023-02-01 11:11:59.309,395.5
2023-02-01 11:07:13.256,387.75
2023-02-01 11:11:11.985,391.8
2023-02-01 11:03:25.910,392.5
2023-02-01 11:12:48.597,391.25
2023-02-01 11:23:44.573,391.0
2023-02-01 11:21:28.555,385.3
2023-02-01 11:26:50.884,388.3
2023-02-01 11:28:15.524,403.0
2023-02-01 11:27:17.707,393.25
2023-04-06 01:42:50.297,387.5
2023-02-01 11:34:03.243,385.5
2022-11-15 10:46:54.747,376.0
2023-02-01 11:35:40.305,390.0
2023-02-01 11:34:38.917,386.5
2022-12-05 11:00:42.119,442.5
2023-02-01 11:38:41.116,388.0
2023-02-01 11:45:28.762,398.0
2023-02-01 11:40:24.164,388.0
2023-02-01 11:42:59.379,389.0
2023-02-01 11:49:58.699,385.0
2022-11-15 10:47:17.513,384.0
2023-02-01 11:47:38.337,391.3
2023-04-06 01:45:41.813,387.5
2023-02-01 12:01:31.195,390.0
2023-02-01 12:04:08.508,389.5
2022-12-06 15:27:29.646,445.0
2023-02-01 12:08:23.442,388.8
2022-11-15 10:50:30.128,381.75
2022-11-15 10:43:18.040,363.25
2023-02-01 12:08:39.910,389.0
2023-02-01 12:07:22.476,375.5
2022-11-15 11:05:43.676,381.25
2023-02-01 12:13:59.977,394.8
2022-11-15 11:01:31.658,379.3
2023-02-01 12:14:01.349,394.75
2023-04-06 01:48:44.332,387.5
2023-04-06 01:41:15.555,387.5
2023-02-01 12:29:21.813,398.8
2023-02-01 12:19:05.765,397.0
2023-02-01 12:25:01.022,398.0
2023-03-07 19:08:20.570,406.25
2023-03-07 19:08:41.182,403.0
2023-02-01 12:23:32.744,397.8
2023-04-06 01:43:48.827,387.5
2023-02-01 12:27:59.322,398.5
2023-03-07 18:53:22.901,400.75
2023-02-01 12:30:30.409,398.8
2023-03-07 18:54:11.352,400.75
2023-03-07 18:55:08.937,402.75
2023-03-07 18:56:48.560,403.5
2022-11-15 11:00:33.425,347.25
2023-03-07 19:09:24.005,403.0
2023-03-07 22:33:11.505,402.0
2022-11-15 11:04:55.908,379.75
2023-02-01 12:54:28.079,402.75
2023-03-07 22:32:07.029,403.3
2023-03-07 22:32:11.671,407.75
2023-03-07 22:36:40.730,396.3
2022-11-15 11:06:38.507,379.3
2023-02-01 12:46:25.484,401.3
2023-02-01 12:42:22.198,400.75
2023-04-06 01:53:07.852,390.0
2023-03-07 22:40:47.947,400.8
2023-03-07 22:40:53.098,401.0
2023-02-01 12:40:19.402,400.25
2023-02-01 12:53:07.251,402.5
2023-02-01 12:53:16.236,402.5
2023-02-01 12:49:11.475,401.75
2022-11-15 11:05:23.992,381.3
2023-04-06 01:48:27.620,387.5
2023-02-01 13:08:31.395,406.3
2022-11-15 10:56:53.113,383.25
2023-03-08 09:52:37.903,399.8
2023-04-06 02:16:36.310,391.25
2023-02-01 13:02:54.853,404.75
2023-03-08 09:55:35.875,396.25
2023-03-08 09:54:25.442,386.0
2023-02-01 13:22:17.454,410.75
2023-03-08 10:02:06.344,391.0
2022-11-15 11:02:46.487,380.75
2023-03-08 09:59:47.513,400.8
2023-02-01 13:09:49.371,406.75
2023-03-08 10:04:01.783,398.75
2023-04-06 02:16:51.882,391.3
2023-02-01 13:07:59.851,406.0
2023-02-01 13:20:54.450,410.5
2023-03-08 10:04:26.498,399.0
2023-02-01 13:23:14.071,411.0
2022-11-16 09:09:21.113,382.0
2023-02-01 13:23:27.817,411.3
2023-04-04 09:09:36.812,428.5
2023-03-10 13:02:24.294,387.75
2023-03-10 12:58:17.754,397.0
2023-02-01 13:38:38.186,415.5
2023-03-10 12:58:30.475,395.75
2023-03-10 13:02:49.240,391.75
2023-02-01 13:36:34.511,415.0
2022-11-16 09:13:58.641,381.5
2023-04-04 09:18:34.790,428.25
2023-02-01 13:45:43.495,417.5
2023-02-01 13:30:44.515,413.3
2023-03-10 13:03:16.837,386.0
2023-02-01 13:41:29.801,416.25
2022-11-16 09:08:26.795,382.8
2023-04-04 09:48:31.302,415.5
2023-02-01 13:50:12.935,419.0
2023-04-04 09:16:24.128,428.5
2023-04-04 09:46:59.514,417.8
2023-04-04 09:21:48.621,422.0
2023-02-01 13:52:39.954,419.8
2023-03-10 13:13:37.878,394.8
2023-02-01 13:37:47.406,415.5
2023-03-10 13:11:43.078,394.75
2023-04-04 12:35:47.600,416.3
2023-03-10 13:07:53.725,394.5
2022-11-16 09:17:06.807,379.75
2023-02-01 14:01:25.352,422.0
2023-02-01 13:51:11.114,419.25
2023-02-01 13:51:21.751,419.3
2023-02-01 13:51:27.987,419.25
2023-04-04 09:52:03.315,414.75
2023-03-10 13:18:57.039,394.8
2023-02-01 13:49:43.179,418.8
2023-03-10 13:23:01.122,394.8
2023-04-04 09:50:51.728,410.3
2023-02-01 14:13:13.081,425.5
2023-02-01 14:02:26.202,422.5
2023-02-01 14:02:32.248,422.5
2022-11-16 09:14:38.348,381.5
2023-02-01 14:15:33.014,426.3
2023-02-01 14:11:41.009,425.25
2023-02-01 14:13:45.143,425.8
2023-02-01 14:22:13.616,428.25
2023-02-01 14:07:24.062,424.0
2023-04-04 12:47:23.859,406.75
2023-02-01 14:18:10.903,427.0
2023-03-10 15:18:33.758,394.5
2023-02-01 14:16:18.804,426.5
2023-04-04 12:45:28.173,401.75
2023-02-01 14:10:08.289,424.75
2022-11-16 09:22:13.330,379.5
2023-02-01 14:25:00.657,429.0
2023-03-10 15:19:16.856,395.0
2023-03-10 15:19:22.839,394.75
2023-03-10 15:23:27.240,391.0
2023-02-01 14:31:46.444,431.0
2023-04-04 12:51:59.238,386.8
2023-04-04 12:54:42.267,394.75
2023-03-10 15:26:08.008,392.0
2023-03-10 15:28:50.456,389.0
2023-02-01 14:36:35.749,432.3
2023-04-04 12:59:03.306,398.0
2023-04-04 12:56:17.235,388.75
2023-04-04 13:00:33.355,398.3
2023-04-04 12:54:57.884,386.5
2023-02-01 14:39:09.326,433.0
2023-04-04 12:55:01.642,393.5
2023-02-01 14:47:37.969,435.8
2023-02-01 14:35:11.550,432.0
2023-02-01 14:35:16.502,432.0
2023-04-04 12:54:16.911,413.0
2023-02-01 14:43:40.576,434.5
2023-02-01 14:45:55.500,435.3
2023-03-10 15:51:03.553,401.3
2023-04-04 13:10:22.007,400.0
2023-02-01 14:40:08.537,433.25
2023-02-01 14:38:06.960,432.8
2023-02-01 14:52:42.559,437.3
2023-02-01 14:42:20.137,434.0
2023-02-01 14:46:31.574,435.3
2023-03-10 16:02:20.068,400.5
2022-11-16 09:20:01.782,382.75
2023-02-01 14:46:54.511,435.5
2023-04-04 13:12:08.427,396.8
2023-03-10 15:53:29.643,400.5
2023-03-10 16:02:44.487,400.25
2023-02-01 14:47:13.115,435.5
2023-02-01 15:06:17.924,441.5
2023-02-01 14:55:41.750,438.0
2022-11-16 09:28:49.710,367.0
2023-04-04 13:25:28.488,399.5
2023-02-01 14:51:45.515,437.0
2023-04-04 13:30:49.302,405.5
2023-04-04 13:11:10.033,393.25
2023-02-01 14:58:29.852,439.0
2023-03-12 11:32:38.112,398.5
2023-02-01 15:15:18.884,444.3
2023-02-01 14:56:33.521,438.3
2023-04-04 13:27:29.070,403.8
2023-03-12 11:34:24.241,397.3
2023-02-01 15:07:31.401,441.75
2023-02-01 15:01:17.999,440.0
2023-02-01 15:18:01.148,445.25
2023-03-12 11:38:32.075,391.3
2023-03-12 11:41:14.791,403.5
2023-04-04 13:24:45.564,398.8
2022-11-16 09:29:09.477,380.3
2023-02-01 15:22:56.399,446.3
2023-03-12 11:44:00.097,401.0
2023-02-01 15:20:40.908,443.3
2023-02-01 15:10:12.307,442.75
2023-03-12 11:41:50.471,387.3
2023-02-01 15:12:50.272,443.5
2023-04-04 13:43:29.101,411.3
2023-02-01 15:19:27.384,445.75
2023-04-04 13:37:01.133,408.5
2023-02-01 15:19:42.811,445.75
2023-02-01 15:25:49.428,440.25
2023-04-04 13:41:42.801,410.5
2023-02-01 15:26:01.510,440.3
2023-04-04 13:39:46.575,409.8
2023-04-04 13:45:53.263,412.3
2023-03-12 11:47:45.953,396.25
2023-04-04 13:39:55.301,410.0
2023-04-04 13:58:26.793,416.0
2023-02-01 15:36:56.501,437.8
2023-03-12 15:12:43.541,395.5
2022-11-16 09:36:58.187,356.0
2023-02-01 15:37:14.124,438.75
2023-04-04 13:48:06.717,412.75
2023-04-06 02:17:31.133,391.3
2023-02-01 15:38:51.742,437.5
2023-03-12 15:17:09.500,389.5
2023-02-01 18:11:06.930,436.5
2023-04-04 13:59:20.078,416.25
2023-04-04 13:51:10.870,413.75
2023-04-04 14:03:55.774,417.5
2023-04-06 02:20:03.087,391.75
2023-02-01 18:23:36.480,432.25
2023-02-01 18:23:42.367,431.0
2023-04-04 14:04:09.238,417.75
2023-04-04 13:59:08.761,416.25
2023-02-01 18:16:03.378,431.75
2023-04-06 02:26:43.695,392.75
2023-02-01 18:24:20.763,433.75
2023-03-12 17:56:18.021,380.8
2023-04-06 02:28:54.085,393.0
2023-02-01 18:27:11.953,433.5
2023-03-12 17:55:08.306,393.0
2023-02-01 18:35:05.653,436.75
2023-02-01 18:33:45.400,433.8
2023-02-01 18:43:16.982,431.0
2023-04-04 14:14:31.560,420.8
2023-02-01 18:34:16.707,433.5
2022-12-07 11:52:51.085,445.0
2023-02-01 18:35:48.202,428.8
2022-12-07 11:53:56.706,444.5
2023-02-01 18:42:34.727,432.0
2023-04-04 14:19:17.248,422.0
2022-11-16 09:37:29.981,359.3
2023-04-04 14:21:45.505,422.3
2023-04-04 14:17:22.316,421.5
2023-04-04 14:11:43.643,420.0
2023-03-12 17:54:32.375,390.8
2023-02-01 18:54:55.438,429.8
2023-04-04 14:18:04.286,421.75
2023-03-12 18:03:51.543,386.0
2022-12-09 17:19:04.949,444.0
2023-02-01 18:56:35.311,429.75
2023-02-01 18:51:21.603,428.8
2023-03-12 18:02:52.232,391.5
2022-11-16 09:46:11.456,345.0
2022-12-11 08:39:45.866,436.25
2023-03-12 18:06:54.545,389.0
2022-12-11 08:40:13.963,436.75
2023-02-01 18:53:09.867,426.8
2023-03-12 18:01:46.507,396.0
2023-02-03 09:25:42.653,429.75
2023-02-03 09:20:59.210,427.75
2022-12-11 08:41:27.639,436.5
2023-02-03 09:18:47.284,426.0
2022-11-16 09:39:14.021,367.3
2023-02-03 09:29:17.089,429.3
2023-04-06 02:29:23.020,393.3
2023-02-03 09:32:15.842,424.75
2023-03-12 18:11:41.419,392.5
2023-02-03 09:26:49.915,425.25
2023-03-13 09:07:41.539,390.0
2023-02-03 09:30:02.560,428.0
2023-03-13 09:10:30.088,392.25
2023-04-04 14:29:51.960,424.8
2023-02-03 09:31:41.827,418.3
2023-02-03 20:52:43.836,438.3
2023-03-13 09:16:59.473,392.75
2023-03-13 09:14:38.087,390.5
2023-02-03 09:33:19.856,425.0
2023-03-13 09:16:25.484,392.5
2023-03-13 09:13:53.807,396.8
2023-03-13 09:13:59.596,392.5
2023-04-04 14:37:14.614,426.8
2023-04-04 14:47:37.458,429.5
2023-03-13 10:23:58.022,392.5
2023-02-03 21:02:38.469,434.0
2023-04-06 02:18:45.460,391.5
2023-04-06 02:35:27.227,394.0
2023-04-04 14:41:27.606,428.0
2023-04-04 14:39:22.959,427.3
2023-03-13 10:26:54.597,392.25
2023-02-03 21:06:57.921,430.75
2023-04-06 02:18:48.350,391.5
2023-03-13 10:32:38.728,392.0
2023-04-04 14:48:27.371,429.8
2022-11-16 09:48:46.316,346.0
2023-03-13 10:30:03.880,392.25
2023-04-04 14:56:13.561,432.0
2023-02-03 21:14:24.787,433.3
2023-03-13 10:27:39.867,395.5
2023-03-13 10:29:04.636,392.0
2022-11-16 09:48:52.996,348.75
2023-02-03 23:07:52.022,431.0
2023-04-05 10:12:04.788,436.25
2023-02-03 23:08:07.003,418.5
2023-04-05 10:07:54.167,434.3
2023-03-13 14:44:24.196,392.75
2023-04-04 14:48:41.933,430.0
2023-03-13 10:37:24.566,392.0
2022-12-11 08:51:19.359,436.3
2023-04-04 15:00:56.617,433.5
2023-04-05 10:04:42.677,429.0
2023-03-13 14:54:53.269,392.0
2023-04-04 15:01:40.107,433.75
2023-03-13 10:36:36.618,392.0
2023-03-13 14:52:26.743,392.0
2023-03-13 14:45:21.622,389.25
2022-11-16 09:49:10.222,374.3
2023-03-13 10:38:19.185,392.3
2023-04-05 10:21:24.148,439.5
2023-02-03 23:23:37.324,424.5
2022-12-11 08:52:52.711,436.25
2023-04-04 15:01:53.215,433.75
2023-04-04 14:57:50.510,432.5
2023-02-03 23:23:58.876,429.5
2023-02-03 23:29:26.035,428.5
2023-04-05 10:13:03.784,436.5
2023-03-13 14:55:30.909,389.5
2023-04-05 10:20:00.520,439.0
2022-12-11 08:54:20.326,436.0
2023-04-05 10:26:45.204,441.5
2023-03-13 15:02:55.336,389.75
2023-04-06 02:38:01.955,394.25
2023-02-05 15:09:00.926,426.0
2023-04-05 10:32:57.160,443.5
2022-12-11 08:55:56.971,436.0
2023-03-13 15:00:11.038,386.8
2022-12-11 08:56:32.844,436.0
2023-04-05 10:20:33.304,439.3
2023-03-13 15:04:33.603,385.3
2023-04-05 10:32:53.052,443.5
2023-03-13 15:08:33.118,381.0
2022-12-11 08:58:30.899,435.8
2023-04-05 10:33:14.387,443.5
2023-03-13 15:05:02.812,393.75
2023-02-05 17:52:23.745,423.25
2023-04-05 10:18:48.045,438.5
2023-02-05 17:53:41.404,416.3
2023-02-05 17:49:55.163,429.5
2023-02-05 17:52:44.395,423.5
2023-02-05 17:47:21.675,423.75
2023-04-05 10:31:41.205,443.25
2023-02-05 17:48:51.002,423.25
2023-02-05 17:53:13.478,423.5
2023-02-05 17:56:58.506,423.5
2023-04-05 10:30:03.326,442.5
2023-03-13 17:06:52.546,394.5
2022-11-16 10:10:04.629,365.5
2023-04-05 10:42:54.488,446.3
2023-02-06 15:32:59.184,424.8
2023-03-13 17:20:56.013,387.75
2023-04-05 10:34:49.077,444.0
2023-02-06 15:34:48.931,421.0
2023-03-13 17:17:01.316,393.0
2023-03-13 17:21:18.734,390.5
2023-03-13 17:21:21.763,390.3
2023-02-06 15:33:45.325,422.5
2023-04-05 10:38:48.629,445.0
2023-03-13 17:22:49.467,385.8
2023-03-13 17:20:17.166,392.3
2023-02-06 15:44:06.807,417.75
2023-03-13 17:14:47.202,390.0
2023-03-13 17:23:08.403,396.8
2023-02-06 17:08:48.178,410.5
2023-02-06 15:47:15.009,420.5
2023-02-06 17:05:21.701,422.25
2023-02-06 17:09:00.372,417.0
2023-03-13 17:26:51.577,390.5
2023-03-13 17:35:51.168,390.8
2023-02-08 15:20:26.819,406.5
2023-02-08 15:19:14.386,419.75
2023-03-13 17:25:51.584,388.0
2023-02-06 17:09:43.599,424.8
2023-02-08 15:23:34.740,412.5
2023-03-13 17:25:56.122,391.0
2023-02-06 17:15:00.322,418.0
2023-02-08 15:26:36.332,415.8
2023-02-08 15:24:08.583,416.0
2023-02-08 15:29:09.480,416.5
2023-02-08 15:27:04.724,416.5
2023-02-08 15:29:34.801,416.5
2023-03-13 17:31:56.762,390.3
2023-03-14 15:10:16.561,389.5
2023-02-08 15:34:01.122,418.3
2023-02-08 15:28:58.808,416.5
2023-03-13 17:30:53.760,390.3
2023-04-05 11:13:17.044,438.3
2023-04-05 11:03:16.512,437.75
2023-02-08 15:39:55.826,405.8
2023-02-08 15:40:03.206,413.25
2023-04-05 11:15:04.241,428.8
2023-04-05 11:15:17.834,434.0
2023-03-14 16:15:56.178,389.5
2023-02-08 15:42:56.797,413.0
2023-02-08 15:37:51.343,413.8
2023-03-14 15:17:32.121,389.3
2023-02-08 15:45:43.554,413.5
2023-04-05 11:27:17.376,429.25
2023-03-14 15:21:46.977,386.3
2023-02-08 15:48:42.732,413.25
2023-03-14 16:21:35.498,388.75
2023-03-14 16:18:11.455,389.0
2023-02-08 15:50:33.703,414.0
2023-03-14 16:24:31.969,389.0
2023-03-14 16:27:22.533,389.0
2023-04-05 11:26:37.656,436.0
2023-04-05 11:27:54.899,432.0
2023-02-08 18:19:44.934,403.25
2023-04-05 11:22:39.089,420.25
2023-02-08 18:24:09.129,403.5
2023-04-05 11:28:09.896,419.5
2023-04-05 11:29:11.934,427.3
2023-02-08 18:20:27.055,410.8
2023-02-08 18:20:33.180,410.75
2023-03-14 18:25:48.194,388.25
2023-02-08 18:30:05.713,408.5
2023-03-14 18:21:01.106,386.8
2023-03-14 18:27:20.080,388.3
2023-02-08 18:24:56.465,408.75
2023-02-08 18:27:43.454,400.8
2023-04-05 11:59:52.072,429.5
2023-03-14 18:31:47.169,387.5
2023-02-08 18:30:54.894,408.75
2023-04-05 11:42:02.079,429.5
2023-03-14 18:26:57.115,387.5
2023-02-08 18:40:54.727,406.0
2023-04-05 12:08:34.238,416.3
2023-02-08 18:32:27.960,407.8
2023-03-14 18:32:32.977,384.5
2023-03-14 18:55:02.828,388.5
2023-02-08 18:37:23.251,404.5
2023-04-05 12:05:52.390,422.25
2023-02-08 18:49:04.231,406.0
2023-03-14 18:56:24.656,378.5
2023-02-08 18:39:17.078,399.0
2023-04-05 12:07:24.922,407.8
2023-02-08 18:46:41.799,407.5
2023-03-14 19:02:02.393,386.8
2023-02-08 18:57:34.191,401.75
2023-03-14 19:07:27.235,383.25
2023-04-05 12:14:28.931,415.0
2023-03-14 19:02:31.815,386.5
2023-02-08 18:55:08.587,405.0
2023-02-08 18:58:01.128,404.0
2023-02-08 18:56:52.345,404.0
2023-04-05 12:23:10.751,404.8
2023-04-05 12:23:15.349,408.3
2023-03-14 19:13:18.957,385.25
2023-03-14 19:10:39.169,385.5
2023-02-08 18:58:34.773,403.0
2023-02-08 19:01:21.998,404.25
2023-03-14 19:29:18.652,397.0
2023-02-09 08:23:34.666,406.0
2023-02-09 08:27:52.065,402.8
2023-04-05 12:25:49.971,405.5
2023-04-05 12:22:01.994,407.5
2023-03-14 19:10:16.697,385.5
2023-02-09 09:55:39.842,402.5
2023-03-14 19:14:30.053,385.5
2023-04-05 12:20:40.709,409.25
2023-03-14 19:28:54.359,398.0
2023-02-09 09:58:53.053,401.5
2023-04-05 12:29:54.275,384.75
2023-03-14 19:34:31.436,393.5
2023-03-15 14:19:06.091,392.5
2023-03-15 14:16:27.370,389.3
2023-04-05 12:29:17.212,392.25
2023-04-06 02:48:21.523,395.5
2023-02-09 10:16:29.009,403.0
2023-04-05 12:34:26.055,391.25
2023-04-05 12:34:27.312,391.3
2023-02-09 10:16:50.155,396.5
2023-02-10 12:05:04.275,401.8
2023-04-05 12:34:49.397,393.3
2023-04-05 12:30:20.869,396.5
2023-04-05 12:34:58.828,390.25
2023-03-15 14:25:36.978,392.3
2023-03-15 14:25:42.216,392.5
2023-03-15 14:27:00.640,392.3
2023-02-10 12:13:32.830,398.3
2023-03-15 14:28:20.785,392.5
2023-03-15 14:29:47.705,392.3
2023-03-15 15:18:16.399,416.0
2023-03-15 15:21:09.177,415.0
2023-04-06 03:00:21.665,397.0
2023-04-05 12:40:43.608,393.75
2023-02-10 12:22:05.845,398.0
2023-03-15 15:17:32.332,416.5
2023-03-15 15:27:01.654,413.3
2023-04-05 12:42:20.173,391.25
2023-03-15 15:27:15.339,410.0
2023-02-10 12:18:26.556,398.5
2023-02-10 12:23:54.090,398.0
2023-02-10 12:22:40.740,398.0
2023-04-05 12:52:10.589,382.8
2023-02-10 12:28:05.331,397.75
2023-03-15 15:31:41.111,411.8
2023-02-10 12:28:21.404,398.0
2023-03-15 15:34:17.739,409.8
2023-02-10 12:33:39.830,401.8
2023-03-15 15:38:41.958,412.25
2023-03-15 15:30:32.114,412.0
2023-02-10 12:38:06.954,387.5
2023-04-05 12:58:34.274,382.5
2023-04-05 13:00:05.199,380.3
2023-02-10 12:34:37.640,393.0
2023-02-10 12:36:06.795,393.0
2023-03-15 15:36:30.471,414.25
2023-02-10 12:38:54.735,393.75
2023-02-10 12:37:47.408,385.5
2023-03-15 15:44:17.314,410.0
2023-04-05 12:59:07.760,378.5
2023-02-10 12:49:54.986,397.75
2023-02-10 12:51:25.127,392.3
2023-02-10 12:54:12.388,391.8
2023-02-10 12:43:41.692,382.0
2023-04-05 12:59:17.688,387.8
2023-03-15 15:46:15.264,411.5
2023-03-15 15:43:57.097,411.75
2023-02-10 12:49:17.879,382.25
2023-02-10 12:52:12.868,385.5
2023-02-10 12:52:22.525,389.0
2023-02-10 12:52:30.534,385.8
2023-02-10 18:00:44.237,379.5
2023-04-05 14:07:20.267,386.75
2023-03-16 23:19:42.536,406.8
2023-04-05 14:11:58.180,388.5
2023-04-05 14:11:37.590,388.5
2023-04-05 14:12:54.377,388.5
2023-02-10 18:06:24.486,372.25
2023-02-10 18:06:32.728,381.8
2023-02-10 18:13:38.635,384.0
2023-02-10 18:13:48.640,382.0
2023-04-05 14:17:22.069,388.25
2023-02-10 18:16:21.444,384.5
2023-03-17 00:27:46.864,392.8
2023-03-17 00:28:23.830,401.5
2023-04-05 14:20:19.106,388.5
2023-02-10 18:16:52.243,386.8
2023-02-10 18:18:31.786,385.0
2023-02-10 18:24:10.173,387.5
2023-02-10 23:00:49.224,386.75
2023-03-17 00:34:00.874,403.25
2023-04-05 14:25:24.294,388.5
2023-04-05 14:16:05.260,390.25
2023-04-05 14:34:09.615,382.3
2023-03-17 00:36:06.281,402.8
2023-02-10 23:02:56.489,386.5
2023-04-05 14:23:35.207,388.5
2023-02-10 23:03:10.792,387.25
2023-03-17 00:39:29.401,400.75
2023-02-10 23:12:33.553,385.5
2023-03-17 00:41:22.717,400.8
2023-02-10 23:14:08.152,385.8
2023-03-17 00:42:48.929,404.5
2023-02-10 23:12:56.908,381.5
2023-02-10 23:06:34.464,382.0
2023-04-05 14:50:56.430,388.0
2023-02-10 23:16:13.597,386.0
2023-04-05 14:39:45.465,388.0
2023-04-05 14:52:37.452,385.5
2023-03-17 00:49:01.582,400.75
2023-03-17 08:30:17.248,400.0
2023-03-17 08:30:55.516,404.25
2023-04-05 14:52:18.275,386.0
2023-02-11 00:39:34.767,453.0
2023-04-05 14:51:47.550,384.5
2023-04-05 14:51:51.982,386.5
2023-04-05 15:01:12.783,386.5
2023-02-11 00:45:03.122,446.5
2023-02-11 00:49:22.326,447.0
2023-02-11 00:49:34.174,446.8
2023-02-11 00:44:16.898,448.8
2023-03-17 08:37:34.345,398.5
2023-03-17 09:29:14.011,398.0
2023-04-05 16:25:14.932,375.5
2023-02-11 00:48:43.000,446.75
2023-03-17 09:31:55.798,396.0
2023-04-05 15:02:02.026,380.8
2023-03-17 09:54:36.137,397.5
2023-04-05 16:23:14.326,385.8
2023-03-17 09:56:10.015,397.0
2023-02-11 10:52:56.729,444.8
2023-04-05 16:27:27.313,386.75
2023-04-05 16:28:45.160,386.0
2023-02-11 11:02:46.497,443.25
2023-02-11 11:04:16.351,443.8
2023-02-11 11:05:48.120,439.0
2023-02-11 11:09:52.595,443.3
2023-03-17 10:38:23.438,400.0
2023-02-11 11:03:21.178,444.25
2023-03-17 10:40:10.622,401.25
2023-02-11 11:03:33.099,443.0
2023-03-17 10:46:09.264,402.5
2023-02-11 11:21:27.341,440.0
2023-04-05 16:37:52.510,386.8
2023-04-05 16:42:23.606,385.75
2023-04-05 16:46:01.103,385.8
2023-02-11 11:19:11.951,436.0
2023-02-11 11:20:41.445,439.3
2023-03-17 10:51:44.445,404.5
2023-03-17 10:52:03.843,404.5
2023-02-11 11:31:10.095,415.3
2023-03-17 10:55:02.364,405.25
2023-03-17 10:56:03.685,405.75
2023-04-05 16:55:02.697,386.25
2023-03-17 10:58:14.243,406.5
2023-03-17 10:59:23.992,407.0
2023-02-11 11:26:24.014,434.5
2023-04-05 16:56:47.650,386.3
2023-02-11 11:26:34.172,433.25
2023-02-11 11:28:02.512,431.5
2023-04-05 21:12:17.617,386.25
2023-04-05 21:12:22.003,386.3
2023-03-17 11:06:05.976,409.5
2023-04-05 21:10:22.091,386.5
2023-02-11 11:43:07.362,403.8
2023-02-11 11:43:18.179,400.8
2023-03-17 11:11:21.483,411.3
2023-03-17 11:11:48.524,411.5
2023-03-17 11:12:13.325,411.75
2023-02-11 11:42:16.813,411.3
2023-04-05 21:18:56.454,386.0
2023-02-11 11:49:20.517,410.5
2023-04-05 21:17:28.367,386.0
2023-03-17 11:19:40.337,414.0
2023-03-17 11:20:43.548,414.25
2023-03-17 11:21:37.654,414.3
2023-04-05 21:21:45.389,382.5
2023-02-11 11:53:17.378,399.0
2023-03-17 11:24:57.747,415.5
2023-03-17 11:25:50.090,415.5
2023-04-05 21:30:51.597,385.25
2023-02-11 11:53:44.556,404.5
2023-02-11 11:58:04.079,400.0
2023-02-11 11:56:42.799,391.5
2023-03-17 11:31:29.248,417.0
2023-03-17 11:32:10.710,417.25
2023-04-05 21:36:07.336,384.5
2023-04-05 21:36:11.658,384.5
2023-03-17 11:34:02.952,417.8
2023-03-17 11:35:14.536,418.25
2023-03-17 11:36:41.901,418.5
2023-03-17 11:37:44.499,418.8
2023-04-05 21:44:12.008,383.5
2023-03-17 11:39:16.071,419.3
2023-03-17 11:40:20.746,419.5
2023-03-17 11:41:47.460,420.0
2023-02-11 12:06:50.312,389.8
2023-03-17 11:45:31.185,421.0
2023-04-05 23:12:28.646,427.0
2023-04-05 23:12:39.030,427.0
2023-02-11 12:19:37.718,394.8
2023-03-17 11:49:07.709,422.0
2023-02-11 12:19:45.854,395.5
2023-02-11 12:19:51.524,395.0
2023-04-05 23:19:01.929,415.0
2023-03-17 11:55:01.861,423.5
2023-03-17 11:56:10.944,424.0
2023-04-05 23:13:49.134,426.75
2023-02-11 12:20:57.926,395.8
2023-03-17 12:00:42.862,425.25
2023-03-17 12:02:08.619,425.5
2023-02-11 12:22:39.068,395.75
2023-03-17 12:03:24.261,426.0
2023-02-11 12:19:20.567,394.0
2023-03-17 12:05:00.068,426.3
2023-04-05 23:30:05.693,405.75
2023-04-05 23:30:31.189,407.75
2023-04-05 23:24:08.903,415.25
2023-02-11 12:32:52.565,392.3
2023-02-11 12:30:07.308,388.25
2023-03-17 12:13:55.751,428.8
2023-04-05 23:25:38.762,408.0
2023-02-11 12:33:15.012,394.0
2023-04-05 23:32:49.874,404.5
2023-02-11 12:28:07.272,391.0
2023-04-05 23:34:50.609,400.0
2023-03-17 12:20:29.326,430.5
2023-04-05 23:35:11.366,400.3
2023-02-11 12:40:07.023,392.25
2023-02-11 12:41:32.614,387.0
2023-02-11 12:39:01.371,394.0
2023-02-11 12:48:46.209,391.25
2023-02-11 12:36:31.783,391.3
2023-03-17 12:25:24.891,432.0
2023-03-17 12:26:18.886,432.25
2023-03-17 12:26:53.791,432.25
2023-04-05 23:39:25.906,398.0
2023-04-05 23:37:10.033,393.3
2023-04-05 23:38:26.139,398.3
2023-04-05 23:43:33.589,385.25
2023-03-17 12:30:03.816,433.3
2023-04-05 23:50:31.828,390.3
2023-04-05 23:48:42.433,381.25
2023-04-05 23:45:28.365,390.75
2023-02-11 12:53:58.821,390.0
2023-04-05 23:51:11.891,384.75
2023-03-17 14:51:21.469,430.25
2023-03-17 14:51:32.772,430.0
2023-03-17 14:52:16.585,429.0
2023-04-05 23:54:04.148,385.25
2023-03-17 14:53:27.468,429.5
2023-02-11 12:58:47.200,373.5
2023-03-17 14:55:04.637,428.75
2023-02-11 13:07:56.949,381.0
2023-02-11 13:06:46.097,378.3
2023-02-11 13:11:04.074,381.3
2023-04-06 00:01:02.792,386.0
2023-04-05 23:58:27.883,399.25
2023-03-17 14:58:20.381,428.5
2023-02-11 13:12:52.566,385.0
2023-02-11 13:06:10.308,382.75
2023-04-06 00:01:24.030,385.5
2023-04-05 23:57:26.035,389.3
2023-03-17 15:05:44.200,426.75
2023-04-06 00:02:54.370,381.25
2023-02-11 13:20:35.311,381.5
2023-03-17 15:07:14.095,426.0
2023-02-11 13:39:55.398,400.25
2023-04-06 00:12:14.553,372.0
2023-02-11 13:42:27.853,404.8
2023-03-17 15:52:58.127,424.0
2023-03-17 15:53:54.741,420.0
2023-03-17 15:54:32.399,419.75
2023-03-17 15:55:01.890,425.0
2023-02-11 13:41:01.965,402.75
2023-03-17 15:57:20.957,410.5
2023-03-17 15:58:14.571,411.3
2023-02-11 13:43:29.851,405.5
2023-02-11 13:52:25.949,412.5
2023-04-06 00:08:45.452,376.8
2023-02-11 14:00:52.188,419.5
2023-04-06 00:26:22.976,372.0
2023-04-06 00:14:42.045,368.0
2023-04-06 00:14:48.403,370.0
2023-03-17 16:02:06.131,419.75
2023-03-17 16:03:15.250,416.8
2023-03-17 16:03:54.424,420.75
2023-04-06 00:26:42.070,366.8
2023-02-11 14:07:52.992,428.25
2023-02-11 14:10:09.447,430.75
2023-02-11 14:05:50.352,425.5
2023-03-17 16:09:29.800,421.0
2023-02-11 13:58:12.873,417.0
2023-03-17 16:11:31.225,417.5
2023-03-17 16:12:09.828,418.8
2023-04-06 00:18:58.967,373.3
2023-02-11 14:13:10.876,434.25
2023-04-06 00:35:04.612,379.5
2023-04-06 00:19:08.764,376.8
2023-02-11 14:09:01.751,429.5
2023-02-11 14:06:57.165,427.0
2023-04-06 00:36:54.744,379.75
2023-03-17 19:02:50.010,415.75
2023-02-11 14:07:28.571,427.75
2023-03-17 19:04:24.891,414.8
2023-04-06 00:31:28.488,380.5
2023-02-11 14:23:50.761,426.25
2023-04-06 00:41:09.593,380.0
2023-02-11 14:29:50.157,427.0
2023-04-06 00:40:40.973,380.0
2023-04-06 00:36:05.121,379.8
2023-02-11 14:23:01.561,429.8
2023-03-17 19:13:33.671,413.75
2023-03-17 19:14:25.968,411.0
2023-02-11 14:26:08.118,423.3
2023-02-12 01:48:54.216,423.8
2023-04-06 00:45:19.198,380.0
2023-02-12 01:51:59.387,425.0
2023-02-12 01:50:53.469,412.75
2023-02-12 01:59:17.180,426.5
2023-03-17 19:18:48.137,414.0
2023-02-12 01:55:20.209,410.25
2023-02-12 01:49:57.378,424.0
2023-04-06 00:55:02.631,366.75
2023-02-12 01:56:55.998,404.3
2023-03-17 19:40:33.972,406.75
2023-04-06 00:53:15.078,366.5
2023-03-17 19:42:20.702,412.75
2023-02-12 02:02:50.803,409.8
2023-02-12 02:02:59.637,380.75
2023-04-06 00:44:48.783,380.0
2023-04-06 00:52:50.588,380.25
2023-02-12 02:05:42.171,416.5
2023-03-17 19:48:07.805,412.25
2023-04-06 01:05:47.266,413.5
2023-02-12 02:04:31.214,416.3
2023-03-17 19:51:01.228,408.25
2023-02-12 02:06:07.257,416.5
2023-02-12 02:10:14.617,419.5
2023-02-12 02:15:56.504,412.25
2023-03-17 19:53:30.053,399.0
2023-02-12 02:07:49.853,410.0
2023-02-12 02:17:13.517,410.75
2023-02-12 02:19:48.251,405.5
2023-02-12 02:20:02.262,415.25
2023-02-12 02:21:23.256,402.8
2023-04-06 01:05:03.403,412.0
2023-04-06 01:13:24.599,393.5
2023-04-06 01:12:05.630,396.0
2023-04-06 01:13:31.893,389.5
2023-02-12 02:24:54.915,406.75
2023-03-17 20:00:32.959,413.3
2023-02-12 02:23:44.689,404.8
2023-02-12 02:29:31.403,407.5
2023-02-12 02:26:42.899,408.0
2023-02-12 02:31:56.970,401.8
2023-04-06 01:25:25.928,383.3
2023-04-06 01:22:51.625,387.8
2023-02-12 14:00:08.696,403.0
2023-03-17 20:05:54.935,409.5
2023-02-12 14:11:18.999,406.25
2023-02-12 02:33:49.266,407.25
2023-03-18 22:27:56.098,426.5
2023-04-06 01:24:54.455,376.25
2023-03-18 22:29:18.778,423.0
2023-03-18 22:30:57.812,423.0
2023-04-06 01:32:41.911,384.5
2023-04-06 01:27:18.095,385.0
2022-12-12 13:15:06.606,431.0
2023-03-18 22:33:10.206,425.0
2022-12-12 13:16:05.582,430.5
2023-04-06 01:28:54.069,388.75
2023-04-06 01:38:29.320,386.5
2023-03-19 08:37:38.347,423.0
2023-02-12 14:18:11.298,408.75
2023-03-19 08:39:30.060,422.8
2023-03-19 08:39:27.187,422.75
2023-02-12 14:01:43.010,403.5
2022-12-12 13:19:47.899,429.5
2023-02-12 14:10:29.543,405.75
2022-12-12 13:20:47.552,429.0
2023-02-12 14:18:51.546,409.0
2023-03-19 08:50:39.216,422.0
2023-04-06 03:03:44.275,397.5
2023-03-19 08:51:44.184,421.5
2023-04-06 03:06:17.562,397.75
2023-04-06 03:02:21.238,397.25
2023-04-06 03:13:28.734,398.75
2023-03-19 09:00:22.132,421.5
2023-04-06 03:13:40.291,398.8
2023-03-19 17:06:54.051,422.75
2023-04-06 03:17:56.812,399.25
2023-03-19 17:08:39.057,422.25
2023-04-06 03:28:00.060,400.8
2023-04-06 03:31:09.978,401.25
2023-04-06 03:17:28.016,399.25
2023-03-19 17:12:35.420,424.0
2023-04-06 03:18:16.139,399.3
2023-03-19 17:14:23.544,421.25
2023-04-06 03:29:04.690,401.0
2023-04-06 03:35:56.320,402.0
2023-04-06 03:33:40.639,401.75
2023-04-06 03:53:02.614,405.5
2023-04-06 03:36:09.593,402.0
2023-04-06 03:42:40.715,403.3
2023-04-06 03:42:52.713,403.3
2023-03-19 17:21:19.951,421.0
2023-04-06 03:40:40.577,403.0
2023-04-06 03:50:06.233,404.75
2023-03-19 17:24:15.150,419.75
2023-03-19 17:25:00.300,419.0
2023-04-06 03:56:17.335,406.3
2023-04-06 03:54:04.312,405.8
2023-03-19 17:31:34.262,419.25
2023-04-06 04:11:26.810,410.3
2022-12-11 09:00:11.390,435.8
2022-12-11 09:00:13.999,435.8
2023-04-06 03:57:03.305,406.25
2023-04-06 04:02:59.448,408.0
2023-03-19 17:35:03.886,418.8
2023-03-19 17:37:10.212,419.0
2023-03-19 17:49:32.213,419.0
2023-04-06 04:12:32.607,410.5
2023-03-19 17:51:33.727,417.25
2023-04-06 04:09:42.013,409.75
2023-04-06 04:10:36.473,410.0
2023-04-06 04:11:02.943,410.3
2023-04-06 04:21:47.853,413.0
2023-04-06 04:01:24.385,407.5
2023-03-19 17:57:18.955,417.0
2023-03-19 17:58:16.495,418.0
2023-04-06 04:17:37.325,411.8
2023-04-06 04:30:31.011,415.5
2023-03-19 18:01:48.415,418.0
2022-12-12 13:31:01.187,428.0
2023-04-06 04:30:49.631,415.5
2023-04-06 04:26:58.474,414.5
2023-03-19 19:42:02.058,417.8
2023-04-06 04:28:49.364,415.0
2023-04-06 04:31:14.454,415.8
2023-04-06 04:44:40.254,419.25
2022-12-12 16:04:09.827,429.25
2023-04-06 04:57:27.046,422.75
2022-12-12 16:05:50.685,430.25
2022-12-12 13:25:41.490,428.5
2023-03-23 13:50:04.804,397.5
2023-04-06 04:45:02.186,419.5
2023-04-06 04:59:35.733,423.5
2023-03-23 14:00:01.921,402.25
2023-03-23 14:00:42.843,398.25
2022-12-12 17:02:55.322,428.5
2023-04-06 04:54:03.858,422.0
2023-04-06 04:54:05.123,422.0
2023-03-23 14:04:09.866,400.0
2023-04-06 04:58:50.612,423.3
2023-03-23 14:05:27.662,400.5
2023-04-06 05:01:03.164,424.0
2023-03-23 14:08:50.336,388.5
2023-04-06 05:07:48.273,425.8
2022-12-12 17:04:01.647,425.8
2023-04-06 04:54:20.519,422.0
2023-04-06 04:50:22.315,420.75
2022-12-12 17:07:42.929,403.25
2023-04-06 05:14:09.969,427.5
2022-12-12 17:06:55.183,412.5
2023-04-06 05:23:00.775,430.0
2023-04-06 05:14:16.437,427.5
2022-12-12 17:08:33.679,369.8
2023-04-06 05:27:47.804,431.25
2023-03-23 14:18:25.932,397.0
2023-04-06 05:25:51.165,430.75
2023-04-06 05:19:22.568,429.0
2023-04-06 05:23:31.220,430.25
2023-03-23 15:26:08.384,396.25
2023-04-06 05:15:23.978,427.75
2023-03-23 15:27:52.586,400.0
2023-04-06 05:31:50.791,432.5
2023-04-06 11:33:55.887,423.5
2023-03-23 15:30:43.962,396.75
2022-12-12 17:17:52.224,417.0
2023-04-06 11:06:11.066,422.5
2023-04-06 11:39:59.489,423.25
2023-03-23 15:34:48.805,397.5
2023-04-06 11:01:59.750,427.25
2023-04-06 11:43:20.257,420.75
2023-04-06 11:41:43.571,422.5
2023-04-06 11:40:25.510,423.3
2023-03-23 15:38:30.256,399.0
2022-12-12 17:26:56.453,412.3
2023-04-06 11:47:56.109,421.5
2023-04-06 11:52:12.642,420.25
2023-04-06 12:01:26.584,421.3
2023-04-06 11:54:44.408,420.8
2023-04-06 11:51:29.387,419.3
2023-04-06 12:21:23.570,421.25
2023-04-06 11:47:17.185,417.25
2023-03-23 15:45:55.013,396.3
2022-12-12 17:28:03.437,419.8
2023-04-06 17:22:43.800,419.3
2023-03-23 15:51:59.931,395.75
2023-04-06 17:22:50.558,416.0
2023-03-23 15:56:55.195,395.5
2022-12-12 17:30:44.264,411.25
2023-04-07 23:32:52.528,413.5
2023-03-23 15:59:54.622,395.0
2023-04-07 23:35:45.570,415.8
2023-04-07 23:29:12.881,417.0
2023-03-19 20:36:20.365,413.25
2023-04-07 23:34:39.714,409.8
2022-12-12 17:28:50.466,418.0
2023-04-07 23:32:04.991,421.75
2023-04-07 23:37:19.844,409.5
2023-03-19 21:11:47.178,412.8
2023-04-07 23:34:02.831,404.0
2023-03-19 21:12:52.123,410.3
2023-03-19 21:13:22.468,411.5
2022-12-12 17:51:32.029,415.75
2023-04-07 23:41:24.692,409.3
2022-12-12 17:56:37.662,415.3
2023-03-19 21:17:28.687,411.8
2023-04-08 23:44:16.773,403.0
2023-03-19 21:18:12.673,410.75
2023-04-08 23:43:22.392,408.3
2023-03-19 21:21:36.398,406.8
2022-12-12 17:46:27.642,415.8
2023-03-20 13:39:05.400,426.75
2023-04-08 23:50:17.645,405.3
2022-12-12 17:46:43.952,415.75
2023-04-12 11:59:22.270,399.8
2023-04-12 13:02:39.744,398.75
2023-04-12 15:16:17.111,394.3
2023-03-20 13:41:43.240,426.8
2023-03-20 13:42:25.093,430.25
2023-04-12 15:19:12.846,396.25
2023-04-12 15:16:31.273,393.25
2023-04-12 15:19:43.041,392.25
2022-12-12 18:11:14.699,417.5
2023-04-12 14:55:58.551,398.0
2023-04-12 14:56:13.896,398.0
2022-12-12 18:48:31.545,412.3
2023-04-12 15:37:38.957,396.0
2022-12-12 18:48:59.293,413.0
2022-12-12 18:40:50.133,416.8
2022-12-12 18:46:12.451,414.0
2022-12-12 18:40:59.580,416.5
2023-04-12 15:57:00.657,401.25
2023-04-12 15:57:35.877,401.3
2022-12-12 18:56:14.879,414.5
2023-04-12 15:59:46.931,402.0
2023-04-12 15:55:19.622,400.5
2023-04-12 15:58:04.397,401.5
2023-03-20 15:01:48.203,422.3
2023-04-12 16:00:54.123,402.5
2023-04-12 16:08:55.032,404.75
2023-04-12 16:13:22.976,406.25
2022-12-12 18:53:53.736,413.25
2023-04-12 16:11:17.297,405.5
2022-12-12 18:46:41.107,410.5
2023-04-12 16:14:02.459,406.75
2023-04-12 16:16:25.617,407.5
2023-03-20 15:06:42.141,421.5
2023-04-12 16:17:48.527,408.0
2023-04-12 16:29:16.332,412.0
2023-03-20 15:08:31.980,421.25
2023-03-20 15:11:04.037,422.5
2023-04-12 16:14:55.960,407.0
2023-04-12 16:10:03.502,405.3
2022-12-12 19:46:39.565,415.0
2023-04-12 16:31:37.773,412.8
2023-03-20 15:15:40.095,421.8
2023-03-20 15:16:21.299,424.0
2023-04-12 16:36:24.497,414.0
2023-04-12 16:28:34.901,411.8
2023-04-12 16:28:56.865,412.0
2023-04-12 16:26:35.393,411.25
2022-12-12 19:11:53.830,413.25
2023-04-12 16:41:17.840,415.5
2022-12-12 19:53:37.262,411.0
2022-12-12 19:56:56.294,379.25
2023-04-12 16:43:19.116,416.0
2022-12-12 19:50:59.994,411.75
2022-12-12 19:13:39.048,412.8
2022-12-12 19:13:40.771,412.75
2023-04-12 16:54:20.254,419.25
2022-12-12 19:49:11.677,412.75
2023-04-12 16:57:17.581,420.0
2022-12-12 19:58:58.123,397.0
2023-04-12 16:44:39.998,416.5
2022-12-12 19:49:20.216,412.8
2022-12-12 20:01:13.986,405.0
2023-04-12 16:57:59.204,420.25
2023-04-12 17:01:44.044,421.25
2023-04-12 17:00:06.697,420.8
2023-03-24 22:57:45.174,392.8
2023-03-24 22:58:42.007,394.0
2022-12-12 19:57:47.977,406.0
2023-03-25 00:45:36.185,395.3
2023-03-25 00:46:15.319,394.0
2023-04-12 17:03:14.246,421.8
2022-12-12 20:01:37.571,410.3
2022-12-12 19:53:46.493,397.25
2023-03-25 00:49:26.077,389.0
2023-04-12 17:14:42.023,424.75
2023-03-25 00:50:26.172,388.75
2023-04-12 17:14:51.509,424.8
2023-04-12 17:07:48.717,422.75
2023-03-25 00:52:22.172,389.0
2023-04-12 17:23:02.321,427.0
2023-04-12 17:33:35.461,429.75
2023-04-12 17:16:27.121,425.25
2023-04-12 17:34:07.097,430.0
2023-04-12 17:33:55.829,430.0
2022-12-12 20:12:43.328,406.25
2023-04-12 17:40:26.850,431.8
2023-04-12 17:32:20.556,429.5
2022-12-12 20:13:22.821,403.8
2023-04-12 17:28:32.470,428.5
2023-03-25 01:03:38.976,390.5
2022-12-12 20:06:29.599,403.0
2023-04-12 17:49:43.620,434.5
2023-04-12 17:37:42.502,431.0
2023-04-12 17:41:44.705,432.0
2023-04-12 17:42:05.931,432.3
2023-04-12 17:46:26.522,433.5
2023-03-25 01:09:48.587,386.5
2023-03-25 01:10:43.906,389.25
2023-04-13 17:20:17.212,429.0
2023-03-25 01:10:58.691,389.8
2023-04-13 17:19:51.216,424.8
2023-04-13 17:21:54.445,427.75
2023-04-13 17:30:13.311,427.5
2023-04-13 17:27:49.271,427.8
2023-04-13 17:27:52.717,427.75
2023-04-13 17:30:36.756,427.3
2023-04-13 17:33:21.021,424.5
2022-12-12 20:29:58.193,399.0
2023-04-13 17:36:32.429,426.0
2023-03-25 02:43:13.205,392.5
2023-04-13 22:18:05.683,421.5
2022-12-12 20:17:32.862,404.8
2022-12-12 20:17:35.231,403.75
2023-03-25 02:45:27.507,386.0
2023-03-25 02:46:10.199,389.5
2023-04-13 22:21:48.949,418.25
2022-12-12 20:33:11.489,399.0
2023-03-25 02:48:07.853,388.3
2023-03-25 02:48:48.805,385.3
2023-04-13 22:21:43.424,416.5
2022-12-12 20:26:40.248,397.3
2023-03-25 02:50:43.274,383.75
2023-04-06 17:28:44.896,420.25
2023-04-12 13:03:19.751,390.75
2022-12-12 20:24:43.040,402.3
2023-04-12 12:01:18.558,397.5
2023-04-08 23:53:38.791,404.8
2023-03-25 02:56:37.624,389.0
2023-03-25 02:58:32.507,389.3
2022-12-12 20:30:41.084,392.3
2022-12-12 20:42:28.213,398.5
2023-03-25 03:01:58.794,390.0
2022-12-12 20:37:20.941,399.5
2022-12-12 20:47:32.905,397.3
2023-04-15 16:44:53.133,413.0
2023-04-15 16:37:43.729,414.0
2023-04-15 19:30:40.513,411.0
2023-04-14 14:30:54.902,415.75
2023-04-15 19:32:16.136,409.75
2023-04-15 16:50:29.324,413.25
2023-04-15 16:46:27.843,414.0
2023-04-15 16:42:25.233,412.5
2023-04-15 16:34:53.913,415.0
2023-04-15 19:34:17.775,408.5
2023-04-15 19:35:30.516,410.25
2022-12-12 20:37:46.521,399.8
2023-03-25 03:05:21.501,389.75
2023-04-15 19:41:11.705,409.75
2023-04-15 20:50:57.884,397.5
2023-04-15 21:53:37.432,402.75
2023-04-15 23:15:19.199,398.5
2023-04-15 20:48:40.837,408.5
2022-12-12 20:39:13.474,398.8
2023-04-15 23:03:59.267,398.5
2022-12-12 20:49:33.287,399.25
2023-04-15 20:50:41.783,405.5
2022-12-12 20:36:21.038,399.75
2023-04-15 23:01:51.762,397.0
2023-04-15 23:26:38.462,391.75
2022-12-12 20:51:27.557,398.5
2023-04-15 23:12:54.907,401.25
2023-04-15 23:23:55.362,397.25
2023-04-15 23:46:00.931,395.5
2023-04-15 23:29:50.094,391.0
2023-04-15 23:32:43.046,395.75
2023-03-25 03:11:46.328,389.5
2022-12-12 20:46:07.503,399.5
2023-03-25 03:12:24.303,391.25
2023-04-15 23:54:08.118,399.0
2023-04-15 23:49:53.754,395.5
2023-04-15 23:50:09.907,395.5
2023-04-15 23:50:18.301,395.25
2023-04-15 23:53:25.609,395.0
2023-03-25 03:13:35.743,387.25
2023-04-16 19:20:49.513,394.0
2023-04-16 23:12:12.859,391.75
2023-03-25 03:14:20.147,388.0
2023-04-17 00:06:20.990,383.75
2023-04-16 23:25:34.280,394.25
2023-04-16 23:38:31.276,394.75
2023-04-16 23:36:33.158,393.0
2022-12-12 20:57:02.105,392.75
2023-04-17 00:14:46.502,388.25
2023-04-16 23:26:42.019,393.75
2023-04-17 00:12:25.634,387.5
2023-04-17 01:45:15.470,415.5
2022-12-12 21:07:27.851,393.5
2023-04-17 00:34:46.401,397.5
2023-04-17 00:34:59.420,397.5
2023-04-17 02:07:40.941,421.75
2022-12-12 21:07:30.700,392.3
2023-04-17 01:27:20.150,410.5
2023-04-17 00:38:45.868,398.5
2023-04-17 00:24:21.165,391.5
2023-04-17 01:50:31.613,417.25
2023-04-17 02:04:49.027,420.75
2023-04-17 00:36:19.991,398.0
2023-04-17 00:33:04.828,396.75
2023-04-17 02:05:14.058,421.0
2022-12-12 21:00:31.118,398.8
2023-04-17 00:40:42.398,399.0
2023-04-17 01:47:57.663,416.5
2023-04-17 01:32:09.789,412.0
2023-04-17 00:37:18.977,398.25
2023-04-17 00:57:01.566,402.0
2023-04-17 01:17:05.095,407.0
2023-04-17 01:19:51.613,408.0
2023-04-17 01:07:43.409,404.5
2023-04-17 01:59:37.336,419.5
2023-04-17 01:33:44.259,412.5
2023-04-17 01:39:43.001,414.0
2023-04-17 01:02:55.067,403.25
2023-04-17 01:58:08.356,419.0
2023-04-17 02:33:20.929,428.75
2023-04-17 02:15:27.394,423.75
2023-04-17 02:47:05.268,432.75
2023-04-17 01:58:48.590,419.25
2023-04-17 01:35:21.094,412.75
2023-04-17 00:48:24.909,400.5
2022-12-12 21:10:56.504,394.25
2023-04-17 02:20:39.964,425.25
2023-04-17 00:48:53.864,400.5
2023-04-17 02:19:03.754,424.75
2023-03-25 03:47:35.211,384.25
2023-04-17 15:29:26.946,423.25
2023-04-17 11:37:41.477,422.75
2023-04-17 11:12:30.523,429.0
2023-04-17 11:13:39.175,427.75
2023-03-25 03:48:48.166,381.3
2023-04-17 11:34:27.964,426.0
2023-04-17 11:15:47.709,428.0
2023-04-17 11:32:04.713,427.5
2023-04-17 15:30:46.592,423.75
2023-04-17 11:47:42.437,424.25
2023-04-17 11:35:41.832,426.25
2023-04-17 11:31:25.633,422.0
2023-04-17 15:37:51.780,423.0
2023-04-17 16:08:14.028,422.75
2023-04-17 17:36:05.023,419.5
2023-04-17 17:34:38.694,421.75
2023-04-17 16:15:04.797,421.0
2023-04-17 15:40:03.193,421.5
2022-12-12 21:19:44.295,387.5
2023-03-25 03:53:42.613,387.75
2023-04-17 18:24:38.725,416.75
2023-04-17 16:23:39.420,420.25
2023-04-17 17:35:28.350,417.25
2022-12-12 21:18:22.677,389.0
2023-03-25 03:54:54.131,386.0
2023-04-17 21:17:41.186,416.5
2023-04-17 17:41:31.141,421.5
2022-12-12 21:20:58.494,385.0
2023-04-17 23:02:22.358,413.5
2023-04-17 21:30:01.765,414.5
2023-04-17 21:21:39.840,415.5
2023-04-17 23:23:14.104,406.25
2023-04-17 21:30:45.087,414.75
2023-04-17 23:23:55.667,404.25
2023-03-25 03:57:52.536,385.0
2023-04-17 23:24:44.550,413.25
2023-04-17 21:17:31.318,416.0
2023-04-17 21:36:08.817,415.0
2023-04-18 00:08:24.638,421.75
2023-04-17 23:56:54.983,418.25
2023-04-17 23:47:25.315,410.5
2022-12-12 21:15:31.555,346.3
2023-04-18 00:04:24.921,420.75
2023-04-18 00:30:19.929,427.75
2023-04-18 00:20:55.631,425.5
2023-04-18 00:15:20.678,424.0
2022-12-12 21:25:08.331,393.0
2022-12-12 21:15:45.623,367.3
2023-04-18 00:31:36.121,428.25
2023-04-18 00:07:43.440,421.5
2023-04-18 00:37:58.106,430.0
2023-04-18 00:01:16.292,419.75
2023-04-18 00:01:47.778,420.0
2022-12-12 21:25:14.680,388.8
2023-03-25 04:01:39.800,383.75
2023-04-18 09:39:06.562,419.5
2023-04-17 23:55:20.698,417.75
2023-03-25 04:04:25.309,388.5
2023-03-25 04:04:33.234,387.5
2023-04-17 23:39:28.923,409.25
2023-04-18 11:38:45.945,416.0
2023-04-18 09:42:31.633,426.75
2023-03-20 15:20:04.960,418.25
2023-04-19 09:49:28.372,419.75
2023-04-19 09:53:46.255,422.75
2023-04-19 09:50:43.900,422.5
2022-12-12 21:30:20.838,389.5
2023-04-18 11:33:56.862,422.25
2023-04-18 11:36:55.097,424.25
2023-04-18 09:47:23.460,426.25
2022-12-12 21:30:27.562,389.5
2023-04-18 10:35:34.537,425.5
2023-04-19 10:07:02.779,421.5
2023-03-20 15:22:04.838,421.0
2023-03-20 16:31:35.526,420.0
2023-04-19 11:21:34.779,420.25
2022-12-12 21:27:35.687,390.0
2023-04-19 12:54:47.127,425.5
2023-04-19 11:32:02.474,418.5
2023-04-19 12:55:39.937,423.25
2023-04-19 12:57:02.323,421.0
2023-03-20 16:46:49.962,417.5
2023-04-19 11:24:11.703,415.0
2023-04-19 12:57:59.883,409.0
2023-04-19 13:09:52.682,415.25
2023-03-20 16:47:40.831,419.0
2023-04-19 13:03:02.883,415.0
2023-03-20 16:48:22.776,419.0
2023-04-19 13:00:15.575,414.25
2023-04-19 11:26:17.412,415.25
2023-04-19 12:53:29.986,419.0
2023-04-19 14:49:34.082,414.5
2023-03-20 16:49:49.997,418.5
2023-04-19 14:45:19.312,414.5
2023-04-19 15:53:06.372,412.0
2023-04-19 14:46:00.985,414.5
2023-04-19 15:17:41.506,413.25
2023-03-20 16:51:20.391,418.75
2023-04-19 15:18:29.323,413.75
2023-04-19 16:06:05.451,410.75
2023-04-19 15:15:22.958,415.25
2023-04-19 15:19:26.670,414.0
2023-04-19 15:48:01.502,412.75
2023-04-19 15:48:20.184,410.5
2023-04-19 15:52:14.891,413.5
2023-04-19 17:16:19.043,407.25
2023-03-20 16:56:29.228,418.5
2023-04-19 16:19:04.339,409.25
2023-04-19 17:29:38.091,406.5
2023-04-19 17:14:25.683,405.25
2023-04-19 17:14:56.108,410.25
2022-12-12 21:31:48.877,396.0
2023-04-19 17:32:44.951,406.25
2023-04-19 17:34:04.702,409.0
2023-04-19 18:05:35.955,401.25
2023-04-19 17:44:48.625,401.0
2023-04-19 17:52:56.131,403.0
2023-04-19 17:39:56.461,411.5
2023-04-19 17:40:27.157,405.25
2023-04-20 12:54:14.406,399.5
2023-03-20 17:04:03.671,414.75
2023-04-19 17:36:37.004,405.75
2022-12-12 21:43:16.463,385.0
2023-04-19 18:02:34.602,401.75
2023-04-20 13:56:54.787,397.25
2023-04-19 17:55:41.355,403.5
2023-04-20 13:44:56.435,401.0
2023-04-20 13:53:50.531,389.25
2023-04-20 13:48:44.488,400.5
2023-04-20 13:40:39.083,399.25
2023-04-20 13:43:52.625,402.5
2023-03-21 08:30:32.286,417.5
2022-12-12 21:48:12.134,381.0
2022-12-12 21:53:14.318,387.75
2023-04-20 14:00:04.744,397.25
2023-04-20 16:09:53.491,395.5
2022-12-12 21:53:23.171,387.75
2023-04-20 16:22:43.302,399.5
2023-04-20 16:00:48.171,395.5
2023-04-20 16:00:57.169,396.75
2023-04-20 17:02:16.433,413.0
2023-04-20 18:12:38.689,432.5
2023-04-20 17:02:40.524,413.25
2023-04-20 17:56:00.954,427.75
2022-12-12 21:44:52.463,388.0
2023-04-20 17:18:22.460,417.75
2023-04-20 16:18:26.368,384.75
2023-04-20 17:57:15.112,428.25
2023-03-21 08:34:59.362,417.25
2023-04-20 17:00:47.942,412.75
2023-04-20 18:14:40.096,433.0
2023-04-20 17:58:02.019,428.5
2023-04-20 16:46:22.348,407.5
2023-04-20 18:18:55.322,434.25
2023-04-20 16:19:21.419,390.75
2023-04-20 17:09:40.132,415.25
2023-04-20 17:42:25.115,424.25
2023-04-20 16:33:37.581,403.5
2023-03-21 08:37:10.400,418.25
2022-12-12 21:58:33.487,386.25
2023-04-20 18:16:45.552,433.75
2023-04-20 17:32:38.400,421.5
2023-04-20 17:26:35.449,419.75
2023-04-20 16:34:24.088,403.5
2022-12-12 21:47:48.383,378.75
2023-04-20 18:03:59.715,430.0
2023-04-20 16:32:37.915,403.25
2023-04-20 17:45:05.585,425.0
2023-04-20 18:21:54.614,435.0
2023-04-20 17:15:28.342,417.0
2023-04-21 14:25:01.610,426.25
2023-04-20 17:49:36.805,426.25
2023-04-20 17:49:58.460,426.25
2022-12-12 21:51:09.051,384.0
2023-04-21 14:15:28.611,430.5
2023-04-20 16:57:17.875,411.75
2022-12-12 21:51:15.195,383.75
2023-04-21 13:53:15.699,427.5
2023-04-21 14:29:58.352,426.0
2023-04-21 16:52:13.553,424.0
2023-04-21 16:54:23.961,425.25
2023-03-21 17:35:45.277,404.5
2023-04-21 16:53:02.620,423.0
2022-12-12 21:52:33.665,387.5
2023-04-21 17:10:18.697,423.75
2023-03-21 17:36:57.830,402.3
2023-04-21 14:36:18.763,426.5
2023-04-21 17:28:33.715,421.5
2023-04-21 17:00:24.495,427.5
2023-04-21 18:13:05.900,420.5
2023-04-21 18:19:49.376,421.25
2023-04-21 18:03:02.267,422.25
2023-04-21 18:20:19.027,419.5
2023-04-21 18:20:36.303,420.75
2023-04-21 18:17:12.655,421.25
2023-04-21 17:26:38.349,423.75
2023-04-21 18:22:10.105,421.25
2023-04-21 19:21:25.504,414.5
2023-04-21 19:30:38.166,419.25
2023-04-21 19:37:31.622,421.5
2023-04-21 19:43:23.518,418.0
2023-04-21 21:17:14.068,413.5
2023-04-21 21:20:11.130,412.25
2023-04-21 21:00:13.272,420.25
2023-04-21 21:02:42.875,418.25
2023-04-21 21:26:34.323,414.0
2023-04-21 21:14:28.604,415.0
2023-04-21 21:14:45.822,414.25
2023-04-21 21:03:35.069,417.5
2023-04-21 19:39:47.102,415.25
2023-03-21 17:46:14.205,394.25
2023-04-21 21:34:10.894,422.0
2023-03-21 17:47:24.476,397.5
2022-12-12 22:00:45.828,387.0
2023-04-21 21:04:45.116,417.0
2023-04-21 21:36:17.348,410.0
2023-04-21 21:19:09.635,412.5
2023-04-21 23:27:43.833,399.75
2023-04-21 23:23:52.010,398.25
2023-04-21 21:37:47.186,412.5
2023-04-21 23:36:06.335,400.75
2023-03-21 17:51:47.273,400.3
2023-04-21 23:15:35.396,392.25
2023-04-21 23:16:33.290,393.75
2023-04-21 23:35:39.775,401.0
2023-04-21 23:32:55.215,396.25
2023-04-22 00:39:01.972,395.5
2023-04-22 00:19:25.107,402.25
2023-04-22 00:36:32.714,403.0
2023-04-22 00:23:14.106,401.5
2023-04-22 00:52:35.231,396.75
2023-04-22 00:34:19.796,396.5
2023-04-22 00:27:10.479,397.75
2023-04-22 00:37:06.925,394.75
2023-03-17 20:08:19.311,409.0
2023-04-22 00:42:36.723,397.0
2023-03-18 22:35:22.550,425.3
2023-04-22 00:48:21.665,397.0
2023-03-19 19:44:41.364,415.5
2023-03-19 19:44:51.161,416.5
2022-12-12 22:18:41.751,382.0
2023-04-22 14:53:55.291,387.25
2023-04-22 15:05:19.622,395.25
2023-04-22 14:31:18.234,394.5
2023-03-21 08:42:00.903,415.25
2022-12-12 22:09:19.595,382.75
2023-04-22 15:06:58.748,391.75
2023-04-22 14:34:54.105,395.0
2023-04-22 14:42:10.934,395.25
2023-04-22 15:12:50.616,392.5
2023-04-22 15:07:43.111,394.0
2023-04-22 14:58:32.948,393.5
2023-04-22 17:19:46.771,395.5
2023-04-22 17:42:33.018,392.25
2023-04-22 15:14:28.170,392.75
2023-04-22 15:11:37.409,393.0
2023-04-22 17:43:33.729,390.0
2023-04-22 17:33:40.606,391.75
2023-04-22 17:37:39.111,392.0
2023-04-22 17:31:56.027,389.5
2023-04-22 17:48:23.000,389.0
2023-04-22 17:35:08.509,390.0
2023-04-22 17:42:07.271,391.75
2023-04-22 17:19:27.400,392.0
2023-04-22 17:58:13.228,390.5
2023-04-22 22:13:51.757,394.5
2023-03-25 15:20:06.817,427.5
2023-04-22 22:00:24.519,387.0
2023-03-25 15:21:19.208,422.25
2023-04-22 23:07:49.001,404.0
2023-04-22 22:02:23.085,388.75
2023-04-22 23:08:22.760,404.25
2023-04-23 00:02:25.622,420.0
2023-04-22 21:55:20.368,391.0
2023-03-25 15:22:58.040,427.0
2023-04-22 21:51:51.059,377.0
2023-03-25 15:23:18.347,426.8
2023-03-25 17:30:01.640,425.0
2023-04-22 23:14:47.888,406.0
2023-04-22 22:08:11.067,389.75
2023-04-22 23:45:41.678,415.0
2023-04-22 23:45:51.307,415.25
2023-04-22 22:41:50.629,398.75
2023-04-22 22:34:51.621,397.75
2023-04-23 00:05:28.750,420.75
2022-12-12 22:17:53.889,382.5
2022-12-12 22:19:01.552,384.5
2023-04-23 00:43:34.756,431.25
2023-04-22 23:26:15.390,409.75
2023-04-22 22:43:07.680,399.0
2023-03-25 17:21:51.783,424.0
2023-04-23 00:06:43.699,421.0
2023-04-22 23:03:38.698,403.0
2023-03-25 17:24:16.321,424.0
2023-04-22 23:48:18.430,415.75
2023-04-22 23:35:31.118,412.25
2023-04-22 23:48:43.187,416.0
2023-04-22 22:45:27.690,399.5
2023-04-22 22:44:12.787,399.25
2023-04-23 00:29:25.020,427.25
2023-04-23 00:14:37.059,423.25
2023-04-22 22:27:34.382,396.75
2023-03-25 17:26:01.091,426.0
2022-12-12 22:19:19.100,378.75
2023-03-25 17:26:51.949,424.0
2023-04-24 00:12:57.477,425.25
2023-04-23 00:17:29.054,424.0
2023-04-22 23:22:28.830,408.5
2022-12-12 22:25:11.979,382.3
2023-04-24 00:00:21.860,426.25
2023-04-23 23:56:19.124,415.5
2023-04-22 22:46:58.826,399.75
2023-04-24 00:17:35.065,427.75
2023-04-22 23:54:46.874,417.75
2022-12-12 22:37:25.880,353.75
2022-12-12 22:31:44.133,378.5
2023-03-25 17:29:37.774,418.75
2023-03-25 17:30:18.203,424.75
2023-04-24 11:49:59.100,422.75
2023-04-24 11:55:33.018,418.25
2023-04-24 12:01:09.978,422.25
2022-12-12 22:21:07.696,378.8
2022-12-12 22:33:21.024,380.5
2023-04-24 14:52:46.351,419.0
2023-04-24 12:08:09.866,414.5
2023-04-24 12:02:51.391,420.75
2023-04-24 14:53:29.744,418.5
2023-03-25 17:33:53.076,420.5
2022-12-12 22:22:42.121,377.0
2023-04-24 15:00:23.856,417.75
2023-04-24 15:02:34.089,417.25
2022-12-12 22:19:53.582,379.8
2022-12-12 22:24:13.489,384.3
2023-03-25 17:36:48.483,421.0
2023-04-24 15:00:58.279,414.75
2022-12-12 22:40:21.825,378.8
2023-03-25 17:39:08.242,421.5
2023-01-01 02:44:01.821,415.0
2022-12-12 22:41:09.176,378.5
2023-01-01 02:39:55.291,416.3
2022-12-12 22:51:39.223,380.8
2022-12-12 22:41:33.702,382.0
2022-12-12 22:40:13.036,381.0
2022-12-12 22:35:47.543,375.75
2023-03-25 18:07:57.947,421.8
2023-03-25 18:09:28.499,422.25
2022-12-12 23:07:39.664,373.75
2022-12-12 22:44:32.680,383.5
2023-01-01 02:37:28.623,417.8
2023-03-25 19:42:50.500,414.25
2023-03-25 19:44:11.022,424.0
2023-03-25 19:45:46.471,419.75
2023-03-25 19:45:43.051,416.8
2023-03-25 19:47:36.546,420.8
2022-12-12 23:03:29.436,381.3
2022-12-12 22:49:30.293,382.0
2023-01-01 02:49:39.857,412.0
2023-01-01 02:57:16.998,412.3
2023-03-25 19:52:19.684,423.3
2023-03-25 19:53:36.246,416.5
2023-01-01 03:00:42.577,410.3
2023-03-25 19:55:42.374,411.0
2022-12-12 22:53:34.830,380.0
2023-03-25 20:18:34.065,416.0
2023-01-01 02:56:17.763,413.5
2023-03-25 20:20:18.685,413.25
2023-03-25 20:23:50.788,413.75
2023-01-01 03:02:07.401,411.8
2022-12-12 23:04:02.209,371.5
2022-12-12 23:11:28.654,379.5
2023-03-25 20:28:10.634,410.5
2023-01-01 03:01:37.627,412.3
2023-01-01 03:05:19.009,412.3
2022-12-12 23:05:42.632,377.5
2022-12-12 23:01:29.857,382.3
2022-12-12 22:56:40.984,381.75
2023-03-25 22:04:20.938,414.5
2023-01-01 03:03:51.842,412.0
2023-03-25 22:07:01.213,412.8
2023-03-25 22:08:31.141,412.5
2022-12-12 23:20:53.925,380.25
2023-01-01 03:27:22.556,400.8
2023-01-01 03:30:08.491,407.3
2023-03-25 22:13:51.507,407.8
2023-03-25 22:16:29.814,412.5
2023-01-01 03:35:22.226,405.8
2023-03-25 22:17:53.032,405.75
2022-12-12 23:13:07.517,380.0
2023-03-25 22:20:07.362,404.3
2023-01-01 03:37:34.824,408.75
2023-03-25 22:22:26.722,403.25
2023-03-25 22:23:22.364,403.5
2023-01-01 03:34:55.839,404.25
2023-01-01 03:31:35.343,409.5
2023-03-25 22:26:41.762,403.3
2023-01-01 03:36:50.768,409.0
2022-12-12 23:33:26.381,379.5
2023-01-01 03:39:59.454,408.75
2022-12-12 23:25:19.221,380.25
2023-03-25 22:32:07.516,406.3
2023-01-01 03:39:39.772,408.8
2023-01-01 03:40:37.989,408.8
2023-03-25 22:36:29.075,401.75
2023-01-01 04:39:12.277,410.5
2023-01-01 04:44:12.535,409.3
2023-01-01 04:42:50.708,409.5
2023-01-01 03:45:06.709,409.0
2023-01-01 03:46:20.170,409.25
2023-01-01 03:40:46.610,408.75
2023-01-01 04:40:55.297,410.8
2023-01-01 04:39:29.178,410.25
2023-03-26 12:53:21.213,403.25
2023-03-26 12:54:44.445,403.5
2022-12-13 02:38:06.723,390.5
2023-03-26 12:57:00.107,398.3
2023-03-26 12:57:37.713,404.5
2023-01-01 04:41:54.785,409.75
2022-12-13 02:33:03.783,387.3
2023-03-26 13:03:21.068,400.75
2023-03-26 13:04:06.436,399.75
2023-03-26 13:04:30.217,399.75
2023-03-26 13:06:05.445,400.0
2023-01-01 03:44:08.960,409.25
2022-12-13 02:32:15.814,391.8
2022-12-13 02:33:51.164,390.0
2023-01-01 04:54:34.157,400.5
2023-03-26 13:12:46.344,400.0
2023-03-26 13:14:06.428,399.8
2023-01-01 04:51:22.954,402.5
2022-12-13 03:31:12.798,426.5
2022-12-13 08:25:25.955,424.8
2023-01-01 04:56:25.095,393.3
2022-12-13 08:24:42.717,422.8
2022-12-13 08:33:50.246,426.5
2023-01-01 04:46:19.493,408.3
2022-12-13 08:33:56.375,423.25
2023-01-01 04:55:00.618,401.5
2023-01-01 04:57:30.160,403.75
2023-03-26 14:26:03.414,378.0
2023-01-01 04:48:49.958,407.0
2023-01-01 05:02:58.310,404.75
2023-01-01 05:08:28.143,403.3
2023-01-01 05:03:02.175,404.75
2023-03-27 01:09:45.750,400.5
2023-01-01 04:48:56.155,408.8
2022-12-13 08:34:17.641,424.0
2023-03-27 01:12:12.371,401.0
2023-01-01 05:09:51.358,397.0
2023-03-27 01:16:02.772,401.75
2023-03-27 01:16:33.097,401.8
2023-03-27 01:18:10.546,402.25
2023-01-01 04:55:23.167,404.0
2023-03-26 14:29:50.599,370.0
2022-12-13 08:33:15.304,423.0
2023-03-26 14:31:59.996,371.75
2023-01-01 05:09:00.219,401.3
2022-12-13 08:44:43.413,421.75
2023-01-01 05:10:12.614,401.75
2023-01-01 04:47:55.335,405.75
2023-01-01 05:07:43.613,403.5
2023-03-26 14:39:19.107,381.8
2023-01-01 20:59:53.465,406.25
2023-03-26 14:43:53.297,383.0
2022-12-13 11:58:16.879,421.25
2023-03-26 15:51:21.845,389.5
2023-03-26 15:52:59.706,383.8
2023-03-26 15:53:36.949,385.0
2023-03-26 15:54:11.084,378.5
2023-01-01 21:03:50.299,401.0
2023-01-01 21:01:45.382,404.25
2022-12-13 08:42:26.752,422.25
2023-03-26 15:58:54.054,380.75
2023-03-26 16:00:07.277,379.0
2023-03-26 16:00:29.394,384.0
2022-12-13 12:10:15.511,412.75
2023-01-01 21:05:27.385,402.0
2023-03-26 16:05:57.011,383.0
2022-12-13 12:14:17.427,416.5
2023-03-26 16:09:32.601,383.5
2023-01-01 21:17:31.259,400.5
2023-01-03 10:56:07.055,398.0
2023-01-01 21:14:06.292,396.5
2023-03-26 16:13:35.142,378.25
2023-03-26 16:14:53.799,380.0
2022-12-13 11:59:08.138,420.5
2023-01-01 21:12:15.786,401.5
2023-01-01 21:01:09.019,395.8
2023-01-03 10:58:59.947,397.5
2023-03-26 16:20:17.641,383.3
2023-01-01 21:16:42.315,400.25
2023-03-26 16:27:49.289,375.25
2023-03-26 16:28:26.347,382.0
2023-03-26 16:29:37.854,380.8
2023-03-26 16:30:46.010,379.3
2023-03-26 16:31:58.605,380.5
2022-12-13 12:11:05.462,417.8
2022-12-13 12:15:17.848,417.5
2022-12-13 12:24:28.407,417.5
2022-12-13 12:21:35.913,417.3
2023-03-26 16:36:47.741,380.25
2023-01-03 11:08:00.505,397.0
2023-03-26 16:38:03.470,376.5
2023-01-03 11:09:12.066,396.5
2022-12-13 12:07:07.164,418.25
2023-01-03 11:10:36.379,398.25
2023-03-26 16:59:11.836,375.3
2022-12-13 12:37:21.199,415.3
2023-03-26 17:01:48.108,379.0
2023-03-26 17:02:06.350,376.0
2023-03-26 17:03:12.679,376.0
2023-03-26 17:04:29.785,370.0
2022-12-13 12:33:13.932,415.3
2022-12-13 12:40:29.588,416.0
2023-01-03 11:12:10.849,396.5
2023-03-26 17:08:33.871,372.0
2022-12-13 12:48:27.175,415.25
2023-01-03 11:15:21.577,390.5
2022-12-13 12:33:29.520,415.3
2023-01-03 11:24:32.117,394.3
2023-01-03 11:15:25.307,391.8
2022-12-13 12:43:49.733,416.0
2023-01-03 11:20:55.270,382.0
2023-01-03 11:18:56.482,388.25
2022-12-13 12:54:41.271,415.0
2022-12-13 12:39:31.414,415.8
2022-12-13 12:33:51.265,415.75
2023-01-03 11:23:30.012,393.0
2023-03-26 20:16:31.374,373.75
2022-12-13 12:50:29.280,413.5
2023-01-03 11:35:56.598,395.0
2023-03-26 20:20:06.836,375.5
2023-03-27 00:01:52.508,395.5
2023-03-27 00:03:26.220,396.25
2023-01-03 11:35:31.433,395.0
2022-12-13 13:05:50.184,414.75
2023-01-03 11:37:24.470,391.0
2023-03-27 00:07:29.580,397.3
2023-03-27 00:08:58.423,397.3
2023-03-27 00:09:17.864,397.25
2023-01-04 09:21:08.807,394.5
2023-03-27 00:13:04.164,398.0
2022-12-13 13:07:33.249,414.8
2023-03-25 15:26:56.059,426.75
2022-12-13 13:03:47.246,415.0
2022-12-13 13:02:25.261,415.0
2022-12-13 13:03:53.454,415.0
2022-12-13 13:06:47.521,415.0
2022-12-13 12:49:28.054,415.5
2023-01-04 09:29:15.612,384.5
2023-01-04 09:23:20.721,392.75
2022-12-13 12:56:49.180,415.25
2023-03-27 01:46:58.699,407.25
2023-01-04 09:29:48.271,386.5
2023-03-27 01:46:20.178,407.0
2022-12-13 13:17:59.170,402.0
2023-03-27 01:51:33.578,408.3
2023-03-27 01:51:56.572,408.5
2023-03-27 01:53:27.589,408.75
2023-01-03 11:40:52.420,393.0
2023-03-27 01:58:20.865,410.25
2023-01-04 09:33:06.030,386.0
2023-03-27 02:00:34.741,410.8
2022-12-13 13:33:50.177,409.5
2023-03-27 02:03:32.005,411.5
2023-03-27 02:04:58.491,411.75
2023-03-27 02:05:42.480,412.0
2023-03-28 10:48:04.505,422.75
2023-03-28 10:49:35.055,423.25
2022-12-13 13:16:15.420,406.8
2023-03-28 10:51:34.091,426.0
2023-01-04 09:42:45.453,391.8
2022-12-13 13:37:00.703,409.8
2022-12-13 13:18:31.553,404.8
2023-03-28 12:15:29.187,422.0
2022-12-13 13:31:17.962,402.0
2022-12-13 13:39:58.316,413.5
2023-03-28 12:20:37.623,416.5
2023-03-28 12:20:56.758,416.75
2023-01-04 09:41:07.442,380.3
2022-12-13 13:08:50.869,414.5
2023-03-28 12:39:22.153,421.75
2023-03-28 12:40:08.574,419.8
2022-12-13 13:26:53.079,410.75
2022-12-13 13:22:40.437,410.75
2022-12-13 13:21:14.501,414.75
2022-12-13 13:41:47.836,409.25
2023-03-28 12:44:39.155,414.5
2022-12-13 13:19:59.922,407.3
2022-12-13 13:37:40.604,410.0
2023-03-28 12:48:28.350,420.25
2023-03-28 12:48:57.757,420.3
2023-03-28 12:52:29.387,417.5
2023-03-28 12:54:00.057,418.0
2022-12-13 13:33:22.258,409.3
2023-01-04 17:36:22.355,384.0
2023-01-04 17:23:20.805,379.5
2022-12-13 13:30:25.543,410.5
2023-01-04 17:29:38.804,385.5
2022-12-13 13:44:33.280,408.8
2023-01-04 17:31:11.135,390.75
2023-01-04 17:31:07.241,377.75
2022-12-13 14:38:37.849,409.75
2022-12-13 13:46:17.099,407.8
2023-01-04 17:46:03.029,386.5
2023-03-29 10:16:22.525,407.5
2023-01-04 17:43:30.260,384.75
2023-03-29 10:17:45.171,403.5
2023-03-29 10:19:43.402,412.25
2023-03-29 10:20:44.566,412.3
2022-12-13 14:55:51.896,407.5
2023-03-29 10:23:22.976,412.0
2022-12-13 13:43:47.889,408.0
2022-12-13 14:39:48.043,406.5
2022-12-13 14:53:09.842,407.5
2022-12-13 14:40:19.036,407.0
2023-03-29 11:20:15.282,409.8
2022-12-13 14:45:56.807,407.5
2022-12-13 14:50:49.530,407.5
2023-01-05 09:33:34.108,387.0
2022-12-13 14:44:38.246,407.0
2023-03-29 13:53:57.457,409.8
2022-12-13 14:41:03.955,405.0
2022-12-13 14:44:46.246,407.3
2022-12-13 14:50:01.456,407.5
2022-12-13 14:47:46.963,407.8
2023-03-29 14:02:44.020,405.25
2023-03-29 14:03:33.019,403.75
2023-01-05 09:33:50.066,387.0
2023-03-29 14:05:31.761,406.3
2023-03-29 14:07:08.238,402.8
2022-12-13 14:50:59.324,407.5
2023-03-29 14:10:04.323,405.5
2023-03-29 14:10:39.164,402.75
2023-03-29 14:34:43.507,405.8
2023-03-29 14:36:56.297,406.0
2022-12-13 15:14:16.469,414.0
2023-03-29 14:40:01.030,405.5
2023-01-05 09:48:08.633,386.0
2022-12-13 14:56:44.479,406.3
2023-01-05 09:54:15.836,380.8
2022-12-13 15:15:48.650,414.3
2022-12-13 14:59:35.095,405.0
2023-01-05 09:59:33.287,388.75
2023-03-29 15:40:19.741,405.0
2023-03-29 15:41:18.497,397.8
2023-03-29 15:41:05.664,397.5
2023-03-29 15:43:21.629,405.75
2022-12-13 15:11:36.390,413.3
2023-03-29 15:46:18.530,403.75
2023-01-05 09:55:52.241,383.75
2023-01-05 09:47:44.320,383.3
2022-12-13 15:26:18.539,415.75
2022-12-13 15:17:08.524,414.0
2023-03-29 17:19:38.121,400.8
2023-03-29 17:21:00.724,401.5
2022-12-13 15:46:33.901,410.25
2022-12-13 15:34:08.577,417.0
2023-01-05 09:52:08.482,376.25
2023-03-29 17:25:19.838,387.75
2022-12-13 15:29:27.459,416.25
2022-12-13 15:36:40.896,417.5
2022-12-13 15:36:43.077,417.5
2023-01-05 09:45:52.352,384.0
2023-03-29 17:30:19.491,392.8
2022-12-13 15:27:59.186,416.0
2022-12-13 15:22:00.632,415.3
2023-01-05 09:52:39.041,381.5
2022-12-13 15:48:13.934,412.5
2023-03-29 19:58:27.425,430.0
2023-01-05 13:03:35.586,419.25
2023-01-05 09:48:44.282,381.5
2023-01-05 09:56:28.277,380.75
2023-03-29 20:02:37.922,428.5
2023-01-05 13:02:16.524,421.0
2023-01-05 13:01:10.987,420.8
2022-12-13 15:47:07.345,412.75
2022-12-13 15:35:08.517,417.0
2023-03-29 20:09:16.544,426.8
2023-03-29 23:13:25.481,423.8
2023-03-29 23:13:42.207,423.8
2022-12-13 15:37:37.052,417.5
2022-12-13 15:37:39.426,417.5
2023-01-05 10:00:40.566,383.25
2023-01-05 13:07:58.928,417.75
2023-01-05 15:17:33.350,419.0
2023-01-05 15:16:22.613,420.0
2023-01-05 10:03:01.708,384.0
2023-03-30 18:36:20.845,418.75
2023-01-05 13:08:40.653,419.25
2022-12-13 15:52:33.100,411.8
2022-12-13 16:09:34.024,408.0
2023-03-30 18:40:34.121,418.5
2023-03-30 18:41:23.498,418.3
2023-03-30 18:42:55.619,417.8
2023-03-30 18:44:01.518,417.8
2023-03-30 19:43:57.189,413.0
2022-12-13 16:18:19.377,403.8
2023-01-05 15:19:13.659,419.5
2023-03-30 19:47:21.589,413.0
2023-03-30 19:49:23.394,412.8
2023-01-05 13:08:52.108,419.5
2023-03-30 19:50:48.428,412.8
2023-03-30 19:52:04.612,412.8
2023-01-05 15:30:41.984,415.3
2022-12-13 16:04:13.822,410.5
2023-01-05 15:17:17.043,419.0
2023-03-30 19:56:01.748,412.8
2023-03-30 19:58:26.180,412.8
2023-03-30 19:59:23.890,412.5
2023-03-30 20:00:13.380,412.5
2023-03-30 20:01:57.383,412.25
2022-12-13 16:28:57.370,404.5
2023-03-30 20:04:22.464,412.0
2023-03-30 20:05:17.610,412.0
2023-01-05 15:33:42.681,415.5
2023-01-05 15:32:17.521,412.8
2023-03-30 20:27:57.183,410.8
2022-12-13 16:27:41.062,405.5
2023-03-30 20:30:17.155,409.0
2023-01-05 15:21:18.955,418.5
2023-03-30 20:33:06.693,410.5
2022-12-13 16:00:55.584,404.0
2023-03-30 21:08:03.307,409.8
2023-01-05 15:36:42.694,419.3
2023-03-29 23:18:02.130,422.25
2023-03-29 23:18:23.208,421.25
2022-12-13 16:20:48.431,406.25
2022-12-13 16:29:56.277,405.5
2023-01-05 15:25:33.415,416.5
2022-12-13 16:24:10.778,405.5
2023-03-30 16:48:26.282,421.75
2023-01-05 15:34:39.797,412.25
2023-03-30 18:06:57.434,417.0
2023-03-30 18:09:18.715,421.25
2022-12-13 16:31:08.000,402.3
2022-12-13 16:26:52.510,402.0
2023-03-30 18:12:42.305,419.0
2023-03-30 21:09:35.780,409.0
2023-03-30 21:11:21.129,409.5
2023-01-05 15:33:16.775,410.0
2022-12-13 16:31:44.441,404.75
2023-03-31 10:09:22.615,402.8
2023-03-31 10:10:57.920,403.25
2022-12-13 17:15:49.810,403.5
2023-03-31 10:14:58.393,401.3
2023-03-31 10:15:51.582,403.5
2023-01-05 15:43:59.402,415.3
2023-01-05 15:44:31.066,413.0
2023-03-29 17:32:14.861,394.75
2022-12-13 17:09:47.593,403.0
2023-01-05 15:54:43.610,407.3
2023-01-05 18:22:55.928,412.25
2023-03-30 18:45:05.959,419.75
2023-01-05 15:39:08.078,413.25
2023-03-30 21:12:30.453,405.25
2023-03-31 14:38:01.709,425.5
2023-03-31 14:41:13.116,427.5
2023-03-31 14:42:00.027,427.5
2022-12-13 17:05:06.749,397.8
2023-03-31 15:07:50.819,421.0
2022-12-13 17:08:19.068,398.75
2023-01-05 15:57:44.696,412.5
2023-03-31 15:05:12.306,425.25
2023-03-31 14:43:05.104,427.5
2023-03-31 14:47:11.498,427.5
2022-12-13 17:11:19.874,403.5
2023-03-31 17:40:55.674,425.0
2023-03-31 17:48:11.507,422.8
2023-01-05 18:26:36.617,409.25
2023-03-31 15:09:34.586,420.0
2023-03-31 15:10:10.888,423.8
2023-03-31 14:44:55.758,426.5
2022-12-14 09:04:48.571,400.25
2022-12-14 08:55:35.958,399.0
2022-12-14 08:56:54.953,407.5
2023-03-31 14:36:38.236,429.3
2022-12-13 17:20:07.052,407.5
2023-03-31 17:46:20.030,410.8
2022-12-14 09:02:54.568,400.3
2023-03-31 14:45:02.612,425.0
2023-03-31 14:45:58.314,431.5
2023-01-05 18:28:19.402,412.5
2022-12-14 09:03:10.339,391.25
2023-01-05 18:55:16.199,409.0
2023-01-05 18:52:32.577,407.0
2022-12-14 09:17:40.181,399.5
2022-12-14 09:36:37.296,395.5
2023-01-05 19:04:50.815,405.0
2023-01-05 18:29:47.702,404.5
2022-12-14 09:31:01.024,396.0
2023-01-05 19:07:34.359,407.5
2023-01-05 19:06:53.582,406.75
2022-12-14 09:31:06.412,396.75
2023-01-06 17:33:21.568,401.25
2022-12-14 09:43:58.235,389.8
2023-01-05 19:06:58.461,407.75
2023-01-06 17:34:46.636,402.75
2023-01-06 17:32:43.270,402.3
2023-01-05 19:00:22.332,407.8
2023-01-06 17:30:14.250,406.0
2022-12-14 09:28:27.721,398.5
2023-01-06 17:34:14.708,402.5
2022-12-14 09:48:31.847,379.8
2022-12-14 09:34:18.858,394.3
2023-01-06 17:33:40.066,397.5
2022-12-14 09:40:02.237,393.8
2023-01-05 18:55:45.935,404.0
2022-12-14 09:30:06.018,400.25
2023-01-06 17:36:26.001,403.0
2022-12-14 09:55:28.574,391.75
2022-12-14 09:24:24.997,397.75
2022-12-14 09:52:29.579,387.0
2023-01-06 21:47:13.034,397.25
2023-01-06 20:56:48.929,398.5
2022-12-14 09:51:14.953,386.8
2023-01-06 21:03:43.299,397.3
2022-12-14 09:30:34.489,398.0
2023-01-06 21:47:54.012,389.3
2023-01-06 21:46:17.340,397.5
2023-01-06 20:58:24.857,397.25
2022-12-14 16:53:23.132,389.3
2023-01-06 21:46:26.508,397.5
2022-12-14 09:55:16.411,391.0
2022-12-14 09:40:41.057,392.0
2023-01-06 21:06:30.970,396.75
2022-12-14 09:53:46.904,388.8
2023-01-06 21:09:45.867,396.5
2023-01-06 21:53:48.656,398.0
2023-01-06 22:06:00.585,395.25
2023-01-06 22:02:35.152,394.0
2022-12-14 17:06:42.731,381.3
2022-12-14 16:47:59.666,376.25
2022-12-14 16:52:27.622,385.5
2022-12-14 17:13:25.285,386.25
2022-12-14 17:01:03.753,386.25
2022-12-14 17:09:48.984,387.75
2023-01-06 22:10:52.316,395.0
2022-12-14 17:04:02.145,388.5
2023-01-07 00:10:10.634,434.25
2023-01-06 22:05:01.875,395.0
2023-01-06 22:01:07.669,391.8
2022-12-14 17:01:20.963,379.0
2022-12-14 17:18:14.111,381.25
2023-01-06 22:09:08.902,397.5
2023-01-06 22:07:43.779,395.75
2023-01-07 00:06:06.030,433.0
2022-12-14 17:01:31.158,386.0
2023-01-07 00:29:52.736,427.3
2022-12-14 17:32:20.684,387.25
2023-01-07 00:24:24.642,428.3
2022-12-14 17:32:29.471,387.25
2023-01-07 00:19:45.119,429.75
2023-01-07 00:08:38.489,433.75
2023-01-07 00:22:43.402,428.5
2023-01-07 00:13:12.534,430.8
2023-01-07 00:06:34.299,433.25
2022-12-14 17:18:27.515,386.0
2023-01-07 00:23:33.531,428.5
2022-12-14 17:32:59.771,387.0
2022-12-14 17:34:50.781,381.5
2022-12-14 17:34:55.279,382.5
2023-01-07 00:29:31.700,427.0
2023-01-07 00:26:01.772,428.8
2023-01-07 00:28:16.165,427.5
2022-12-14 17:39:02.302,386.25
2023-01-07 00:44:53.806,416.25
2023-01-07 00:37:59.524,419.3
2022-12-14 17:57:32.552,397.25
2023-01-07 00:41:42.190,419.5
2023-01-07 00:47:01.711,411.5
2023-01-07 00:43:10.385,419.25
2023-01-07 00:52:32.165,422.0
2022-12-14 17:39:37.131,386.8
2022-12-14 20:11:02.784,412.8
2022-12-14 17:36:55.534,383.3
2022-12-14 17:39:48.919,386.5
2023-01-07 00:46:37.677,423.0
2023-01-07 00:53:24.809,422.0
2022-12-14 20:09:43.330,410.5
2023-01-07 11:15:31.792,420.5
2022-12-14 20:08:30.624,416.25
2023-01-07 00:46:09.412,423.0
2022-12-14 20:25:17.692,408.8
2023-01-07 11:27:38.081,394.0
2022-12-14 20:19:14.174,403.3
2022-12-14 20:19:58.025,411.75
2023-01-07 11:28:41.973,401.3
2023-01-07 11:16:34.080,420.0
2022-12-14 20:11:47.880,414.0
2023-01-07 00:45:23.246,422.5
2023-01-07 11:30:35.150,401.0
2022-12-14 20:31:43.942,410.8
2022-12-14 20:08:04.711,416.3
2022-12-14 20:34:57.646,410.8
2023-01-07 11:42:52.860,404.5
2023-01-07 17:11:32.869,408.0
2022-12-14 20:36:37.016,410.8
2023-01-07 11:48:18.436,414.0
2022-12-14 20:20:49.125,412.3
2023-01-07 17:12:46.939,406.75
2023-01-07 11:50:17.432,404.3
2022-12-14 20:38:16.555,410.8
2023-01-07 17:15:30.072,406.3
2022-12-14 22:35:00.495,408.8
2023-01-07 11:32:46.233,399.3
2022-12-14 20:35:32.702,410.75
2023-01-07 11:44:53.154,407.8
2022-12-14 22:53:40.971,404.5
2022-12-14 20:41:22.547,404.25
2022-12-14 22:50:52.741,406.0
2022-12-14 22:43:33.037,408.0
2023-01-07 17:35:46.962,401.75
2023-01-07 17:21:04.911,406.5
2023-01-07 17:30:08.119,401.8
2022-12-14 23:01:19.045,405.3
2023-01-07 17:18:00.878,406.25
2023-01-07 17:27:32.405,408.25
2022-12-14 22:39:56.872,408.75
2023-01-07 11:52:05.908,406.0
2023-01-07 17:33:43.371,393.25
2023-01-07 17:34:42.828,402.0
2022-12-14 22:38:39.091,409.0
2023-01-07 17:36:10.037,400.75
2022-12-14 22:54:27.038,405.5
2023-01-07 11:45:11.435,404.5
2022-12-14 22:57:27.121,405.0
2023-01-07 17:31:03.850,402.5
2023-01-07 17:37:00.359,401.75
2022-12-14 22:34:33.392,408.0
2022-12-15 09:07:05.401,402.0
2022-12-14 22:37:28.598,409.25
2023-01-07 17:42:27.974,401.3
2022-12-15 09:02:49.583,403.0
2023-01-07 17:42:41.573,394.5
2023-01-07 18:05:01.288,389.25
2022-12-14 22:50:34.186,404.5
2023-01-07 17:56:08.471,397.25
2023-01-07 18:05:30.885,385.0
2023-01-07 17:46:32.467,396.3
2023-01-07 17:50:57.153,399.5
2023-01-07 18:08:24.446,385.5
2023-01-07 18:02:20.116,390.5
2022-12-15 09:06:07.500,397.5
2023-01-07 18:05:16.148,384.0
2022-12-15 09:01:58.364,402.0
2023-01-07 18:08:31.645,391.3
2022-12-15 09:25:59.467,395.5
2022-12-15 09:18:46.565,399.8
2022-12-15 09:30:27.499,400.3
2023-01-07 17:47:39.792,401.0
2022-12-15 09:34:38.206,384.0
2022-12-15 09:40:28.289,382.25
2023-01-07 17:50:08.595,399.8
2022-12-15 09:12:29.984,399.5
2023-01-07 18:07:27.195,380.8
2023-01-07 17:57:27.181,392.0
2022-12-15 09:43:29.217,384.0
2022-12-15 09:37:49.578,388.5
2022-12-15 09:36:22.233,386.3
2023-01-07 17:57:42.898,399.25
2022-12-15 09:45:20.289,392.5
2022-12-15 09:48:16.365,393.5
2022-12-15 09:59:08.382,395.0
2023-01-07 21:35:16.494,390.0
2022-12-15 09:36:34.722,388.5
2022-12-15 09:35:11.854,389.0
2023-01-07 21:23:09.604,391.5
2023-01-07 21:31:02.676,391.0
2023-01-07 21:24:39.856,383.0
2023-01-07 21:31:24.132,391.25
2022-12-15 10:59:29.183,399.8
2023-01-07 21:25:59.999,388.8
2023-01-07 21:27:02.350,390.75
2023-01-07 21:29:10.089,390.5
2022-12-15 09:45:43.378,393.3
2022-12-15 09:45:46.025,393.25
2022-12-15 09:44:25.809,393.0
2022-12-15 11:02:13.791,400.5
2023-01-07 21:32:45.605,391.0
2022-12-15 11:03:28.462,401.8
2022-12-15 11:10:45.892,404.0
2023-01-07 22:11:50.983,391.8
2022-12-15 11:04:25.348,402.25
2022-12-15 11:24:24.544,408.5
2023-01-07 22:12:32.895,390.0
2022-12-15 11:13:01.763,404.8
2022-12-15 11:38:18.606,413.3
2022-12-15 11:06:23.235,402.8
2023-01-07 22:18:53.396,390.0
2023-01-08 01:30:10.240,388.75
2022-12-15 11:26:12.868,409.0
2023-01-07 22:31:11.585,390.0
2022-12-15 11:39:59.016,414.0
2023-01-08 01:30:08.536,388.75
2022-12-15 11:40:19.302,414.0
2023-01-08 01:29:19.627,385.5
2022-12-15 11:41:19.972,414.3
2023-01-08 01:29:50.097,388.8
2022-12-15 11:42:16.482,414.5
2022-12-15 11:42:45.207,414.5
2022-12-15 11:17:53.390,406.0
2023-01-08 01:44:37.170,381.75
2022-12-15 11:44:00.718,415.0
2023-01-07 22:24:47.324,387.5
2022-12-18 17:15:34.096,399.0
2022-12-15 11:44:43.439,415.25
2023-01-08 01:37:06.752,387.25
2022-12-18 17:16:18.136,399.0
2022-12-15 11:33:33.624,411.8
2022-12-15 11:34:03.785,412.0
2023-01-08 01:52:42.736,386.75
2023-01-08 15:00:40.439,387.3
2023-01-08 14:56:20.228,386.0
2022-12-15 11:22:30.536,407.5
2022-12-15 11:22:49.253,407.75
2023-01-08 01:44:08.745,386.3
2023-01-08 01:46:37.288,386.0
2023-01-08 14:59:20.961,364.75
2023-01-08 17:17:07.578,386.25
2023-01-08 01:45:46.112,381.25
2023-01-08 15:02:20.186,382.5
2022-12-15 17:07:46.327,410.75
2023-01-08 14:56:46.081,378.0
2023-01-08 17:21:58.199,382.8
2022-12-17 17:18:52.010,397.0
2023-01-08 17:22:04.778,385.8
2023-01-08 17:30:18.194,387.0
2022-12-17 22:06:40.617,394.0
2023-01-08 15:04:44.424,386.0
2022-12-15 12:17:26.598,424.5
2023-01-08 17:25:05.162,380.75
2023-01-08 17:18:25.316,386.0
2023-01-08 20:27:34.281,391.0
2023-01-08 17:27:58.264,383.3
2023-01-08 20:37:47.976,380.5
2022-12-17 05:58:14.143,389.75
2022-12-15 12:29:38.092,428.3
2023-01-08 20:37:01.161,375.3
2023-01-08 20:49:41.210,382.5
2023-01-08 20:36:16.871,386.0
2023-01-08 20:44:07.185,381.5
2022-12-18 17:55:15.075,394.0
2022-12-17 04:00:18.879,382.0
2023-01-08 20:48:30.282,379.25
2023-01-08 20:43:30.782,382.3
2022-12-17 04:00:41.523,381.75
2023-01-08 20:42:28.994,379.75
2023-01-08 20:46:03.018,377.8
2023-01-08 20:52:43.246,376.0
2022-12-15 12:29:29.284,428.0
2022-12-19 16:58:25.156,376.75
2023-01-08 21:01:15.702,381.3
2022-12-17 15:32:38.396,368.5
2023-01-08 21:30:42.918,394.5
2023-01-08 21:06:47.412,388.5
2023-01-08 21:33:05.836,394.75
2023-01-08 20:55:06.273,381.3
2022-12-18 14:32:49.309,390.5
2023-01-08 20:56:40.321,382.25
2023-01-08 21:29:10.766,394.5
2023-01-08 21:33:46.721,395.0
2023-01-08 21:40:13.232,395.5
2023-01-08 21:33:32.813,394.8
2023-01-08 21:18:59.047,392.8
2022-12-16 19:14:40.903,391.75
2023-01-08 21:33:54.918,394.75
2023-01-08 21:39:40.584,395.5
2023-01-08 21:31:44.709,394.5
2023-01-08 21:42:29.611,395.75
2023-01-08 21:30:18.094,394.5
2022-12-17 14:10:39.286,386.8
2023-01-08 21:44:21.751,396.0
2023-01-08 21:48:54.244,396.5
2023-01-08 21:57:13.002,397.3
2023-01-08 21:58:57.825,397.5
2022-12-18 14:32:31.762,390.5
2023-01-08 21:52:52.234,397.0
2022-12-15 12:53:11.288,435.0
2023-01-08 21:59:38.998,397.5
2023-01-08 21:59:41.979,397.5
2023-01-08 22:00:08.969,397.8
2022-12-18 13:17:55.281,391.5
2023-01-08 21:37:24.621,395.25
2023-01-08 22:27:59.413,401.3
2022-12-18 13:18:11.684,391.5
2022-12-17 13:59:40.187,385.75
2023-01-08 22:11:11.183,399.0
2023-01-08 21:39:29.667,395.5
2023-01-08 22:11:39.981,399.0
2023-01-08 22:19:53.285,400.25
2023-01-08 22:26:48.702,401.0
2023-01-08 22:15:02.600,399.5
2023-01-08 22:43:51.706,403.75
2022-12-17 14:00:31.637,386.3
2022-12-17 04:54:24.428,397.5
2022-12-17 13:38:54.752,386.75
2022-12-17 04:56:10.607,397.8
2023-01-08 22:13:59.035,399.3
2023-01-08 22:15:43.987,399.5
2023-01-08 22:31:05.375,401.8
2022-12-17 14:00:54.512,386.5
2023-01-08 22:56:02.859,406.5
2023-01-08 22:38:31.293,403.0
2023-01-08 22:56:09.747,406.5
2023-01-08 22:56:11.477,406.5
2023-01-08 22:29:53.119,401.5
2023-01-08 22:47:31.272,404.5
2022-12-17 02:03:56.443,391.0
2022-12-17 03:56:02.088,373.75
2023-01-08 22:42:46.260,403.5
2023-01-08 22:49:23.853,405.0
2023-01-08 22:51:47.046,405.5
2022-12-17 05:55:17.521,394.0
2022-12-15 12:18:39.864,425.0
2023-01-08 23:17:16.984,412.0
2023-01-08 22:45:37.394,404.0
2023-01-08 23:08:46.772,409.5
2022-12-18 18:02:29.336,395.75
2023-01-08 23:19:27.682,412.5
2023-01-08 23:20:34.167,412.8
2023-01-08 23:03:25.332,408.25
2023-01-08 23:17:37.750,412.0
2022-12-19 09:18:40.247,376.5
2023-01-08 23:34:29.633,416.5
2023-01-08 22:47:55.088,404.5
2023-01-08 22:57:23.483,406.8
2022-12-17 05:56:01.378,396.0
2022-12-17 06:23:27.614,392.0
2023-01-08 23:43:34.146,419.0
2022-12-17 06:07:26.983,391.5
2022-12-17 04:55:46.722,397.8
2023-01-08 23:22:33.015,413.3
2022-12-19 16:53:34.503,387.75
2022-12-19 16:54:13.824,361.0
2023-01-08 23:30:54.837,415.5
2022-12-19 17:17:47.105,386.8
2022-12-18 14:58:05.053,388.75
2023-01-08 23:59:51.399,423.5
2023-01-08 23:33:19.226,416.25
2023-01-08 23:47:45.317,420.3
2023-01-09 00:04:41.722,425.0
2022-12-17 21:36:32.874,409.0
2023-01-08 23:46:25.232,419.8
2022-12-17 21:36:46.820,408.3
2022-12-19 16:54:42.953,371.3
2023-01-08 23:39:56.110,418.0
2022-12-17 21:37:06.038,407.75
2023-01-09 00:11:10.471,426.8
2023-01-09 00:11:10.913,426.8
2023-01-09 00:18:01.983,428.5
2023-01-09 00:11:55.042,427.0
2023-01-09 00:22:42.688,430.0
2022-12-17 19:20:16.149,407.75
2022-12-15 14:19:32.662,416.8
2023-01-09 00:32:53.481,432.75
2022-12-17 19:20:30.905,409.25
2023-01-09 01:23:21.734,423.0
2022-12-17 02:57:44.764,385.75
2023-01-09 00:14:42.326,427.75
2022-12-19 17:17:14.650,386.8
2022-12-18 17:00:54.365,406.0
2022-12-17 18:54:44.490,414.5
2023-01-09 01:14:56.013,419.0
2023-01-09 00:12:45.300,427.0
2022-12-17 17:22:43.297,397.25
2023-01-09 00:28:54.157,431.5
2022-12-17 17:23:00.250,397.5
2023-01-09 01:13:45.269,427.8
2023-01-09 01:22:59.519,425.25
2023-01-09 01:22:52.209,422.3
2022-12-17 21:43:39.843,393.75
2023-01-09 01:31:34.210,424.0
2023-01-09 01:13:52.207,412.3
2023-01-09 01:28:23.612,424.8
2022-12-17 04:05:58.800,381.0
2023-01-09 01:39:04.655,419.5
2023-01-09 01:37:25.805,420.8
2022-12-19 09:23:12.084,387.75
2023-01-09 01:45:43.461,421.25
2022-12-19 09:23:23.229,397.0
2023-01-09 01:34:13.236,424.25
2023-01-09 08:51:32.187,417.5
2023-01-09 08:48:22.558,422.75
2022-12-17 17:25:29.300,397.75
2022-12-17 17:25:13.422,397.5
2022-12-17 17:25:41.597,397.5
2023-01-09 01:45:57.463,421.5
2023-01-09 09:02:06.371,418.0
2023-01-09 01:41:51.967,419.8
2022-12-17 21:42:13.931,404.0
2023-01-09 09:10:51.551,418.3
2022-12-15 18:03:29.315,399.0
2022-12-17 05:57:19.474,390.3
2022-12-17 18:45:30.096,412.3
2022-12-17 21:42:35.686,404.5
2022-12-15 17:56:17.859,406.0
2022-12-17 18:45:49.171,412.3
2023-01-09 08:55:01.461,413.5
2022-12-17 17:36:26.511,398.75
2023-01-09 09:14:12.980,415.8
2022-12-17 17:36:40.638,398.75
2022-12-17 04:50:19.614,397.0
2023-01-09 09:26:34.288,398.3
2023-01-09 18:06:02.996,401.25
2022-12-17 02:08:56.978,385.25
2023-01-09 09:29:28.241,406.5
2023-01-09 09:29:34.491,400.25
2022-12-18 15:34:50.883,387.5
2023-01-09 18:11:40.178,398.0
2022-12-17 02:09:18.022,390.0
2023-01-09 18:17:24.878,391.0
2023-01-09 09:31:36.796,408.8
2023-01-09 09:32:30.212,409.5
2023-01-09 18:05:37.681,408.0
2023-01-09 18:09:44.606,406.75
2022-12-18 15:34:53.789,387.5
2023-01-09 09:24:04.538,405.5
2023-01-09 18:25:36.721,399.8
2023-01-09 18:30:53.982,399.8
2023-01-09 18:31:49.387,399.8
2022-12-16 09:29:30.926,393.75
2022-12-17 19:03:13.921,416.75
2022-12-18 17:57:02.659,392.75
2023-01-09 18:24:04.687,396.5
2022-12-15 12:28:27.988,427.8
2022-12-17 16:58:42.077,394.0
2023-01-10 09:25:06.221,396.0
2023-01-10 09:23:48.747,400.25
2023-01-09 18:32:41.999,399.75
2023-01-09 18:41:40.600,399.0
2023-01-09 18:39:02.846,399.8
2023-01-09 18:32:58.153,399.8
2022-12-18 14:05:25.183,390.3
2023-01-10 09:29:34.186,398.0
2022-12-15 21:26:14.414,419.25
2022-12-18 13:23:27.017,383.3
2022-12-17 18:31:53.913,408.5
2023-01-10 09:27:06.055,396.0
2023-01-10 09:28:24.200,391.5
2022-12-17 03:17:45.466,385.3
2023-01-10 09:32:55.118,398.5
2022-12-15 21:26:35.315,420.25
2023-01-10 19:22:20.096,393.5
2022-12-17 03:48:39.046,381.0
2022-12-15 13:30:06.450,428.0
2022-12-17 03:48:57.726,382.75
2023-01-10 11:18:02.561,396.0
2022-12-17 03:49:18.759,382.8
2022-12-19 18:29:07.802,387.0
2022-12-17 03:18:34.827,385.0
2022-12-18 17:48:19.851,387.8
2023-01-10 11:12:38.056,379.8
2023-01-10 19:32:55.444,393.8
2022-12-17 18:06:11.165,403.0
2023-01-10 19:22:55.057,394.5
2023-01-10 11:10:36.505,384.0
2022-12-15 22:45:52.724,414.5
2023-01-10 19:29:56.574,388.5
2022-12-17 02:36:06.312,389.0
2023-01-10 19:43:15.009,393.3
2023-01-10 22:40:01.258,391.5
2022-12-17 22:07:26.865,393.8
2022-12-17 05:45:49.086,397.0
2022-12-17 02:36:33.990,388.8
2022-12-15 22:46:23.268,419.0
2023-01-10 22:46:54.363,381.75
2023-01-10 22:46:57.013,387.5
2023-01-10 19:37:03.343,388.25
2023-01-10 19:43:02.704,393.5
2023-01-10 22:34:31.430,392.3
2022-12-17 02:37:04.544,391.0
2023-01-10 22:51:29.867,391.5
2023-01-10 22:36:29.239,386.0
2022-12-15 18:04:48.593,406.0
2023-01-10 22:55:53.561,390.3
2022-12-15 13:54:12.083,414.8
2023-01-10 22:55:29.096,390.0
2022-12-17 02:10:41.108,385.5
2023-01-10 22:50:59.385,375.5
2023-01-10 22:52:19.909,388.5
2023-01-10 22:49:13.970,387.0
2022-12-15 17:35:47.058,410.0
2023-01-10 22:57:03.614,390.5
2023-01-11 09:40:59.375,381.3
2023-01-11 09:47:55.507,385.25
2022-12-18 15:28:20.560,387.75
2023-01-11 09:47:58.709,389.5
2023-01-11 09:59:58.280,386.8
2023-01-11 09:43:40.594,393.0
2023-01-11 10:03:25.948,389.3
2022-12-17 02:42:25.344,390.75
2023-01-11 09:57:18.732,389.5
2022-12-17 04:30:09.017,394.8
2022-12-17 18:28:38.821,407.8
2022-12-17 04:30:33.077,394.75
2023-01-11 10:05:34.041,389.0
2023-01-11 10:06:04.973,387.25
2023-01-11 10:10:25.737,383.8
2022-12-16 19:38:42.288,392.25
2023-01-11 10:19:34.060,378.0
2023-01-11 10:19:06.456,376.5
2022-12-15 17:41:35.931,409.3
2023-01-11 10:31:02.300,386.5
2023-01-11 10:24:07.497,385.5
2023-01-11 10:13:07.973,388.25
2023-01-11 10:24:15.018,385.0
2023-01-11 10:32:34.421,386.8
2023-01-11 10:11:46.409,388.3
2023-01-11 09:50:23.699,389.5
2023-01-11 10:34:54.474,386.8
2022-12-15 13:44:57.311,425.5
2023-01-11 10:34:58.437,386.75
2023-01-11 10:29:06.482,386.3
2022-12-18 13:44:19.509,391.3
2022-12-18 13:43:33.318,390.5
2023-01-11 10:40:42.960,387.0
2023-01-11 10:33:00.977,386.75
2022-12-18 14:34:29.031,390.5
2022-12-18 17:59:11.371,389.25
2022-12-17 17:45:12.347,399.8
2022-12-17 02:53:31.364,389.0
2022-12-19 16:52:08.493,381.8
2022-12-15 21:19:02.962,427.3
2023-01-11 17:40:18.633,387.8
2023-01-11 18:00:25.785,374.5
2022-12-15 11:57:58.094,419.0
2022-12-15 11:58:02.688,419.0
2022-12-19 16:52:26.831,388.75
2022-12-17 13:51:44.956,373.5
2023-01-11 17:55:37.020,376.25
2023-01-11 17:48:02.274,380.0
2022-12-15 12:43:57.063,432.0
2023-01-11 17:44:12.203,384.75
2023-01-11 17:50:10.461,376.25
2023-01-11 18:04:08.096,381.25
2023-01-11 17:52:58.592,373.0
2023-01-11 17:46:57.763,376.5
2022-12-15 22:42:38.614,418.3
2022-12-15 11:58:48.513,419.25
2023-01-11 18:05:41.711,381.25
2023-01-11 18:27:11.473,391.0
2023-01-11 18:24:59.017,390.25
2022-12-15 11:49:38.762,416.5
2023-01-11 18:27:25.461,391.0
2023-01-11 18:10:04.634,381.8
2022-12-15 14:22:05.310,416.5
2022-12-17 16:49:31.306,383.3
2022-12-15 18:02:35.838,402.8
2023-01-11 18:48:32.768,394.5
2023-01-11 18:19:02.417,386.5
2023-01-11 18:16:10.338,381.5
2023-01-11 18:29:51.199,391.75
2023-01-11 18:34:27.870,392.75
2023-01-11 18:54:37.060,395.3
2023-01-11 18:48:02.358,394.5
2023-01-11 18:59:13.613,395.75
2023-01-11 18:37:44.969,393.3
2023-01-11 18:31:09.207,392.0
2022-12-16 19:21:25.775,385.3
2023-01-11 19:02:32.069,396.0
2023-01-11 18:57:36.105,395.5
2023-01-11 19:06:33.318,396.5
2023-01-11 19:05:01.852,396.25
2023-01-11 19:05:58.144,396.3
2023-01-11 19:16:45.066,397.5
2023-01-11 18:58:45.543,395.5
2022-12-18 17:38:42.022,396.5
2023-01-11 19:08:48.642,396.75
2022-12-17 03:23:16.074,384.8
2023-01-11 19:02:12.982,396.0
2022-12-15 17:15:43.372,412.75
2023-01-11 18:57:58.416,395.5
2022-12-15 14:02:48.281,418.3
2023-01-11 19:10:34.630,396.75
2023-01-11 19:28:08.416,399.0
2022-12-17 16:53:36.862,390.5
2023-01-11 19:35:05.385,399.75
2023-01-11 19:33:43.133,399.5
2022-12-15 12:04:16.557,420.75
2022-12-15 23:47:46.925,407.3
2022-12-17 13:57:53.973,386.0
2022-12-17 16:54:02.552,391.0
2022-12-17 05:27:07.584,401.5
2022-12-15 23:48:12.553,407.75
2023-01-11 19:46:50.897,401.3
2022-12-15 12:04:38.402,421.0
2023-01-11 19:37:39.353,400.0
2023-01-11 19:50:41.956,402.0
2023-01-11 19:28:34.097,399.0
2022-12-17 13:40:14.903,384.8
2022-12-17 02:34:56.191,389.0
2022-12-17 02:35:02.920,388.75
2022-12-17 13:40:19.306,385.25
2023-01-11 19:40:21.742,400.3
2023-01-11 19:36:21.264,399.75
2022-12-17 04:28:28.571,394.5
2022-12-17 13:40:38.954,386.0
2023-01-11 20:06:34.020,405.0
2023-01-11 20:33:20.630,412.0
2023-01-11 20:14:56.052,407.0
2023-01-11 20:37:48.320,413.3
2023-01-11 20:33:27.643,412.25
2022-12-19 18:27:41.952,387.0
2023-01-11 20:13:22.336,406.75
2023-01-11 20:10:00.949,405.75
2023-01-11 20:31:57.758,411.75
2022-12-17 18:22:14.406,406.3
2023-01-11 20:13:27.021,406.75
2022-12-17 02:22:05.406,388.75
2023-01-11 20:47:01.562,415.8
2022-12-15 22:42:05.773,418.5
2023-01-11 20:42:27.967,414.5
2022-12-18 15:34:05.180,388.8
2023-01-11 20:23:38.944,409.5
2022-12-15 23:28:30.640,410.0
2023-01-11 20:25:58.684,410.0
2023-01-11 20:39:13.583,413.5
2023-01-11 20:22:02.676,409.0
2022-12-17 06:21:29.831,390.75
2022-12-18 15:34:40.752,388.8
2023-01-11 20:43:51.031,415.0
2023-01-11 21:00:16.179,419.5
2022-12-15 23:29:00.538,410.25
2023-01-11 21:03:03.649,420.25
2023-01-11 20:56:37.364,418.5
2022-12-19 16:50:10.559,378.5
2022-12-15 13:29:20.609,428.0
2023-01-11 21:00:54.501,419.8
2022-12-19 16:50:22.609,378.0
2022-12-15 13:29:31.626,428.0
2023-01-11 21:02:47.577,420.25
2023-01-11 21:10:49.009,422.5
2023-01-11 21:12:24.525,423.0
2022-12-18 13:22:33.325,385.8
2023-01-11 21:17:35.290,424.25
2023-01-11 21:20:28.420,425.3
2022-12-18 14:11:39.445,390.5
2023-01-11 21:22:00.047,425.5
2023-01-11 21:15:40.118,423.8
2022-12-18 14:12:05.386,391.5
2023-01-11 21:27:00.039,427.0
2022-12-18 14:10:36.326,390.5
2023-01-11 21:38:50.082,430.25
2022-12-17 18:22:02.848,406.3
2023-01-11 21:44:28.622,432.0
2022-12-15 23:37:01.710,408.5
2022-12-15 23:38:25.530,409.0
2022-12-17 01:59:08.353,390.75
2023-01-11 22:05:39.530,427.5
2022-12-17 02:14:39.720,384.0
2023-01-11 21:44:45.361,432.0
2023-01-11 22:12:39.391,426.75
2023-01-11 21:48:55.131,433.3
2023-01-11 21:45:49.363,432.5
2023-01-11 22:09:11.348,427.5
2023-01-11 21:18:14.497,424.5
2023-01-12 08:49:22.346,425.8
2023-01-11 22:13:40.088,427.5
2022-12-15 22:54:08.914,419.25
2023-01-12 08:53:41.789,426.3
2023-01-12 08:50:24.552,426.0
2022-12-18 15:19:08.949,389.0
2022-12-15 17:11:10.063,411.75
2023-01-12 08:51:33.598,426.0
2023-01-11 22:13:30.792,427.5
2022-12-15 21:43:39.785,417.0
2022-12-15 21:43:46.531,417.8
2023-01-12 09:05:17.619,427.5
2023-01-12 08:51:51.213,426.3
2023-01-12 08:55:45.683,426.0
2022-12-17 01:58:22.681,391.0
2023-01-12 09:11:59.858,421.0
2023-01-12 09:09:03.563,423.8
2023-01-12 09:23:33.737,421.25
2023-01-12 09:18:46.361,423.5
2023-01-12 09:23:42.198,420.3
2022-12-15 23:03:53.460,412.5
2022-12-15 17:19:16.108,412.5
2022-12-17 05:29:18.667,401.8
2022-12-16 19:37:22.616,390.75
2022-12-18 17:44:05.583,392.25
2023-01-13 11:48:43.071,417.3
2022-12-15 17:19:37.765,412.5
2022-12-17 02:52:41.833,386.8
2023-01-12 09:32:10.611,417.0
2023-01-13 11:50:31.547,419.5
2022-12-17 21:56:00.116,394.5
2023-01-12 09:46:11.733,420.25
2022-12-17 21:56:03.693,394.5
2022-12-17 22:11:21.490,393.75
2023-01-13 11:57:37.215,415.8
2023-01-13 12:57:06.905,420.0
2023-01-13 11:50:26.657,425.25
2023-01-13 12:56:03.619,413.3
2023-01-13 12:09:20.692,418.3
2023-01-13 12:02:15.898,416.5
2023-01-13 12:07:09.652,409.0
2023-01-13 12:01:08.581,418.8
2023-01-13 12:05:33.258,418.25
2022-12-18 13:32:41.010,391.0
2023-01-13 13:03:50.813,416.8
2023-01-13 13:19:05.057,404.8
2022-12-18 14:49:10.162,390.25
2022-12-17 21:38:22.910,404.25
2023-01-13 13:08:57.078,416.5
2023-01-13 13:08:01.653,416.75
2022-12-17 21:50:56.822,387.25
2023-01-13 13:06:25.080,417.5
2023-01-13 13:08:44.263,416.5
2022-12-19 17:12:32.388,383.0
2023-01-14 12:25:11.215,412.75
2023-01-13 13:45:54.468,414.25
2023-01-13 13:20:25.701,415.25
2023-01-14 12:24:29.424,413.5
2022-12-17 14:03:36.250,385.8
2022-12-17 21:51:56.865,382.0
2023-01-13 13:38:02.933,414.5
2022-12-17 17:55:18.516,401.25
2023-01-14 12:31:04.654,412.75
2022-12-17 17:55:46.714,401.3
2022-12-17 17:55:58.605,401.25
2022-12-17 03:08:45.927,386.3
2023-01-14 12:34:16.375,411.5
2023-01-14 13:22:03.315,410.8
2022-12-17 03:38:06.023,378.75
2023-01-14 13:19:52.033,410.8
2022-12-17 03:38:31.974,378.0
2022-12-19 09:12:42.533,383.25
2023-01-14 13:59:12.532,409.3
2023-01-14 13:18:36.957,410.25
2023-01-14 14:04:02.030,410.0
2022-12-19 09:11:39.775,384.5
2022-12-17 13:28:26.201,388.8
2022-12-17 13:28:31.703,388.5
2023-01-14 14:02:24.004,410.0
2023-01-15 11:36:16.309,406.25
2023-01-15 11:43:00.626,383.8
2023-01-15 11:36:21.629,414.3
2022-12-17 05:13:35.376,399.75
2023-01-15 15:26:01.112,404.0
2023-01-15 15:26:02.261,404.0
2022-12-18 14:52:11.365,391.0
2022-12-17 05:38:43.438,403.5
2023-01-15 15:29:34.029,402.5
2023-01-15 11:36:56.269,408.5
2023-01-15 15:29:41.207,398.25
2023-01-15 11:48:16.290,399.25
2023-01-15 11:45:32.966,402.5
2022-12-17 05:12:44.018,399.5
2022-12-15 14:21:05.043,417.0
2023-01-15 11:43:26.960,404.0
2022-12-17 05:25:20.232,401.25
2023-01-15 15:40:28.752,400.0
2022-12-17 04:04:45.373,382.0
2023-01-15 15:32:44.517,395.8
2022-12-16 09:18:07.748,397.0
2023-01-15 11:44:09.782,398.3
2023-01-15 15:33:56.422,391.5
2022-12-16 19:24:05.209,380.0
2023-01-15 15:44:36.072,395.3
2022-12-17 22:10:14.181,393.5
2022-12-17 05:26:02.610,401.25
2023-01-15 15:35:43.805,401.0
2022-12-17 18:50:25.648,413.5
2022-12-17 18:50:30.243,413.5
2023-01-16 10:41:21.020,412.25
2023-01-16 10:17:23.529,400.5
2022-12-17 18:21:42.626,406.25
2022-12-19 09:13:30.530,386.25
2023-01-16 10:16:41.379,402.0
2022-12-19 09:13:42.037,382.0
2023-01-16 10:25:08.365,401.5
2023-01-16 10:37:11.389,410.8
2023-01-16 10:38:16.909,411.0
2023-01-16 10:26:17.744,399.5
2023-01-16 10:43:17.007,412.75
2022-12-17 18:20:04.653,405.8
2023-01-16 10:50:33.685,415.0
2023-01-16 10:53:19.422,416.0
2023-01-16 10:20:57.777,399.75
2023-01-16 10:55:48.771,416.5
2023-01-16 10:24:53.048,400.8
2023-01-16 11:11:24.985,421.25
2023-01-16 10:58:47.674,417.5
2023-01-16 11:06:33.052,419.75
2023-01-16 11:03:42.635,419.0
2023-01-16 10:52:26.444,415.5
2023-01-16 10:52:29.607,415.75
2023-01-16 11:07:39.462,420.0
2023-01-16 11:05:07.477,419.5
2023-01-16 11:02:55.345,418.75
2023-01-16 11:06:10.550,419.75
2023-01-16 10:58:37.912,417.5
2023-01-16 11:14:37.150,422.0
2022-12-18 13:28:45.822,386.5
2022-12-15 23:09:53.017,410.0
2023-01-16 11:34:15.554,427.5
2022-12-15 23:10:14.161,408.5
2023-01-16 11:12:39.017,421.5
2023-01-16 11:08:39.194,420.5
2023-01-16 11:19:55.985,423.8
2023-01-16 11:29:05.037,426.25
2022-12-17 01:57:30.901,391.25
2022-12-17 21:40:26.243,402.3
2023-01-16 11:25:50.769,425.3
2023-01-16 11:52:15.332,432.8
2022-12-15 23:10:41.257,409.0
2022-12-16 09:31:16.997,396.75
2023-01-16 11:53:28.916,433.0
2023-01-16 11:41:46.797,429.75
2023-01-16 11:57:16.967,434.25
2022-12-16 19:16:11.534,388.3
2023-01-16 11:51:26.861,432.5
2022-12-15 23:02:23.868,417.5
2023-01-16 11:47:59.062,431.5
2023-01-16 11:49:12.588,432.0
2023-01-16 12:04:17.143,436.3
2023-01-16 11:50:24.923,432.3
2023-01-16 11:54:52.451,433.5
2022-12-17 13:52:26.399,382.75
2022-12-17 13:52:36.367,377.5
2022-12-16 09:31:51.080,396.75
2023-01-16 12:28:55.175,444.0
2023-01-16 11:49:45.301,432.0
2023-01-16 11:36:49.448,428.5
2023-01-16 11:17:48.634,423.0
2023-01-16 12:02:52.176,435.75
2023-01-16 12:11:22.886,438.5
2022-12-19 09:09:33.892,388.0
2023-01-16 12:09:26.705,437.75
2022-12-19 09:09:53.681,378.0
2023-01-16 12:07:26.134,437.25
2023-01-16 12:20:23.834,441.25
2023-01-16 12:23:25.647,442.3
2023-01-16 12:25:51.441,443.0
2023-01-16 12:47:30.745,449.25
2023-01-16 12:34:39.236,445.75
2023-01-16 12:49:49.938,450.0
2023-01-16 12:44:03.009,448.25
2022-12-16 19:45:19.565,387.0
2023-01-16 12:41:17.547,447.5
2023-01-16 12:47:41.415,449.3
2023-01-16 12:38:12.833,446.8
2023-01-16 12:44:46.373,448.5
2023-01-16 12:44:16.901,448.25
2023-01-16 12:52:55.953,450.5
2023-01-16 12:55:47.471,451.25
2023-01-16 12:50:46.633,450.0
2022-12-15 14:11:15.470,418.0
2023-01-16 12:50:53.028,450.0
2022-12-15 15:42:26.794,415.5
2023-01-16 12:26:34.277,443.3
2023-01-16 13:09:23.479,453.75
2023-01-16 12:45:17.336,448.75
2022-12-17 15:35:02.717,371.0
2022-12-15 14:05:16.474,418.0
2023-01-16 12:58:28.456,452.0
2022-12-17 18:52:11.649,414.0
2023-01-16 12:30:48.921,444.5
2023-01-16 14:24:51.812,450.25
2023-01-16 13:14:22.056,454.75
2022-12-18 13:13:32.447,388.75
2022-12-17 02:45:11.433,382.5
2023-01-16 13:17:48.118,455.25
2022-12-18 13:13:39.120,386.0
2022-12-17 18:52:40.074,414.0
2022-12-15 12:36:10.804,430.0
2023-01-16 13:14:10.243,454.75
2023-01-16 14:24:07.739,444.3
2022-12-17 04:40:08.281,396.0
2022-12-17 04:40:14.636,396.0
2023-01-16 15:51:39.018,449.8
2023-01-16 15:44:56.739,446.3
2023-01-16 17:11:05.199,442.5
2022-12-16 19:35:25.259,386.0
2023-01-17 16:53:04.148,445.3
2023-01-16 17:20:19.848,447.0
2022-12-17 05:19:29.781,400.5
2023-01-17 16:53:15.877,445.0
2023-01-16 14:50:35.859,449.5
2023-01-16 17:10:13.670,447.3
2023-01-16 15:51:26.431,447.5
2023-01-17 16:59:03.700,444.8
2023-01-17 16:54:44.927,442.5
2023-01-17 17:14:30.045,448.0
2023-01-16 14:46:37.656,449.8
2023-01-17 16:58:27.767,445.0
2023-01-16 17:18:33.392,445.75
2023-01-18 07:50:08.333,438.0
2023-01-17 17:18:05.285,437.5
2022-12-18 17:03:53.946,398.0
2022-12-18 17:04:02.788,396.25
2022-12-18 17:04:21.855,397.5
2022-12-15 11:59:26.252,419.25
2023-01-18 07:51:14.539,443.0
2022-12-15 23:31:02.690,410.5
2022-12-15 17:59:21.514,406.25
2022-12-15 11:59:36.335,419.5
2023-01-18 09:06:31.301,434.5
2023-01-18 07:52:51.848,436.25
2023-01-19 10:38:05.511,437.5
2022-12-15 17:50:22.777,408.75
2022-12-18 14:54:21.911,389.25
2023-01-19 10:39:35.221,431.5
2022-12-18 13:36:36.046,388.5
2023-01-18 09:23:14.713,441.0
2023-01-19 10:47:48.734,434.25
2023-01-19 21:35:30.364,422.8
2023-01-19 21:37:52.274,424.75
2022-12-16 09:07:33.629,405.3
2023-01-19 21:28:59.556,425.0
2022-12-15 15:38:33.175,416.8
2023-01-19 21:35:00.728,425.0
2023-01-19 21:30:42.023,425.25
2022-12-19 16:51:01.779,391.3
2022-12-18 15:17:31.157,389.0
2022-12-17 22:01:13.642,391.0
2023-01-19 21:29:41.348,420.0
2023-01-19 21:41:54.806,420.25
2022-12-17 22:01:24.200,390.3
2023-01-19 21:44:22.354,424.3
2023-01-19 21:42:36.971,423.0
2023-01-19 21:39:54.712,424.0
2022-12-19 17:03:55.282,386.3
2023-01-19 21:29:55.206,426.25
2023-01-20 08:21:49.542,416.75
2023-01-20 08:20:39.714,425.0
2023-01-20 08:32:02.064,421.5
2022-12-17 17:41:11.204,399.5
2023-01-19 21:40:34.429,418.8
2023-01-20 08:25:22.209,415.5
2023-01-19 21:50:29.404,424.0
2023-01-20 09:22:45.596,419.8
2023-01-20 08:27:26.069,421.8
2022-12-15 22:51:22.422,419.5
2022-12-17 17:41:35.340,399.5
2022-12-15 12:49:49.553,433.8
2023-01-20 09:22:53.878,420.75
2023-01-21 14:02:19.761,398.0
2022-12-19 17:13:40.826,383.5
2022-12-19 17:14:07.283,386.5
2023-01-20 09:19:55.562,420.25
2022-12-19 17:14:45.482,386.5
2022-12-15 17:52:37.623,407.25
2022-12-17 04:40:52.708,396.0
2022-12-17 03:54:50.596,376.75
2023-01-21 14:20:03.555,375.0
2023-01-21 14:17:03.500,391.75
2023-01-21 14:12:07.294,403.25
2023-01-21 14:15:48.284,381.75
2023-01-21 14:20:49.935,384.8
2022-12-17 14:07:17.320,386.0
2023-01-21 14:29:22.555,384.0
2022-12-17 04:41:47.579,396.0
2023-01-21 14:24:57.395,382.0
2022-12-17 04:42:07.494,396.0
2023-01-21 14:18:58.010,381.0
2023-01-21 14:21:11.060,396.3
2022-12-15 21:31:37.753,423.5
2023-01-21 14:52:48.898,388.75
2023-01-21 14:36:55.631,390.0
2022-12-17 18:29:29.568,408.0
2022-12-19 09:19:24.314,380.0
2023-01-21 14:50:15.754,387.25
2023-01-21 14:46:04.774,395.0
2023-01-21 14:45:31.481,383.25
2023-01-22 00:11:37.350,387.0
2023-01-21 14:37:44.753,390.25
2023-01-21 14:43:12.139,387.0
2022-12-15 21:28:18.516,422.5
2023-01-22 00:09:49.232,381.5
2023-01-22 00:07:02.762,389.3
2022-12-19 09:20:10.247,388.5
2022-12-18 13:12:06.647,391.75
2022-12-15 21:28:48.981,422.5
2022-12-17 03:14:50.652,381.8
2022-12-18 13:12:15.556,391.8
2023-01-22 00:12:29.278,380.3
2022-12-17 18:57:38.761,415.25
2023-01-22 00:40:25.435,397.0
2022-12-15 14:00:34.269,419.25
2023-01-22 00:10:45.970,387.0
2023-01-21 14:31:45.917,390.25
2023-01-22 00:13:47.073,382.8
2023-01-22 00:20:07.220,385.8
2022-12-17 03:23:46.614,382.0
2022-12-15 17:22:50.358,409.8
2023-01-22 00:39:07.873,397.0
2023-01-22 00:53:00.636,398.8
2023-01-22 00:48:15.801,398.3
2023-01-22 00:44:54.890,397.8
2023-01-22 00:41:23.419,397.25
2022-12-15 23:31:48.519,410.75
2023-01-22 01:01:34.541,399.8
2023-01-22 00:50:38.564,398.5
2023-01-22 00:21:12.425,386.0
2023-01-22 00:53:25.110,398.75
2023-01-22 00:57:38.550,399.3
2023-01-22 01:00:35.692,399.8
2023-01-22 01:11:16.106,392.8
2023-01-22 15:13:17.656,390.3
2023-01-22 15:17:48.702,389.0
2023-01-22 15:17:52.656,389.0
2023-01-22 01:06:32.922,400.5
2023-01-22 01:10:47.135,393.5
2022-12-17 13:54:23.784,376.0
2022-12-15 17:33:57.693,410.0
2022-12-15 17:25:23.165,411.75
2023-01-22 15:47:40.482,421.25
2023-01-22 00:54:44.461,399.0
2023-01-22 15:15:38.395,382.3
2023-01-22 15:46:52.620,420.5
2023-01-22 15:54:26.444,428.0
2023-01-22 15:48:07.480,421.8
2023-01-22 00:52:55.135,398.8
2023-01-22 15:47:01.588,420.5
2022-12-17 02:46:34.356,387.3
2023-01-22 15:18:36.508,387.8
2023-01-22 15:21:19.932,380.0
2023-01-22 16:01:20.823,435.0
2023-01-22 15:55:54.294,429.5
2022-12-17 13:55:01.259,368.8
2023-01-22 15:55:59.913,429.5
2022-12-15 17:09:31.501,416.0
2023-01-22 15:59:33.812,433.0
2022-12-15 23:41:45.118,406.25
2023-01-22 16:02:15.607,435.8
2023-01-22 16:06:41.659,440.0
2022-12-17 18:12:12.527,404.0
2023-01-22 16:11:04.093,443.5
2023-01-22 18:33:46.286,427.25
2023-01-22 16:09:18.354,442.3
2023-01-22 18:48:47.441,429.3
2023-01-22 18:29:37.401,430.5
2023-01-22 18:35:49.868,430.3
2023-01-22 16:14:41.913,445.8
2022-12-17 16:51:14.536,383.75
2023-01-22 18:27:55.162,432.8
2023-01-22 18:29:01.352,431.5
2023-01-22 18:31:13.850,426.25
2023-01-23 18:31:31.785,412.75
2022-12-17 05:41:29.377,404.0
2022-12-16 19:45:52.401,388.75
2022-12-18 14:08:28.138,392.0
2023-01-22 18:39:50.679,429.8
2022-12-15 22:56:48.046,418.5
2023-01-23 18:30:49.458,405.3
2023-01-22 18:44:54.117,427.75
2022-12-15 23:44:25.986,406.0
2023-01-23 18:46:40.338,405.75
2023-01-22 18:46:01.977,427.8
2023-01-23 18:45:58.332,402.5
2023-01-23 18:41:52.118,401.8
2023-01-22 18:47:39.736,428.25
2022-12-15 17:54:19.164,402.0
2022-12-17 14:20:04.055,387.0
2022-12-16 19:40:30.869,386.75
2023-01-23 18:32:49.632,411.0
2023-01-23 18:45:35.506,400.5
2022-12-17 14:20:25.725,387.0
2023-01-23 18:45:43.287,401.25
2023-01-23 18:54:09.493,406.0
2023-01-23 19:20:04.997,402.5
2023-01-23 19:26:47.697,400.5
2023-01-24 08:16:53.337,415.0
2023-01-23 19:25:44.689,403.75
2022-12-17 06:03:48.301,383.5
2022-12-18 17:40:07.144,398.0
2023-01-23 19:22:28.884,398.75
2022-12-17 06:04:05.867,388.5
2023-01-23 19:21:09.784,402.3
2023-01-24 07:49:30.592,397.25
2022-12-17 03:27:54.461,385.0
2023-01-24 08:22:18.842,421.3
2023-01-24 08:15:57.649,413.5
2023-01-24 08:18:03.435,417.0
2023-01-24 08:28:56.845,426.75
2023-01-23 19:31:55.592,399.75
2023-01-24 08:44:34.185,441.0
2022-12-19 09:15:01.133,378.25
2023-01-24 08:23:19.999,421.75
2023-01-24 08:25:28.145,423.8
2023-01-24 09:00:41.086,450.5
2023-01-24 08:51:37.031,444.25
2022-12-15 17:20:15.234,412.5
2022-12-15 23:24:01.171,403.3
2022-12-15 17:20:31.208,412.5
2023-01-24 08:23:31.910,422.0
2022-12-17 03:28:49.484,385.3
2023-01-24 08:48:21.115,438.3
2023-01-24 08:36:51.958,434.5
2023-01-24 09:09:12.383,455.25
2022-12-15 18:17:19.601,404.8
2023-01-24 08:59:44.855,449.8
2022-12-17 03:09:19.720,386.25
2023-01-24 09:15:42.288,455.0
2023-01-24 09:09:55.498,455.75
2022-12-17 04:54:02.290,397.5
2023-01-24 09:02:09.595,451.5
2023-01-24 08:50:17.932,442.75
2023-01-24 08:54:22.142,446.25
2022-12-17 17:21:50.638,397.3
2023-01-24 09:18:17.384,443.5
2022-12-16 19:23:20.458,388.8
2023-01-24 09:18:23.265,448.3
2023-01-24 09:17:35.028,451.25
2023-01-24 09:22:08.509,447.3
2022-12-17 04:03:09.817,382.8
2023-01-24 09:10:36.431,456.0
2022-12-15 17:55:39.609,402.8
2022-12-15 17:56:04.018,401.5
2022-12-15 12:15:19.463,424.0
2022-12-17 17:28:53.269,398.0
2023-01-24 11:33:02.613,442.8
2023-01-24 11:30:22.377,443.5
2022-12-16 09:13:47.520,401.0
2023-01-24 11:33:15.629,442.75
2023-01-24 09:29:00.733,447.25
2023-01-24 09:29:52.806,447.25
2022-12-17 17:05:10.557,395.3
2023-01-24 11:31:57.639,447.5
2022-12-16 09:14:28.973,395.0
2023-01-24 11:28:03.097,443.5
2023-01-24 11:37:30.306,442.0
2023-01-24 11:31:16.647,443.0
2023-01-24 11:35:06.765,441.5
2022-12-17 18:40:03.046,410.75
2023-01-24 11:37:37.990,442.0
2023-01-24 14:13:24.672,440.25
2023-01-24 14:15:46.149,438.75
2022-12-15 13:56:44.531,411.8
2023-01-24 14:18:26.365,437.3
2023-01-24 14:13:34.115,437.0
2023-01-24 14:30:23.557,437.0
2023-01-24 14:12:10.710,435.0
2022-12-15 17:44:52.720,409.0
2023-01-24 14:24:34.506,437.8
2022-12-17 05:22:42.252,400.8
2022-12-17 05:22:46.895,400.75
2023-01-24 14:27:49.851,437.25
2023-01-24 14:20:32.526,442.0
2022-12-17 05:23:07.797,400.8
2022-12-17 03:30:09.056,385.5
2023-01-24 16:42:51.497,434.8
2022-12-17 04:19:55.806,393.0
2022-12-17 17:09:08.589,396.0
2023-01-24 16:52:49.368,432.8
2022-12-17 17:09:19.077,395.75
2023-01-24 16:46:04.151,433.75
2022-12-17 05:47:57.563,395.3
2023-01-24 16:56:03.179,428.3
2023-01-24 17:16:12.538,429.8
2022-12-15 22:59:05.183,407.75
2023-01-24 17:06:12.908,430.5
2023-01-24 17:20:59.582,429.75
2023-01-24 17:21:21.705,430.25
2022-12-17 04:19:49.217,393.0
2022-12-17 15:25:00.789,387.25
2023-01-24 17:21:27.881,430.5
2023-01-25 12:13:12.690,424.8
2022-12-15 12:48:01.384,433.3
2022-12-17 17:12:57.994,396.25
2023-01-25 12:05:15.922,426.8
2023-01-25 12:10:49.090,424.25
2023-01-25 12:16:02.289,422.3
2023-01-25 12:05:27.034,426.0
2023-01-25 12:15:09.597,424.75
2023-01-25 12:15:14.500,424.5
2023-01-25 12:11:01.857,423.5
2023-01-25 12:11:01.982,423.5
2022-12-17 13:56:17.503,386.25
2022-12-17 16:56:34.555,393.0
2023-01-25 12:26:02.848,418.5
2023-01-25 12:22:26.421,421.5
2022-12-17 06:09:36.606,391.3
2023-01-25 12:21:57.898,421.25
2022-12-17 06:09:44.725,391.3
2023-01-25 12:34:26.804,423.0
2023-01-25 12:33:43.777,421.3
2022-12-19 17:00:27.369,382.8
2022-12-18 17:44:18.355,391.75
2022-12-15 23:06:52.385,413.0
2022-12-15 17:00:56.958,408.25
2022-12-18 13:09:30.024,386.75
2022-12-17 03:16:12.463,385.75
2022-12-15 23:07:31.545,411.8
2022-12-15 17:01:04.910,403.8
2022-12-17 03:16:42.930,390.8
2022-12-17 15:39:25.237,383.75
2022-12-17 02:20:23.876,387.0
2023-01-25 23:34:20.859,442.5
2023-01-25 23:41:35.060,439.25
2022-12-17 03:06:35.089,386.0
2023-01-25 23:35:12.106,445.0
2022-12-17 22:03:41.062,393.3
2023-01-25 23:37:27.250,440.0
2023-01-25 23:42:27.453,437.8
2023-01-26 12:20:06.062,436.3
2022-12-18 17:45:17.199,397.0
2023-01-25 21:17:02.612,446.0
2023-01-25 23:43:51.748,441.5
2023-01-25 21:20:11.531,438.5
2023-01-25 23:35:40.693,441.25
2023-01-25 23:46:02.698,432.3
2022-12-15 23:40:17.482,403.3
2022-12-17 05:06:45.807,398.75
2023-01-26 12:24:51.141,434.3
2023-01-26 13:01:23.484,406.3
2022-12-17 04:59:21.641,398.0
2023-01-26 12:29:30.253,434.5
2022-12-17 17:06:49.058,395.5
2023-01-26 13:25:22.670,426.75
2022-12-17 05:01:04.272,398.3
2022-12-17 17:07:20.122,395.75
2023-01-26 12:41:11.862,420.5
2022-12-17 05:07:30.394,399.0
2023-01-26 13:37:10.104,430.0
2023-01-26 13:46:08.952,432.75
2022-12-17 15:36:04.184,384.8
2022-12-15 23:12:42.978,406.25
2023-01-26 13:48:56.199,433.5
2022-12-17 05:05:47.135,398.75
2023-01-26 13:24:49.848,426.5
2023-01-26 13:34:40.541,429.5
2023-01-26 13:41:18.589,431.25
2023-01-26 13:41:21.625,431.3
2023-01-26 13:42:02.588,431.5
2022-12-18 14:29:08.292,390.3
2023-01-26 14:54:35.296,435.75
2022-12-17 05:32:07.845,402.25
2023-01-26 15:01:27.932,438.0
2022-12-17 17:52:43.091,400.8
2022-12-17 03:14:33.755,388.0
2022-12-17 17:49:44.771,400.5
2022-12-17 14:01:58.829,386.3
2022-12-19 09:16:28.524,379.5
2023-01-26 14:59:34.330,437.25
2022-12-16 09:01:12.005,407.8
2023-01-26 15:06:58.873,439.75
2023-01-26 15:04:03.514,438.75
2022-12-16 09:01:20.172,407.8
2023-01-26 14:57:24.603,436.8
2022-12-15 13:46:47.886,406.5
2022-12-15 13:58:45.878,415.0
2022-12-17 17:53:40.094,401.0
2022-12-17 17:15:51.719,396.75
2023-01-26 15:00:35.196,437.8
2022-12-16 09:02:53.021,407.0
2023-01-26 15:10:22.447,440.8
2023-01-26 15:07:24.666,440.0
2023-01-26 15:29:02.842,435.3
2023-01-26 15:22:13.154,436.5
2023-01-26 15:25:58.897,430.8
2023-01-26 15:30:23.696,435.3
2023-01-26 15:34:43.469,423.0
2023-01-26 14:57:41.100,436.8
2023-01-26 13:50:05.688,433.75
2023-01-26 15:44:40.931,427.75
2022-12-17 13:43:34.770,387.5
2023-01-26 15:06:46.470,439.8
2023-01-26 15:45:23.809,427.5
2023-01-26 15:43:39.271,427.8
2022-12-19 09:01:47.017,394.3
2022-12-18 14:28:55.074,390.3
2023-01-26 15:47:35.592,425.0
2023-01-26 15:42:14.998,428.0
2022-12-19 09:01:53.414,390.5
2022-12-17 05:49:30.633,394.5
2022-12-17 05:49:44.526,393.0
2023-01-26 15:48:14.794,421.5
2023-01-26 15:46:35.964,426.5
2023-01-26 16:49:51.217,417.25
2023-01-26 16:54:29.475,420.5
2023-01-26 15:55:35.999,425.0
2022-12-15 21:44:51.703,414.5
2023-01-26 15:48:43.468,423.75
2022-12-19 17:21:46.864,386.5
2023-01-26 16:45:55.483,420.0
2023-01-26 16:45:57.100,419.75
2023-01-26 16:55:26.986,419.0
2023-01-26 15:50:10.946,423.5
2022-12-17 02:56:19.554,383.25
2023-01-26 17:01:24.402,416.0
2022-12-15 17:49:44.583,408.8
2023-01-26 17:01:43.866,420.0
2023-01-26 16:47:02.560,420.0
2023-01-17 16:15:19.751,447.0
2023-01-27 11:39:36.900,411.0
2023-01-27 11:34:59.172,411.5
2022-12-17 13:44:11.848,384.75
2022-12-15 18:01:21.483,400.8
2023-01-27 11:23:08.491,410.5
2023-01-27 11:34:22.666,411.75
2023-01-27 11:35:40.263,411.25
2023-01-27 12:17:12.979,405.0
2023-01-27 11:35:48.113,411.3
2023-01-27 11:13:50.146,412.0
2023-01-27 11:37:02.172,412.0
2023-01-27 11:21:13.518,407.3
2022-12-15 14:09:30.678,417.75
2023-01-28 11:11:45.779,411.25
2023-01-28 11:16:09.130,404.0
2022-12-15 23:27:01.862,410.0
2023-01-28 11:12:50.040,404.5
2022-12-17 22:04:17.373,392.5
2023-01-28 11:08:41.818,397.75
2023-01-28 11:16:20.249,404.0
2023-01-28 12:05:25.336,405.75
2023-01-31 12:28:00.777,398.8
2022-12-17 04:35:16.863,394.8
2023-01-31 12:26:39.664,403.75
2023-01-28 11:15:54.790,404.25
2022-12-16 19:18:24.871,394.25
2023-01-28 12:04:15.774,404.0
2023-01-31 12:42:13.922,399.0
2023-01-28 11:17:13.801,403.5
2023-01-28 11:18:06.154,402.5
2023-01-28 12:05:10.586,401.8
2023-01-31 12:50:52.051,392.75
2023-01-31 12:46:18.883,392.75
2023-01-31 12:42:30.979,381.5
2023-01-28 11:17:27.763,402.5
2023-01-31 12:47:24.608,394.25
2023-01-31 12:43:50.260,391.3
2022-12-18 17:02:55.694,389.5
2022-12-15 15:41:43.463,416.0
2023-01-31 12:49:25.148,394.0
2023-01-31 14:26:36.160,393.5
2023-01-31 12:55:47.640,395.5
2023-01-31 14:31:06.090,392.75
2022-12-15 15:41:51.010,415.25
2023-01-31 14:28:11.469,387.3
2022-12-17 03:00:55.364,385.8
2022-12-17 18:15:16.366,404.8
2023-01-31 14:48:03.153,393.3
2022-12-15 15:41:20.710,409.0
2023-01-31 14:23:07.251,393.25
2023-01-31 14:37:21.256,393.25
2023-01-31 14:35:42.881,393.0
2023-01-31 14:43:51.804,391.5
2022-12-17 18:16:44.503,405.0
2022-12-17 18:16:19.927,405.0
2022-12-17 02:16:36.117,388.75
2023-01-31 14:42:36.416,393.25
2022-12-15 12:22:02.503,426.0
2022-12-17 05:52:25.580,393.0
2023-01-31 14:36:27.114,391.5
2022-12-15 22:53:19.659,419.5
2022-12-17 05:53:32.035,392.0
2022-12-17 02:55:39.304,386.75
2022-12-17 02:55:41.766,385.8
2022-12-17 14:04:02.912,386.3
2022-12-17 17:32:54.230,398.3
2022-12-17 14:24:59.825,386.75
2022-12-16 19:28:21.399,379.0
2022-12-17 18:37:05.743,410.0
2022-12-17 03:52:49.467,385.0
2022-12-17 03:45:18.544,383.5
2022-12-15 12:56:15.849,435.75
2022-12-17 03:58:33.530,380.3
2022-12-19 17:05:31.877,385.8
2022-12-17 03:58:54.426,382.0
2022-12-18 13:31:20.555,392.5
2022-12-17 18:05:41.321,402.8
2022-12-16 09:17:27.341,397.0
2022-12-17 06:21:01.052,391.0
2022-12-18 15:38:35.603,387.25
2022-12-17 17:03:39.726,395.0
2022-12-17 03:45:59.245,375.75
2022-12-20 17:19:51.768,398.5
2022-12-20 10:31:36.010,385.5
2022-12-18 17:07:47.467,396.5
2022-12-20 17:22:47.949,397.75
2022-12-20 17:17:14.839,399.0
2022-12-20 12:46:10.980,410.5
2022-12-17 21:57:43.903,392.3
2022-12-20 12:43:06.429,410.75
2022-12-20 12:40:35.836,413.5
2022-12-20 13:04:17.470,409.0
2022-12-20 12:51:43.529,412.8
2022-12-20 12:43:08.858,409.5
2022-12-20 12:41:36.625,411.5
2022-12-17 14:23:17.907,387.8
2022-12-20 10:24:59.192,383.3
2022-12-20 10:25:22.376,385.8
2022-12-20 13:08:51.930,410.0
2022-12-17 05:36:58.757,403.0
2022-12-17 17:02:15.823,395.0
2022-12-20 13:12:03.173,399.75
2022-12-17 17:02:23.580,395.0
2022-12-20 16:03:16.034,402.25
2022-12-20 14:26:57.577,404.0
2022-12-20 14:24:07.148,404.5
2022-12-20 14:25:36.088,403.25
2022-12-20 14:25:38.267,395.75
2022-12-20 16:06:04.504,395.0
2022-12-20 14:34:04.572,403.5
2022-12-20 14:36:04.342,403.0
2022-12-20 14:34:11.215,401.5
2022-12-20 14:34:15.256,392.5
2022-12-20 16:06:56.258,400.25
2022-12-20 16:06:14.217,409.0
2022-12-20 14:36:19.762,403.0
2022-12-20 16:14:57.357,399.25
2022-12-20 14:27:25.719,404.3
2022-12-20 16:06:22.930,399.5
2022-12-21 10:31:39.040,397.0
2022-12-20 14:12:17.703,407.3
2022-12-20 14:40:01.375,401.8
2022-12-20 14:37:37.862,394.75
2022-12-20 13:50:29.166,405.25
2022-12-21 10:31:46.415,398.25
2022-12-21 10:45:34.046,385.5
2022-12-20 14:31:51.968,395.25
2022-12-20 16:02:50.233,403.0
2022-12-20 14:37:53.431,406.3
2022-12-21 10:47:39.384,376.75
2022-12-21 21:14:01.056,369.5
2022-12-20 16:16:41.625,399.75
2022-12-21 21:41:08.347,389.0
2022-12-20 16:19:29.813,398.75
2022-12-20 16:18:13.322,393.5
2022-12-21 10:40:37.397,387.75
2022-12-21 21:37:22.967,389.0
2022-12-21 21:41:56.488,389.0
2022-12-21 21:41:26.857,389.0
2022-12-21 21:42:03.338,389.0
2022-12-20 16:30:25.529,399.0
2022-12-21 21:41:33.022,389.0
2022-12-21 21:34:54.749,388.8
2022-12-21 10:36:47.251,393.5
2022-12-21 21:43:15.190,389.3
2022-12-22 00:25:00.988,423.5
2022-12-21 21:10:29.056,384.5
2022-12-21 21:33:42.875,388.5
2022-12-21 21:15:10.974,377.5
2022-12-21 21:26:01.096,384.5
2022-12-22 10:04:39.554,410.3
2022-12-21 10:46:45.806,383.75
2022-12-21 21:35:20.607,388.75
2022-12-22 10:00:10.081,416.25
2022-12-21 21:13:19.479,385.3
2022-12-21 10:53:56.657,391.5
2022-12-21 21:30:02.935,388.5
2022-12-22 12:12:14.563,414.0
2022-12-22 09:55:04.381,424.5
2022-12-22 09:50:55.226,422.0
2022-12-21 21:19:32.067,393.0
2022-12-21 21:39:38.818,389.0
2022-12-21 21:46:56.811,389.0
2022-12-22 09:56:24.540,417.3
2022-12-21 21:25:15.029,387.75
2022-12-22 12:15:13.044,413.5
2022-12-22 10:13:23.459,414.75
2022-12-22 09:55:19.130,421.75
2022-12-22 12:11:22.562,412.8
2022-12-22 12:23:33.775,408.5
2022-12-22 18:57:43.367,399.0
2022-12-22 09:59:34.022,414.25
2022-12-22 12:30:19.190,416.3
2022-12-22 12:21:05.686,414.75
2022-12-22 12:10:19.019,415.3
2022-12-22 12:14:11.481,413.5
2022-12-22 18:41:10.259,412.8
2022-12-22 09:54:29.164,415.25
2022-12-22 09:58:25.295,418.8
2022-12-22 12:22:39.901,411.0
2022-12-22 19:05:44.545,400.3
2022-12-22 19:02:26.830,401.5
2022-12-22 19:10:54.973,401.5
2022-12-22 19:13:40.958,401.5
2022-12-22 12:10:47.990,413.5
2022-12-22 12:10:55.530,411.3
2022-12-22 18:53:15.714,387.75
2022-12-22 12:13:27.979,413.25
2022-12-22 12:21:44.894,413.5
2022-12-22 19:08:51.597,401.5
2022-12-22 18:45:34.685,409.0
2022-12-22 19:02:46.787,401.3
2022-12-25 12:31:36.603,387.5
2022-12-22 19:34:25.110,402.5
2022-12-23 13:06:55.936,391.3
2022-12-22 19:11:38.163,401.5
2022-12-22 19:35:39.747,400.5
2022-12-25 12:44:39.812,394.0
2022-12-23 13:08:44.957,398.25
2022-12-22 19:13:11.351,401.5
2022-12-22 18:47:11.417,391.5
2022-12-22 12:33:21.640,412.0
2022-12-25 13:00:08.197,391.0
2022-12-25 12:35:31.137,382.8
2022-12-23 14:29:35.074,395.3
2022-12-25 12:35:34.360,369.0
2022-12-22 18:43:08.631,396.5
2022-12-23 14:27:33.960,397.5
2022-12-25 12:38:17.304,393.0
2022-12-25 13:39:03.615,389.25
2022-12-25 12:51:41.242,391.0
2022-12-25 17:10:19.187,389.8
2022-12-25 17:05:15.194,391.0
2022-12-25 13:48:37.567,391.0
2022-12-25 12:34:38.623,392.0
2022-12-25 12:24:35.653,393.3
2022-12-23 14:32:43.092,398.25
2022-12-25 13:43:13.152,389.0
2022-12-25 13:05:55.328,390.3
2022-12-25 13:35:36.593,393.5
2022-12-23 14:35:19.851,384.25
2022-12-25 12:46:43.353,385.75
2022-12-25 12:38:49.561,393.3
2022-12-25 17:14:21.546,385.5
2022-12-25 13:02:12.208,390.75
2022-12-25 12:31:30.351,389.5
2022-12-25 13:04:56.128,388.0
2022-12-25 12:48:15.324,376.8
2022-12-25 13:01:04.440,391.5
2022-12-25 20:56:02.773,430.5
2022-12-25 21:07:17.081,431.3
2022-12-25 17:05:52.084,391.3
2022-12-25 12:42:32.511,392.8
2022-12-25 13:02:37.048,394.5
2022-12-25 17:18:16.895,385.8
2022-12-25 21:08:42.926,430.25
2022-12-25 17:09:57.707,392.75
2022-12-25 13:02:44.357,390.8
2022-12-25 13:11:37.171,390.5
2022-12-26 12:14:26.892,430.0
2022-12-25 20:50:33.197,432.3
2022-12-26 12:30:06.101,424.5
2022-12-25 17:14:07.552,387.5
2022-12-25 17:29:34.613,389.5
2022-12-26 12:14:38.986,430.0
2022-12-26 12:50:30.201,414.5
2022-12-26 12:40:20.563,393.0
2022-12-26 12:41:44.404,399.0
2022-12-26 15:33:52.104,441.75
2022-12-26 12:22:27.268,427.5
2022-12-26 12:16:09.542,429.8
2022-12-26 15:37:39.335,429.0
2022-12-26 15:44:18.080,427.8
2022-12-26 12:57:09.229,419.8
2022-12-26 15:41:46.517,433.25
2022-12-26 12:52:02.826,414.75
2022-12-26 12:23:55.306,428.0
2022-12-26 15:39:10.733,431.5
2022-12-26 21:30:31.779,427.8
2022-12-26 21:31:47.492,430.8
2022-12-26 15:31:45.848,440.8
2022-12-26 15:52:10.289,437.0
2022-12-26 15:49:41.593,436.5
2022-12-26 12:29:35.419,428.0
2022-12-26 12:42:21.448,397.25
2022-12-26 15:49:48.933,436.3
2022-12-26 12:17:53.886,429.75
2022-12-26 12:29:44.385,425.0
2022-12-26 22:04:52.161,433.0
2022-12-26 12:35:53.220,408.0
2022-12-26 12:42:31.461,403.25
2022-12-26 12:45:07.885,408.0
2022-12-26 21:33:21.247,428.75
2022-12-26 12:33:41.277,406.5
2022-12-26 15:24:07.266,449.75
2022-12-25 20:55:41.021,430.8
2022-12-26 22:09:12.101,430.0
2022-12-26 21:25:55.367,435.75
2022-12-26 21:39:26.256,431.25
2022-12-26 22:05:17.595,432.5
2022-12-25 20:55:46.906,431.75
2022-12-26 12:44:16.535,407.8
2022-12-26 22:13:20.390,428.75
2022-12-26 21:23:19.790,436.75
2022-12-26 21:39:39.894,432.5
2022-12-26 22:16:17.244,423.3
2022-12-26 21:22:01.109,437.3
2022-12-27 13:19:45.577,416.5
2022-12-27 13:31:00.334,419.25
2022-12-26 22:13:11.387,428.5
2022-12-26 22:05:45.538,429.5
2022-12-26 21:35:53.573,433.5
2022-12-26 22:27:36.022,420.0
2022-12-27 18:29:36.465,413.3
2022-12-26 21:38:38.498,432.0
2022-12-27 13:36:00.212,416.3
2022-12-27 18:15:33.413,412.75
2022-12-26 22:17:32.586,424.25
2022-12-27 18:18:11.108,414.0
2022-12-26 22:19:48.219,419.0
2022-12-27 13:24:19.688,409.75
2022-12-26 22:39:20.517,420.0
2022-12-27 13:31:03.171,419.3
2022-12-26 22:40:48.752,418.3
2022-12-26 22:26:39.061,415.0
2022-12-27 13:25:49.337,417.3
2022-12-27 13:25:53.695,417.5
2022-12-27 19:11:15.655,427.0
2022-12-27 18:42:28.454,412.5
2022-12-26 22:35:40.692,422.75
2022-12-27 13:24:43.232,417.0
2022-12-27 18:19:47.515,412.75
2022-12-27 19:15:38.004,428.5
2022-12-27 18:39:55.409,411.8
2022-12-27 13:13:04.574,420.75
2022-12-26 22:20:24.054,418.0
2022-12-26 22:39:50.392,414.75
2022-12-27 13:33:26.111,422.0
2022-12-26 22:29:53.101,422.5
2022-12-26 22:37:09.062,421.0
2022-12-27 13:35:46.496,416.5
2022-12-27 13:36:30.820,416.75
2022-12-27 19:10:15.218,427.0
2022-12-27 18:37:17.410,411.5
2022-12-27 19:15:09.427,428.3
2022-12-27 19:19:11.179,429.5
2022-12-27 18:09:30.326,417.0
2022-12-28 12:39:22.768,424.0
2022-12-27 20:10:00.325,420.3
2022-12-27 20:32:16.590,427.25
2022-12-27 19:15:26.913,428.25
2022-12-27 19:25:19.735,431.25
2022-12-27 19:44:30.065,419.8
2022-12-27 18:09:43.234,416.5
2022-12-27 19:58:48.319,420.5
2022-12-27 19:17:26.014,429.0
2022-12-28 12:46:53.974,416.5
2022-12-27 19:09:15.888,426.5
2022-12-27 19:56:38.891,420.5
2022-12-27 19:56:39.366,420.5
2022-12-27 20:32:34.252,430.5
2022-12-27 19:11:30.065,427.25
2022-12-27 18:40:55.437,411.75
2022-12-27 19:45:07.007,420.5
2022-12-27 19:00:39.501,424.0
2022-12-27 19:54:09.753,420.3
2022-12-27 20:01:50.404,420.75
2022-12-27 19:34:50.763,423.8
2022-12-27 19:02:59.103,424.75
2022-12-27 20:35:24.065,428.75
2022-12-28 18:46:28.652,420.8
2022-12-27 19:33:57.817,423.75
2022-12-28 18:32:13.781,413.8
2022-12-28 18:17:26.271,422.5
2022-12-27 20:11:05.974,420.0
2022-12-28 18:22:01.136,422.0
2022-12-28 18:46:41.815,417.5
2022-12-27 19:39:09.461,421.3
2022-12-27 19:51:50.764,421.3
2022-12-28 12:46:25.112,424.75
2022-12-27 19:37:52.901,423.0
2022-12-28 12:46:30.849,423.8
2022-12-28 18:21:37.419,421.0
2022-12-28 18:35:00.634,420.8
2022-12-28 18:52:19.408,416.5
2022-12-28 18:45:40.652,407.0
2022-12-28 18:28:26.503,421.5
2022-12-28 12:40:43.383,429.0
2022-12-28 19:35:07.857,417.3
2022-12-28 19:36:13.743,416.8
2022-12-28 18:55:03.237,416.75
2022-12-28 18:21:06.900,422.0
2022-12-28 22:41:13.031,408.5
2022-12-28 22:43:38.547,410.5
2022-12-28 18:38:19.214,418.0
2022-12-28 22:40:00.030,411.25
2022-12-28 22:47:57.235,406.5
2022-12-28 18:53:54.919,418.0
2022-12-28 22:48:05.966,403.3
2022-12-29 00:28:57.098,401.0
2022-12-28 18:30:13.926,421.5
2022-12-28 22:27:49.110,412.5
2022-12-28 18:45:56.639,413.5
2022-12-28 22:21:14.360,414.0
2022-12-28 18:39:26.716,415.5
2022-12-29 01:16:25.052,419.0
2022-12-28 19:40:51.515,412.3
2022-12-29 00:03:37.789,406.5
2022-12-28 18:42:03.384,415.25
2022-12-28 19:41:02.152,414.0
2022-12-29 00:15:17.869,402.3
2022-12-28 18:43:30.084,414.5
2022-12-28 22:29:47.173,412.8
2022-12-29 00:23:18.319,399.25
2022-12-28 18:39:50.495,415.0
2022-12-29 00:08:56.734,403.0
2022-12-29 00:10:05.740,401.3
2022-12-29 00:06:11.642,404.8
2022-12-29 10:10:18.666,416.3
2022-12-29 00:19:08.237,402.8
2022-12-29 10:34:32.438,390.25
2022-12-28 18:26:50.645,421.3
2022-12-29 01:15:37.229,420.0
2022-12-28 18:33:37.292,415.3
2022-12-28 18:36:04.617,413.5
2022-12-29 00:10:31.956,395.3
2022-12-29 10:47:51.118,380.8
2022-12-29 10:44:05.353,392.75
2022-12-29 10:18:04.209,408.3
2022-12-29 10:21:58.658,408.5
2022-12-29 10:10:47.667,411.0
2022-12-29 10:24:33.904,408.75
2022-12-29 14:53:51.340,413.0
2022-12-29 13:49:03.227,390.0
2022-12-29 14:57:58.741,408.0
2022-12-29 10:47:07.499,382.5
2022-12-29 11:08:53.068,390.0
2022-12-29 10:52:17.385,379.0
2022-12-29 11:06:07.167,389.0
2022-12-29 10:27:23.941,405.0
2022-12-29 10:34:07.468,390.75
2022-12-29 15:04:07.381,406.5
2022-12-29 10:57:30.652,383.0
2022-12-29 15:12:24.643,397.75
2022-12-29 10:30:06.590,394.75
2022-12-29 11:07:44.951,391.3
2022-12-29 10:25:08.047,403.75
2022-12-29 13:56:27.299,394.8
2022-12-29 11:03:58.792,389.0
2022-12-29 15:12:36.710,397.25
2022-12-29 15:16:46.830,408.75
2022-12-29 13:49:26.880,390.3
2022-12-29 15:07:11.604,401.8
2022-12-29 15:05:44.882,408.8
2022-12-29 11:02:58.167,384.8
2022-12-29 13:52:57.358,390.5
2022-12-29 15:04:41.721,403.25
2022-12-29 14:45:58.127,428.75
2022-12-29 14:46:01.145,428.75
2022-12-29 15:12:53.203,398.25
2022-12-29 16:13:13.213,404.25
2022-12-29 15:21:06.505,404.0
2022-12-29 16:20:19.585,395.75
2022-12-29 15:04:54.639,403.5
2022-12-29 14:46:14.244,428.75
2022-12-29 17:16:35.178,394.5
2022-12-29 17:23:33.642,395.0
2022-12-29 15:06:26.463,406.8
2022-12-29 15:06:28.263,406.3
2022-12-29 16:22:49.197,395.25
2022-12-29 17:19:32.026,393.3
2022-12-29 16:36:13.160,396.0
2022-12-29 15:19:16.275,404.3
2022-12-29 17:20:54.621,395.25
2022-12-29 17:18:23.118,395.25
2022-12-29 17:44:46.628,398.75
2022-12-29 16:24:05.156,394.0
2022-12-29 16:19:31.839,396.0
2022-12-29 15:21:37.604,404.25
2022-12-29 14:47:58.286,428.5
2022-12-29 18:03:04.921,394.25
2022-12-29 15:20:08.445,403.5
2022-12-29 15:18:57.028,403.0
2022-12-29 18:06:53.501,393.5
2022-12-29 16:37:37.905,396.0
2022-12-29 18:03:12.920,396.0
2022-12-29 14:56:26.041,408.5
2022-12-29 16:10:03.443,396.5
2022-12-29 17:56:42.961,395.75
2022-12-29 17:14:52.853,395.3
2022-12-29 16:05:31.450,404.5
2022-12-29 18:02:01.351,397.5
2022-12-29 17:37:26.014,394.75
2022-12-29 17:25:56.353,395.0
2022-12-29 18:05:55.362,392.25
2022-12-29 17:16:24.669,393.0
2022-12-29 18:51:38.130,394.8
2022-12-29 17:29:08.388,394.75
2022-12-29 17:39:40.541,395.25
2022-12-29 17:44:26.414,398.3
2022-12-29 18:59:25.996,393.5
2022-12-29 17:50:48.440,400.5
2022-12-29 17:29:10.233,394.8
2022-12-29 18:03:33.885,396.0
2022-12-29 19:27:15.966,393.8
2022-12-29 17:58:25.164,400.5
2022-12-29 19:27:19.896,392.3
2022-12-29 19:16:02.265,393.0
2022-12-29 17:58:31.312,398.0
2022-12-29 18:25:13.310,395.25
2022-12-29 19:32:43.561,392.0
2022-12-29 19:02:10.602,393.5
2022-12-29 21:17:59.728,392.3
2022-12-29 22:56:01.586,414.25
2022-12-29 19:31:52.842,392.5
2022-12-29 19:23:01.640,392.25
2022-12-29 23:24:29.999,425.25
2022-12-29 23:31:12.217,427.25
2022-12-29 23:14:42.124,422.5
2022-12-29 23:14:43.573,422.5
2022-12-29 19:16:26.565,391.3
2022-12-29 18:53:23.002,393.3
2022-12-29 18:52:16.814,394.5
2022-12-29 19:34:39.847,391.8
2022-12-29 23:18:17.428,423.3
2022-12-29 19:39:51.769,391.8
2022-12-29 23:17:04.240,422.75
2022-12-29 18:56:03.754,391.5
2022-12-29 19:32:11.160,391.3
2022-12-29 23:20:44.402,424.25
2022-12-29 19:35:07.184,392.5
2022-12-29 19:42:25.430,391.8
2022-12-29 18:52:35.860,394.5
2022-12-29 18:57:33.842,393.8
2022-12-29 19:36:35.229,392.5
2022-12-29 23:38:25.109,429.25
2022-12-29 18:56:16.046,390.75
2022-12-29 23:06:23.038,420.0
2022-12-29 23:28:06.546,426.25
2022-12-29 19:19:33.209,390.8
2022-12-29 23:15:21.386,422.8
2022-12-29 23:19:45.441,423.8
2022-12-29 23:47:04.490,431.8
2022-12-29 19:22:21.668,390.25
2022-12-29 23:31:53.801,427.25
2022-12-29 23:19:51.916,423.75
2022-12-29 18:59:07.225,388.5
2022-12-30 00:10:22.037,438.5
2022-12-29 23:41:45.805,430.3
2022-12-29 23:59:22.066,435.3
2022-12-29 23:25:39.498,425.5
2022-12-29 23:38:52.017,429.3
2022-12-30 01:46:33.283,449.25
2022-12-30 01:51:51.419,449.0
2022-12-29 23:47:23.947,431.8
2022-12-30 00:02:39.468,436.3
2022-12-30 00:25:18.730,443.3
2022-12-30 01:59:20.817,447.0
2022-12-29 23:57:24.728,434.75
2022-12-30 01:51:59.112,448.0
2022-12-30 00:04:06.306,436.75
2022-12-30 02:12:58.041,441.5
2022-12-29 23:43:28.212,430.8
2022-12-30 00:10:53.797,438.75
2022-12-30 00:28:31.620,444.3
2022-12-30 14:04:11.749,439.8
2022-12-30 02:06:16.689,444.5
2022-12-30 00:19:57.351,441.5
2022-12-30 01:56:22.774,449.0
2022-12-29 23:55:45.083,434.25
2022-12-30 00:18:38.414,441.25
2022-12-29 23:52:34.330,433.25
2022-12-30 13:59:01.372,440.0
2022-12-30 00:04:34.786,436.75
2022-12-30 02:20:40.129,442.8
2022-12-29 23:54:23.246,433.8
2022-12-30 01:47:21.755,450.25
2022-12-30 01:51:16.946,448.8
2022-12-29 23:54:29.318,433.75
2022-12-30 02:15:29.324,440.5
2022-12-30 00:24:46.275,443.0
2022-12-30 01:52:35.696,448.5
2022-12-30 01:58:03.116,446.0
2022-12-30 00:31:18.084,445.0
2022-12-30 01:55:33.695,444.0
2022-12-30 14:35:57.309,438.0
2022-12-30 02:15:39.162,444.0
2022-12-30 01:45:00.543,449.8
2022-12-30 02:04:16.446,441.75
2022-12-30 14:16:10.153,434.3
2022-12-30 02:05:49.154,445.3
2022-12-30 02:04:24.989,441.8
2022-12-30 13:50:27.783,438.8
2022-12-30 01:58:31.373,445.0
2022-12-30 16:15:51.406,436.8
2022-12-30 16:35:36.285,435.75
2022-12-30 13:50:35.876,437.75
2022-12-30 14:13:57.239,438.25
2022-12-30 16:25:17.978,436.8
2022-12-30 16:29:05.970,430.25
2022-12-30 16:10:57.637,436.8
2022-12-30 14:06:45.181,439.0
2022-12-30 16:47:27.110,431.0
2022-12-30 16:46:07.200,432.5
2022-12-31 11:27:39.716,431.0
2022-12-30 14:18:18.628,438.0
2022-12-30 16:34:45.139,433.75
2022-12-30 16:24:03.572,433.25
2022-12-30 16:39:42.101,430.3
2022-12-30 16:38:43.316,432.3
2022-12-30 16:32:18.632,434.5
2022-12-30 16:53:59.017,430.3
2022-12-30 16:27:10.946,437.0
2022-12-30 14:32:38.203,437.75
2022-12-30 14:35:35.609,435.5
2022-12-31 11:28:04.074,431.0
2022-12-30 16:21:40.776,436.0
2022-12-30 16:13:47.570,436.8
2022-12-30 16:15:09.507,436.5
2022-12-31 11:39:28.564,429.5
2022-12-31 13:43:03.474,427.5
2022-12-30 14:34:05.276,437.3
2022-12-30 16:09:13.869,437.0
2022-12-31 11:39:36.237,418.25
2022-12-31 11:42:26.175,428.75
2022-12-31 14:05:16.012,423.0
2022-12-31 11:38:13.977,429.5
2022-12-30 16:34:16.768,430.0
2022-12-30 16:35:28.957,431.75
2022-12-30 16:48:17.883,431.5
2022-12-31 13:46:10.572,428.5
2022-12-30 16:44:08.158,431.0
2022-12-31 13:49:40.870,424.5
2022-12-30 16:44:12.357,432.8
2022-12-31 11:44:04.000,423.5
2022-12-31 14:19:43.461,424.75
2022-12-31 17:09:17.590,424.0
2022-12-31 14:50:32.533,417.5
2022-12-31 11:40:19.820,429.5
2022-12-31 13:49:00.666,427.8
2022-12-31 22:09:39.816,415.5
2022-12-31 13:53:25.483,427.3
2022-12-31 21:55:36.494,418.75
2022-12-31 21:56:54.381,418.75
2022-12-31 21:56:56.178,418.8
2022-12-31 22:10:10.613,415.5
2022-12-31 14:20:03.093,425.0
2022-12-31 22:09:03.876,415.0
2022-12-31 17:23:44.357,419.8
2022-12-31 22:00:50.202,416.8
2022-12-31 14:31:46.847,425.25
2022-12-31 14:37:00.447,417.5
2022-12-31 14:04:18.310,421.0
2022-12-31 14:53:49.239,422.75
2022-12-31 14:38:37.017,423.5
2022-12-31 14:18:37.176,424.75
2022-12-31 14:32:04.855,425.25
2022-12-31 22:01:24.803,415.5
2022-12-31 17:20:23.801,414.0
2022-12-31 22:04:22.663,411.5
2022-12-31 22:08:09.859,413.5
2022-12-31 13:54:45.553,423.25
