Timestamp,TotalVoltage
2019-05-05 12:12:11,526.5
2019-05-05 19:01:14,514.2
2019-05-06 13:21:53,518.9
2019-05-06 18:54:53,510.4
2019-05-07 16:20:30,517.4
2019-05-08 12:33:09,516.6
2019-05-08 20:12:23,526.4
2019-05-09 18:20:02,511.6
2019-05-10 15:43:19,516.8
2019-05-11 14:10:56,518.0
2019-05-12 02:10:07,535.0
2019-05-12 18:27:40,510.2
2019-05-13 14:47:54,520.4
2019-05-14 12:51:42,518.2
2019-05-15 00:46:36,529.6
2019-05-15 18:23:49,514.0
2019-05-16 14:39:34,518.4
2019-05-17 13:45:22,519.0
2019-05-18 01:51:42,518.0
2019-05-18 13:50:22,516.8
2019-05-18 19:39:02,509.6
2019-05-19 16:12:01,520.6
2019-05-20 15:24:16,516.0
2019-05-21 13:52:44,520.4
2019-05-22 14:03:21,519.6
2019-05-23 02:16:12,520.0
2019-05-23 15:36:47,517.2
2019-05-23 22:37:11,523.6
2019-05-24 16:11:16,518.4
2019-05-25 13:48:28,517.4
2019-05-26 12:21:50,519.2
2019-05-26 18:58:50,511.4
2019-05-27 18:17:45,510.2
2019-05-28 15:50:22,517.4
2019-05-29 04:31:02,523.9
2019-05-29 14:50:26,519.0
2019-05-30 12:28:09,517.6
2019-05-30 19:38:34,517.0
2019-05-31 13:43:30,514.8
2019-06-01 01:19:29,522.2
2019-06-01 17:24:10,509.2
2019-06-02 15:26:02,515.4
2019-06-03 13:01:57,514.4
2019-06-03 19:22:37,511.0
2019-06-04 17:30:21,511.8
2019-06-05 15:25:54,519.6
2019-06-06 13:21:27,519.6
2019-06-07 06:54:53,518.0
2019-06-10 11:24:48,529.0
2019-06-10 18:27:29,515.0
2019-06-11 16:49:13,515.4
2019-06-12 13:06:34,520.9
2019-06-12 19:01:54,512.4
2019-06-13 17:21:32,510.8
2019-06-14 17:13:29,518.8
2019-06-15 15:49:08,513.9
2019-06-16 13:50:51,517.2
2019-06-16 19:53:41,526.4
2019-06-17 17:47:55,514.6
2019-06-18 16:41:00,514.4
2019-06-19 15:34:41,515.8
2019-06-19 23:11:59,524.5
2019-06-20 17:32:35,515.8
2019-06-21 16:27:00,513.8
2019-06-22 13:30:22,518.4
2019-06-22 22:10:15,527.1
2019-06-23 18:35:06,510.8
2019-06-24 17:26:03,515.4
2019-06-25 16:43:43,517.8
2019-06-26 14:18:52,518.0
2019-06-26 21:55:50,523.8
2019-06-27 14:26:35,517.2
2019-06-27 21:43:32,523.5
2019-06-28 16:04:36,517.4
2019-06-29 03:53:09,523.8
2019-06-29 15:41:12,517.6
2019-06-30 14:09:35,518.6
2019-06-30 22:04:13,529.0
2019-07-01 18:35:07,512.8
2019-07-02 18:27:40,513.2
2019-07-03 16:26:08,515.4
2019-07-04 13:47:45,517.2
2019-07-05 13:00:47,515.8
2019-07-05 22:36:13,527.8
2019-07-06 17:48:27,513.1
2019-07-07 15:38:26,516.8
2019-07-08 15:25:09,518.6
2019-07-08 23:02:03,547.4
2019-07-09 19:01:32,512.2
2019-07-11 12:21:51,515.8
2019-07-13 13:39:09,518.0
2019-07-14 00:01:49,527.4
2019-07-14 17:52:13,512.4
2019-07-15 15:43:21,518.6
2019-07-16 13:54:16,514.8
2019-07-17 13:34:42,518.6
2019-07-17 22:49:34,523.8
2019-07-18 16:19:04,515.4
2019-07-19 14:22:26,518.0
2019-07-20 15:33:23,517.5
2019-07-21 22:17:21,523.8
2019-07-22 16:18:00,518.0
2019-07-23 14:14:40,511.2
2019-07-23 22:47:35,528.2
2019-07-24 19:14:47,510.6
2019-07-25 18:49:24,512.1
2019-07-26 16:24:45,513.4
2019-07-27 14:53:33,518.6
2019-07-28 12:47:13,518.4
2019-07-28 21:39:36,523.1
2019-07-29 18:20:32,514.8
2019-07-30 16:20:57,518.6
2019-07-31 12:52:18,517.2
2019-08-01 12:31:19,516.8
2019-08-01 18:50:59,506.0
2019-08-03 14:59:11,517.0
2019-08-04 13:25:42,515.8
2019-08-05 00:56:15,527.2
2019-08-05 18:30:53,507.6
2019-08-06 15:51:23,521.0
2019-08-07 16:06:49,520.0
2019-08-08 15:47:11,515.8
2019-08-08 22:58:36,519.4
2019-08-09 17:08:49,505.2
2019-08-10 15:49:24,515.4
2019-08-11 16:07:01,512.8
2019-08-12 14:55:11,517.1
2019-08-12 19:46:51,511.8
2019-08-13 14:55:30,518.4
2019-08-14 04:50:14,523.2
2019-08-14 14:55:34,517.0
2019-08-15 14:59:27,513.0
2019-08-16 13:40:13,522.6
2019-08-17 02:39:46,530.7
2019-08-17 18:05:39,511.2
2019-08-18 14:23:53,516.0
2019-08-19 12:45:21,521.2
2019-08-19 21:01:21,522.2
2019-08-20 18:14:35,511.6
2019-08-21 16:51:27,513.4
2019-08-22 12:55:12,517.6
2019-08-23 14:53:55,517.4
2019-08-24 12:57:49,518.6
2019-08-25 12:03:21,521.1
2019-08-25 17:57:21,511.8
2019-08-26 12:57:51,517.6
2019-08-26 19:17:11,506.0
2019-08-27 18:24:19,513.4
2019-08-28 16:46:36,514.0
2019-08-29 06:48:32,519.0
2019-08-29 13:44:30,518.6
2019-08-30 07:28:24,517.2
2019-08-30 16:50:30,514.4
2019-08-31 16:04:37,518.6
2019-09-01 13:27:32,516.4
2019-09-01 19:22:44,512.8
2019-09-02 15:02:25,519.0
2019-09-03 08:45:35,518.0
2019-09-03 18:05:42,517.4
2019-09-04 12:00:41,514.2
2019-09-04 19:37:52,527.3
2019-09-05 16:38:42,506.0
2019-09-07 02:04:29,518.0
2019-09-07 15:29:24,518.0
2019-09-08 15:01:55,513.0
2019-09-09 14:43:57,511.6
2019-09-10 07:04:46,524.0
2019-09-10 21:22:31,526.1
2019-09-11 12:49:44,521.2
2019-09-11 20:57:29,523.7
2019-09-12 16:05:14,518.0
2019-09-13 15:07:22,513.6
2019-09-14 03:39:26,523.8
2019-09-14 14:57:30,518.6
2019-09-15 07:22:41,518.2
2019-09-15 14:58:12,514.4
2019-09-16 08:01:58,517.2
2019-09-16 14:13:04,517.0
2019-09-16 23:53:48,546.0
2019-09-17 18:40:29,515.4
2019-09-18 06:54:51,526.2
2019-09-18 17:23:20,518.4
2019-09-19 18:39:10,511.2
2019-09-21 00:01:13,532.4
2019-09-21 17:07:43,512.4
2019-09-22 12:40:19,512.6
2019-09-22 22:17:10,529.4
2019-09-24 05:37:27,524.2
2019-09-24 17:40:38,500.4
2019-09-25 17:29:38,512.2
2019-09-26 14:28:52,524.0
2019-09-26 20:05:27,525.6
2019-09-27 10:49:56,504.2
2019-09-27 18:07:16,517.6
2019-09-28 07:33:21,519.2
2019-09-28 15:02:55,512.8
2019-09-29 04:18:29,523.6
2019-09-29 15:33:39,512.2
2019-09-30 13:45:37,518.6
2019-09-30 21:22:12,527.2
2019-10-01 15:07:38,518.6
2019-10-01 23:30:54,523.6
2019-10-02 17:10:28,514.4
2019-10-03 12:36:38,517.9
2019-10-04 08:20:19,520.0
2019-10-04 16:55:18,517.4
2019-10-05 14:10:09,519.4
2019-10-05 23:22:56,528.4
2019-10-06 18:09:50,512.8
2019-10-07 02:39:37,523.6
2019-10-07 10:28:14,518.2
2019-10-07 18:15:12,503.7
2019-10-08 18:45:36,507.0
2019-10-09 17:35:09,512.6
2019-10-10 01:13:55,524.0
2019-10-10 17:02:23,519.6
2019-10-11 15:16:22,505.4
2019-10-12 13:06:46,518.5
2019-10-13 02:30:50,517.8
2019-10-13 09:50:50,526.2
2019-10-13 19:51:21,522.8
2019-10-15 10:47:58,510.4
2019-10-15 16:26:41,513.6
2019-10-15 23:29:31,523.5
2019-10-16 10:07:17,513.0
2019-10-17 15:28:41,515.1
2019-10-18 12:27:53,515.8
2019-10-18 18:44:33,509.4
2019-10-19 17:53:30,506.6
2019-10-22 13:49:28,518.2
2019-10-22 20:14:44,513.5
2019-10-23 17:50:25,511.2
2019-10-25 16:15:56,517.6
2019-10-26 13:49:41,522.6
2019-10-26 23:35:56,529.2
2019-10-27 12:00:09,515.0
2019-10-27 17:26:37,511.4
2019-10-28 10:14:48,514.4
2019-10-28 18:27:47,513.8
2019-10-30 12:37:35,514.2
2019-10-31 12:57:00,518.4
2019-10-31 20:40:21,519.0
2019-11-01 13:04:35,514.8
2019-11-01 18:43:55,510.9
2019-11-02 14:38:22,519.0
2019-11-03 07:40:01,514.4
2019-11-03 16:01:47,520.8
2019-11-04 11:25:57,508.0
2019-11-04 17:45:37,515.6
2019-11-05 17:17:16,513.4
2019-11-06 14:07:45,517.2
2019-11-07 12:59:08,517.6
2019-11-07 19:16:08,511.6
2019-11-08 15:33:18,514.9
2019-11-09 14:50:52,518.0
2019-11-10 02:47:51,531.0
2019-11-11 22:42:41,523.7
2019-11-13 11:39:00,518.3
2019-11-14 02:34:20,521.4
2019-11-14 13:53:56,515.6
2019-11-15 07:22:36,517.6
2019-11-16 06:47:12,517.6
2019-11-16 14:32:05,517.6
2019-11-17 14:05:36,519.0
2019-11-18 16:02:31,518.6
2019-11-19 15:53:51,514.0
2019-11-20 16:12:37,514.6
2019-11-21 15:08:48,514.8
2019-11-21 21:20:19,521.9
2019-11-22 13:48:45,517.4
2019-11-24 03:04:58,518.0
2019-11-24 14:38:43,518.0
2019-11-25 08:00:58,521.0
2019-11-26 00:21:27,527.6
2019-11-26 17:29:37,511.8
2019-11-27 12:39:10,499.2
2019-11-28 06:57:29,520.9
2019-11-28 12:53:20,519.9
2019-11-29 13:19:07,518.2
2019-11-30 04:22:36,519.8
2019-11-30 14:12:08,521.2
2019-12-01 04:58:27,522.4
2019-12-01 13:37:06,515.8
2019-12-02 03:06:29,529.8
2019-12-03 14:34:48,518.9
2019-12-04 07:36:00,518.0
2019-12-04 16:56:39,520.4
2019-12-05 15:56:38,517.4
2019-12-05 22:28:20,520.6
2019-12-06 14:02:41,513.8
2019-12-07 11:46:48,517.0
2019-12-08 02:15:45,517.0
2019-12-08 09:22:17,537.3
2019-12-08 17:03:42,511.8
2019-12-09 00:50:28,520.0
2019-12-09 12:58:08,512.4
2019-12-10 10:13:24,515.6
2019-12-12 19:25:00,515.7
2019-12-13 07:25:46,510.9
2019-12-14 03:36:34,518.6
2019-12-14 15:16:48,516.2
2019-12-15 10:06:14,520.0
2019-12-16 06:45:11,517.5
2019-12-18 02:15:00,528.8
2019-12-20 12:30:52,515.7
2019-12-20 18:12:52,510.6
2019-12-21 14:38:56,512.0
2019-12-22 03:49:07,518.4
2019-12-22 09:44:07,525.8
2019-12-22 16:26:23,510.1
2019-12-23 15:05:33,522.2
2019-12-24 13:44:55,523.8
2019-12-25 02:29:00,517.8
2019-12-25 08:20:40,525.2
2019-12-25 15:38:45,513.2
2019-12-26 14:37:13,517.0
2019-12-26 21:33:52,519.0
2019-12-27 09:20:48,517.7
2019-12-27 17:29:01,517.4
2019-12-29 13:23:17,522.8
2019-12-29 21:06:53,528.2
2019-12-30 18:22:36,511.2
2019-12-31 07:50:21,525.2
2019-12-31 16:18:24,516.4
2020-01-01 15:52:15,517.0
2020-01-02 16:16:24,514.0
2020-01-03 00:20:49,524.6
2020-01-03 12:30:48,496.2
2020-01-04 00:26:22,530.0
2020-01-04 13:58:10,545.5
2020-01-05 12:22:19,516.6
2020-01-05 21:31:01,525.3
2020-01-06 19:17:10,511.2
2020-01-07 16:44:29,512.2
2020-01-08 01:15:48,525.1
2020-01-08 12:36:10,515.4
2020-01-08 18:59:50,511.2
2020-01-09 15:37:58,508.5
2020-01-09 23:48:17,523.8
2020-01-10 19:25:42,507.6
2020-01-11 17:44:23,501.4
2020-01-12 03:41:22,524.0
2020-01-12 15:10:02,517.6
2020-01-13 07:05:26,515.4
2020-01-13 16:41:22,520.0
2020-01-14 14:42:21,513.7
2020-01-15 06:58:11,520.0
2020-01-16 07:58:28,515.6
2020-01-16 14:13:43,528.6
2020-01-17 13:43:59,515.8
2020-01-17 23:30:18,517.0
2020-01-18 06:53:58,526.6
2020-01-18 17:56:16,505.8
2020-01-19 17:12:16,513.4
2020-01-20 05:57:31,523.0
2020-01-20 15:25:36,518.6
2020-01-21 12:50:51,515.8
2020-01-22 13:43:33,518.2
2020-01-23 13:00:32,517.4
2020-01-24 07:38:36,509.0
2020-01-24 14:53:58,533.7
2020-02-18 08:22:48,515.2
2020-02-18 15:52:48,507.6
2020-02-18 23:37:28,525.1
2020-02-19 13:31:15,519.6
2020-02-19 20:31:40,523.6
2020-02-21 08:37:48,518.6
2020-02-21 15:25:48,507.1
2020-02-22 11:21:11,518.4
2020-02-22 17:23:51,509.6
2020-02-23 13:16:50,510.4
2020-02-23 20:05:32,520.6
2020-02-24 10:22:58,515.6
2020-02-24 19:09:53,529.3
2020-02-25 12:52:21,517.4
2020-02-25 20:09:46,519.0
2020-02-26 13:03:01,514.8
2020-02-26 20:19:10,519.0
2020-02-27 10:05:44,518.4
2020-02-27 17:39:44,508.4
2020-02-28 13:28:20,514.6
2020-02-29 08:16:44,517.0
2020-02-29 16:31:24,512.4
2020-03-01 12:12:39,516.4
2020-03-02 08:33:00,510.6
2020-03-02 18:32:31,527.2
2020-03-03 12:54:25,516.6
2020-03-04 08:49:08,517.0
2020-03-04 15:54:28,510.2
2020-03-05 12:28:42,511.1
2020-03-05 23:24:51,523.8
2020-03-06 10:41:14,516.8
2020-03-06 17:59:16,522.2
2020-03-07 13:40:16,513.4
2020-03-08 07:53:07,515.8
2020-03-08 15:40:27,512.4
2020-03-08 22:37:49,523.6
2020-03-09 11:30:32,509.9
2020-03-09 19:19:05,529.4
2020-03-10 13:39:46,508.9
2020-03-10 21:49:13,523.5
2020-03-12 08:16:08,517.3
2020-03-12 17:56:48,515.0
2020-03-13 00:54:48,524.3
2020-03-13 11:31:08,511.0
2020-03-13 18:51:33,517.6
2020-03-14 07:50:35,516.1
2020-03-14 15:09:38,509.0
2020-03-14 23:01:02,523.2
2020-03-15 09:12:00,511.8
2020-03-15 15:53:00,507.6
2020-03-15 23:16:03,523.6
2020-03-16 13:19:06,514.2
2020-03-17 14:37:19,518.6
2020-03-18 13:27:27,519.1
2020-03-19 13:37:56,514.8
2020-03-19 19:59:04,518.0
2020-03-20 08:19:30,513.1
2020-03-20 16:23:50,515.8
2020-03-21 14:42:12,518.2
2020-03-22 01:52:50,519.0
2020-03-22 17:47:05,509.6
2020-03-23 18:20:58,511.4
2020-03-24 15:27:15,521.4
2020-03-25 14:34:41,516.6
2020-03-26 12:40:35,520.2
2020-03-27 06:50:51,518.6
2020-03-27 14:32:57,512.8
2020-03-28 07:21:30,522.6
2020-03-28 16:02:15,518.7
2020-03-29 14:24:38,517.2
2020-03-30 13:15:57,518.5
2020-03-31 12:59:59,513.8
2020-03-31 18:34:19,509.6
2020-04-01 16:41:31,518.0
2020-04-03 00:46:39,523.8
2020-04-03 11:51:10,514.8
2020-04-03 18:42:45,516.0
2020-04-04 14:26:37,514.8
2020-04-05 05:44:47,524.2
2020-04-05 23:45:21,527.4
2020-04-07 17:53:03,515.8
2020-04-08 17:33:08,508.6
2020-04-09 15:35:00,510.2
2020-04-09 21:45:12,523.2
2020-04-10 15:14:13,515.8
2020-04-11 14:29:52,518.4
2020-04-11 21:27:26,522.6
2020-04-12 18:46:16,512.7
2020-04-13 18:05:21,513.8
2020-04-14 14:21:19,518.2
2020-04-15 07:21:48,521.0
2020-04-15 13:05:35,527.6
2020-04-15 18:56:31,508.2
2020-04-16 10:14:36,514.8
2020-04-16 16:58:41,510.6
2020-04-16 23:45:32,523.2
2020-04-17 15:56:09,514.8
2020-04-18 14:18:18,518.6
2020-04-19 04:02:59,523.0
2020-04-20 13:58:54,518.6
2020-04-21 14:17:15,518.6
2020-04-22 13:00:36,518.8
2020-04-22 21:23:59,523.8
2020-04-23 18:53:24,508.2
2020-04-24 12:32:18,518.0
2020-04-25 02:54:45,528.8
2020-04-25 18:19:39,503.0
2020-04-27 15:31:32,516.0
2020-04-28 09:28:14,523.0
2020-04-28 17:16:45,513.8
2020-04-30 14:07:04,514.4
2020-04-30 21:02:42,519.3
2020-05-01 14:10:28,513.0
2020-05-01 23:45:31,527.2
2020-05-02 18:09:33,506.7
2020-05-03 10:22:38,515.4
2020-05-03 16:28:43,519.0
2020-05-04 09:52:44,518.0
2020-05-05 01:51:42,520.4
2020-05-05 13:42:30,517.8
2020-05-06 13:37:42,519.0
2020-05-08 13:47:30,518.0
2020-05-09 02:41:52,517.6
2020-05-09 08:26:32,524.2
2020-05-09 18:09:50,510.4
2020-05-10 15:16:35,518.4
2020-05-11 14:59:34,519.0
2020-05-12 04:13:19,523.0
2020-05-12 15:13:21,518.5
2020-05-13 16:50:20,514.4
2020-05-14 15:50:33,519.4
2020-05-14 22:30:04,523.1
2020-05-15 18:59:28,512.8
2020-05-16 12:05:51,509.4
2020-05-16 18:55:14,510.2
2020-05-19 08:00:47,518.4
2020-05-19 12:58:07,512.8
2020-05-20 18:40:15,554.6
2020-05-22 11:17:36,518.0
2020-05-22 18:16:50,516.6
2020-05-23 17:53:07,514.9
2020-05-24 15:48:08,518.0
2020-05-25 14:43:08,518.3
2020-05-26 15:01:32,521.2
2020-05-27 06:16:59,513.4
2020-05-27 12:56:29,525.1
2020-05-27 20:19:45,528.9
2020-05-28 12:12:21,510.8
2020-05-29 12:34:25,518.3
2020-05-30 03:11:49,528.0
2020-05-30 15:58:04,517.7
2020-05-31 14:11:15,517.9
2020-06-02 02:28:51,521.8
2020-06-02 16:08:54,512.4
2020-06-03 08:35:47,514.8
2020-06-03 17:56:23,516.2
2020-06-05 17:44:41,513.2
2020-06-07 07:33:04,514.4
2020-06-07 14:50:53,518.4
2020-06-08 13:00:21,517.8
2020-06-08 18:36:10,511.6
2020-06-09 09:09:52,516.0
2020-06-10 16:48:54,515.7
2020-06-11 10:29:04,526.8
2020-06-12 17:54:23,515.4
2020-06-14 23:19:20,526.4
2020-06-15 19:22:18,516.0
2020-06-16 10:40:24,514.2
2020-06-17 02:04:01,526.8
2020-06-17 12:19:35,520.2
2020-06-17 20:06:24,525.6
2020-06-18 17:14:01,517.4
2020-06-18 23:29:12,522.2
2020-06-19 13:04:50,515.6
2020-06-20 07:03:10,516.0
2020-06-20 14:11:14,517.2
2020-06-21 06:33:36,518.4
2020-06-21 13:06:02,517.4
2020-06-21 21:47:35,526.2
2020-06-22 13:19:33,519.0
2020-06-22 19:41:53,512.6
2020-06-23 17:42:46,504.8
2020-06-24 08:02:34,519.6
2020-06-24 17:20:09,516.1
2020-06-25 10:37:21,518.8
2020-06-25 21:59:03,517.4
2020-06-26 17:53:27,515.0
2020-06-27 10:10:00,513.8
2020-06-27 18:07:03,515.4
2020-06-28 11:48:21,510.6
2020-06-28 19:21:06,509.0
2020-06-29 17:43:06,512.9
2020-06-30 15:42:32,519.2
2020-07-01 05:33:01,520.0
2020-07-01 15:41:23,519.0
2020-07-02 13:18:55,518.4
2020-07-02 19:10:15,515.7
2020-07-03 07:45:02,511.8
2020-07-03 16:12:54,518.8
2020-07-04 08:53:45,517.6
2020-07-04 15:55:31,519.6
2020-07-05 07:56:13,514.3
2020-07-05 20:15:44,508.8
2020-07-06 17:44:22,516.4
2020-07-08 13:56:59,515.5
2020-07-08 19:59:11,526.4
2020-07-09 18:30:06,510.2
2020-07-10 17:38:01,513.4
2020-07-11 17:25:29,516.4
2020-07-12 15:39:12,511.2
2020-07-13 12:45:22,518.8
2020-07-13 19:37:02,511.0
2020-07-14 18:14:53,515.3
2020-07-15 10:17:11,519.2
2020-07-16 08:11:53,518.0
2020-07-16 17:14:41,518.6
2020-07-17 23:09:47,528.5
2020-07-20 15:20:03,517.5
2020-07-21 14:01:12,512.2
2020-07-22 13:06:58,518.7
2020-07-22 20:16:24,525.8
2020-07-23 17:37:13,513.2
2020-07-24 12:39:07,517.0
2020-07-25 09:08:29,522.2
2020-07-25 17:59:09,511.2
2020-07-26 15:59:47,514.0
2020-07-27 08:15:54,517.4
2020-07-28 09:11:59,517.3
2020-07-28 19:04:46,512.8
2020-07-29 19:02:46,510.1
2020-07-30 17:50:13,511.0
2020-07-31 17:21:52,513.2
2020-08-01 09:14:34,512.2
2020-08-01 18:18:53,513.4
2020-08-02 16:58:35,514.6
2020-08-03 08:15:46,517.4
2020-08-03 16:44:01,518.5
2020-08-04 07:42:50,518.7
2020-08-04 14:23:37,519.4
2020-08-05 07:18:50,518.4
2020-08-05 15:53:37,513.8
2020-08-06 14:13:27,514.4
2020-08-07 13:18:41,518.6
2020-08-08 13:47:27,518.4
2020-08-10 14:30:29,523.8
2020-08-11 18:38:39,508.8
2020-08-13 13:44:35,512.2
2020-08-13 20:45:32,528.8
2020-08-14 21:06:49,525.2
2020-08-15 11:28:57,511.0
2020-08-15 19:28:15,513.4
2020-08-16 12:42:08,512.4
2020-08-17 13:56:00,518.2
2020-08-18 18:25:20,517.4
2020-08-19 11:13:47,511.2
2020-08-19 18:52:24,513.0
2020-08-21 07:01:04,518.2
2020-08-21 13:40:04,510.3
2020-08-22 07:45:04,517.4
2020-08-22 17:13:07,519.2
2020-08-23 18:10:17,518.6
2020-08-24 13:00:13,513.8
2020-08-24 21:39:24,530.3
2020-08-26 08:53:52,517.0
2020-08-26 15:16:02,522.2
2020-08-28 08:17:05,513.2
2020-08-28 14:05:25,512.8
2020-08-29 14:56:56,521.6
2020-08-30 11:21:32,513.2
2020-08-30 19:21:52,515.8
2020-08-31 14:18:44,502.0
2020-09-01 08:52:39,519.6
2020-09-01 18:28:41,518.6
2020-09-02 09:58:11,515.2
2020-09-02 17:35:47,517.1
2020-09-03 10:17:56,516.4
2020-09-03 18:34:05,523.2
2020-09-04 13:37:42,512.0
2020-09-05 06:46:45,518.6
2020-09-05 12:29:45,511.0
2020-09-05 19:14:28,513.8
2020-09-06 10:47:16,512.2
2020-09-06 16:21:41,519.0
2020-09-07 08:37:02,518.0
2020-09-07 13:59:02,511.4
2020-09-09 06:21:03,517.5
2020-09-09 13:33:16,513.6
2020-09-09 21:23:40,536.5
2020-09-12 06:23:10,517.0
2020-09-12 14:44:00,519.6
2020-09-13 13:19:24,510.4
2020-09-14 07:04:38,515.2
2020-09-14 16:36:20,518.4
2020-09-15 08:59:05,520.0
2020-09-15 21:08:51,526.4
2020-09-16 11:58:42,512.2
2020-09-16 19:57:17,527.4
2020-09-17 12:31:07,512.4
2020-09-17 19:07:43,513.0
2020-09-18 11:21:05,517.0
2020-09-18 18:44:32,514.5
2020-09-19 13:39:40,507.8
2020-09-20 15:07:25,524.0
2020-09-21 12:00:35,507.2
2020-09-23 06:45:38,518.4
2020-09-23 13:22:38,512.8
2020-09-24 06:54:24,518.4
2020-09-25 06:24:36,512.2
2020-09-25 13:09:36,507.4
2020-09-26 19:08:43,508.2
2020-09-29 17:34:35,521.6
2020-09-30 10:42:53,510.3
2020-09-30 19:46:22,514.6
2020-10-01 12:10:32,512.2
2020-10-01 18:20:26,515.2
2020-10-02 16:05:30,528.2
2020-10-03 09:26:31,518.0
2020-10-04 07:15:43,519.4
2020-10-04 21:32:15,530.2
2020-10-07 06:37:57,512.4
2020-10-07 16:58:06,513.8
2020-10-08 17:30:11,518.7
2020-10-09 10:51:08,513.4
2020-10-10 07:37:09,513.4
2020-10-10 16:54:40,519.2
2020-10-12 09:19:22,517.1
2020-10-13 14:18:54,510.6
2020-10-14 06:56:01,516.4
2020-10-15 15:31:20,525.8
2020-10-17 13:12:50,518.0
2020-10-18 18:22:10,516.3
2020-10-19 18:44:17,520.9
2020-10-20 14:22:37,505.4
2020-10-21 09:58:16,516.1
2020-10-22 09:52:48,515.4
2020-10-23 08:40:50,518.0
2020-10-24 08:58:24,516.6
2020-10-25 08:10:43,514.0
2020-10-25 17:57:04,517.6
2020-10-26 15:55:53,532.7
2020-10-28 07:14:33,518.4
2020-10-28 17:49:53,512.0
2020-10-29 15:56:42,533.4
2020-10-30 15:21:20,528.0
2020-10-31 15:12:43,522.0
2020-11-01 11:21:45,515.2
2020-11-02 10:46:43,511.8
2020-11-03 12:56:16,503.8
2020-11-04 06:40:08,524.6
2020-11-04 18:22:27,508.0
2020-11-05 14:17:42,512.6
2020-11-06 16:47:21,518.6
2020-11-09 09:49:53,511.7
2020-11-09 20:38:41,523.9
2020-11-10 17:08:23,509.4
2020-11-11 14:53:10,518.6
2020-11-12 15:22:58,514.0
2020-11-14 13:50:31,515.1
2020-11-15 15:28:22,516.2
2020-11-16 12:24:38,516.4
2020-11-17 10:56:27,526.2
2020-11-18 16:21:25,513.0
2020-11-19 18:56:10,511.6
2020-11-20 17:17:44,507.6
2020-11-21 13:22:33,521.8
2020-11-22 07:51:54,510.3
2020-11-22 17:53:54,515.6
2020-11-23 14:52:56,518.0
2020-11-24 15:56:40,518.6
2020-11-25 12:16:30,518.0
2020-11-26 12:12:20,518.4
2020-11-27 06:50:18,518.6
2020-11-27 14:54:05,511.4
2020-11-28 06:49:17,518.0
2020-11-28 14:31:49,516.4
2020-11-28 19:38:39,529.2
2020-11-29 14:02:13,520.4
2020-11-30 13:01:31,522.0
2020-11-30 21:35:48,522.6
2020-12-01 16:02:59,518.4
2020-12-02 09:24:13,517.0
2020-12-02 17:10:46,516.0
2020-12-03 10:08:11,512.0
2020-12-04 10:35:13,512.2
2020-12-04 17:54:53,510.2
2020-12-05 17:55:40,511.2
2020-12-06 11:26:40,531.8
2020-12-06 17:36:29,511.8
2020-12-07 15:31:34,515.2
2020-12-08 07:24:08,516.0
2020-12-08 13:47:41,517.8
2020-12-08 20:15:53,535.4
2020-12-09 17:34:56,508.8
2020-12-11 10:57:40,510.6
2020-12-11 18:14:38,510.6
2020-12-12 15:23:12,511.0
2020-12-13 08:51:17,516.4
2020-12-13 14:44:08,513.8
2020-12-14 07:08:39,519.6
2020-12-14 15:29:03,513.6
2020-12-15 08:14:28,518.0
2020-12-15 15:54:15,511.6
2020-12-16 06:34:15,509.4
2020-12-16 14:58:31,510.3
2020-12-17 08:14:30,517.8
2020-12-17 15:22:14,511.2
2020-12-19 06:53:33,518.2
2020-12-19 16:36:38,513.2
2020-12-20 09:00:13,525.6
2020-12-20 15:01:48,511.0
2020-12-21 07:36:56,517.4
2020-12-21 19:48:53,523.0
2020-12-25 18:36:31,510.6
2020-12-26 11:45:21,532.8
2020-12-26 19:00:23,510.6
2020-12-27 16:55:04,510.4
2020-12-29 08:02:41,517.6
2020-12-29 17:22:23,512.6
2020-12-30 10:12:09,512.4
2020-12-31 11:40:51,536.6
2020-12-31 21:18:33,519.6
2021-01-01 17:01:55,519.3
2021-01-02 11:03:01,511.6
2021-01-02 17:12:37,514.2
2021-01-04 15:03:54,516.8
2021-01-05 13:48:53,516.4
2021-01-05 20:34:03,532.4
2021-01-06 18:30:06,506.4
2021-01-07 10:46:28,499.6
2021-01-07 17:53:31,508.2
2021-01-08 09:36:43,516.2
2021-01-09 07:34:37,519.6
2021-01-09 15:09:33,518.0
2021-01-10 12:26:25,517.6
2021-01-10 18:07:45,511.6
2021-01-11 10:38:54,509.6
2021-01-11 17:19:45,504.8
2021-01-12 12:01:10,518.0
2021-01-13 12:17:00,518.6
2021-01-13 19:06:00,513.6
2021-01-14 10:05:15,512.0
2021-01-14 16:28:00,532.5
2021-01-15 20:53:40,524.8
2021-01-19 12:34:54,513.8
2021-01-19 20:24:59,529.8
2021-01-20 19:31:10,522.8
2021-01-21 10:56:12,508.2
2021-01-21 19:10:42,510.8
2021-01-22 14:58:05,506.3
2021-01-23 07:49:31,514.4
2021-01-24 12:33:39,513.7
2021-01-26 07:27:07,518.2
2021-01-26 14:46:48,514.1
2021-01-27 10:54:06,505.6
2021-01-27 17:40:11,512.8
2021-01-28 15:37:47,515.0
2021-01-29 10:22:34,510.8
2021-01-30 13:27:45,517.4
2021-01-31 06:43:39,516.4
2021-01-31 16:13:42,514.2
2021-02-01 09:33:44,512.7
2021-02-01 18:02:04,508.6
2021-02-03 12:09:16,518.2
2021-02-03 18:40:36,509.0
2021-02-04 21:17:57,529.4
2021-02-05 20:20:47,552.5
2021-02-06 13:32:48,521.0
2021-02-07 11:36:36,531.9
2021-02-07 19:26:59,524.6
2021-02-08 14:01:17,518.4
2021-02-09 06:23:55,510.3
2021-02-09 15:30:29,513.0
2021-02-10 15:23:47,514.0
2021-02-14 07:36:01,517.0
2021-02-15 12:11:19,518.9
2021-02-16 12:59:49,518.0
2021-02-16 20:20:22,530.0
2021-02-17 12:12:30,519.0
2021-02-17 19:58:14,530.7
2021-02-20 08:29:21,512.4
2021-02-20 15:16:23,515.4
2021-02-21 08:08:48,517.6
2021-02-21 15:11:29,518.4
2021-02-22 14:04:05,518.8
2021-02-23 06:28:21,516.4
2021-02-23 13:48:50,510.2
2021-02-24 07:05:37,516.8
2021-02-24 13:41:56,513.8
2021-02-25 13:45:53,516.6
2021-02-26 07:26:39,518.0
2021-02-26 15:16:53,510.4
2021-02-27 08:09:42,511.8
2021-03-01 20:51:31,510.8
2021-03-03 06:28:29,518.6
2021-03-04 21:14:56,503.6
2021-03-05 17:33:48,508.2
2021-03-05 23:53:53,549.3
2021-03-06 14:00:40,514.4
2021-03-06 20:58:50,513.8
2021-03-07 08:30:30,518.2
2021-03-08 07:12:46,517.9
2021-03-08 21:21:53,509.0
2021-03-09 07:17:44,518.8
2021-03-09 22:58:01,529.4
2021-03-10 20:06:53,512.2
2021-03-11 06:34:41,519.0
2021-03-11 18:59:52,510.0
2021-03-12 07:20:57,520.6
2021-03-12 15:53:56,518.0
2021-03-12 20:11:16,507.2
2021-03-13 08:17:57,513.4
2021-03-13 15:15:23,521.0
2021-03-13 18:30:23,512.8
2021-03-13 22:18:57,522.4
2021-03-14 09:17:04,508.1
2021-03-14 15:53:07,515.4
2021-03-14 19:58:37,512.4
2021-03-15 10:55:32,527.2
2021-03-15 19:22:57,513.2
2021-03-16 13:12:07,520.0
2021-03-16 17:27:17,512.6
2021-03-16 22:26:38,537.8
2021-03-17 10:40:45,514.3
2021-03-18 06:30:37,519.0
2021-03-18 14:40:50,518.0
2021-03-18 20:04:40,512.8
2021-03-19 06:46:40,512.2
2021-03-20 13:13:16,515.8
2021-03-20 17:45:36,515.4
2021-03-20 21:13:06,510.4
2021-03-21 07:27:16,522.4
2021-03-21 11:46:04,546.4
2021-03-21 15:51:28,516.8
2021-03-21 20:10:08,511.8
2021-03-22 15:53:08,524.6
2021-03-23 06:31:03,518.0
2021-03-23 15:24:57,518.6
2021-03-23 22:44:12,524.2
2021-03-24 07:33:16,513.0
2021-03-24 11:14:03,530.2
2021-03-24 15:34:34,518.3
2021-03-24 19:52:04,513.2
2021-03-25 13:16:12,519.0
2021-03-25 21:23:33,522.0
2021-03-26 08:08:50,518.2
2021-03-26 14:45:13,518.6
2021-03-26 21:17:33,512.8
2021-03-27 07:35:59,518.6
2021-03-27 11:39:39,505.8
2021-03-27 15:56:02,515.0
2021-03-27 18:32:12,506.2
2021-03-27 22:09:09,524.6
2021-03-28 08:27:20,518.0
2021-03-28 15:32:20,522.6
2021-03-28 18:41:30,512.2
2021-03-28 21:47:10,525.0
2021-03-29 09:22:39,520.8
2021-03-30 07:01:55,514.8
2021-03-30 10:53:57,513.3
2021-03-30 17:35:12,513.8
2021-03-30 20:38:02,512.4
2021-03-31 07:59:42,517.4
2021-03-31 13:57:55,517.8
2021-03-31 17:28:05,514.6
2021-03-31 20:52:55,512.8
2021-04-01 07:34:50,516.8
2021-04-01 14:40:48,520.8
2021-04-01 19:50:48,512.6
2021-04-02 06:49:27,521.6
2021-04-02 14:13:53,515.8
2021-04-02 17:53:23,511.2
2021-04-02 21:30:01,523.0
2021-04-03 07:28:26,516.4
2021-04-03 11:19:14,524.2
2021-04-03 14:59:36,518.6
2021-04-03 19:06:26,515.4
2021-04-03 22:13:41,526.4
2021-04-04 08:49:16,518.4
2021-04-04 12:46:54,531.4
2021-04-04 16:18:28,515.2
2021-04-04 20:02:18,512.8
2021-04-05 06:08:59,516.0
2021-04-05 09:42:49,517.4
2021-04-05 15:31:34,515.0
2021-04-05 18:46:54,512.2
2021-04-06 07:13:52,518.0
2021-04-06 10:41:32,512.4
2021-04-06 16:41:50,515.2
2021-04-06 21:47:42,526.2
2021-04-07 09:44:16,522.0
2021-04-07 20:08:30,511.4
2021-04-08 06:48:21,511.6
2021-04-08 10:51:01,512.4
2021-04-08 15:19:19,522.4
2021-04-08 20:22:59,511.8
2021-04-09 14:18:39,517.8
2021-04-09 19:53:29,510.6
2021-04-10 07:59:20,517.8
2021-04-10 11:14:40,506.2
2021-04-10 14:47:00,517.4
2021-04-10 18:33:40,512.8
2021-04-10 22:12:54,528.0
2021-04-11 08:25:01,516.6
2021-04-11 13:35:22,516.4
2021-04-11 16:54:42,516.6
2021-04-11 20:28:12,510.8
2021-04-12 06:30:49,519.0
2021-04-12 13:11:23,519.0
2021-04-12 17:29:53,519.6
2021-04-12 21:11:43,512.0
2021-04-13 08:07:15,518.6
2021-04-13 13:49:35,519.0
2021-04-13 17:14:35,517.9
2021-04-13 20:58:25,511.8
2021-04-14 15:50:12,519.9
2021-04-14 21:20:52,506.0
2021-04-15 08:22:36,518.0
2021-04-15 16:12:30,518.6
2021-04-16 19:36:05,510.2
2021-04-17 06:36:56,519.1
2021-04-17 14:17:16,517.6
2021-04-17 21:07:56,506.6
2021-04-18 07:17:16,519.0
2021-04-18 12:05:39,525.2
2021-04-18 16:00:44,517.3
2021-04-18 21:06:54,512.4
2021-04-19 07:39:56,514.4
2021-04-19 14:18:30,518.6
2021-04-19 17:11:10,516.4
2021-04-19 20:43:10,512.8
2021-04-20 15:24:19,519.7
2021-04-20 20:19:19,511.6
2021-04-21 15:09:58,519.0
2021-04-21 19:55:48,512.2
2021-04-22 07:10:31,514.0
2021-04-22 13:24:34,515.4
2021-04-22 20:53:44,513.0
2021-04-23 07:38:16,516.4
2021-04-23 15:20:18,519.6
2021-04-24 07:14:45,513.8
2021-04-24 14:06:25,517.2
2021-04-24 17:20:15,517.8
2021-04-24 21:36:44,522.2
2021-04-25 16:07:50,518.3
2021-04-25 21:19:00,511.8
2021-04-26 15:02:41,519.0
2021-04-26 21:40:20,521.8
2021-04-27 14:37:15,517.6
2021-04-28 16:18:48,516.6
2021-04-28 19:43:28,510.8
2021-04-29 00:35:25,532.2
2021-04-29 09:13:43,510.8
2021-04-29 14:35:24,516.4
2021-04-29 18:17:14,513.6
2021-04-29 21:17:44,511.4
2021-04-30 09:31:23,513.0
2021-04-30 17:04:02,520.4
2021-04-30 22:22:41,528.4
2021-05-01 16:08:16,515.2
2021-05-01 19:41:56,509.6
2021-05-02 06:34:32,519.0
2021-05-02 10:48:22,513.8
2021-05-02 15:44:16,513.2
2021-05-02 19:21:36,512.8
2021-05-03 07:05:23,519.0
2021-05-03 10:08:03,514.8
2021-05-03 13:37:07,520.6
2021-05-03 17:08:47,518.0
2021-05-03 20:20:27,509.8
2021-05-04 07:45:48,520.8
2021-05-04 11:21:30,530.4
2021-05-05 07:07:19,518.0
2021-05-05 11:24:29,510.2
2021-05-05 15:25:46,518.4
2021-05-05 19:03:26,514.8
2021-05-06 06:10:52,518.0
2021-05-06 09:37:52,517.6
2021-05-07 07:52:43,518.4
2021-05-07 12:45:50,521.0
2021-05-07 16:54:16,512.2
2021-05-07 20:39:46,512.8
2021-05-08 07:18:58,518.2
2021-05-08 13:42:58,516.0
2021-05-08 19:00:18,507.2
2021-05-09 06:57:10,517.4
2021-05-09 09:59:30,516.7
2021-05-09 14:40:35,517.0
2021-05-09 18:06:15,513.6
2021-05-09 21:57:50,526.7
2021-05-10 15:11:52,517.3
2021-05-10 18:32:12,511.2
2021-05-10 21:41:31,523.0
2021-05-11 15:28:01,519.4
2021-05-11 19:18:11,513.0
2021-05-12 06:02:33,518.4
2021-05-12 10:15:43,514.8
2021-05-12 15:10:19,520.0
2021-05-12 19:04:59,513.7
2021-05-12 22:11:54,528.8
2021-05-13 09:55:44,517.4
2021-05-13 14:23:21,518.2
2021-05-13 17:31:01,516.7
2021-05-13 21:21:31,508.7
2021-05-14 08:25:43,517.0
2021-05-14 14:21:07,517.5
2021-05-14 17:43:17,514.4
2021-05-14 21:10:47,512.0
2021-05-15 08:24:46,516.6
2021-05-15 13:58:04,516.8
2021-05-15 18:21:14,512.0
2021-05-16 05:58:48,518.4
2021-05-16 09:42:58,518.3
2021-05-16 12:43:40,528.4
2021-05-16 16:10:57,518.3
2021-05-16 19:33:07,512.4
2021-05-17 06:46:10,515.6
2021-05-17 11:03:40,513.8
2021-05-17 16:06:26,513.2
2021-05-18 00:56:42,528.4
2021-05-18 08:37:30,519.6
2021-05-18 14:28:07,519.0
2021-05-18 17:51:27,513.6
2021-05-18 20:59:07,516.0
2021-05-19 13:41:16,514.4
2021-05-19 17:07:16,516.4
2021-05-19 20:46:56,512.8
2021-05-20 14:39:48,522.4
2021-05-20 17:44:18,516.2
2021-05-21 00:01:06,525.8
2021-05-21 08:03:45,518.6
2021-05-21 11:28:45,529.8
2021-05-21 17:07:47,514.8
2021-05-21 20:36:17,513.2
2021-05-22 07:15:44,519.0
2021-05-22 10:09:34,516.1
2021-05-22 14:39:14,518.0
2021-05-22 18:10:14,512.2
2021-05-22 22:12:38,529.0
2021-05-23 15:43:27,515.2
2021-05-23 19:24:07,513.4
2021-05-23 23:49:54,528.0
2021-05-24 14:49:11,513.8
2021-05-24 17:55:11,517.4
2021-05-24 21:22:11,510.1
2021-05-25 08:02:58,512.4
2021-05-25 15:00:17,518.8
2021-05-25 19:40:17,514.8
2021-05-26 06:49:41,518.0
2021-05-26 10:49:43,528.2
2021-05-26 16:34:49,517.4
2021-05-26 20:02:09,513.2
2021-05-27 06:05:29,514.8
2021-05-27 09:42:49,517.8
2021-05-27 14:43:26,519.2
2021-05-27 21:36:51,527.4
2021-05-28 08:43:47,516.4
2021-05-28 16:03:51,515.0
2021-05-28 19:22:01,513.4
2021-05-29 06:20:31,515.5
2021-05-29 09:57:31,519.0
2021-05-29 14:15:59,515.4
2021-05-29 18:13:49,507.0
2021-05-29 23:06:42,528.2
2021-05-30 09:07:01,516.4
2021-05-30 12:41:42,526.2
2021-05-30 16:04:36,517.4
2021-05-30 19:58:06,513.2
2021-05-31 06:19:43,518.4
2021-05-31 10:21:13,518.2
2021-05-31 17:52:25,509.2
2021-06-01 06:50:16,515.4
2021-06-01 09:37:26,516.7
2021-06-01 15:54:03,514.0
2021-06-01 20:23:53,505.6
2021-06-02 08:05:00,512.8
2021-06-02 12:55:39,522.6
2021-06-02 16:02:40,515.0
2021-06-02 18:50:10,510.2
2021-06-03 05:57:37,518.6
2021-06-03 08:52:37,517.6
2021-06-03 15:16:44,516.4
2021-06-03 19:37:44,512.0
2021-06-04 06:10:35,517.8
2021-06-04 10:34:55,507.9
2021-06-04 15:38:52,518.6
2021-06-04 19:43:42,513.4
2021-06-05 06:41:20,518.0
2021-06-05 10:12:30,512.8
2021-06-05 15:50:54,520.5
2021-06-05 19:40:34,509.8
2021-06-06 06:21:55,518.6
2021-06-06 11:42:40,529.8
2021-06-06 17:06:14,517.8
2021-06-06 21:12:54,502.4
2021-06-07 08:18:41,513.8
2021-06-07 15:06:19,517.4
2021-06-07 19:55:19,512.4
2021-06-07 22:33:35,534.1
2021-06-08 10:32:40,512.8
2021-06-08 16:19:45,515.0
2021-06-08 22:00:29,512.2
2021-06-09 07:20:43,521.2
2021-06-09 13:05:42,522.7
2021-06-09 17:07:02,507.4
2021-06-09 21:34:48,521.3
2021-06-10 15:17:53,515.4
2021-06-10 20:12:25,505.8
2021-06-11 06:47:16,515.0
2021-06-11 13:32:34,518.0
2021-06-11 20:14:54,509.8
2021-06-12 06:46:42,515.4
2021-06-12 09:55:12,514.3
2021-06-12 13:59:22,517.9
2021-06-12 19:04:02,510.4
2021-06-13 00:13:16,536.2
2021-06-13 10:05:03,507.8
2021-06-13 16:50:13,518.6
2021-06-13 19:35:53,512.2
2021-06-13 23:43:21,527.4
2021-06-14 08:58:16,521.2
2021-06-14 15:16:15,518.9
2021-06-14 18:37:55,514.2
2021-06-14 22:55:32,525.0
2021-06-15 08:22:29,521.0
2021-06-15 15:05:42,519.0
2021-06-15 20:45:52,512.8
2021-06-16 18:51:41,508.2
2021-06-17 06:32:22,519.0
2021-06-17 13:48:34,518.9
2021-06-17 21:13:44,509.8
2021-06-18 11:35:14,530.8
2021-06-18 19:49:51,510.3
2021-06-19 09:05:53,518.4
2021-06-19 18:23:44,513.2
2021-06-19 23:06:34,523.2
2021-06-20 08:38:20,522.2
2021-06-20 13:17:28,519.0
2021-06-20 19:09:28,514.4
2021-06-21 06:27:01,519.0
2021-06-21 11:01:46,527.4
2021-06-21 18:44:47,508.2
2021-06-21 22:27:34,537.5
2021-06-22 11:17:03,526.8
2021-06-22 17:12:16,518.4
2021-06-22 20:35:26,512.4
2021-06-24 06:32:30,518.6
2021-06-24 14:01:51,513.4
2021-06-24 19:30:51,510.1
2021-06-25 06:48:34,512.6
2021-06-25 18:07:25,511.2
2021-06-26 05:51:46,517.3
2021-06-26 09:51:46,516.6
2021-06-26 18:05:31,513.8
2021-06-27 01:16:28,543.1
2021-06-27 17:43:08,515.4
2021-06-27 23:00:31,527.8
2021-06-28 13:47:29,519.0
2021-06-28 23:30:58,525.2
2021-06-29 09:09:48,516.7
2021-06-29 18:36:44,513.4
2021-06-29 22:03:55,525.2
2021-06-30 18:28:07,512.8
2021-07-01 07:56:50,511.6
2021-07-01 15:01:42,518.6
2021-07-01 21:29:33,523.2
2021-07-02 13:37:23,514.6
2021-07-02 20:48:43,512.8
2021-07-03 08:41:00,518.2
2021-07-03 19:59:41,512.8
2021-07-04 08:22:35,515.4
2021-07-05 06:43:28,518.0
2021-07-05 15:29:26,518.6
2021-07-05 22:49:48,512.4
2021-07-06 13:18:56,518.6
2021-07-06 19:52:36,511.6
2021-07-07 06:17:49,514.6
2021-07-07 11:34:49,511.6
2021-07-07 20:48:31,512.8
2021-07-08 19:22:55,513.2
2021-07-09 06:44:47,516.4
2021-07-09 14:12:00,532.6
2021-07-10 17:13:08,516.6
2021-07-10 23:34:17,522.9
2021-07-11 08:10:56,515.4
2021-07-11 15:27:30,519.4
2021-07-11 20:03:30,513.2
2021-07-12 06:39:59,519.0
2021-07-12 18:14:50,514.4
2021-07-12 22:51:54,521.0
2021-07-13 08:43:39,520.1
2021-07-13 20:47:30,512.8
2021-07-14 09:30:17,517.6
2021-07-14 23:17:01,525.4
2021-07-15 08:20:45,516.0
2021-07-15 20:22:31,509.8
2021-07-16 20:10:27,512.4
2021-07-17 06:34:39,519.0
2021-07-17 16:12:25,518.6
2021-07-17 22:47:44,545.7
2021-07-18 19:34:57,511.3
2021-07-19 06:57:13,517.1
2021-07-19 19:13:12,512.8
2021-07-20 10:36:40,508.8
2021-07-20 19:09:38,511.4
2021-07-20 23:09:10,529.8
2021-07-21 12:45:34,534.0
2021-07-21 21:17:09,511.4
2021-07-22 13:48:14,519.1
2021-07-22 20:32:04,508.3
2021-07-23 06:30:43,519.0
2021-07-23 15:03:20,518.6
2021-07-24 06:34:51,519.0
2021-07-24 13:25:50,519.0
2021-07-24 20:35:20,510.2
2021-07-25 07:32:02,514.0
2021-07-25 13:18:49,519.0
2021-07-25 17:09:58,518.0
2021-07-26 05:48:59,520.7
2021-07-26 14:06:41,517.6
2021-07-27 13:05:14,528.6
2021-07-27 19:55:32,512.8
2021-07-28 00:32:41,531.8
2021-07-28 10:55:57,516.8
2021-07-28 14:54:46,518.4
2021-07-28 22:58:28,521.4
2021-07-29 08:36:09,515.5
2021-07-29 15:51:00,517.0
2021-07-29 21:15:30,507.6
2021-07-30 14:57:22,518.6
2021-07-31 06:15:31,515.0
2021-07-31 12:56:12,528.8
2021-07-31 19:26:13,513.2
2021-08-01 06:01:46,517.8
2021-08-01 13:20:34,520.0
2021-08-01 20:09:24,509.9
2021-08-02 06:06:50,516.4
2021-08-02 16:06:34,516.6
2021-08-03 05:37:22,518.6
2021-08-03 15:09:14,515.8
2021-08-03 21:53:54,522.6
2021-08-04 13:33:52,518.2
2021-08-04 20:37:12,512.8
2021-08-05 12:27:45,526.4
2021-08-05 20:14:49,507.6
2021-08-05 22:34:05,549.5
2021-08-07 10:17:20,517.7
2021-08-07 18:44:31,507.6
2021-08-08 14:36:23,518.2
2021-08-08 19:09:03,513.4
2021-08-09 09:34:30,519.0
2021-08-09 22:18:59,530.7
2021-08-10 09:30:20,518.4
2021-08-10 20:13:12,513.8
2021-08-11 12:37:17,527.6
2021-08-11 16:50:03,518.9
2021-08-12 05:55:43,521.0
2021-08-12 12:31:24,528.8
2021-08-12 17:35:06,512.2
2021-08-13 06:07:03,517.2
2021-08-13 16:03:28,514.4
2021-08-14 06:24:00,518.6
2021-08-14 13:06:24,521.6
2021-08-14 19:20:04,513.2
2021-08-14 22:50:17,534.2
2021-08-15 09:07:05,518.6
2021-08-15 14:54:26,517.4
2021-08-15 19:21:16,513.2
2021-08-16 00:26:14,533.0
2021-08-16 10:34:32,516.4
2021-08-16 14:38:38,517.4
2021-08-16 21:23:12,522.9
2021-08-17 08:24:35,518.0
2021-08-17 15:52:55,521.8
2021-08-17 21:27:00,523.0
2021-08-18 11:54:10,510.8
2021-08-18 18:48:34,508.3
2021-08-19 05:50:07,520.4
2021-08-19 16:14:26,518.6
2021-08-19 23:25:12,521.6
2021-08-20 07:45:53,518.6
2021-08-20 19:13:51,513.2
2021-08-21 06:30:26,519.0
2021-08-21 13:31:16,521.0
2021-08-21 20:17:36,509.8
2021-08-22 07:02:39,517.6
2021-08-22 15:52:31,510.8
2021-08-22 20:29:51,508.1
2021-08-23 06:30:33,518.0
2021-08-23 19:40:35,511.3
2021-08-24 06:39:05,519.0
2021-08-24 20:26:52,511.6
2021-08-25 16:44:02,518.0
2021-08-26 00:16:20,527.8
2021-08-26 09:54:24,512.9
2021-08-26 18:36:21,513.2
2021-08-27 12:43:10,526.8
2021-08-28 00:20:27,531.6
2021-08-28 12:58:48,528.8
2021-08-28 21:04:55,507.8
2021-08-29 07:34:33,511.8
2021-08-29 12:57:49,528.1
2021-08-29 19:15:54,512.2
2021-08-30 06:21:32,518.6
2021-08-30 21:06:06,506.8
2021-08-31 07:35:45,514.0
2021-08-31 19:37:05,515.8
2021-09-02 06:12:40,518.0
2021-09-03 06:23:29,518.6
2021-09-04 07:29:48,516.6
2021-09-04 20:47:07,512.8
2021-09-05 13:42:34,516.4
2021-09-06 06:38:08,519.0
2021-09-06 22:55:15,546.2
2021-09-07 21:37:40,524.0
2021-09-08 20:47:55,512.8
2021-09-09 07:26:56,518.3
2021-09-09 22:35:13,529.1
2021-09-10 22:00:33,527.8
2021-09-11 16:59:18,513.4
2021-09-12 06:36:26,519.0
2021-09-12 20:50:08,513.4
2021-09-13 00:56:41,526.2
2021-09-14 06:45:10,519.0
2021-09-15 07:01:48,518.0
2021-09-16 07:17:05,519.0
2021-09-17 06:08:12,516.4
2021-09-17 14:44:17,518.6
2021-09-18 09:59:46,515.2
2021-09-19 05:59:37,518.6
2021-09-19 11:10:16,513.9
2021-09-20 07:47:48,518.6
2021-09-20 13:25:16,514.4
2021-09-20 17:00:06,517.0
2021-09-20 20:31:00,512.3
2021-09-21 07:26:54,517.6
2021-09-21 16:54:18,513.8
2021-09-22 10:38:43,507.7
2021-09-23 15:31:08,517.2
2021-09-23 18:14:08,510.8
2021-09-23 22:03:17,523.0
2021-09-24 08:31:07,518.0
2021-09-24 12:25:19,528.2
2021-09-24 16:22:38,517.8
2021-09-24 20:42:38,512.8
2021-09-25 07:34:23,513.5
2021-09-25 10:44:53,512.8
2021-09-25 17:33:17,514.5
2021-09-25 23:08:16,521.8
2021-09-26 11:08:23,511.2
2021-09-26 15:57:39,513.4
2021-09-26 19:43:39,509.4
2021-09-27 07:14:23,519.0
2021-09-27 09:55:43,511.4
2021-09-27 16:14:29,514.0
2021-09-27 21:02:02,509.2
2021-09-28 07:28:49,514.0
2021-09-28 14:23:18,518.6
2021-09-28 19:50:58,512.2
2021-09-29 06:26:25,519.0
2021-09-29 09:44:25,518.6
2021-09-29 14:32:37,519.6
2021-09-29 19:07:17,516.6
2021-09-30 08:11:09,518.0
2021-09-30 14:15:13,518.6
2021-09-30 17:42:33,509.6
2021-09-30 23:51:56,525.4
2021-10-01 08:26:01,518.6
2021-10-01 13:20:10,518.9
2021-10-01 20:01:12,511.8
2021-10-02 06:58:14,518.0
2021-10-02 11:50:31,513.4
2021-10-02 15:00:59,519.0
2021-10-02 18:14:19,509.8
2021-10-03 05:55:22,518.0
2021-10-03 09:55:22,518.4
2021-10-03 15:10:45,517.9
2021-10-03 21:05:58,508.6
2021-10-04 09:27:40,515.4
2021-10-04 14:43:06,511.8
2021-10-04 20:28:36,512.2
2021-10-05 07:57:42,517.8
2021-10-05 11:55:34,512.5
2021-10-05 17:11:36,516.4
2021-10-06 06:55:13,519.6
2021-10-06 14:38:04,518.4
2021-10-06 19:08:44,511.6
2021-10-07 07:03:14,518.6
2021-10-07 10:31:54,509.8
2021-10-08 07:56:46,519.4
2021-10-08 12:54:05,529.8
2021-10-08 16:35:24,520.0
2021-10-08 21:03:29,510.8
2021-10-09 08:16:13,518.4
2021-10-09 12:57:04,510.8
2021-10-09 17:48:36,518.0
2021-10-09 22:56:42,512.5
2021-10-10 08:40:32,512.7
2021-10-10 11:45:42,510.5
2021-10-10 16:17:23,515.4
2021-10-10 21:06:07,512.8
2021-10-11 07:56:51,519.0
2021-10-11 11:28:31,513.1
2021-10-11 15:19:45,519.4
2021-10-11 18:53:05,510.4
2021-10-12 06:35:37,519.0
2021-10-12 11:12:17,513.2
2021-10-12 16:25:45,516.0
2021-10-12 23:16:29,526.2
2021-10-13 09:43:46,511.2
2021-10-13 12:57:33,534.0
2021-10-13 16:19:06,513.0
2021-10-13 19:53:36,512.4
2021-10-14 06:37:05,519.0
2021-10-14 10:45:35,511.2
2021-10-14 15:42:09,518.2
2021-10-14 20:05:54,512.4
2021-10-15 08:31:49,518.6
2021-10-15 11:23:29,512.2
2021-10-15 16:20:34,514.7
2021-10-15 21:12:34,499.1
2021-10-16 14:47:51,517.4
2021-10-16 18:43:31,513.4
2021-10-16 21:40:54,528.4
2021-10-17 09:12:14,517.6
2021-10-17 13:35:06,518.2
2021-10-17 16:19:36,509.0
2021-10-17 20:23:46,508.4
2021-10-18 08:35:09,519.3
2021-10-18 12:29:10,527.4
2021-10-18 15:47:17,521.0
2021-10-18 19:11:57,512.4
2021-10-19 06:06:16,513.6
2021-10-19 09:37:06,517.4
2021-10-19 13:57:48,518.5
2021-10-19 17:33:18,507.3
2021-10-19 20:53:58,515.8
2021-10-20 09:30:37,515.0
2021-10-20 13:18:05,519.0
2021-10-20 16:39:45,518.0
2021-10-20 20:04:23,512.8
2021-10-21 07:08:09,518.6
2021-10-21 10:44:49,512.8
2021-10-21 14:21:55,518.6
2021-10-21 17:49:15,508.2
2021-10-21 21:09:05,507.2
2021-10-22 07:16:47,519.0
2021-10-22 10:00:07,513.5
2021-10-22 13:15:18,518.2
2021-10-22 16:03:58,517.6
2021-10-22 19:38:28,513.4
2021-10-23 00:39:21,526.2
2021-10-23 08:25:21,518.2
2021-10-23 11:49:51,502.0
2021-10-23 16:19:40,518.0
2021-10-23 20:15:50,505.3
2021-10-24 07:27:46,516.8
2021-10-24 10:32:56,515.5
2021-10-24 14:15:00,518.0
2021-10-24 17:39:40,513.2
2021-10-24 23:05:28,515.8
2021-10-25 06:58:56,512.4
2021-10-25 11:06:16,511.8
2021-10-25 14:47:07,513.4
2021-10-25 18:18:27,515.9
2021-10-25 20:58:27,516.4
2021-10-26 14:27:52,519.0
2021-10-26 18:02:32,514.2
2021-10-26 23:34:27,527.0
2021-10-27 08:20:11,513.8
2021-10-27 11:42:01,511.6
2021-10-27 15:58:01,511.2
2021-10-27 18:32:31,512.4
2021-10-27 22:40:36,529.3
2021-10-28 08:34:31,519.0
2021-10-28 11:03:11,517.8
2021-10-28 14:09:45,516.6
2021-10-28 17:55:45,514.2
2021-10-29 14:14:30,516.0
2021-10-29 18:02:30,513.2
2021-10-29 23:29:54,520.5
2021-10-30 07:49:46,518.0
2021-10-30 11:11:56,504.6
2021-10-30 14:36:57,518.4
2021-10-30 17:58:17,514.2
2021-10-30 21:48:00,525.0
2021-10-31 08:08:42,515.4
2021-10-31 11:21:22,512.0
2021-10-31 15:38:04,519.0
2021-10-31 19:09:34,511.6
2021-11-01 07:29:41,517.6
2021-11-01 11:00:31,512.2
2021-11-01 14:59:39,518.9
2021-11-01 19:45:19,508.8
2021-11-02 07:18:04,518.6
2021-11-02 11:20:24,510.9
2021-11-02 15:57:08,510.9
2021-11-02 20:08:08,507.2
2021-11-03 14:41:40,517.6
2021-11-03 18:08:40,510.5
2021-11-03 21:26:29,523.0
2021-11-04 07:29:37,519.2
2021-11-04 11:29:47,504.0
2021-11-04 16:24:25,514.0
2021-11-04 19:08:05,512.8
2021-11-05 06:08:58,517.0
2021-11-05 09:47:28,514.1
2021-11-05 13:21:44,518.4
2021-11-05 17:22:24,518.0
2021-11-05 20:25:04,510.5
2021-11-06 15:55:12,515.8
2021-11-06 19:37:02,511.6
2021-11-07 12:52:31,546.6
2021-11-07 16:01:44,516.2
2021-11-07 19:41:34,505.2
2021-11-08 06:44:11,523.0
2021-11-08 10:13:51,511.4
2021-11-08 13:12:30,518.6
2021-11-08 17:31:20,507.4
2021-11-08 20:48:03,512.8
2021-11-09 08:20:25,518.6
2021-11-09 11:44:05,510.4
2021-11-09 16:02:19,516.8
2021-11-09 19:14:29,512.8
2021-11-10 07:31:41,520.0
2021-11-10 10:48:31,512.4
2021-11-11 06:26:07,518.4
2021-11-11 10:11:47,511.8
2021-11-11 14:55:44,518.0
2021-11-11 18:32:34,512.2
2021-11-11 21:57:46,525.4
2021-11-12 16:51:06,519.6
2021-11-12 19:34:36,509.8
2021-11-13 13:17:30,518.6
2021-11-13 16:58:20,514.2
2021-11-13 19:44:10,510.6
2021-11-14 12:28:55,527.4
2021-11-14 15:58:54,517.6
2021-11-14 19:19:54,512.8
2021-11-14 22:43:04,529.8
2021-11-15 10:42:30,513.6
2021-11-15 15:00:42,518.6
2021-11-15 18:16:22,510.8
2021-11-15 21:52:11,527.6
2021-11-16 15:48:43,517.6
2021-11-16 19:02:23,511.9
2021-11-16 22:36:52,529.8
2021-11-17 10:06:25,508.2
2021-11-17 14:32:30,520.6
2021-11-17 19:31:20,505.6
2021-11-18 06:41:58,518.6
2021-11-18 09:32:48,514.4
2021-11-18 13:13:26,517.8
2021-11-18 16:27:46,514.6
2021-11-18 19:44:16,513.6
2021-11-18 22:50:18,536.2
2021-11-19 09:21:58,511.4
2021-11-19 13:50:47,518.6
2021-11-19 16:51:27,519.1
2021-11-19 20:18:37,507.4
2021-11-20 06:52:48,506.8
2021-11-20 11:29:48,512.2
2021-11-20 16:29:35,518.8
2021-11-20 20:45:35,512.6
2021-11-21 08:31:33,518.6
2021-11-21 13:48:14,518.6
2021-11-21 17:53:54,513.2
2021-11-21 20:58:44,509.8
2021-11-22 08:56:04,514.7
2021-11-22 13:51:10,519.0
2021-11-22 18:25:30,506.0
2021-11-23 07:37:43,515.4
2021-11-23 10:23:23,515.2
2021-11-23 13:29:14,516.6
2021-11-23 16:43:11,517.0
2021-11-23 20:01:41,512.2
2021-11-25 07:21:15,517.2
2021-11-25 10:46:25,513.2
2021-11-25 14:35:10,517.0
2021-11-25 17:44:00,517.2
2021-11-25 23:51:16,529.4
2021-11-26 15:08:29,512.2
2021-11-26 20:10:19,511.4
2021-11-27 07:22:58,517.6
2021-11-27 11:30:18,512.2
2021-11-27 14:47:12,510.6
2021-11-27 18:12:42,510.2
2021-11-28 06:58:02,517.6
2021-11-28 11:07:42,502.0
2021-11-28 16:48:20,518.4
2021-11-28 21:19:10,508.2
2021-11-29 14:35:43,515.8
2021-11-29 18:19:03,506.2
2021-11-29 22:49:20,513.1
2021-11-30 15:08:49,519.8
2021-11-30 18:54:19,511.4
2021-12-01 06:50:40,515.4
2021-12-01 11:10:20,511.8
2021-12-01 14:49:24,519.2
2021-12-01 18:37:04,512.8
2021-12-02 06:01:25,513.0
2021-12-02 09:40:15,517.0
2021-12-02 14:34:13,518.4
2021-12-02 18:17:23,511.7
2021-12-02 23:20:24,524.2
2021-12-03 07:53:27,518.5
2021-12-03 11:14:17,507.1
2021-12-03 15:26:33,514.4
2021-12-03 18:44:53,509.2
2021-12-04 05:46:56,518.4
2021-12-04 08:55:36,516.8
2021-12-04 12:35:57,529.0
2021-12-04 16:03:40,518.0
2021-12-04 19:38:30,509.8
2021-12-05 06:20:09,518.4
2021-12-05 09:40:29,518.0
2021-12-05 13:12:20,518.4
2021-12-05 15:42:40,520.2
2021-12-05 18:57:40,514.2
2021-12-06 06:27:49,518.6
2021-12-06 11:22:19,510.6
2021-12-06 16:24:08,517.4
2021-12-06 22:56:09,524.2
2021-12-07 08:32:45,518.4
2021-12-07 11:43:55,510.2
2021-12-07 17:27:14,504.4
2021-12-07 19:55:44,512.4
2021-12-08 07:52:06,517.6
2021-12-08 10:57:36,513.8
2021-12-08 14:24:42,518.7
2021-12-08 17:38:42,512.5
2021-12-08 21:31:12,521.8
2021-12-09 08:17:06,517.0
2021-12-09 12:32:49,528.2
2021-12-09 15:41:42,519.0
2021-12-09 19:16:02,512.6
2021-12-09 22:51:18,531.0
2021-12-10 08:53:00,513.7
2021-12-10 12:33:27,529.4
2021-12-10 16:38:41,515.2
2021-12-10 19:57:41,512.2
2021-12-11 06:42:05,515.4
2021-12-11 10:27:05,512.0
2021-12-11 15:09:30,517.4
2021-12-11 18:53:50,509.0
2021-12-11 23:03:50,528.4
2021-12-12 14:36:01,519.6
2021-12-12 17:38:51,511.6
2021-12-13 06:18:12,518.2
2021-12-13 10:07:32,509.7
2021-12-13 14:59:42,518.6
2021-12-13 18:55:12,504.6
2021-12-14 06:18:47,517.6
2021-12-14 09:41:17,515.7
2021-12-14 14:25:48,518.6
2021-12-14 17:36:18,504.0
2021-12-14 20:40:48,512.4
2021-12-15 08:14:19,510.5
2021-12-15 11:41:39,511.5
2021-12-15 14:42:48,517.4
2021-12-15 18:40:28,512.8
2021-12-16 07:25:02,510.4
2021-12-16 13:21:14,517.6
2021-12-16 18:37:04,512.8
2021-12-17 07:20:55,512.4
2021-12-17 10:19:45,512.2
2021-12-18 06:13:23,517.0
2021-12-18 09:39:43,514.2
2021-12-18 23:31:52,530.4
2021-12-19 10:19:16,514.4
2021-12-19 15:25:44,519.6
2021-12-19 20:02:14,512.4
2021-12-20 10:18:11,516.4
2021-12-20 15:05:14,519.0
2021-12-20 18:26:53,516.6
2021-12-21 06:03:42,516.3
2021-12-21 09:30:22,511.6
2021-12-21 12:57:35,534.1
2021-12-21 16:28:58,519.6
2021-12-21 20:27:08,511.6
2021-12-22 14:02:16,522.6
2021-12-22 17:36:56,513.8
2021-12-22 21:11:56,503.1
2021-12-23 14:50:45,512.4
2021-12-23 19:04:39,511.2
2021-12-24 06:15:41,512.4
2021-12-24 09:48:51,511.2
2021-12-24 15:17:13,516.2
2021-12-24 20:08:23,506.6
2021-12-25 08:26:41,516.4
2021-12-25 11:58:41,511.2
2021-12-25 16:15:12,518.4
2021-12-25 19:24:22,512.6
2021-12-25 22:15:51,530.8
2021-12-26 09:24:10,514.2
2021-12-27 06:16:05,515.2
2021-12-27 09:07:35,516.3
2021-12-27 12:20:25,528.8
2021-12-27 15:27:22,517.2
2021-12-27 19:05:12,507.2
2021-12-27 21:56:40,528.4
2021-12-28 08:24:34,516.4
2021-12-28 13:12:41,523.6
2021-12-28 16:42:30,516.3
2021-12-28 19:33:40,510.8
2021-12-28 22:59:19,537.8
2021-12-29 09:18:07,505.6
2021-12-29 13:36:38,518.4
2021-12-29 16:47:28,518.3
2021-12-29 21:11:08,510.2
2021-12-30 08:02:58,507.6
2021-12-30 12:05:51,526.2
2021-12-30 16:41:50,516.8
2021-12-30 20:08:00,517.2
2021-12-31 08:06:53,518.3
2021-12-31 11:52:23,505.5
2022-01-01 06:22:19,517.6
2022-01-01 09:06:19,514.2
2022-01-01 13:28:46,517.0
2022-01-01 16:13:56,518.6
2022-01-01 19:54:16,511.8
2022-01-02 06:31:31,517.6
2022-01-02 09:17:51,505.6
2022-01-02 13:10:28,518.6
2022-01-02 16:15:28,518.0
2022-01-02 20:17:38,512.0
2022-01-03 06:36:49,518.0
2022-01-03 09:34:09,511.8
2022-01-03 14:08:10,519.4
2022-01-03 17:13:00,511.5
2022-01-03 23:22:07,525.6
2022-01-04 08:16:28,518.0
2022-01-04 11:48:38,513.4
2022-01-04 16:36:09,512.9
2022-01-04 19:27:39,514.6
2022-01-04 22:58:36,549.6
2022-01-05 09:14:16,503.5
2022-01-05 12:51:48,531.0
2022-01-05 16:45:39,514.2
2022-01-06 10:51:03,511.8
2022-01-06 14:20:49,518.0
2022-01-06 17:40:39,510.2
2022-01-06 21:30:20,522.0
2022-01-07 07:14:48,517.9
2022-01-07 11:01:18,514.0
2022-01-07 14:40:35,517.6
2022-01-07 18:27:15,504.7
2022-01-07 23:23:21,525.2
2022-01-08 09:47:49,504.2
2022-01-08 16:04:17,517.6
2022-01-08 21:20:12,509.2
2022-01-09 07:22:15,513.2
2022-01-09 10:48:20,511.8
2022-01-09 15:05:31,522.4
2022-01-09 18:22:31,511.8
2022-01-10 06:39:18,518.0
2022-01-10 09:33:48,510.4
2022-01-10 13:19:41,519.0
2022-01-10 16:54:51,509.2
2022-01-10 19:53:21,511.8
2022-01-11 07:40:05,514.9
2022-01-11 09:58:55,510.8
2022-01-12 06:53:13,505.8
2022-01-12 09:52:03,511.5
2022-01-12 13:19:39,518.2
2022-01-12 16:27:29,518.4
2022-01-12 19:47:59,511.8
2022-01-13 06:04:26,516.2
2022-01-13 09:25:56,516.1
2022-01-14 00:32:36,529.8
2022-01-14 19:32:12,510.1
2022-01-15 06:14:14,517.0
2022-01-15 10:09:14,511.2
2022-01-15 12:37:46,531.0
2022-01-15 15:51:46,517.4
2022-01-15 18:40:16,512.8
2022-01-15 21:26:52,521.7
2022-01-16 07:44:15,518.4
2022-01-16 11:56:02,511.2
2022-01-16 16:48:58,513.8
2022-01-16 21:16:08,508.1
2022-01-17 09:52:17,505.6
2022-01-17 14:36:59,521.4
2022-01-17 17:56:19,512.4
2022-01-17 23:55:27,527.6
2022-01-18 08:21:07,512.7
2022-01-18 11:44:17,513.1
2022-01-19 06:41:04,516.6
2022-01-19 10:01:14,505.5
2022-01-19 15:11:50,514.4
2022-01-19 18:28:00,511.2
2022-01-19 21:59:51,525.6
2022-01-20 07:47:46,517.4
2022-01-20 11:33:36,511.4
2022-01-20 15:25:58,513.4
2022-01-20 17:55:28,508.6
2022-01-20 22:29:13,510.0
2022-01-21 07:30:21,518.3
2022-01-21 10:33:01,510.2
2022-01-22 07:12:02,517.6
2022-01-22 10:45:02,507.4
2022-01-22 14:29:58,518.6
2022-01-23 06:12:23,516.0
2022-01-23 09:31:43,507.6
2022-01-24 06:11:49,509.1
2022-01-24 09:16:49,499.6
2022-01-24 12:20:19,523.4
2022-01-24 16:02:03,510.4
2022-01-24 19:31:33,509.6
2022-01-25 07:17:23,518.0
2022-01-25 10:52:13,510.8
2022-01-25 15:52:21,517.4
2022-01-25 18:56:31,505.3
2022-01-25 23:04:52,550.8
2022-01-26 08:17:47,518.6
2022-01-26 11:45:37,506.7
2022-01-26 17:37:02,508.9
2022-01-26 20:00:42,512.4
2022-01-27 07:48:36,518.6
2022-01-27 11:13:46,501.2
2022-01-28 06:59:10,519.2
2022-01-28 10:13:20,511.8
2022-01-28 15:09:39,519.2
2022-01-28 18:01:49,517.5
2022-01-28 21:12:49,511.6
2022-01-29 06:54:10,511.6
2022-01-29 10:03:30,510.8
2022-01-30 14:03:56,514.5
2022-01-30 16:33:46,512.4
2022-01-30 20:00:36,511.8
2022-01-31 06:49:31,516.8
2022-01-31 11:13:51,497.4
2022-02-04 06:43:42,505.3
2022-02-04 09:49:32,512.2
2022-02-04 13:15:50,519.4
2022-02-04 17:26:40,512.2
2022-02-04 23:30:13,525.6
2022-02-05 08:26:22,516.7
2022-02-05 13:32:36,514.8
2022-02-05 16:33:16,509.6
2022-02-05 20:05:46,509.8
2022-02-06 13:45:03,513.8
2022-02-06 18:36:23,512.8
2022-02-07 08:02:27,511.8
2022-02-07 12:03:47,510.8
2022-02-07 15:50:10,516.1
2022-02-07 19:23:10,512.2
2022-02-08 06:59:01,507.8
2022-02-08 11:03:21,503.0
2022-02-08 15:49:25,515.8
2022-02-08 18:31:35,503.4
2022-02-09 07:00:30,519.2
2022-02-09 11:06:30,510.9
2022-02-09 15:20:42,513.6
2022-02-09 19:26:52,517.0
2022-02-10 06:28:39,518.0
2022-02-10 09:50:19,510.7
2022-02-10 14:21:02,519.6
2022-02-10 17:21:12,512.8
2022-02-10 20:37:42,510.2
2022-02-11 00:53:34,527.6
2022-02-11 15:51:37,520.0
2022-02-11 19:34:27,509.8
2022-02-13 07:41:47,518.2
2022-02-13 11:34:17,502.6
2022-02-13 15:31:42,518.0
2022-02-13 19:57:52,511.6
2022-02-14 14:32:32,520.0
2022-02-14 17:35:12,507.8
2022-02-14 20:25:22,512.4
2022-02-15 05:58:11,518.6
2022-02-15 09:29:11,510.6
2022-02-15 13:30:00,519.2
2022-02-15 16:54:50,511.6
2022-02-15 20:28:00,510.8
2022-02-16 07:38:47,518.6
2022-02-16 11:41:17,501.6
2022-02-16 16:40:15,510.7
2022-02-16 20:33:05,510.0
2022-02-17 12:46:57,527.8
2022-02-19 00:37:44,530.8
2022-02-19 14:58:18,518.0
2022-02-19 18:32:28,512.8
2022-02-19 22:57:39,523.2
2022-02-20 08:04:47,518.6
2022-02-20 10:56:37,503.4
2022-02-20 15:19:16,519.8
2022-02-20 18:13:46,510.8
2022-02-20 23:37:14,522.6
2022-02-21 08:31:42,519.0
2022-02-21 16:12:59,513.5
2022-02-21 20:33:39,506.0
2022-02-23 06:12:34,512.6
2022-02-23 10:19:24,505.0
2022-02-23 14:44:07,516.1
2022-02-24 19:28:30,521.2
2022-02-25 12:43:35,530.4
2022-02-25 15:49:06,517.6
2022-02-25 19:41:16,508.2
2022-02-26 07:38:07,509.6
2022-02-26 11:16:07,515.8
2022-02-27 02:23:34,527.6
2022-02-27 08:29:13,517.0
2022-02-27 12:02:02,522.3
2022-02-27 16:05:01,517.0
2022-02-27 19:41:11,515.6
2022-02-28 06:40:00,518.6
2022-02-28 11:17:30,514.0
2022-02-28 15:03:56,519.0
2022-02-28 19:24:36,512.8
2022-03-01 13:21:49,517.9
2022-03-01 17:25:59,513.2
2022-03-01 21:43:56,521.6
2022-03-02 14:07:02,518.0
2022-03-02 16:58:22,510.6
2022-03-02 19:43:12,505.2
2022-03-03 07:36:57,507.0
2022-03-03 14:46:43,519.2
2022-03-03 17:21:23,511.6
2022-03-03 20:23:43,510.8
2022-03-04 06:17:10,517.3
2022-03-04 10:01:30,505.0
2022-03-04 13:11:39,519.4
2022-03-04 16:21:19,516.6
2022-03-04 19:43:19,510.0
2022-03-05 06:19:41,515.8
2022-03-05 09:42:21,514.2
2022-03-05 13:44:07,520.3
2022-03-05 17:01:17,514.8
2022-03-05 20:31:00,510.6
2022-03-06 05:51:59,518.4
2022-03-06 09:20:29,515.0
2022-03-06 14:04:38,513.4
2022-03-06 17:55:38,513.4
2022-03-06 21:24:18,504.4
2022-03-07 07:33:48,519.1
2022-03-07 12:04:02,523.8
2022-03-07 14:53:46,518.3
2022-03-07 18:01:46,515.8
2022-03-07 21:10:56,512.8
2022-03-08 10:31:47,503.5
2022-03-10 06:03:26,512.0
2022-03-10 09:13:56,513.9
2022-03-10 16:31:23,521.0
2022-03-10 20:06:33,513.2
2022-03-11 06:01:36,513.8
2022-03-11 09:16:56,514.1
2022-03-11 14:08:49,519.0
2022-03-11 17:52:09,512.4
2022-03-11 21:20:19,504.9
2022-03-12 08:21:17,515.0
2022-03-12 11:41:47,511.2
2022-03-12 16:35:56,517.4
2022-03-12 19:39:56,509.2
2022-03-12 23:40:51,520.6
2022-03-13 07:53:20,518.0
2022-03-13 11:47:00,508.6
2022-03-13 16:18:44,517.4
2022-03-13 18:55:54,512.2
2022-03-14 06:04:56,516.6
2022-03-14 09:24:46,517.3
2022-03-14 12:50:48,532.3
2022-03-14 17:09:29,507.7
2022-03-14 20:35:39,511.8
2022-03-15 07:09:08,517.4
2022-03-15 10:55:18,512.8
2022-03-16 08:09:28,513.1
2022-03-16 13:31:14,518.4
2022-03-16 16:43:24,515.4
2022-03-16 20:57:24,512.2
2022-03-17 07:45:45,519.4
2022-03-17 11:55:45,501.8
2022-03-17 15:58:43,516.4
2022-03-17 19:20:43,512.8
2022-03-17 22:54:24,530.0
2022-03-18 08:36:34,517.2
2022-03-18 12:19:34,527.4
2022-03-18 15:32:42,518.6
2022-03-18 18:33:12,512.8
2022-03-18 23:34:24,522.6
2022-03-19 08:02:48,518.7
2022-03-19 11:15:28,505.0
2022-03-20 07:57:47,517.4
2022-03-20 11:02:57,508.2
2022-03-20 14:34:30,518.3
2022-03-20 17:51:00,515.4
2022-03-20 20:49:00,512.3
2022-03-21 01:15:07,524.1
2022-03-21 08:33:00,519.0
2022-03-21 14:42:03,518.2
2022-03-21 17:17:03,518.0
2022-03-21 20:35:13,513.2
2022-03-22 07:06:42,517.6
2022-03-22 10:54:12,512.8
2022-03-22 14:24:38,517.2
2022-03-22 18:11:28,513.4
2022-03-22 21:06:58,509.0
2022-03-23 07:47:57,513.0
2022-03-23 11:19:37,511.4
2022-03-23 15:28:47,517.4
2022-03-23 19:00:47,505.2
2022-03-24 06:08:50,516.6
2022-03-24 09:20:12,514.0
2022-03-24 13:17:06,520.0
2022-03-24 16:28:56,510.4
2022-03-24 19:12:16,511.3
2022-03-25 00:07:08,522.0
2022-03-25 07:25:55,517.6
2022-03-25 11:29:35,508.8
2022-03-25 14:32:14,520.0
2022-03-25 18:15:44,514.8
2022-03-25 22:21:58,522.6
2022-03-26 09:44:15,513.3
2022-03-26 14:51:19,517.4
2022-03-26 20:46:06,512.4
2022-03-27 06:42:15,519.0
2022-03-27 10:40:05,511.8
2022-03-27 13:57:49,514.8
2022-03-27 17:50:09,519.0
2022-03-27 20:48:59,512.0
2022-03-28 07:27:39,513.6
2022-03-28 11:33:09,508.6
2022-03-29 07:10:14,518.6
2022-03-29 10:30:04,512.2
2022-03-29 13:42:51,518.4
2022-03-29 16:50:51,514.6
2022-03-29 20:17:11,511.6
2022-03-30 06:16:01,516.6
2022-03-30 09:37:11,512.2
2022-03-30 13:53:04,516.0
2022-03-30 16:49:04,517.3
2022-03-30 20:35:34,512.8
2022-03-31 09:56:53,511.6
2022-03-31 14:20:38,519.0
2022-03-31 19:37:58,514.0
2022-04-01 07:37:19,521.0
2022-04-01 10:27:09,513.8
2022-04-01 13:42:39,518.4
2022-04-01 17:07:29,513.0
2022-04-01 20:49:49,512.2
2022-04-02 07:28:28,518.2
2022-04-02 10:53:18,511.8
2022-04-02 15:14:47,511.6
2022-04-02 19:09:47,518.6
2022-04-02 23:39:38,524.1
2022-04-04 06:24:16,518.6
2022-04-04 09:48:06,508.2
2022-04-04 12:53:32,528.8
2022-04-04 16:35:51,514.8
2022-04-04 19:01:51,508.2
2022-04-05 07:21:51,511.8
2022-04-05 11:15:41,515.9
2022-04-05 16:08:41,515.0
2022-04-05 19:36:11,509.8
2022-04-06 07:23:37,517.2
2022-04-06 11:25:37,504.0
2022-04-07 07:58:16,517.6
2022-04-08 13:12:34,514.8
2022-04-08 16:35:24,508.2
2022-04-08 20:36:34,510.0
2022-04-09 08:19:25,510.6
2022-04-09 11:54:45,509.8
2022-04-09 15:02:31,519.0
2022-04-09 18:51:21,513.4
2022-04-09 23:19:39,521.6
2022-04-10 07:53:35,518.9
2022-04-10 10:59:05,512.2
2022-04-10 13:51:50,519.4
2022-04-10 17:33:50,510.0
2022-04-10 20:40:10,512.2
2022-04-11 05:49:49,519.0
2022-04-11 09:59:49,512.6
2022-04-11 13:18:42,519.0
2022-04-11 17:21:42,513.4
2022-04-11 20:27:32,507.4
2022-04-12 06:44:41,518.6
2022-04-12 09:57:01,513.2
2022-04-12 18:42:50,509.2
2022-04-12 23:05:07,523.6
2022-04-13 15:38:12,518.8
2022-04-13 19:06:02,512.9
2022-04-14 05:56:15,515.7
2022-04-14 09:47:35,514.4
2022-04-14 13:08:15,527.3
2022-04-14 16:42:15,515.8
2022-04-14 19:35:35,510.2
2022-04-15 06:30:03,519.0
2022-04-15 09:39:13,514.5
2022-04-15 14:18:24,518.6
2022-04-15 17:49:24,515.2
2022-04-15 21:04:54,507.6
2022-04-16 09:10:52,517.8
2022-04-17 06:58:16,514.0
2022-04-17 10:18:46,511.8
2022-04-17 14:00:00,519.4
2022-04-17 17:34:20,511.8
2022-04-17 20:21:00,505.8
2022-04-18 06:28:37,518.4
2022-04-18 09:36:57,513.0
2022-04-18 14:02:51,512.8
2022-04-18 17:48:11,512.8
2022-04-18 21:10:21,503.6
2022-04-19 09:09:01,513.2
2022-04-19 14:45:15,517.2
2022-04-19 19:28:35,514.0
2022-04-20 08:08:30,510.6
2022-04-20 12:30:15,527.4
2022-04-21 07:33:34,521.2
2022-04-21 11:35:44,509.2
2022-04-21 15:38:33,519.0
2022-04-21 19:44:23,512.0
2022-04-22 05:59:24,515.4
2022-04-22 09:55:34,510.8
2022-04-22 14:51:14,516.6
2022-04-22 17:50:44,512.6
2022-04-22 21:15:44,511.6
2022-04-23 08:28:50,518.4
2022-04-23 11:41:30,512.2
2022-04-23 14:21:32,518.6
2022-04-23 17:49:32,511.8
2022-04-23 20:53:54,511.4
2022-04-24 07:40:21,510.8
2022-04-24 12:00:38,522.6
2022-04-24 15:12:02,519.6
2022-04-24 18:19:22,509.4
2022-04-24 21:17:22,509.6
2022-04-25 07:11:54,518.2
2022-04-25 11:28:34,511.6
2022-04-25 15:06:06,514.6
2022-04-25 18:27:36,511.4
2022-04-25 23:25:19,523.6
2022-04-26 16:03:01,519.0
2022-04-26 19:49:51,511.2
2022-04-27 07:22:10,519.2
2022-04-27 10:38:20,507.0
2022-04-28 06:35:05,519.0
2022-04-28 10:15:55,513.0
2022-04-30 06:01:25,519.0
2022-04-30 10:09:15,511.2
2022-04-30 13:11:12,524.9
2022-04-30 16:39:26,520.7
2022-04-30 20:42:36,512.4
2022-05-01 08:11:08,514.1
2022-05-01 11:35:38,511.6
2022-05-01 15:14:13,513.4
2022-05-01 18:43:03,507.2
2022-05-02 06:37:33,519.0
2022-05-02 09:40:03,512.8
2022-05-02 12:41:38,531.8
2022-05-02 15:26:25,517.9
2022-05-02 19:15:45,512.4
2022-05-02 23:03:30,529.4
2022-05-03 09:01:41,517.8
2022-05-03 12:12:55,523.4
2022-05-03 15:53:11,515.2
2022-05-03 18:56:41,509.1
2022-05-04 06:34:56,518.9
2022-05-04 10:30:36,502.0
2022-05-04 15:08:37,517.8
2022-05-04 18:25:37,512.4
2022-05-04 21:07:47,504.8
2022-05-05 06:44:39,521.6
2022-05-05 10:21:39,509.0
2022-05-05 14:26:27,518.8
2022-05-05 17:27:57,512.4
2022-05-06 13:27:44,517.8
2022-05-06 17:35:44,512.4
2022-05-06 21:07:24,503.3
2022-05-07 09:23:15,515.2
2022-05-07 15:08:41,517.6
2022-05-07 19:52:41,507.2
2022-05-08 08:20:46,516.4
2022-05-08 11:18:06,508.6
2022-05-08 15:02:18,519.0
2022-05-08 19:29:13,510.4
2022-05-09 06:46:01,512.4
2022-05-09 11:30:32,512.2
2022-05-09 16:43:01,515.2
2022-05-09 20:45:41,512.6
2022-05-10 07:37:53,516.6
2022-05-10 11:13:23,510.8
2022-05-11 07:30:09,515.8
2022-05-11 10:36:09,506.6
2022-05-11 14:42:13,515.7
2022-05-11 18:51:13,512.2
2022-05-12 06:21:12,518.6
2022-05-12 09:24:22,513.7
2022-05-13 06:37:50,519.0
2022-05-13 09:54:20,507.6
2022-05-13 14:16:24,516.5
2022-05-13 19:21:50,527.6
2022-05-14 15:05:50,520.4
2022-05-14 18:30:50,515.4
2022-05-14 23:13:44,525.0
2022-05-15 08:19:08,513.0
2022-05-15 11:51:38,509.1
2022-05-15 16:21:20,517.4
2022-05-15 20:08:20,509.0
2022-05-16 06:05:35,517.4
2022-05-16 09:03:15,516.9
2022-05-16 13:45:04,521.6
2022-05-16 16:32:54,515.7
2022-05-16 19:20:44,512.6
2022-05-17 06:20:19,517.0
2022-05-17 10:22:59,511.8
2022-05-17 14:49:13,515.4
2022-05-17 18:19:13,513.4
2022-05-17 21:03:03,506.5
2022-05-18 07:19:31,519.0
2022-05-18 10:47:41,512.0
2022-05-18 15:24:00,515.4
2022-05-18 19:08:30,512.6
2022-05-18 23:48:04,527.8
2022-05-19 13:11:04,525.6
2022-05-19 17:13:44,512.4
2022-05-19 20:20:24,513.6
2022-05-20 07:54:15,518.6
2022-05-20 11:19:55,510.0
2022-05-20 15:22:31,519.0
2022-05-20 18:28:11,507.4
2022-05-21 05:56:10,519.0
2022-05-21 09:53:26,512.2
2022-05-21 14:44:17,515.2
2022-05-21 18:31:47,513.0
2022-05-21 23:23:28,523.0
2022-05-22 08:27:09,518.4
2022-05-22 11:21:49,516.8
2022-05-22 15:15:48,516.4
2022-05-22 19:18:28,512.8
2022-05-23 06:50:09,519.2
2022-05-23 09:48:39,507.2
2022-05-23 14:50:10,517.4
2022-05-23 18:28:00,513.2
2022-05-24 06:59:25,518.0
2022-05-24 11:36:57,504.0
2022-05-24 16:01:27,518.5
2022-05-24 19:24:07,513.2
2022-05-25 07:06:23,512.2
2022-05-25 10:54:13,513.2
2022-05-25 15:59:29,515.6
2022-05-25 19:56:29,512.8
2022-05-26 07:08:00,515.0
2022-05-26 10:19:50,513.4
2022-05-26 15:10:49,514.4
2022-05-26 18:23:29,517.0
2022-05-28 05:34:01,515.8
2022-05-28 09:29:54,513.4
2022-05-28 14:12:51,518.4
2022-05-28 17:20:51,513.8
2022-05-28 20:43:51,511.4
2022-05-30 07:25:02,519.0
2022-05-30 11:16:22,506.8
2022-05-30 16:32:32,513.8
2022-05-30 20:24:22,509.6
2022-05-31 12:42:01,518.6
2022-05-31 16:16:57,513.2
2022-05-31 19:30:27,508.2
2022-06-01 05:52:39,514.8
2022-06-01 08:59:59,516.0
2022-06-01 14:03:47,519.0
2022-06-01 17:20:37,513.6
2022-06-01 20:27:27,511.7
2022-06-02 07:19:32,519.0
2022-06-02 11:12:02,508.6
2022-06-02 17:12:02,517.2
2022-06-02 20:23:42,512.4
2022-06-03 06:44:09,519.0
2022-06-03 09:38:59,510.8
2022-06-03 13:18:16,519.1
2022-06-03 16:13:06,518.8
2022-06-03 19:35:32,511.8
2022-06-03 23:47:00,535.7
2022-06-04 08:59:09,515.0
2022-06-04 14:00:17,513.8
2022-06-04 16:42:17,517.8
2022-06-04 19:55:37,512.8
2022-06-05 06:17:59,518.6
2022-06-05 11:27:42,527.2
2022-06-05 16:20:00,518.2
2022-06-05 20:22:40,512.2
2022-06-06 07:31:08,512.0
2022-06-06 10:59:25,525.5
2022-06-06 16:09:31,518.0
2022-06-06 19:25:11,512.8
2022-06-07 14:38:37,518.2
2022-06-07 18:20:31,514.0
2022-06-08 23:12:00,528.2
2022-06-09 10:08:59,512.6
2022-06-09 14:11:14,518.0
2022-06-09 17:13:34,513.8
2022-06-09 20:10:14,511.6
2022-06-10 08:34:13,519.0
2022-06-10 11:14:03,513.2
2022-06-10 15:31:23,518.2
2022-06-10 19:35:03,508.5
2022-06-11 13:21:05,519.5
2022-06-11 16:54:45,507.8
2022-06-11 19:50:05,515.0
2022-06-12 07:16:02,519.0
2022-06-12 10:52:02,512.8
2022-06-12 16:15:57,514.8
2022-06-12 20:18:47,508.3
2022-06-13 06:32:22,519.0
2022-06-13 09:40:32,513.2
2022-06-14 00:54:06,526.5
2022-06-14 08:25:57,510.8
2022-06-14 13:18:58,519.1
2022-06-14 17:08:08,511.6
2022-06-14 20:19:28,508.2
2022-06-15 06:30:29,519.0
2022-06-15 10:26:39,508.0
2022-06-15 14:06:49,517.6
2022-06-15 19:28:09,513.4
2022-06-16 06:16:52,517.6
2022-06-16 09:18:02,510.4
2022-06-16 13:47:01,518.0
2022-06-16 17:23:31,513.4
2022-06-16 20:42:21,512.2
2022-06-17 14:45:13,515.8
2022-06-17 18:58:03,515.4
2022-06-18 06:46:00,519.6
2022-06-18 13:36:26,517.6
2022-06-18 17:12:46,511.6
2022-06-18 21:15:46,502.9
2022-06-20 01:00:29,542.2
2022-06-20 09:07:53,517.3
2022-06-21 06:04:25,515.9
2022-06-21 09:41:45,513.2
2022-06-21 13:05:18,528.8
2022-06-21 17:28:42,513.2
2022-06-21 20:37:52,512.1
2022-06-22 09:55:24,515.6
2022-06-22 16:43:50,513.6
2022-06-22 20:43:30,511.6
2022-06-23 08:23:44,520.0
2022-06-23 12:10:24,512.8
2022-06-23 17:47:04,512.4
2022-06-24 00:27:54,527.2
2022-06-24 09:15:42,514.4
2022-06-24 12:46:09,529.1
2022-06-24 15:36:13,518.4
2022-06-24 19:07:33,506.2
2022-06-25 07:04:36,517.2
2022-06-25 11:32:06,508.0
2022-06-26 07:12:12,519.0
2022-06-26 10:58:12,514.4
2022-06-26 14:12:12,512.6
2022-06-26 17:31:22,509.0
2022-06-26 19:47:32,508.8
2022-06-27 13:49:46,519.0
2022-06-27 16:57:46,514.4
2022-06-27 20:49:46,511.6
2022-06-28 07:25:22,514.8
2022-06-28 11:44:52,510.4
2022-06-28 16:50:50,517.8
2022-06-28 19:43:10,508.2
2022-06-29 06:23:06,518.6
2022-06-29 09:25:26,511.8
2022-06-30 06:43:40,512.2
2022-06-30 12:20:54,518.0
2022-06-30 16:25:12,510.2
2022-06-30 20:27:42,504.8
2022-07-01 06:16:19,518.0
2022-07-01 09:40:09,513.4
2022-07-01 13:20:36,519.0
2022-07-01 16:21:56,512.4
2022-07-01 19:58:16,511.9
2022-07-02 00:53:50,538.2
2022-07-02 09:05:06,517.4
2022-07-02 12:31:31,527.5
2022-07-02 17:07:39,517.0
2022-07-02 20:08:49,511.2
2022-07-03 08:05:52,515.8
2022-07-03 12:15:46,525.2
2022-07-03 15:11:29,514.2
2022-07-03 19:01:29,512.8
2022-07-04 06:47:52,517.4
2022-07-04 10:35:52,507.8
2022-07-04 14:59:10,518.6
2022-07-04 18:13:30,511.3
2022-07-04 21:25:50,499.0
2022-07-05 07:23:03,514.6
2022-07-05 11:29:43,513.6
2022-07-05 16:26:57,513.8
2022-07-05 21:05:27,510.4
2022-07-06 08:49:36,515.9
2022-07-06 13:39:23,518.0
2022-07-06 17:04:23,509.0
2022-07-06 20:57:33,510.2
2022-07-07 07:10:18,518.6
2022-07-07 11:16:18,505.6
2022-07-07 16:14:15,514.6
2022-07-07 20:17:05,507.6
2022-07-08 07:23:13,515.8
2022-07-08 10:48:43,513.2
2022-07-08 15:30:08,518.6
2022-07-08 19:31:04,510.2
2022-07-09 18:12:45,518.2
2022-07-09 21:29:25,514.6
2022-07-10 09:02:15,518.4
2022-07-10 23:10:11,523.6
2022-07-11 08:02:08,522.6
2022-07-11 10:46:48,511.6
2022-07-11 15:55:49,518.4
2022-07-11 18:59:29,509.2
2022-07-12 00:07:56,523.9
2022-07-12 09:15:38,512.6
2022-07-12 12:27:04,525.8
2022-07-12 16:32:21,515.8
2022-07-12 19:57:21,512.8
2022-07-13 06:21:28,518.9
2022-07-13 09:57:08,513.9
2022-07-13 13:37:17,515.8
2022-07-13 16:17:07,520.4
2022-07-13 19:28:17,515.6
2022-07-14 08:10:36,517.4
2022-07-15 06:07:10,517.6
2022-07-15 09:05:40,517.7
2022-07-15 13:32:08,515.4
2022-07-15 17:05:18,514.2
2022-07-15 20:03:38,513.2
2022-07-15 22:41:08,526.8
2022-07-16 09:10:26,516.4
2022-07-16 14:19:48,516.6
2022-07-16 18:05:18,511.8
2022-07-16 20:57:38,508.9
2022-07-17 09:12:41,520.0
2022-07-18 06:02:19,517.0
2022-07-18 08:45:09,517.2
2022-07-18 13:17:03,519.2
2022-07-18 17:09:03,511.2
2022-07-18 20:38:13,512.8
2022-07-19 08:23:13,513.8
2022-07-19 11:09:43,506.6
2022-07-19 14:54:11,517.8
2022-07-19 18:29:51,512.2
2022-07-20 00:24:09,527.8
2022-07-20 08:15:28,516.4
2022-07-20 11:53:08,509.8
2022-07-20 15:36:48,518.6
2022-07-20 18:44:30,512.2
2022-07-21 06:20:02,518.6
2022-07-21 09:16:32,514.5
2022-07-21 12:46:57,530.2
2022-07-21 16:25:27,510.2
2022-07-21 19:34:27,511.1
2022-07-22 06:01:43,514.4
2022-07-22 09:57:53,513.2
2022-07-22 17:11:19,509.2
2022-07-22 19:58:09,512.8
2022-07-23 06:45:03,513.0
2022-07-23 10:18:13,512.8
2022-07-23 14:08:15,516.8
2022-07-23 18:47:46,508.7
2022-07-24 00:42:48,525.5
2022-07-24 09:51:20,510.6
2022-07-24 12:35:05,528.1
2022-07-24 16:08:45,518.0
2022-07-24 19:31:05,508.6
2022-07-25 07:14:14,519.0
2022-07-25 10:27:24,502.4
2022-07-25 14:06:35,519.0
2022-07-25 17:29:45,506.9
2022-07-25 21:06:45,505.0
2022-07-26 07:08:21,518.4
2022-07-26 10:20:51,512.8
2022-07-26 15:58:46,519.8
2022-07-27 12:27:06,527.8
2022-07-27 16:07:36,517.4
2022-07-27 19:26:56,514.2
2022-07-28 00:55:23,531.4
2022-07-28 09:24:07,513.4
2022-07-28 14:07:10,516.8
2022-07-28 16:59:50,511.4
2022-07-28 20:58:50,501.8
2022-07-29 07:23:26,512.8
2022-07-29 11:42:16,513.4
2022-07-29 16:27:00,510.5
2022-07-29 20:00:30,512.8
2022-07-30 00:54:17,533.4
2022-07-30 09:07:14,511.9
2022-07-30 14:09:19,512.6
2022-07-30 17:31:59,511.8
2022-07-30 20:54:59,513.0
2022-07-31 08:04:22,510.6
2022-07-31 11:55:22,511.8
2022-07-31 16:42:09,515.0
2022-07-31 20:11:34,507.5
2022-08-01 05:45:19,520.7
2022-08-01 09:36:55,512.8
2022-08-01 14:30:54,519.0
2022-08-01 17:31:54,505.9
2022-08-01 20:48:54,512.4
2022-08-02 23:39:39,523.3
2022-08-03 08:23:41,514.6
2022-08-03 10:41:01,510.5
2022-08-03 13:57:37,518.2
2022-08-03 17:08:37,512.8
2022-08-03 20:22:17,509.8
2022-08-04 08:01:06,519.0
2022-08-04 12:39:44,527.8
2022-08-04 16:52:48,515.0
2022-08-05 07:37:55,519.2
2022-08-05 10:29:15,511.9
2022-08-05 14:18:57,516.4
2022-08-05 17:32:07,511.2
2022-08-05 20:42:07,512.2
2022-08-06 07:37:09,518.6
2022-08-06 11:35:39,508.9
2022-08-06 16:31:27,518.8
2022-08-06 20:13:12,510.4
2022-08-07 08:02:28,515.6
2022-08-07 12:10:44,523.3
2022-08-07 16:21:11,516.5
2022-08-07 20:12:21,513.2
2022-08-08 06:33:43,519.0
2022-08-08 11:57:51,521.6
2022-08-08 15:25:01,519.8
2022-08-08 20:02:51,512.8
2022-08-09 07:16:02,519.0
2022-08-09 10:08:02,505.4
2022-08-09 14:24:48,516.8
2022-08-09 17:49:48,514.9
2022-08-09 21:25:38,507.9
2022-08-10 10:12:05,512.9
2022-08-10 14:54:26,518.9
2022-08-10 18:51:56,517.2
2022-08-11 00:29:19,526.2
2022-08-11 08:28:48,518.7
2022-08-11 11:32:08,509.8
2022-08-11 15:20:28,516.0
2022-08-11 18:52:58,515.6
2022-08-11 23:01:04,521.6
2022-08-12 08:03:55,514.0
2022-08-12 11:28:55,508.2
2022-08-12 15:59:15,524.0
2022-08-12 18:27:45,512.6
2022-08-13 00:25:04,522.6
2022-08-13 08:24:05,518.2
2022-08-13 11:32:25,510.8
2022-08-13 16:21:40,511.3
2022-08-13 20:14:00,508.2
2022-08-14 07:45:17,518.6
2022-08-14 10:39:37,513.8
2022-08-14 15:23:19,519.0
2022-08-14 19:23:19,512.8
2022-08-14 23:24:03,523.6
2022-08-15 08:21:32,514.2
2022-08-15 11:49:42,513.4
2022-08-15 20:23:14,515.1
2022-08-17 14:01:22,513.2
2022-08-18 05:55:12,518.6
2022-08-18 08:58:02,515.9
2022-08-18 11:48:32,515.2
2022-08-18 15:09:38,515.2
2022-08-18 18:41:48,513.4
2022-08-18 23:12:25,521.0
2022-08-19 08:48:45,516.0
2022-08-19 15:12:22,513.6
2022-08-19 19:27:22,514.6
2022-08-20 07:06:38,524.0
2022-08-20 09:36:18,509.6
2022-08-20 13:26:01,518.2
2022-08-20 16:35:41,512.8
2022-08-20 19:41:11,514.0
2022-08-20 23:43:10,524.4
2022-08-21 07:28:36,519.4
2022-08-21 11:28:26,512.8
2022-08-21 15:44:56,516.0
2022-08-21 19:31:26,510.8
2022-08-22 05:40:00,517.0
2022-08-22 09:48:34,507.8
2022-08-22 14:02:29,516.4
2022-08-22 17:30:59,510.0
2022-08-22 20:21:29,511.6
2022-08-23 08:02:20,517.4
2022-08-23 14:42:45,521.9
2022-08-23 19:13:45,510.8
2022-08-24 06:36:08,519.2
2022-08-24 10:40:28,509.4
2022-08-24 13:55:04,517.4
2022-08-24 17:26:34,511.6
2022-08-24 20:31:44,510.9
2022-08-25 07:16:11,519.0
2022-08-25 11:06:24,515.4
2022-08-25 15:33:22,511.4
2022-08-25 18:53:12,507.8
2022-08-26 01:07:17,529.1
2022-08-26 09:19:40,509.0
2022-08-26 12:44:57,528.8
2022-08-26 16:00:25,513.2
2022-08-26 19:12:35,512.2
2022-08-27 06:21:52,518.6
2022-08-27 09:33:12,508.2
2022-08-27 14:08:40,514.4
2022-08-27 18:04:30,513.6
2022-08-27 21:00:30,509.4
2022-08-28 09:05:33,512.2
2022-08-28 11:47:43,505.9
2022-08-28 15:29:01,519.2
2022-08-28 18:58:47,507.6
2022-08-29 07:06:00,515.8
2022-08-29 10:04:30,513.4
2022-08-29 13:35:02,515.4
2022-08-29 17:21:12,513.2
2022-08-29 20:16:52,507.8
2022-08-30 00:43:58,527.8
2022-08-30 08:23:07,516.6
2022-08-30 12:18:31,524.0
2022-08-30 16:30:09,515.1
2022-08-30 20:02:09,513.2
2022-08-31 06:54:47,518.8
2022-08-31 10:42:17,510.0
2022-08-31 15:12:15,513.4
2022-08-31 18:22:05,511.6
2022-09-01 06:30:35,519.0
2022-09-01 09:07:15,513.2
2022-09-01 23:56:57,521.6
2022-09-02 08:47:16,518.4
2022-09-02 12:48:09,532.4
2022-09-02 17:36:07,506.0
2022-09-02 21:27:27,504.8
2022-09-03 09:42:18,514.2
2022-09-03 14:17:06,515.8
2022-09-03 18:08:56,514.8
2022-09-03 23:57:36,524.1
2022-09-04 08:41:38,518.2
2022-09-04 11:53:18,511.8
2022-09-05 09:28:46,509.8
2022-09-05 15:00:31,518.9
2022-09-05 19:21:31,512.8
2022-09-06 06:44:52,514.4
2022-09-06 09:42:42,513.2
2022-09-07 11:27:45,526.2
2022-09-07 16:50:39,519.6
2022-09-07 20:05:39,516.0
2022-09-08 08:02:11,520.4
2022-09-08 10:59:01,510.8
2022-09-08 15:44:59,517.7
2022-09-08 18:29:29,512.8
2022-09-08 23:46:11,532.1
2022-09-09 08:32:17,519.4
2022-09-09 11:45:08,505.6
2022-09-09 14:28:21,519.0
2022-09-09 18:28:01,505.0
2022-09-09 22:47:27,519.6
2022-09-10 11:23:42,512.8
2022-09-10 18:03:37,512.8
2022-09-11 06:48:03,512.8
2022-09-11 10:59:03,514.4
2022-09-11 15:42:19,519.8
2022-09-11 19:14:19,512.4
2022-09-11 23:56:17,524.8
2022-09-12 08:03:00,511.8
2022-09-12 10:45:50,506.2
2022-09-12 14:50:07,518.6
2022-09-12 17:32:17,511.8
2022-09-12 21:14:37,510.2
2022-09-13 08:29:32,515.2
2022-09-13 11:19:13,511.8
2022-09-13 14:58:02,519.0
2022-09-13 18:30:22,513.2
2022-09-13 23:36:54,519.6
2022-09-14 09:01:40,517.6
2022-09-14 13:28:00,517.4
2022-09-14 17:51:00,509.6
2022-09-14 20:53:10,512.7
2022-09-15 08:04:31,519.2
2022-09-16 07:12:15,518.0
2022-09-16 11:08:05,506.0
2022-09-16 15:17:42,513.4
2022-09-16 19:33:52,508.8
2022-09-17 07:20:02,520.0
2022-09-17 10:43:02,515.4
2022-09-17 14:09:14,518.8
2022-09-17 17:54:54,513.2
2022-09-18 05:32:59,520.8
2022-09-18 09:00:26,517.1
2022-09-18 12:39:39,529.0
2022-09-18 16:38:50,513.2
2022-09-18 20:26:10,509.8
2022-09-19 09:20:18,513.6
2022-09-19 13:41:14,518.0
2022-09-19 18:04:04,512.2
2022-09-20 06:05:11,518.0
2022-09-20 11:34:21,511.0
2022-09-20 16:32:47,512.6
2022-09-20 22:39:50,522.7
2022-09-21 15:32:44,518.4
2022-09-21 19:06:34,508.8
2022-09-22 01:02:23,525.2
2022-09-22 08:36:44,518.0
2022-09-22 13:26:53,518.0
2022-09-22 16:24:03,516.9
2022-09-22 19:46:13,508.0
2022-09-23 06:44:37,517.4
2022-09-23 12:05:56,523.5
2022-09-23 16:28:53,513.6
2022-09-23 19:32:53,508.4
2022-09-23 23:15:43,529.5
2022-09-24 08:35:18,517.2
2022-09-24 12:49:19,524.2
2022-09-24 16:39:01,517.4
2022-09-24 19:47:31,508.8
2022-09-25 09:05:32,516.1
2022-09-25 13:47:14,517.0
2022-09-25 17:28:44,509.7
2022-09-25 20:45:14,511.4
2022-09-26 08:28:14,516.8
2022-09-26 13:34:59,514.0
2022-09-26 18:19:09,506.0
2022-09-27 00:39:41,520.3
2022-09-27 07:32:21,519.8
2022-09-27 11:06:01,509.6
2022-09-27 14:12:58,517.0
2022-09-27 17:52:28,505.0
2022-09-27 21:20:28,506.9
2022-09-28 08:11:00,513.2
2022-09-28 12:04:20,511.8
2022-09-28 20:11:56,504.2
2022-09-29 07:02:35,518.0
2022-09-29 11:40:55,509.4
2022-09-29 16:17:40,518.4
2022-09-29 20:40:20,512.4
2022-09-30 08:21:46,516.4
2022-09-30 11:44:06,507.6
2022-09-30 15:03:28,519.0
2022-09-30 18:18:38,505.1
2022-09-30 21:18:18,503.6
2022-10-01 08:25:19,518.4
2022-10-01 11:48:19,508.1
2022-10-01 16:39:04,506.6
2022-10-01 19:47:24,511.2
2022-10-02 06:07:23,517.4
2022-10-02 09:28:03,516.7
2022-10-02 14:01:41,518.2
2022-10-02 17:56:31,513.4
2022-10-03 05:35:10,514.4
2022-10-03 08:00:50,513.2
2022-10-03 11:31:40,510.2
2022-10-03 15:21:22,516.2
2022-10-03 18:52:52,509.6
2022-10-04 00:23:42,527.8
2022-10-04 09:20:50,516.5
2022-10-04 12:44:08,530.0
2022-10-04 15:59:30,517.4
2022-10-04 19:26:10,513.0
2022-10-05 07:05:03,518.6
2022-10-05 11:18:53,511.0
2022-10-05 15:26:39,516.0
2022-10-05 18:41:09,513.4
2022-10-05 23:43:32,523.2
2022-10-06 08:37:10,514.6
2022-10-06 13:45:49,521.0
2022-10-06 16:28:09,514.5
2022-10-06 20:16:59,507.2
2022-10-07 07:55:14,515.2
2022-10-07 11:18:04,505.6
2022-10-07 16:07:34,514.6
2022-10-07 20:11:24,513.2
2022-10-08 06:33:41,519.0
2022-10-08 09:34:51,512.6
2022-10-08 14:16:21,523.2
2022-10-08 17:39:31,506.2
2022-10-08 20:37:01,511.1
2022-10-09 06:47:25,514.4
2022-10-09 10:44:55,511.2
2022-10-09 14:22:19,515.4
2022-10-09 17:29:09,507.6
2022-10-09 20:54:19,507.9
2022-10-10 13:43:47,519.6
2022-10-11 15:11:05,516.0
2022-10-11 18:48:55,500.5
2022-10-12 06:30:30,518.9
2022-10-12 10:12:30,507.0
2022-10-13 00:05:05,529.6
2022-10-13 09:20:08,520.1
2022-10-13 14:11:02,520.6
2022-10-13 18:02:52,510.8
2022-10-14 13:17:19,519.0
2022-10-14 16:53:39,513.9
2022-10-14 20:25:09,512.8
2022-10-15 07:18:00,518.6
2022-10-15 13:07:47,523.3
2022-10-15 16:52:57,515.4
2022-10-15 21:09:07,504.4
2022-10-16 15:10:52,516.5
2022-10-16 18:44:12,513.1
2022-10-16 21:21:52,502.2
2022-10-17 06:49:59,516.8
2022-10-17 10:38:19,507.8
2022-10-17 13:43:13,518.6
2022-10-17 16:29:53,510.4
2022-10-17 20:25:13,510.6
2022-10-18 07:11:18,518.6
2022-10-18 10:52:58,512.2
2022-10-19 00:37:42,532.4
2022-10-19 08:50:54,507.6
2022-10-19 13:33:22,513.0
2022-10-19 17:16:22,512.2
2022-10-19 20:15:32,505.6
2022-10-20 07:33:24,519.0
2022-10-20 10:27:14,509.6
2022-10-20 15:17:41,513.8
2022-10-20 19:00:01,508.2
2022-10-21 07:32:09,517.1
2022-10-21 13:38:42,512.8
2022-10-21 18:13:52,503.6
2022-10-22 00:32:11,530.8
2022-10-22 09:06:01,515.9
2022-10-22 12:36:11,528.2
2022-10-22 15:25:51,515.8
2022-10-22 18:42:21,513.2
2022-10-22 22:54:54,527.6
2022-10-23 16:48:43,513.4
2022-10-23 21:04:16,499.2
2022-10-24 07:52:43,518.4
2022-10-24 13:19:16,520.0
2022-10-24 18:32:26,510.2
2022-10-25 07:20:17,519.6
2022-10-25 10:20:07,513.9
2022-10-26 06:47:15,516.2
2022-10-26 10:11:25,517.4
2022-10-26 15:01:45,519.0
2022-10-26 18:52:05,510.4
2022-10-27 06:45:21,514.2
2022-10-27 09:35:41,506.2
2022-10-27 14:38:28,520.6
2022-10-27 18:27:38,511.0
2022-10-28 06:48:01,513.0
2022-10-28 10:06:11,511.8
2022-10-28 14:15:47,518.6
2022-10-28 17:30:17,507.6
2022-10-28 20:36:17,505.8
2022-10-29 06:18:46,518.4
2022-10-29 08:57:16,512.8
2022-10-29 12:01:38,511.4
2022-10-30 08:56:31,519.4
2022-10-30 14:12:26,515.2
2022-10-30 19:09:26,512.6
2022-10-31 08:02:16,511.0
2022-10-31 12:28:55,527.6
2022-10-31 15:27:40,516.2
2022-10-31 18:23:00,511.6
2022-10-31 23:57:50,521.8
2022-11-01 08:00:36,516.4
2022-11-01 10:56:56,514.0
2022-11-01 14:50:48,517.6
2022-11-01 18:04:08,513.4
2022-11-01 21:49:09,521.6
2022-11-02 08:02:31,511.1
2022-11-02 11:19:51,509.8
2022-11-02 15:14:31,514.2
2022-11-02 18:27:01,511.6
2022-11-02 21:27:01,516.6
2022-11-03 08:19:21,516.2
2022-11-03 11:25:21,511.8
2022-11-03 16:03:09,515.4
2022-11-03 19:17:29,511.8
2022-11-04 06:27:54,518.6
2022-11-04 09:56:34,509.6
2022-11-04 15:23:41,512.0
2022-11-04 18:41:21,512.8
2022-11-04 23:41:02,521.6
2022-11-05 08:37:30,516.8
2022-11-05 14:04:40,512.6
2022-11-05 18:06:50,510.8
2022-11-06 00:19:46,529.9
2022-11-06 08:44:35,514.0
2022-11-06 11:27:55,510.3
2022-11-06 16:16:22,516.9
2022-11-06 19:34:22,509.4
2022-11-07 00:29:25,535.0
2022-11-07 10:05:15,504.6
2022-11-07 16:16:41,513.7
2022-11-07 20:55:01,513.4
2022-11-08 09:10:24,511.6
2022-11-08 13:43:11,513.0
2022-11-08 18:14:11,511.2
2022-11-09 00:49:17,530.2
2022-11-09 09:50:00,517.1
2022-11-09 14:34:44,516.6
2022-11-09 17:40:34,514.8
2022-11-09 21:13:54,508.8
2022-11-10 07:54:15,517.6
2022-11-10 10:54:25,511.2
2022-11-10 13:35:48,516.4
2022-11-10 17:42:08,512.3
2022-11-10 20:58:28,510.0
2022-11-11 07:07:13,518.6
2022-11-11 10:24:03,512.2
2022-11-12 13:51:58,519.0
2022-11-12 16:44:58,513.4
2022-11-12 19:53:18,512.2
2022-11-13 15:21:39,518.0
2022-11-13 18:54:39,511.4
2022-11-15 00:40:22,530.4
2022-11-15 16:41:14,513.5
2022-11-15 20:41:04,511.6
2022-11-17 08:34:38,511.3
2022-11-17 22:34:29,523.9
2022-11-18 08:26:53,514.3
2022-11-18 11:39:13,509.8
2022-11-18 14:49:47,522.8
2022-11-18 18:24:47,509.9
2022-11-18 23:03:10,519.2
2022-11-19 07:47:08,518.0
2022-11-19 11:43:58,510.5
2022-11-20 07:46:35,517.0
2022-11-20 10:31:05,510.4
2022-11-20 14:48:25,510.4
2022-11-20 18:20:05,504.1
2022-11-21 01:30:00,521.1
2022-11-21 06:34:36,518.7
2022-11-21 09:58:56,507.2
2022-11-21 13:28:39,510.4
2022-11-21 16:28:39,508.2
2022-11-21 20:18:09,509.0
2022-11-22 07:10:21,517.6
2022-11-22 11:22:31,510.6
2022-11-22 16:07:46,514.8
2022-11-22 21:05:36,501.7
2022-11-23 06:05:42,514.4
2022-11-23 09:42:48,512.4
2022-11-24 23:41:02,524.3
2022-11-25 09:08:01,510.8
2022-11-25 14:58:25,518.6
2022-11-25 18:45:35,511.0
2022-11-26 05:41:00,513.8
2022-11-26 09:38:50,509.2
2022-11-26 14:34:17,519.0
2022-11-26 17:49:47,511.3
2022-11-26 23:46:20,520.6
2022-11-27 07:23:13,512.6
2022-11-27 10:34:13,508.8
2022-11-27 14:46:39,520.2
2022-11-27 17:56:39,511.8
2022-11-27 21:04:49,501.6
2022-11-28 08:33:43,512.1
2022-11-29 00:02:55,530.0
2022-11-29 08:35:27,508.0
2022-11-29 12:21:40,525.2
2022-11-29 15:24:39,517.6
2022-11-29 19:20:49,512.4
2022-11-30 07:31:27,516.0
2022-11-30 11:07:27,507.6
2022-11-30 15:58:19,516.0
2022-11-30 20:57:59,512.5
2022-12-01 09:19:38,501.8
2022-12-02 06:32:16,514.4
2022-12-02 09:32:36,511.9
2022-12-02 13:34:05,518.0
2022-12-02 16:17:05,517.3
2022-12-02 19:51:15,511.8
2022-12-03 14:43:03,512.8
2022-12-03 18:13:03,515.8
2022-12-03 21:05:53,509.4
2022-12-04 09:01:25,512.7
2022-12-04 12:05:02,525.2
2022-12-04 15:13:46,514.4
2022-12-04 18:26:16,511.2
2022-12-04 21:59:42,527.5
2022-12-05 08:15:47,513.2
2022-12-05 11:00:47,504.4
2022-12-05 14:47:19,517.4
2022-12-05 19:06:39,509.9
2022-12-05 23:17:23,520.5
2022-12-06 07:13:36,518.0
2022-12-06 10:35:16,511.2
2022-12-06 14:22:05,518.6
2022-12-06 18:04:05,514.8
2022-12-06 21:52:54,527.0
2022-12-07 14:08:14,516.0
2022-12-07 17:27:14,510.9
2022-12-07 20:20:44,507.8
2022-12-08 06:51:11,516.0
2022-12-08 10:36:41,511.6
2022-12-10 05:53:27,517.4
2022-12-10 09:30:57,509.5
2022-12-10 14:29:40,519.0
2022-12-10 17:38:50,510.8
2022-12-10 21:10:10,509.5
2022-12-11 09:05:51,512.6
2022-12-11 13:14:34,517.4
2022-12-11 16:46:14,513.6
2022-12-11 19:32:04,509.0
2022-12-13 00:07:58,521.6
2022-12-13 07:34:14,506.4
2022-12-13 10:30:54,510.2
2022-12-14 07:05:25,518.0
2022-12-14 10:26:05,506.2
2022-12-14 14:40:40,517.0
2022-12-14 17:53:00,512.6
2022-12-15 11:57:37,511.8
2022-12-15 16:13:00,516.2
2022-12-15 19:25:30,512.4
2022-12-16 13:40:22,517.0
2022-12-16 17:21:22,511.2
2022-12-16 21:26:30,522.0
2022-12-17 07:49:20,517.4
2022-12-17 11:38:50,510.3
2022-12-17 16:45:58,512.8
2022-12-17 20:28:58,506.8
2022-12-18 08:53:00,514.5
2022-12-18 11:47:40,509.0
2022-12-18 16:41:40,512.3
2022-12-18 20:44:50,510.6
2022-12-19 07:34:57,514.6
2022-12-19 10:58:27,512.2
2022-12-19 15:35:31,518.4
2022-12-19 19:37:51,512.2
2022-12-20 07:49:16,517.4
2022-12-20 11:29:06,508.8
2022-12-20 15:27:24,514.0
2022-12-20 19:06:04,510.5
2022-12-21 06:14:36,515.6
2022-12-21 09:45:26,513.2
2022-12-21 13:24:07,516.0
2022-12-21 16:35:27,509.4
2022-12-21 20:03:37,511.8
2022-12-22 07:47:49,518.6
2022-12-22 11:30:19,510.8
2022-12-22 15:02:42,518.6
2022-12-22 18:04:22,509.8
2022-12-22 23:03:56,527.2
2022-12-23 08:52:21,512.2
2022-12-23 23:42:04,537.7
2022-12-25 09:50:14,510.4
2022-12-25 13:15:54,518.0
2022-12-25 16:47:14,514.0
2022-12-25 20:27:54,510.2
2022-12-26 08:13:09,513.0
2022-12-26 11:28:59,510.2
2022-12-26 14:42:20,518.2
2022-12-26 17:27:00,512.8
2022-12-27 06:03:21,516.6
2022-12-27 09:37:51,513.2
2022-12-27 13:43:46,518.2
2022-12-27 18:00:36,512.4
2022-12-27 22:58:51,521.0
2022-12-28 14:28:13,518.8
2022-12-28 18:18:23,510.6
2022-12-28 23:11:49,525.6
2022-12-29 08:08:48,516.4
2022-12-29 11:28:48,511.8
2022-12-29 15:36:15,517.1
2022-12-29 18:54:55,510.6
2022-12-29 23:31:18,535.4
2022-12-30 09:54:57,500.5
2022-12-30 12:41:13,529.8
2022-12-30 16:50:27,512.4
2022-12-30 19:41:57,505.8
2022-12-31 07:21:54,513.2
2022-12-31 11:09:34,505.8
2022-12-31 14:40:10,518.0
2022-12-31 17:30:10,514.8
2022-12-31 20:26:00,510.0
2023-01-01 07:36:16,507.5
2023-01-01 10:21:46,506.6
2023-01-01 15:09:03,516.4
2023-01-01 19:01:53,512.2
2023-01-02 06:49:29,513.3
2023-01-02 10:22:59,505.6
2023-01-02 14:00:17,517.6
2023-01-02 16:40:37,512.6
2023-01-02 19:19:37,512.2
2023-01-03 06:14:16,522.0
2023-01-03 09:51:26,506.9
2023-01-03 14:50:41,516.4
2023-01-03 17:50:11,511.4
2023-01-03 20:57:51,515.4
2023-01-04 14:34:16,518.0
2023-01-04 18:04:06,504.6
2023-01-04 23:23:56,524.2
2023-01-05 08:46:00,514.0
2023-01-05 11:32:10,496.8
2023-01-05 15:25:28,520.4
2023-01-05 19:20:38,512.5
2023-01-06 07:37:11,516.4
2023-01-06 11:38:31,513.2
2023-01-06 21:49:28,517.9
2023-01-07 14:14:30,517.1
2023-01-07 17:44:20,510.2
2023-01-07 21:11:20,492.8
2023-01-08 14:58:12,513.0
2023-01-08 18:11:32,508.4
2023-01-09 12:01:33,518.2
2023-01-09 15:09:33,510.4
2023-01-09 17:59:13,511.8
2023-01-09 21:03:33,490.9
2023-01-11 12:55:20,520.8
2023-01-11 15:06:00,509.1
2023-01-11 18:22:50,502.8
2023-01-11 21:11:00,492.7
2023-01-12 15:25:25,506.0
2023-01-12 18:58:45,510.3
2023-01-12 23:28:22,528.4
2023-01-13 14:13:54,507.8
2023-01-13 17:46:24,510.0
2023-01-13 21:45:34,515.9
2023-01-14 13:10:00,517.3
2023-01-14 16:14:22,538.9
2023-01-15 14:49:29,512.6
2023-01-15 17:41:11,507.0
2023-01-15 22:54:15,523.4
2023-01-19 13:21:09,520.6
2023-01-19 17:04:09,503.6
2023-01-19 20:32:49,503.6
2023-01-20 12:44:28,507.9
2023-01-20 16:26:28,503.4
2023-01-20 20:04:58,506.4
2023-01-25 12:33:31,515.4
2023-01-25 15:21:51,506.4
2023-01-25 18:35:01,510.4
2023-01-25 23:45:01,525.8
2023-01-26 14:35:26,518.4
2023-01-26 17:49:36,510.8
2023-01-27 11:55:16,517.0
2023-01-27 15:45:36,516.2
2023-01-27 18:48:46,500.2
2023-01-28 00:08:41,523.6
2023-01-29 12:28:04,516.4
2023-01-29 15:41:14,513.8
2023-01-29 18:50:44,508.0
2023-01-29 22:58:50,517.4
2023-01-30 13:43:45,510.3
2023-01-30 16:18:05,509.8
2023-01-30 19:43:35,504.2
2023-01-30 22:42:02,525.6
2023-01-31 14:16:29,517.0
2023-01-31 17:44:19,506.6
2023-01-31 21:03:09,502.6
2023-02-01 13:25:32,515.0
2023-02-01 16:35:02,507.4
2023-02-01 18:59:52,509.9
2023-02-02 12:16:57,514.6
2023-02-02 16:35:47,507.6
2023-02-02 20:49:27,504.7
2023-02-03 13:52:43,518.4
2023-02-03 17:31:33,506.8
2023-02-03 21:46:01,522.1
2023-02-04 15:18:49,513.8
2023-02-04 20:08:19,501.0
2023-02-05 12:08:16,517.0
2023-02-05 16:00:46,504.8
2023-02-05 20:36:36,505.3
2023-02-06 11:46:34,517.0
2023-02-06 15:32:54,512.2
2023-02-06 20:11:34,500.7
2023-02-07 14:36:11,514.0
2023-02-07 18:25:21,510.2
2023-02-07 21:58:35,521.0
2023-02-08 13:23:31,520.2
2023-02-08 17:47:38,507.0
2023-02-08 21:24:17,492.9
2023-02-09 14:47:56,514.0
2023-02-09 18:22:16,505.9
2023-02-09 20:43:36,505.7
2023-02-10 00:10:26,535.2
2023-02-10 14:48:32,508.8
2023-02-10 18:33:52,510.1
2023-02-11 00:19:36,521.2
2023-02-11 13:28:13,517.4
2023-02-11 16:49:23,512.4
2023-02-13 13:23:36,507.2
2023-02-13 16:29:26,511.2
2023-02-13 19:31:06,505.9
2023-02-13 23:55:49,527.2
2023-02-14 15:06:27,508.1
2023-02-14 18:10:37,508.8
2023-02-14 23:25:51,521.7
2023-02-15 14:54:01,508.6
2023-02-15 18:18:31,512.3
2023-02-15 21:54:46,518.9
2023-02-16 14:16:53,514.4
2023-02-16 19:14:03,512.2
2023-02-17 00:44:44,524.4
2023-02-17 14:37:17,515.9
2023-02-17 17:44:47,511.8
2023-02-18 13:19:04,518.2
2023-02-18 15:29:44,505.6
2023-02-18 19:28:22,530.4
2023-02-19 13:21:31,518.6
2023-02-19 16:26:11,511.9
2023-02-19 20:06:51,507.0
2023-02-20 12:17:29,515.4
2023-02-20 15:39:39,513.2
2023-02-20 19:29:49,505.4
2023-02-21 12:38:16,519.0
2023-02-21 18:03:26,514.2
2023-02-22 13:09:09,515.0
2023-02-22 15:51:29,508.0
2023-02-22 18:57:29,504.5
2023-02-22 23:44:03,515.1
2023-02-23 16:20:08,505.6
2023-02-23 20:23:45,498.4
2023-02-23 23:46:55,530.3
2023-02-24 18:06:20,498.8
2023-02-25 12:42:29,518.2
2023-02-25 15:16:09,509.4
2023-02-25 18:33:39,511.0
2023-02-25 21:30:03,506.8
2023-02-27 12:05:30,518.6
2023-02-27 16:21:10,508.6
2023-02-27 21:11:40,498.0
2023-02-28 12:08:11,518.4
2023-02-28 15:53:31,514.0
2023-02-28 18:56:31,505.6
2023-02-28 22:39:51,528.8
2023-03-01 16:11:00,512.6
2023-03-01 20:22:40,495.8
2023-03-02 12:13:37,517.1
2023-03-02 15:42:57,513.6
2023-03-02 19:43:37,502.3
2023-03-02 22:45:15,529.8
2023-03-03 15:03:54,515.2
2023-03-03 17:45:34,511.6
2023-03-03 21:00:54,505.3
2023-03-04 00:12:42,528.2
2023-03-05 12:37:09,518.0
2023-03-05 16:36:49,515.4
2023-03-05 21:13:29,496.3
2023-03-06 23:16:27,518.6
2023-03-07 13:45:13,515.8
2023-03-07 18:22:20,512.2
2023-03-07 21:37:00,518.3
2023-03-08 13:05:16,518.6
2023-03-08 18:47:51,508.4
2023-03-08 23:31:13,520.6
2023-03-09 13:48:10,518.0
2023-03-09 16:47:50,512.6
2023-03-09 20:00:20,505.4
2023-03-10 00:08:53,529.8
2023-03-10 15:12:14,509.4
2023-03-10 18:45:34,512.4
2023-03-10 23:13:53,515.8
2023-03-11 08:45:59,507.0
2023-03-11 15:01:10,515.4
2023-03-11 18:26:50,506.0
2023-03-11 23:09:15,534.5
2023-03-12 14:52:06,514.6
2023-03-12 18:06:16,501.8
2023-03-12 21:34:56,500.1
2023-03-13 13:03:44,522.6
2023-03-13 16:33:44,511.8
2023-03-13 20:19:14,499.7
2023-03-13 23:35:26,525.8
2023-03-14 14:19:17,518.0
2023-03-14 17:34:57,508.0
2023-03-14 21:27:17,496.4
2023-03-15 13:05:22,515.0
2023-03-15 16:24:12,503.0
2023-03-15 19:38:12,507.5
2023-03-16 17:08:39,516.2
2023-03-16 20:46:59,513.2
2023-03-17 13:56:43,518.8
2023-03-17 17:11:53,506.0
2023-03-17 20:18:33,504.2
2023-03-18 00:18:43,529.0
2023-03-18 14:56:32,514.1
2023-03-18 18:18:22,509.6
2023-03-18 22:20:34,516.6
2023-03-19 12:54:27,514.4
2023-03-19 16:04:47,516.4
2023-03-19 18:42:37,511.2
2023-03-19 21:42:32,512.2
2023-03-20 13:17:55,518.6
2023-03-20 17:51:35,508.4
2023-03-20 21:29:29,506.3
2023-03-21 06:41:21,516.3
2023-03-21 10:07:31,511.8
2023-03-21 14:13:14,512.9
2023-03-21 16:43:34,512.4
2023-03-21 20:41:14,504.7
2023-03-22 22:55:51,514.9
2023-03-23 12:28:55,520.4
2023-03-23 15:27:45,511.6
2023-03-23 18:53:45,510.6
2023-03-23 22:08:20,534.8
2023-03-24 09:08:50,512.8
2023-03-24 12:43:00,511.8
2023-03-24 19:47:04,518.6
2023-03-25 13:55:10,518.6
2023-03-25 16:31:10,512.8
2023-03-25 20:00:30,506.4
2023-03-26 12:07:43,518.0
2023-03-26 16:48:13,512.4
2023-03-26 20:34:03,502.1
2023-03-27 01:33:43,526.2
2023-03-27 14:29:14,514.3
2023-03-27 17:35:14,508.6
2023-03-27 21:24:14,494.0
2023-03-28 13:16:35,518.6
2023-03-28 17:11:45,511.4
2023-03-28 21:19:55,492.5
2023-03-29 13:37:53,516.0
2023-03-29 16:53:33,503.7
2023-03-29 19:24:03,508.0
2023-03-29 23:13:44,522.0
2023-03-30 14:20:51,515.8
2023-03-30 18:50:01,506.4
2023-03-31 12:22:21,516.6
2023-03-31 16:03:31,506.6
2023-03-31 19:31:51,501.2
2023-04-01 12:29:19,514.6
2023-04-01 15:48:29,512.2
2023-04-01 19:15:19,508.0
2023-04-01 23:58:55,520.6
2023-04-02 15:08:41,506.6
2023-04-02 18:52:41,505.0
2023-04-02 22:18:04,499.2
2023-04-03 13:12:41,518.3
2023-04-03 16:32:11,510.9
2023-04-03 20:01:41,506.4
2023-04-04 12:17:13,517.0
2023-04-04 16:18:13,510.0
2023-04-04 20:33:03,502.2
2023-04-05 01:06:58,547.7
2023-04-05 15:17:31,509.2
2023-04-05 18:32:01,512.2
2023-04-05 21:29:49,509.3
2023-04-06 12:27:50,518.4
2023-04-06 15:55:40,508.1
2023-04-06 18:36:20,511.1
2023-04-07 12:16:38,548.4
2023-04-07 17:02:22,507.4
2023-04-07 20:30:12,508.1
2023-04-08 13:02:10,515.4
2023-04-08 18:07:00,508.2
2023-04-09 05:03:16,526.3
2023-04-09 15:09:19,513.8
2023-04-09 20:28:19,503.6
2023-04-10 15:03:25,514.3
2023-04-10 18:28:55,507.8
2023-04-10 23:12:37,518.4
2023-04-11 13:10:11,518.4
2023-04-11 16:40:51,512.2
2023-04-11 19:37:21,507.2
2023-04-11 23:39:15,525.4
2023-04-12 14:27:30,516.2
2023-04-12 18:06:50,510.8
2023-04-12 23:56:06,523.8
2023-04-13 14:53:44,508.8
2023-04-13 19:42:04,503.8
2023-04-14 14:21:54,517.3
2023-04-14 17:35:14,504.8
2023-04-14 20:47:04,505.2
2023-04-14 23:56:49,526.2
2023-04-16 12:27:12,516.0
2023-04-16 15:56:52,508.0
2023-04-16 19:20:32,509.2
2023-04-17 11:52:05,518.0
2023-04-17 14:57:05,515.0
2023-04-17 17:55:45,512.4
2023-04-17 21:11:05,499.3
2023-04-18 13:56:01,519.2
2023-04-19 17:50:52,531.4
2023-04-20 09:05:34,515.9
2023-04-20 12:59:34,508.6
2023-04-21 13:56:50,517.6
2023-04-21 16:48:30,512.8
2023-04-21 19:32:30,507.7
2023-04-22 13:02:09,514.8
2023-04-22 16:54:39,510.2
2023-04-22 20:27:09,502.6
2023-04-23 14:29:09,518.4
2023-04-23 17:48:39,513.2
2023-04-23 20:12:39,506.6
2023-04-23 23:56:11,526.4
2023-04-24 15:50:37,512.4
2023-04-24 19:12:37,509.2
2023-04-24 23:06:13,520.2
2023-04-25 16:02:27,515.0
2023-04-25 20:38:17,503.2
2023-04-26 12:33:45,518.7
2023-04-26 16:31:15,514.4
2023-04-26 19:39:55,502.1
2023-04-26 23:00:07,521.2
2023-04-27 13:56:13,518.8
2023-04-27 17:06:23,505.0
2023-04-27 20:34:43,501.6
2023-04-28 12:41:12,519.0
2023-04-28 18:26:22,506.2
2023-04-28 23:50:16,520.9
2023-04-29 13:43:22,518.2
2023-04-29 16:32:42,508.0
2023-04-29 19:39:32,509.8
2023-04-29 23:09:11,522.0
2023-04-30 15:20:58,509.6
2023-04-30 19:29:18,507.6
2023-05-01 12:03:41,518.5
2023-05-01 17:44:39,509.4
2023-05-02 00:03:55,545.0
2023-05-02 15:11:05,512.8
2023-05-02 19:29:55,504.5
2023-05-02 22:40:16,520.6
2023-05-03 13:49:43,518.6
2023-05-03 17:07:03,507.8
2023-05-03 20:36:13,505.7
2023-05-04 00:23:16,520.4
2023-05-04 13:17:34,519.0
2023-05-04 17:23:34,512.2
2023-05-04 20:19:24,502.8
2023-05-05 13:23:17,518.8
2023-05-05 16:59:57,512.6
2023-05-05 20:07:57,505.2
2023-05-05 23:46:47,525.4
2023-05-06 15:48:51,513.8
2023-05-06 22:54:47,520.8
2023-05-07 13:52:11,519.0
2023-05-07 16:51:21,514.4
2023-05-07 20:31:51,501.4
2023-05-08 01:15:03,542.6
2023-05-08 15:40:38,512.4
2023-05-08 19:37:08,504.8
2023-05-09 14:02:46,518.4
2023-05-09 17:32:06,512.2
2023-05-09 21:34:20,509.1
2023-05-10 12:44:33,516.4
2023-05-10 16:25:33,512.2
2023-05-10 20:10:03,505.4
2023-05-10 23:23:16,520.2
2023-05-12 20:17:04,497.3
2023-05-13 14:20:53,515.4
2023-05-14 12:57:19,513.7
2023-05-14 16:21:09,513.2
2023-05-14 19:33:09,506.8
2023-05-14 23:05:43,521.6
2023-05-15 16:13:13,512.2
2023-05-15 20:22:43,501.6
2023-05-16 14:44:35,517.1
2023-05-16 23:39:01,523.2
2023-05-17 22:33:33,522.5
2023-05-18 18:34:51,509.4
2023-05-18 22:08:37,513.9
2023-05-19 12:02:16,519.0
2023-05-19 15:44:26,507.0
2023-05-19 19:51:06,505.8
2023-05-20 00:35:59,526.2
2023-05-20 08:24:56,516.8
2023-05-20 12:09:14,518.4
2023-05-21 06:00:40,518.4
2023-05-21 09:19:10,511.2
2023-05-21 14:07:05,512.4
2023-05-21 17:47:25,514.4
2023-05-21 21:17:35,502.2
2023-05-22 12:59:54,517.4
2023-05-22 17:11:34,506.4
2023-05-22 20:56:34,503.6
2023-05-23 12:21:42,517.0
2023-05-23 15:36:52,513.4
2023-05-23 19:25:02,507.8
2023-05-23 23:08:09,520.6
2023-05-24 13:26:03,518.4
2023-05-24 16:44:03,512.8
2023-05-24 20:15:53,505.5
2023-05-25 11:57:23,515.8
2023-05-25 14:58:13,513.9
2023-05-25 18:09:33,511.6
2023-05-25 22:32:57,508.5
2023-05-26 23:19:47,520.2
2023-05-28 00:01:01,525.9
2023-05-28 14:41:57,513.9
2023-05-28 17:40:57,512.6
2023-05-28 21:07:27,503.6
2023-05-29 12:25:30,517.0
2023-05-29 16:36:30,514.4
2023-05-29 19:28:20,510.9
2023-05-29 23:09:51,519.8
2023-05-30 13:46:54,519.0
2023-05-30 17:32:44,509.6
2023-05-30 20:55:54,507.4
2023-05-31 12:28:16,513.9
2023-05-31 17:00:16,513.8
2023-05-31 20:52:56,505.3
2023-06-01 08:32:49,519.2
2023-06-01 13:40:10,514.9
2023-06-01 17:01:19,513.1
2023-06-01 20:23:59,504.4
2023-06-02 00:10:58,539.9
2023-06-02 15:40:07,513.8
2023-06-02 18:58:37,510.2
2023-06-02 22:56:28,519.9
2023-06-03 13:30:11,517.7
2023-06-03 17:03:21,515.0
2023-06-03 19:59:11,508.4
2023-06-03 23:53:18,525.8
2023-06-04 14:10:28,516.0
2023-06-04 17:50:38,512.6
2023-06-04 20:34:48,505.8
2023-06-05 14:24:58,517.6
2023-06-05 17:47:08,512.2
2023-06-05 21:05:28,503.0
2023-06-06 11:28:18,519.6
2023-06-06 15:14:17,509.6
2023-06-06 18:56:17,510.2
2023-06-07 00:28:15,522.5
2023-06-07 14:04:22,517.4
2023-06-07 17:57:27,513.4
2023-06-07 22:41:22,523.2
2023-06-08 15:13:04,503.8
2023-06-08 17:52:14,510.6
2023-06-09 12:58:42,518.2
2023-06-09 17:39:10,536.6
2023-06-10 12:07:02,518.6
2023-06-10 15:19:32,512.8
2023-06-10 18:36:42,511.8
2023-06-10 21:45:52,499.6
2023-06-11 12:19:00,517.5
2023-06-11 14:36:20,522.3
2023-06-11 17:31:30,506.4
2023-06-11 20:59:00,501.7
2023-06-12 12:09:01,517.4
2023-06-12 15:35:51,512.6
2023-06-12 19:10:41,506.4
2023-06-13 00:03:40,521.0
2023-06-13 13:48:28,518.0
2023-06-13 18:49:08,505.7
2023-06-14 13:38:57,516.6
2023-06-14 17:05:07,511.6
2023-06-14 20:53:27,509.1
2023-06-15 00:18:07,527.2
2023-06-15 13:58:34,515.4
2023-06-15 16:37:24,505.0
2023-06-15 20:32:54,501.9
2023-06-16 12:03:39,519.4
2023-06-16 15:09:09,513.0
2023-06-16 18:27:49,512.4
2023-06-16 21:56:17,516.2
2023-06-17 12:49:02,514.8
2023-06-17 15:40:12,513.4
2023-06-17 18:35:32,512.1
2023-06-17 21:36:31,511.1
2023-06-18 12:52:44,515.4
2023-06-18 16:54:54,513.6
2023-06-18 20:03:34,508.8
2023-06-19 11:50:20,517.0
2023-06-19 14:56:10,511.8
2023-06-19 18:57:10,506.1
2023-06-19 22:10:41,520.0
2023-06-20 22:37:41,520.6
2023-06-21 12:57:17,517.3
2023-06-21 15:27:37,509.9
2023-06-21 18:52:47,510.9
2023-06-22 13:20:15,519.0
2023-06-22 17:16:55,512.4
2023-06-22 21:36:22,509.7
2023-06-23 13:11:17,518.4
2023-06-24 23:02:41,519.3
2023-06-25 13:06:58,517.6
2023-06-25 16:23:08,508.8
2023-06-25 19:32:08,502.3
2023-06-25 23:21:59,524.6
2023-06-26 14:19:32,517.3
2023-06-26 18:22:52,508.0
2023-06-26 21:02:42,496.2
2023-06-27 12:21:22,517.8
2023-06-27 16:01:02,510.8
2023-06-27 20:50:32,503.7
2023-06-28 12:04:48,519.0
2023-06-28 15:35:18,513.2
2023-06-28 18:54:18,507.7
2023-06-28 22:24:39,520.0
2023-06-29 12:58:47,519.6
2023-06-29 16:14:37,512.4
2023-06-29 19:47:37,503.0
2023-06-29 23:44:57,520.6
2023-06-30 07:55:57,513.8
2023-06-30 11:24:47,511.2
2023-06-30 16:16:56,526.6
2023-07-01 14:49:46,514.2
2023-07-01 18:21:46,509.1
2023-07-01 22:07:27,516.1
2023-07-02 13:24:58,518.8
2023-07-02 19:46:28,504.7
2023-07-03 11:51:14,519.4
2023-07-03 14:58:24,513.6
2023-07-03 18:04:34,512.8
2023-07-03 22:16:14,498.7
2023-07-04 13:18:12,519.0
2023-07-04 17:19:42,512.4
2023-07-04 21:03:02,504.5
2023-07-05 15:12:30,509.4
2023-07-05 18:41:40,507.9
2023-07-06 13:37:30,513.4
2023-07-06 17:16:40,512.2
2023-07-06 20:35:50,504.7
2023-07-07 13:04:08,516.8
2023-07-07 16:02:38,509.6
2023-07-08 14:05:49,520.0
2023-07-08 17:03:39,514.2
2023-07-08 20:20:19,503.2
2023-07-08 23:47:31,525.8
2023-07-09 14:47:26,513.5
2023-07-09 18:03:46,512.6
2023-07-09 22:50:49,512.7
2023-07-10 13:56:09,515.3
2023-07-10 17:12:59,505.9
2023-07-10 21:14:39,495.4
2023-07-11 06:49:51,518.6
2023-07-11 09:56:21,512.2
2023-07-11 13:18:51,507.5
2023-07-12 09:59:34,510.0
2023-07-12 13:49:51,518.6
2023-07-13 07:49:17,517.0
2023-07-13 11:17:57,506.5
2023-07-13 15:56:19,519.0
2023-07-14 14:03:46,513.0
2023-07-14 18:21:06,505.4
2023-07-14 21:39:21,511.7
2023-07-15 12:41:58,519.0
2023-07-15 17:10:38,508.2
2023-07-15 23:28:04,520.4
2023-07-16 13:15:17,518.8
2023-07-16 16:56:57,512.6
2023-07-16 20:14:17,504.8
2023-07-16 23:41:43,525.6
2023-07-17 14:51:49,514.5
2023-07-17 19:08:59,503.9
2023-07-17 22:58:12,521.2
2023-07-18 12:26:37,519.4
2023-07-18 15:35:32,513.2
2023-07-18 18:36:12,511.3
2023-07-18 21:18:42,494.8
2023-07-19 12:11:36,515.3
2023-07-19 17:51:16,506.4
2023-07-19 21:04:56,505.6
2023-07-20 11:46:26,519.8
2023-07-20 15:06:56,506.4
2023-07-20 17:55:46,512.2
2023-07-20 22:16:09,512.9
2023-07-21 12:13:42,515.4
2023-07-21 16:57:12,508.0
2023-07-21 20:53:32,504.5
2023-07-22 22:24:46,520.2
2023-07-23 13:26:29,523.2
2023-07-23 16:37:49,511.8
2023-07-25 13:51:28,518.6
2023-07-25 18:06:18,509.3
2023-07-25 22:15:00,520.2
2023-07-26 14:02:44,523.2
2023-07-26 17:34:44,505.0
2023-07-26 21:06:24,501.1
2023-07-27 12:28:01,512.4
2023-07-27 17:55:31,511.6
2023-07-28 00:07:38,528.8
2023-07-29 16:13:14,512.8
2023-07-29 20:43:54,505.3
2023-07-30 00:23:43,527.4
2023-07-30 14:51:13,512.6
2023-07-30 18:37:03,512.2
2023-07-30 22:58:17,519.4
2023-07-31 12:54:45,514.8
2023-07-31 16:43:05,512.2
2023-07-31 19:51:05,505.8
2023-08-01 00:24:10,529.4
2023-08-01 15:32:23,511.4
2023-08-01 19:25:43,507.7
2023-08-01 23:58:53,526.4
2023-08-02 14:52:13,512.0
2023-08-02 17:50:33,511.4
2023-08-02 22:47:44,515.1
2023-08-03 12:25:35,517.6
2023-08-03 15:35:05,513.2
2023-08-03 18:11:15,510.2
2023-08-03 21:56:41,516.6
2023-08-04 12:18:46,517.6
2023-08-04 15:08:46,510.8
2023-08-04 18:59:16,509.5
2023-08-04 22:20:51,519.8
2023-08-05 13:06:47,516.6
2023-08-05 16:27:17,510.2
2023-08-05 19:15:57,508.7
2023-08-05 23:38:32,521.6
2023-08-06 15:26:41,528.5
2023-08-07 15:39:16,513.2
2023-08-07 19:23:26,508.5
2023-08-07 22:52:31,521.0
2023-08-08 14:02:02,512.3
2023-08-08 17:19:52,511.7
2023-08-09 12:56:07,519.0
2023-08-09 18:06:17,507.0
2023-08-09 23:23:50,525.2
2023-08-10 13:59:39,515.0
2023-08-10 17:24:09,512.8
2023-08-10 20:42:19,504.1
2023-08-11 00:02:19,526.2
2023-08-11 14:56:20,514.5
2023-08-11 18:56:00,515.3
2023-08-12 00:03:10,529.4
2023-09-06 12:31:06,517.7
2023-09-06 16:06:46,512.2
2023-09-06 19:09:26,499.0
2023-09-06 22:28:29,520.3
2023-09-07 13:40:08,517.4
2023-09-07 17:49:28,507.8
2023-09-07 22:47:22,521.0
2023-09-08 13:44:39,517.4
2023-09-08 17:13:29,511.2
2023-09-09 13:51:41,518.1
2023-09-09 17:07:01,506.4
2023-09-09 20:46:21,502.8
2023-09-09 23:13:11,521.3
2023-09-10 15:24:57,529.0
2023-09-11 15:03:09,513.6
2023-09-11 18:07:29,510.6
2023-09-11 21:54:22,514.9
2023-09-12 12:10:15,516.4
2023-09-12 15:01:25,513.6
2023-09-12 18:17:25,511.0
2023-09-12 21:57:41,519.2
2023-09-13 13:12:28,518.4
2023-09-13 16:26:28,506.0
2023-09-13 20:34:36,503.1
2023-09-14 00:16:37,529.2
2023-09-16 15:43:37,509.6
2023-09-16 18:51:17,508.2
2023-09-16 22:48:06,521.0
2023-09-17 13:08:19,511.4
2023-09-17 16:37:49,504.6
2023-09-19 12:02:41,518.4
2023-09-19 15:05:01,513.2
2023-09-19 19:30:51,502.2
2023-09-20 00:13:02,521.0
2023-09-20 13:43:02,518.0
2023-09-20 17:32:12,508.4
2023-09-20 20:39:12,503.5
2023-09-21 13:42:08,517.8
2023-09-21 17:22:38,512.6
2023-09-21 20:08:58,502.9
2023-09-22 01:06:14,525.8
2023-09-23 06:13:23,519.4
2023-09-23 09:26:44,514.1
2023-09-23 12:52:34,509.9
2023-09-23 18:24:10,516.0
2023-09-24 13:04:44,514.0
2023-09-24 16:03:44,509.8
2023-09-24 19:11:44,505.0
2023-09-24 23:22:26,519.4
2023-09-25 12:43:54,519.0
2023-09-25 16:21:34,516.4
2023-09-25 19:20:24,509.8
2023-09-26 12:20:03,515.4
2023-09-26 15:35:23,512.8
2023-09-26 19:26:43,508.6
2023-09-26 23:15:53,522.0
2023-09-27 15:21:17,510.6
2023-09-27 21:18:07,495.7
2023-09-28 15:54:10,507.6
2023-09-28 20:47:40,502.9
2023-09-29 12:33:03,517.9
2023-09-29 15:52:53,507.2
2023-09-29 19:18:03,510.4
2023-09-29 22:41:01,520.8
2023-10-01 13:14:31,518.6
2023-10-01 16:36:51,512.2
2023-10-01 20:03:11,507.2
2023-10-01 23:19:07,522.9
2023-10-02 14:14:56,514.9
2023-10-02 18:00:16,512.6
2023-10-02 21:14:56,502.4
2023-10-03 12:35:08,518.6
2023-10-03 17:15:18,511.8
2023-10-04 00:27:08,522.4
2023-10-04 15:00:11,513.7
2023-10-04 19:14:21,506.4
2023-10-04 22:55:01,521.0
2023-10-05 08:00:27,514.4
2023-10-05 12:19:31,520.3
2023-10-06 13:18:26,518.8
2023-10-06 16:39:46,512.7
2023-10-06 20:31:46,501.3
2023-10-06 23:58:07,526.2
2023-10-07 08:44:06,516.3
2023-10-08 11:49:32,518.4
2023-10-08 15:14:23,504.0
2023-10-09 13:46:34,517.4
2023-10-09 18:08:44,509.8
2023-10-09 21:54:14,517.5
2023-10-12 06:11:56,515.2
2023-10-12 10:21:26,504.1
2023-10-12 14:23:37,515.3
2023-10-14 08:47:17,518.6
2023-10-14 11:59:37,503.2
2023-10-15 12:48:10,518.6
2023-10-15 16:22:50,507.0
2023-10-15 19:29:20,498.8
2023-10-15 23:13:39,523.5
2023-10-16 08:24:05,515.0
2023-10-16 11:34:05,507.8
2023-10-17 13:04:05,511.1
2023-10-17 16:58:35,511.2
2023-10-18 00:35:09,523.8
2023-10-18 08:57:39,513.2
2023-10-18 15:01:31,528.2
2023-10-18 20:15:38,510.2
2023-10-19 14:00:48,517.8
2023-10-19 17:22:08,512.6
2023-10-19 22:59:33,514.3
2023-10-20 08:23:19,514.9
2023-10-20 14:00:18,517.5
2023-10-21 15:04:16,513.2
2023-10-21 18:27:46,509.9
2023-10-22 00:41:51,524.0
2023-10-22 08:39:09,513.2
2023-10-22 12:04:24,523.8
2023-10-23 12:03:49,518.0
2023-10-23 15:39:09,512.8
2023-10-23 18:50:09,504.9
2023-10-24 14:26:51,503.9
2023-10-24 19:22:01,499.6
2023-10-25 13:06:49,514.8
2023-10-25 15:53:19,506.3
2023-10-25 19:02:59,508.0
2023-10-26 11:44:23,518.0
2023-10-26 14:33:03,508.5
2023-10-26 19:06:33,504.7
2023-10-27 00:23:38,527.6
2023-10-27 08:48:17,505.7
2023-10-27 11:14:27,506.0
2023-10-27 19:23:07,518.7
2023-10-28 15:10:27,516.4
2023-10-28 19:12:57,506.4
2023-10-29 00:35:53,529.5
2023-10-29 09:57:02,513.2
2023-10-29 15:40:32,518.6
2023-10-29 19:19:22,513.7
2023-10-30 12:19:31,517.0
2023-10-30 15:57:01,505.4
2023-10-30 19:50:01,505.1
2023-10-31 13:49:17,516.8
2023-11-01 15:17:02,511.2
2023-11-01 19:42:42,504.2
2023-11-02 08:23:27,515.9
2023-11-02 11:22:27,511.0
2023-11-03 12:07:13,517.8
2023-11-03 15:46:43,512.6
2023-11-03 18:46:23,506.9
2023-11-03 23:13:44,521.4
2023-11-04 07:31:47,519.6
2023-11-04 11:06:47,509.4
2023-11-04 15:20:57,513.0
2023-11-05 14:09:34,508.1
2023-11-05 17:03:24,514.2
2023-11-05 20:06:14,502.9
2023-11-06 00:27:50,524.0
2023-11-06 08:43:18,511.1
2023-11-06 11:54:38,511.0
2023-11-07 12:31:48,517.4
2023-11-07 15:48:58,511.6
2023-11-07 19:32:58,498.7
2023-11-08 06:30:34,518.6
2023-11-08 09:41:34,512.4
2023-11-09 12:13:13,516.4
2023-11-09 16:01:23,507.6
2023-11-09 20:25:03,502.9
2023-11-10 00:18:50,530.0
2023-11-10 15:45:49,510.6
2023-11-10 18:52:59,508.7
2023-11-11 00:32:34,525.8
2023-11-11 09:12:58,513.6
2023-11-12 12:10:07,515.8
2023-11-12 15:15:37,508.6
2023-11-12 19:15:27,507.2
2023-11-13 00:11:08,522.0
2023-11-13 08:36:47,502.3
2023-11-13 11:54:07,508.0
2023-11-13 15:41:46,517.2
2023-11-13 18:20:36,510.6
2023-11-13 21:38:16,504.2
2023-11-14 14:53:43,508.8
2023-11-14 17:52:23,507.0
2023-11-14 21:06:13,497.1
2023-11-15 07:10:30,518.4
2023-11-15 12:19:10,511.6
2023-11-15 16:28:55,511.6
2023-11-16 14:04:53,513.5
2023-11-16 17:23:23,510.6
2023-11-17 06:50:24,518.4
2023-11-17 10:01:24,509.1
2023-11-17 13:14:54,506.5
2023-11-18 12:39:15,517.0
2023-11-18 16:34:05,503.2
2023-11-18 20:57:55,490.4
2023-11-19 06:15:32,518.4
2023-11-19 09:40:02,504.6
2023-11-19 14:59:22,534.0
2023-11-19 20:31:56,512.8
2023-11-21 01:03:31,527.7
2023-11-21 09:11:48,511.9
2023-11-21 13:30:39,519.0
2023-11-22 12:15:41,531.4
2023-11-22 18:17:21,508.6
2023-11-23 06:21:51,518.0
2023-11-23 11:00:01,511.2
2023-11-23 15:12:33,511.2
2023-11-23 19:38:58,518.4
2023-11-24 22:39:48,511.1
2023-11-26 06:01:27,519.2
2023-11-26 09:10:27,507.5
2023-11-26 12:31:17,511.6
2023-11-27 13:53:14,521.2
2023-11-27 17:07:54,511.8
2023-11-27 20:00:44,506.2
2023-11-28 00:15:19,531.0
2023-11-28 09:06:14,508.6
2023-11-28 13:43:54,513.0
2023-11-28 18:15:40,513.2
2023-11-29 11:50:02,517.9
2023-11-29 14:52:02,512.4
2023-11-29 18:05:42,507.5
2023-11-29 22:53:32,509.6
2023-11-30 07:23:40,518.2
2023-11-30 13:29:12,512.6
2023-11-30 17:04:32,515.4
2023-12-01 07:07:02,518.0
2023-12-01 13:38:46,518.2
2023-12-01 18:30:11,517.1
2023-12-02 10:00:14,522.0
2023-12-02 13:04:44,500.9
2023-12-02 16:50:34,510.0
2023-12-03 12:54:12,512.1
2023-12-03 15:36:32,510.8
2023-12-03 18:49:02,505.7
2023-12-04 08:14:01,518.7
2023-12-04 12:06:21,505.0
2023-12-04 16:16:19,528.8
2023-12-05 15:11:50,512.2
2023-12-05 19:10:50,500.6
2023-12-05 23:56:14,521.6
2023-12-06 07:53:57,517.9
2023-12-06 10:56:37,510.6
2023-12-06 14:13:39,519.6
2023-12-07 07:49:18,514.4
2023-12-08 06:00:18,517.0
2023-12-08 09:10:28,513.6
2023-12-08 12:26:36,515.4
2023-12-08 16:39:18,509.6
2023-12-11 00:00:40,530.4
