id,first_utc,last_utc,span_days,rows,median_dt_s,gaps_over_24h,longest_gap_h,time_increasing,V_min,V_median,V_max,I_min,I_median,I_max,T_min,T_median,T_max,rows_V_below_1V,Ah_charged,Ah_discharged,ACTIVATED,IN_REPAIR_SYSTEM,STILL_ALIVE,Lifetime,flag_start_vs_activated,flag_span_vs_lifetime
0,2019-01-31 11:20:58.000000000,2020-10-05 22:59:47.000000000,613.485,787789,60,4,799.6,True,0.010071,12.7495,14.5321,-3.67414,0.128176,2.75563,25.1247,33.6233,43.7491,2,3849.67,3518.57,2019-01-31,,True,593,False,True
1,2018-12-04 21:18:29.000000000,2019-10-13 05:15:46.000000000,312.331,385036,60,1,120.616,True,11.9985,12.9421,14.4961,-3.73068,0.133745,2.12184,26.9993,32.623,45.1247,0,1503.55,1385.07,2018-12-04,,True,651,False,True
2,2019-04-18 12:43:36.000000000,2020-10-23 08:57:08.000000000,553.843,400734,60,1,1413.5,True,11.3079,12.7398,14.6505,-3.37407,-0.00183108,2.86664,21.9982,26.3745,33.2479,0,1956.86,1835.89,2019-04-18,,True,516,False,True
3,2019-03-05 08:43:40.000000000,2020-10-05 22:53:17.000000000,580.59,466493,60,2,272.625,True,0.424201,13.1627,14.6377,-2.91478,-0.0191501,2.12955,22.9984,28.748,38.249,1,1271.67,957.521,2019-03-05,,True,560,False,True
4,2018-12-06 17:57:53.000000000,2020-10-05 22:59:55.000000000,669.21,884609,60,2,90.0022,True,0.106203,12.7782,14.4817,-3.34173,0.119936,2.36584,27.1229,32.4994,42.7489,1,3473.15,3157.7,2018-12-06,,True,649,False,True
5,2019-03-20 13:54:51.000000000,2020-10-05 22:56:51.000000000,565.376,406027,60,1,80.0022,True,12.4761,13.3031,14.7185,-3.08225,-0.0476844,1.70428,17.8737,25.8732,38.748,0,957.221,689.995,2019-03-20,,True,545,False,True
6,2019-04-24 13:08:59.000000000,2020-10-05 22:57:23.000000000,530.409,555007,60,1,568.52,True,11.7366,12.6137,14.743,-3.67292,0.0578317,2.57389,20,24.1245,32.1241,0,2680.88,2508.96,2019-04-24,,True,510,False,True
7,2019-07-09 13:30:09.099999905,2020-10-05 22:56:43.000000000,454.393,472142,60,0,19.4978,True,11.9728,12.8011,14.5077,-3.523,0.0350195,2.39849,26.6239,32.7489,43.2479,0,1965.5,1815.04,2019-07-09,,True,434,False,True
8,2018-12-12 01:41:25.000000000,2020-10-20 05:36:37.000000000,678.163,695477,60,0,22.7034,True,12.4791,12.9244,14.6249,-2.49371,0.0257115,1.96094,21.2497,28.748,37.1229,0,1693.22,1329.39,2018-12-12,,True,643,False,True
9,2019-06-14 13:25:50.000000000,2020-10-05 22:59:25.000000000,479.398,553528,60,1,627.967,True,12.0537,12.95,14.5763,-3.49607,0.085069,1.85199,22.3735,28.8739,39.4987,0,1858.67,1688.98,2019-06-14,,True,459,False,True
10,2019-06-25 18:34:16.000000000,2020-10-05 22:59:57.000000000,468.185,487187,60,0,19.6472,True,12.3262,12.907,14.5986,-3.45052,0.11635,1.9926,22.2499,30.6249,40.9979,0,1764.09,1504.51,2019-06-25,,True,448,False,True
11,2018-12-11 12:59:07.000000000,2020-10-05 22:59:44.000000000,664.417,357483,60,3,8576.44,True,12.4846,12.9097,14.8025,-2.29335,0.110475,1.31044,17.3747,24.4999,35.9991,0,653.22,665.058,2018-12-11,,True,644,False,True
12,2019-01-09 15:17:17.000000000,2020-10-05 22:59:15.000000000,635.321,762807,60,0,20.9422,True,11.9042,12.8688,14.7478,-3.57259,0.129091,3.39673,18.9998,23.2479,34.2481,0,2187.96,2037.71,2019-01-10,,True,614,False,True
13,2018-10-17 06:22:04.000000000,2020-10-05 22:59:50.000000000,719.693,649649,60,2,252.846,True,12.0714,12.9622,14.7335,-3.70047,0.0177768,1.93835,18.748,26.8734,33.8727,0,1837.2,1710.34,2018-10-17,,True,699,False,True
14,2019-02-06 06:40:45.000000000,2020-10-05 22:54:42.000000000,607.676,491535,60,2,839.616,True,12.4187,13.1771,14.5119,-3.25818,-0.0354009,1.19158,26.125,34.873,43.7491,0,1204.91,956.361,2019-02-06,,True,587,False,True
15,2019-07-02 18:26:24.000000000,2020-10-05 22:59:13.000000000,461.189,490804,60,1,1638.5,True,12.3281,12.8618,14.5135,-3.28534,0.19028,1.05035,23.4997,32.623,40.3731,0,1547.8,1380,2019-07-02,,True,441,False,True
16,2019-01-21 08:04:50.000000000,2020-10-05 22:59:37.000000000,623.621,783743,60,1,640.343,True,12.0705,12.8923,14.6722,-3.80056,0.110323,0.992905,20.3731,26.2486,31.3733,0,1633.12,1385.66,2019-01-21,,True,603,False,True
17,2019-04-16 13:50:16.000000000,2020-10-05 22:59:46.000000000,538.382,543459,60,2,933.294,True,12.4794,12.9549,14.9477,-3.08888,0.0987259,0.979629,12.9984,20,36.8734,0,1573.03,1404.22,2019-04-16,,True,518,False,True
18,2018-11-03 17:21:26.000000000,2020-10-12 02:47:13.000000000,708.393,678421,60,2,331.543,True,12.3204,12.9549,14.6911,-3.01633,0.0318151,2.97444,20.6249,28.249,47.3747,0,1527.58,1225.37,2018-11-03,,True,682,False,True
19,2019-04-08 05:10:42.000000000,2020-10-05 22:59:07.000000000,546.742,719140,60,0,23.3464,True,12.3946,12.9525,14.6355,-3.36973,0.125505,3.12833,20.1236,27.4983,38.748,0,1882.53,1585.94,2019-04-08,,True,526,False,True
20,2018-10-09 11:29:50.000000000,2020-10-05 22:59:01.000000000,727.479,754890,60,7,1051.98,True,12.1703,12.6912,14.6682,-3.53475,0.199054,2.10941,20.499,31.2497,42.9984,0,3529.64,3229.74,2018-10-09,,True,707,False,True
21,2019-08-06 10:23:20.000000000,2020-10-05 22:59:29.000000000,426.525,409942,60,1,723.676,True,12.0262,13.0788,14.5553,-3.09255,-0.0430304,2.4696,24.1245,31.8746,39.2493,0,1481.93,1397.79,2019-08-06,,True,406,False,True
22,2018-09-06 12:41:10.000000000,2020-10-05 22:59:21.000000000,760.429,845008,60,2,725.019,True,12.4767,13.0217,14.7323,-3.33921,0.219425,0.935531,20.3731,27.2488,36.2486,0,2912.84,2452.84,2018-09-06,,True,740,False,True
23,2019-07-02 12:55:02.000000000,2020-09-26 15:27:17.000000000,452.106,503347,60,1,37.3069,True,12.4254,12.8728,14.6514,-3.40665,0.124743,2.59609,23.3738,27.3747,35.6237,0,1196.9,969.91,2019-07-02,,True,441,False,True
24,2019-05-29 10:23:41.000000000,2020-10-05 22:59:57.000000000,495.525,447514,60,1,2938.89,True,11.6963,12.9561,14.6596,-3.09071,0.112078,1.85222,21.6228,26.8734,35.7496,0,876.031,758.007,2019-05-29,,True,475,False,True
25,2019-04-16 14:44:02.000000000,2020-10-05 22:57:50.000000000,538.343,645323,60,1,617.412,True,11.6548,12.8923,14.7283,-3.62814,0.113985,1.87976,20.9979,24.7494,32.2499,0,1713.7,1530.43,2019-04-16,,True,518,False,True
26,2019-03-11 13:52:11.799999952,2020-10-05 22:58:56.000000000,574.38,561548,60,7,977.804,True,0.010071,12.8414,14.7466,-3.69146,0.105898,4.97963,18.249,24.7494,33.6233,1,1613.87,1454.6,2019-03-11,,True,554,False,True
27,2019-04-15 08:22:42.000000000,2020-10-05 22:59:04.000000000,539.609,656835,60,2,503.23,True,12.1038,12.965,14.602,-3.45861,0.123674,1.54284,20.6249,28.9998,40.9979,0,1741.28,1576.42,2019-04-15,,True,519,False,True
28,2019-01-25 11:59:25.000000000,2020-10-05 22:56:35.000000000,619.456,533955,60,2,180.182,True,11.8294,13.1316,14.7213,-2.92264,-0.0748455,2.48348,19.8741,26.125,36.3745,0,1717.11,1451.05,2019-01-25,,True,599,False,True
29,2019-07-15 14:13:08.000000000,2020-10-05 22:59:41.000000000,448.366,496888,60,1,89.2944,True,12.3696,13.0147,14.7539,-3.6025,0.0151064,1.52697,17.9995,24.4999,31.9982,0,1157.14,955.719,2019-07-15,,True,428,False,True
30,2019-07-24 12:32:47.000000000,2020-10-05 22:53:46.000000000,439.431,434136,60,1,282.955,True,11.7174,13.3205,14.8122,-3.47662,-0.0283818,4.24239,17.2488,22.7489,36.2486,0,839.095,770.665,2019-07-24,,True,419,False,True
31,2018-09-21 11:53:03.000000000,2020-10-05 22:59:38.000000000,745.463,968201,60,3,219.634,True,11.8181,12.6757,14.6679,-3.32326,0.19852,2.06355,21.3733,32.623,49.8741,0,3847.08,3428.84,2018-09-21,,True,725,False,True
32,2019-03-12 10:15:47.000000000,2020-10-05 22:59:42.000000000,573.53,555598,60,0,21.6086,True,11.6197,12.6238,14.5864,-3.50805,-0.0482948,2.78172,25.1247,30.8743,40,0,2985.62,2826.53,2019-03-12,,True,553,False,True
33,2019-07-15 13:45:59.000000000,2020-10-05 22:59:07.000000000,448.384,400156,60,3,428.487,True,11.9774,12.6983,14.714,-3.32967,0.0971237,2.13413,19.4987,25.6237,33.2479,0,1830.51,1650.1,2019-07-15,,True,428,False,True
34,2018-09-04 14:16:19.000000000,2020-10-05 22:59:15.000000000,762.363,624965,60,2,4915.72,True,11.4525,12.9213,14.5257,-2.44282,0.130922,1.27024,24.374,34.4999,49.8741,0,1606.12,1311.66,2018-09-04,,True,742,False,True
35,2019-05-03 19:58:35.000000000,2020-10-05 22:59:36.000000000,521.126,689657,60,1,27.9641,True,12.3198,12.8243,14.508,-3.49897,0.214923,1.30159,24.9989,32.9984,47.4983,0,2730.96,2353.2,2019-05-03,,True,501,False,True
36,2018-12-03 21:13:47.000000000,2020-10-05 22:59:02.000000000,672.073,856804,60,1,497.834,True,11.3988,12.7044,14.5724,-3.56489,0.122911,2.67514,25.4978,32.623,49.1234,0,3648.99,3247.45,2018-12-03,,True,652,False,True
37,2018-10-18 10:10:02.000000000,2020-10-05 22:57:15.000000000,718.533,809377,60,1,842.001,True,12.2405,12.8743,14.6184,-2.63539,0.112459,1.23682,22.623,28.9998,41.9982,0,2292.62,2064.1,2018-10-18,,True,698,False,True
38,2019-05-28 21:41:31.000000000,2020-09-07 07:41:01.000000000,467.416,530486,60,6,324.986,True,0.00488289,12.8768,14.5578,-3.5066,0.132219,0.701305,24.4999,30.6249,40,2,1182.7,1016.46,2019-05-28,,True,476,False,True
39,2018-11-14 14:18:24.000000000,2020-10-05 22:59:13.000000000,691.362,876778,60,0,21.2069,True,12.4508,12.7465,14.7265,-2.75914,0.11078,2.34058,20.9979,26.125,32.8748,0,2067.13,1810.68,2018-11-14,,True,671,False,True
40,2018-09-11 16:59:00.000000000,2020-10-05 22:59:30.000000000,755.25,1021281,60,1,106.439,True,11.8511,12.831,14.4897,-3.30167,0.173877,2.40429,24.2481,33.3738,49.6246,0,4826.06,4232.76,2018-09-11,,True,735,False,True
41,2018-09-10 21:19:57.000000000,2020-10-05 22:59:12.000000000,756.069,852490,60,2,284.948,True,12.4715,12.9088,14.7492,-2.96353,0.200351,1.00557,21.4992,25.6237,35.3742,0,2478.83,2177.05,2018-09-10,,True,736,False,True
42,2019-07-20 11:47:52.000000000,2020-10-05 22:59:02.000000000,443.466,473819,60,1,580.308,True,12.1001,13.0889,14.8553,-3.70756,-0.0577554,2.06935,15.3742,22.623,37.1229,0,2006.36,1812.3,2019-07-20,,True,423,False,True
43,2019-04-30 13:41:44.000000000,2020-10-05 22:59:40.000000000,524.387,582235,60,1,135.736,True,12.4822,12.9235,14.739,-3.0193,0.113451,1.49378,17.9995,22.9984,30.7485,0,1629.68,1465.25,2019-04-30,,True,504,False,True
44,2019-03-13 08:25:05.000000000,2020-10-05 22:59:06.000000000,572.607,630539,60,1,170.368,True,12.152,12.9647,14.6755,-3.50286,0.140764,2.11986,21.3733,27.2488,38.9998,0,2290.71,2046.58,2019-03-13,,True,552,False,True
45,2018-09-13 15:17:07.000000000,2020-10-05 22:59:07.000000000,753.321,753638,60,1,40.598,True,11.9939,13.0037,14.9987,-3.23499,0,3.44732,11.9982,16.6857,35.6855,0,1699.03,1378.98,2018-09-14,,True,732,False,True
46,2019-04-24 12:57:29.000000000,2020-10-05 22:59:36.000000000,530.418,668989,60,4,137.544,True,12.1361,12.7071,14.6523,-3.54986,0.114977,2.24338,20.9979,26.2486,33.4997,0,2998.42,2724.03,2019-04-24,,True,510,False,True
47,2019-02-01 14:36:47.000000000,2020-10-07 15:32:37.000000000,614.039,656322,60,2,480.761,True,11.8938,12.7333,14.529,-3.84306,0.0991836,2.29099,24.2481,36.125,50,0,3658.5,3423.61,2019-02-01,,True,592,False,True
48,2018-10-22 17:50:25.000000000,2020-10-05 22:51:41.000000000,714.209,416345,60,1,110.684,True,12.4739,13.0767,14.7033,-3.23156,-0.0178531,2.25193,20.1236,26.7498,38.249,0,793.353,616.9,2018-10-22,,True,694,False,True
49,2018-11-28 21:18:25.000000000,2020-09-24 01:25:00.000000000,665.171,764182,60,10,112.018,True,12.3403,12.8692,14.6975,-2.45563,0.119478,3.89548,18.3749,25.1247,39.6246,0,2370.92,2103.35,2018-11-28,,True,657,False,True
50,2019-04-22 11:12:36.000000000,2020-10-07 20:19:48.000000000,534.38,382587,60,0,22.958,True,12.3122,13.1505,14.5696,-3.31418,-0.0763714,2.15534,25.7496,30.7485,41.3733,0,1270.4,1028.38,2019-04-22,,True,512,False,True
51,2019-07-31 12:21:22.000000000,2020-10-05 22:57:34.000000000,432.442,545519,60,2,108.291,True,12.4794,12.8875,14.6661,-3.27466,0.205386,1.29755,19.3729,27.2488,38.8739,0,2221.88,2001.41,2019-07-31,,True,412,False,True
52,2019-07-18 14:09:25.000000000,2020-10-05 22:52:17.000000000,445.363,472900,60,0,20.2392,True,11.3021,13.0513,14.6896,-3.23888,0.0191501,1.1397,21.7487,27.7478,35.7496,0,1276.4,1117.74,2019-07-18,,True,425,False,True
53,2019-04-09 07:43:21.000000000,2020-10-05 22:56:10.000000000,545.634,490546,60,1,356.84,True,12.0735,13.2467,14.6944,-3.77501,-0.0742351,1.87129,19.6246,25.1247,39.8741,0,2518.06,2285.07,2019-04-09,,True,525,False,True
54,2019-07-11 15:56:04.799999952,2020-10-05 22:59:36.000000000,452.294,542628,60,1,264.018,True,12.0238,12.9262,14.9081,-3.66285,0.114137,0.728084,14.9989,18.9998,33.8727,0,1199.01,1045.97,2019-07-11,,True,432,False,True
55,2018-10-09 12:28:20.000000000,2020-10-05 22:59:41.000000000,727.438,943001,60,1,162.424,True,11.3149,12.8042,14.7103,-3.81376,0.127947,3.36378,19.8741,27.7478,43.6233,0,5229.97,4790.1,2018-10-09,,True,707,False,True
56,2019-04-02 12:18:04.000000000,2020-10-05 22:59:12.000000000,552.445,406076,60,1,497.845,True,12.0912,12.9961,14.7854,-3.59792,0.0093843,1.46426,18.9998,22.8748,30.9979,0,1083.47,816.468,2019-04-02,,True,532,False,True
57,2019-04-18 06:56:15.000000000,2020-10-05 22:59:32.000000000,536.669,663046,60,2,864.943,True,11.4943,12.4416,14.6423,-3.63645,0.131762,2.53536,19.7482,26.7498,36.2486,0,2788.78,2667.77,2019-04-18,,True,516,False,True
58,2019-04-10 08:31:40.000000000,2020-09-29 14:36:12.000000000,538.253,499803,60,0,19.8931,True,11.9355,12.8054,14.7308,-3.58442,-0.0383001,2.68879,19.2493,26.6239,33.9986,0,2518.95,2343.81,2019-04-10,,True,524,False,True
59,2019-06-20 11:54:07.000000000,2020-10-24 18:29:58.000000000,492.275,472115,60,1,697.706,True,12.0165,13.1154,14.537,-3.48066,-0.0319677,2.3933,23.9986,31.8746,40.6249,0,2488.06,2334.44,2019-06-20,,True,453,False,True
60,2019-06-26 11:36:09.000000000,2020-10-05 22:59:29.000000000,467.475,578752,60,1,27.5356,True,12.3742,12.9128,14.6151,-3.21073,0.133974,0.863966,21.8746,31.4992,41.2497,0,1857.42,1687.52,2019-06-26,,True,447,False,True
61,2019-03-21 12:43:53.000000000,2020-10-05 22:52:51.000000000,564.423,578385,60,1,316.639,True,11.7766,12.8612,14.6499,-3.90356,0.0176242,4.87556,21.7487,27.6242,39.6246,0,3190.51,2983.09,2019-03-21,,True,544,False,True
62,2019-06-10 09:50:30.000000000,2020-10-05 13:57:07.000000000,483.171,502201,60,1,98.0942,True,12.0574,12.7807,14.6267,-3.19661,0.00946059,2.15564,21.7487,27.3747,39.1234,0,2659.76,2528.84,2019-06-10,,True,463,False,True
63,2019-03-14 16:46:25.000000000,2020-10-05 22:59:39.000000000,571.259,757955,60,1,260.512,True,12.1965,12.9253,14.6227,-3.25864,0.173266,2.43565,25.9991,32.3735,41.4992,0,2691.99,2492.67,2019-03-14,,True,551,False,True
64,2019-06-07 08:34:47.000000000,2020-10-13 02:01:42.000000000,493.727,407520,60,2,504.759,True,12.0452,12.8978,14.7085,-3.68025,-0.0942245,2.18593,23.4997,28.249,34.6235,0,2410.97,2323.05,2019-06-07,,True,466,False,True
65,2019-01-15 09:24:08.000000000,2020-10-05 22:59:04.000000000,629.566,809622,60,0,21.0703,True,12.4791,12.8948,14.6639,-3.7509,0.116045,1.17563,21.9982,26.8734,38.1231,0,1868.55,1596.26,2019-01-15,,True,609,False,True
66,2019-02-23 19:19:14.000000000,2020-10-05 22:59:18.000000000,590.153,581924,60,2,258.374,True,11.8791,12.9781,14.6462,-2.85046,0.0555428,2.81209,22.4994,28.1231,38.8739,0,1523.75,1273.85,2019-02-23,,True,570,False,True
67,2019-01-18 14:23:22.000000000,2020-10-05 22:59:29.000000000,626.358,798268,60,1,182.766,True,11.5496,12.8081,14.6862,-3.19242,0.123674,1.55818,21.3733,26.8734,32.4994,0,2309.08,2068.95,2019-01-18,,True,606,False,True
68,2018-11-30 13:30:56.000000000,2020-10-05 22:59:26.000000000,675.395,909148,60,2,79.7867,True,12.1296,12.8026,14.5687,-2.74823,0.110475,2.79561,20.3731,27.6242,45.1247,0,2135.16,1933.13,2018-11-30,,True,655,False,True
69,2019-02-27 22:54:12.000000000,2020-10-05 22:59:01.000000000,586.003,596056,60,1,2256.66,True,12.4834,12.9677,14.583,-3.53506,0.0652323,1.5745,24.7494,34.374,46.3745,0,1741.15,1640.87,2019-02-27,,True,566,False,True
70,2019-07-19 13:32:27.000000000,2020-10-07 19:22:00.000000000,446.243,461043,60,0,20.3316,True,12.4819,12.9039,14.5916,-3.47463,0.118105,0.903258,23.9986,30.7485,41.7487,0,1173.06,970.221,2019-07-19,,True,424,False,True
71,2019-07-18 13:24:21.000000000,2020-10-05 22:59:28.000000000,445.399,553054,60,1,526.096,True,11.0521,12.8731,14.7396,-3.78058,0.171283,3.16709,20,24.9989,36.9993,0,1531.35,1378.78,2019-07-18,,True,425,False,True
72,2018-09-17 17:20:22.000000000,2020-10-05 22:50:53.000000000,749.23,690714,60,1,666.194,True,12.3928,12.9607,14.7756,-2.96277,0.00976577,2.07149,19.4987,27.4983,37.1229,0,1729.15,1360.62,2018-09-17,,True,729,False,True
73,2018-11-16 23:36:13.000000000,2020-10-05 22:59:32.000000000,688.975,758955,60,0,21.2708,True,11.3007,12.5371,14.5489,-3.65919,0.114214,4.64157,22.8748,30.3731,39.3729,0,2957.58,2672.97,2018-11-16,,True,669,False,True
74,2019-08-16 13:40:25.000000000,2020-10-05 22:59:20.000000000,416.388,454342,60,2,1530.45,True,11.6649,12.9863,14.6859,-3.66575,0.111086,1.0428,22.623,27.8737,37.3747,0,1070.09,883.542,2019-07-10,,True,433,True,True
75,2018-11-09 13:08:00.000000000,2020-10-05 22:51:18.000000000,696.405,882790,60,1,40.0728,True,12.1456,12.7987,14.6871,-3.21614,0.122225,2.0576,18.9998,24.873,31.8746,0,3149.22,2925.11,2018-11-09,,True,676,False,True
76,2019-05-30 08:17:39.000000000,2020-09-19 10:26:00.000000000,478.089,569270,60,1,265.117,True,11.2102,12.8469,14.7616,-3.21126,0.143664,4.98512,16.6239,23.8727,39.7482,0,1608.95,1450.44,2019-05-30,,True,474,False,False
77,2019-06-20 11:42:39.000000000,2020-10-05 22:59:48.000000000,473.47,390982,60,1,2975.96,True,11.1244,12.8725,14.5849,-2.94079,0.117876,1.21599,23.1243,31.8746,44.1245,0,1440.58,1278.23,2019-06-20,,True,453,False,True
78,2019-01-16 13:58:34.000000000,2020-10-05 22:59:25.000000000,628.376,498872,60,0,21.7575,True,10.7436,12.9271,14.7744,-2.79141,0.00190738,2.46715,19.1234,25.8732,38.748,0,1492.55,1242.37,2019-01-16,,True,608,False,True
79,2018-11-28 19:21:00.000000000,2020-10-05 22:59:41.000000000,677.152,860777,60,1,70.9059,True,11.5355,12.8682,14.598,-3.09377,0.1149,1.96254,25.9991,32.2499,42.1241,0,2484.56,2214.35,2018-11-28,,True,657,False,True
80,2019-06-05 10:30:33.000000000,2020-10-05 22:53:58.000000000,488.516,485720,60,1,76.4481,True,12.3378,13.1176,14.717,-3.13954,-0.0170901,1.19287,20.1236,26.125,36.7498,0,1188.06,982.058,2019-06-05,,True,468,False,True
81,2019-07-30 21:36:51.000000000,2020-10-05 22:52:39.000000000,433.053,367698,60,1,128.295,True,12.0729,12.9171,14.7802,-3.65209,-0.0640879,2.37446,18.748,27.1229,35.7496,0,2292.18,2087.76,2019-07-30,,True,413,False,True
82,2019-02-01 10:31:46.000000000,2020-10-05 22:59:42.000000000,612.519,547504,60,1,148.563,True,0.0149538,12.9165,14.6484,-3.7541,0.0380713,1.38018,20.9979,31.1238,44.2481,2,1537.73,1251.61,2019-02-01,,True,592,False,True
83,2019-07-30 13:00:56.000000000,2020-10-02 11:32:33.000000000,429.939,398971,60,10,427.748,True,12.2655,12.8923,14.7076,-3.27375,0.198138,0.923247,20.6249,25.9991,35.9991,0,1186.41,1059.78,2019-07-30,,True,413,False,True
84,2019-05-29 11:09:47.000000000,2020-10-26 16:46:38.000000000,516.234,351277,60,1,159.9,True,11.8379,12.925,14.6493,-3.78035,-0.0324254,2.87678,22.1241,28.8739,39.4987,0,1537.55,1322.34,2019-05-29,,True,475,False,True
85,2018-09-07 14:06:34.000000000,2020-10-05 22:59:19.000000000,759.37,530597,60,1,199.088,True,12.4804,13.4905,14.6874,-2.04837,-0.0611887,0.819028,21.2497,28.6244,36.4981,0,982.48,600.881,2018-09-07,,True,739,False,True
86,2019-06-06 22:18:11.000000000,2020-10-05 22:59:17.000000000,487.029,623904,60,1,89.7352,True,12.3571,12.8698,14.5815,-3.4902,0.118105,1.54803,23.7491,28.9998,37.8737,0,1583.17,1414.52,2019-06-06,,True,467,False,True
87,2019-04-17 05:30:07.000000000,2020-10-05 22:59:42.000000000,537.729,424596,60,1,93.3097,True,12.468,13.0404,14.6557,-3.49859,0.015259,1.1017,22.9984,28.249,42.2499,0,1176.64,935.385,2019-04-17,,True,517,False,True
88,2018-11-02 13:53:45.000000000,2020-10-05 22:54:02.000000000,703.375,753348,60,2,505.991,True,12.0757,12.8801,14.6758,-3.35897,0.113756,2.55818,21.7487,26.4981,37.4983,0,2127.39,1875.76,2018-11-02,,True,683,False,True
89,2019-06-10 09:50:08.000000000,2020-10-05 22:52:51.000000000,483.544,619814,60,1,100.119,True,12.4828,12.929,14.6285,-2.64698,0.204471,0.88922,21.2497,27.9995,40.6249,0,1825.41,1613.22,2019-06-10,,True,463,False,True
90,2019-03-11 09:14:55.000000000,2020-10-05 22:59:31.000000000,574.573,424758,60,2,239.583,True,11.9902,12.9409,14.8272,-3.74197,-0.00183108,2.13214,16.6239,20.9979,32.3735,0,1753.94,1569.31,2019-03-11,,True,554,False,True
91,2019-05-15 11:31:20.000000000,2020-10-05 19:24:11.000000000,509.328,642313,60,1,53.4179,True,10.7393,12.8389,14.566,-3.81193,0.159075,1.41894,22.7489,31.9982,42.4994,0,2017.48,1734.88,2019-05-15,,True,489,False,True
92,2019-03-20 13:09:34.000000000,2020-10-07 07:44:10.000000000,566.774,414816,60,8,194.803,True,11.4626,12.9635,14.7915,-3.40742,0.0170138,2.30007,16.6239,22.7489,41.7487,0,1313.86,1125.21,2019-03-20,,True,545,False,True
93,2018-11-08 09:20:33.000000000,2020-10-05 22:53:40.000000000,697.565,762531,60,1,46.1442,True,11.2944,12.8499,14.6545,-3.49393,0.110018,3.73365,17.2488,31.2497,42.623,0,3933.72,3698.23,2018-11-08,,True,677,False,True
94,2019-03-15 10:18:57.000000000,2020-10-05 22:59:33.000000000,570.528,638378,60,2,358.974,True,12.4312,13.0355,14.5769,-3.62226,0.0300603,1.42039,23.8727,31.6228,38.6244,0,1977.58,1732.85,2019-03-15,,True,550,False,True
95,2019-03-25 08:42:11.000000000,2020-10-05 22:59:07.000000000,560.595,683054,60,2,621.761,True,12.0171,12.6287,14.6105,-3.78996,0.184558,2.20668,20.499,32.8748,44.6235,0,3357.24,3060.41,2019-03-25,,True,540,False,True
96,2019-05-29 10:09:07.000000000,2020-10-07 01:43:32.000000000,496.649,313464,60,14,447.914,True,12.0766,12.9693,14.6529,-3.5893,0.0170901,1.84977,21.3733,30,37.1229,0,1876.89,1794.35,2019-05-29,,True,475,False,True
97,2019-01-15 12:43:45.000000000,2020-10-05 22:59:01.000000000,629.427,700023,60,0,21.1536,True,11.3222,12.7209,14.6487,-3.77569,0.0552377,2.85039,20.1236,27.3747,34.374,0,3518.52,3339.54,2019-01-15,,True,609,False,True
98,2018-11-17 03:43:02.000000000,2020-10-05 22:56:12.000000000,688.801,756564,60,0,20.8519,True,11.3801,12.6381,14.5534,-3.72938,0.0247196,4.15244,25.9991,31.9982,38.4985,0,4236.19,4008.76,2018-11-17,,True,668,False,True
99,2019-01-22 19:18:03.000000000,2020-10-05 22:50:27.000000000,622.148,683406,60,1,311.044,True,0.314031,12.9378,14.5696,-3.69078,0.103456,3.34791,24.4999,33.8727,43.1243,6,2275.59,2003.46,2019-01-22,,True,602,False,True
100,2018-09-04 20:59:31.000000000,2020-10-05 22:59:38.000000000,762.083,708835,60,1,1126.37,True,12.0497,12.8283,14.6865,-3.41619,0.0388342,3.98421,21.1238,26.8734,35.7496,0,3235.27,2785.99,2018-09-04,,True,742,False,True
101,2019-08-05 14:21:03.000000000,2020-10-05 22:55:41.000000000,427.357,339163,60,2,362.507,True,12.0705,13.0556,14.6606,-3.28832,-0.0969711,2.32776,22.2499,27.6242,36.8734,0,1946.5,1813.41,2019-08-05,,True,407,False,True
102,2019-01-18 15:24:15.000000000,2020-10-05 22:59:49.000000000,626.316,789338,60,2,438.435,True,11.3408,12.6088,14.6267,-3.76699,0.131151,3.55718,26.9993,31.6228,44.374,0,3644.61,3442.71,2019-01-18,,True,606,False,True
103,2019-05-29 09:45:55.000000000,2020-10-05 22:57:43.000000000,495.55,458167,60,1,214.993,True,12.5075,13.2839,14.6413,-3.42969,-0.0209812,0.995422,22.8748,28.748,40.3731,0,1103.28,886.85,2019-05-29,,True,475,False,True
104,2019-03-01 22:22:06.000000000,2020-10-05 22:55:58.000000000,584.024,454296,60,10,488.005,True,12.3635,12.9644,14.631,-3.28672,0.112764,2.92195,22.2499,27.6242,39.2493,0,1395.38,1228.63,2019-03-01,,True,564,False,True
105,2019-04-08 12:54:41.000000000,2020-10-05 22:59:05.000000000,546.42,668191,60,0,20.1695,True,12.4532,12.9088,14.656,-3.08217,0.121309,1.85313,19.2493,27.6242,41.6228,0,1788.49,1562.88,2019-04-08,,True,526,False,True
106,2019-06-05 10:35:31.000000000,2020-10-05 22:59:26.000000000,488.517,634086,60,1,198.706,True,12.4794,12.8826,14.6209,-2.52682,0.123903,1.02502,21.8746,27.1229,36.6239,0,1511.48,1319.21,2019-06-05,,True,468,False,True
107,2018-10-23 15:17:49.000000000,2020-10-05 22:59:50.000000000,713.321,747657,60,1,279.378,True,12.4779,12.8652,14.6102,-3.09819,0.122911,0.996185,22.9984,31.2497,40.6249,0,1975.43,1706.31,2018-10-23,,True,693,False,True
108,2018-11-08 09:18:54.000000000,2020-09-24 19:22:19.000000000,686.419,641069,60,1,114.693,True,12.4767,13.2036,14.6773,-3.56977,-0.0679026,1.49935,19.8741,33.8727,44.6235,0,2105.23,1825.97,2018-11-08,,True,677,False,True
109,2019-06-26 12:20:28.000000000,2020-10-03 04:08:42.000000000,464.658,516132,60,1,25.6794,True,10.692,12.9461,14.5913,-3.45884,0.117418,1.88785,24.2481,33.6233,44.4999,0,1916.27,1664.11,2019-06-26,,True,447,False,True
110,2019-01-29 08:24:39.000000000,2020-10-25 04:03:04.000000000,634.818,392665,60,1,120.116,True,12.4791,13.59,14.8431,-2.78569,-0.0659953,1.10788,17.1229,23.1243,36.7498,0,845.951,509.742,2019-01-29,,True,595,False,True
111,2019-03-20 13:24:43.000000000,2020-10-05 22:59:03.000000000,565.399,638884,60,3,120.073,True,0.0149538,12.9381,14.7597,-3.22934,0.117189,0.982223,16.8734,24.1245,37.3747,1,1268.92,1093.5,2019-03-20,,True,545,False,True
112,2019-06-28 12:33:20.000000000,2020-10-05 22:59:23.000000000,465.435,575356,60,1,1027.31,True,12.0616,12.8673,14.6352,-3.21691,0.131991,2.78248,22.9984,28.8739,34.374,0,1665.4,1592.72,2019-06-28,,True,445,False,True
113,2019-06-14 13:34:23.000000000,2020-10-05 22:59:11.000000000,479.392,479748,60,2,459.343,True,12.4776,12.9097,14.6679,-3.69093,0.124819,2.62707,21.9982,28.9998,39.2493,0,1414.18,1281.46,2019-06-14,,True,459,False,True
114,2018-10-10 10:07:07.000000000,2020-10-05 22:59:24.000000000,726.536,901334,60,1,292.338,True,11.1144,12.828,14.688,-3.11818,0.109636,2.13169,20.499,24.873,30.9979,0,2045.66,1809.58,2018-10-11,,True,705,False,True
115,2019-03-05 11:38:10.000000000,2020-10-05 22:59:37.000000000,580.473,610729,60,0,21.3578,True,12.3923,12.9967,14.6734,-3.41695,0.121538,1.02113,20.499,26.2486,37.6242,0,1765.18,1504.62,2019-03-05,,True,560,False,True
116,2019-04-09 09:18:10.000000000,2020-10-05 22:59:35.000000000,545.57,710242,60,0,20.3311,True,12.0989,12.8511,14.7213,-3.61875,0.120165,2.4995,18.8739,24.9989,37.2488,0,2871.58,2680.59,2019-04-09,,True,525,False,True
117,2019-03-15 14:14:16.000000000,2020-10-05 22:51:36.000000000,570.359,640158,60,0,22.7836,True,12.4779,13.0031,14.7149,-3.48058,0.0260929,1.72724,19.1234,24.2481,32.9984,0,1675.87,1560.81,2019-03-15,,True,550,False,True
118,2019-06-28 12:44:18.000000000,2020-10-05 22:54:43.000000000,465.424,412984,60,1,31.5419,True,11.4299,13.3107,14.6499,-3.55505,-0.0204471,2.67971,20.8743,28.1231,39.7482,0,925.002,743.834,2019-06-28,,True,445,False,True
119,2019-03-27 09:22:00.000000000,2020-10-05 22:59:52.000000000,558.568,708562,60,1,429.085,True,11.0939,12.9454,14.6606,-3.84382,0.125277,4.41253,21.3733,26.2486,32.623,0,2274.41,2055,2019-03-27,,True,538,False,True
120,2019-02-27 03:27:31.000000000,2020-10-05 22:59:21.000000000,586.814,775022,60,0,21.4414,True,11.1492,12.733,14.5412,-3.64477,0.143206,3.25956,24.2481,34.4999,45.6237,0,3863.71,3644.3,2019-02-27,,True,566,False,True
121,2019-08-08 10:12:04.000000000,2020-10-09 17:50:47.000000000,428.319,523280,60,1,338.643,True,12.163,12.8826,14.5785,-3.54757,0.197147,4.62287,22.1241,31.8746,45.7496,0,1745.22,1543.43,2019-08-08,,True,404,False,True
122,2019-01-17 19:17:58.000000000,2020-10-05 22:59:58.000000000,627.154,638491,60,1,512.236,True,11.9344,12.7904,14.583,-3.61051,0.109941,2.45861,24.7494,31.7487,41.3733,0,2766.78,2373.23,2019-01-17,,True,607,False,True
123,2018-12-05 08:03:18.000000000,2020-10-05 22:51:49.000000000,670.617,685185,60,1,632.173,True,12.4578,12.957,14.6813,-3.57481,0.0318151,1.09545,20,32.3735,49.8741,0,2021.46,1606.32,2018-12-05,,True,650,False,True
124,2018-10-12 12:53:16.000000000,2020-10-05 22:59:28.000000000,724.421,903190,60,1,87.4686,True,12.369,12.8307,14.7127,-3.23499,0.11284,3.36477,20.3731,25.3742,36.4981,0,2230.5,2024.71,2018-10-12,,True,704,False,True
125,2018-09-19 15:58:51.000000000,2020-10-05 22:59:09.000000000,747.292,1036107,60,3,280.652,True,11.819,12.6873,14.6116,-3.75998,0.222629,2.51324,22.2499,31.7487,41.7487,0,4124.77,4037.1,2018-09-19,,True,727,False,True
126,2019-05-07 13:11:36.000000000,2020-10-05 18:45:25.000000000,517.232,547664,60,1,138.674,True,11.4296,12.7782,14.8943,-3.61273,0.0575265,2.04578,15.6855,19.1875,29.4987,0,1641.72,1507.13,2019-05-07,,True,497,False,True
127,2019-08-01 10:51:27.000000000,2020-10-05 22:59:32.000000000,431.506,497886,60,1,72.4047,True,12.481,12.9387,14.5629,-2.90532,0.105974,1.30854,24.7494,31.9982,41.9982,0,1232.13,1010,2019-08-01,,True,411,False,True
128,2018-12-31 22:00:32.000000000,2020-10-05 22:54:14.000000000,644.037,363146,60,2,2658.49,True,0.00488289,12.9296,14.5904,-3.64446,0,1.23674,23.2479,33.6233,45.7496,4,1286.86,1023.87,2018-12-31,,True,624,False,True
129,2018-09-05 09:08:03.000000000,2020-10-05 22:57:11.000000000,761.576,694412,60,1,341.24,True,12.39,13.3193,14.7082,-2.87602,-0.061799,1.35325,19.1234,26.7498,37.4983,0,1689.02,1262.05,2018-09-05,,True,741,False,True
130,2018-10-03 09:29:01.000000000,2020-10-05 22:59:57.000000000,733.563,753338,60,1,276.867,True,11.0228,12.9531,14.6346,-3.58,-0.0317388,2.77981,25.1247,31.2497,38.4985,0,3329.6,3045.31,2018-10-03,,True,713,False,True
131,2018-09-07 19:59:37.000000000,2020-10-25 10:34:42.000000000,778.608,722046,60,2,357.008,True,12.426,13.4115,14.7881,-2.8397,-0.0353246,3.01114,18.8739,27.3747,40.8743,0,1191.27,924.382,2018-09-07,,True,739,False,True
132,2018-10-16 14:16:40.000000000,2020-10-05 22:59:04.000000000,720.363,726226,60,2,154.196,True,11.3054,12.7355,14.5055,-3.74403,0.117113,4.77684,23.7491,33.6233,44.4999,0,3414.51,3163.02,2018-10-18,,True,698,True,True
133,2019-03-21 07:26:53.000000000,2020-10-05 22:59:15.000000000,564.647,723719,60,1,282.354,True,12.2655,12.7248,14.6481,-3.1931,0.136187,1.514,18.748,26.125,43.4997,0,2098.6,1914.95,2019-03-21,,True,544,False,True
134,2019-04-18 05:24:06.000000000,2020-09-18 12:02:47.000000000,519.277,468969,60,1,162.464,True,12.481,13.1356,14.6178,-3.30121,-0.0311284,0.929885,22.623,28.748,38.8739,0,1156.7,939.785,2019-04-18,,True,516,False,False
135,2019-08-02 06:43:03.000000000,2020-10-05 22:59:30.000000000,430.678,477147,60,3,310.807,True,0.00976577,13.004,14.8446,-2.79446,0.12314,1.13359,15.8732,24.2481,34.873,1,1171.22,1011.36,2019-08-02,,True,410,False,True
136,2019-06-10 12:49:22.000000000,2020-10-12 10:34:58.000000000,489.907,367093,60,12,376.336,True,12.0766,12.9512,14.6758,-3.67864,0.0167849,1.76753,23.2479,32.2499,40.7485,0,1827.5,1733.63,2019-06-10,,True,463,False,True
137,2019-07-08 10:48:55.799999952,2020-10-05 22:59:12.000000000,455.507,449943,60,0,20.0725,True,11.303,12.5881,14.526,-3.46433,0.0241093,2.42725,25.8732,33.6233,46.4981,0,1832.19,1717.38,2019-07-08,,True,435,False,True
138,2018-12-13 12:32:38.000000000,2020-10-05 22:52:04.000000000,662.43,386954,60,1,1082.92,True,12.4813,13.4179,14.6941,-3.72221,-0.0784314,4.74769,20.499,30.499,39.7482,0,1435.71,916.615,2018-12-13,,True,642,False,True
139,2018-09-27 08:18:08.000000000,2020-10-05 22:59:29.000000000,739.612,984651,60,1,114.693,True,12.1874,12.8829,14.8016,-3.59663,0.116732,1.44419,17.1229,23.7491,39.4987,0,3181.22,2876.52,2018-09-27,,True,719,False,True
140,2019-06-14 13:30:25.000000000,2020-10-05 22:55:17.000000000,479.392,463726,60,1,476.579,True,12.4785,13.3593,14.7152,-3.55184,-0.0464637,1.05814,20.7485,27.8737,38.3749,0,956.68,823.084,2019-06-14,,True,459,False,True
141,2019-04-15 08:44:45.000000000,2020-10-06 05:57:41.000000000,539.884,358260,60,8,550.26,True,11.8618,12.7663,14.7054,-3.26467,0.0151827,1.75151,20,25.6237,34.1245,0,1237.43,1076.86,2019-04-15,,True,519,False,True
142,2019-02-26 19:51:50.000000000,2020-10-05 22:59:46.000000000,587.131,690489,60,1,1341.51,True,10.8519,12.7715,14.6258,-3.63409,0.216754,2.14214,20.499,32.1241,43.2479,0,3327.59,3081.87,2019-02-26,,True,567,False,True
143,2019-03-20 09:47:46.000000000,2020-10-05 22:58:39.000000000,565.549,435101,60,10,556.722,True,12.2054,13.0147,14.5774,-3.35767,0.0190738,2.11719,23.6233,32.623,46.6239,0,1502.12,1289.96,2019-03-20,,True,545,False,True
144,2019-06-11 07:34:33.000000000,2020-10-05 22:59:01.000000000,482.642,625934,60,1,186.541,True,12.4688,12.8759,14.6844,-3.0943,0.196765,1.8217,19.2493,25.8732,38.1231,0,1890.48,1731.71,2019-06-11,,True,462,False,True
145,2019-06-17 13:48:58.000000000,2020-10-05 22:59:29.000000000,476.382,338763,60,2,344.083,True,11.9857,13.0156,14.6163,-3.28351,-0.0320439,2.05829,21.7487,27.6242,37.4983,0,1712.56,1559.2,2019-06-17,,True,456,False,True
146,2018-09-03 14:58:41.000000000,2020-10-05 22:59:21.000000000,763.334,949439,60,1,29.5709,True,11.9893,12.8017,14.5367,-3.50675,0.118257,2.4612,23.8727,31.8746,46.6239,0,3300.13,3015.51,2018-09-03,,True,743,False,True
147,2019-04-16 14:11:10.000000000,2020-10-05 22:56:24.000000000,538.365,608396,60,1,691.637,True,12.4822,13.0541,14.6383,-3.64759,0.114061,1.06317,21.8746,26.125,32.8748,0,1466.11,1258.44,2019-04-16,,True,518,False,True
148,2019-06-27 12:48:52.000000000,2020-10-05 22:59:52.000000000,466.424,553196,60,2,382.468,True,0.0201419,12.8994,14.4607,-3.05364,0.132372,1.1931,25.8732,32.3735,40.8743,2,1559.95,1370.76,2019-06-27,,True,446,False,True
149,2019-05-08 09:07:52.000000000,2020-10-05 22:59:30.000000000,516.578,669353,60,1,97.0536,True,12.4559,12.9232,14.7982,-2.75402,0.1178,1.19097,21.1238,26.7498,34.4999,0,2047.03,1892.54,2019-05-08,,True,496,False,True
150,2019-04-17 12:31:22.000000000,2020-11-06 04:34:55.000000000,568.669,491725,60,2,195.189,True,12.2905,13.1057,14.7262,-3.05303,-0.0321202,4.07507,18.8739,26.2486,38.4985,0,1358.78,1125.6,2019-04-17,,True,517,False,True
151,2018-10-18 14:08:55.000000000,2020-10-05 22:59:11.000000000,718.368,945382,60,2,267.081,True,12.4764,12.8652,14.6374,-2.89799,0.119478,1.03975,19.7482,27.6242,42.7489,0,2105.71,1842.3,2018-10-18,,True,698,False,True
152,2019-04-02 01:08:14.000000000,2020-10-06 23:00:04.000000000,553.911,760285,60,1,41.8519,True,11.8566,12.5127,14.5165,-3.78012,0.120851,2.74968,22.9984,31.7487,41.1238,0,2835,2651.14,2019-04-02,,True,532,False,True
153,2019-06-17 13:31:38.000000000,2020-10-05 22:52:32.000000000,476.39,514084,60,1,239.528,True,12.4221,12.9119,14.7207,-2.90211,0.102846,1.44076,18.8739,24.873,37.8737,0,1279.81,1037.02,2019-06-17,,True,456,False,True
154,2019-03-27 08:37:08.000000000,2020-10-05 22:59:08.000000000,558.599,723327,60,1,574.016,True,12.4267,12.8682,14.71,-3.64523,0.115053,1.1812,20.499,25.3742,32.9984,0,1639.92,1432.09,2019-03-27,,True,538,False,True
155,2019-03-01 18:28:48.000000000,2020-10-05 22:59:56.000000000,584.188,477116,60,5,462.317,True,12.4743,13.0288,14.6423,-3.13657,0.034638,1.01472,21.1238,28.3749,37.2488,0,1214.64,915.191,2019-03-01,,True,564,False,True
156,2019-07-13 15:12:51.000000000,2020-10-05 22:59:54.000000000,450.324,379626,60,1,143.339,True,12.3244,12.9631,14.5095,-3.54025,0.0285344,1.37705,25.3742,31.2497,40.3731,0,1407.85,1191.31,2019-07-13,,True,430,False,True
157,2019-04-25 05:03:44.000000000,2020-10-05 22:58:49.000000000,529.747,630188,60,0,19.3844,True,12.199,12.846,14.6517,-3.4435,0.110552,3.01854,21.3733,26.4981,32.4994,0,2412.92,2236.74,2019-04-25,,True,509,False,True
158,2019-04-17 20:55:22.000000000,2020-10-05 22:59:10.000000000,537.086,634750,60,2,169.588,True,0.010071,12.8933,16.6931,-3.73487,0.155184,1.16739,22.8748,31.3733,44.873,2,2301.62,2022.04,2019-04-17,,True,517,False,True
159,2019-04-08 14:40:45.000000000,2020-10-25 23:41:57.000000000,566.376,433149,60,1,599.545,True,11.0472,13.0617,14.6197,-3.18769,-0.0250248,1.71328,21.9982,32.623,43.3738,0,1238.9,962.415,2019-04-08,,True,526,False,True
160,2019-04-15 09:23:27.000000000,2020-10-05 22:59:02.000000000,539.566,692399,60,0,20.6064,True,0.466621,12.9543,14.6807,-3.72023,0.121614,1.10727,20,26.8734,40.6249,1,1505.12,1333.05,2019-04-15,,True,519,False,True
161,2019-04-04 14:14:11.000000000,2020-10-05 22:58:22.000000000,550.364,552657,60,1,93.3688,True,12.1181,13.0996,14.6734,-3.43305,-0.0724804,4.74975,20,25.4978,31.4992,0,2495.75,2272.29,2019-04-04,,True,530,False,True
162,2019-07-11 14:28:08.000000000,2020-10-10 09:29:51.000000000,456.793,539121,60,1,411.015,True,12.098,12.7855,14.5339,-3.50332,0.136339,2.69093,24.4999,33.9986,46.125,0,2456.28,2270.61,2019-07-11,,True,432,False,True
163,2019-08-09 08:55:12.000000000,2020-10-05 22:59:53.000000000,423.587,504509,60,1,28.0611,True,12.3174,12.8951,14.7036,-2.71214,0.120546,0.847868,18.9998,24.6853,30.3731,0,1516.81,1358.39,2019-08-09,,True,403,False,True
164,2018-10-08 17:22:43.000000000,2020-10-05 22:59:50.000000000,728.234,694378,60,0,20.133,True,11.3044,13.001,14.6926,-3.76242,-0.0687419,3.45586,19.1234,29.2493,37.9995,0,3241.12,3051.3,2018-10-08,,True,708,False,True
165,2018-12-18 08:18:22.000000000,2020-10-10 00:36:27.000000000,661.679,539197,60,4,291.359,True,11.7742,12.968,14.8351,-3.6994,-0.0093843,1.69261,16.4981,20.499,31.4992,0,1281.64,1051.27,2018-12-18,,True,637,False,True
166,2019-07-23 11:23:38.000000000,2020-10-05 22:59:06.000000000,440.483,547414,60,4,302.754,True,11.5755,12.9448,14.7704,-3.03777,0.15404,1.17426,17.2488,24.6235,37.4983,0,1974.71,1785.96,2019-07-23,,True,420,False,True
167,2019-04-30 12:54:35.000000000,2020-09-25 12:31:46.000000000,513.984,530743,60,2,177.562,True,11.7082,12.9525,14.8388,-3.36988,0.121386,2.72724,15.8732,23.3738,34.4999,0,1428.37,1266.15,2019-04-30,,True,504,False,True
168,2019-07-22 11:01:51.000000000,2020-10-05 22:55:24.000000000,441.496,471687,60,1,140.141,True,12.3333,12.9128,14.6712,-3.25322,0.0936141,2.02174,20.499,26.125,34.7494,0,1282.41,1084.93,2019-07-22,,True,421,False,True
169,2019-01-09 19:12:59.000000000,2020-10-05 22:59:41.000000000,635.157,819829,60,10,677.083,True,0.00976577,12.7837,14.5876,-3.45945,0.216602,1.22469,22.8748,32.4994,42.7489,1,3137.16,2854.7,2019-01-09,,True,615,False,True
170,2019-07-13 15:10:48.000000000,2020-10-05 22:59:21.000000000,450.325,505060,60,0,19.2054,True,12.3278,12.9555,14.6484,-3.59777,0.136492,3.31342,21.3733,30,40.8743,0,1473.25,1363.09,2019-07-13,,True,430,False,True
171,2019-03-20 22:34:15.000000000,2020-10-05 22:59:31.000000000,565.018,603161,60,1,52.637,True,11.9475,12.8453,14.5095,-3.42473,0.125734,1.30671,24.873,35.8732,50.2495,0,2190.05,1753.8,2019-03-20,,True,545,False,True
172,2018-12-03 14:52:11.000000000,2020-10-23 22:12:20.000000000,690.306,478190,60,2,59.2095,True,11.8561,13.5164,14.7518,-2.58892,-0.0572976,4.83032,19.3729,25.7496,41.2497,0,1342.57,1016.95,2018-12-03,,True,652,False,True
173,2019-04-23 05:50:13.000000000,2020-10-05 22:59:48.000000000,531.715,671918,60,0,20.5321,True,9.50362,12.7169,14.6691,-3.86999,0.131075,2.38209,20.8743,24.374,29.8741,0,2902.12,2708.44,2019-04-23,,True,511,False,True
174,2018-10-05 20:29:07.000000000,2020-09-24 07:02:46.000000000,719.44,973238,60,1,309.411,True,11.982,12.7742,14.5156,-3.59411,0.213931,2.4654,24.9989,34.1245,49.6246,0,4919.93,4494.92,2018-10-05,,True,711,False,True
175,2019-05-27 08:44:30.000000000,2020-10-05 22:55:02.000000000,497.591,495217,60,1,506.104,True,12.2103,12.9952,14.6246,-3.03403,0.020676,1.74617,23.2479,29.1234,38.9998,0,1764.55,1536.71,2019-05-27,,True,477,False,True
176,2019-04-16 10:46:44.000000000,2020-10-05 22:59:31.000000000,538.509,638682,60,1,437.306,True,12.4504,12.9042,14.6086,-3.35447,0.126955,1.4522,21.7487,31.8746,42.9984,0,2333.48,2065.5,2019-04-16,,True,518,False,True
177,2019-02-04 06:39:40.000000000,2020-10-05 22:57:43.000000000,609.679,621795,60,0,21.0259,True,11.9313,13.124,14.6804,-3.77493,-0.0458534,1.55886,21.9982,27.2488,34.7494,0,1490.63,1185.66,2019-02-04,,True,589,False,True
178,2019-06-11 09:14:00.000000000,2020-10-05 22:59:20.000000000,482.573,628036,60,1,137.173,True,12.4858,12.9909,14.6932,-3.10323,0.101167,1.14389,21.2497,27.3747,36.3745,0,1562.07,1273.82,2019-06-11,,True,462,False,True
179,2019-03-19 10:36:19.000000000,2020-10-05 22:59:18.000000000,566.516,733404,60,1,557.993,True,11.8941,12.7825,14.5439,-3.23987,0.122072,2.77043,25.2483,33.9986,42.7489,0,2820.59,2575.54,2019-03-19,,True,546,False,True
180,2019-02-14 00:17:11.000000000,2020-10-05 22:59:32.000000000,599.946,754211,60,1,577.578,True,11.5047,12.6488,14.4839,-3.22522,0.144045,2.08415,25.7496,34.9989,45.9991,0,3196.86,2977.94,2019-02-14,,True,579,False,True
181,2019-04-04 13:50:09.000000000,2020-10-05 22:59:25.000000000,550.381,578246,60,1,1031.31,True,12.2658,12.9198,14.6743,-3.09422,0.130541,0.958648,20.499,26.9993,33.3738,0,1609.77,1404.96,2019-04-04,,True,530,False,True
182,2019-07-20 11:53:29.000000000,2020-10-05 22:58:51.000000000,443.462,415097,60,3,460.585,True,11.7137,12.9842,14.7799,-3.38216,0.101854,0.999771,17.2488,24.2481,36.4981,0,890.908,715.31,2019-07-20,,True,423,False,True
183,2019-06-20 14:37:04.000000000,2020-10-05 22:59:05.000000000,473.349,358473,60,0,19.3236,True,11.9237,12.9403,14.6099,-3.61357,-0.0988022,2.31914,23.7491,30.7485,38.1231,0,1954.1,1851.98,2019-06-20,,True,453,False,True
184,2019-01-09 15:26:18.000000000,2020-10-05 22:59:11.000000000,635.315,642727,60,1,30.6931,True,1.62692,12.7205,14.7442,-3.70947,0.0260929,2.19593,17.3747,22.4994,37.6242,0,2560.07,2437.19,2019-01-10,,True,614,False,True
185,2018-11-06 14:12:14.000000000,2020-10-05 22:59:38.000000000,699.366,663593,60,2,286.205,True,12.4776,12.9616,14.7033,-3.41001,0.0336461,1.07012,21.6228,27.8737,40.8743,0,1517.52,1220.54,2018-11-06,,True,679,False,True
186,2019-04-10 18:28:43.000000000,2020-10-05 22:59:50.000000000,544.188,699216,60,0,21.5562,True,12.4712,12.8643,14.5617,-3.0705,0.120012,1.50286,23.7491,33.1243,41.6228,0,1704.53,1557.12,2019-04-10,,True,524,False,True
187,2019-04-09 07:57:46.000000000,2020-10-05 22:59:03.000000000,545.626,470084,60,0,20.1439,True,11.5904,13.2088,15.0851,-3.91249,-0.0366979,1.27901,6.62394,21.1238,41.7487,0,1164.7,961.256,2019-04-09,,True,525,False,True
188,2019-01-23 03:11:09.000000000,2020-10-05 22:59:59.000000000,621.826,801110,60,1,76.8986,True,12.4727,12.8627,14.5794,-3.45731,0.115282,1.31449,22.9984,31.6228,41.1238,0,2327.54,2096.65,2019-01-23,,True,601,False,True
189,2019-04-23 08:15:20.000000000,2020-10-05 22:59:39.000000000,531.614,417910,60,1,122.951,True,11.7372,13.2152,15.1269,-3.88357,-0.0328069,1.18318,9.37285,20.8743,41.8746,0,1149.27,847.535,2019-04-23,,True,511,False,True
190,2018-11-03 12:54:31.000000000,2020-09-25 03:32:41.000000000,691.61,693154,60,3,161.221,True,0.00488289,13.0166,14.649,-2.79118,-0.0395209,4.86336,22.7489,30,39.4987,1,2435.15,2255.36,2018-11-03,,True,682,False,True
191,2019-04-15 08:31:20.000000000,2020-10-05 22:59:58.000000000,539.603,639431,60,1,436.124,True,12.3113,12.9583,14.6801,-3.65881,0.111162,3.27146,19.8741,26.7498,41.7487,0,2629.34,2407.38,2019-04-15,,True,519,False,True
192,2019-07-19 10:49:59.000000000,2020-10-05 22:59:34.000000000,444.507,580601,60,4,93.1075,True,12.1657,12.911,14.6242,-3.07805,0.127184,0.951858,22.7489,26.7498,31.7487,0,1652.87,1484.13,2019-07-19,,True,424,False,True
193,2019-06-17 15:46:32.000000000,2020-10-05 22:59:02.000000000,476.3,570939,60,2,240.963,True,11.2826,12.9018,14.5409,-3.59991,0.121767,2.5877,18.8739,31.1238,41.3733,0,2275.41,2137.29,2019-06-17,,True,456,False,True
194,2018-11-02 20:49:28.000000000,2020-10-07 13:28:29.000000000,704.694,599892,60,4,671.609,True,12.0754,13.1524,14.7472,-3.33288,-0.0371557,1.98802,18.1231,24.1245,41.2497,0,1477.31,1298.61,2018-11-02,,True,683,False,True
195,2019-01-04 09:06:36.000000000,2020-10-05 22:59:53.000000000,640.579,710604,60,1,465.974,True,12.2667,12.8765,14.5296,-3.66697,0.107195,1.9337,23.9986,34.6235,46.125,0,1935.64,1627.95,2019-01-04,,True,620,False,True
196,2018-12-13 11:26:11.000000000,2020-10-05 22:55:03.000000000,662.478,679748,60,1,2801.91,True,11.4965,12.9082,14.6227,-3.60571,0.114061,1.41909,20.6249,32.1241,44.6235,0,2854.58,2504.13,2018-12-13,,True,642,False,True
197,2019-03-25 07:17:28.000000000,2020-10-06 02:31:04.000000000,560.801,501302,60,1,98.4133,True,12.4807,13.0254,14.66,-3.38239,0.0151827,2.01427,21.9982,27.6242,40.3731,0,1479.12,1245.65,2019-03-25,,True,540,False,True
198,2019-07-02 08:45:32.000000000,2020-10-05 22:59:11.000000000,461.593,579143,60,1,666.884,True,12.0656,12.5798,14.7076,-3.58587,0.209049,2.50294,20,27.2488,37.9995,0,2812.13,2684.24,2019-07-02,,True,441,False,True
199,2019-08-01 13:00:48.000000000,2020-10-05 22:59:21.000000000,431.416,561750,60,1,75.067,True,12.4776,12.9076,14.5876,-3.65118,0.203632,3.11856,21.8746,30.9979,42.2499,0,1880.7,1645.07,2019-08-01,,True,411,False,True
200,2019-03-25 06:49:24.000000000,2020-10-05 22:52:00.000000000,560.668,515723,60,1,119.804,True,11.8901,12.9992,14.6856,-3.56573,-0.0840009,2.08072,20.499,26.3745,33.6233,0,2251.26,2025.97,2019-03-25,,True,540,False,True
201,2019-07-17 15:18:48.000000000,2020-10-05 22:54:52.000000000,446.317,448299,60,1,384.519,True,12.0253,13.012,14.5669,-3.17548,0.0362402,4.52628,25.8732,34.374,40.2495,0,1506.8,1344.5,2019-07-17,,True,426,False,True
202,2019-05-27 14:27:19.000000000,2020-10-05 22:59:21.000000000,497.356,629818,60,2,137.217,True,12.4504,12.9003,14.6999,-3.64302,0.142901,1.61364,20.1236,25.1247,30.2495,0,1705.56,1543.53,2019-05-27,,True,477,False,True
203,2019-05-30 10:51:13.000000000,2020-10-13 17:28:12.000000000,502.276,426138,60,5,89.7833,True,5.38827,12.6232,14.6511,-3.75036,0.015259,2.89036,24.7494,30.3731,37.1229,0,2054.24,1709.83,2019-05-30,,True,474,False,True
204,2019-03-20 18:32:31.000000000,2020-10-05 22:57:03.000000000,565.184,695436,60,4,198.675,True,0.00976577,12.8259,14.5647,-3.65148,0.0400549,2.45655,23.7491,32.2499,44.9989,1,2659.53,2506.7,2019-03-20,,True,545,False,True
205,2019-08-06 13:59:46.000000000,2020-10-05 22:59:10.000000000,426.375,525449,60,1,335.204,True,12.4819,12.9574,14.4787,-3.00984,0.113603,1.53468,27.1229,34.1245,44.1245,0,1394.41,1228.61,2019-08-06,,True,406,False,True
206,2019-02-26 14:12:11.000000000,2020-10-11 11:51:14.000000000,592.902,511373,60,1,604.564,True,0.119936,13.297,14.6081,-2.9691,-0.0450904,0.895018,23.6233,33.3738,42.2499,2,1068.33,881.826,2019-02-26,,True,567,False,True
207,2019-05-11 02:49:24.000000000,2020-10-05 22:51:00.000000000,513.834,542859,60,0,19.3886,True,11.6411,12.892,14.6624,-3.81834,0.030518,4.60563,21.1238,26.7498,40.2495,0,1343.9,1184.26,2019-05-11,,True,493,False,True
208,2019-07-19 14:43:00.000000000,2020-10-05 22:51:59.000000000,444.34,433842,60,1,527.941,True,12.4932,13.3419,14.7195,-2.43732,-0.0502022,0.823529,21.1238,29.2493,38.9998,0,997.759,785.068,2019-07-19,,True,424,False,True
209,2019-07-22 14:32:14.000000000,2020-10-05 22:54:48.000000000,441.349,415362,60,1,285.852,True,11.8523,12.947,14.6667,-3.47105,-0.0905623,2.06264,20.8743,27.3747,39.6246,0,2272.34,2130.8,2019-07-22,,True,421,False,True
210,2018-11-13 13:22:05.000000000,2020-10-31 11:30:57.000000000,717.923,739508,60,1,30.2494,True,12.2768,12.8688,14.7671,-3.60197,0.110475,2.07614,20.7485,27.7478,45.9991,0,2272.02,1953.15,2018-11-13,,True,672,False,True
211,2018-11-01 13:55:12.000000000,2020-10-05 22:58:53.000000000,704.378,833884,60,1,119.1,True,10.7417,12.8087,14.8196,-3.4934,0.111696,2.93896,15.7496,22.3735,32.623,0,2039,1788.15,2018-11-01,,True,684,False,True
212,2018-12-18 20:57:34.000000000,2020-10-05 22:59:22.000000000,657.085,642472,60,1,406.185,True,11.9142,12.7654,14.6255,-3.43847,0.103227,3.69665,19.1234,32.1241,49.1234,0,3303.09,2954.62,2018-12-18,,True,637,False,True
213,2019-07-02 07:54:14.000000000,2020-10-05 22:59:11.000000000,461.628,513676,60,1,785.433,True,12.0763,12.7401,14.6767,-3.66484,0.217441,2.01892,22.1241,28.9998,41.7487,0,2444.42,2271.27,2019-07-02,,True,441,False,True
214,2019-06-14 14:34:01.000000000,2020-10-05 22:59:59.000000000,479.351,562728,60,1,207.876,True,12.4791,12.8832,14.49,-3.21607,0.110628,1.243,26.2486,33.4997,42.9984,0,1567.19,1287.49,2019-06-14,,True,459,False,True
215,2018-10-03 06:04:57.000000000,2020-10-05 22:59:26.000000000,733.705,913940,60,1,136.398,True,12.4794,12.9262,14.6777,-3.26543,0.117342,2.98085,20,25.8732,38.6244,0,1937.58,1693.65,2018-10-03,,True,713,False,True
216,2018-09-25 09:42:03.000000000,2020-10-05 22:59:26.000000000,741.554,902157,60,3,549.614,True,7.57873,12.7657,14.5749,-3.87259,0.212863,2.75181,21.7487,32.7489,50.1236,0,3444.58,3160.93,2018-09-25,,True,721,False,True
217,2019-04-23 11:50:06.000000000,2020-10-05 22:59:14.000000000,531.465,503765,60,2,1632.44,True,11.7385,12.5652,14.7213,-3.8761,0.123293,2.47288,20.6249,25.1247,31.9982,0,2702.01,2512.81,2019-04-23,,True,511,False,True
218,2019-04-12 11:25:15.000000000,2020-10-05 22:59:37.000000000,542.482,507555,60,1,146.931,True,12.0833,13.0694,14.7195,-3.62455,-0.0437934,2.15229,19.8741,26.2486,37.4983,0,2650.95,2400.93,2019-04-12,,True,522,False,True
219,2019-06-29 07:47:49.000000000,2020-10-05 22:59:55.000000000,464.633,586641,60,1,119.159,True,12.4785,12.9042,14.627,-3.32197,0.203174,0.890288,21.1238,29.4987,42.4994,0,1831.03,1583.37,2019-06-29,,True,444,False,True
220,2019-03-11 05:07:04.000000000,2020-10-05 22:59:42.000000000,574.745,736619,60,1,71.3192,True,12.4523,12.9189,14.5782,-3.78538,0.122759,1.12039,22.623,28.9998,40.9979,0,1822.84,1621.1,2019-03-11,,True,554,False,True
221,2019-05-07 14:12:20.000000000,2020-10-05 22:59:53.000000000,517.366,601485,60,1,49.6794,True,12.3958,12.8057,14.7039,-2.54528,0.169528,0.832914,20.2495,25.8732,34.374,0,1805.1,1798.29,2019-05-07,,True,497,False,True
222,2019-05-31 19:56:53.000000000,2020-10-05 22:53:55.000000000,493.123,560234,60,2,151.648,True,12.0781,12.795,14.6178,-3.49447,0.110933,1.92607,21.7487,27.4983,37.6242,0,2466.47,2214.79,2019-05-31,,True,473,False,True
223,2019-02-28 16:32:21.000000000,2020-10-05 22:59:35.000000000,585.269,665459,60,1,876.661,True,11.079,12.8713,14.5873,-3.21118,0.117571,3.15816,22.9984,32.1241,44.1245,0,2111.25,1783.64,2019-02-28,,True,565,False,True
224,2019-07-05 09:30:54.000000000,2020-10-05 22:59:20.000000000,458.561,452310,60,0,20.5374,True,11.906,12.8719,14.703,-3.40093,0.0135805,3.73136,21.6228,27.4983,32.8748,0,2087.23,1868.48,2019-07-05,,True,438,False,True
225,2018-10-21 22:35:37.000000000,2020-10-05 22:59:56.000000000,715.017,759868,60,7,791.797,True,12.1727,12.7721,14.6662,-3.54261,0.20798,2.33471,21.2497,30.9979,40,0,3296.85,3018.06,2018-10-21,,True,695,False,True
226,2019-08-02 13:40:23.000000000,2020-10-05 22:57:49.000000000,430.387,464588,60,1,655.196,True,12.0504,12.875,14.5348,-3.29,0.0433356,2.56832,23.8727,33.7491,41.8746,0,2143.2,1962.8,2019-08-02,,True,410,False,True
227,2019-06-27 14:00:36.000000000,2020-10-05 22:59:59.000000000,466.375,576330,60,1,29.6422,True,12.4785,12.9326,14.6136,-3.40864,0.10277,1.14427,24.4999,32.2499,42.9984,0,1512.69,1288.3,2019-06-27,,True,446,False,True
228,2019-04-10 17:46:40.000000000,2020-10-05 22:59:44.000000000,544.217,717845,60,2,234.157,True,0.0149538,12.7071,14.5861,-3.55116,0.146487,2.72908,22.4994,31.9982,46.2486,1,3651.46,3476.15,2019-04-10,,True,524,False,True
229,2018-09-13 09:42:18.000000000,2020-10-05 22:59:05.000000000,753.553,944319,60,4,415.37,True,11.8181,12.6024,14.6968,-3.63569,0.127108,3.99123,20.9979,32.3735,40.6249,0,4983.41,4756.07,2018-09-13,,True,733,False,True
230,2018-12-19 15:01:45.000000000,2020-09-20 03:35:07.000000000,640.523,823196,60,7,384.421,True,0.0509651,12.8484,14.5565,-3.70153,0.121614,1.31876,22.1241,32.3735,41.4992,1,1801.88,1587.12,2018-12-19,,True,636,False,False
231,2019-06-10 14:44:42.000000000,2020-10-05 22:54:43.000000000,483.34,399128,60,1,481.143,True,12.0128,12.9,14.5736,-3.44709,0.00183108,2.25895,23.7491,31.2497,40.7485,0,2150.02,2016.88,2019-06-11,,True,462,False,True
232,2019-04-11 09:12:20.000000000,2020-09-30 19:27:02.000000000,538.427,517839,60,6,217.09,True,0.010071,12.9256,14.5724,-3.21965,0.0787366,1.22751,23.7491,31.6228,42.1241,2,1291.61,1048.89,2019-04-11,,True,523,False,True
233,2019-07-04 07:02:28.000000000,2020-10-05 22:59:57.000000000,459.665,590363,60,2,128.876,True,12.2243,12.8981,14.6029,-3.65843,0.127794,0.676432,22.9984,27.4983,39.1234,0,1383.57,1223.28,2019-07-04,,True,439,False,True
234,2019-01-22 12:46:19.000000000,2020-10-05 22:59:49.000000000,622.426,713079,60,2,73.0425,True,12.2652,12.8795,14.844,-3.65866,0.103685,2.89212,17.6242,23.312,35.8732,0,1361.92,1142.86,2019-01-22,,True,602,False,True
235,2019-05-31 12:13:28.000000000,2020-10-05 22:55:13.000000000,493.446,468678,60,1,165.491,True,12.3531,12.9409,14.916,-2.85405,0.0227359,4.94728,10.9979,21.2497,33.9986,0,1227.54,1029.01,2019-05-31,,True,473,False,True
236,2018-09-28 09:37:04.000000000,2020-10-05 22:54:08.000000000,738.554,719462,60,2,507.588,True,11.8688,12.7617,14.678,-3.65248,0.016556,2.44396,20.499,29.6246,40.6249,0,4552.65,4326.22,2018-09-28,,True,718,False,True
237,2018-10-01 13:19:04.000000000,2020-10-22 14:23:52.000000000,752.045,516680,60,3,148.274,True,12.3033,12.9223,14.7326,-3.73953,0.0138857,2.4976,22.1241,27.8737,38.3749,0,1765.85,1382.28,2018-10-01,,True,715,False,True
238,2019-03-13 15:16:42.000000000,2020-10-05 22:59:50.000000000,572.322,712870,60,1,57.0625,True,0.00488289,12.9339,14.5583,-3.59846,0.120699,1.24727,25.3742,33.6233,44.6235,3,2348.9,2070.1,2019-03-13,,True,552,False,True
239,2019-04-10 09:54:42.000000000,2020-10-05 22:55:07.000000000,544.542,502304,60,1,714.979,True,12.4807,13.2988,14.5946,-3.55787,-0.0497444,1.3856,21.7487,31.9982,42.2499,0,1517.11,1314.77,2019-04-10,,True,524,False,True
240,2019-04-14 17:58:10.000000000,2020-10-05 22:53:33.000000000,540.205,539838,60,1,191.752,True,11.7443,12.7837,14.7066,-3.76173,0.119326,2.64416,19.4987,28.3749,39.3729,0,2093.9,1907.06,2019-04-14,,True,520,False,True
241,2018-11-29 21:45:01.000000000,2020-10-05 22:59:14.000000000,676.052,832533,60,4,337.059,True,12.4822,12.9442,14.7311,-2.64981,0.121691,1.74388,18.9998,26.3745,38.1231,0,1800.06,1523.91,2018-11-29,,True,656,False,True
242,2018-12-26 17:37:30.000000000,2020-10-05 22:59:05.000000000,649.223,680731,60,1,222.786,True,0.00976577,12.9641,14.7094,-3.55764,0.115358,3.14794,25.2483,34.2481,45.6237,2,2065.06,1658.65,2018-12-26,,True,629,False,True
243,2019-03-01 17:19:40.000000000,2020-10-05 22:59:00.000000000,584.236,578660,60,0,20.2,True,11.3044,12.9308,14.7536,-3.72564,0.106584,3.3946,18.3749,23.9986,37.3747,0,1502.65,1258.39,2019-03-01,,True,564,False,True
244,2018-12-20 13:07:59.000000000,2020-10-05 22:59:54.000000000,655.411,689073,60,0,21.4386,True,11.6487,12.7236,14.5321,-3.77226,0.0344854,3.81056,24.9989,30.499,36.9993,0,2705.51,2529.28,2018-12-20,,True,635,False,True
245,2019-04-08 12:32:31.000000000,2020-10-05 22:59:04.000000000,546.435,543054,60,0,19.5484,True,12.4846,13.1716,14.742,-3.46189,-0.026627,2.07607,19.6246,28.1231,38.8739,0,1517.86,1321.93,2019-04-08,,True,526,False,True
246,2019-03-16 11:46:00.000000000,2020-10-05 22:59:12.000000000,569.467,703968,60,1,284.848,True,11.4427,12.8808,14.5016,-3.13199,0.125353,1.32036,23.7491,31.1238,38.9998,0,2096.11,1860.48,2019-03-16,,True,549,False,True
247,2019-05-14 17:23:24.000000000,2020-10-05 22:59:23.000000000,510.233,552926,60,3,171.064,True,12.4706,12.9903,14.7155,-3.39033,0.129778,2.21324,25.8732,32.3735,42.8748,0,1680.69,1461.52,2019-05-14,,True,490,False,True
248,2019-06-04 07:13:55.000000000,2020-10-04 01:27:50.000000000,487.76,524051,60,1,52.1544,True,12.3357,12.9934,14.663,-3.18463,0.062562,3.30419,21.7487,26.7498,37.4983,0,1549.02,1333.01,2019-06-04,,True,469,False,True
249,2018-09-12 10:06:54.000000000,2020-10-05 22:59:28.000000000,754.537,871578,60,1,547.291,True,12.1962,12.8975,14.7039,-3.75441,0.0572213,1.55444,16.9993,30.2495,43.7491,0,2746.48,2290.65,2018-09-12,,True,734,False,True
250,2018-09-25 18:43:04.000000000,2020-10-05 22:59:02.000000000,741.178,937426,60,2,621.777,True,11.3021,12.6857,14.7182,-3.51431,0.265278,2.59281,23.9986,32.4994,50.2495,0,4833.58,4546.81,2018-10-25,,True,691,True,True
251,2019-05-03 07:40:11.000000000,2020-10-05 22:52:07.000000000,521.633,610198,60,1,98.0342,True,12.2469,12.9534,14.6941,-3.25856,0.129931,3.25277,21.9982,27.2488,36.3745,0,1841.94,1648.09,2019-05-03,,True,501,False,True
252,2019-04-24 16:47:54.000000000,2020-10-05 22:55:47.000000000,530.255,428801,60,1,1599.14,True,12.2243,12.9369,14.6297,-3.70726,0.0283818,2.35523,21.8746,30.499,44.7494,0,896.396,741.658,2019-04-24,,True,510,False,True
253,2019-04-17 16:50:44.000000000,2020-10-05 22:59:06.000000000,537.256,692311,60,1,222.38,True,12.3265,12.9387,14.5327,-3.70901,0.11696,1.23117,25.6237,31.4992,41.6228,0,1718.72,1514.33,2019-04-17,,True,517,False,True
254,2019-04-09 09:45:25.000000000,2020-10-05 22:59:11.000000000,545.551,573040,60,0,21.9062,True,12.4235,13.1301,14.6346,-3.72244,-0.00762951,1.45418,26.2486,34.4999,44.6235,0,1553.13,1374.62,2019-04-09,,True,525,False,True
255,2019-01-24 07:24:07.000000000,2020-10-05 22:55:42.000000000,620.647,660580,60,2,44.3537,True,12.2066,12.9137,14.7579,-3.04219,0.0597391,4.64263,20.9979,27.7478,37.1229,0,1838.56,1661.63,2019-01-24,,True,600,False,True
256,2019-03-05 11:29:42.000000000,2020-10-05 22:57:16.000000000,580.477,601224,60,1,194.587,True,11.4485,12.9574,14.6416,-2.55367,0.114443,1.21965,22.3735,28.249,38.4985,0,1313.17,1086.64,2019-03-05,,True,560,False,True
257,2018-12-05 01:14:31.000000000,2020-10-07 13:55:30.000000000,672.528,870313,60,2,161.686,True,11.2224,12.6821,14.5611,-3.63798,0.122072,2.61631,25.3742,31.4992,42.7489,0,3556.37,3287.37,2018-12-05,,True,650,False,True
258,2018-09-04 13:27:31.000000000,2020-10-05 22:59:40.000000000,762.397,961139,60,0,23.17,True,12.2109,12.8569,14.7289,-3.33715,0.120241,1.06554,19.8741,26.2486,34.1863,0,2651.63,2380.69,2018-09-04,,True,742,False,True
259,2019-03-23 09:42:22.000000000,2020-10-05 22:59:01.000000000,562.553,579196,60,0,19.8417,True,11.1553,12.8881,14.6874,-3.77348,0,2.61769,20.1236,25.9991,32.9984,0,2966.5,2805.45,2019-03-23,,True,542,False,True
260,2019-05-25 02:46:11.000000000,2020-10-05 22:52:53.000000000,499.838,455100,60,1,496.685,True,11.3045,12.6943,14.4805,-3.53773,0.00587472,2.91127,25.4978,31.9982,40,0,1821.21,1719.94,2019-05-25,,True,479,False,True
261,2019-07-30 15:16:41.000000000,2020-09-19 22:24:45.000000000,417.297,481009,60,1,70.9286,True,0.278325,12.8563,14.5476,-2.82353,0.121614,1.77844,21.2497,32.3735,42.2499,1,1490.94,1327.92,2019-07-30,,True,413,False,False
262,2019-06-29 06:45:36.000000000,2020-10-05 22:59:28.000000000,464.676,335839,60,1,122.518,True,12.4898,13.0556,14.6969,-2.9369,0.00183108,1.55436,20.1236,25.4978,40.2495,0,746.502,581.334,2019-06-29,,True,444,False,True
263,2019-07-08 09:26:36.000000000,2020-10-05 22:59:35.000000000,455.565,574759,60,1,118.21,True,12.4837,12.9439,14.6117,-3.06424,0.115892,1.17411,22.3735,28.1231,34.6235,0,1288.92,1085.36,2019-07-08,,True,435,False,True
264,2019-06-28 12:53:30.000000000,2020-10-05 22:59:42.000000000,465.421,550780,60,0,21.6172,True,12.4843,12.9479,14.6758,-3.48112,0.20264,0.856413,20.1236,27.4983,36.2486,0,1428.47,1162.49,2019-06-28,,True,445,False,True
265,2019-06-12 09:27:02.000000000,2020-10-05 22:55:41.000000000,481.562,433222,60,1,1492.32,True,11.9783,12.8048,14.7955,-3.78019,0.0743877,2.30968,19.4987,26.3745,36.2486,0,1748.04,1620.83,2019-06-12,,True,461,False,True
266,2019-04-05 09:59:33.000000000,2020-10-05 22:59:52.000000000,549.542,508339,60,7,590.25,True,11.9357,12.9778,14.6392,-3.43107,0.0210575,2.40558,20.9979,28.249,37.1229,0,1388.59,1243.65,2019-04-05,,True,529,False,True
267,2019-06-28 12:36:19.000000000,2020-10-05 22:59:59.000000000,465.433,455048,60,2,217.876,True,11.9564,12.8167,14.7149,-3.70802,0.0337987,3.00961,16.2486,24.9989,37.7478,0,2533.74,2442.19,2019-06-28,,True,445,False,True
268,2019-05-03 16:16:34.000000000,2020-10-05 22:59:39.000000000,521.28,598204,60,1,350.555,True,12.2487,12.8341,14.6661,-3.33516,0.117494,3.17288,21.9982,25.8732,31.9982,0,1252.84,1068.56,2019-05-03,,True,501,False,True
269,2019-07-19 11:05:11.000000000,2020-10-05 22:59:26.000000000,444.496,564863,60,1,330.265,True,12.4807,12.961,14.6273,-2.76608,0.119173,0.968795,21.1238,27.7478,33.8727,0,1442.26,1257.07,2019-07-19,,True,424,False,True
270,2019-04-29 08:35:13.000000000,2020-10-05 22:54:25.000000000,525.597,554181,60,1,193.507,True,12.4465,12.9201,14.7652,-3.71382,0.0320439,1.37255,15.6237,23.1243,34.7494,0,1449.08,1288.83,2019-04-29,,True,505,False,True
271,2019-04-02 12:23:15.000000000,2020-10-05 22:59:46.000000000,552.442,695822,60,1,1002.83,True,12.1428,12.871,14.6056,-3.46677,0.176547,3.41688,22.3735,27.4983,34.9989,0,2223.31,1990.15,2019-04-02,,True,532,False,True
272,2019-04-17 05:42:12.000000000,2020-10-05 22:59:34.000000000,537.72,709890,60,1,116.534,True,12.4834,12.94,14.6044,-2.37308,0.121462,1.60388,23.3738,27.8737,37.8737,0,1676.05,1433.07,2019-04-17,,True,517,False,True
273,2019-06-13 09:20:12.000000000,2020-10-05 22:59:35.000000000,480.569,599965,60,1,571.358,True,12.173,12.8939,14.7338,-3.06157,0.122683,1.08156,19.4987,25.3742,33.4997,0,1578.83,1356.22,2019-06-13,,True,460,False,True
274,2019-06-13 09:24:56.000000000,2020-09-19 20:24:37.000000000,464.458,558660,60,1,356.914,True,12.4385,12.9265,14.66,-3.56474,0.112535,1.75181,21.9982,25.9991,30.499,0,1564.41,1396.98,2019-06-13,,True,460,False,False
275,2019-06-26 13:40:38.900000095,2020-10-05 22:59:27.000000000,467.388,539322,60,0,19.9952,True,11.1885,12.9717,14.645,-3.46983,0.122911,1.31678,21.7487,27.6242,32.7489,0,1390.37,1177.64,2019-06-26,,True,447,False,True
276,2019-06-10 09:46:56.000000000,2020-10-05 22:59:24.000000000,483.55,492589,60,1,1588.34,True,12.4092,12.9033,14.6078,-2.78401,0.11696,0.975128,22.1241,27.4983,35.6237,0,1361.55,1179.36,2019-06-10,,True,463,False,True
277,2019-05-21 12:05:43.000000000,2020-10-05 22:58:31.000000000,503.453,474265,60,1,572.87,True,11.7751,12.8872,15.6933,-2.80697,0.00740063,3.00099,15.2483,21.1238,29.6246,0,1240.9,1103.39,2019-05-21,,True,483,False,True
278,2019-05-19 00:37:31.000000000,2020-10-05 22:59:32.000000000,505.932,663318,60,1,268.283,True,12.329,12.9171,14.5257,-3.45296,0.213321,1.05913,25.3742,32.8748,44.7494,0,2118.9,1982.5,2019-05-19,,True,485,False,True
279,2019-06-25 18:36:06.000000000,2020-10-05 22:59:05.000000000,468.183,538893,60,0,20.1083,True,12.0003,12.9751,14.5537,-3.69009,0.117647,2.08225,26.4981,32.3735,41.1238,0,1272.96,1067.39,2019-06-25,,True,448,False,True
280,2019-04-15 10:07:24.000000000,2020-10-05 22:59:39.000000000,539.536,468331,60,1,343.017,True,12.4617,13.0199,14.8458,-2.92004,0.00190738,1.13642,15.4978,24.374,39.4987,0,1288.74,1136.42,2019-04-15,,True,519,False,True
281,2019-03-01 21:13:33.000000000,2020-10-05 22:50:52.000000000,584.068,445510,60,1,74.7351,True,0.00488289,13.0175,14.7567,-3.37682,0.0322728,2.28725,17.2488,24.9989,35.4978,2,1121.08,881.225,2019-03-01,,True,564,False,True
282,2019-05-24 09:54:43.000000000,2020-10-05 22:59:07.000000000,500.545,533164,60,1,449.97,True,11.6612,12.8878,17.16,-3.78874,0.12108,2.77302,18.1231,25.6237,37.1229,0,1498.27,1280.54,2019-05-24,,True,480,False,True
283,2018-11-13 07:44:08.000000000,2020-10-05 22:56:21.000000000,692.633,625671,60,2,266.635,True,11.4348,12.9659,14.822,-2.53277,0.0201419,1.16075,21.1238,28.1231,42.3735,0,1697.91,1323.68,2018-11-13,,True,672,False,True
284,2019-08-05 13:28:45.000000000,2020-10-05 22:59:42.000000000,427.396,493560,60,1,94.5958,True,12.4453,12.8719,14.7637,-3.29534,0.114748,1.69947,21.7487,26.6239,37.3747,0,1176.3,1007.57,2019-08-05,,True,407,False,True
285,2019-07-17 10:46:58.000000000,2020-10-05 22:54:29.000000000,446.505,571912,60,1,91.0619,True,11.9844,12.8627,14.7308,-3.53048,0.116579,4.6566,19.4987,24.873,33.3738,0,1303.2,1150.31,2019-07-17,,True,426,False,True
286,2019-07-16 18:08:03.000000000,2020-10-05 22:59:01.000000000,447.202,588977,60,1,92.5272,True,12.3223,12.9125,14.5467,-3.52567,0.217212,1.09339,24.374,33.6233,42.8748,0,2372.95,2154.34,2019-07-16,,True,427,False,True
287,2019-03-11 06:33:37.000000000,2020-10-05 22:59:07.000000000,574.684,767889,60,1,112.389,True,12.4819,12.9561,14.6667,-3.37285,0.128328,0.983673,20.6249,27.1229,37.8737,0,2124.65,1804.01,2019-03-11,,True,554,False,True
288,2018-11-26 12:06:40.000000000,2020-10-05 22:53:22.000000000,679.449,756629,60,5,480.551,True,11.7427,12.8011,14.6758,-3.68421,0.201801,4.32128,20,26.2486,33.8727,0,1986.07,1783.06,2018-11-26,,True,659,False,True
289,2018-10-16 08:50:06.000000000,2020-10-05 22:59:21.000000000,720.59,823833,60,2,47.7378,True,12.2893,12.8008,14.7161,-2.91516,0.109712,1.20958,20.8743,25.3742,41.8746,0,1763.19,1483.16,2018-10-16,,True,700,False,True
290,2019-05-21 12:31:19.000000000,2020-10-05 22:59:41.000000000,503.436,632089,60,2,303.838,True,12.3629,12.8051,14.6954,-3.68132,0.122759,1.39651,20.499,25.4978,34.6235,0,1712.17,1501.91,2019-05-21,,True,483,False,True
291,2019-05-29 14:02:27.000000000,2020-10-05 22:58:08.000000000,495.372,386225,60,3,477.391,True,11.6204,12.9134,14.7042,-3.83146,-0.053254,2.22621,18.9998,26.125,41.1238,0,1964.66,1803.62,2019-05-29,,True,475,False,True
292,2018-09-18 10:05:01.000000000,2020-10-05 22:59:48.000000000,748.538,985170,60,2,202.847,True,11.3582,12.9598,14.7698,-3.33112,0.219577,0.988174,18.249,24.6235,41.2497,0,2694.76,2617.68,2018-09-18,,True,728,False,True
293,2019-04-15 03:26:47.000000000,2020-10-05 22:59:03.000000000,539.814,567478,60,0,19.7536,True,12.4361,12.9482,14.6294,-3.51926,0.123369,0.850843,23.3738,28.8739,37.6242,0,1342.96,1199.39,2019-04-15,,True,519,False,True
294,2019-04-27 07:04:07.000000000,2020-10-05 22:59:12.000000000,527.663,478014,60,1,118.587,True,11.3994,12.8771,14.6526,-3.39727,0.0153353,3.54261,21.4992,32.3735,44.1245,0,1848.64,1576.85,2019-04-27,,True,507,False,True
295,2018-09-03 17:02:49.000000000,2020-10-05 22:59:20.000000000,763.248,841048,60,2,97.3028,True,12.0681,12.7938,14.7689,-3.61975,0.107424,3.40688,20.1236,26.125,35.4978,0,4682.95,4328.34,2018-09-03,,True,743,False,True
296,2019-04-10 21:05:06.000000000,2020-10-05 22:59:43.000000000,544.08,576486,60,1,211.917,True,11.3078,12.6464,14.5489,-3.78927,0.128939,2.36881,24.9989,32.4994,41.4992,0,2916.69,2753.81,2019-04-10,,True,524,False,True
297,2018-09-13 11:27:10.000000000,2020-10-05 22:55:08.000000000,753.478,760528,60,1,647.294,True,11.9423,13.0025,14.7558,-2.88212,0.00198367,1.60044,19.7482,24.7494,39.2493,0,1593.81,1533.32,2018-09-13,,True,733,False,True
298,2019-05-29 10:20:56.000000000,2020-10-05 22:57:12.000000000,495.525,490351,60,2,30.3771,True,1.34615,12.9699,14.6795,-2.96582,-0.0373083,0.559548,21.8746,26.2486,30.7485,0,984.688,915.056,2019-05-29,,True,475,False,True
299,2019-03-26 09:01:53.000000000,2020-09-25 01:31:41.000000000,548.687,475971,60,1,605.269,True,12.4105,13.0007,14.6087,-2.71,0.0340276,2.50958,22.1241,27.8737,37.6242,0,1134.23,955.406,2019-03-26,,True,539,False,True
300,2019-05-07 05:35:53.000000000,2020-10-05 22:57:03.000000000,517.723,597294,60,1,361.293,True,12.4791,12.8927,14.6883,-3.61028,0.109789,1.77676,19.6246,26.4981,37.7478,0,2154.68,2055.93,2019-05-07,,True,497,False,True
301,2019-03-26 12:31:16.000000000,2020-10-05 22:54:39.000000000,559.433,617568,60,1,426.843,True,12.4472,12.9488,14.8949,-3.7657,0.0806439,1.10033,12.7489,19.3729,29.7482,0,1465.28,1221.14,2019-03-26,,True,539,False,True
302,2018-09-17 12:59:47.000000000,2020-10-05 22:59:56.000000000,749.417,800199,60,3,449.302,True,1.31258,12.8423,14.6313,-3.41215,0.113451,2.2694,25.8732,32.2499,42.2499,0,2776.91,2346.43,2018-09-17,,True,729,False,True
303,2018-10-29 22:24:11.000000000,2020-10-05 22:59:22.000000000,707.024,868685,60,1,288.786,True,11.3069,12.6964,14.5303,-3.73747,0.125048,4.99596,23.1243,33.6233,50,0,5537.68,5060.47,2018-10-29,,True,687,False,True
304,2019-06-14 10:21:06.000000000,2020-10-05 22:59:42.000000000,479.527,392623,60,1,506.94,True,10.4594,12.9485,14.5925,-3.7985,0,2.40543,23.4997,28.249,35.8732,0,1132.99,882.107,2019-06-14,,True,459,False,True
305,2019-06-05 10:23:58.000000000,2020-10-05 22:59:25.000000000,488.525,533744,60,1,124.969,True,12.4236,12.9534,14.674,-3.10224,0.118029,1.24651,21.9982,26.6239,40.499,0,1384.7,1232.23,2019-06-05,,True,468,False,True
306,2019-04-26 05:27:32.000000000,2020-10-05 22:51:07.000000000,528.725,613152,60,0,19.652,True,11.8419,12.9042,14.6999,-3.68719,0.0572976,1.55131,19.8741,26.3745,32.8748,0,1856.8,1645.16,2019-04-26,,True,508,False,True
307,2019-07-12 15:30:12.700000048,2020-10-05 22:53:09.000000000,451.308,462760,60,1,423.265,True,12.2408,13.1307,14.7842,-3.78347,-0.00755322,0.80209,18.4985,25.1247,38.748,0,980.503,803.686,2019-07-12,,True,431,False,True
308,2019-03-04 11:51:08.000000000,2020-10-08 11:36:30.000000000,583.99,470698,60,0,20.8393,True,0.00976577,12.8331,14.613,-3.68452,0.0158694,2.67979,21.6228,29.4987,47.8737,1,2221.75,1994.38,2019-03-04,,True,561,False,True
309,2019-01-23 10:54:38.000000000,2020-09-20 14:32:50.000000000,606.152,751688,60,1,74.4997,True,12.4694,12.8432,14.7228,-2.81765,0.110475,0.883421,19.2493,24.1245,32.7489,0,1376.71,1125.52,2019-01-23,,True,601,False,False
310,2018-10-09 11:28:25.000000000,2020-10-05 22:59:18.000000000,727.48,939367,60,1,468.731,True,12.0653,12.8313,14.5834,-3.44495,0.192493,1.19615,24.374,31.6228,43.4997,0,3274.81,2951.84,2018-10-18,,True,698,True,True
311,2018-11-05 17:38:36.000000000,2020-10-05 22:59:08.000000000,700.223,859425,60,2,681.032,True,11.0759,12.8121,14.7829,-3.26116,0.12047,4.57305,20.6249,27.1229,38.9998,0,2076.32,1852.43,2018-11-05,,True,680,False,True
312,2019-07-17 15:13:06.000000000,2020-10-05 22:59:49.000000000,446.324,553440,60,3,214.244,True,12.4797,12.8939,14.8409,-3.19631,0.131456,1.64744,18.249,23.6233,36.6239,0,1501.18,1283.08,2019-07-17,,True,426,False,True
313,2018-11-26 06:25:16.000000000,2020-10-05 22:59:40.000000000,679.691,609741,60,2,457.769,True,12.108,13.2436,14.7039,-3.1146,-0.0531777,2.38025,21.3733,27.8737,51.2497,0,1541.25,1323,2018-11-26,,True,659,False,True
314,2018-12-27 08:49:35.000000000,2020-10-05 22:59:27.000000000,648.59,705489,60,1,220.31,True,11.6716,12.9116,14.8016,-2.98741,0.0202182,1.0444,19.6246,25.8732,33.1243,0,2589.31,2314.01,2018-12-27,,True,628,False,True
315,2018-11-27 09:59:47.000000000,2020-10-05 22:52:06.000000000,678.536,774849,60,5,438.313,True,12.0803,12.8157,14.6423,-3.64744,0.20264,2.34936,21.9982,26.6239,41.9982,0,3373.46,3033.9,2018-11-27,,True,658,False,True
316,2019-01-30 14:52:13.000000000,2020-10-08 13:29:09.000000000,616.942,484736,60,4,531.488,True,9.94858,12.893,14.6062,-3.54536,0.00183108,1.28565,21.6228,31.2497,41.6228,0,1552.77,1266.97,2019-01-30,,True,594,False,True
317,2019-07-03 08:16:47.000000000,2020-10-05 22:59:46.000000000,460.613,472336,60,13,221.568,True,12.473,12.8515,14.6233,-2.84405,0.123598,1.22072,22.623,27.2488,41.8746,0,1189.17,1076.21,2019-07-03,,True,440,False,True
318,2018-11-02 08:13:37.000000000,2020-09-19 15:28:35.000000000,687.302,874517,60,0,21.4986,True,11.9767,12.7214,14.667,-3.72778,0.134127,2.46349,21.7487,28.8739,38.9998,0,3819.73,3655.61,2018-11-02,,True,683,False,False
319,2019-04-09 07:36:57.000000000,2020-10-05 22:59:48.000000000,545.641,678777,60,1,138.778,True,11.9997,12.9125,15.2935,-3.09033,0.11841,2.81941,18.4985,23.8727,41.9982,0,1679.07,1437.84,2019-04-09,,True,525,False,True
320,2019-02-08 09:24:26.000000000,2020-10-05 22:58:58.000000000,605.566,758735,60,1,43.7803,True,12.2136,12.7892,14.6825,-3.52949,0.204547,3.37652,20.7485,26.125,34.873,0,1915.64,1785.6,2019-02-08,,True,585,False,True
321,2019-03-11 05:30:10.000000000,2020-10-09 12:29:18.000000000,578.291,432580,60,7,496.238,True,12.4544,13.0492,14.8241,-3.66415,0.0247196,1.56985,17.9995,26.3745,37.9995,0,1135.27,941.616,2019-03-11,,True,554,False,True
322,2019-06-26 12:16:35.000000000,2020-10-05 22:59:27.000000000,467.446,565532,60,1,239.886,True,11.9219,12.7745,14.6606,-3.7113,0.120089,2.38224,19.1234,25.9991,37.1229,0,1948.64,1773.99,2019-06-26,,True,447,False,True
323,2019-03-27 08:30:09.000000000,2020-10-09 03:17:05.000000000,561.783,522914,60,1,933.592,True,12.1804,12.9659,14.6377,-3.00381,0.110246,4.39643,21.7487,27.1229,37.7478,0,1276.87,1106.23,2019-03-27,,True,538,False,True
324,2019-07-19 10:17:56.000000000,2020-10-05 22:59:25.000000000,444.529,569785,60,1,381.129,True,11.6802,12.9808,17.0037,-2.96918,0.119097,1.90066,20.6249,26.7498,37.2488,0,1570.64,1370.12,2019-07-19,,True,424,False,True
325,2019-05-30 06:43:29.000000000,2020-10-05 22:59:54.000000000,494.678,651043,60,1,29.9228,True,0.010071,12.9131,14.6432,-2.96986,0.120928,1.70855,20.2495,27.7478,38.3749,1,1641.35,1473.47,2019-05-30,,True,474,False,True
326,2019-07-03 13:36:06.000000000,2020-10-05 22:58:12.000000000,460.39,503907,60,1,1582.68,True,11.2941,12.7791,14.6514,-3.40757,0.187839,2.32692,20.1236,32.2499,42.8748,0,2868.15,2734.22,2019-07-03,,True,440,False,True
327,2018-10-02 22:15:56.000000000,2020-10-12 13:05:54.000000000,740.618,537197,60,14,633.964,True,0.00488289,12.9122,14.6847,-3.77836,0.0277714,3.86931,21.1238,27.3747,38.4985,1,1666.49,1518.23,2018-10-02,,True,714,False,True
328,2018-09-13 14:44:10.000000000,2020-10-05 22:50:51.000000000,753.338,523950,60,20,482.711,True,12.0739,13.1276,14.6374,-3.46311,-0.0591287,2.02266,20.9979,27.6242,37.2488,0,1220.99,1017.23,2018-09-13,,True,733,False,True
329,2018-11-15 07:59:52.000000000,2020-10-05 22:57:45.000000000,690.624,730129,60,1,261.841,True,11.527,13.0446,14.6786,-3.65347,-0.0356298,1.19478,20.8743,31.6228,42.4994,0,2176.91,1821.53,2018-11-15,,True,670,False,True
330,2018-09-06 01:41:23.000000000,2020-10-05 22:52:43.000000000,760.883,723117,60,2,265.365,True,12.0592,12.7492,14.8699,-3.68757,0.0280766,2.04036,14.873,21.6228,32.9984,0,2911.96,2660.56,2018-09-06,,True,740,False,True
331,2018-09-03 17:02:45.000000000,2020-10-05 22:50:02.000000000,763.241,771281,60,1,122.945,True,12.4273,12.983,14.7115,-3.24788,0.110018,2.35782,17.9995,26.7498,40.7485,0,3012.25,2745.23,2018-09-03,,True,743,False,True
332,2018-12-06 17:57:21.000000000,2020-10-05 22:59:36.000000000,669.21,786207,60,1,56.1545,True,11.3237,12.7047,14.5327,-3.78912,0.11284,2.30838,27.1229,32.3735,42.4994,0,3635.27,3405.42,2018-12-06,,True,649,False,True
333,2018-09-07 08:33:04.000000000,2020-10-05 22:59:14.000000000,759.602,949542,60,1,43.2808,True,11.5978,12.8978,14.8299,-3.62638,0.219501,1.20195,20.0618,24.6853,33.5615,0,2951.94,2745.2,2018-09-07,,True,739,False,True
334,2019-07-15 12:13:26.000000000,2020-10-11 01:29:58.000000000,453.553,593107,60,2,113.161,True,11.8953,12.7767,14.4988,-3.76982,0.12192,2.70832,24.2481,32.7489,43.7491,0,2972.98,2753.7,2019-07-15,,True,428,False,True
335,2019-03-07 15:10:32.000000000,2020-10-05 22:59:29.000000000,578.326,743929,60,1,174.678,True,12.4813,12.8981,14.5957,-2.91684,0.200656,1.23095,23.3738,33.4997,41.4992,0,2038.64,1814.37,2019-03-07,,True,558,False,True
336,2019-06-26 11:21:26.000000000,2020-10-05 22:59:37.000000000,467.485,586227,60,1,126.745,True,11.9918,12.7541,14.6172,-3.77852,0.134737,2.4773,22.1241,27.9995,37.1229,0,2662.92,2516.18,2019-06-26,,True,447,False,True
337,2019-06-13 10:18:39.000000000,2020-10-05 22:55:46.000000000,480.526,465418,60,1,119.458,True,12.4755,13.3696,14.7643,-3.10063,-0.0450141,4.37804,19.8741,26.4981,38.748,0,1054.11,974.337,2019-06-13,,True,460,False,True
338,2019-03-25 09:53:39.000000000,2020-10-05 22:59:40.000000000,560.546,739517,60,0,20.0456,True,12.0558,12.9567,14.8373,-2.98268,0.115358,4.3315,21.1238,27.2488,34.374,0,1706.41,1520.69,2019-03-25,,True,540,False,True
339,2019-03-22 05:50:58.000000000,2020-10-05 22:57:17.000000000,563.713,654323,60,1,196.589,True,11.9896,12.875,14.7356,-3.31106,0.116503,2.13489,18.3749,25.4978,42.7489,0,1866.28,1650.5,2019-03-22,,True,543,False,True
340,2019-08-02 10:59:25.000000000,2020-10-05 22:59:53.000000000,430.5,473903,60,1,604.539,True,12.4804,12.9448,14.5763,-3.70001,0.132219,2.07813,24.1245,29.6246,36.8734,0,1236.34,1070.77,2019-08-02,,True,410,False,True
341,2018-10-25 00:09:06.000000000,2020-10-05 22:57:17.000000000,711.95,655257,60,1,83.1625,True,0.00976577,12.9915,14.6361,-3.7364,0,2.41779,22.623,31.8746,43.3738,6,3053.13,2750.5,2018-10-25,,True,691,False,True
342,2018-11-07 14:32:16.000000000,2020-11-02 12:58:29.000000000,725.935,606247,60,3,892.024,True,12.4645,13.005,14.8492,-2.47105,0.0256352,2.00763,19.4987,25.2483,39.3729,0,938.852,811.567,2018-11-07,,True,678,False,True
343,2019-03-13 12:29:13.000000000,2020-10-05 22:59:04.000000000,572.437,656093,60,1,272.85,True,12.0217,12.7846,14.5574,-3.60159,0.0423438,2.64286,23.2479,33.6233,43.7491,0,3971.59,3733.9,2019-03-13,,True,552,False,True
344,2019-07-09 14:02:09.000000000,2020-10-05 22:59:14.000000000,454.373,508649,60,1,527.171,True,11.035,12.9931,14.587,-3.01205,0.0392157,1.4136,23.7491,33.3738,43.1243,0,1508.39,1351.06,2019-07-09,,True,434,False,True
345,2019-04-12 07:42:12.000000000,2020-10-05 22:59:30.000000000,542.637,716838,60,2,124.125,True,12.4297,12.8927,14.7402,-3.49012,0.180438,3.97246,22.3735,28.3749,41.7487,0,2657.59,2481.16,2019-04-12,,True,522,False,True
346,2019-06-12 13:34:54.000000000,2020-10-05 22:59:58.000000000,481.392,623504,60,0,20.1618,True,12.3235,12.9207,14.5962,-3.7763,0.148241,1.75349,22.4994,27.2488,32.623,0,1807.35,1676.47,2019-06-12,,True,461,False,True
347,2019-04-11 12:17:21.000000000,2020-10-05 22:59:08.000000000,543.446,463061,60,4,1863.01,True,11.733,12.957,14.7878,-3.20874,0.0190738,1.63584,15.9991,19.8741,28.748,0,1062.06,865.171,2019-04-11,,True,523,False,True
348,2019-03-12 12:23:15.000000000,2020-10-10 01:59:14.000000000,577.567,703992,60,1,95.1715,True,12.4724,12.9372,14.8779,-3.36736,0.133135,3.0251,19.7482,25.8732,40.8743,0,1845.46,1631.84,2019-03-12,,True,553,False,True
349,2019-03-01 17:28:07.000000000,2020-10-05 22:59:36.000000000,584.23,683144,60,1,73.0959,True,12.4825,12.983,14.6816,-3.28641,0.209583,1.05928,21.4992,27.3747,36.7498,0,2149.11,1902.82,2019-03-01,,True,564,False,True
350,2019-03-13 16:42:02.000000000,2020-10-05 22:59:10.000000000,572.262,565207,60,1,246.157,True,12.4746,12.947,14.6026,-2.73594,0.0307469,1.14092,21.9982,32.4994,40.6249,0,1374.28,1149.09,2019-03-13,,True,552,False,True
351,2019-01-29 10:21:54.000000000,2020-10-05 22:59:11.000000000,615.526,820401,60,1,412.484,True,12.4804,12.9131,14.714,-2.90295,0.12192,3.7821,20,26.3745,36.3745,0,1651.73,1492.06,2019-01-29,,True,595,False,True
352,2019-03-14 15:47:03.000000000,2020-10-05 22:51:17.000000000,571.295,540155,60,1,1536.6,True,12.0284,12.7843,14.5803,-3.70474,0.0251011,1.76143,21.7487,33.8727,45.6237,0,3039.04,2841.74,2019-03-14,,True,551,False,True
353,2019-03-18 12:34:00.000000000,2020-10-05 22:59:31.000000000,567.434,701497,60,2,198.04,True,12.1367,12.6726,14.6004,-3.04623,0.11986,2.14206,22.623,29.6246,38.249,0,2844.04,2638.82,2019-03-18,,True,547,False,True
354,2019-07-17 09:59:04.000000000,2020-10-05 22:59:14.000000000,446.542,530852,60,1,381.205,True,12.3967,12.8655,14.7762,-3.56474,0.108873,0.775235,17.2488,22.1241,31.3733,0,1137.86,951.078,2019-07-17,,True,426,False,True
355,2018-09-06 16:42:52.000000000,2020-10-05 22:59:31.000000000,760.262,848907,60,1,505.972,True,0.00488289,12.9662,14.8107,-2.98543,0.0749218,1.04578,20.1236,24.873,35.7496,1,2093.05,1694.97,2018-09-06,,True,740,False,True
356,2019-03-26 07:11:11.000000000,2020-10-09 07:49:23.000000000,563.027,615750,60,1,458.012,True,12.4831,12.921,14.6728,-3.24559,0.113909,1.5201,22.1241,27.9995,37.8737,0,1605.43,1401.12,2019-03-26,,True,539,False,True
357,2019-04-01 13:11:23.000000000,2020-10-05 22:59:38.000000000,553.409,646050,60,1,1460.2,True,12.3349,12.8743,14.71,-3.64981,0.21622,2.12825,20.7485,26.4981,37.7478,0,1771.15,1539.12,2019-04-01,,True,533,False,True
358,2019-05-13 13:14:38.000000000,2020-10-05 22:54:03.000000000,511.402,439995,60,2,196.195,True,12.3571,13.0547,14.7527,-3.58915,0.0188449,2.12299,20,27.3747,37.8737,0,1484.38,1399.26,2019-05-13,,True,491,False,True
359,2019-04-20 09:25:44.000000000,2020-10-05 22:59:58.000000000,534.565,570588,60,2,190.396,True,11.2969,12.7944,14.6236,-3.79446,0.0171664,2.36393,22.7489,32.9984,44.374,0,3253.02,3052.82,2019-04-20,,True,514,False,True
360,2019-08-09 12:59:04.700000048,2020-10-05 22:58:06.000000000,423.416,412327,60,1,330.965,True,12.3708,13.0697,14.7646,-3.53353,-0.00755322,0.909133,17.9995,24.2481,35.2483,0,942.296,755.915,2019-08-09,,True,403,False,True
361,2019-03-14 09:47:31.000000000,2020-10-05 22:56:47.000000000,571.548,557510,60,1,216.95,True,12.2533,13.21,14.7494,-3.68742,-0.0717937,1.7219,20.499,26.3745,43.6233,0,2295.76,2147.68,2019-03-14,,True,551,False,True
362,2019-06-28 12:31:17.000000000,2020-10-05 22:59:42.000000000,465.436,434514,60,1,2546.96,True,12.3015,12.8038,14.7008,-3.45335,0.118486,4.58938,19.7482,25.3742,35.9991,0,1242.81,1156.18,2019-06-28,,True,445,False,True
363,2019-07-22 11:03:32.000000000,2020-10-08 07:45:54.000000000,443.863,590645,60,1,164.267,True,12.4581,12.8692,14.7494,-3.61433,0.120089,3.22957,22.623,28.1231,37.2488,0,2067.06,1832.44,2019-07-22,,True,421,False,True
364,2018-09-20 21:54:18.000000000,2020-10-05 22:55:08.000000000,746.042,670696,60,1,240.905,True,12.4788,13.2696,14.6853,-2.20378,-0.0432593,1.04585,20.6249,28.4985,36.9993,0,1407.04,1131.71,2018-09-20,,True,726,False,True
365,2019-05-22 13:44:28.000000000,2020-10-05 22:59:21.000000000,502.385,646274,60,1,168.815,True,12.1346,12.8856,14.5657,-3.22644,0.131075,0.846113,24.9989,32.7489,43.2479,0,1684.49,1550.8,2019-05-22,,True,482,False,True
366,2019-07-20 11:56:21.000000000,2020-10-05 22:59:15.000000000,443.46,569589,60,1,360.781,True,0.00976577,12.9577,14.8894,-3.13428,0.11696,0.909209,13.3738,21.9982,35.9991,3,1290.64,1118.87,2019-07-20,,True,423,False,True
367,2019-04-09 09:36:11.000000000,2020-10-06 08:39:18.000000000,545.96,604918,60,1,241.36,True,12.4758,12.9961,14.779,-3.12291,0.0668345,1.12688,16.6239,22.7489,38.9998,0,1530.95,1394.69,2019-04-09,,True,525,False,True
368,2018-12-12 06:41:04.000000000,2020-10-23 01:27:59.000000000,680.783,841355,60,1,159.188,True,12.267,12.838,14.6923,-2.89799,0.1252,2.26459,19.6864,24.9989,32.8107,0,1945.78,1806.85,2018-12-12,,True,643,False,True
369,2019-03-01 18:33:09.000000000,2020-10-09 09:49:52.000000000,587.637,594144,60,4,122.951,True,12.1462,13.0001,14.8956,-3.55863,0.0170138,2.82811,14.374,23.6233,35.6237,0,2429.73,2204.38,2019-03-01,,True,564,False,True
370,2019-03-13 07:04:22.000000000,2020-10-05 22:59:14.000000000,572.663,702739,60,1,96.4477,True,11.7845,12.9842,14.67,-3.39788,0.127031,1.35004,21.1238,27.7478,39.3729,0,1779.61,1597.55,2019-03-13,,True,552,False,True
371,2019-08-08 09:34:18.000000000,2020-10-05 22:59:43.000000000,424.559,480115,60,1,442.002,True,12.5161,12.9958,14.5357,-2.6862,0.109712,2.35515,25.1247,31.7487,40,0,926.313,712.372,2019-08-08,,True,404,False,True
372,2019-05-22 13:43:16.000000000,2020-10-05 22:59:33.000000000,502.386,660457,60,1,97.1191,True,0.00488289,12.7993,14.5592,-3.08499,0.120089,1.0296,23.8727,31.4992,40,2,1775.25,1644.2,2019-05-22,,True,482,False,True
373,2019-02-28 22:47:24.000000000,2020-10-22 21:54:29.000000000,601.963,399339,60,1,288.017,True,12.5304,13.3782,14.6197,-2.04654,-0.0514229,2.13901,20.9979,33.8727,45.1247,0,776.868,474.834,2019-02-28,,True,565,False,True
374,2018-10-05 13:15:19.000000000,2020-10-05 22:59:45.000000000,731.406,1012580,60,3,172.218,True,11.9365,12.6415,14.6395,-3.60334,0.143816,2.62821,22.1241,27.4983,39.4987,0,3863.86,3848.99,2018-10-05,,True,711,False,True
375,2019-03-12 13:34:13.000000000,2020-10-05 22:59:07.000000000,573.392,660967,60,1,263.597,True,12.452,12.8777,14.6618,-2.87259,0.119326,1.29381,20.6249,26.4981,38.3749,0,1524.19,1291.78,2019-03-12,,True,553,False,True
376,2019-07-12 11:21:47.000000000,2020-10-05 22:59:17.000000000,451.484,431787,60,2,111.446,True,12,12.9821,14.5834,-3.63416,-0.0299077,2.00443,24.7494,30.9979,37.8737,0,1650.77,1477.81,2019-07-12,,True,431,False,True
377,2018-09-20 21:38:22.000000000,2020-10-05 22:59:30.000000000,746.056,587754,60,3,255.282,True,11.6542,12.8856,14.6423,-3.75181,0.00190738,2.34493,23.8727,31.3733,46.4981,0,2601.45,2368.57,2018-10-18,,True,698,True,True
378,2019-03-12 11:45:40.000000000,2020-10-05 22:59:32.000000000,573.468,495864,60,3,129.487,True,12.0824,12.9735,14.7967,-3.48402,0.0283055,4.25139,14.7494,22.3735,40.9979,0,1304.47,1100.85,2019-03-12,,True,553,False,True
379,2019-03-13 09:31:14.000000000,2020-10-05 22:59:56.000000000,572.562,632921,60,4,143.712,True,12.4343,12.9293,14.7424,-3.18242,0.123522,1.83726,19.1234,25.2483,42.9984,0,1931.82,1701.07,2019-03-13,,True,552,False,True
380,2019-04-09 09:28:48.000000000,2020-10-05 22:57:21.000000000,545.561,658163,60,0,20.5824,True,12.4916,12.9766,14.5528,-3.3283,0.0807965,1.35576,23.8727,33.3738,43.4997,0,1905.56,1701.68,2019-04-09,,True,525,False,True
381,2019-03-28 12:57:45.000000000,2020-10-05 22:59:22.000000000,557.418,680902,60,1,577.079,True,12.4642,12.9332,14.724,-3.60662,0.124743,3.35325,22.1241,28.1231,34.9989,0,1818.25,1607.94,2019-03-28,,True,537,False,True
382,2019-05-24 22:11:24.000000000,2020-10-05 22:59:40.000000000,500.034,646077,60,1,146.711,True,11.3046,12.5039,14.5129,-3.75105,0.209125,2.62173,26.125,31.6228,40.499,0,2751.03,2609.36,2019-05-24,,True,480,False,True
383,2019-06-25 11:40:27.000000000,2020-10-08 09:10:28.000000000,470.896,485463,60,1,1471.83,True,12.0516,12.885,14.6328,-3.18242,0.12047,2.50301,25.1247,31.4992,42.9984,0,1997.86,1778.4,2019-06-25,,True,448,False,True
384,2019-03-28 12:56:56.000000000,2020-10-23 04:26:08.000000000,574.645,705910,60,0,21.7404,True,12.4791,12.9272,14.7497,-3.72885,0.12459,1.39269,19.2493,22.7489,36.2486,0,1699.32,1566.35,2019-03-28,,True,537,False,True
385,2019-01-02 18:24:37.000000000,2020-10-13 12:08:12.000000000,649.739,735167,60,1,1588.45,True,10.9145,12.882,14.551,-3.7187,0.118639,1.21912,23.6233,35.1247,45.3742,0,2419.09,2092.77,2019-01-02,,True,622,False,True
386,2019-07-15 09:27:40.000000000,2020-09-20 16:24:52.000000000,433.29,438560,60,1,288.722,True,12.2463,12.9912,14.5821,-2.67514,-0.00373846,3.96788,22.2499,29.1234,37.2488,0,1372.92,1208.77,2019-07-15,,True,428,False,False
387,2019-04-23 08:30:12.000000000,2020-10-05 22:59:05.000000000,531.603,529678,60,2,1109.68,True,11.9762,12.6778,14.652,-3.78889,0.0489815,2.60006,19.7482,25.3742,30.8743,0,2419.91,2291.7,2019-04-23,,True,511,False,True
388,2019-05-20 13:13:53.000000000,2020-09-27 00:40:28.000000000,495.477,655512,60,1,64.1345,True,12.3659,12.8203,14.6584,-2.63149,0.172808,1.11322,22.1241,27.1229,35.2483,0,1761.18,1572.94,2019-05-20,,True,484,False,True
389,2019-03-05 16:51:19.000000000,2020-10-15 17:42:04.000000000,590.035,595768,60,4,283.481,True,12.4746,13.1041,14.6761,-2.86694,-0.0331884,4.65156,19.3729,26.125,37.4983,0,1621.5,1519.82,2019-03-05,,True,560,False,True
390,2018-12-10 16:08:17.000000000,2020-10-05 22:55:53.000000000,665.283,683046,60,2,101.489,True,0.00488289,13.0022,14.529,-3.68246,-0.00198367,2.34852,23.2479,32.9984,44.6235,5,2099.83,1643.36,2018-12-10,,True,645,False,True
391,2018-10-19 10:15:33.000000000,2020-10-05 22:58:45.000000000,717.53,766162,60,1,163.608,True,11.7855,12.9616,14.7054,-2.90974,0.0197604,0.917983,18.9998,25.8732,40.9979,0,1661.86,1398.92,2018-10-19,,True,697,False,True
392,2018-09-05 07:05:46.000000000,2020-11-03 16:40:51.000000000,790.399,501785,60,2,578.847,True,12.4782,13.4353,14.8202,-2.57794,-0.0378424,1.0618,16.8734,23.1243,38.8739,0,1180.13,788.429,2018-09-05,,True,741,False,True
393,2019-03-06 09:02:47.000000000,2020-10-07 05:08:56.000000000,580.838,433931,60,1,105.385,True,12.0699,13.0016,14.7497,-3.74365,0,2.46838,19.1234,27.7478,37.2488,0,2305.11,2060.05,2019-03-06,,True,559,False,True
394,2019-07-02 18:18:22.000000000,2020-10-05 22:59:42.000000000,461.195,591056,60,1,143.413,True,12.2454,12.9308,14.761,-3.62783,0.299153,3.15175,24.6235,32.8748,41.7487,0,2723.91,2460.59,2019-07-02,,True,441,False,True
395,2019-07-17 09:06:54.000000000,2020-10-05 22:50:54.000000000,446.572,407690,60,2,93.8239,True,11.7064,13.0211,14.8092,-3.27977,0,3.13352,15.3742,21.8746,30.7485,0,973.034,820.686,2019-07-17,,True,426,False,True
396,2019-05-17 12:09:56.000000000,2020-09-24 13:35:23.000000000,496.059,519739,60,3,907.68,True,12.238,12.8594,14.6334,-3.66743,0.222858,1.25963,18.6244,30.499,40.6249,0,2012.9,1849.96,2019-05-17,,True,487,False,True
397,2019-06-12 15:42:54.000000000,2020-10-05 22:59:09.000000000,481.303,544451,60,1,1048.13,True,11.9661,12.8499,14.912,-2.84703,0.119097,0.900969,13.6233,17.4983,30.3731,0,1172.37,1008.78,2019-06-12,,True,461,False,True
398,2019-03-04 06:52:13.000000000,2020-09-24 15:25:07.000000000,570.356,417966,60,3,714.753,True,10.8525,12.9122,15.7641,-3.21355,0,1.42245,20.8743,27.2488,35.1247,0,1433.95,1222.57,2019-03-08,,True,557,True,True
399,2019-06-12 13:40:57.000000000,2020-10-05 22:59:23.000000000,481.388,485439,60,2,150.827,True,11.3725,12.6177,14.7234,-3.83177,0.107729,2.01114,18.1231,24.2481,30.9979,0,1949.33,1724.51,2019-06-12,,True,461,False,True
400,2019-06-11 14:07:08.000000000,2020-10-05 22:59:21.000000000,482.37,612745,60,1,67.6006,True,11.0527,12.8756,14.6578,-2.7602,0.115816,3.11353,18.9998,26.6239,36.7498,0,1385.6,1200.08,2019-06-11,,True,462,False,True
401,2019-03-12 13:35:00.000000000,2020-10-05 22:59:43.000000000,573.392,499396,60,20,210.168,True,12.4752,12.9189,14.6471,-3.33196,0.108644,1.25162,21.6228,26.9993,40.8743,0,1185.22,968.778,2019-03-12,,True,553,False,True
402,2018-11-26 03:27:07.000000000,2020-10-05 22:50:04.000000000,679.808,645665,60,1,239.287,True,12.3497,12.9723,14.7588,-3.01923,0.0337987,0.942779,17.7478,24.873,36.7498,0,1326,1112.23,2018-11-26,,True,659,False,True
403,2019-04-29 06:32:16.000000000,2020-09-19 15:21:46.000000000,509.368,612562,60,2,459.937,True,12.4706,12.7941,14.7283,-3.54047,0.199817,1.87388,19.2493,25.4978,37.7478,0,1937.06,1767.89,2019-04-29,,True,505,False,False
404,2019-07-26 19:17:12.000000000,2020-10-05 22:59:41.000000000,437.155,561595,60,1,97.3895,True,11.9872,12.7071,14.5595,-3.6746,0.211795,2.56367,22.2499,31.1238,42.623,0,2447.07,2293.83,2019-07-26,,True,417,False,True
405,2019-01-25 12:14:30.000000000,2020-10-05 22:55:35.000000000,619.445,586293,60,1,116.196,True,12.2542,13.1518,14.7082,-3.30663,-0.0559243,1.40856,21.6228,27.8737,39.7482,0,1836.27,1542.99,2019-01-25,,True,599,False,True
406,2018-11-16 09:06:59.000000000,2020-10-05 22:57:56.000000000,689.577,706686,60,1,1062.6,True,10.9517,12.9473,14.5671,-3.30816,0.0335698,1.93919,24.4999,33.2479,50.2495,0,2566.89,2212.49,2018-11-16,,True,669,False,True
407,2018-11-09 15:12:45.000000000,2020-10-05 22:59:14.000000000,696.324,953088,60,1,221.091,True,11.1382,12.8634,14.6139,-3.35027,0.150225,1.3698,23.8727,29.7482,42.3735,0,3195.57,2975.44,2018-11-09,,True,676,False,True
408,2019-06-11 08:59:21.000000000,2020-10-05 22:59:14.000000000,482.583,550407,60,1,623.914,True,11.5483,12.6247,14.6014,-3.63607,0.127413,2.45022,23.3738,31.4992,38.748,0,2437.21,2328.53,2019-06-11,,True,462,False,True
409,2019-04-10 13:47:48.000000000,2020-10-05 22:59:14.000000000,544.383,533206,60,2,173.968,True,0.0653086,12.9274,14.6026,-3.30404,0.0772869,1.06172,22.623,31.3733,42.7489,2,1413.06,1245.22,2019-04-10,,True,524,False,True
410,2019-04-17 05:34:08.000000000,2020-10-05 22:58:14.000000000,537.725,492059,60,1,408.317,True,11.8914,12.9696,14.6249,-3.77966,0.0343328,2.36423,24.6235,30.7485,38.748,0,2575.49,2365.58,2019-04-17,,True,517,False,True
411,2019-05-06 09:33:30.000000000,2020-10-05 22:59:27.000000000,518.56,669808,60,1,618.369,True,12.4425,12.9494,14.6523,-3.61448,0.17464,4.94575,20,26.6239,37.6242,0,2120.49,1968.42,2019-05-06,,True,498,False,True
412,2019-04-18 08:01:36.000000000,2020-10-05 22:57:22.000000000,536.622,618854,60,1,863.791,True,11.8978,12.7263,14.7539,-3.89204,0.123674,2.19722,17.9995,25.8732,37.6242,0,2831.95,2674.77,2019-04-18,,True,516,False,True
413,2019-08-06 12:51:56.000000000,2020-10-05 22:59:38.000000000,426.422,395394,60,1,48.2609,True,0,12.9619,14.5797,-3.21149,0.108721,4.61067,22.7489,30.9979,42.4994,1,1050.64,836.767,2019-08-06,,True,406,False,True
414,2018-12-31 22:39:21.000000000,2020-10-25 13:09:17.000000000,663.604,433003,60,4,129.713,True,0.386969,13.3758,14.5925,-3.80011,-0.0716411,0.858396,24.7494,32.3735,40.7485,2,1127.44,669.8,2018-12-31,,True,624,False,True
415,2018-11-20 21:44:46.000000000,2020-10-05 22:59:34.000000000,685.052,610675,60,1,34.1668,True,12.1459,12.874,14.5547,-3.60372,0.0840009,1.33227,24.374,33.8727,43.2479,0,2137.59,1873.9,2018-11-20,,True,665,False,True
416,2019-07-11 13:47:54.000000000,2020-10-05 22:59:03.000000000,452.383,566505,60,2,74.3197,True,12.3763,12.9189,14.8785,-3.59747,0.114137,2.00435,14.7494,20.499,33.7491,0,1424.71,1158.64,2019-07-11,,True,432,False,True
417,2018-12-28 09:17:46.000000000,2020-09-19 17:26:20.000000000,631.339,845194,60,3,352.427,True,12.354,12.8054,14.6352,-3.2887,0.133516,3.34508,23.2479,28.4985,34.1245,0,1860.69,1646.32,2018-12-28,,True,627,False,False
418,2018-11-03 12:54:40.000000000,2020-10-05 22:59:37.000000000,702.42,949059,60,1,137.963,True,12.4459,12.8954,14.6581,-3.27893,0.108339,2.48425,20.9979,28.1231,39.6246,0,2276.14,1926.01,2018-11-03,,True,682,False,True
419,2019-04-07 15:12:24.000000000,2020-09-28 21:38:51.000000000,540.268,669516,60,1,32.3644,True,0.010071,12.8209,14.7515,-3.5333,0.104295,1.13542,16.7498,27.3747,41.7487,2,1788.16,1562.04,2019-04-07,,True,527,False,True
420,2019-07-17 14:49:41.000000000,2020-10-05 22:59:06.000000000,446.34,528757,60,1,700.539,True,12.2033,12.8899,14.7143,-3.49271,0.12253,1.20378,20.7485,26.8734,36.3745,0,1678.49,1448.11,2019-07-17,,True,426,False,True
421,2019-07-31 12:18:40.000000000,2020-10-05 22:59:00.000000000,432.445,531083,60,3,288.157,True,12.445,12.9177,14.6935,-3.32097,0.119631,1.26581,19.8741,26.7498,35.8732,0,1518.11,1307.16,2019-07-31,,True,412,False,True
422,2019-08-07 16:56:06.000000000,2020-10-05 22:55:50.000000000,425.25,462443,60,1,239.336,True,12.2899,12.9467,14.5934,-2.79377,0.205463,0.6598,22.8748,31.9982,42.4994,0,1425.23,1207.06,2019-08-07,,True,405,False,True
423,2019-05-30 07:58:58.000000000,2020-10-04 11:24:32.000000000,493.143,509597,60,1,172.612,True,11.9451,13.0416,14.7524,-2.95583,0.00190738,2.87564,20.3731,26.8734,39.6246,0,1103.71,885.803,2019-05-30,,True,474,False,True
424,2019-07-16 18:29:28.000000000,2020-10-05 22:56:27.000000000,447.185,344129,60,2,110.766,True,11.9887,12.9183,14.6023,-3.72,0.009308,2.23873,23.4997,30.499,40.7485,0,1481.11,1271.84,2019-07-16,,True,427,False,True
425,2018-12-06 10:40:18.000000000,2020-10-05 22:59:15.000000000,669.513,857536,60,1,109.566,True,11.5312,12.6348,14.6246,-3.62188,0.116808,2.8912,24.873,31.6228,44.2481,0,3059.15,2836,2018-12-06,,True,649,False,True
426,2019-07-03 08:16:37.000000000,2020-10-05 22:56:48.000000000,460.611,504767,60,1,49.0689,True,12.477,13.113,14.6575,-2.62394,0.00183108,1.06851,21.4992,28.6244,39.1234,0,1172.87,1008.14,2019-07-03,,True,440,False,True
427,2019-03-14 03:40:48.000000000,2020-10-05 22:59:57.000000000,571.805,580823,60,0,19.2364,True,11.9377,12.8927,14.5336,-2.84825,0,2.21439,23.7491,32.3735,41.9982,0,2608.76,2288.02,2019-03-14,,True,551,False,True
428,2019-04-26 13:27:01.000000000,2020-10-05 22:54:23.000000000,528.394,458156,60,4,168.059,True,12.1517,13.2515,14.5983,-3.79652,-0.0228122,1.39681,20.1236,32.8748,47.7478,0,1397.06,1188.28,2019-04-26,,True,508,False,True
429,2019-04-08 11:58:53.000000000,2020-10-05 22:59:48.000000000,546.459,489065,60,1,96.3891,True,12.4834,13.1005,14.9258,-3.09377,0,2.88426,18.4985,22.3735,39.8741,0,1512.76,1339.16,2019-04-08,,True,526,False,True
430,2019-07-30 10:25:44.000000000,2020-10-05 22:59:09.000000000,433.523,572850,60,1,119.917,True,11.4583,12.8701,14.5919,-3.16365,0.194476,1.92401,21.7487,31.2497,42.7489,0,2272.71,2108.99,2019-07-30,,True,413,False,True
431,2019-07-24 15:12:37.000000000,2020-10-03 23:34:41.000000000,437.349,562619,60,1,376.918,True,12.1633,12.8209,14.7897,-3.68467,0.101549,0.689937,15.3742,22.8748,35.4978,0,1086.12,882.601,2019-07-24,,True,419,False,True
432,2018-10-19 08:07:32.000000000,2020-09-25 11:53:31.000000000,707.157,794246,60,2,60.0499,True,12.4791,12.8899,14.7256,-3.58381,0.120623,0.891356,20.1236,28.1231,42.9984,0,2546.58,2169.16,2018-10-19,,True,697,False,True
433,2018-09-28 08:59:33.000000000,2020-10-05 22:59:48.000000000,738.584,745661,60,1,360.401,True,12.4797,12.918,14.7976,-2.77836,0.103609,1.35523,18.9998,26.125,50.1236,0,1658.86,1233.61,2018-09-28,,True,718,False,True
434,2019-04-09 14:16:24.000000000,2020-10-05 22:59:07.000000000,545.363,546790,60,1,382.523,True,12.4758,12.9995,14.6365,-3.68017,0.100099,1.23552,22.9984,28.8739,40.8743,0,1322.04,1117.77,2019-04-09,,True,525,False,True
435,2019-03-21 03:56:56.000000000,2020-10-05 22:59:45.000000000,564.794,724466,60,1,73.6056,True,12.358,12.8713,14.5721,-3.62821,0.120394,1.35149,23.7491,30.8743,39.4987,0,2048.97,1785.8,2019-03-21,,True,544,False,True
436,2019-04-17 09:36:43.000000000,2020-10-13 16:20:59.000000000,545.281,321179,60,10,206.792,True,12.0708,12.9464,14.7124,-3.45487,-0.0380713,1.81788,18.3749,25.6237,35.8732,0,1689.59,1494.55,2019-04-17,,True,517,False,True
437,2018-09-18 12:01:35.000000000,2020-10-05 22:56:00.000000000,748.454,1000169,60,0,23.5714,True,12.1849,12.8676,14.7747,-3.32441,0.200275,1.04837,21.1856,25.2483,29.7482,0,3071.11,2799.8,2018-09-18,,True,728,False,True
438,2019-07-09 11:02:18.000000000,2020-10-05 22:59:29.000000000,454.498,593068,60,1,598.571,True,12.1938,12.7654,14.6325,-3.52506,0.213397,1.96933,20.6249,30.9979,40.9979,0,2544.3,2386.75,2019-07-09,,True,434,False,True
439,2019-03-27 13:10:03.000000000,2020-10-05 22:59:21.000000000,558.409,694582,60,1,47.2495,True,0.350042,12.7095,14.5211,-3.45396,0.124743,3.01427,23.4997,31.8746,43.7491,2,2651.61,2433.63,2019-03-27,,True,538,False,True
440,2018-09-11 09:55:46.000000000,2020-10-05 22:59:08.000000000,755.544,796079,60,4,220.612,True,12.072,12.8789,14.6651,-3.28832,0.125505,2.99008,22.1241,28.8739,38.6244,0,3114.29,2966.58,2018-09-11,,True,735,False,True
441,2019-05-14 14:37:28.000000000,2020-10-05 22:55:38.000000000,510.346,660001,60,2,125.36,True,0.0549325,12.939,14.5351,-3.46494,0.169986,1.02159,23.8727,32.1241,41.9982,1,1970.79,1778.12,2019-05-14,,True,490,False,True
442,2019-05-08 12:04:02.000000000,2020-10-05 22:59:19.000000000,516.455,650401,60,1,646.437,True,11.928,12.8457,14.6807,-2.92523,0.155566,2.38453,21.8746,26.4981,31.1238,0,2141.8,2013.85,2019-05-08,,True,496,False,True
443,2019-01-30 08:42:57.000000000,2020-10-05 22:59:33.000000000,614.595,752792,60,0,21.3328,True,12.4837,12.9567,14.6825,-3.32418,0.106966,1.62463,20,25.4978,31.8746,0,1961.9,1742.13,2019-01-30,,True,594,False,True
444,2019-05-30 12:18:32.000000000,2020-10-05 22:55:29.000000000,494.442,659794,60,1,292.823,True,12.3632,12.9036,14.699,-2.82788,0.124056,4.26192,19.3729,26.7498,35.8732,0,1757.69,1596.19,2019-05-30,,True,474,False,True
445,2019-08-09 10:50:38.500000000,2020-10-05 22:59:40.000000000,423.506,514723,60,1,403.091,True,12.3503,12.9061,14.6883,-3.50103,0.111849,0.88922,22.3735,27.4983,38.1231,0,1086.61,898.625,2019-08-09,,True,403,False,True
446,2019-01-04 20:18:07.000000000,2020-10-26 06:59:14.000000000,660.445,724173,60,1,26.8067,True,0.0302129,12.7791,14.537,-3.19051,0.127031,1.93606,24.6235,32.3735,40.8743,1,2545.85,2234.39,2019-01-04,,True,620,False,True
447,2019-08-08 13:35:13.000000000,2020-10-05 22:59:42.000000000,424.392,550232,60,1,204.317,True,12.4089,12.9564,14.8043,-3.07645,0.125887,0.962234,16.7498,21.2497,38.4985,0,1225.33,1149.91,2019-08-08,,True,404,False,True
448,2019-03-29 11:31:52.000000000,2020-10-05 22:58:58.000000000,556.477,719207,60,1,92.0781,True,12.2158,12.9,14.659,-3.37697,0.196231,1.34188,20.1236,25.7496,32.7489,0,2085.23,1827.15,2019-03-29,,True,536,False,True
449,2018-11-27 15:46:55.000000000,2020-10-05 22:54:12.000000000,678.297,671341,60,1,217.728,True,12.221,12.8942,14.7167,-2.59915,0.11841,1.6479,19.3729,25.2483,42.8748,0,1735.09,1460.73,2018-11-27,,True,658,False,True
450,2018-11-16 20:03:43.000000000,2020-10-05 22:59:50.000000000,689.122,822211,60,1,99.0173,True,12.0104,12.8252,14.6862,-3.53254,0.10956,2.3331,20.2495,27.4983,39.3729,0,2515.56,2175.75,2018-11-16,,True,669,False,True
451,2019-04-08 12:16:22.000000000,2020-10-05 22:59:45.000000000,546.447,540704,60,2,101.576,True,12.3752,12.9928,14.7237,-3.20768,0.0875868,1.4049,20,23.9986,42.8748,0,1565.91,1359.08,2019-04-08,,True,526,False,True
452,2018-11-30 09:28:13.000000000,2020-10-05 22:59:37.000000000,675.563,789489,60,1,74.7298,True,12.2258,12.9775,14.7335,-3.43862,0.0810254,0.755398,19.1234,25.3742,42.9984,0,1677.02,1388.81,2018-11-30,,True,655,False,True
453,2019-03-25 09:25:18.000000000,2020-10-05 22:59:48.000000000,560.566,746488,60,1,457.906,True,0.0201419,12.9131,14.7189,-3.62966,0.121233,4.20745,19.7482,26.6239,34.873,1,1663.37,1435.9,2019-03-25,,True,540,False,True
454,2019-04-17 13:22:34.000000000,2020-10-05 22:59:40.000000000,537.401,684570,60,1,811.696,True,12.4523,12.95,14.7439,-3.21637,0.119173,1.10613,18.9998,24.4999,33.8727,0,1696.58,1503.67,2019-04-17,,True,517,False,True
455,2019-04-01 12:19:21.000000000,2020-10-05 22:59:19.000000000,553.444,556411,60,1,37.0885,True,0.010071,12.9552,14.5891,-3.51888,0.0341802,1.22301,22.4994,30.1236,41.4992,3,1567.08,1334.12,2019-04-01,,True,533,False,True
456,2019-04-23 13:43:57.000000000,2020-10-05 22:59:25.000000000,531.386,686415,60,1,233.069,True,12.4199,12.9091,14.649,-3.70603,0.125124,1.16205,21.1238,27.1229,32.9984,0,1776.05,1551.92,2019-04-23,,True,511,False,True
457,2019-04-11 12:01:23.000000000,2020-10-05 22:55:24.000000000,543.454,630388,60,1,142.39,True,11.9048,12.8746,14.7231,-3.52216,0.0690471,1.70359,17.9995,24.1245,33.8727,0,1739.36,1568.55,2019-04-11,,True,523,False,True
458,2018-09-04 16:07:36.000000000,2020-10-05 22:53:14.000000000,762.282,839896,60,3,487.733,True,12.4025,12.9177,14.6151,-2.71916,0.109102,3.69566,21.9982,27.8737,40.9979,0,2160.4,1762.67,2018-09-04,,True,742,False,True
459,2019-07-26 20:55:11.000000000,2020-09-29 21:32:27.000000000,431.026,318724,60,4,240.431,True,11.3115,12.8661,14.5519,-3.6566,0.0149538,2.44457,22.7489,31.2497,41.3733,0,1416.88,1262.44,2019-07-26,,True,417,False,True
460,2019-03-05 20:53:43.000000000,2020-10-05 22:55:20.000000000,580.084,658307,60,2,352.586,True,12.4816,12.9314,14.7152,-3.55146,0.126116,1.69482,20.8743,27.3747,37.4983,0,1828.79,1595.55,2019-03-05,,True,560,False,True
461,2019-04-07 19:13:23.000000000,2020-10-05 22:53:24.000000000,547.153,523051,60,1,118.524,True,12.4813,12.8939,14.5446,-3.59289,0.120394,0.856107,25.8732,32.2499,40.8743,0,1178.62,951.433,2019-04-07,,True,527,False,True
462,2019-06-12 14:51:44.000000000,2020-10-05 22:59:17.000000000,481.339,653261,60,1,78.5879,True,12.4834,12.8731,14.7353,-2.81415,0.107271,1.25093,17.7478,23.6233,37.3747,0,1493.87,1273.77,2019-06-12,,True,461,False,True
463,2019-08-08 10:46:46.000000000,2020-10-05 22:55:22.000000000,424.506,418784,60,5,387.753,True,10.9178,12.9125,14.5455,-3.66499,0.115206,1.53323,24.4999,33.1243,42.623,0,1466.8,1160.68,2019-08-08,,True,404,False,True
464,2019-03-14 09:20:41.000000000,2020-09-30 02:31:51.000000000,565.716,593643,60,1,598.46,True,12.0204,12.911,14.5602,-3.51606,0.0382238,2.60212,22.7489,32.3735,39.7482,0,3024.98,2867.42,2019-03-14,,True,551,False,True
465,2019-06-29 09:12:17.000000000,2020-10-05 22:56:12.000000000,464.572,429437,60,1,164.059,True,12.4816,12.9964,14.631,-2.98245,0.0360876,1.0296,20.2495,27.2488,37.7478,0,1072.21,897.42,2019-06-29,,True,444,False,True
466,2019-06-21 14:48:11.000000000,2020-10-30 13:27:31.000000000,496.944,525081,60,1,38.6604,True,12.3455,12.9461,14.8479,-3.52705,0.0248722,1.56626,15.2483,20.3731,31.7487,0,1618.45,1408.21,2019-06-21,,True,452,False,True
467,2019-06-28 12:32:53.000000000,2020-10-05 22:59:30.000000000,465.435,581362,60,1,239.418,True,12.4706,12.9162,14.6932,-3.18784,0.145266,1.54734,20,25.2483,36.3745,0,1518.01,1493.96,2019-06-28,,True,445,False,True
468,2019-06-07 09:08:22.000000000,2020-10-05 22:59:07.000000000,486.577,550283,60,2,412.261,True,11.3344,12.8478,14.7546,-3.31502,0.0996414,1.03723,19.2493,25.1247,35.6237,0,1338.63,1045.81,2019-06-07,,True,466,False,True
469,2019-01-29 08:38:54.000000000,2020-10-05 22:59:50.000000000,615.598,801153,60,0,20.8038,True,12.4422,12.7965,14.6603,-3.03586,0.124056,1.26139,20.9979,26.2486,32.2499,0,2113.37,1952.79,2019-01-29,,True,595,False,True
470,2019-01-08 20:48:26.000000000,2020-10-05 22:59:56.000000000,636.091,686465,60,1,1446.43,True,10.8757,12.8869,14.5226,-2.81422,0.112306,1.06165,24.4999,32.2499,42.1241,0,1508.61,1277.72,2019-01-08,,True,616,False,True
471,2018-12-12 20:18:13.000000000,2020-10-05 22:59:02.000000000,663.112,855691,60,2,96.6777,True,10.0453,12.5716,14.5907,-3.68017,0.178454,2.47044,21.9982,31.4992,44.1245,0,3965.57,3770.29,2018-12-12,,True,643,False,True
472,2019-02-22 12:56:30.799999952,2020-10-05 22:59:47.000000000,591.419,812048,60,0,20.8822,True,12.0873,12.907,14.5873,-2.77096,0.117113,4.66812,21.9982,28.1231,38.249,0,1800.01,1582.6,2019-02-22,,True,571,False,True
473,2019-03-14 22:31:32.000000000,2020-10-05 22:59:14.000000000,571.019,743510,60,0,19.3434,True,11.8996,12.6775,14.5107,-3.74235,0.129473,4.07362,24.374,30.7485,43.7491,0,2992.31,2799.84,2019-03-14,,True,551,False,True
474,2019-07-16 18:07:14.000000000,2020-10-05 22:59:07.000000000,447.203,550966,60,1,502.449,True,0,12.6394,20,-4.98123,0.115892,4.94369,21.7487,31.3733,42.1241,19,2773.89,2562.67,2019-07-16,,True,427,False,True
475,2019-07-01 09:51:11.000000000,2020-10-05 22:59:00.000000000,462.547,602000,60,1,46.028,True,12.1862,12.8533,14.6477,-3.40879,0.130541,1.51514,20.3731,27.1229,39.2493,0,2209.08,1976.18,2019-07-01,,True,442,False,True
476,2018-11-30 17:22:34.000000000,2020-10-05 22:56:28.000000000,675.232,655875,60,0,20.8378,True,12.4788,13.1859,16.0052,-3.3695,-0.0471504,3.14343,19.3729,29.3729,39.3729,0,1637.32,1391.1,2018-11-30,,True,655,False,True
477,2019-04-18 07:23:12.000000000,2020-10-05 22:59:36.000000000,536.65,658107,60,1,693.76,True,12.3064,12.8219,14.7787,-3.46807,0.119249,2.9305,18.6244,25.3742,33.3738,0,2154.38,2023.3,2019-04-18,,True,516,False,True
478,2018-12-11 23:30:39.000000000,2020-10-07 02:51:15.000000000,665.139,667380,60,1,31.0806,True,11.5593,12.954,14.5772,-3.53277,-0.0218204,2.86702,23.2479,31.6228,45.1247,0,3040.1,2602.12,2018-12-11,,True,644,False,True
479,2019-04-26 11:40:26.000000000,2020-10-05 22:59:57.000000000,528.472,538675,60,2,813.996,True,12.4773,12.9189,14.6255,-3.17113,0.0623331,1.57237,20.8743,32.4994,45.3742,0,1844.69,1636.52,2019-04-26,,True,508,False,True
480,2018-12-28 10:22:47.000000000,2020-10-05 22:59:50.000000000,647.526,783135,60,1,97.2317,True,0.0149538,12.8569,14.5116,-3.51705,0.128786,3.44862,26.2486,33.7491,41.9982,4,2097.22,1819.54,2018-12-28,,True,627,False,True
481,2019-02-26 12:25:22.000000000,2020-10-05 22:59:40.000000000,587.44,534959,60,2,163.599,True,12.4743,12.8688,14.7304,-3.52842,0.122148,0.999619,20.3731,25.4978,35.2483,0,1543.69,1375.77,2019-02-26,,True,567,False,True
482,2018-09-25 18:41:51.000000000,2020-10-05 22:58:51.000000000,741.178,766674,60,2,88.2315,True,12.4559,13.0083,14.5846,-3.11025,0.00595102,1.24491,23.6233,30.3731,38.9998,0,1909.46,1657.97,2018-10-20,,True,696,True,True
483,2019-03-12 13:37:46.000000000,2020-10-05 22:59:26.000000000,573.39,738790,60,1,288.503,True,12.3711,12.8142,14.7134,-2.93797,0.129015,1.64004,21.3733,25.6237,38.6244,0,1845.37,1712.01,2019-03-12,,True,553,False,True
484,2019-06-24 08:26:19.000000000,2020-10-05 22:59:14.000000000,469.606,551753,60,0,20.1464,True,11.4086,12.8832,14.6648,-3.205,0.119173,3.7702,20.7485,26.8734,31.9982,0,1610.8,1482.87,2019-06-24,,True,449,False,True
485,2019-04-08 12:48:57.000000000,2020-10-05 22:59:20.000000000,546.424,582372,60,1,99.8564,True,12.4776,12.983,14.6712,-3.37743,0.0457771,0.955367,18.1231,25.1247,39.6246,0,1460.98,1280.35,2019-04-08,,True,526,False,True
486,2019-03-26 13:39:03.000000000,2020-10-05 22:50:01.000000000,559.383,582648,60,1,25.649,True,0.010071,12.6677,14.6465,-3.62684,0.0380713,2.14038,20.7485,28.9998,39.7482,1,2465.76,2328.98,2019-03-26,,True,539,False,True
487,2018-10-19 21:38:23.000000000,2020-10-05 22:53:15.000000000,717.052,630148,60,1,187.16,True,9.3193,12.9064,14.6343,-3.49119,-0.0570687,2.458,22.623,31.1238,41.4992,0,2591.51,2231.07,2018-10-19,,True,697,False,True
488,2019-07-24 11:05:29.700000048,2020-10-05 22:59:44.000000000,439.496,463783,60,1,449.891,True,11.8087,12.748,14.7127,-3.72633,0.122759,2.04074,20.7485,27.2488,34.4999,0,1862.98,1667.37,2019-07-24,,True,419,False,True
489,2018-11-12 12:19:49.000000000,2020-10-05 22:57:31.000000000,693.443,674850,60,2,190.421,True,12.4761,13.0095,14.6804,-3.43915,0.0213626,1.2118,20.9979,28.3749,40.1236,0,1559.52,1266.47,2018-11-12,,True,673,False,True
490,2019-07-17 10:21:04.299999952,2020-10-05 22:59:41.000000000,446.527,501677,60,1,185.782,True,12.1706,12.882,14.8348,-3.77501,0.0875868,4.27642,15.2483,21.8746,40.2495,0,1346.41,1179.27,2019-07-17,,True,426,False,True
491,2018-10-31 09:57:36.000000000,2020-10-05 22:59:29.000000000,705.543,659575,60,4,429.451,True,12.0101,12.9052,14.7207,-3.39094,0.116045,3.03304,19.4987,27.3747,43.2479,0,1424.22,1188.4,2018-10-31,,True,685,False,True
492,2019-01-19 21:58:49.000000000,2020-10-05 22:59:39.000000000,625.042,685953,60,4,1436.28,True,12.0403,12.8737,14.5208,-3.36507,0.12047,1.25681,24.6235,32.2499,45.2483,0,1610.88,1399.94,2019-01-19,,True,605,False,True
493,2019-07-19 11:01:55.000000000,2020-10-05 22:59:53.000000000,444.499,582000,60,1,46.8917,True,0.151675,12.9049,15.8239,-3.2755,0.121538,1.29969,21.6228,28.249,39.3729,2,1303.69,1179.54,2019-07-19,,True,424,False,True
494,2018-09-11 18:03:22.000000000,2020-10-05 22:59:35.000000000,755.206,812967,60,1,795.68,True,12.4764,12.9543,14.7024,-2.95186,0.120012,1.03838,20.2495,28.748,44.7494,0,1961.21,1783.46,2018-09-11,,True,735,False,True
495,2019-03-01 17:44:00.000000000,2020-10-05 22:59:43.000000000,584.219,773455,60,1,72.6672,True,12.4106,12.9204,14.707,-3.79263,0.217975,1.39139,17.2488,25.8732,40.9979,0,2543.64,2305.66,2019-03-01,,True,564,False,True
496,2019-04-08 06:42:09.000000000,2020-10-05 22:59:22.000000000,546.679,750547,60,0,20.1889,True,12.4804,12.95,14.5864,-3.30243,0.204089,1.28054,20.499,27.3747,36.9993,0,2442.02,2207.44,2019-04-08,,True,526,False,True
497,2019-02-20 14:42:04.000000000,2020-09-28 11:27:09.000000000,585.865,663052,60,5,244.863,True,11.0249,12.9781,14.5193,-3.7042,0.0489815,1.14778,26.6239,32.2499,46.7498,0,1669,1393.15,2019-02-20,,True,573,False,True
498,2019-07-19 11:04:51.000000000,2020-10-05 22:59:37.000000000,444.496,560180,60,1,75.57,True,12.4785,12.8954,14.7591,-2.89891,0.119631,3.10254,21.9982,27.3747,36.125,0,1388.24,1216.17,2019-07-19,,True,424,False,True
499,2018-09-25 05:57:19.000000000,2020-10-26 07:41:54.000000000,762.073,820946,60,1,263.707,True,12.1495,12.8887,14.7335,-2.74929,0.11368,3.80941,20.6249,25.9991,34.873,0,1661.21,1410.85,2018-09-25,,True,721,False,True
500,2019-04-10 10:02:30.000000000,2020-10-05 22:59:31.000000000,544.54,599994,60,1,480.314,True,12.4843,13.0059,14.57,-2.17922,-0.0357061,0.755245,23.7491,33.1243,41.7487,0,1037.11,823.838,2019-04-10,,True,524,False,True
501,2018-10-15 14:59:12.000000000,2020-10-05 22:59:25.000000000,721.333,961164,60,1,140.434,True,11.5114,12.8225,14.7335,-3.74029,0.127871,1.77577,20.499,25.7496,38.4985,0,3524.9,3311.51,2018-10-15,,True,701,False,True
502,2018-09-05 01:50:58.000000000,2020-10-05 22:59:05.000000000,761.881,804578,60,3,1784.24,True,0.00976577,12.9351,14.6606,-2.88914,0.110323,0.973068,20.6249,26.7498,42.2499,1,1960.66,1543.91,2018-09-05,,True,741,False,True
503,2019-05-22 09:34:31.000000000,2020-10-05 22:59:13.000000000,502.559,504740,60,1,99.6231,True,12.4767,12.961,14.6261,-3.04456,0.116579,0.910201,22.8748,30.6249,40.7485,0,1493.71,1271.79,2019-05-22,,True,482,False,True
504,2019-06-11 09:13:25.000000000,2020-10-05 22:53:56.000000000,482.57,486908,60,6,204.191,True,11.8465,12.8515,14.7601,-3.67071,0.10544,2.11772,19.7482,28.3749,35.7496,0,2495.17,2247.76,2019-06-11,,True,462,False,True
505,2018-10-30 21:51:10.000000000,2020-10-05 22:59:41.000000000,706.048,622695,60,0,21.0747,True,12.4324,13.3626,14.6621,-2.72953,-0.0490578,1.52667,23.1243,29.3729,39.1234,0,1522.12,1259.46,2018-10-30,,True,686,False,True
506,2019-01-07 21:06:56.000000000,2020-10-05 22:56:32.000000000,637.076,815169,60,1,76.8011,True,11.693,12.8933,14.5492,-3.1825,0.121462,1.34829,25.1247,32.2499,39.4987,0,2381.13,2051.71,2019-01-07,,True,617,False,True
507,2019-02-11 19:04:34.000000000,2020-10-05 22:59:02.000000000,602.163,534609,60,1,244.533,True,11.1781,13.3291,14.6691,-2.65774,-0.0379187,1.26993,21.7487,34.7494,43.8727,0,1266.21,1068.82,2019-02-11,,True,582,False,True
508,2019-06-05 08:33:13.000000000,2020-10-05 22:59:53.000000000,488.602,567132,60,3,114.556,True,12.0467,12.6284,14.707,-3.69894,0.115206,2.29603,20.7485,28.3749,37.4983,0,2750.9,2521.4,2019-06-05,,True,468,False,True
509,2019-02-13 11:30:30.000000000,2020-10-05 22:59:17.000000000,600.478,756669,60,1,65.0735,True,12.4758,12.878,14.7277,-2.82605,0.121538,1.05486,19.7482,27.6242,37.1229,0,1893.35,1651.22,2019-02-13,,True,580,False,True
510,2019-07-17 15:47:32.000000000,2020-10-05 22:59:11.000000000,446.3,580786,60,0,20.0034,True,11.8019,12.8826,14.6502,-2.934,0.11841,2.36706,20.8743,27.2488,36.9993,0,2125.55,1864.54,2019-07-17,,True,426,False,True
511,2019-04-06 10:08:07.000000000,2020-10-05 22:57:27.000000000,548.534,544935,60,1,82.8894,True,12.2774,13.0809,14.7988,-3.74243,0.00564584,1.78798,16.9993,24.873,41.8746,0,2355.1,2231.54,2019-04-06,,True,528,False,True
512,2019-04-15 08:38:40.000000000,2020-10-05 22:59:45.000000000,539.598,551578,60,1,1768.88,True,12.333,12.8243,14.7491,-3.30068,0.119707,1.93256,17.8737,24.4999,35.1247,0,1934.15,1806.11,2019-04-15,,True,519,False,True
513,2019-06-12 13:39:32.000000000,2020-09-27 14:36:44.000000000,473.04,486504,60,1,54.2374,True,11.8267,13.0101,14.6441,-3.81132,0.0325017,2.63531,20.8743,32.2499,43.4997,0,1713.26,1530.32,2019-06-12,,True,461,False,True
514,2019-03-29 06:44:11.000000000,2020-10-05 22:57:58.000000000,556.676,625681,60,0,19.3926,True,11.3106,12.9061,14.7851,-3.75593,0.114137,3.1181,17.3747,21.6228,30,0,1583.41,1380.67,2019-03-29,,True,536,False,True
515,2018-12-21 14:40:37.000000000,2020-10-05 22:59:27.000000000,654.346,789567,60,2,200.258,True,0.00976577,12.7956,14.5657,-3.79568,0.149004,2.36797,23.1243,33.4997,46.8734,1,3825.59,3285.98,2018-12-21,,True,634,False,True
516,2019-03-01 18:22:12.000000000,2020-10-05 22:56:01.000000000,584.19,500548,60,0,21.5042,True,11.79,12.7037,14.7439,-3.82055,0,2.26192,18.9998,25.3742,32.2499,0,2396.18,2160.22,2019-03-01,,True,564,False,True
517,2018-11-05 13:57:20.000000000,2020-10-05 22:59:09.000000000,700.376,566770,60,10,464.98,True,11.9844,12.9079,14.699,-3.54894,0.0119783,1.93156,20.7485,26.4981,38.9998,0,2107.02,1805.09,2018-11-05,,True,680,False,True
518,2019-06-12 15:01:09.000000000,2020-10-07 23:37:46.000000000,483.359,557231,60,1,534.302,True,12.4816,12.889,14.685,-3.15259,0.120394,1.32509,19.6246,26.3745,41.9982,0,1254.41,1090.46,2019-06-12,,True,461,False,True
519,2019-06-07 11:39:32.000000000,2020-10-05 22:59:53.000000000,486.472,572778,60,2,28.4361,True,11.9463,12.6259,14.5489,-3.78538,0.128786,2.38788,24.4999,32.1241,42.4994,0,2334.32,2118.28,2019-06-07,,True,466,False,True
520,2019-06-06 10:38:18.299999952,2020-10-05 14:45:47.000000000,487.172,439236,60,6,719.014,True,12.1251,12.9195,14.5483,-3.65476,0.122835,3.64347,25.6237,31.6228,38.748,0,1237.48,1049.45,2019-06-06,,True,467,False,True
521,2019-04-29 11:19:38.000000000,2020-10-05 22:55:24.000000000,525.483,693037,60,1,265.329,True,12.3537,12.8688,14.6416,-3.14549,0.130083,2.31319,21.1238,27.1229,36.125,0,1935.11,1713,2019-04-29,,True,505,False,True
522,2019-07-26 09:27:26.000000000,2020-10-05 22:59:36.000000000,437.564,490091,60,1,234.373,True,12.484,12.9085,14.6114,-3.25147,0.208667,1.09194,22.9984,30.1236,38.1231,0,1478.89,1264.93,2019-07-26,,True,417,False,True
523,2019-04-05 10:37:24.000000000,2020-10-05 22:59:01.000000000,549.515,358292,60,1,552.89,True,11.4948,13.1025,14.6148,-3.64569,-0.0497444,3.11994,23.6233,29.6246,39.8741,0,1089.48,897.103,2019-04-05,,True,529,False,True
524,2019-07-04 06:48:29.000000000,2020-10-05 22:59:29.000000000,459.674,509271,60,1,74.5531,True,12.4843,12.9622,14.7378,-2.93736,0.107347,4.3753,19.7482,24.873,31.8746,0,1239.62,1024.3,2019-07-04,,True,439,False,True
525,2019-04-01 16:57:02.000000000,2020-10-05 22:59:44.000000000,553.252,461727,60,7,587.953,True,12.2224,12.8521,14.558,-3.69924,0.101701,0.832685,25.3742,30.6249,39.3729,0,961.284,804.257,2019-04-01,,True,533,False,True
526,2019-04-16 09:49:22.000000000,2020-10-05 22:59:08.000000000,538.548,687014,60,1,434.606,True,12.2918,12.9052,14.685,-3.75051,0.221866,1.60708,20,26.3745,40.8743,0,2290.24,2132.82,2019-04-16,,True,518,False,True
527,2018-09-26 11:53:28.000000000,2020-10-23 13:40:14.000000000,758.074,582165,60,14,404.59,True,12.4749,13.1969,14.8315,-3.34325,-0.0276951,1.09926,19.4987,26.9993,35.8732,0,1396.85,1082.49,2018-09-26,,True,720,False,True
528,2019-07-08 09:43:16.000000000,2020-10-05 22:59:28.000000000,455.553,523244,60,0,19.2303,True,11.6182,12.5914,14.5882,-3.46891,0.100481,3.02052,24.1245,30.1236,38.1231,0,2897.3,2763.42,2019-07-08,,True,435,False,True
529,2018-11-22 14:32:52.000000000,2020-10-05 22:56:29.000000000,683.35,620949,60,2,47.2639,True,12.1535,13.5192,14.8849,-1.99214,-0.0487526,1.00168,17.2488,21.8746,29.3729,0,1076.73,835.586,2018-11-22,,True,663,False,True
530,2019-08-07 18:09:57.000000000,2020-10-05 22:56:26.000000000,425.199,542976,60,1,98.3422,True,0.0149538,12.9006,14.6188,-3.4535,0.11902,1.38674,21.6228,30.499,40.499,1,1485.96,1313.91,2019-08-07,,True,405,False,True
531,2019-02-21 21:52:20.000000000,2020-10-05 22:59:44.000000000,592.047,648252,60,1,795.682,True,11.8883,13.001,14.5556,-2.71176,-0.0189975,1.35782,24.374,34.6235,42.8748,0,1702.59,1485.34,2019-02-21,,True,572,False,True
532,2019-03-26 08:01:42.000000000,2020-10-05 22:59:25.000000000,559.623,818008,60,0,19.7472,True,10.8867,12.6381,14.7329,-3.79286,0.120317,2.31655,20.8743,26.4981,33.7491,0,2978.33,2801.14,2019-03-26,,True,539,False,True
533,2019-04-01 12:14:02.000000000,2020-10-05 22:59:46.000000000,553.448,771583,60,1,113.054,True,12.4782,12.8994,14.8125,-3.55985,0.132372,3.38399,20.9979,25.6237,31.9982,0,2126.37,1959.71,2019-04-01,,True,533,False,True
534,2019-03-27 08:46:38.000000000,2020-10-05 22:59:28.000000000,558.592,733900,60,1,43.9104,True,12.1132,12.9583,14.8202,-2.9089,0.115053,2.2359,19.8741,24.873,33.9986,0,2054.06,1866.92,2019-03-27,,True,538,False,True
535,2019-08-01 10:55:23.000000000,2020-10-05 22:59:58.000000000,431.503,511971,60,3,674.989,True,12.4755,12.9458,14.7521,-3.64813,0.112993,1.21798,20.2495,25.6237,36.7498,0,1460.03,1258.7,2019-08-01,,True,411,False,True
536,2019-05-30 08:14:03.000000000,2020-09-10 00:33:16.000000000,468.68,368786,60,10,242.812,True,11.9384,12.9134,14.6868,-3.56077,0.00381476,2.31586,19.6246,25.8732,33.4997,0,1726.9,1516.13,2019-05-30,2020-09-03,False,462,False,False
537,2019-07-16 17:33:34.000000000,2020-09-09 03:16:13.000000000,420.405,467772,60,5,401.351,True,11.8013,12.7657,14.518,-3.7026,0.138094,2.69093,25.4978,33.8727,41.9982,0,2258.45,2113.22,2019-07-16,2020-08-25,False,406,False,True
538,2019-05-27 06:23:25.000000000,2020-09-17 17:41:30.000000000,479.471,466881,60,7,650.816,True,10.5971,12.9506,14.6401,-3.67887,0.115053,2.0837,23.9986,29.4987,38.1231,0,2087.98,1914.6,2019-05-27,2020-07-15,False,415,False,True
539,2019-05-24 09:52:41.000000000,2020-09-15 01:12:21.000000000,479.639,517698,60,5,430.921,True,10.089,12.9238,14.7048,-3.71611,0.118639,2.20562,19.7482,26.4981,35.4978,0,1880.06,1709.52,2019-05-24,2020-08-01,False,435,False,True
540,2019-06-25 18:06:33.000000000,2020-09-05 00:09:54.000000000,437.252,566209,60,2,204.045,True,11.9753,12.7916,14.4793,-3.77066,0.194095,2.4403,25.2483,33.4997,43.2479,0,2790.9,2630.04,2019-06-25,2020-08-19,False,421,False,True
541,2019-05-02 16:22:52.000000000,2020-10-09 05:58:25.000000000,525.566,604705,60,3,276.305,True,11.2993,12.751,14.8162,-3.73457,0.106355,3.8838,15.8732,26.8734,34.6235,0,2405.27,2175.07,2019-05-02,2020-06-26,False,421,False,True
542,2019-08-06 10:45:11.000000000,2020-10-09 04:38:49.000000000,429.746,496758,60,3,181.989,True,0.0198367,12.8591,14.5431,-3.71992,0.123598,4.06271,25.1247,32.9984,42.623,1,2344.76,2161.09,2019-08-06,2020-09-25,False,416,False,True
543,2019-03-05 07:50:08.000000000,2020-09-04 14:30:36.000000000,549.278,494405,60,3,137.031,True,0.00976577,13.0379,14.707,-3.804,-0.0782025,2.1902,20.1236,26.9993,38.9998,1,2413.02,2185.78,2019-03-05,2020-08-24,False,538,False,True
544,2019-03-20 13:09:24.000000000,2020-10-01 00:50:23.000000000,560.487,427610,60,2,892.629,True,11.0747,12.8191,14.8202,-3.59731,0,2.09735,16.6239,23.8727,44.873,0,2103.08,2012.01,2019-03-20,2020-09-15,False,545,False,True
545,2019-03-01 15:47:38.000000000,2020-10-09 10:11:27.000000000,587.767,566957,60,3,269.448,True,12.054,12.925,14.8232,-3.34623,0.113527,4.79896,18.6244,24.1245,37.8737,0,1518.51,1262.35,2019-03-01,2020-06-24,False,481,False,True
546,2019-03-05 11:30:19.000000000,2020-10-09 09:36:08.000000000,583.921,646479,60,6,470.142,True,11.8383,12.6949,14.7826,-3.53216,0.132982,2.66644,18.6244,26.2486,40.499,0,2977.53,2841.86,2019-03-05,2020-04-17,False,409,False,True
547,2019-03-26 07:44:34.000000000,2020-10-09 09:42:04.000000000,563.082,664560,60,2,332.854,True,12.0534,12.9033,14.8656,-3.53796,0.120089,2.81003,16.125,26.9993,36.6239,0,1737.46,1563.87,2019-03-26,2020-05-29,False,430,False,True
548,2019-03-05 07:26:56.000000000,2020-10-09 09:49:32.000000000,584.099,522969,60,2,268.386,True,11.3002,13.0156,14.6307,-3.4316,-0.0626383,2.24918,20.7485,28.1231,38.249,0,1960.77,1753.8,2019-03-05,2020-08-24,False,538,False,True
549,2019-02-19 09:27:38.000000000,2020-10-09 10:21:25.000000000,598.037,400133,60,4,656.832,True,10.8641,12.957,14.8022,-3.29343,0.0130465,2.24964,19.7482,26.125,40,0,1444.62,1169.19,2019-02-19,2020-04-09,False,415,False,True
550,2019-03-06 17:24:33.000000000,2020-10-09 09:41:39.000000000,582.679,454583,60,7,1795.95,True,10.0166,12.7501,14.7427,-3.40574,0.0939956,2.3357,21.3733,25.7496,38.4985,0,1825.83,1737.52,2019-03-06,2020-06-26,False,478,False,True
551,2019-03-05 11:26:00.000000000,2020-10-09 10:21:06.000000000,583.955,656130,60,3,160.219,True,9.95224,12.8789,14.659,-2.89425,0.11368,3.51087,21.6228,26.7498,37.3747,0,1484.39,1269.27,2019-03-05,2020-04-29,False,421,False,True
552,2019-03-05 16:47:09.000000000,2020-10-08 12:47:42.000000000,582.834,433012,60,9,564.618,True,9.63546,13.0178,14.674,-3.69024,-0.0284581,1.83467,17.2488,26.3745,37.9995,0,2432.11,2193.67,2019-03-05,2020-07-13,False,496,False,True
553,2019-03-01 18:11:20.000000000,2020-10-09 09:58:20.000000000,587.658,569605,60,3,422.804,True,11.9416,12.8344,14.6902,-3.36477,0.0304417,2.26535,17.4365,25.7496,40.6867,0,3166.39,2873.4,2019-03-01,2020-05-06,False,432,False,True
554,2019-04-08 12:54:50.000000000,2020-10-09 09:50:04.000000000,549.872,473364,60,3,281.632,True,12.0452,13.0425,14.8779,-3.59289,-0.0915541,4.03632,12.4994,26.125,43.1243,0,2309.04,2065.8,2019-04-08,2020-06-16,False,435,False,True
555,2019-07-20 09:43:54.000000000,2020-10-09 09:59:33.400000095,447.011,466676,60,4,478.185,True,11.9069,12.9293,14.7243,-3.7422,0.115511,1.33295,16.9993,24.1245,37.7478,0,1171.36,961.248,2019-07-20,2020-08-24,False,401,False,True
556,2019-07-17 15:56:44.000000000,2020-10-09 09:53:01.000000000,449.747,466560,60,3,648.984,True,12.0763,12.7947,14.6783,-3.65309,0.114519,2.28,17.1229,29.4987,37.4983,0,2485.43,2361.52,2019-07-17,2020-09-06,False,417,False,True
557,2019-07-15 12:09:46.000000000,2020-10-09 10:37:37.000000000,451.936,510443,60,6,317.776,True,10.6899,12.7733,14.5107,-3.73648,0.143969,2.4847,21.2497,32.8748,44.873,0,2630.91,2419.6,2019-07-15,2020-08-29,False,411,False,True
558,2019-07-24 20:48:59.000000000,2020-09-30 01:52:06.000000000,433.21,470596,60,3,184.776,True,11.6994,12.8145,14.5684,-3.71344,0.102312,2.30198,22.9984,32.3735,42.2499,0,2587.24,2431.65,2019-07-24,2020-09-16,False,420,False,True
559,2019-07-09 07:49:01.000000000,2020-10-01 20:35:19.000000000,450.532,539979,60,2,133.081,True,12.0522,12.9116,14.6355,-3.66041,0.124514,1.97322,18.9357,27.0611,36.3104,0,1356.82,1148.29,2019-07-09,2020-09-15,False,434,False,True
560,2019-07-25 11:40:54.000000000,2020-10-06 22:52:01.000000000,439.466,491734,60,4,304.709,True,11.8676,12.7868,14.54,-3.78958,0.136339,2.42786,25.3742,33.6233,43.2479,0,2436.44,2259.94,2019-07-25,2020-09-02,False,405,False,True
561,2019-08-09 17:32:47.000000000,2020-10-03 04:02:16.000000000,420.437,493082,60,2,106.214,True,11.0967,12.8029,14.519,-3.77256,0.206455,2.63058,23.2479,33.7491,44.9989,0,2657.08,2441.05,2019-08-09,2020-09-26,False,414,False,False
562,2019-08-09 17:36:59.000000000,2020-10-04 03:25:17.000000000,421.409,510907,60,2,228.394,True,11.964,12.7053,14.533,-3.73152,0.136034,2.75097,22.9984,33.4997,44.7494,0,2359.78,2281.63,2019-08-09,2020-09-22,False,410,False,True
563,2019-07-17 15:31:15.000000000,2020-10-09 10:38:45.000000000,449.797,388592,60,4,346.161,True,11.9472,12.8786,14.7161,-3.35554,-0.0173953,2.1603,18.4985,24.4999,37.2488,0,2260.68,2179.35,2019-07-17,2020-10-02,False,443,False,False
564,2018-09-13 16:15:44.000000000,2020-10-05 19:47:18.000000000,753.147,492092,60,15,1332.21,True,10.5034,12.7929,14.6233,-3.81338,0.118181,2.03975,22.7489,32.3735,38.3749,0,3182.73,3017.41,2018-09-13,2020-04-21,False,586,False,True
565,2019-03-14 17:46:14.000000000,2020-10-09 09:53:08.000000000,574.671,563692,60,4,931.726,True,11.2978,12.8377,14.5653,-3.79713,0.068513,4.2163,24.2481,32.9984,42.1241,0,2487.53,2422.38,2019-03-14,2020-09-05,False,541,False,True
566,2018-09-11 08:52:01.000000000,2020-10-09 10:23:03.000000000,759.063,882233,60,1,108.307,True,10.616,12.929,14.7979,-3.62226,0.109026,4.95781,17.8737,21.8105,32.1859,0,2222.46,1946.38,2018-09-11,2020-07-09,False,667,False,True
567,2018-11-22 15:06:24.000000000,2020-09-26 01:23:19.000000000,673.428,556478,60,3,256.084,True,11.2865,12.7199,14.6398,-3.88342,-0.0622568,1.87938,20.2495,26.6239,38.3749,0,2887.3,2736.36,2018-11-22,2020-09-01,False,649,False,True
568,2018-11-28 15:22:28.000000000,2020-10-05 02:41:21.000000000,676.471,526574,60,17,918.514,True,10.5504,12.9467,14.5715,-3.88731,0.125124,1.1426,21.4992,33.1243,46.7498,0,1622.79,1398.44,2018-11-28,2020-06-17,False,567,False,True
569,2018-09-11 09:20:00.000000000,2020-10-09 10:00:39.000000000,759.028,698385,60,3,200.418,True,10.1952,13.2287,14.659,-3.73213,-0.0304417,1.95239,21.3733,26.8734,35.3742,0,1940.53,1616.11,2018-09-11,2020-01-23,False,499,False,True
570,2018-11-21 09:38:04.000000000,2020-10-09 10:37:03.000000000,688.041,474394,60,16,1612.14,True,10.1302,12.929,14.5577,-3.78393,0.12398,1.05463,23.1243,31.8746,46.125,0,1397.46,1118.4,2018-11-21,2020-04-23,False,519,False,True
571,2018-10-31 09:36:21.000000000,2020-10-09 10:01:33.000000000,709.018,721174,60,5,577.559,True,12.0333,12.9284,14.7033,-3.4686,0.0583658,3.46654,20.2495,27.9995,43.2479,0,2634.45,2396.9,2018-10-31,2020-05-30,False,577,False,True
572,2019-03-17 03:25:55.000000000,2020-09-28 06:54:17.000000000,561.145,525667,60,8,1042.51,True,11.8389,12.8945,14.7518,-3.80621,0.115206,2.58328,18.249,27.9995,48.8739,0,2119.24,1946.53,2019-03-17,2020-08-25,False,527,False,True
573,2018-09-14 12:17:38.000000000,2020-08-26 01:24:55.000000000,711.547,712894,60,5,2618.45,True,11.7992,12.6186,14.6213,-3.67338,0.116426,2.39475,22.2499,30.499,38.8739,0,3438.36,3113.23,2018-09-14,2020-03-05,False,538,False,True
574,2018-09-11 15:53:56.000000000,2020-08-15 03:39:19.000000000,703.49,750497,60,4,433.302,True,11.8053,12.8246,14.6155,-3.54421,0.0138857,4.51255,21.6228,31.6228,39.2493,0,3618.2,3399.15,2018-09-11,2020-07-24,False,682,False,True
575,2019-01-31 11:05:19.000000000,2020-10-09 10:02:24.000000000,616.956,665736,60,6,1058.99,True,10.1549,12.6925,14.6746,-3.73037,0.210651,2.34257,20.7485,28.9998,41.1238,0,2945.15,2697.96,2019-01-31,2020-07-17,False,533,False,True
576,2018-09-13 16:13:41.000000000,2020-09-16 20:08:14.000000000,734.163,732194,60,5,1879.75,True,12.0516,12.7993,14.6328,-3.71153,0.123903,2.06332,22.8748,30.9979,44.1245,0,2717.34,2387.21,2018-09-13,2020-06-21,False,647,False,True
577,2019-01-22 23:07:30.000000000,2020-09-29 04:26:00.000000000,615.221,589649,60,4,262.489,True,12.0562,13.0132,14.5165,-3.71817,-0.0176242,1.42222,24.4999,35.7496,50.2495,0,1900.77,1389.32,2019-01-22,2020-09-01,False,588,False,True
578,2018-10-16 13:44:03.000000000,2020-09-28 23:04:01.000000000,713.389,239373,60,6,9015.21,True,11.1998,12.9699,14.699,-2.25643,-0.0399786,4.93622,20.1236,25.1247,43.6233,0,721.424,643.312,2018-10-18,2020-09-03,False,686,True,True
579,2018-09-26 15:20:50.000000000,2020-09-30 21:24:22.000000000,735.252,580656,60,9,1188.35,True,11.8154,12.7547,14.7088,-3.7483,0.122377,2.27184,20.3731,32.2499,38.8739,0,2853.12,2598.29,2018-09-26,2020-06-01,False,614,False,True
580,2018-11-23 14:01:57.000000000,2020-10-09 10:22:57.000000000,685.848,249725,60,6,8476.14,True,10.5653,13.0986,14.6886,-3.60235,-0.0157931,2.3949,20,26.4981,37.8737,0,564.472,461.081,2018-11-23,2020-04-22,False,516,False,True
581,2018-10-05 09:12:14.000000000,2020-09-06 01:16:57.000000000,701.67,749599,60,3,493.007,True,0.938735,12.6732,14.6474,-3.81147,0.126116,2.50019,22.1241,29.2493,38.4985,1,3510.35,3209.56,2018-10-05,2020-07-30,False,664,False,True
582,2019-03-16 12:58:40.200000048,2020-09-30 02:09:32.000000000,563.549,672508,60,4,1048.94,True,11.9945,12.8707,14.5623,-3.65759,0.137713,2.1387,25.9991,31.8746,38.9998,0,1880.95,1832.22,2019-03-16,2020-09-20,False,554,False,True
583,2018-09-12 13:52:47.000000000,2020-10-09 10:35:15.599999905,757.863,344834,60,7,8542.83,True,11.7284,12.8292,14.789,-3.71954,0.140688,1.49973,17.1229,22.7489,35.8732,0,1156.58,1098.26,2018-09-12,2020-02-22,False,528,False,True
584,2018-09-11 14:13:41.000000000,2020-10-09 10:51:30.000000000,758.86,888076,60,3,147.885,True,11.5563,12.9494,14.743,-3.55413,0.0336461,1.86419,18.9998,23.9986,33.4997,0,3407.82,3177.69,2018-09-11,2020-08-24,False,713,False,True
585,2018-09-10 08:13:26.000000000,2020-10-09 09:41:50.000000000,760.061,915829,60,3,206.555,True,12.0793,12.7391,14.7784,-3.69467,0.114061,2.68597,18.4985,24.4999,32.2499,0,3646.26,3260.62,2018-09-10,2020-09-03,False,724,False,True
586,2018-09-06 09:37:56.000000000,2020-10-09 10:51:46.000000000,764.051,936690,60,3,232.192,True,10.6966,12.9229,14.8153,-3.34791,0.116045,2.49821,16.9993,24.6235,30.499,0,2119.53,1915.8,2018-09-06,2020-06-16,False,649,False,True
587,2018-11-16 19:29:50.000000000,2020-09-28 23:57:34.000000000,682.186,650831,60,5,1024.54,True,9.81888,12.853,14.5605,-3.4358,0.122377,1.85031,24.1245,31.7487,51.2497,0,2178.64,1862.73,2018-11-16,2020-05-09,False,540,False,True
588,2018-10-19 07:25:06.000000000,2020-10-09 10:57:54.799999952,721.148,340239,60,14,2686.53,True,10.6505,12.5887,14.6682,-3.75082,0.0157931,2.55695,21.8746,31.2497,41.8746,0,2195.01,2041.93,2018-10-19,2020-03-02,False,500,False,True
589,2018-11-26 07:41:29.000000000,2020-10-09 11:10:33.000000000,683.145,403746,60,12,428.208,True,10.8089,13.1661,14.6835,-3.34699,-0.0276951,3.40032,19.8741,26.125,47.6242,0,1073.83,709.399,2018-11-26,2020-02-08,False,439,False,True
590,2018-09-03 14:58:34.000000000,2020-09-04 22:54:11.000000000,732.33,679007,60,5,1094.7,True,12.0504,12.8542,14.4875,-3.45899,0.127489,1.25109,26.8734,32.1241,47.2488,0,1750.05,1381.44,2018-09-03,2020-07-06,False,672,False,True
591,2019-03-16 14:38:15.000000000,2020-07-30 21:17:27.000000000,502.277,598827,60,4,447.169,True,10.631,12.8325,14.5696,-3.67666,0.14992,2.58503,21.7487,32.4994,42.623,0,2708.9,2457.54,2019-03-16,2020-07-06,False,478,False,True
592,2018-09-11 14:16:30.000000000,2020-10-09 10:37:45.000000000,758.848,783360,60,7,1941.37,True,10.6606,12.7352,14.5876,-3.33433,0.125582,2.36675,21.9982,29.3729,43.6233,0,3733.55,3337.28,2018-09-11,2020-03-20,False,556,False,True
593,2018-09-06 08:16:44.000000000,2020-05-06 12:48:25.000000000,608.189,583073,60,4,989.905,True,12.0714,12.8951,14.7546,-3.36622,0.108721,1.21767,19.3111,23.8727,34.374,0,1270.77,980.594,2018-09-06,2020-03-03,False,544,False,True
594,2018-10-12 06:20:39.000000000,2020-10-09 11:16:17.000000000,728.205,799994,60,4,252.242,True,12.0137,12.7309,14.8165,-3.43343,0.109331,2.79377,15.7496,25.3742,50.3113,0,4550.73,4267.21,2018-10-12,2020-04-23,False,559,False,True
595,2018-11-26 12:32:51.000000000,2020-10-09 11:15:01.000000000,682.946,621204,60,5,1147.38,True,12.069,12.987,14.5943,-3.39994,0.0315862,3.3386,21.3733,31.3733,44.374,0,2350.45,2109.14,2018-11-26,2020-04-11,False,502,False,True
596,2018-09-03 15:03:32.000000000,2020-08-30 15:34:55.500000000,727.022,359478,60,5,1160.11,True,12.0012,13.4334,14.631,-3.60548,-0.0722515,1.90433,23.8727,32.623,41.1238,0,1171.85,750.067,2018-09-03,2020-03-09,False,553,False,True
597,2018-12-05 20:51:45.000000000,2020-10-09 11:18:56.000000000,673.602,683206,60,8,829.079,True,0.00976577,12.802,14.5144,-3.48356,0.125277,2.29976,24.873,33.4997,41.8746,2,1936.29,1719.52,2018-12-05,2020-05-08,False,520,False,True
598,2018-09-05 09:15:21.000000000,2020-08-08 11:41:26.099999905,703.101,183194,60,7,11006.4,True,9.36629,13.2088,14.638,-3.61791,-0.0238804,0.900511,20.9979,26.3745,34.4999,0,402.699,316.211,2018-09-05,2020-07-22,False,686,False,True
599,2019-01-30 14:50:21.000000000,2020-09-30 15:17:55.000000000,609.019,689384,60,5,546.534,True,10.7942,12.7486,14.5205,-3.87434,0.124743,2.37484,26.2486,32.4994,40.7485,0,3006.39,2713.36,2019-01-30,2020-08-07,False,555,False,True
600,2018-11-06 15:16:42.000000000,2020-10-09 11:26:09.000000000,702.84,556331,60,10,1025.39,True,10.5064,12.8469,14.4942,-3.81804,0.128099,1.74159,26.3745,33.2479,49.6246,0,1877.5,1667.58,2018-11-06,2020-06-04,False,576,False,True
601,2018-09-05 13:02:56.000000000,2020-10-09 11:27:41.000000000,764.934,729447,60,2,373.919,True,12.0638,12.9039,14.7256,-3.35386,0.0867475,1.23033,20,24.6235,35.436,0,1993.28,1629.27,2018-09-05,2020-05-15,False,618,False,True
602,2018-09-05 12:41:36.000000000,2020-10-09 11:11:43.000000000,764.938,862496,60,7,345.358,True,10.2779,12.8615,14.696,-3.51774,0.12665,2.94598,20.3731,26.125,34.6235,0,3074.85,2926.52,2018-09-05,2020-01-16,False,498,False,True
603,2018-09-14 10:23:26.000000000,2020-09-29 20:31:43.000000000,746.422,669738,60,7,2112.68,True,10.8883,12.6577,14.6389,-3.38804,0.172656,2.98909,21.9982,33.1243,40.8743,0,3390.49,3197.01,2018-09-14,2020-04-28,False,592,False,True
604,2018-10-10 09:24:46.000000000,2020-07-26 13:51:47.900000095,655.185,534611,60,6,2255.44,True,11.8621,12.6332,14.7237,-3.72435,0.0394446,2.51125,17.1229,24.374,36.6239,0,3053.6,2791.63,2018-10-11,2020-04-01,False,538,False,True
605,2018-11-26 12:34:22.000000000,2020-10-09 10:57:47.000000000,682.933,483624,60,5,1180.34,True,12.0339,13.0541,14.6529,-3.33654,-0.0118257,2.46601,21.7487,32.623,49.7482,0,1419.46,1118.67,2018-11-26,2020-04-01,False,492,False,True
606,2018-09-11 15:59:27.000000000,2020-09-29 20:57:30.000000000,749.207,961735,60,6,900.615,True,11.8156,12.6607,14.6325,-3.77897,0.129549,2.20241,21.6228,33.4997,49.4987,0,4369.01,3931.44,2018-09-11,2020-07-08,False,666,False,True
607,2019-04-30 17:33:55.000000000,2020-09-03 22:46:30.000000000,492.217,543643,60,3,587.406,True,11.3756,12.6357,14.5663,-4.04395,0.161593,2.71557,23.9986,31.3733,49.8741,0,2875.53,2706.55,2019-04-30,2020-07-23,False,450,False,True
608,2018-11-02 13:46:20.000000000,2020-10-09 11:29:04.000000000,706.905,493733,60,10,786.669,True,11.8129,13.0477,14.804,-3.45945,-0.0421912,2.36713,19.7482,27.9995,39.6246,0,1757.89,1425.2,2018-11-02,2019-12-19,False,412,False,True
609,2018-09-13 16:01:52.000000000,2020-01-05 04:06:48.000000000,478.503,523394,60,3,1300.48,True,11.8218,12.822,14.6459,-3.73503,0.108721,2.37613,21.2497,30.499,36.4981,0,2120.95,1979.93,2018-09-13,2019-11-25,False,438,False,True
610,2018-09-25 14:50:09.000000000,2020-10-03 03:40:36.000000000,738.535,630865,60,10,1193.36,True,11.7681,12.6555,14.6584,-3.7908,0.217899,2.56489,21.4992,31.7487,40.2495,0,3365.75,3077.21,2018-09-25,2020-08-03,False,678,False,True
611,2018-12-28 08:40:33.000000000,2020-10-09 11:15:59.000000000,651.108,573036,60,7,852.758,True,11.2551,12.9509,14.6316,-3.35653,0.00396735,2.3933,20.3731,29.8741,50.1854,0,2082.32,1465.33,2018-12-28,2020-03-06,False,434,False,True
612,2018-12-31 06:34:20.000000000,2020-10-09 11:39:54.200000048,648.212,527718,60,7,659.902,True,12.0348,13.0248,14.8287,-3.75143,-0.0230411,3.48264,15.9991,23.9986,36.1868,0,1508.65,1309.69,2019-01-04,2020-04-18,False,470,True,True
613,2018-09-14 09:10:13.000000000,2020-10-09 11:02:33.000000000,756.078,664921,60,4,220.831,True,12.0543,13.3089,14.6795,-3.43023,-0.0470741,1.85542,21.4992,27.1229,35.6237,0,1648.69,1322.06,2018-09-14,2020-07-17,False,672,False,True
614,2019-01-04 11:58:30.000000000,2020-10-09 11:08:55.000000000,643.966,619019,60,4,185.87,True,12.0314,12.8777,14.7225,-3.84413,0.0102235,2.49821,18.9998,26.125,35.7496,0,3276.31,3027.2,2019-01-04,2020-05-15,False,497,False,True
615,2018-11-15 16:59:15.000000000,2020-10-09 11:07:06.000000000,693.755,571894,60,4,1078.04,True,12.0589,12.9241,14.6294,-3.75044,0,1.72816,20.3731,28.3749,45.4978,0,1886.65,1462.49,2018-11-15,2020-04-07,False,509,False,True
616,2018-11-13 08:01:14.000000000,2020-10-09 11:13:01.000000000,696.133,469331,60,6,1840.51,True,10.6813,13.2934,14.9184,-3.48676,-0.0327306,1.37385,12.9984,24.6235,49.4987,0,1046.47,765.388,2018-11-13,2020-04-01,False,505,False,True
617,2018-09-13 10:05:52.000000000,2020-08-22 22:16:56.000000000,709.508,675886,60,6,1182.04,True,9.71878,12.7463,14.6523,-3.53552,0.0396735,1.88876,21.4992,32.4994,40,0,1884.77,1707.66,2018-09-13,2020-05-25,False,620,False,True
618,2019-01-25 20:50:52.299999952,2020-10-09 11:41:21.000000000,622.618,635727,60,5,894.339,True,10.5827,12.8133,17.1655,-3.40772,0.135119,2.27367,18.3749,26.7498,56.125,0,2789.88,2693.18,2019-01-25,2020-05-08,False,469,False,True
619,2018-10-19 18:31:30.000000000,2020-10-03 01:06:22.000000000,714.274,395590,60,11,1648.47,True,11.3619,12.7089,14.6358,-3.90944,0.122835,2.16716,22.4994,30.9979,38.6244,0,2248.59,2038.73,2018-10-19,2020-02-24,False,493,False,True
620,2018-09-14 14:47:34.000000000,2020-09-29 21:46:24.000000000,746.291,579233,60,6,876.996,True,0.00488289,12.8579,14.6238,-3.47906,0.0158694,2.85512,22.7489,31.9982,41.9982,2,2206.18,1791.03,2018-09-14,2020-07-13,False,668,False,True
621,2018-10-03 12:48:47.000000000,2020-09-24 02:34:10.000000000,721.573,718231,60,8,305.791,True,11.5572,12.7871,14.678,-3.73671,0.0179294,2.63821,20.2495,31.7487,40.2495,0,3258.71,3015.39,2018-10-03,2020-09-02,False,700,False,True
622,2018-09-25 15:58:22.000000000,2020-09-24 20:14:15.000000000,730.178,520495,60,15,896.972,True,0.799268,12.683,14.6609,-3.79324,0.115969,2.72145,21.8746,32.8748,42.1241,1,3166.86,2930.61,2018-09-25,2020-07-03,False,647,False,True
623,2019-03-16 10:45:39.000000000,2020-09-02 09:41:22.000000000,535.955,503199,60,5,426.392,True,11.9844,12.8933,14.685,-3.52193,0.00198367,2.79797,23.1243,30.9979,39.4987,0,1927.19,1757.43,2019-03-16,2020-07-09,False,481,False,True
624,2018-11-08 14:06:27.000000000,2020-06-12 20:43:11.000000000,582.276,546167,60,4,244.903,True,12.0504,13.1548,14.5983,-3.37171,-0.0177005,1.12917,24.374,29.4987,49.8741,0,1235.81,987.071,2018-11-08,2020-06-04,False,574,False,True
625,2018-10-26 14:12:04.000000000,2020-10-08 21:39:19.000000000,713.311,687989,60,3,637.708,True,10.6108,12.4532,14.5763,-3.59648,0.0721752,2.131,24.7494,30.2495,37.6242,0,2891.74,2787.46,2018-10-26,2020-08-14,False,658,False,True
626,2019-02-01 07:25:28.200000048,2020-10-09 11:50:42.000000000,616.184,770423,60,2,246.29,True,12.0562,12.8078,14.7378,-3.0631,0.125963,2.27024,18.249,24.9989,36.3745,0,2008.46,1833.32,2019-02-01,2020-10-05,False,612,False,False
627,2018-09-22 15:25:27.000000000,2020-08-14 09:23:30.000000000,691.749,683590,60,4,848.001,True,0.0302129,12.7202,14.6249,-3.62043,0.121843,2.21592,22.3735,31.3733,40.2495,2,2968.59,2620.62,2018-09-22,2020-07-14,False,661,False,True
628,2018-10-15 10:54:04.000000000,2020-08-22 08:56:02.000000000,676.918,374163,60,15,2116.1,True,10.5422,12.8627,14.7033,-3.77264,0.0157931,2.37911,20.499,31.4992,41.1238,0,2161.48,1998.17,2018-10-15,2020-03-23,False,525,False,True
629,2018-09-04 14:31:01.000000000,2020-10-08 21:40:41.000000000,765.298,516595,60,15,2266.34,True,11.5499,12.6003,14.7876,-3.57443,0.115892,2.60616,16.9993,30.8743,37.9995,0,2651.9,2474.01,2018-09-04,2020-01-27,False,510,False,True
630,2018-09-11 16:39:34.000000000,2020-10-09 12:00:39.000000000,758.806,610955,60,12,1504.37,True,10.9697,12.8466,14.6532,-3.78729,0.129854,3.08103,21.6228,31.6228,44.2481,0,3184.75,2951.91,2018-09-11,2019-11-09,False,424,False,True
631,2018-10-02 12:08:48.000000000,2020-08-24 08:48:26.900000095,691.861,554651,60,6,3985.82,True,11.8196,12.6516,14.6535,-3.70344,0.121843,2.53643,19.1234,31.7487,40,0,2892.87,2684.65,2018-10-02,2020-01-06,False,461,False,True
632,2018-09-13 17:09:50.000000000,2020-09-25 23:06:22.000000000,743.248,576766,60,9,1488.78,True,11.711,12.7965,14.6819,-3.56085,0.0319677,2.78462,20.7485,32.4994,40.9979,0,3189.82,2961.54,2018-09-13,2020-06-01,False,627,False,True
633,2018-09-14 15:03:48.000000000,2020-09-25 21:55:32.000000000,742.286,339429,60,14,3422.92,True,10.2373,12.8054,14.6361,-3.73335,0.0313573,2.57649,22.3735,31.4992,45.1247,0,1617.26,1474.12,2018-09-14,2020-03-12,False,545,False,True
634,2018-10-18 08:32:31.000000000,2020-10-09 11:40:07.000000000,722.13,427269,60,5,4071.16,True,11.8746,12.7092,14.6603,-3.79416,0.0297551,2.41894,19.2493,25.9991,40.1236,0,2275.53,2136.88,2018-10-18,2020-01-20,False,459,False,True
635,2018-10-02 12:23:19.000000000,2020-07-24 04:49:59.000000000,660.685,553578,60,4,893.987,True,12.0522,12.8386,14.6432,-3.66476,0.0276951,1.54887,21.8746,30.9979,41.7487,0,1839.71,1486.94,2018-10-02,2020-06-09,False,616,False,True
636,2018-09-13 08:10:18.000000000,2020-10-09 12:08:26.500000000,757.165,413854,60,15,1370.2,True,10.522,12.672,14.7359,-3.7554,0.0991073,2.67933,19.8741,31.2497,40.7485,0,2073.02,1938.28,2018-09-13,2020-04-02,False,567,False,True
637,2018-10-01 12:53:15.000000000,2020-10-09 11:49:44.000000000,738.956,331794,60,6,1390.82,True,12.0534,13.1469,14.6981,-3.61357,-0.0237278,4.60937,21.062,33.9986,50,0,915.809,626.487,2018-10-01,2020-06-14,False,622,False,True
638,2018-10-04 08:51:46.000000000,2020-10-08 04:02:07.000000000,734.799,612738,60,8,1649.63,True,11.8163,12.7062,14.6587,-3.81941,0.119783,2.44175,20.9979,32.8748,43.2479,0,3296.3,3055.33,2018-10-04,2020-07-06,False,641,False,True
639,2018-10-10 19:18:45.000000000,2020-09-30 19:35:04.000000000,721.011,873119,60,7,485.535,True,11.6155,12.6088,14.555,-3.52262,0.20882,2.22042,19.6246,29.1234,42.7489,0,3620.12,3378.1,2018-10-10,2020-04-27,False,565,False,True
640,2018-10-18 13:26:44.000000000,2020-10-04 11:53:13.000000000,716.935,464984,60,10,1107.34,True,10.537,12.9549,14.7265,-3.72587,0.0178531,3.8217,20.499,27.3747,36.6239,0,1442.09,1216.66,2018-10-18,2020-04-12,False,542,False,True
641,2018-09-04 09:58:59.000000000,2020-10-09 11:27:19.000000000,766.061,747612,60,5,289.683,True,11.9075,12.8948,14.7622,-3.4416,0.0352483,4.05409,15.6237,27.7478,40.2495,0,3745.21,3483.92,2018-09-04,2020-05-19,False,623,False,True
642,2018-10-19 12:31:26.000000000,2020-10-09 11:40:29.000000000,720.965,831386,60,4,278.907,True,5.51278,12.9326,14.7179,-3.40604,0.122225,4.81224,18.1231,25.7496,43.6233,0,2223.49,1983.9,2018-10-19,2020-05-05,False,564,False,True
643,2019-05-29 18:55:26.000000000,2020-10-09 11:54:22.000000000,498.708,598776,60,5,134.979,True,11.2386,12.6842,14.5516,-3.77356,0.126497,2.65431,22.2499,31.8746,42.3735,0,2741.39,2529,2019-05-29,2020-09-09,False,469,False,True
644,2019-06-08 03:06:44.000000000,2020-09-29 21:52:50.000000000,479.782,548798,60,3,468.176,True,0.010071,12.8484,14.5684,-3.37369,0.127794,2.72717,23.3738,32.3735,42.1241,1,2010.1,1812.11,2019-06-08,2020-08-20,False,439,False,True
645,2018-12-18 12:59:58.000000000,2020-09-05 23:05:30.000000000,627.421,641563,60,2,325.183,True,12.0537,12.8417,14.519,-3.55161,0.11841,0.992447,25.6237,32.4994,45.4978,0,1888.21,1502.98,2018-12-18,2020-08-06,False,597,False,True
646,2018-11-08 18:12:59.000000000,2020-10-09 12:04:13.000000000,700.744,638657,60,7,394.786,True,11.8795,12.9714,14.8861,-3.50523,-0.0354009,4.27321,11.9982,28.748,44.6235,0,3293.84,3172.5,2018-11-08,2020-04-16,False,525,False,True
647,2019-03-23 15:30:18.000000000,2020-08-22 15:57:55.000000000,518.019,588724,60,7,779.615,True,0.010071,12.7037,14.5214,-3.73198,0.126802,3.71275,23.8727,34.374,43.9986,2,2563.79,2354.81,2019-03-23,2020-06-27,False,462,False,True
648,2018-10-02 17:53:55.000000000,2020-10-09 11:56:36.000000000,737.752,734362,60,7,1315.08,True,10.8705,12.9784,14.7237,-3.38987,0.112001,0.962463,19.3729,26.7498,40.7485,0,1583.69,1298.67,2018-10-02,2020-01-08,False,463,False,True
649,2018-09-03 17:29:32.000000000,2020-10-09 11:49:38.000000000,766.764,640382,60,3,295.875,True,12.0531,13.0752,14.6792,-2.9221,-0.0255589,1.96056,20.7485,27.9995,42.7489,0,1485.55,1141.55,2018-09-03,2020-06-16,False,652,False,True
650,2019-03-08 06:25:33.500000000,2020-10-09 10:45:27.000000000,581.18,600920,60,6,705.968,True,11.4284,12.6619,14.4512,-3.79339,0.126955,2.90059,25.7496,33.3738,39.6246,0,3403.55,3204.58,2019-03-08,2020-06-07,False,457,False,True
651,2018-10-22 21:45:44.000000000,2020-10-01 20:25:22.000000000,709.944,781532,60,7,1142.59,True,10.5013,12.8664,14.6505,-3.16083,0.118868,4.59854,19.4987,26.4981,38.8739,0,1949.97,1695.27,2018-10-22,2020-04-07,False,533,False,True
652,2018-09-26 19:55:30.000000000,2020-06-29 07:11:20.000000000,641.469,406451,60,7,1205.44,True,10.471,13.5158,14.7002,-3.33715,-0.0413519,1.08026,20.7485,27.1229,40.6249,0,918.697,626.653,2018-09-26,2019-11-26,False,426,False,True
653,2018-09-11 16:49:50.000000000,2020-10-09 12:18:47.000000000,758.812,796858,60,5,1215.45,True,10.154,12.9168,14.6453,-3.34615,0.11223,1.45747,20.499,27.9995,37.8737,0,2420.02,2133.71,2018-09-11,2020-01-24,False,500,False,True
654,2018-10-01 16:09:20.000000000,2020-09-28 21:17:23.000000000,728.214,639987,60,8,618.393,True,12.0769,12.8826,14.5861,-3.46647,0.122454,1.89616,23.4997,30.499,41.2497,0,2783.54,2473.87,2018-10-01,2019-11-23,False,418,False,True
655,2018-09-28 08:59:13.000000000,2020-10-09 11:55:06.200000048,742.122,579182,60,7,462.136,True,11.0835,12.9604,14.695,-3.8471,0,3.75769,20.3731,27.2488,49.2493,0,1329.82,993.26,2018-09-28,2020-08-07,False,679,False,True
656,2018-10-02 14:09:19.000000000,2020-08-20 06:47:24.900000095,687.693,437555,60,13,2516.11,True,10.5269,12.9616,14.7152,-3.36187,0.0159457,3.54139,20.8743,27.3747,50.1236,0,1466.45,1134.24,2018-10-02,2019-12-04,False,428,False,True
657,2018-09-28 12:27:52.000000000,2020-10-09 12:06:30.000000000,741.985,486696,60,3,1693,True,12.0275,13.0266,14.6908,-3.33532,0.0118257,1.48127,19.6246,26.8734,41.6228,0,1237.35,924.062,2018-09-28,2019-11-05,False,403,False,True
658,2018-09-18 10:20:04.000000000,2020-10-09 12:19:59.000000000,752.083,688037,60,10,886.46,True,10.3529,12.8756,14.7243,-3.38529,0.113527,2.02838,18.8739,24.6235,41.3733,0,2522.86,2339.08,2018-09-18,2019-12-10,False,448,False,True
659,2018-10-02 18:13:03.000000000,2020-10-09 11:17:10.000000000,737.711,745955,60,10,142.259,True,10.247,12.987,14.9789,-3.35233,0.0277714,2.0692,9.74823,26.9993,38.4985,0,1952.05,1676.2,2018-10-02,2020-05-09,False,585,False,True
660,2018-09-27 07:49:24.000000000,2020-10-08 23:12:41.000000000,742.641,944824,60,5,419.624,True,12.0525,12.8344,14.6673,-3.4596,0.131456,2.01564,19.7482,26.9993,36.4981,0,2583.55,2364.72,2018-09-27,2020-07-17,False,659,False,True
661,2018-09-28 17:09:19.000000000,2019-12-17 12:41:48.000000000,444.814,547720,60,1,264.487,True,12.4761,12.8566,14.5528,-2.24666,0.112688,3.67254,21.2497,28.748,41.2497,0,1400.57,1212.59,2018-09-28,2020-01-08,False,467,False,True
662,2018-10-19 14:27:33.000000000,2020-10-09 11:59:21.000000000,720.897,569849,60,8,2123,True,10.6044,12.828,14.67,-3.52018,0.105058,3.2488,18.748,24.1245,49.8741,0,1474.74,1250.12,2018-10-19,2020-04-01,False,530,False,True
663,2018-09-03 17:03:30.000000000,2020-10-09 12:25:46.799999952,766.807,882695,60,4,314.529,True,11.2364,12.8103,14.6206,-3.19768,0.116884,2.07683,20.6249,26.7498,38.249,0,2374.66,2046.77,2018-09-03,2019-12-04,False,457,False,True
664,2018-10-01 12:23:32.000000000,2020-10-09 12:03:24.000000000,738.986,849098,60,3,619.377,True,11.7321,12.896,14.7283,-3.37453,0.129091,1.7657,21.1238,28.6244,38.748,0,2295.69,2149.6,2018-10-01,2020-05-15,False,592,False,True
665,2018-09-07 13:23:05.000000000,2020-10-09 12:21:02.000000000,762.957,837882,60,4,730.794,True,10.7524,12.9274,14.7356,-3.35828,0.123369,1.22621,20.499,26.8734,39.1234,0,1780.32,1582.69,2018-09-07,2020-06-24,False,656,False,True
666,2018-09-11 16:56:26.000000000,2020-10-09 12:13:35.000000000,758.804,693577,60,8,1044.24,True,12.0504,12.9296,14.5513,-3.33478,0.139239,2.77165,23.6233,32.623,40.6249,0,2538.08,2331.78,2018-09-11,2020-05-15,False,612,False,True
667,2018-09-06 13:57:45.000000000,2020-10-09 12:00:00.000000000,763.918,795506,60,4,800.563,True,10.2293,12.7736,14.695,-3.29671,0.130236,2.39284,20.3731,26.7498,49.8741,0,3116.82,3004.62,2018-09-06,2020-04-25,False,597,False,True
668,2018-09-28 14:56:27.000000000,2020-09-19 12:21:54.000000000,721.893,645317,60,9,1162.91,True,10.7231,12.8029,14.5183,-3.51598,0.168383,2.3727,25.6237,33.4997,49.1234,0,3383.45,3215.22,2018-09-28,2020-06-02,False,613,False,True
669,2018-09-11 16:22:23.000000000,2020-05-10 08:42:40.000000000,606.681,684399,60,1,144.611,True,11.588,12.9302,14.5681,-3.2266,0.128405,1.32105,23.8727,33.1243,50.1236,0,2098.75,1841.27,2018-09-11,2020-06-03,False,631,False,True
670,2018-10-02 14:09:57.000000000,2020-10-09 12:22:19.000000000,737.925,808753,60,3,1144.69,True,11.7549,12.9146,14.7127,-2.96254,0.121843,3.78569,20,26.9993,47.6242,0,2337.93,2061.78,2018-10-02,2019-11-15,False,409,False,True
671,2018-09-24 20:07:19.000000000,2020-10-09 12:19:38.000000000,745.675,710272,60,9,1404.73,True,10.3822,12.867,14.656,-3.33402,0.118334,3.86625,20.3731,26.7498,49.8741,0,2033.03,1884.51,2018-09-24,2020-01-21,False,484,False,True
672,2018-10-01 13:31:51.000000000,2020-10-09 12:32:06.000000000,738.959,747182,60,5,659.739,True,0,12.9042,18.7604,-3.35927,0.120851,4.57038,21.9982,28.1231,46.2486,3,2015.73,1711.91,2018-10-01,2020-04-08,False,555,False,True
673,2018-10-22 13:43:49.000000000,2020-10-09 12:50:28.000000000,717.963,578422,60,4,1096.29,True,12.0699,13.0568,14.7387,-3.32029,-0.0216678,2.11902,16.0609,28.3749,47.1229,0,1747.31,1499.11,2018-10-22,2020-01-16,False,451,False,True
674,2018-09-26 11:52:09.000000000,2020-10-09 12:35:31.000000000,744.03,605485,60,6,1880.68,True,10.1991,12.9482,14.6777,-2.80423,0.0178531,1.92889,19.6246,26.8734,38.3749,0,1545.04,1289.07,2018-09-26,2020-03-07,False,528,False,True
675,2018-09-11 09:55:39.000000000,2020-10-09 12:52:22.000000000,759.123,855922,60,4,323.533,True,11.4046,12.9277,14.7359,-3.32013,0.119554,4.30259,18.8739,26.8734,38.6244,0,2372.74,2172.87,2018-09-11,2020-05-07,False,604,False,True
676,2018-09-28 12:45:01.000000000,2020-07-01 09:58:19.000000000,641.884,594390,60,7,1273.99,True,12.3668,12.8933,14.6294,-2.61357,0.10605,2.1619,21.8746,28.1231,44.7494,0,1371.84,1216.3,2018-09-28,2020-06-26,False,637,False,False
677,2018-09-24 08:14:32.000000000,2020-10-09 12:09:34.000000000,746.163,921758,60,8,150.441,True,10.1671,12.7962,14.6453,-3.3389,0.120775,2.13161,18.4985,27.3747,49.6246,0,3421.3,3064.2,2018-09-24,2020-05-17,False,601,False,True
678,2018-09-11 09:56:39.000000000,2020-10-09 12:23:21.000000000,759.102,780420,60,6,982.349,True,10.5266,12.7727,14.6517,-3.60624,0.105058,3.78202,20,27.8737,50.3731,0,3495.93,3081.96,2018-09-11,2020-04-10,False,577,False,True
679,2018-10-23 10:13:07.000000000,2020-10-09 12:25:29.000000000,717.092,579442,60,15,427.114,True,12.069,13.0327,14.7781,-3.33425,0.0217441,2.06332,16.6239,26.7498,40.1236,0,1220.07,1087.18,2018-10-23,2020-03-15,False,509,False,True
680,2018-09-07 04:47:00.000000000,2020-10-09 12:25:26.000000000,763.318,813885,60,7,333.226,True,10.8556,12.8157,14.6548,-3.36622,0.112001,4.67033,21.9982,28.3749,49.7482,0,3319.93,2989.25,2018-09-07,2020-02-09,False,520,False,True
681,2018-09-12 00:58:29.000000000,2020-10-09 12:37:49.000000000,758.486,847519,60,4,163.658,True,12.0491,12.8914,14.7143,-3.3753,0.107805,0.924697,21.1238,27.6242,49.4987,0,2094.34,1687.05,2018-09-12,2020-06-24,False,651,False,True
682,2018-09-27 08:03:32.000000000,2020-10-09 13:02:12.000000000,743.207,663035,60,4,374.828,True,10.3355,13.0211,14.7659,-3.51431,0.0197604,1.72763,20.1236,26.4981,36.7498,0,1850.96,1553.37,2018-09-27,2019-12-06,False,435,False,True
683,2018-09-07 13:13:41.000000000,2020-10-09 12:46:22.000000000,762.981,672884,60,6,377.847,True,10.5565,12.9522,14.6853,-3.38247,0.00801099,1.94507,20.2495,27.3747,36.7498,0,2392.38,2260.37,2018-09-07,2019-10-22,False,410,False,True
684,2018-10-19 08:29:26.000000000,2020-10-09 12:54:21.000000000,721.184,483886,60,4,628.825,True,11.7107,13.3355,14.6624,-3.35668,-0.0550851,2.61685,22.623,28.748,38.9998,0,1305.74,968.975,2018-10-19,2020-05-17,False,576,False,True
685,2018-09-26 15:26:29.000000000,2020-09-08 21:41:02.000000000,713.26,714586,60,6,1711.68,True,10.4878,12.7239,14.5964,-3.68254,0.134585,2.8455,23.9986,29.3729,36.2486,0,2367.54,2236.58,2018-09-26,2020-04-06,False,558,False,True
686,2018-10-19 08:26:33.000000000,2020-10-09 12:26:25.000000000,721.167,762821,60,7,1138.49,True,10.3294,12.9369,14.6941,-3.33494,0.123674,3.51751,21.1238,28.6244,41.2497,0,2689.11,2556.73,2018-10-19,2020-03-11,False,509,False,True
687,2018-09-13 14:50:58.000000000,2020-10-09 12:36:39.000000000,756.907,727218,60,3,396.352,True,12.014,12.9558,14.6767,-3.15366,0.0355535,1.95033,20,26.8734,49.8741,0,2251.24,2104.05,2018-09-13,2020-02-09,False,514,False,True
688,2018-10-03 02:21:44.000000000,2020-09-12 00:17:57.000000000,709.914,474832,60,7,171.718,True,10.3142,13.0397,14.742,-3.22454,-0.0318914,3.90051,20.6249,26.9993,35.8732,0,1801.08,1691.1,2018-10-03,2020-08-31,False,698,False,True
689,2018-10-04 01:06:37.000000000,2020-10-09 12:59:41.000000000,736.495,578226,60,5,5273.1,True,11.6707,12.9274,14.5644,-3.33745,0.136645,0.940337,24.6235,32.9984,48.3749,0,1682.02,1472.74,2018-10-04,2019-11-10,False,402,False,True
690,2018-09-11 05:47:50.000000000,2020-10-09 13:00:53.000000000,759.301,823572,60,3,420.896,True,10.9932,12.8728,14.7221,-3.3756,0.108568,1.21202,20.499,25.7496,40.2495,0,2101.75,1752.93,2018-09-11,2020-06-25,False,653,False,True
691,2018-10-09 15:44:50.000000000,2020-08-29 01:55:11.000000000,689.424,663021,60,9,1376,True,11.3033,12.6827,14.5452,-3.34913,0.108644,2.71733,26.3745,31.3733,38.1231,0,2683.65,2630.72,2018-10-09,2020-04-09,False,548,False,True
692,2018-10-01 12:29:09.000000000,2020-10-09 13:01:36.000000000,739.023,466124,60,6,2446.96,True,10.555,12.9549,14.6633,-3.15106,0.00190738,1.90806,22.9984,29.3729,36.9993,0,1743.98,1490.86,2018-10-01,2020-05-15,False,592,False,True
693,2018-09-06 20:43:30.000000000,2020-10-09 12:29:52.000000000,763.657,665119,60,3,1039.34,True,12.0534,13.0706,14.7982,-3.55001,-0.00190738,3.63226,15.1247,26.8734,40.7485,0,2209.62,2000.01,2018-09-06,2020-01-17,False,498,False,True
694,2018-10-05 09:10:14.000000000,2020-07-24 03:53:45.000000000,657.78,651720,60,5,888.638,True,0.010071,12.8688,14.6026,-3.59068,0.140383,2.55467,23.6233,32.4994,50.3731,1,2613.15,2330.05,2018-10-05,2020-07-06,False,640,False,True
695,2018-09-13 11:28:34.000000000,2020-02-08 10:39:09.400000095,512.966,514934,60,3,264.503,True,12.4013,13.0758,14.6627,-2.85702,0,1.23148,21.1238,26.8734,34.4999,0,1455.11,1349.31,2018-09-13,2020-02-08,False,513,False,False
696,2018-09-11 12:45:28.000000000,2020-10-09 12:44:30.000000000,758.999,809974,60,4,131.127,True,12.0708,13.0684,14.8351,-3.24315,-0.0220493,2.21485,19.2493,27.1229,40,0,2074.83,1946.26,2018-09-11,2020-02-14,False,521,False,True
697,2018-10-05 20:34:16.000000000,2020-10-09 12:53:21.000000000,734.68,789356,60,8,1132.06,True,11.8062,12.8191,14.5818,-3.37736,0.1355,3.24781,24.9989,31.6228,49.8741,0,3027.05,2888.72,2018-10-05,2019-12-26,False,447,False,True
698,2018-09-13 07:22:34.000000000,2020-10-09 12:53:09.000000000,757.23,791927,60,3,767.156,True,11.285,12.9268,14.7933,-3.31472,0.129625,4.70275,17.3747,23.3738,38.6244,0,2142.75,1996.76,2018-09-13,2020-08-24,False,711,False,True
699,2018-09-18 13:07:36.000000000,2020-10-09 12:42:58.000000000,751.983,492271,60,9,1271.96,True,12.0671,12.9293,14.7387,-3.1178,0.0356298,3.75959,18.8739,25.3742,37.8737,0,1266.62,1159.66,2018-09-18,2020-03-11,False,540,False,True
700,2018-09-07 13:23:00.000000000,2020-10-09 12:57:04.000000000,762.982,683533,60,21,708.159,True,11.9927,12.8389,14.6126,-3.34028,0.137407,3.66018,21.3733,28.1231,37.9995,0,2178.95,2094.25,2018-09-07,2019-12-04,False,453,False,True
701,2018-10-23 10:16:11.000000000,2020-10-09 13:24:46.799999952,717.131,449188,60,10,1362.97,True,10.858,13.1197,14.7832,-3.7953,-0.0469978,2.56298,18.8739,24.6235,50.1236,0,1518.9,1389.36,2018-10-23,2020-01-14,False,448,False,True
702,2018-09-27 04:02:40.000000000,2020-10-09 12:38:18.000000000,743.358,562627,60,10,423.998,True,10.2797,13.308,14.6905,-3.41962,-0.0395972,1.55421,20.6249,26.6239,36.7498,0,1627.49,1440.65,2018-09-27,2020-04-16,False,567,False,True
703,2018-09-11 14:17:50.000000000,2020-08-26 04:31:42.000000000,714.593,567889,60,3,765.339,True,12.0516,13.1246,14.8406,-2.73304,-0.0318914,1.35454,15.6237,23.6233,38.6244,0,1550.8,1237.96,2018-09-11,2020-08-17,False,706,False,True
704,2018-09-27 00:04:29.000000000,2020-10-09 12:45:00.000000000,743.528,537600,60,8,1096.53,True,10.3178,12.994,14.7427,-3.17227,0,2.20874,16.6239,26.2486,38.3749,0,1998.45,1815.73,2018-09-27,2019-11-05,False,404,False,True
705,2018-09-05 07:07:28.000000000,2020-01-13 23:12:39.000000000,495.67,523026,60,5,334.899,True,10.2541,12.8176,14.7048,-3.39666,0.127108,2.89609,19.2493,24.374,44.2481,0,1563.25,1404.5,2018-09-05,2019-10-26,False,416,False,True
706,2019-06-12 16:39:41.000000000,2020-10-02 01:59:03.000000000,477.388,467386,60,2,568.469,True,11.989,12.8768,14.5968,-3.75586,0.0154879,2.76837,18.9998,29.6246,40.3731,0,2265.21,2048.43,2019-06-12,2020-09-09,False,455,False,True
707,2019-02-20 13:06:24.000000000,2020-07-13 13:46:23.000000000,509.028,607681,60,3,279.116,True,12.2048,12.9058,14.656,-3.58877,0.121386,1.48333,20.499,26.6239,32.8748,0,1586.09,1369.79,2019-02-20,2020-07-13,False,509,False,False
708,2019-04-09 14:16:22.000000000,2020-10-09 13:28:28.000000000,548.967,449555,60,5,1314.78,True,11.574,12.8954,14.6423,-3.67803,0.130159,2.40665,20.9979,27.4983,42.9984,0,2135.15,1960.52,2019-04-09,2020-06-24,False,442,False,True
709,2019-03-21 12:47:13.000000000,2020-08-02 17:53:12.000000000,500.212,584207,60,2,1093.66,True,11.6844,12.7376,14.6572,-3.79957,0.135805,1.86534,19.8741,27.2488,37.4983,0,2428.71,2252.56,2019-03-21,2020-06-24,False,461,False,True
710,2019-04-10 12:29:09.000000000,2020-09-06 11:49:38.500000000,514.973,402110,60,2,96.4032,True,10.663,12.7895,14.695,-3.73213,0,2.33425,20.3731,24.873,33.6233,0,1582.11,1430.9,2019-04-10,2020-08-28,False,506,False,True
711,2019-04-30 15:04:09.000000000,2020-08-06 19:07:31.000000000,464.169,427337,60,1,565.616,True,11.4434,12.8087,14.5534,-3.64927,-0.0210575,2.69764,22.2499,30.6249,37.6242,0,2309.56,2132.42,2019-04-30,2020-07-27,False,454,False,True
712,2019-06-13 17:58:44.000000000,2020-09-10 17:44:28.000000000,454.99,452031,60,3,582.379,True,11.1962,12.621,14.6902,-3.77562,0.129549,2.60349,19.7482,25.8732,36.6239,0,2166.4,2036.9,2019-06-13,2020-07-20,False,403,False,True
713,2019-05-13 12:18:52.000000000,2020-10-09 13:16:49.000000000,515.04,456724,60,3,969.786,True,11.7328,12.8057,14.6645,-3.74014,0.0114443,2.5565,20.1236,26.4981,34.4999,0,2292.6,2113.8,2019-05-13,2020-06-25,False,409,False,True
714,2019-03-01 17:19:09.000000000,2020-10-09 13:37:51.000000000,587.846,582194,60,3,636.384,True,10.6715,12.91,14.8302,-3.48981,0.0289921,2.757,16.125,26.4981,41.3733,0,3035.71,2772.83,2019-03-01,2020-04-10,False,406,False,True
715,2019-04-17 12:33:23.000000000,2020-10-09 13:26:29.000000000,541.037,526454,60,4,447.012,True,11.8795,12.7477,14.6664,-3.75463,0.130617,2.01549,21.4992,26.9993,49.2493,0,2339.7,2108.71,2019-04-17,2020-07-13,False,453,False,True
716,2019-06-13 12:51:51.000000000,2020-09-29 01:34:59.000000000,473.53,424386,60,2,792.123,True,11.577,12.6519,14.6453,-3.76005,0,2.37911,20.499,27.3747,40.3731,0,2213.72,2071.53,2019-06-13,2020-09-17,False,462,False,True
717,2019-04-18 13:06:34.000000000,2020-10-06 18:07:38.000000000,537.209,434811,60,10,152.262,True,6.61936,12.813,14.771,-3.84237,0.00190738,3.55184,18.3749,27.1229,36.8734,0,2192.99,2074.46,2019-04-18,2020-09-25,False,526,False,True
718,2019-04-09 13:43:24.000000000,2020-10-09 13:29:44.000000000,548.991,461046,60,4,741.735,True,11.603,13.0037,14.8122,-3.7586,-0.0554665,2.78492,15.2483,23.9986,40.9979,0,2371.32,2251.94,2019-04-09,2020-07-29,False,477,False,True
719,2019-06-14 09:35:16.000000000,2020-08-23 07:53:02.000000000,435.929,403834,60,2,214.612,True,10.6749,13.0355,14.6358,-3.77531,0.0170901,2.67285,20.3731,25.6237,36.3745,0,1683.65,1497.13,2019-06-14,2020-08-14,False,427,False,True
720,2019-04-02 12:37:54.000000000,2020-08-04 14:58:10.000000000,490.097,665598,60,1,50.9957,True,12.0446,12.7398,14.6423,-3.71458,0.136034,2.29946,21.3733,27.4983,36.125,0,2872.11,2668.65,2019-04-02,2020-08-24,False,510,False,True
721,2019-06-12 08:22:44.000000000,2020-10-09 13:01:15.000000000,485.193,622397,60,3,84.3411,True,11.7232,12.9519,14.6505,-3.4493,0.131838,1.08537,21.6228,27.9995,41.1238,0,2033.84,1855.85,2019-06-12,2020-09-05,False,451,False,True
722,2019-03-14 09:50:33.000000000,2020-10-09 13:09:40.000000000,575.138,650919,60,4,399.541,True,10.8357,12.7596,14.6728,-3.82177,0.115511,4.06241,20,26.6239,39.6246,0,3262.29,3045.81,2019-03-14,2020-08-22,False,527,False,True
723,2019-03-26 07:10:54.000000000,2020-10-09 13:44:21.000000000,563.273,408061,60,6,2147.92,True,10.1808,13.0303,14.6279,-3.62028,0.0230411,0.983444,20.2495,28.4985,40.2495,0,1141.2,929.973,2019-03-26,2020-06-05,False,437,False,True
724,2019-06-13 12:38:30.000000000,2020-09-07 13:27:54.500000000,452.034,294476,60,2,1367.9,True,11.6521,12.7126,14.743,-3.7763,0.0228885,2.68208,19.6246,23.6233,37.3747,0,1359.96,1160.65,2019-06-13,2020-08-28,False,442,False,True
725,2019-03-14 12:30:08.000000000,2020-10-09 13:27:48.000000000,575.04,451465,60,3,469.313,True,11.4202,12.8396,14.6413,-3.78241,0,4.93736,20.499,27.6242,41.4992,0,2221.26,1946.37,2019-03-14,2020-07-24,False,498,False,True
726,2019-04-23 13:33:00.000000000,2020-08-17 05:52:50.099999905,481.68,585286,60,3,85.2271,True,10.5904,12.7376,14.5965,-3.74136,0.131456,2.50591,23.4997,27.6242,37.8737,0,2483.58,2340.48,2019-04-23,2020-08-07,False,472,False,True
727,2019-03-28 13:04:16.000000000,2020-07-05 15:43:19.000000000,465.11,586516,60,3,182.146,True,11.7662,12.8093,14.6419,-3.40253,0.121614,1.93973,22.2499,27.6242,34.374,0,2339.19,2170.57,2019-03-28,2020-06-04,False,434,False,True
728,2019-02-20 12:38:17.000000000,2020-10-09 13:35:11.299999952,597.04,565703,60,5,328.604,True,10.5684,12.8493,14.7829,-3.79332,0.0222019,2.5668,20.7485,28.1231,37.6242,0,2885.8,2624.78,2019-02-20,2020-06-23,False,489,False,True
729,2019-04-18 08:38:11.000000000,2020-10-09 13:29:33.000000000,540.202,594858,60,5,612.606,True,10.8266,12.7968,14.8128,-3.76501,0.119783,2.33967,19.1234,25.4978,34.2481,0,2513.73,2346.98,2019-04-18,2020-06-01,False,410,False,True
730,2019-02-05 17:09:36.000000000,2020-10-09 13:34:13.000000000,611.85,721686,60,3,635.913,True,12.0543,12.8878,14.641,-2.89975,0.121462,1.448,21.3115,26.4981,57.9332,0,1954.16,1730.83,2019-02-06,2020-09-05,False,577,False,True
731,2019-03-11 05:20:18.000000000,2020-10-09 14:00:55.000000000,578.362,674159,60,3,337.51,True,11.996,12.5771,14.8156,-3.82414,0.120317,2.36095,14.9989,22.7489,38.3749,0,3229.3,3031.93,2019-03-11,2020-04-22,False,408,False,True
732,2019-03-26 13:24:47.000000000,2020-10-09 12:53:05.000000000,562.978,508124,60,4,382.273,True,11.3973,12.8396,14.6853,-3.70901,0.0167849,2.63088,18.4985,27.4983,38.8739,0,2395.97,2239.99,2019-03-26,2020-09-05,False,529,False,True
733,2019-03-25 07:18:37.000000000,2020-09-29 02:10:43.000000000,553.786,512851,60,2,684.481,True,11.5236,12.6867,14.7457,-3.80644,0.111162,2.46098,18.8739,26.125,33.7491,0,2532.87,2348.27,2019-03-25,2020-09-15,False,540,False,True
734,2019-04-15 06:44:55.000000000,2020-10-09 14:08:10.000000000,543.308,415672,60,3,1609.07,True,9.07973,13.0599,14.681,-3.72381,-0.045243,2.61006,21.2497,30.2495,41.7487,0,2317.42,2148.92,2019-04-15,2020-06-24,False,436,False,True
735,2019-04-12 07:57:59.000000000,2020-10-09 13:49:06.000000000,546.244,500515,60,5,664.091,True,10.7491,12.8484,14.7515,-3.64836,0.0262455,3.55833,17.6242,25.8732,40.1236,0,2565.57,2404.32,2019-04-12,2020-08-12,False,488,False,True
736,2019-04-17 08:54:08.000000000,2020-10-07 23:14:36.000000000,539.598,466989,60,4,273.175,True,0.00488289,12.9174,14.7127,-3.76577,0.0171664,2.3238,19.8741,26.9993,43.2479,1,2128.15,1971.62,2019-04-17,2020-06-04,False,414,False,True
737,2019-04-17 12:53:22.000000000,2020-08-22 06:46:38.000000000,492.745,586062,60,2,396.491,True,11.3167,12.8502,14.6694,-3.53452,0.127108,2.30327,19.3729,25.6237,37.4983,0,2182.99,1970.85,2019-04-17,2020-06-04,False,414,False,True
738,2019-06-13 12:21:24.000000000,2020-10-09 13:58:50.000000000,484.068,453272,60,3,960.107,True,11.9734,12.7706,14.6889,-3.87228,0.117647,2.67796,18.9998,25.3742,36.4981,0,2266.53,2077.49,2019-06-13,2020-08-20,False,434,False,True
739,2019-03-13 08:20:34.000000000,2020-08-26 01:04:52.000000000,531.697,547556,60,5,420.166,True,11.8697,12.6986,14.6288,-3.67384,0.117647,3.06867,21.9982,27.6242,41.1238,0,2539.52,2359.93,2019-03-13,2020-06-16,False,461,False,True
740,2019-04-16 07:24:44.000000000,2020-10-06 07:30:43.000000000,539.004,437258,60,2,1198.46,True,10.757,12.7846,14.6706,-3.80911,0.0171664,2.47684,20.8743,27.6242,37.8737,0,2047.38,1899.81,2019-04-16,2020-09-15,False,518,False,True
741,2019-06-19 10:05:03.000000000,2020-08-14 01:30:11.000000000,421.642,427557,60,1,254.656,True,11.5317,12.7733,14.6658,-3.86427,0.0211337,4.57954,20.1236,26.7498,34.7494,0,2497.73,2326.3,2019-06-19,2020-07-29,False,406,False,True
742,2019-02-25 13:58:50.000000000,2020-10-09 13:53:28.000000000,591.996,708493,60,3,248.481,True,12.0516,12.828,14.7179,-3.33181,0.116274,1.16289,21.4992,28.1231,50,0,1645.67,1419.62,2019-02-25,2020-09-08,False,561,False,True
743,2019-03-12 13:34:29.000000000,2020-09-30 19:59:19.000000000,568.267,535495,60,2,318.912,True,10.7512,13.0373,14.7445,-3.8159,-0.0310521,3.70733,17.8737,27.4983,41.2497,0,3028.03,2821.79,2019-03-12,2020-09-12,False,550,False,True
744,2019-02-22 14:32:13.000000000,2020-10-09 14:09:40.000000000,594.984,703266,60,4,276.354,True,12.0458,12.8249,14.6514,-3.74517,0.119402,1.66903,20.6249,26.125,36.9993,0,1921.56,1707.22,2019-02-22,2020-05-29,False,462,False,True
745,2019-04-18 08:46:01.000000000,2020-08-15 02:50:29.000000000,484.753,379567,60,2,362.322,True,10.7286,12.7843,14.7338,-3.86252,-0.0542458,2.47097,17.7478,24.1245,31.8746,0,2262.53,2155.38,2019-04-18,2020-08-08,False,478,False,False
746,2019-03-21 12:43:17.000000000,2020-10-09 14:21:22.000000000,568.068,565109,60,4,344.679,True,11.8065,12.7794,14.71,-3.57145,0.0601968,1.84695,20.1236,25.4978,40.1236,0,2282.95,2026.08,2019-03-21,2020-07-24,False,491,False,True
747,2019-04-10 07:51:16.000000000,2020-10-08 20:08:43.000000000,547.512,476484,60,2,318.057,True,11.0958,12.8319,14.8568,-3.86572,0.0135805,2.66056,16.125,25.1247,35.3742,0,2369.62,2134.36,2019-04-10,2020-06-16,False,433,False,True
748,2019-04-18 08:19:08.000000000,2020-10-09 14:14:08.000000000,540.247,488564,60,3,434.476,True,10.345,12.8154,14.6807,-3.82002,-0.0228885,2.53895,19.4987,26.8734,50.6249,0,2550.51,2293.08,2019-04-18,2020-08-19,False,489,False,True
749,2019-06-13 12:42:14.000000000,2020-09-29 02:00:55.000000000,473.555,420321,60,2,1368.02,True,10.4811,12.5603,14.7506,-3.87495,0.114519,2.17823,16.7498,24.9989,36.2486,0,2058.21,1920.91,2019-06-13,2020-09-17,False,462,False,True
750,2019-06-12 09:27:24.000000000,2020-09-26 06:12:52.000000000,471.865,360360,60,2,1320.32,True,11.7073,12.9653,14.8147,-3.80064,-0.0916304,2.32578,18.8739,25.3742,38.249,0,2050.74,1916.71,2019-06-12,2020-09-15,False,461,False,True
751,2019-04-17 09:19:38.000000000,2020-10-09 14:24:10.000000000,541.211,538421,60,3,163.879,True,11.7775,12.9134,14.7561,-3.74182,0.0401312,2.6891,17.1229,24.7494,40.9979,0,2530.14,2363.53,2019-04-17,2020-08-06,False,477,False,True
752,2019-04-18 06:49:30.000000000,2020-10-09 13:55:29.000000000,540.296,579522,60,3,550.549,True,11.5569,12.578,14.7164,-3.51881,0.127565,2.53109,18.9998,25.6237,34.4999,0,2760.87,2611.44,2019-04-18,2020-09-09,False,510,False,True
753,2019-03-11 05:05:17.000000000,2020-10-09 14:02:36.000000000,578.373,525855,60,3,275.478,True,0.00488289,12.979,14.6703,-3.58183,-0.0630961,2.17884,18.5603,28.9998,40.8743,1,3337.16,3192,2019-03-11,2020-07-18,False,495,False,True
754,2019-06-14 09:13:53.000000000,2020-10-09 14:04:31.000000000,483.202,508993,60,3,512.172,True,11.3634,12.7337,14.7283,-3.79591,0.122301,2.37957,19.1234,25.8732,36.8734,0,2213.08,2110.61,2019-06-14,2020-08-19,False,432,False,True
755,2019-03-20 13:54:54.000000000,2020-10-09 14:32:56.000000000,569.026,602958,60,6,864.383,True,10.5077,12.6729,14.7118,-3.85199,0.208133,2.2256,17.6242,27.9995,41.7487,0,2925.54,2742.75,2019-03-20,2020-07-17,False,485,False,True
756,2019-04-18 06:06:44.000000000,2020-10-09 14:06:29.000000000,540.333,572527,60,3,865.88,True,10.7439,12.8286,14.9642,-3.67742,0.156863,1.59869,19.4987,24.9989,36.125,0,2049.6,1935.58,2019-04-18,2020-06-04,False,413,False,True
757,2019-04-18 06:19:30.000000000,2020-09-26 18:23:28.000000000,527.503,481654,60,2,1062.38,True,11.9661,12.7855,14.645,-3.78622,0.123827,2.19982,21.2497,25.1247,35.3742,0,2037.22,1918.15,2019-04-18,2020-09-18,False,519,False,True
758,2019-03-25 12:47:28.000000000,2020-10-09 14:07:14.000000000,564.055,559361,60,3,112.369,True,11.7528,12.8392,14.7744,-3.78325,0,2.3859,17.9995,26.6239,38.748,0,2970.95,2623.85,2019-03-25,2020-07-20,False,483,False,True
759,2019-04-16 10:03:08.000000000,2020-09-11 05:06:33.000000000,513.794,470113,60,4,599.756,True,11.3277,12.867,14.6648,-3.85359,0.0192264,1.93057,20.9979,26.125,40.1236,0,2051.27,1836.83,2019-04-16,2020-08-01,False,473,False,True
760,2019-03-05 07:52:58.000000000,2020-10-09 14:15:38.000000000,584.266,589082,60,6,253.251,True,10.7701,12.9839,14.6255,-3.673,-0.0135042,2.53567,21.4992,28.9998,41.3733,0,2843.3,2667.26,2019-03-05,2020-06-24,False,477,False,True
761,2019-03-20 12:16:25.000000000,2020-10-09 13:58:01.000000000,569.071,561815,60,3,579.251,True,9.7615,12.8298,14.6777,-3.36919,0.111086,2.69421,20.7485,27.1229,37.3747,0,2329.39,2113.25,2019-03-20,2020-06-08,False,446,False,True
762,2019-04-17 13:28:38.000000000,2020-10-02 02:40:08.000000000,533.55,586792,60,3,458.553,True,10.3319,12.8426,14.6294,-3.77188,0.126345,3.73037,22.1241,26.9993,36.7498,0,1318.31,1127.91,2019-04-17,2020-09-09,False,511,False,True
763,2019-03-20 13:54:41.000000000,2020-10-09 14:09:57.000000000,569.011,421000,60,7,541.384,True,10.5397,13.0388,14.8418,-3.73976,-0.0442512,2.08919,14.4999,26.6239,41.8746,0,1790.93,1570.61,2019-03-20,2020-06-18,False,456,False,True
764,2019-04-17 07:07:08.000000000,2020-07-18 00:53:52.000000000,457.741,573761,60,4,195.383,True,11.66,12.6516,14.7008,-3.42832,0.114214,2.44686,19.6246,24.4999,36.125,0,2290.92,2131.82,2019-04-17,2020-06-25,False,435,False,True
765,2019-01-25 15:06:17.000000000,2020-10-09 13:58:57.000000000,622.953,689049,60,4,508.739,True,10.8354,12.6964,14.6426,-3.29236,0.130922,4.24964,21.4992,28.748,36.125,0,2715.65,2528.55,2019-01-25,2020-06-01,False,493,False,True
766,2019-05-30 08:25:57.000000000,2020-10-09 14:29:36.000000000,498.253,432874,60,6,243.082,True,11.6884,12.9375,14.6688,-3.46975,0.015259,2.2108,20.1236,26.4981,37.9995,0,2244.58,2169.54,2019-05-30,2020-08-24,False,452,False,True
767,2019-03-20 12:59:39.000000000,2020-10-09 14:37:26.000000000,569.068,511099,60,3,779.582,True,11.9576,12.8109,14.7158,-3.79431,0.0287633,2.08217,15.6237,27.1229,37.8737,0,2908.54,2698.77,2019-03-20,2020-08-24,False,523,False,True
768,2019-06-26 13:18:38.000000000,2020-10-09 14:13:24.000000000,471.038,539999,60,4,300.275,True,11.5261,12.7767,14.6148,-3.64866,0.224994,2.8751,24.1245,33.3738,43.9986,0,2870.68,2690.6,2019-06-26,2020-09-02,False,434,False,True
769,2019-06-26 12:20:24.000000000,2020-10-09 14:34:34.000000000,471.093,553805,60,2,421.107,True,11.6207,12.6928,14.5232,-3.71191,0.130465,2.62898,23.6233,32.4994,44.4999,0,3073.5,2901.96,2019-06-26,2020-09-02,False,434,False,True
770,2019-06-27 13:17:18.000000000,2020-08-19 10:12:23.000000000,418.872,456866,60,2,276.46,True,11.2386,12.8017,14.4656,-3.76204,0.103761,2.3508,25.9991,34.2481,44.6235,0,2380.65,2220.64,2019-06-27,2020-08-13,False,413,False,False
771,2019-04-23 09:49:11.000000000,2020-10-09 14:18:22.000000000,535.187,537742,60,2,245.448,True,8.88136,12.6665,14.7012,-3.53704,0.0133516,3.08156,19.8741,26.125,34.7494,0,2062.71,1845.19,2019-04-23,2020-06-24,False,428,False,True
772,2019-07-18 13:47:45.000000000,2020-09-16 02:33:45.000000000,425.532,474716,60,3,260.807,True,10.8125,12.9094,14.7073,-3.53269,0.124819,2.32044,20.2495,26.9993,34.9989,0,2035.77,1877.97,2019-07-18,2020-09-05,False,415,False,True
773,2019-03-12 11:47:40.000000000,2020-10-09 14:05:40.000000000,577.096,536507,60,4,204.606,True,11.794,12.9665,14.7503,-3.84771,0,2.85885,18.3749,26.7498,40.9979,0,2951.83,2794.12,2019-03-12,2020-08-17,False,524,False,True
774,2019-04-08 12:04:39.000000000,2020-10-09 14:34:31.000000000,550.104,550307,60,5,317.712,True,10.93,12.8225,14.5632,-3.58,0.0210575,2.53895,22.9984,29.4987,40.9979,0,2856.84,2742.64,2019-04-08,2020-05-30,False,418,False,True
775,2019-03-25 09:44:48.000000000,2020-10-09 14:19:57.000000000,564.191,562543,60,4,125.11,True,10.9487,12.8606,14.6819,-3.691,0.113146,1.56657,20.499,27.7478,40.6249,0,1625.64,1370.05,2019-03-25,2020-07-17,False,480,False,True
776,2019-06-14 09:39:53.000000000,2020-08-13 00:43:02.000000000,425.627,426598,60,3,214.598,True,10.4643,12.8331,14.7521,-3.76745,0.035935,2.41161,18.6244,24.6235,35.3742,0,1907.74,1809.94,2019-06-14,2020-07-30,False,412,False,True
777,2019-06-25 18:03:15.000000000,2020-09-24 22:08:40.000000000,457.17,510598,60,4,340.437,True,10.4958,12.6152,14.5577,-3.75837,0.127413,2.70161,23.2479,33.9986,45.3742,0,2894.85,2742.93,2019-06-25,2020-09-13,False,446,False,True
778,2019-04-26 08:00:31.799999952,2020-10-09 14:08:14.000000000,532.255,479181,60,6,1021.43,True,11.4159,12.7239,14.797,-3.75372,0.0984207,3.20485,15.8732,27.2488,37.7478,0,2337.54,2131.64,2019-04-26,2020-06-27,False,428,False,True
779,2019-06-12 14:47:32.000000000,2020-10-09 14:41:28.000000000,484.996,475992,60,6,579.459,True,11.0402,12.8481,14.7018,-3.32563,0.12459,1.97986,18.748,29.1234,39.4987,0,1069.35,855.821,2019-06-12,2020-07-18,False,402,False,True
780,2019-07-02 17:39:03.000000000,2020-10-09 04:58:59.000000000,464.472,515922,60,3,661.93,True,11.31,12.7532,14.5095,-3.74342,0.129168,2.46906,24.7494,33.3738,42.8748,0,2677.97,2643.53,2019-07-02,2020-09-09,False,435,False,True
781,2019-02-12 05:57:19.000000000,2020-10-09 14:18:58.000000000,605.348,747526,60,2,210.408,True,11.8889,12.7233,14.7683,-3.50149,0.117876,2.38674,17.6242,25.3742,33.4356,0,2939.67,2730.46,2019-02-12,2020-06-22,False,496,False,True
782,2019-03-27 15:13:56.000000000,2020-10-09 14:50:43.000000000,561.984,485222,60,7,2169.65,True,10.1311,12.8955,14.7787,-3.56954,0.122072,2.15404,18.8739,26.3745,33.7491,0,1327.39,1156.04,2019-03-27,2020-05-07,False,407,False,True
783,2019-03-26 08:14:55.000000000,2020-10-09 14:09:34.000000000,563.246,738691,60,4,155.777,True,11.3005,12.762,14.6673,-3.80858,0.222019,2.38537,20.3731,27.3747,36.2486,0,3145,2980.73,2019-03-26,2020-08-24,False,517,False,True
784,2019-03-21 12:50:06.000000000,2020-10-09 14:32:06.000000000,568.071,484042,60,5,296.011,True,10.6889,13.1508,14.7018,-3.61944,-0.055314,2.37613,19.2493,26.7498,38.8739,0,2527.03,2338.71,2019-03-21,2020-05-19,False,425,False,True
785,2019-05-06 11:57:57.000000000,2020-08-15 20:22:49.000000000,467.351,460497,60,1,841.289,True,11.3383,12.8258,14.5813,-3.6421,-0.0305943,2.49302,22.623,30.7485,36.9993,0,2730.1,2604.83,2019-05-06,2020-07-27,False,448,False,True
786,2019-03-12 13:43:49.000000000,2020-10-09 14:29:48.000000000,577.032,566439,60,3,284.268,True,11.9951,12.9433,14.7442,-3.52598,0.0244907,2.27535,18.4985,27.2488,39.2493,0,2903.25,2800.28,2019-03-12,2020-06-24,False,470,False,True
787,2019-03-21 07:26:18.000000000,2020-10-09 14:27:24.000000000,568.292,475884,60,5,1933.85,True,12.0528,12.9537,14.6691,-3.66499,0.0363928,4.4313,18.6244,25.7496,39.3729,0,2410.31,2295.15,2019-03-21,2020-04-25,False,401,False,True
788,2019-05-08 12:24:44.000000000,2020-10-09 14:48:23.000000000,520.1,610675,60,4,370.982,True,12.0543,12.8148,14.6679,-3.30587,0.118715,0.936141,19.8741,26.6239,36.7498,0,1535.59,1327.6,2019-05-08,2020-07-13,False,432,False,True
789,2019-04-30 13:45:24.000000000,2020-10-09 15:08:10.599999905,528.057,507451,60,5,1028.09,True,4.93294,12.8869,14.8144,-3.85435,0.121386,2.83474,18.748,27.8737,40.1236,0,2215.94,2013.94,2019-04-30,2020-07-24,False,451,False,True
790,2019-06-25 18:14:16.000000000,2020-10-05 21:53:01.000000000,468.152,520441,60,3,448.57,True,10.8702,12.9033,14.5641,-3.70695,0.205081,2.07927,23.8727,31.1238,40.6249,0,2114.84,1963.44,2019-06-25,2020-09-02,False,435,False,True
791,2019-08-09 18:22:10.000000000,2020-09-30 02:19:52.000000000,417.332,373132,60,4,2231.84,True,10.1314,12.8576,14.5876,-3.72526,0.125658,3.03868,23.1243,31.8746,43.4997,0,2049.9,1940.44,2019-08-09,2020-09-16,False,404,False,True
792,2019-05-17 07:54:35.000000000,2020-10-09 14:36:07.000000000,511.279,624151,60,3,295.498,True,0.399176,12.798,14.851,-3.22797,0.131075,3.20706,17.4983,25.2483,45.1247,1,1754.31,1684.66,2019-05-17,2020-08-24,False,465,False,True
793,2019-04-24 13:24:07.000000000,2020-10-09 14:44:46.000000000,534.056,473889,60,4,122.955,True,10.9697,13.0413,14.8299,-3.16396,-0.0259403,1.56252,16.3745,27.2488,33.9986,0,1152.68,1070.15,2019-04-24,2020-06-15,False,418,False,True
794,2019-04-29 10:24:29.000000000,2020-09-30 06:41:32.000000000,519.845,466036,60,3,305,True,11.5908,12.8933,14.5962,-3.30007,-0.035935,2.32113,23.8727,29.1234,36.9993,0,2379.2,2301.93,2019-04-29,2020-09-10,False,500,False,True
795,2019-06-05 08:20:15.000000000,2020-10-09 14:58:36.000000000,492.277,510143,60,4,279.752,True,11.9219,12.8118,14.6471,-3.44663,0.125582,2.1133,19.8741,26.9993,40,0,2470.14,2241.41,2019-06-05,2020-07-13,False,404,False,True
796,2019-05-03 13:22:50.000000000,2020-10-09 14:58:33.000000000,525.066,456658,60,3,488.336,True,12.069,12.9265,14.6966,-3.7052,-0.0131991,1.98756,22.623,27.8737,39.8741,0,2642.08,2532.6,2019-05-03,2020-06-30,False,424,False,True
797,2019-06-17 10:02:40.000000000,2020-10-09 10:25:17.000000000,480.016,566756,60,4,358.383,True,11.3008,12.7254,14.5037,-3.71786,0.165713,2.1735,23.3738,31.4992,39.7482,0,2179.81,2011.67,2019-06-17,2020-08-29,False,439,False,True
798,2019-04-09 07:31:14.000000000,2020-10-09 14:48:57.000000000,549.304,583208,60,4,177.22,True,11.9359,12.6729,14.6816,-3.42641,0.0658427,2.76005,20.8743,28.748,39.6246,0,2791.99,2641.42,2019-04-09,2020-08-01,False,480,False,True
799,2019-06-05 10:13:55.000000000,2020-08-29 23:25:21.000000000,451.55,406234,60,1,135.887,True,11.3094,13.0422,14.6893,-3.72633,-0.0864424,1.94957,19.1234,27.7478,38.9998,0,2289.65,2196.22,2019-06-05,2020-08-24,False,446,False,False
800,2019-03-12 11:30:37.000000000,2020-10-09 14:38:50.000000000,577.131,544052,60,4,615.075,True,10.7485,13.0285,14.7182,-3.71115,0.0154116,2.93149,17.2488,25.7496,39.2493,0,2551.8,2254.76,2019-03-12,2020-05-25,False,440,False,True
801,2019-04-09 08:48:14.000000000,2020-10-09 14:52:31.000000000,549.253,698113,60,1,195.512,True,10.2016,12.7657,14.6548,-3.74983,0.184176,1.64607,20.499,26.6239,36.3745,0,2674.36,2468.86,2019-04-09,2020-09-03,False,513,False,True
802,2019-04-10 07:58:49.000000000,2020-10-09 15:13:53.000000000,548.302,537007,60,3,750.645,True,11.8322,12.7248,14.8043,-3.7924,0.0649271,2.68727,18.249,25.8732,39.4987,0,2520.79,2333.46,2019-04-10,2020-06-01,False,418,False,True
803,2019-06-12 13:37:15.000000000,2020-10-09 04:47:39.000000000,484.632,528753,60,3,541.568,True,11.3042,12.7095,14.5699,-4.92981,0.104677,4.9733,21.7487,32.7489,44.1245,0,3020.91,2876.15,2019-06-12,2020-09-13,False,459,False,True
804,2019-06-17 20:06:51.000000000,2020-10-09 15:09:27.000000000,479.793,550760,60,4,453.998,True,11.9823,12.7565,14.6111,-3.82055,0.131228,2.63386,22.8748,31.4992,41.8746,0,3002.56,2844.39,2019-06-17,2020-08-25,False,435,False,True
805,2019-04-09 07:31:20.000000000,2020-10-09 14:46:41.000000000,549.302,526461,60,4,654.821,True,11.5731,12.8255,14.6969,-3.43404,0.0463874,2.62531,20.1236,25.8732,40.9979,0,2531.23,2316.51,2019-04-09,2020-06-24,False,442,False,True
806,2019-04-23 12:18:41.000000000,2020-08-13 23:43:39.000000000,478.476,416426,60,2,1345.74,True,11.0582,12.5377,14.5779,-3.50324,0.0924697,2.49531,20.9979,26.7498,35.9991,0,2074.24,1961.72,2019-04-23,2020-06-27,False,431,False,True
807,2019-04-23 12:07:35.000000000,2020-09-19 23:16:41.000000000,515.465,381189,60,6,778.865,True,10.5095,12.6979,14.7756,-3.78531,0.0133516,2.46548,19.3729,24.9989,35.1247,0,1892.3,1697.69,2019-04-23,2020-08-13,False,478,False,True
808,2019-04-24 12:47:55.000000000,2020-10-09 14:59:11.000000000,534.091,592111,60,3,572.231,True,11.8083,12.5887,14.8345,-3.69062,0.116274,2.25605,18.6244,25.6237,34.7494,0,3052.69,2862.94,2019-04-24,2020-07-15,False,448,False,True
809,2019-04-24 07:53:13.000000000,2020-08-12 20:03:33.000000000,476.507,416657,60,5,1560.48,True,10.5019,12.4263,16.6796,-3.64744,0.125734,2.37705,18.9998,25.2483,33.2479,0,1665.04,1533.05,2019-04-24,2020-06-25,False,428,False,True
810,2019-03-25 06:55:17.000000000,2020-09-02 08:33:49.000000000,527.068,590333,60,1,94.2133,True,10.4302,12.784,14.6764,-3.79782,0,2.38361,18.748,26.6239,38.249,0,2674.41,2597.34,2019-03-25,2020-08-28,False,522,False,False
811,2019-03-23 09:49:56.000000000,2020-10-09 14:56:56.000000000,566.213,553009,60,3,422.689,True,10.6535,12.8753,14.7384,-3.82765,0.0347906,2.21508,17.9995,24.7494,35.4978,0,2254.98,2020.27,2019-03-23,2020-06-05,False,440,False,True
812,2019-01-18 13:50:41.000000000,2020-10-09 14:58:35.000000000,630.047,469615,60,4,783.695,True,11.9637,12.8481,14.7472,-3.46357,-0.0453193,2.19089,21.1238,26.8734,34.2481,0,2139.31,1979.42,2019-01-18,2020-08-18,False,578,False,True
813,2019-04-01 12:55:43.000000000,2020-10-07 20:53:23.000000000,555.332,581454,60,10,314.369,True,11.2602,12.5707,16.7187,-3.79919,0.167849,4.85557,17.1229,25.6237,34.4999,0,2437.91,2258.36,2019-04-01,2020-05-11,False,406,False,True
814,2019-03-21 12:44:34.000000000,2020-10-09 15:15:08.000000000,568.105,493520,60,5,1594.76,True,10.3111,12.8524,14.6966,-3.56298,0.02533,2.34936,18.4985,28.6244,38.3749,0,2883.21,2640.96,2019-03-21,2020-04-29,False,405,False,True
815,2019-06-13 13:46:39.000000000,2020-09-18 00:29:57.000000000,462.447,307036,60,4,450.366,True,11.22,12.7092,14.7811,-3.57939,0,2.27871,18.748,24.7494,37.3747,0,1494.03,1368.88,2019-06-13,2020-09-11,False,456,False,False
816,2019-03-29 08:31:44.000000000,2020-10-09 14:54:09.000000000,560.266,265980,60,21,986.114,True,10.5049,12.8597,14.6535,-3.38476,0.0168612,3.9601,18.6244,24.873,32.8748,0,855.665,643.505,2019-03-29,2020-07-13,False,472,False,True
817,2019-03-22 10:06:05.000000000,2020-10-09 15:02:19.000000000,567.206,691991,60,9,319.288,True,10.5391,12.7083,14.7054,-3.80148,0.124132,2.55215,20,26.2486,41.8746,0,2804.2,2545.07,2019-03-22,2020-06-18,False,454,False,True
818,2019-03-05 19:34:27.000000000,2020-10-09 15:04:13.000000000,583.812,650609,60,2,541.135,True,12.0549,12.8502,14.7225,-3.54963,0.108492,2.09628,17.1229,29.6246,41.4992,0,3089.05,2894.73,2019-03-05,2020-06-24,False,477,False,True
819,2019-04-08 12:08:57.000000000,2020-10-09 14:53:20.000000000,550.114,472474,60,5,249.07,True,10.5116,12.9812,14.8574,-3.64675,0,1.58564,13.8727,21.4992,40.3731,0,1286.62,986.443,2019-04-08,2020-08-01,False,481,False,True
820,2019-04-05 06:21:45.000000000,2020-10-09 14:55:37.599999905,553.357,628243,60,3,938.19,True,10.8653,12.7947,14.7607,-3.78622,0.161822,1.78218,19.6246,25.3742,34.4999,0,2469.66,2266.89,2019-04-05,2020-06-24,False,446,False,True
821,2019-05-31 09:00:40.000000000,2020-10-09 14:57:32.000000000,497.248,487600,60,4,243.14,True,10.6328,12.8652,14.6651,-3.50034,0.0425727,2.38193,20.2495,26.9993,39.6246,0,2254.39,2033.71,2019-05-31,2020-09-04,False,462,False,True
822,2019-03-26 14:40:49.000000000,2020-06-26 13:16:25.000000000,457.941,626981,60,0,19.6083,True,11.0094,12.6632,14.6505,-3.56535,0.132448,2.8204,21.6228,26.6239,33.6233,0,2699.52,2534.34,2019-03-26,2020-07-16,False,478,False,True
823,2019-06-14 09:14:05.000000000,2020-10-09 15:21:17.000000000,483.255,446335,60,4,654.823,True,11.798,12.8994,14.6957,-3.83787,0,2.47585,18.748,25.7496,38.3749,0,2383.48,2270.96,2019-06-14,2020-07-22,False,404,False,True
824,2019-04-02 12:00:02.000000000,2020-10-07 08:02:46.099999905,553.835,364539,60,7,1846.08,True,10.5116,12.9177,14.6932,-3.88876,0.0958267,2.86816,20.7485,25.7496,36.9993,0,1767.58,1576.63,2019-04-02,2020-05-16,False,410,False,True
825,2019-06-12 13:54:14.000000000,2020-09-17 00:21:48.000000000,462.436,346172,60,3,1223.92,True,10.8336,12.7218,14.7311,-3.76173,0,2.24002,18.249,26.3745,37.6242,0,1678.94,1562.62,2019-06-12,2020-09-02,False,448,False,True
826,2019-06-17 11:58:11.000000000,2020-09-29 23:57:03.000000000,470.499,552513,60,3,251.988,True,10.7915,12.7999,14.5959,-3.76677,0.12726,2.51507,21.8746,31.9982,42.2499,0,2670.28,2544.03,2019-06-17,2020-08-30,False,440,False,True
827,2019-04-23 09:42:51.000000000,2020-10-09 15:16:10.000000000,535.231,603310,60,3,227.763,True,11.3747,12.5743,14.7207,-3.80812,0.122988,3.78889,19.3729,24.2481,39.2493,0,2938.01,2775.08,2019-04-23,2020-08-19,False,484,False,True
828,2019-06-06 18:35:41.000000000,2020-10-03 03:46:14.000000000,484.382,601498,60,1,278.659,True,11.1849,12.6503,14.5257,-3.80591,0.131075,2.88815,25.9991,31.9982,40.9979,0,2920.31,2757.58,2019-06-06,2020-09-19,False,471,False,True
829,2019-04-15 08:47:15.000000000,2020-10-09 15:25:54.000000000,543.277,574346,60,2,419.329,True,11.9199,12.7938,14.6926,-3.82193,0.0514229,4.9675,18.8739,25.9991,35.7496,0,2846.97,2639.97,2019-04-15,2020-06-11,False,423,False,True
830,2019-06-12 08:30:04.000000000,2020-10-09 15:17:10.000000000,485.283,309735,60,12,2624.55,True,11.9683,12.4648,15.4995,-3.44007,0.209583,2.22744,17.1229,25.6237,35.7496,0,1337.75,1261.23,2019-06-12,2020-09-01,False,447,False,True
831,2019-06-14 09:05:00.000000000,2020-10-09 15:28:08.000000000,483.266,380945,60,4,406.226,True,11.6036,12.8295,14.8656,-3.88594,0.00190738,2.54734,17.7478,25.7496,36.125,0,1965.98,1740.55,2019-06-14,2020-07-30,False,412,False,True
832,2019-04-23 13:27:29.000000000,2020-09-19 08:24:34.000000000,514.79,627987,60,2,804.269,True,10.9654,12.5536,14.6911,-3.83833,0.131685,2.72366,17.9995,24.6235,39.4987,0,2667.77,2498.64,2019-04-23,2020-08-13,False,478,False,True
833,2019-05-04 09:43:04.000000000,2020-08-21 19:57:28.000000000,475.427,574206,60,2,585.122,True,10.8562,12.5478,14.6081,-3.59892,0.128862,2.46242,21.6228,28.9998,39.2493,0,2178.13,2091.69,2019-05-04,2020-07-31,False,454,False,True
834,2019-01-31 10:15:39.000000000,2020-10-09 15:38:08.099999905,617.224,762730,60,2,312.048,True,11.3841,12.6485,14.7127,-3.41909,0.11078,2.23056,19.8741,27.8737,36.6239,0,2817.09,2610.63,2019-01-31,2020-09-16,False,594,False,True
835,2019-05-16 15:09:01.000000000,2020-10-05 21:30:16.000000000,508.265,537077,60,3,363.377,True,11.8184,12.7816,14.6517,-3.8278,0.122606,2.46372,21.7487,30.2495,39.2493,0,2670.23,2480.46,2019-05-16,2020-09-18,False,491,False,True
836,2019-03-26 08:40:24.000000000,2020-10-09 15:31:45.000000000,563.286,537381,60,4,890.016,True,11.2441,12.7385,14.7329,-3.75837,0.117037,2.19913,18.1231,26.7498,40.6249,0,2865.04,2556.74,2019-03-26,2020-05-22,False,423,False,True
837,2019-04-08 05:03:11.000000000,2020-08-18 09:26:07.000000000,498.183,470150,60,4,215.162,True,11.2779,13.0175,14.7366,-3.39681,0.0173953,2.3109,19.2493,27.9995,40.8743,0,2188.52,2000.98,2019-04-08,2020-05-21,False,409,False,True
838,2019-04-01 13:18:02.000000000,2020-10-09 15:15:06.900000095,557.081,722636,60,5,136.552,True,12.0531,12.8219,14.6838,-3.71687,0.124056,2.11398,18.249,26.6239,34.5617,0,1975.65,1758.56,2019-04-01,2020-05-17,False,412,False,True
839,2019-03-12 06:53:55.000000000,2020-10-09 15:12:19.000000000,577.346,467407,60,3,255.118,True,11.9048,13.0205,14.631,-3.47143,-0.0774395,1.79805,21.8746,27.6242,40.2495,0,2989.92,2866.02,2019-03-12,2020-09-11,False,549,False,True
840,2019-06-11 13:46:04.000000000,2020-09-30 20:02:22.000000000,477.261,556541,60,2,302.91,True,10.7396,12.7776,14.7652,-3.43351,0.141299,2.32227,18.9998,24.6235,36.8734,0,2428.19,2284.01,2019-06-11,2020-09-14,False,461,False,True
841,2019-05-03 11:24:32.000000000,2020-10-09 15:47:48.000000000,525.183,476953,60,4,203.33,True,12.0583,13.022,14.6719,-3.42298,0.0170138,3.21721,21.1238,28.1231,36.9993,0,1544.4,1340.35,2019-05-03,2020-09-05,False,491,False,True
842,2019-04-26 08:28:08.000000000,2020-10-09 15:57:21.000000000,532.312,531049,60,8,469.006,True,11.8874,12.6995,14.7027,-3.79408,0.218357,2.56641,21.4992,27.9995,38.1231,0,2807,2541.18,2019-04-26,2020-08-21,False,483,False,True
843,2019-04-18 13:09:27.000000000,2020-10-09 15:39:40.400000095,540.104,480381,60,5,989.99,True,10.6789,12.831,14.7051,-3.71733,0.035935,2.48203,19.6246,25.1247,32.4353,0,1554.5,1361.57,2019-04-18,2020-07-13,False,452,False,True
844,2018-10-18 09:33:31.000000000,2020-08-29 01:44:41.000000000,680.674,631353,60,4,1104.65,True,10.6642,12.5725,14.6783,-3.56497,0.111086,2.38392,21.2497,25.2483,38.3749,0,2506.79,2250.62,2018-10-18,2020-08-19,False,671,False,True
845,2018-09-04 22:40:06.000000000,2020-08-29 01:43:00.000000000,724.127,622918,60,6,1382.62,True,10.5406,13.0428,14.6361,-3.7116,-0.0218967,1.13481,20.7485,32.623,49.8741,0,1445.51,1200.61,2018-09-04,2020-06-02,False,637,False,True
846,2018-12-07 06:39:56.000000000,2020-06-22 01:45:19.000000000,562.795,505142,60,7,1687.6,True,10.2072,12.6696,14.6737,-3.46654,0.030518,2.22904,20.7485,27.2488,37.2488,0,1885.54,1733.7,2018-12-07,2020-02-25,False,445,False,True
847,2018-09-04 15:32:36.000000000,2020-10-09 15:58:05.000000000,766.018,734192,60,6,2186.02,True,10.1076,12.8392,14.529,-3.56947,0.116884,2.22599,24.7494,32.2499,48.4985,0,3139.72,2743.02,2018-09-04,2019-12-07,False,459,False,True
848,2018-11-06 17:46:50.000000000,2020-10-09 15:45:16.000000000,702.916,367970,60,10,1241.55,True,11.3771,12.8627,14.6371,-3.71305,0.0158694,4.1693,21.4992,26.7498,41.4992,0,1597.46,1426.62,2018-11-06,2020-03-15,False,495,False,True
849,2018-09-06 08:45:16.000000000,2020-07-04 04:27:00.000000000,666.821,590994,60,6,1445.69,True,12.0519,12.9509,14.5519,-3.34974,0.0118257,0.975128,25.2483,33.4997,44.873,0,1245.26,1078.06,2018-09-06,2020-03-20,False,561,False,True
850,2018-11-06 23:21:33.000000000,2020-09-05 23:20:30.000000000,668.999,645959,60,3,2616.85,True,11.6927,12.7089,14.5354,-3.82422,0.124437,3.24582,23.7491,34.7494,50.1236,0,4337.71,4028.84,2018-11-06,2020-08-06,False,639,False,True
851,2018-10-02 09:12:26.000000000,2020-10-09 15:35:58.000000000,738.266,606016,60,7,1091.09,True,10.1015,12.9265,14.7445,-3.31693,0.0178531,1.77668,20.2495,28.4985,43.2479,0,2542.95,2250.74,2018-10-02,2020-03-26,False,541,False,True
852,2018-10-16 15:07:14.000000000,2020-08-16 10:24:02.000000000,669.803,821433,60,3,372.318,True,11.0002,12.8301,14.7579,-3.70344,0.125811,1.89891,20.7485,25.7496,38.249,0,3319.87,3101.4,2018-10-16,2020-05-30,False,592,False,True
853,2018-10-17 13:43:21.000000000,2020-10-09 15:43:11.000000000,723.083,530079,60,13,1533.08,True,11.7171,12.8493,14.7701,-3.80858,0.00801099,2.44518,17.7478,25.7496,37.7478,0,1813.14,1501.84,2018-10-17,2019-11-28,False,407,False,True
854,2018-10-25 13:33:06.000000000,2020-10-09 15:36:11.000000000,715.085,637171,60,8,513.022,True,12.054,13.0504,14.8867,-3.3698,0.00991836,2.30373,15.1247,27.2488,40,0,1976.23,1736.76,2018-10-25,2019-12-04,False,405,False,True
855,2018-10-18 11:54:05.000000000,2020-04-10 09:46:01.000000000,539.911,459159,60,4,1143.12,True,11.3048,12.7758,14.7536,-3.78782,0.108797,2.49294,18.249,25.2483,39.7482,0,2118.98,1927.31,2018-10-18,2020-02-07,False,477,False,True
856,2018-09-14 10:08:02.000000000,2020-08-28 01:45:11.000000000,713.651,720625,60,6,712.44,True,11.5294,12.6195,14.6377,-3.67384,0.112535,4.56657,21.9982,28.8739,38.3749,0,3457.34,3268.92,2018-09-14,2020-06-23,False,648,False,True
857,2018-10-18 12:34:03.000000000,2020-10-09 15:58:15.000000000,722.142,796391,60,4,1503.85,True,11.7104,12.6146,14.75,-3.74334,0.110628,2.34951,17.7478,24.7494,38.3749,0,3748.72,3493.18,2018-10-18,2020-04-24,False,554,False,True
858,2019-02-12 13:15:13.000000000,2020-10-09 09:43:32.000000000,604.853,716494,60,3,422.207,True,10.4454,12.8798,14.5367,-3.64904,0.212177,2.0338,24.2481,32.7489,49.8741,0,2914.25,2501.04,2019-02-12,2020-09-03,False,569,False,True
859,2018-09-07 12:25:32.000000000,2020-09-16 04:16:30.000000000,739.66,686478,60,4,115.834,True,11.7653,12.7517,14.6184,-3.28542,0,2.67041,23.1243,31.8746,47.7478,0,3731.12,3430.04,2018-09-07,2020-09-09,False,733,False,False
860,2018-10-15 15:24:48.000000000,2020-10-09 15:30:06.000000000,725.004,758902,60,5,205.365,True,11.3127,12.9189,14.6859,-3.57916,0.0275425,3.37652,19.3729,26.4981,40.1236,0,2270.66,2036.89,2018-10-15,2020-05-30,False,593,False,True
861,2018-12-03 14:34:46.000000000,2020-10-09 16:02:07.000000000,676.061,615695,60,4,1934.78,True,0.00488289,12.7233,14.522,-3.52514,0.125429,2.48951,20.6249,32.3735,47.4983,1,3635.12,3404.32,2018-12-03,2020-03-23,False,476,False,True
862,2018-12-04 15:46:25.000000000,2020-08-30 02:31:14.000000000,634.448,652961,60,2,184.019,True,11.4565,12.8295,14.8141,-3.77188,0.0170138,2.36904,19.2493,25.2483,32.3735,0,3286.07,3133.89,2018-12-04,2020-08-21,False,626,False,True
863,2018-09-17 12:55:48.000000000,2020-09-09 11:01:44.000000000,722.921,543508,60,6,568.716,True,0.00488289,12.8502,14.5135,-3.40604,0,2.5967,24.7494,33.7491,49.8741,3,2360.19,1897.36,2018-09-17,2020-07-09,False,661,False,True
864,2018-09-19 09:51:40.000000000,2020-09-17 10:56:24.000000000,729.045,863527,60,4,296.006,True,12.4065,12.8701,14.5733,-3.04547,0.118486,1.96391,23.1243,33.2479,50.1236,0,2323.84,1727.19,2018-09-19,2020-09-03,False,715,False,True
865,2018-10-18 09:46:49.000000000,2020-09-19 18:54:31.000000000,702.38,401752,60,10,3182.77,True,11.3094,12.7611,14.6578,-3.70314,0.00793469,2.33379,20.1236,27.2488,39.6246,0,2159.16,1965.7,2018-10-18,2019-12-11,False,419,False,True
866,2018-12-11 19:14:49.000000000,2020-10-09 16:12:43.000000000,667.874,712552,60,4,338.478,True,10.1024,12.8798,14.6609,-3.5227,0.110323,1.87366,21.2497,32.1241,44.7494,0,2447.32,2085.7,2018-12-11,2020-02-24,False,440,False,True
867,2018-10-30 14:08:08.000000000,2020-10-09 15:55:45.500000000,710.075,892531,60,4,231.088,True,10.5202,12.7767,14.6621,-3.56809,0.130922,2.72465,22.9984,28.4985,36.8734,0,3137.75,2861.2,2018-10-30,2020-10-03,False,704,False,False
868,2018-09-07 09:34:03.000000000,2020-10-05 17:26:08.000000000,759.328,737929,60,8,2012.41,True,11.3854,12.7062,14.5876,-3.63706,0.117876,2.69978,23.7491,30.7485,43.6233,0,3686.09,3475.79,2018-09-07,2020-03-19,False,559,False,True
869,2018-11-06 09:37:07.000000000,2020-10-09 16:17:59.000000000,703.278,626263,60,5,1325.68,True,11.4977,12.8728,14.7198,-3.53201,0.0259403,2.15953,19.1234,26.125,41.9982,0,2978.94,2799.9,2018-11-06,2020-04-07,False,518,False,True
870,2018-12-08 04:13:37.000000000,2020-09-06 00:58:28.000000000,637.864,614819,60,3,852.15,True,11.3262,12.7709,14.5492,-3.71908,0.190967,2.49393,22.8748,32.2499,41.4992,0,2502.54,2309.1,2018-12-08,2020-07-06,False,576,False,True
871,2018-10-31 13:35:12.000000000,2020-06-11 19:08:15.000000000,589.231,574514,60,7,384.536,True,10.0649,13.0486,14.8531,-3.33753,0.0334173,2.27024,16.9993,25.1247,40.8743,0,1535.31,1280.77,2018-10-31,2020-06-05,False,583,False,False
872,2018-09-08 02:20:39.000000000,2020-10-09 16:23:48.000000000,762.586,789421,60,6,259.984,True,10.5977,12.9281,14.6987,-3.02762,0.0984207,3.14176,19.4987,28.3749,39.6246,0,2404.69,2071.61,2018-09-08,2020-03-14,False,553,False,True
873,2018-10-17 18:04:51.000000000,2020-10-09 15:57:51.000000000,722.912,657942,60,6,1122.98,True,11.9188,12.7041,14.7427,-3.72961,0.114519,2.57267,17.8737,26.3745,39.4987,0,3096.63,2921.73,2018-10-17,2020-02-14,False,485,False,True
874,2018-12-14 15:14:32.000000000,2020-10-09 16:14:33.000000000,665.042,657522,60,6,1051.49,True,10.3575,12.7736,14.5968,-3.48363,0.114137,2.28969,22.4994,29.2493,40.7485,0,2959.71,2627.39,2018-12-14,2020-06-10,False,544,False,True
875,2018-09-07 19:55:27.000000000,2020-10-09 16:30:43.000000000,762.858,843890,60,3,702.396,True,12.0696,12.8029,14.7518,-3.00427,0.107347,2.99626,18.249,24.2481,37.6242,0,2367.5,2079.72,2018-09-07,2020-04-29,False,600,False,True
876,2018-09-07 12:27:11.000000000,2020-03-19 08:22:18.000000000,558.83,614461,60,2,1174.29,True,10.5772,12.8167,14.5641,-3.49248,0.201419,2.71862,23.7491,33.2479,45.8732,0,2874.48,2643.02,2018-09-07,2019-12-29,False,478,False,True
877,2018-10-16 13:45:11.000000000,2020-10-01 12:58:56.299999952,715.968,644588,60,6,535.196,True,11.7714,12.9155,14.8241,-3.81735,0.111543,3.17174,16.8734,23.8727,42.8748,0,1707.83,1435.69,2018-10-18,2020-08-24,False,676,True,True
878,2018-09-24 14:18:49.000000000,2020-08-29 04:49:12.000000000,704.604,707358,60,7,1145.08,True,12.0864,12.8911,14.576,-2.74937,0.121386,1.26413,21.7487,30.9979,40.2495,0,1915.81,1597.15,2018-09-24,2020-05-27,False,611,False,True
879,2018-09-14 18:16:53.000000000,2020-10-09 16:05:54.000000000,755.909,853956,60,4,738.936,True,0.00488289,12.86,14.6249,-3.64927,0.114519,3.19341,21.3733,28.1231,41.4992,2,3632.83,3388.25,2018-09-14,2020-02-08,False,512,False,True
880,2018-09-06 09:12:59.000000000,2020-09-03 21:04:04.000000000,728.494,776325,60,4,808.433,True,11.2997,12.7446,14.5458,-3.72152,0.117266,2.6659,24.1245,33.7491,44.6235,0,3714,3465.5,2018-09-06,2020-07-09,False,672,False,True
881,2018-11-30 18:36:23.000000000,2020-10-09 16:17:29.000000000,678.904,585566,60,5,2284.55,True,10.5815,12.8249,14.5785,-3.81712,0.111849,2.55077,22.9984,32.8748,47.4983,0,3262.12,3044.8,2018-11-30,2020-01-22,False,418,False,True
882,2018-10-18 12:11:22.000000000,2020-10-09 15:59:21.000000000,722.158,689497,60,5,2266.84,True,11.7104,12.5646,14.6896,-3.63851,0.199512,2.3592,19.7482,26.4981,39.6246,0,3073.44,2857.51,2018-10-18,2020-06-02,False,593,False,True
883,2018-11-03 13:03:32.000000000,2020-10-09 16:39:28.000000000,706.15,781556,60,3,248.361,True,10.5928,12.8991,14.6679,-3.38628,0.117876,1.79606,20.2495,27.3747,46.4981,0,2021.71,1588.62,2018-11-03,2020-08-07,False,643,False,True
884,2018-12-07 20:00:02.000000000,2020-09-26 03:04:42.000000000,658.295,854429,60,1,252.31,True,12.0458,12.8237,14.573,-3.7744,0.115282,1.00031,25.6237,31.6228,41.1238,0,2103.01,1747.12,2018-12-07,2020-09-12,False,645,False,True
885,2018-10-18 09:16:04.000000000,2020-10-09 16:43:49.000000000,722.311,751549,60,5,1433.33,True,11.191,12.7852,14.743,-3.67483,0.116197,2.73548,17.7478,24.7494,36.3745,0,3344.42,3091.15,2018-10-18,2020-01-13,False,452,False,True
886,2018-10-18 12:18:06.000000000,2020-07-25 01:21:04.000000000,645.544,612270,60,4,2286.7,True,11.2117,12.7471,14.6966,-3.70703,0.116274,2.45945,18.3749,24.1245,37.7478,0,2729.15,2561.1,2018-10-18,2020-04-01,False,531,False,True
887,2018-12-13 00:26:53.000000000,2020-10-09 16:28:46.000000000,666.668,767218,60,6,289.65,True,10.5336,12.6778,14.6093,-3.72854,0.210498,2.53025,19.1234,28.1231,42.3735,0,3709.86,3493.68,2018-12-13,2020-07-17,False,582,False,True
888,2018-12-07 20:01:10.000000000,2020-08-29 00:57:25.000000000,630.206,508189,60,3,1471.86,True,11.8868,12.9744,14.497,-3.72313,-0.0650034,2.36393,24.6235,31.7487,39.6246,0,2373.6,2131.83,2018-12-07,2020-06-07,False,548,False,True
889,2018-12-14 19:04:19.000000000,2020-09-27 02:52:46.000000000,652.325,669214,60,7,1074.39,True,10.9187,12.795,14.5348,-3.7351,0.181048,2.69215,22.8748,32.3735,46.6239,0,3341.55,3122.54,2018-12-14,2020-05-17,False,520,False,True
890,2018-09-07 09:47:46.000000000,2020-10-09 16:33:18.000000000,763.282,802457,60,9,728.848,True,10.1015,12.9671,14.4891,-3.56603,0.0354772,2.66423,26.3745,32.3735,41.8746,0,2779.17,2562.44,2018-09-07,2020-02-06,False,517,False,True
891,2018-12-13 12:37:04.000000000,2020-10-09 16:49:10.000000000,666.175,741580,60,3,836.891,True,0.010071,12.8222,14.576,-3.55016,0.12665,4.55154,23.8727,30.6249,40,1,3121.75,2910.24,2018-12-13,2020-01-22,False,405,False,True
892,2018-09-11 12:56:59.000000000,2020-10-09 16:18:22.000000000,759.14,732816,60,10,1006.52,True,10.4735,12.9348,14.591,-3.37148,0.11902,2.74678,23.3738,32.7489,49.7482,0,2981.36,2478.48,2018-09-11,2020-03-27,False,563,False,True
893,2018-12-05 01:30:27.000000000,2020-09-03 22:06:36.000000000,638.858,733595,60,4,617.953,True,10.0572,12.7431,14.5339,-3.67994,0.121004,2.31632,24.6235,30.8743,43.3738,0,2582.77,2285.77,2018-12-05,2020-07-21,False,594,False,True
894,2018-09-20 17:27:22.000000000,2020-10-09 16:46:38.000000000,749.972,832105,60,5,2134.38,True,0.0201419,12.7764,14.7488,-3.79049,0.118563,2.62081,21.9982,28.748,39.4987,1,3439.75,3293.21,2018-09-20,2020-03-24,False,551,False,True
895,2018-09-17 12:52:11.000000000,2020-09-04 04:21:33.000000000,717.645,814492,60,9,668.012,True,11.8835,12.7907,14.5238,-3.26932,0.12459,1.31441,24.1245,30.9979,41.8746,0,2279.4,2003.76,2018-09-17,2020-07-09,False,661,False,True
896,2018-10-09 11:30:30.000000000,2020-09-06 03:48:23.000000000,697.679,721914,60,6,588.435,True,0.00488289,12.82,14.5089,-3.76234,0.11429,1.47227,25.7496,32.4994,50.1236,1,2063.18,1668.24,2018-10-18,2020-07-25,False,646,True,True
897,2018-09-24 15:04:28.000000000,2020-09-09 04:02:11.000000000,715.54,379286,60,15,1216.77,True,10.4924,12.8927,14.5739,-2.98024,0.016022,1.72068,22.1241,33.2479,42.4994,0,1306.52,1042.03,2018-09-24,2020-07-06,False,651,False,True
898,2018-10-03 17:16:04.000000000,2020-10-09 16:49:31.000000000,736.982,655910,60,12,3618.47,True,10.4646,12.6757,14.5815,-3.46403,0.197299,2.51919,23.9986,31.8746,44.873,0,3397.4,3162.27,2018-10-03,2019-11-19,False,412,False,True
899,2018-09-25 18:40:33.000000000,2020-10-09 16:17:18.000000000,744.901,769900,60,7,997.597,True,10.587,12.7135,14.5724,-3.66857,0.116121,2.27909,22.4994,30.9979,43.4997,0,3722.48,3404.75,2018-10-19,2020-05-24,False,583,True,True
900,2018-09-12 21:45:00.000000000,2020-09-04 04:57:54.000000000,722.301,766712,60,5,690.995,True,12.0534,12.8231,14.555,-3.16899,0.125429,1.14061,24.1245,34.873,50,0,2942.63,2502.09,2018-09-12,2020-07-17,False,674,False,True
901,2018-11-23 13:52:37.000000000,2020-10-09 16:22:14.200000048,686.104,670263,60,6,936.322,True,12.0488,12.8936,14.7341,-3.79004,0.123674,1.81796,17.9995,23.8727,42.3735,0,1621.83,1415.44,2018-11-23,2020-06-18,False,573,False,True
902,2018-09-06 09:00:40.000000000,2020-10-09 16:20:17.000000000,764.305,701053,60,5,3119.79,True,11.1348,12.8508,14.5263,-3.6321,0.116884,2.87022,24.7494,32.3735,44.873,0,3795.38,3531.7,2018-09-06,2019-10-20,False,409,False,True
903,2018-10-17 15:12:48.000000000,2020-10-09 03:53:07.000000000,722.528,683265,60,11,1591.04,True,10.5962,12.9857,14.6819,-3.75448,-0.00389105,2.33654,20,25.8732,40.3731,0,2681.62,2465.78,2018-10-17,2020-04-01,False,532,False,True
904,2018-09-14 14:13:33.000000000,2020-10-09 16:34:51.000000000,756.098,670862,60,6,2157.06,True,9.90585,12.7764,14.5492,-3.57053,0.0354772,2.44862,22.3735,32.3735,43.8727,0,3252.73,2981.64,2018-09-14,2020-03-15,False,548,False,True
905,2018-10-17 08:50:30.000000000,2020-07-24 01:13:59.000000000,645.683,596223,60,5,2171.18,True,11.946,12.7153,14.7012,-3.72908,0.124208,2.84802,20,26.125,41.6228,0,2786.92,2610.15,2018-10-17,2020-04-11,False,542,False,True
906,2018-11-03 17:08:29.000000000,2020-10-09 17:06:00.000000000,705.998,796225,60,5,347.612,True,11.5499,12.8911,14.6474,-3.35599,0.12932,3.30114,18.9998,28.3749,36.8734,0,2549.32,2300.2,2018-11-03,2020-07-13,False,618,False,True
907,2018-11-08 14:13:19.000000000,2020-10-09 16:32:57.000000000,701.097,532531,60,5,309.461,True,11.1534,13.1005,14.6764,-2.79377,-0.0138857,4.67811,18.4985,27.9995,40.6249,0,1302.05,880.209,2018-11-08,2020-05-01,False,540,False,True
908,2018-09-05 09:16:50.000000000,2020-10-09 16:47:27.000000000,765.313,787307,60,3,1320.85,True,11.8584,12.9613,16.6091,-3.69741,0.113603,2.31617,18.3749,24.6235,41.6228,0,2732.84,2506.75,2018-09-05,2020-05-07,False,610,False,True
909,2018-09-20 17:30:06.000000000,2020-10-09 05:09:16.000000000,749.486,830708,60,5,564.52,True,0.00488289,12.7999,14.5364,-3.55161,0.113069,2.54765,23.9986,31.3733,40.2495,1,4021.15,3772.31,2018-09-20,2020-09-18,False,729,False,True
910,2018-10-03 21:19:03.000000000,2020-09-04 23:18:26.000000000,702.083,811487,60,4,616.528,True,11.5593,12.8258,14.5699,-3.78065,0.114443,2.66186,23.9986,33.4997,47.3747,0,3395.65,3055.7,2018-10-03,2020-07-15,False,651,False,True
911,2018-09-24 15:01:57.000000000,2020-08-29 02:19:59.000000000,704.471,272743,60,13,1332.46,True,11.1543,13.4356,14.6444,-3.36805,-0.0554665,0.924697,23.8727,31.8746,50.499,0,904.92,314.436,2018-09-24,2020-03-27,False,550,False,True
912,2018-11-30 15:40:35.000000000,2020-10-09 14:28:42.000000000,678.95,701787,60,7,623.346,True,10.6355,12.6937,14.5232,-3.76608,0.221637,2.98024,24.9989,31.8746,42.1241,0,3167.54,2947.53,2018-11-30,2020-06-07,False,555,False,True
913,2018-11-05 17:30:04.000000000,2020-10-09 17:00:21.000000000,703.979,563971,60,6,1769.89,True,11.715,13.001,14.7576,-3.41939,-0.0496681,3.07767,19.8741,26.9993,49.8741,0,2637,2382.33,2018-11-05,2020-03-04,False,485,False,True
914,2018-09-19 09:51:32.000000000,2020-10-09 16:39:47.000000000,751.284,707143,60,4,1312.98,True,9.79812,12.8444,14.5513,-3.33982,0.110094,2.30381,24.9989,32.9984,44.2481,0,2317.18,1974.02,2018-09-19,2019-12-14,False,451,False,True
915,2018-10-03 14:16:35.000000000,2020-10-09 17:07:15.000000000,737.119,638096,60,3,2232.54,True,11.144,13.1557,14.6343,-3.35409,-0.0196078,1.54063,21.6228,28.3749,49.4987,0,1393.91,1087.17,2018-10-03,2020-09-08,False,706,False,True
916,2018-10-10 15:25:37.000000000,2020-10-09 16:49:33.000000000,730.058,522494,60,10,1050.93,True,11.8381,13.4475,14.638,-3.36736,-0.0795758,4.74647,22.7489,29.4987,41.4992,0,1431.26,1008.35,2018-10-18,2020-01-22,False,461,True,True
917,2018-11-02 16:39:14.000000000,2020-10-09 17:08:55.000000000,707.021,484552,60,10,844.413,True,9.70474,12.8606,14.7411,-3.34112,0.0077821,1.94491,20.3731,27.8737,40.2495,0,1113.03,798.754,2018-11-02,2020-06-27,False,603,False,True
918,2018-12-12 05:58:59.000000000,2020-10-09 17:14:23.000000000,667.469,540293,60,5,950.109,True,12.0522,13.0349,14.7161,-3.34142,-0.0205997,1.48859,18.8739,22.9984,35.8732,0,1329.29,1077.45,2018-12-12,2020-07-13,False,579,False,True
919,2019-03-19 06:45:08.000000000,2020-09-09 03:25:17.000000000,539.861,546187,60,4,569.986,True,0.156558,12.7694,14.7274,-3.66499,0.144121,2.58297,18.8739,31.6228,41.9982,1,1998.58,1812.02,2019-03-19,2020-08-02,False,502,False,True
920,2019-02-28 23:16:20.000000000,2020-09-05 04:06:06.000000000,554.201,611169,60,3,475.088,True,10.6242,12.8466,14.5211,-3.53796,0.120012,1.20348,26.125,33.4997,45.6237,0,1559.39,1264.24,2019-02-28,2020-07-25,False,513,False,True
921,2018-10-19 13:06:01.000000000,2020-10-09 17:03:05.000000000,721.165,654996,60,2,204.306,True,12.0702,12.8115,17.5067,-3.44839,0.105821,2.55612,14.9989,21.3733,54.1863,0,1410.66,1555.94,2018-10-19,2020-02-26,False,495,False,True
922,2019-01-25 13:29:22.000000000,2020-10-09 05:05:36.000000000,622.65,796053,60,1,231.286,True,11.9554,12.6851,14.5821,-3.82841,0.215229,3.64584,23.9986,31.8746,40.8743,0,3915.11,3681.43,2019-01-25,2020-09-27,False,611,False,True
923,2019-01-30 08:46:02.700000048,2020-10-09 16:57:37.000000000,618.341,619045,60,1,421.015,True,11.1781,13.0074,14.6606,-3.36652,-0.0222019,2.00099,21.3733,30.2495,41.2497,0,2760.49,2466.03,2019-01-30,2020-07-13,False,530,False,True
924,2018-11-26 19:41:04.000000000,2020-10-09 16:48:07.000000000,682.88,751379,60,4,757.185,True,0.0201419,12.914,14.6041,-3.3743,0.116808,2.24758,21.6228,31.4992,42.623,1,3189.47,2927.98,2018-11-26,2020-02-08,False,439,False,True
925,2019-03-08 07:54:23.000000000,2020-10-09 16:46:35.000000000,581.37,586883,60,2,55.0924,True,11.3457,12.7852,14.7262,-3.27138,0.109331,2.54292,18.6244,24.873,33.2479,0,1446.45,1231.42,2019-03-08,2020-05-19,False,438,False,True
926,2019-04-10 21:05:22.000000000,2020-10-09 16:52:28.000000000,547.824,606683,60,4,662.72,True,10.3569,12.6516,14.5589,-3.76249,0.137713,2.46937,22.4994,32.623,42.623,0,3187.86,3011.29,2019-04-10,2020-08-06,False,484,False,True
927,2019-03-01 18:35:12.000000000,2020-09-07 12:49:31.700000048,555.76,254729,60,22,2020.41,True,8.97566,12.5933,14.7073,-3.69039,0,2.86198,18.4985,26.2486,33.1243,0,1108.58,961.745,2019-03-01,2020-08-28,False,546,False,True
928,2019-03-19 02:45:25.000000000,2020-10-09 10:11:25.000000000,570.31,550714,60,6,323.247,True,5.31472,12.9174,14.587,-3.7245,-0.0211337,2.57465,23.6233,32.9984,43.8727,0,2683.29,2546.87,2019-03-19,2020-08-29,False,529,False,True
929,2019-03-14 06:29:14.000000000,2020-10-03 21:25:05.000000000,569.622,687513,60,1,209.185,True,12.0546,12.777,14.7472,-3.49912,0.110628,2.04021,18.748,23.3738,33.1243,0,1530.72,1376.57,2019-03-14,2020-09-29,False,565,False,False
930,2018-12-21 14:39:51.000000000,2020-05-12 10:43:04.000000000,507.836,459705,60,9,533.445,True,9.97696,12.9238,14.562,-3.6701,0.070573,3.67391,24.374,32.4994,50,0,1305.71,1035.24,2018-12-21,2020-03-18,False,453,False,True
931,2018-11-06 15:16:09.000000000,2020-10-09 11:36:17.000000000,702.847,757736,60,5,878.873,True,0.015259,12.8634,14.6087,-3.79057,0.17258,2.25666,23.9986,31.3733,42.623,1,3306.56,2978.3,2018-11-06,2020-02-02,False,453,False,True
932,2018-12-31 07:38:14.599999905,2020-10-09 17:16:08.500000000,648.401,730485,60,5,553.611,True,11.7131,12.7208,14.8571,-3.58,0.127184,3.40223,15.3742,27.6242,37.2488,0,2708.05,2467.59,2018-12-31,2020-06-24,False,541,False,True
933,2019-04-26 14:46:47.000000000,2020-09-06 03:23:33.000000000,498.526,550823,60,4,752.715,True,0.010071,12.6424,14.5089,-3.75029,0.129702,3.32509,24.9989,33.9986,42.7489,1,2843.7,2689.67,2019-04-26,2020-07-23,False,454,False,True
934,2019-01-29 09:07:53.000000000,2020-10-03 20:10:10.000000000,613.46,553448,60,3,232.901,True,10.5669,13.2174,14.6938,-3.58389,-0.0564584,2.05623,23.9986,29.7482,49.7482,0,1996.27,1849.34,2019-01-29,2020-09-15,False,595,False,True
935,2019-01-29 16:46:39.000000000,2020-08-13 22:59:12.000000000,562.259,498649,60,4,2078.72,True,10.5467,12.7514,14.5049,-3.75334,0.229496,2.5301,25.1247,32.9984,44.4999,0,2747.31,2634.1,2019-01-29,2020-04-07,False,434,False,True
936,2019-01-04 08:09:10.200000048,2020-10-09 16:52:43.000000000,644.364,752337,60,5,538.663,True,9.98489,12.4987,14.6441,-3.39101,0.184634,4.72839,20.6249,26.8734,35.9991,0,2865,2663.5,2019-01-04,2020-06-30,False,543,False,True
937,2019-01-15 09:46:13.000000000,2020-10-09 17:01:17.000000000,633.302,636001,60,6,198.477,True,12.051,12.8679,14.7134,-3.49599,0.0244144,3.35882,20.6249,25.1247,34.1245,0,1289.85,1111.07,2019-01-15,2020-06-25,False,527,False,True
938,2018-11-30 18:49:04.000000000,2020-10-09 04:04:31.000000000,678.386,626351,60,7,517.976,True,0.00488289,12.8478,14.537,-3.52674,0.0191501,4.15618,25.3742,32.3735,41.3733,1,2720.92,2510.62,2018-11-30,2020-02-24,False,451,False,True
939,2019-05-22 15:43:53.000000000,2020-10-09 04:54:07.000000000,505.549,524901,60,4,462.192,True,11.4516,12.6717,14.5241,-3.61837,0.114748,3.01274,24.1245,32.9984,43.2479,0,2163.61,1930.74,2019-05-22,2020-09-09,False,476,False,True
940,2018-12-27 07:57:01.000000000,2020-10-09 17:28:48.000000000,652.397,708552,60,7,304.705,True,9.85672,12.7657,14.7472,-3.62387,0.127565,1.90944,19.6246,24.873,35.1247,0,1500.21,1297.8,2018-12-27,2020-05-06,False,496,False,True
941,2019-06-06 10:14:08.000000000,2020-09-05 23:16:40.000000000,457.543,408744,60,2,345.312,True,10.1952,12.8872,14.5245,-3.81941,-0.0437934,1.74205,25.3742,32.1241,40.9979,0,2417.71,2236.73,2019-06-06,2020-08-06,False,427,False,True
942,2019-03-13 04:57:57.000000000,2020-10-09 17:20:46.000000000,576.516,504874,60,9,453.123,True,10.4829,12.8212,14.6239,-3.59579,0.051957,1.8851,20.499,27.9995,38.9998,0,2135.11,2075.68,2019-03-13,2020-08-21,False,527,False,True
943,2019-06-12 13:36:19.000000000,2020-10-09 17:28:15.000000000,485.161,527882,60,5,356.249,True,11.8746,12.6119,14.5574,-3.79683,0.114214,2.46845,22.3735,32.9984,44.9989,0,2904.86,2767.94,2019-06-12,2020-09-02,False,448,False,True
944,2019-01-15 11:37:00.000000000,2020-09-14 12:48:15.000000000,608.049,764557,60,2,86.965,True,11.9628,12.4517,15.1366,-3.59419,0.127031,2.25292,20,26.125,33.8727,0,2847.76,2653.38,2019-01-15,2020-09-11,False,605,False,False
945,2019-01-19 21:37:23.000000000,2020-10-09 17:06:43.000000000,628.812,507191,60,5,1805.73,True,0.469978,12.7007,14.591,-3.79683,0.0307469,2.4696,22.3735,30.9979,44.1245,1,2933.76,2790.11,2019-01-19,2020-09-06,False,596,False,True
946,2019-02-18 22:49:57.000000000,2020-09-06 04:23:58.000000000,565.232,500489,60,4,2532.78,True,10.518,12.766,14.5595,-3.63355,0.219959,1.392,23.6233,30.3731,39.8741,0,1771.9,1643.66,2019-02-18,2020-07-15,False,513,False,True
947,2019-01-26 00:21:25.599999905,2020-03-17 09:58:20.000000000,416.401,436125,60,0,21.3153,True,11.9698,12.567,14.5702,-3.76402,0.0189212,2.43259,22.9984,30.1236,36.8734,0,2103.3,1952.93,2019-01-26,2020-03-26,False,425,False,True
948,2019-01-23 12:50:55.000000000,2020-07-24 00:49:52.000000000,547.499,357095,60,10,2171.33,True,11.4623,12.4947,14.7164,-3.68276,0.0132753,4.82902,17.7478,26.8734,37.4983,0,1677.45,1518.76,2019-01-23,2020-04-13,False,446,False,True
949,2019-03-27 18:04:13.000000000,2020-10-07 01:17:28.000000000,559.301,674261,60,4,298.908,True,0.010071,12.7642,14.5406,-3.79782,0.125124,2.0695,24.9989,31.7487,42.8748,1,2955.38,2765.67,2019-03-27,2020-09-02,False,525,False,True
950,2019-04-01 16:19:41.000000000,2020-09-29 19:57:53.000000000,547.152,663652,60,6,435.845,True,11.3368,12.7724,14.5049,-3.76318,0.223468,2.41451,22.8748,33.1243,43.6233,0,2904.79,2727.82,2019-04-01,2020-09-09,False,527,False,True
951,2019-03-27 08:13:27.000000000,2020-09-08 22:17:38.000000000,531.586,635178,60,4,207.479,True,0.0149538,12.7575,14.4802,-3.75456,0.105554,2.33158,24.6235,33.9986,45.9991,1,3322.17,3181.38,2019-03-27,2020-08-12,False,504,False,True
952,2019-01-22 11:51:17.000000000,2020-08-06 00:17:02.000000000,561.518,480453,60,7,75.2642,True,0.00488289,12.7956,14.8525,-3.54673,0.0167086,1.63752,14.2481,24.1245,37.1229,2,2120.45,1810.66,2019-01-22,2020-08-24,False,580,False,True
953,2018-11-28 15:18:27.000000000,2020-08-28 02:48:07.000000000,638.479,623143,60,5,1096.06,True,10.2528,12.7105,14.5422,-3.64691,0.128862,2.63706,23.1243,32.623,41.4992,0,2506.8,2313.94,2018-11-28,2020-04-24,False,513,False,True
954,2019-01-15 16:17:09.000000000,2020-10-06 19:49:48.000000000,630.148,715038,60,2,139.192,True,10.7979,12.5637,14.623,-3.78859,0.143816,2.97711,20,26.125,32.2499,0,2937.14,2782.77,2019-01-15,2020-09-23,False,617,False,True
955,2018-11-19 12:10:19.000000000,2020-10-09 17:11:48.000000000,690.209,803850,60,2,278.1,True,11.2999,12.9451,14.7976,-3.77638,0.0563821,3.93034,17.1229,26.4981,36.7498,0,3004.1,2938.9,2018-11-19,2020-05-17,False,545,False,True
956,2018-12-31 22:06:57.000000000,2020-09-03 22:52:30.000000000,612.032,535050,60,7,3017.98,True,10.471,12.9296,14.5904,-3.62593,0.134051,1.33829,23.3738,33.8727,47.6242,0,1808.62,1679.89,2018-12-31,2020-07-17,False,564,False,True
957,2019-01-15 14:10:26.000000000,2020-10-09 17:25:18.000000000,633.135,711520,60,2,151.27,True,11.8755,12.589,14.699,-3.50294,0.125658,2.18868,19.2493,24.873,36.125,0,3498.48,3333.8,2019-01-15,2020-07-10,False,542,False,True
958,2019-01-15 12:20:49.000000000,2020-10-06 16:05:13.000000000,630.156,411926,60,7,1822.42,True,10.7427,12.6287,14.7375,-3.74708,-0.0361639,2.48913,18.249,26.3745,35.8732,0,1943.44,1792.49,2019-01-15,2020-06-16,False,518,False,True
959,2018-12-31 21:35:08.000000000,2020-10-09 17:44:34.000000000,647.84,569760,60,7,2878.71,True,12.1251,12.8408,14.5745,-3.64691,0.118486,1.14107,23.2479,31.8746,44.7494,0,1353.32,1163.86,2019-05-10,2020-08-14,False,462,True,True
960,2019-03-01 17:47:16.000000000,2020-08-15 02:27:44.000000000,532.361,504672,60,1,107.581,True,11.9713,12.7111,14.8186,-3.83726,0.0190738,2.91943,15.4978,23.2479,35.2483,0,2323.02,2153.58,2019-03-01,2020-08-05,False,523,False,True
961,2018-12-12 09:24:48.500000000,2020-10-09 17:45:04.000000000,667.347,840990,60,2,229.194,True,11.7159,12.6775,14.6313,-3.63005,0.112993,2.71687,20.7485,28.9998,36.125,0,3040.11,2730.36,2018-12-12,2020-08-24,False,621,False,True
962,2019-03-27 14:31:15.000000000,2020-09-02 23:46:03.000000000,525.385,491804,60,4,590.106,True,10.8867,12.8151,14.5675,-3.74952,0.108034,2.68734,24.2481,32.4994,43.1243,0,1872.09,1698,2019-03-27,2020-07-25,False,486,False,True
963,2019-04-01 12:17:41.000000000,2020-09-06 04:38:08.000000000,523.681,592474,60,2,808.078,True,0.00488289,12.6897,14.5562,-3.80064,0.120623,4.82116,23.3738,33.6233,43.6233,5,2833.05,2714.54,2019-04-01,2020-07-19,False,475,False,True
964,2019-04-14 17:56:44.000000000,2020-09-06 14:13:30.000000000,510.845,543827,60,6,624.642,True,0.084535,12.6995,14.5208,-3.7821,0.126497,2.60571,24.374,32.3735,41.4992,1,2525.37,2338.63,2019-04-14,2020-07-26,False,469,False,True
965,2019-04-01 20:21:32.000000000,2020-10-09 17:52:26.000000000,556.896,507322,60,6,1282.83,True,11.3497,12.7022,14.4903,-3.74228,0.125124,2.89441,24.2481,33.4997,43.1243,0,2215.21,2010.35,2019-04-01,2020-06-02,False,428,False,True
966,2019-03-21 00:45:29.000000000,2020-10-09 17:49:14.000000000,568.711,699694,60,3,325.415,True,11.3033,12.6357,14.6337,-3.78088,0.110399,2.48058,20.7485,30.7485,42.9984,0,3019.12,2767.57,2019-03-21,2020-09-18,False,547,False,True
967,2019-04-19 21:01:43.000000000,2020-10-09 05:19:06.000000000,538.345,456237,60,6,755.939,True,0.125124,12.5405,14.6447,-3.78073,0.089189,2.42443,20.9979,30.499,43.6233,1,2233.51,2098.05,2019-04-19,2020-09-20,False,520,False,True
968,2019-02-12 17:25:37.000000000,2020-08-28 05:24:51.000000000,562.499,406888,60,4,1138.83,True,10.5632,13.0068,14.4698,-3.63844,0.00381476,1.06653,26.7498,32.4994,44.6235,0,1094.12,802.358,2019-02-12,2020-05-07,False,450,False,True
969,2018-12-07 23:47:19.000000000,2020-10-09 17:42:21.000000000,671.747,683147,60,2,121.62,True,11.9655,12.6397,14.7582,-3.51247,0.0189975,2.28038,17.1229,25.4978,36.8734,0,3417.73,3182.61,2018-12-07,2020-08-14,False,616,False,True
970,2019-03-23 08:04:42.000000000,2020-10-09 16:42:15.400000095,566.359,563516,60,3,187.197,True,11.8785,12.4169,14.6972,-3.71244,0.114672,2.46616,19.4987,25.4978,34.9989,0,2102.69,1996.45,2019-03-23,2020-09-21,False,548,False,True
971,2019-05-01 16:11:21.000000000,2020-10-05 21:37:23.000000000,523.226,587975,60,3,334.245,True,11.8065,12.7422,14.5129,-3.77867,0.121538,2.82353,25.1247,32.623,40.9979,0,2883.31,2673.8,2019-05-01,2020-09-01,False,489,False,True
972,2019-05-22 17:45:50.000000000,2020-10-09 17:23:22.000000000,505.984,455622,60,11,492.944,True,0.00488289,12.8197,14.5089,-3.75776,0.0556954,2.80774,25.8732,31.2497,40.499,1,2123.91,2014.58,2019-05-22,2020-07-21,False,426,False,True
973,2018-12-05 18:10:35.000000000,2020-07-25 00:12:44.000000000,597.251,367916,60,7,2316.5,True,11.7754,12.6632,14.7042,-3.80484,0,2.39193,18.4985,26.125,37.3747,0,1817.58,1652.19,2018-12-05,2020-02-10,False,432,False,True
974,2019-04-15 21:45:30.000000000,2020-09-24 22:20:32.000000000,528.024,618425,60,3,131.101,True,11.9884,12.7849,14.5092,-3.75799,0.174945,4.65332,23.8727,33.2479,43.9986,0,3042.03,2841.39,2019-04-15,2020-09-15,False,519,False,True
975,2019-01-29 00:44:57.000000000,2020-10-09 17:20:28.000000000,619.691,560730,60,3,1144.79,True,0.010071,12.5045,14.7427,-3.7451,0.116503,2.14031,17.8737,25.7496,37.6242,1,2643.41,2464.07,2019-01-29,2020-06-13,False,501,False,True
976,2018-11-17 03:33:44.000000000,2020-09-05 20:08:14.000000000,658.691,608955,60,12,557.744,True,11.9463,12.9146,15.5267,-3.27451,0.0833143,1.39124,23.4997,31.4992,39.7482,0,1688.03,1448.94,2018-11-17,2020-07-28,False,619,False,True
977,2019-01-29 16:44:38.000000000,2020-10-02 04:51:39.000000000,611.505,580187,60,5,471.738,True,10.1878,12.8716,14.5974,-3.42725,0.118944,1.31235,23.6233,32.7489,43.1243,0,2081.47,1740.98,2019-01-29,2020-08-29,False,578,False,True
978,2018-12-06 20:48:57.000000000,2020-10-09 17:59:03.000000000,672.882,582379,60,3,2682.47,True,11.3179,12.7556,14.7427,-3.30404,0.119249,2.30114,17.8737,23.8727,37.7478,0,2036.45,1838.83,2018-12-06,2020-01-22,False,412,False,True
979,2019-04-07 15:08:09.000000000,2020-10-05 15:26:51.299999952,547.013,693787,60,3,374.799,True,11.9838,12.6635,14.5809,-3.73655,0.225071,2.4033,21.7487,28.249,41.1238,0,2825.91,2610.59,2019-04-07,2020-09-26,False,538,False,True
980,2019-04-24 16:22:34.000000000,2020-10-09 18:05:55.000000000,534.072,589261,60,5,724.113,True,10.5058,12.7312,14.5406,-3.55253,0.121309,2.41939,20.499,33.1243,49.8741,0,2987.57,2701.24,2019-04-24,2020-06-19,False,422,False,True
981,2018-12-17 11:38:02.000000000,2020-10-09 17:27:35.000000000,662.243,835960,60,5,206.384,True,11.8273,12.889,14.7268,-3.31746,0.118868,2.32494,20.7485,25.9991,34.4999,0,2277.71,2060.41,2018-12-17,2020-05-06,False,506,False,True
982,2019-01-22 19:13:24.000000000,2020-10-09 18:02:57.000000000,625.951,517405,60,6,1722.57,True,11.8334,12.8212,14.6651,-3.62425,0.0340276,2.26871,21.6228,31.7487,42.3735,0,2234.21,2048.48,2019-01-22,2020-03-28,False,431,False,True
983,2018-11-06 15:12:41.000000000,2020-08-27 22:49:15.000000000,660.317,620435,60,5,1282.78,True,10.4781,12.8704,14.5559,-3.50401,0.115892,2.09293,23.3738,33.1243,44.2481,0,2289.23,2108.48,2018-11-06,2020-04-21,False,532,False,True
984,2018-11-13 11:48:25.000000000,2020-08-17 05:28:06.000000000,642.736,706665,60,4,198.678,True,10.6365,12.7678,14.6731,-3.26238,0.105287,1.52583,16.9993,28.4985,34.1245,0,1626.65,1334.65,2018-11-13,2020-06-15,False,580,False,True
985,2019-04-14 17:59:23.000000000,2020-09-04 23:06:52.000000000,509.214,537966,60,7,632.995,True,11.3051,12.7721,14.6218,-3.69955,0.133707,2.70176,21.7487,33.2479,44.873,0,2962.82,2859.95,2019-04-14,2020-07-23,False,466,False,True
986,2019-03-06 12:48:50.000000000,2020-10-09 17:27:41.000000000,583.194,545508,60,2,508.443,True,12.05,12.9192,14.6017,-3.39933,-0.0401312,2.12673,20.8743,30.1236,38.748,0,3178.24,2993.45,2019-03-06,2020-07-13,False,495,False,True
987,2019-01-17 08:35:55.000000000,2020-10-09 18:07:23.000000000,631.397,600813,60,8,216.237,True,10.3349,12.7361,14.8119,-3.70504,0.115129,3.11971,17.2488,26.2486,38.9998,0,2502.57,2270.69,2019-01-17,2020-06-23,False,523,False,True
988,2019-02-23 14:35:33.000000000,2020-10-09 17:54:38.000000000,594.138,571841,60,12,1699.83,True,10.7875,12.9158,14.6496,-3.67864,0.126345,2.69818,22.4994,29.3729,45.8732,0,1451.48,1218.93,2019-02-23,2020-04-06,False,408,False,True
989,2019-01-23 15:44:00.000000000,2020-10-09 05:14:48.000000000,624.563,741074,60,3,230.407,True,11.2895,12.647,14.479,-3.70298,0.140078,2.62257,23.7491,33.2479,44.2481,0,3938.65,3729.68,2019-01-23,2020-09-27,False,613,False,True
990,2019-03-14 03:17:34.000000000,2020-09-08 20:22:48.000000000,544.712,613862,60,2,393.381,True,11.5102,12.7114,14.6441,-3.81857,0.130541,2.38689,22.3735,28.4985,44.1245,0,2855.96,2693.16,2019-03-13,2020-08-19,False,525,True,True
991,2019-03-06 21:08:09.000000000,2020-09-08 23:04:43.000000000,552.081,585624,60,3,828.31,True,6.19577,12.8966,14.558,-3.57946,0.127642,0.931563,24.7494,30.6249,40.8743,0,1614.31,1396.18,2019-03-06,2020-07-15,False,497,False,True
992,2019-06-08 04:04:51.000000000,2020-09-03 23:01:27.000000000,453.789,478911,60,2,617.428,True,0.00488289,12.9363,14.4927,-3.43992,0.121538,0.852369,25.9991,32.7489,40.1236,1,1182.27,993.128,2019-06-08,2020-07-22,False,410,False,True
993,2019-05-22 15:43:04.000000000,2020-10-09 04:47:58.000000000,505.545,573949,60,3,562.472,True,11.5163,12.6238,14.5583,-3.51293,0.214008,2.57931,23.6233,30.8743,42.9984,0,2520.35,2292.49,2019-05-22,2020-09-09,False,476,False,True
994,2019-01-18 14:15:12.000000000,2020-10-09 18:01:36.000000000,630.157,552515,60,5,926.026,True,11.357,12.7547,14.7124,-3.76371,0.020676,3.06508,17.9995,26.7498,36.125,0,2838.02,2735.86,2019-01-18,2020-02-24,False,402,False,True
995,2018-12-21 20:40:46.000000000,2020-08-15 02:06:29.000000000,602.226,675158,60,1,101.083,True,10.5751,12.4031,14.7317,-3.61242,0.104067,2.31693,17.6242,24.4999,34.4999,0,3003.31,2810.08,2018-12-21,2020-08-06,False,594,False,True
996,2019-01-30 11:02:59.000000000,2020-10-01 14:22:56.400000095,610.139,735601,60,4,253.514,True,0.010071,12.8453,14.5788,-3.76928,0.127947,2.63821,24.873,32.3735,42.623,2,3303.12,3167.09,2019-01-30,2020-09-18,False,597,False,True
997,2018-11-26 15:35:59.000000000,2020-10-09 17:51:57.000000000,683.094,653366,60,4,782.694,True,0.00488289,12.8362,14.5522,-3.75509,0.0343328,3.67872,24.7494,32.8748,41.8746,3,3073.73,2823.74,2018-11-26,2020-01-28,False,428,False,True
998,2018-11-22 13:46:20.000000000,2020-10-09 17:43:35.000000000,687.165,825885,60,4,425.019,True,0.101015,12.6195,14.4845,-3.73983,0.137026,3.15366,25.4978,31.1238,40.2495,1,3620.64,3403.23,2018-11-22,2020-02-29,False,464,False,True
999,2018-10-16 14:07:24.000000000,2020-10-09 18:07:17.000000000,724.167,629181,60,5,4215.23,True,11.7748,12.7944,14.6395,-3.56046,0.118563,2.42267,20.6249,32.3735,43.9986,0,2625.07,2425.98,2018-10-17,2019-12-29,False,438,False,True
1000,2019-01-31 23:11:12.000000000,2020-08-29 02:51:03.000000000,575.153,623823,60,4,1351.89,True,12.0525,12.8634,14.536,-3.11589,0.208972,0.967117,23.9986,32.1241,49.7482,0,2042.32,1769.96,2019-01-31,2020-06-11,False,497,False,True
1001,2018-10-25 13:33:03.000000000,2020-10-09 17:58:47.000000000,715.185,549119,60,4,952.138,True,12.0504,12.8316,14.8208,-2.41169,0.0170138,3.48714,17.3747,23.2479,30.7485,0,1126.63,924.46,2018-10-25,2020-07-13,False,627,False,True
1002,2018-11-29 12:10:18.000000000,2020-10-09 18:10:03.000000000,680.25,529675,60,3,584.701,True,11.9277,12.7877,14.7497,-3.62745,0,2.83627,18.8739,26.7498,38.4985,0,2316.06,2075.15,2018-11-29,2020-06-05,False,554,False,True
1003,2018-10-16 10:18:58.000000000,2020-09-30 03:02:39.000000000,714.697,829053,60,5,158.787,True,0.00488289,12.9119,14.6114,-3.51461,0.113603,2.25788,22.2499,32.8748,43.9986,2,3688.43,3476.5,2018-10-18,2020-09-17,False,700,True,True
1004,2018-10-31 14:04:02.000000000,2020-10-09 18:18:47.000000000,709.177,632488,60,9,997.878,True,10.2568,12.802,14.6285,-3.23896,0.122148,1.50393,20.8743,31.3733,41.9982,0,2245.14,1939.26,2018-10-31,2020-05-17,False,564,False,True
1005,2019-02-07 01:04:59.000000000,2020-10-08 05:16:11.000000000,609.174,563335,60,9,1394.71,True,10.5299,12.8557,14.5812,-3.61379,0.124819,2.77798,21.1238,33.2479,45.2483,0,2381.05,2117.94,2019-02-07,2020-07-09,False,518,False,True
1006,2018-11-16 07:30:42.000000000,2020-10-09 17:59:56.500000000,693.437,724050,60,3,236.612,True,10.551,12.7208,14.7909,-3.78332,0.09514,2.77478,14.9989,25.3742,32.1241,0,3480.09,3284.27,2018-11-16,2020-09-03,False,657,False,True
1007,2018-09-05 21:22:37.000000000,2020-10-09 18:18:30.000000000,764.872,656451,60,5,343.851,True,10.3932,13.0535,14.699,-2.90463,0,3.29053,19.4987,26.2486,34.9989,0,2382.04,1959,2018-09-05,2020-04-16,False,589,False,True
1008,2018-09-05 13:27:26.000000000,2020-10-09 02:21:15.000000000,764.537,281020,60,7,5723.86,True,12.079,13.4362,14.6825,-3.47601,-0.0586709,2.42123,20.9979,27.7478,36.8734,0,780.947,533.11,2018-09-05,2020-10-05,False,761,False,False
1009,2018-09-05 21:40:06.000000000,2020-09-30 18:51:12.000000000,755.883,677545,60,30,694.578,True,12.0555,12.9046,14.7842,-3.59258,0.122988,2.05821,16.9993,25.1247,35.6237,0,2110.45,1835.87,2018-09-05,2020-09-10,False,736,False,True
1010,2018-09-05 11:52:51.000000000,2020-10-09 18:24:35.000000000,765.272,829863,60,6,461.529,True,10.2815,12.8569,14.7195,-3.94621,0.118791,1.7612,21.1238,27.2488,41.1238,0,3398.41,2878.86,2018-09-05,2020-02-08,False,521,False,True
1011,2018-12-27 18:41:03.000000000,2020-10-09 18:10:15.000000000,651.979,576306,60,3,1448.44,True,10.2708,12.8386,14.6224,-3.64576,0.0283818,2.75708,22.7489,30,43.6233,0,3077.86,2884.02,2018-12-27,2020-02-13,False,413,False,True
1012,2018-09-04 12:55:03.000000000,2020-10-09 17:49:14.000000000,766.204,760635,60,6,1101.56,True,10.486,12.9055,14.7576,-3.49462,0.0648508,4.60487,18.748,26.4981,36.5621,0,2226.68,1880.42,2018-09-04,2020-04-01,False,575,False,True
1013,2019-02-12 13:12:36.000000000,2020-08-28 02:44:14.000000000,562.564,516427,60,5,1192.89,True,10.5321,12.7257,14.508,-3.73808,0.125277,3.07332,3.93683,31.7487,50.3731,0,2530.72,2150.1,2019-02-12,2020-04-25,False,438,False,True
1014,2018-09-04 13:35:01.000000000,2020-09-28 00:40:28.000000000,754.462,403294,60,3,415.866,True,10.721,13.077,14.8226,-3.78805,-0.013962,2.07317,19.8741,25.8732,38.249,0,1554.41,1171.98,2018-09-04,2020-09-08,False,735,False,True
1015,2018-09-03 12:44:04.000000000,2020-10-09 18:23:53.000000000,767.236,822406,60,4,687.016,True,12.0687,12.9281,14.6471,-3.39521,0.119554,1.41947,21.8746,28.3749,50.1236,0,2059.36,1617.72,2018-09-03,2020-03-19,False,563,False,True
1016,2018-09-05 13:12:21.000000000,2020-10-09 18:10:55.000000000,765.207,739349,60,8,660.22,True,12.0699,12.9686,14.7161,-3.43198,0.102464,3.05425,19.1234,26.4981,37.3106,0,2004.46,1571.65,2018-09-05,2020-01-24,False,506,False,True
1017,2019-01-10 13:58:41.000000000,2020-10-09 17:55:56.000000000,638.165,581536,60,14,1318.84,True,0.00976577,12.8832,14.5989,-3.68345,0.136721,1.01534,24.374,30.6249,43.3738,1,1680.74,1496.27,2019-01-10,2020-05-24,False,500,False,True
1018,2018-11-16 07:42:31.000000000,2020-10-09 18:37:27.000000000,693.455,558096,60,5,1938.5,True,11.3753,13.1926,14.7298,-3.63302,-0.0303655,3.07958,21.7487,27.9995,40.8743,0,1461.67,1284.37,2018-11-16,2020-03-22,False,492,False,True
1019,2019-01-10 14:01:03.000000000,2020-10-09 18:30:48.099999905,638.187,697747,60,5,344.096,True,0.00488289,12.91,14.5681,-3.7467,0.108339,1.88334,24.2481,29.7482,42.9984,1,2277.13,1850.95,2019-01-10,2020-08-29,False,597,False,True
1020,2018-09-04 09:35:30.000000000,2020-10-09 18:03:33.000000000,766.353,826980,60,4,1141.51,True,11.978,12.943,14.7124,-3.73274,0.12459,2.15396,20.3731,28.4367,49.8741,0,2621.01,2099.27,2018-09-04,2020-01-17,False,500,False,True
1021,2019-01-08 09:46:55.000000000,2020-10-09 17:20:42.700000048,640.315,743180,60,8,439.725,True,0.00488289,12.5173,14.5068,-3.76417,0.129397,2.49729,24.9989,33.2479,43.7491,1,3410.99,3095.46,2019-01-07,2020-07-06,False,546,True,True
1022,2018-11-03 12:18:34.000000000,2020-10-01 01:36:16.000000000,697.554,865039,60,1,302.475,True,10.8144,12.5045,14.768,-3.81605,0.214694,2.48981,17.4983,24.1245,36.9993,0,3977.68,3681.34,2018-11-03,2020-09-11,False,678,False,True
1023,2018-12-28 10:34:32.000000000,2020-09-02 00:48:50.000000000,613.593,548490,60,5,1483.42,True,10.5019,12.8768,14.5907,-3.82712,0.111391,2.70382,22.2499,31.3733,42.2499,0,3011.5,2703.94,2018-12-28,2020-06-03,False,523,False,True
1024,2019-01-10 13:59:21.000000000,2020-10-09 18:07:05.000000000,638.172,616001,60,5,935.253,True,12.0531,12.842,14.5205,-3.82216,0.117266,1.04494,24.4999,32.4994,41.8746,0,1736.41,1391.84,2019-01-10,2020-06-11,False,518,False,True
1025,2018-09-05 11:53:36.000000000,2020-10-09 18:46:22.000000000,765.287,735193,60,10,452.395,True,10.678,12.9577,14.7332,-3.41283,0.0994125,2.05135,18.1231,24.4999,41.3733,0,1966.95,1545.15,2018-09-05,2020-02-09,False,522,False,True
1026,2019-01-17 19:26:27.000000000,2020-09-26 01:56:05.000000000,617.271,679823,60,3,961.705,True,11.779,12.5737,14.5504,-3.77752,0.113146,2.29274,22.7489,31.2497,41.9982,0,3781.02,3438.83,2019-01-17,2020-09-18,False,610,False,True
