brand,vehicle,rows,rows_used,mean_soc_corr,mean_soc_median_ratio,offset_error_median,offset_error_p99,cell_soc_row_std_median,cell_soc_row_std_p99,trailing_copies_vin2,extra_min,extra_max,extra_distinct,dev2_corr_with_cell_minus_mean,dev2_corr_with_cell_minus_modepi,dev2_row_std_median,dev2_vs_dsoc_corr
DTI,0,74,74,0.11961227191753025,1.0000000000000002,0.0,44.748000000000005,1.7763568394002505e-14,2.1316282072803006e-14,True,0.0,1021.0,10,-2.8896842097559005e-15,0.00020330499880989234,0.0,-2.0255484971397005e-18
DTI,4,70,70,-0.08458070340282528,0.9999999999999994,0.0,41.778000000000006,2.1316282072803006e-14,2.1316282072803006e-14,True,0.0,1090.0,14,-5.732552168742079e-15,9.768677423719969e-05,1.3877787807814457e-17,-2.1168782295327075e-17
DTI,5,60,60,-0.08940880223121235,1.0,0.0,39.897,2.1316282072803006e-14,2.1316282072803006e-14,True,0.0,1235.0,22,4.284351708806096e-15,0.00023201852774425193,0.0,-1.334498058629431e-18
DTI,6,521,521,0.33856067602912493,1.0,0.0,0.0,0.0,2.1316282072803006e-14,True,0.0,878.0,46,-1.0129394571655462e-15,4.971448075794607e-06,1.3877787807814457e-17,8.093041180764019e-20
DTI,1,55320,55320,0.9999092334304254,1.0,0.0,0.0,1.4210854715202004e-14,4.263256414560601e-14,True,0.0,1879.0,1541,2.336902459563844e-17,-1.1221673484910818e-05,2.7755575615628914e-17,5.449896825905834e-19
DTI,2,53738,53738,0.999925492799408,1.0,0.0,0.0,1.4210854715202004e-14,4.263256414560601e-14,True,0.0,1883.0,1494,-9.181320850103542e-17,-2.836137605527092e-05,2.7755575615628914e-17,-2.972921068308812e-19
DTI,7,54366,54366,0.9999818521014411,1.0,0.0,0.0,1.4210854715202004e-14,4.263256414560601e-14,True,0.0,2039.0,1571,2.478925191767533e-16,2.682227604506661e-06,2.7755575615628914e-17,2.704906638851946e-19
DTI,9,56580,56534,0.999971877668274,1.0,0.0,0.0,1.4210854715202004e-14,4.263256414560601e-14,True,0.0,1550.0,1408,-4.2616308993784183e-17,-8.437150171125975e-05,2.7755575615628914e-17,2.0100221619072073e-19
DTI,3,60448,60358,0.9999062668527235,1.0,0.0,0.0,1.4210854715202004e-14,4.263256414560601e-14,True,0.0,1725.0,1476,-3.695438913017119e-17,-6.57778123742837e-05,1.3877787807814457e-17,9.387471356468757e-20
DTI,8,59338,59314,0.9999805086951824,1.0,0.0,0.0,1.4210854715202004e-14,4.263256414560601e-14,True,0.0,2075.0,1517,-1.35397262885805e-16,7.211710744942558e-06,2.7755575615628914e-17,2.70958828555788e-19
DTI,13,7227,7227,0.9989713822548462,1.0,0.0,0.0,1.4210854715202004e-14,4.263256414560601e-14,True,0.0,1362.0,1191,3.9092015443863236e-17,-2.4563475770666094e-05,1.3877787807814457e-17,1.5954245479836784e-21
DTI,14,37473,37407,0.9998895364237955,1.0,0.0,0.0,1.4210854715202004e-14,4.263256414560601e-14,True,0.0,1856.0,1682,2.5489384793708567e-17,-7.600170918219217e-05,1.3877787807814457e-17,-2.1412553849417133e-19
DTI,11,52125,52095,0.9999986939812849,1.0,0.0,0.0,7.105427357601002e-15,4.263256414560601e-14,True,0.0,2096.0,1899,6.566410292482095e-17,-0.00025964525220740863,1.3877787807814457e-17,1.2784756676801208e-19
DTI,12,54008,53746,0.9998850446141684,1.0,0.0,0.0,1.0658141036401503e-14,4.263256414560601e-14,True,0.0,2098.0,1881,-1.1826093648435357e-16,-0.0005876825410705946,1.3877787807814457e-17,5.702602480618397e-19
DTI,15,51298,51212,0.9998761964234676,1.0,0.0,0.0,1.0658141036401503e-14,4.263256414560601e-14,True,0.0,1999.0,1854,-1.4934374599962528e-16,-8.171981844897836e-05,1.3877787807814457e-17,6.708122823482124e-21
DTI,10,62469,62394,0.9999675585073402,1.0,0.0,0.0,1.0658141036401503e-14,4.263256414560601e-14,True,0.0,2054.0,1942,-3.5930639149793494e-17,-0.00020753302201573579,2.7755575615628914e-17,-5.096979015377999e-20
DTI,16,52316,52063,0.9999922736624646,1.0,0.0,0.0,7.105427357601002e-15,4.263256414560601e-14,True,0.0,2223.0,1976,2.4742392457307674e-17,-0.00011214147708408088,2.7755575615628914e-17,-5.129152452646668e-19
DTI,19,36478,36187,0.9999960812784412,1.0,0.0,0.0,7.105427357601002e-15,4.263256414560601e-14,True,0.0,2061.0,1878,1.6873032616964648e-16,-9.273803659997298e-05,2.7755575615628914e-17,2.2186117530784196e-19
DTI,22,24148,24143,0.9998936816449352,1.0,0.0,0.0,1.4210854715202004e-14,4.263256414560601e-14,True,0.0,2061.0,1814,-1.0931241026757784e-16,-0.0003674361810566246,1.3877787807814457e-17,2.3144062302028007e-19
DTI,24,11431,11431,0.9994833312455823,1.0,0.0,0.0,1.4210854715202004e-14,4.263256414560601e-14,True,0.0,1575.0,1121,2.190773582920702e-16,-0.00015082559226860714,1.3877787807814457e-17,2.719645296064149e-19
DTI,18,51875,51474,0.9999018328894494,1.0,0.0,0.0,7.105427357601002e-15,4.263256414560601e-14,True,0.0,2052.0,1971,1.244186077066008e-17,-9.49852546502903e-05,2.7755575615628914e-17,-1.099222343290394e-20
DTI,17,62922,62694,0.9999956309821758,1.0,0.0,0.0,7.105427357601002e-15,4.263256414560601e-14,True,0.0,2073.0,2023,-2.8070860973839794e-17,-0.00014021937948855066,2.7755575615628914e-17,-1.7335041032706626e-19
DTI,23,17812,17812,0.9995018817467558,1.0,0.0,0.0,1.4210854715202004e-14,4.263256414560601e-14,True,0.0,1466.0,1350,-9.166079981219342e-17,-0.00017284741310996904,1.3877787807814457e-17,-4.410100056935282e-19
DTI,28,20,20,-0.6713932896242003,1.0,0.0,46.728,3.608224830031759e-15,1.4210854715202004e-14,True,0.0,286.0,5,-2.5227292619609945e-14,-4.220914130756296e-06,0.0,-3.155367769540561e-18
DTI,21,48397,48185,0.9998716153958239,1.0,0.0,0.0,1.0658141036401503e-14,4.263256414560601e-14,True,0.0,2032.0,1897,-5.566181597569671e-17,-0.0007320666194492095,1.3877787807814457e-17,9.981181965470617e-20
DTI,29,6540,6540,0.9997708449836081,1.0,0.0,0.0,7.105427357601002e-15,4.263256414560601e-14,True,0.0,1618.0,780,-9.001890504851997e-16,2.3019147985337934e-06,1.3877787807814457e-17,-2.1974327450600557e-19
DTI,20,58445,58445,0.9999769728317295,1.0,0.0,0.0,1.0658141036401503e-14,4.263256414560601e-14,True,0.0,2057.0,1935,-1.0715778229551711e-16,-0.000170511680858298,2.7755575615628914e-17,3.0171116612317594e-20
DTI,26,36484,36444,0.9996983439867093,1.0,0.0,0.0,1.4210854715202004e-14,4.263256414560601e-14,True,0.0,1599.0,1367,2.4022319580921904e-16,-7.542593043322755e-06,1.3877787807814457e-17,-2.4462112721812907e-19
DTI,25,46381,46381,0.9998146799464425,1.0,0.0,0.0,1.4210854715202004e-14,4.263256414560601e-14,True,0.0,1994.0,1485,-3.067824832072511e-16,-2.6809025587443843e-05,1.3877787807814457e-17,-5.895329705224297e-20
DTI,30,48095,48095,0.9999696020283942,1.0,0.0,0.0,1.4210854715202004e-14,4.263256414560601e-14,True,0.0,1634.0,1370,1.8078541405129673e-16,-2.873831309158917e-05,1.3877787807814457e-17,6.642164236219191e-19
DTI,27,62501,62501,0.9998944373419093,1.0,0.0,0.0,1.4210854715202004e-14,4.263256414560601e-14,True,0.0,1995.0,1378,-7.027088935199616e-17,-2.6419373812518394e-05,1.3877787807814457e-17,2.490446366754301e-19
DTI,31,56873,56873,0.9999884296150697,1.0,0.0,0.0,1.4210854715202004e-14,4.263256414560601e-14,True,0.0,1827.0,1481,4.640311883279231e-17,-1.893442299610311e-05,1.3877787807814457e-17,1.1677637816485848e-19
DTI,32,60048,60048,0.99996238811834,1.0,0.0,0.0,1.4210854715202004e-14,4.263256414560601e-14,True,0.0,1933.0,1561,8.479443150469763e-17,-2.7921210540253667e-05,1.3877787807814457e-17,3.417950906131398e-19
DTI,33,59690,59690,0.9998380944172854,1.0,0.0,0.0,1.4210854715202004e-14,4.263256414560601e-14,True,0.0,1806.0,1496,-2.2315936993567402e-17,-9.084557056759201e-05,1.3877787807814457e-17,2.4830875737686744e-19
DTI,34,61228,61228,0.9999041730154259,1.0,0.0,0.0,1.4210854715202004e-14,4.263256414560601e-14,True,0.0,1608.0,1438,4.978856557360506e-17,6.4916178660305356e-06,1.3877787807814457e-17,-1.2241387148151782e-19
DTI,35,61341,61341,0.9999903060492727,1.0,0.0,0.0,1.4210854715202004e-14,4.263256414560601e-14,True,0.0,1733.0,1402,-6.580859098636476e-18,8.754970506045189e-07,1.3877787807814457e-17,5.892060313744717e-20
DTI,36,62592,62592,0.9999552184450561,1.0,0.0,0.0,1.4210854715202004e-14,4.263256414560601e-14,True,0.0,1779.0,1402,-3.215862042655244e-17,-2.2066774383850364e-05,1.3877787807814457e-17,-1.4721248535524829e-19
DTI,37,64399,64399,0.9997930694035608,1.0,0.0,0.0,1.4210854715202004e-14,4.263256414560601e-14,True,0.0,1778.0,1442,-1.8951946882902103e-16,-1.025520722791248e-05,1.3877787807814457e-17,4.535272671479503e-19
DTI,38,71449,71449,0.9999544129770507,1.0,0.0,0.0,1.4210854715202004e-14,4.263256414560601e-14,True,0.0,1700.0,1486,-1.5785344102592526e-16,1.807900896168706e-06,2.7755575615628914e-17,-1.4662363077072486e-20
DTI,40,63768,63768,0.9999467191357181,1.0,0.0,0.0,1.4210854715202004e-14,4.263256414560601e-14,True,0.0,1636.0,1357,-1.5651847418838372e-16,2.306611868246202e-06,2.7755575615628914e-17,-4.532165826012961e-19
DTI,42,40305,40305,0.9999752661428878,1.0,0.0,0.0,1.4210854715202004e-14,4.263256414560601e-14,True,0.0,1656.0,1391,-2.6283069091283566e-17,-7.225279499540669e-05,1.3877787807814457e-17,-3.4146954009846617e-19
DTI,39,73711,73711,0.9999220832515033,1.0,0.0,0.0,1.4210854715202004e-14,4.263256414560601e-14,True,0.0,1797.0,1449,-4.988727560519127e-17,-6.234219880297332e-08,2.7755575615628914e-17,-1.687380040398872e-19
DTI,41,63363,63363,0.9999468803757721,1.0,0.0,0.0,1.4210854715202004e-14,4.263256414560601e-14,True,0.0,1665.0,1369,3.900785024355449e-17,-4.7035616463086615e-06,2.7755575615628914e-17,-4.2278869986095793e-19
DTI,46,16752,16752,0.9995410547388734,1.0,0.0,0.0,1.4210854715202004e-14,4.263256414560601e-14,True,0.0,1853.0,1491,3.5267568537760337e-17,-1.5298946733885527e-05,1.3877787807814457e-17,-5.130955361584482e-20
DTI,43,52869,52869,0.9998969486476481,1.0,0.0,0.0,1.4210854715202004e-14,4.263256414560601e-14,True,0.0,1938.0,1713,-9.689418125770908e-17,-4.999627945157225e-05,1.3877787807814457e-17,-1.99873760009032e-19
DTI,44,48026,48026,0.9997762059352533,1.0,0.0,0.0,1.4210854715202004e-14,4.263256414560601e-14,True,0.0,1917.0,1727,-2.8958665933532744e-17,-7.080890896387473e-05,1.3877787807814457e-17,-2.1360724077557804e-19
DTI,45,56956,56956,0.999784465450879,1.0,0.0,0.0,1.4210854715202004e-14,4.263256414560601e-14,True,0.0,1925.0,1758,-3.758113300779858e-17,-0.00011001968972532489,2.7755575615628914e-17,-4.780155154928545e-19
DTI,47,56128,56128,0.9997787505207735,1.0,0.0,0.0,1.4210854715202004e-14,4.263256414560601e-14,True,0.0,1916.0,1783,-1.144714963291793e-16,2.5410658299396035e-05,1.3877787807814457e-17,-2.6590826888369446e-19
DTI,50,53700,53700,0.9998336402913436,1.0,0.0,0.0,1.4210854715202004e-14,4.263256414560601e-14,True,0.0,1745.0,1431,1.600949666111894e-17,1.4958398110136917e-06,1.3877787807814457e-17,-2.7294235796989896e-19
DTI,48,66542,66542,0.9997984085478953,1.0,0.0,0.0,1.4210854715202004e-14,4.263256414560601e-14,True,0.0,1902.0,1773,6.580146864533149e-17,-2.6798487750142163e-06,1.3877787807814457e-17,-3.11084945388186e-19
DTI,49,61842,61842,0.999930085705432,1.0,0.0,0.0,1.4210854715202004e-14,4.263256414560601e-14,True,0.0,1959.0,1592,-4.3157689689783744e-17,-2.6687877842416554e-06,1.3877787807814457e-17,-3.443086584256279e-19
DTI,51,60716,60716,0.9997861656027415,1.0,0.0,0.0,1.4210854715202004e-14,4.263256414560601e-14,True,0.0,1929.0,1693,1.935363865631893e-17,-1.7077670092723496e-05,2.7755575615628914e-17,2.3650416238825813e-20
DTI,55,10210,10210,0.9995179039314878,1.0,0.0,0.0,1.4210854715202004e-14,4.263256414560601e-14,True,0.0,1929.0,1641,-4.590059726462301e-16,1.1008771816626178e-05,1.3877787807814457e-17,2.2132367747141437e-19
DTI,58,16,16,-0.4920929719727907,1.0,0.0,41.283,0.0,2.1316282072803006e-14,True,0.0,407.0,8,-1.1671862050214244e-14,1.2794997268028545e-05,0.0,8.374540767881485e-18
DTI,59,4,4,-0.33114605916593565,1.0,0.0,40.689,0.0,5.384581669432008e-17,True,0.0,0.0,1,4.042105267764646e-14,-1.2146410889471079e-05,0.0,3.5298234498928396e-17
DTI,60,2112,2112,0.9988007370231329,1.0,0.0,0.0,1.4210854715202004e-14,4.263256414560601e-14,True,0.0,1719.0,241,-1.1859144071560734e-15,2.8208849078549665e-05,1.3877787807814457e-17,1.5474011607022731e-21
DTI,56,32375,32375,0.999775833713139,1.0,0.0,0.0,1.4210854715202004e-14,4.263256414560601e-14,True,0.0,1807.0,1797,1.7003774923456226e-17,1.9991458390471204e-06,1.3877787807814457e-17,-3.2888248960759777e-19
DTI,53,58813,58813,0.9999257041446499,1.0,0.0,0.0,1.4210854715202004e-14,4.263256414560601e-14,True,0.0,1893.0,1719,9.438620659563207e-18,-2.0576784747632457e-05,2.7755575615628914e-17,-2.585933632456598e-19
DTI,52,66890,66890,0.9999655487141565,1.0,0.0,0.0,1.4210854715202004e-14,4.263256414560601e-14,True,0.0,1900.0,1748,6.803603494570438e-17,9.280342860031693e-07,2.7755575615628914e-17,-4.4351088897744666e-20
DTI,54,56057,56057,0.9999730275206089,1.0,0.0,0.0,1.4210854715202004e-14,4.263256414560601e-14,True,0.0,1998.0,1803,-1.5405103494104598e-16,-0.0001025563309606826,1.3877787807814457e-17,-5.470969043808609e-20
DTI,61,47605,47566,0.999931734666149,1.0,0.0,0.0,1.4210854715202004e-14,4.263256414560601e-14,True,0.0,1811.0,1786,1.912085774842126e-16,-4.5937622318849445e-05,1.3877787807814457e-17,-1.9793353382206254e-19
DTI,57,52083,52001,0.999854377798096,1.0,0.0,0.0,1.4210854715202004e-14,4.263256414560601e-14,True,0.0,1939.0,1808,-3.662790250300066e-17,-3.0733393684049904e-05,1.3877787807814457e-17,1.1344200064946917e-19
DTI,62,30432,30432,0.9999357644597584,1.0,0.0,0.0,1.4210854715202004e-14,4.263256414560601e-14,True,0.0,1702.0,1642,-3.363983092117423e-17,-3.026093903599532e-06,1.3877787807814457e-17,6.517215833853254e-20
DTI,63,27803,27803,0.9999437243921223,1.0,0.0,0.0,1.4210854715202004e-14,4.263256414560601e-14,True,0.0,1797.0,1691,-1.591651427055583e-16,-3.1026274266364037e-06,1.3877787807814457e-17,-4.217126758631163e-19
DTI,65,27171,27171,0.9997476951011914,1.0,0.0,0.0,1.4210854715202004e-14,4.263256414560601e-14,True,0.0,1944.0,1781,-1.607669999160428e-16,-3.200674884292075e-05,1.3877787807814457e-17,-2.57836551089151e-19
DTI,64,46625,46625,0.9997653220350087,1.0,0.0,0.0,1.4210854715202004e-14,4.263256414560601e-14,True,0.0,1802.0,1721,-1.1014256725677681e-17,-2.1824998270700905e-05,1.3877787807814457e-17,-5.937696305926581e-19
DTI,66,34142,34142,0.9997394414554036,1.0,0.0,0.0,1.4210854715202004e-14,4.263256414560601e-14,True,0.0,1831.0,1790,-1.4606188974877086e-16,-2.8906860919170457e-05,1.3877787807814457e-17,-9.691743993181446e-19
DTI,67,35166,35166,0.9997465719692967,1.0,0.0,0.0,1.4210854715202004e-14,4.263256414560601e-14,True,0.0,1815.0,1805,-2.8316328409893374e-16,-2.8636887249275103e-05,1.3877787807814457e-17,5.486109687030546e-19
DTI,68,33589,33570,0.9997407245524607,1.0,0.0,0.0,1.4210854715202004e-14,4.263256414560601e-14,True,0.0,1805.0,1720,1.0237528514012165e-17,-6.9921469379499295e-06,1.3877787807814457e-17,7.298631650704326e-19
DTI,69,36172,36172,0.9997335991583007,1.0,0.0,0.0,1.4210854715202004e-14,4.263256414560601e-14,True,0.0,1845.0,1717,3.110169111024047e-16,-6.242570482292476e-06,1.3877787807814457e-17,-2.445484463831927e-19
DTI,70,28365,28365,0.9997620004665556,1.0,0.0,0.0,1.4210854715202004e-14,4.263256414560601e-14,True,0.0,1805.0,1642,6.259594340190597e-17,5.1647007193756824e-06,1.3877787807814457e-17,-2.891579348716853e-19
DTI,72,34093,34073,0.9997158883683405,1.0,0.0,0.0,1.4210854715202004e-14,4.263256414560601e-14,True,0.0,1801.0,1643,-2.6496303959003245e-17,-3.5440408973602214e-06,1.3877787807814457e-17,-1.1169862713476835e-19
DTI,71,37692,37649,0.9998128126740639,1.0,0.0,0.0,1.4210854715202004e-14,4.263256414560601e-14,True,0.0,1825.0,1719,1.780031162295859e-16,-9.630722023853513e-06,1.3877787807814457e-17,-6.20953750366565e-19
DTI,78,8983,8983,0.9981579399395394,1.0,0.0,0.0,1.4210854715202004e-14,4.263256414560601e-14,True,0.0,1808.0,1352,-1.6218937285280497e-16,-1.195847186429519e-05,1.3877787807814457e-17,7.423819158489487e-19
DTI,74,39152,39152,0.9995188669055484,1.0,0.0,0.0,1.4210854715202004e-14,4.263256414560601e-14,True,0.0,1794.0,1668,-1.7813712204301233e-16,-6.958126353900931e-05,1.3877787807814457e-17,5.892515735551609e-19
DTI,77,12891,12891,0.9992426209835619,1.0,0.0,0.0,1.4210854715202004e-14,4.263256414560601e-14,True,0.0,1412.0,1120,-1.534727470570621e-16,-6.412284011565622e-05,1.3877787807814457e-17,-3.313640073815311e-20
DTI,73,46461,46461,0.9999548258557839,1.0,0.0,0.0,1.4210854715202004e-14,4.263256414560601e-14,True,0.0,1791.0,1657,3.426871356052814e-17,-6.74119930451989e-05,1.3877787807814457e-17,-3.618251160992753e-19
DTI,75,45145,45145,0.9996950641666413,1.0,0.0,0.0,1.4210854715202004e-14,4.263256414560601e-14,True,0.0,1755.0,1661,3.2193925601241984e-16,-6.394838206286053e-05,1.3877787807814457e-17,-1.4565599038113436e-19
DTI,76,48179,48179,0.9997220621725369,1.0,0.0,0.0,1.4210854715202004e-14,4.263256414560601e-14,True,0.0,1789.0,1691,-6.42507251164964e-17,-3.1168080358495804e-06,1.3877787807814457e-17,-1.1662466824836388e-19
QAS,2,26608,23531,0.9982863595768674,0.9913002090201262,2.3499126666215453e-06,0.00021662788500013036,0.031195879082129428,0.04704783575832641,True,65535.0,65535.0,1,0.3497615272915737,0.34947615166070944,0.0036788565168953576,0.6197239009062635
QAS,3,28475,25529,0.9970848444520318,0.9988615893119845,1.464776766768594e-06,0.00026992656481557704,0.0038412990407839967,0.007130381034257341,True,65535.0,65535.0,1,-0.0031711932878306748,-0.003232738216524358,0.00020408432238358312,0.043287018386712374
DTI,79,57789,57788,0.9999316501326844,1.0,0.0,0.0,1.4210854715202004e-14,4.263256414560601e-14,True,0.0,1850.0,1821,-4.330904756629421e-18,-5.118774836576032e-05,2.7755575615628914e-17,-1.7460389379143947e-19
QAS,1,37203,32037,0.999030226342845,0.9976764032785256,2.761487446045763e-06,0.00025944934509571836,0.024961904709204813,0.04274111279967891,True,65535.0,65535.0,1,0.032203176179001716,0.03101205276457721,0.0016624063942163756,0.4517821370700552
QAS,4,29874,26651,0.9978239962680895,0.9995248799656844,1.967864152907506e-06,0.00022557411335221664,0.003056560975366709,0.009486648236387962,True,65535.0,65535.0,1,0.007940519632616468,0.008152434014162904,0.000495544907443838,0.0898035579971336
QAS,0,43546,39462,0.9998007737331248,0.9975020810080844,2.237343411051751e-06,0.0002496411051671534,0.006337860159136644,0.023838687034196566,True,65535.0,65535.0,1,0.13831177863938354,0.1429879677821927,0.00048711127725212954,0.4012597222655832
QAS,7,27273,23403,0.9994285388641221,0.9968721154043281,1.748096777193231e-06,0.00022622741043340245,0.0027150097561931923,0.004882425282494469,True,65535.0,65535.0,1,0.07121811427838225,0.07272838013724692,0.00023576129616257102,0.40658231687933427
QAS,9,27174,23080,0.9986984886125617,0.997567973685251,1.78476360210289e-06,0.00018186686560399095,0.005702833931459317,0.007466940865012054,True,65535.0,65535.0,1,0.0007381607892972195,0.0007426771291940263,0.00031395159577193854,0.017899016763285005
QAS,8,29444,27025,0.9962347606170125,0.9926253449317265,2.4502237164214513e-06,0.00039823583670722096,0.01093207597850935,0.02380027506237389,True,65535.0,65535.0,1,0.11840043503124996,0.12106645948307146,0.00033559649091821105,0.11621779086513119
QAS,5,46310,40410,0.9999328678000198,0.9992136327472727,8.474276479986109e-07,0.00013962894076708973,0.00513093393537257,0.011379657617623823,True,65535.0,65535.0,1,0.060855270936887224,0.06039348586215563,7.580529842899782e-05,0.35846632039212006
QAS,10,33059,28119,0.9996016428534715,0.9999223566088604,3.7933796872557934e-06,0.00018534759197264984,0.00735750084212088,0.01489203736892386,True,65535.0,65535.0,1,0.09449793563853914,0.09359719884226526,0.0006512823013531913,0.5743049534051374
QAS,6,40735,36727,0.9995379783313036,1.0001732750195933,7.021505777027315e-06,0.00016964488251297938,0.005994871867387957,0.011803526000369317,True,65535.0,65535.0,1,0.10078571960993489,0.10036709392492227,0.0011458473690243432,0.5347616529818605
QAS,11,33908,30044,0.9932774142969782,0.9992966184875144,2.7494113514214824e-06,0.00023794231638492192,0.027438898265601502,0.13497751865293856,True,65535.0,65535.0,1,0.21231139923291503,0.21220757280141958,0.002235215911985924,0.8093397816747405
QAS,12,34202,29734,0.9966760191586526,0.9996459810246432,2.1723555750363666e-06,0.00018099558944858113,0.0029554120232591543,0.0065167439679359425,True,65535.0,65535.0,1,-0.00046112473440160126,-0.0005061358192410939,0.0004936303544184075,0.05201257255212363
QAS,14,26891,23980,0.9925163444081546,1.001450649830152,3.171319248373994e-06,0.00030336106349583813,0.008754125178206857,0.019864079002946455,True,65535.0,65535.0,1,0.002834616124663969,0.0026460028641818877,0.0006604308943852582,0.017272820982031346
QAS,15,28435,24983,0.99919284344063,0.9994302860483086,8.65242201442129e-07,0.0001019459551093604,0.0045577555349686025,0.016120761866983878,True,65535.0,65535.0,1,0.05962705848051179,0.05946253028579821,0.00010104377659256509,0.22867606175059077
QAS,13,36656,33227,0.9992289578292111,0.999687806173006,1.4268184467258749e-06,0.0001563546314070452,0.01607885284647448,0.02425115784700177,True,65535.0,65535.0,1,0.094634808082458,0.0942525988560656,0.0007594958935345585,0.48759969413736487
QAS,16,35973,30875,0.9957879694392281,0.9978628552110486,2.139716875126929e-06,0.0002473115948193857,0.00866681458405993,0.02128001190578031,True,65535.0,65535.0,1,0.03011753417723835,0.029959173167436137,0.0001730668238135143,0.3447285208885101
QAS,17,26609,24502,0.9989830084484608,0.9997406434812472,1.1121728046847856e-06,0.00011675293352323157,0.010641642165574124,0.02059807229958643,True,65535.0,65535.0,1,0.0006876889678322968,0.000681798607743399,0.0003455353583869464,0.03301383196331143
QAS,18,34611,29455,0.9995515004168153,0.9998566579252817,1.4475611814224187e-06,0.00013308775113982845,0.002447403353566749,0.006695644502788646,True,65535.0,65535.0,1,0.0008114984536995405,0.0008422543582292655,0.00015803074495695583,0.07374391751716217
QAS,19,34181,32335,0.9996538623296224,0.9996427490005648,1.9316275263747684e-06,0.00013126901992866497,0.0029987868766525407,0.012226719234190041,True,65535.0,65535.0,1,0.0519042694925204,0.053199775600844955,0.00026076394214610826,0.28769037371429507
QAS,20,36882,31953,0.9995117121175906,0.9990844379591276,1.8184823908917735e-06,0.0001885761142832117,0.00323618469972072,0.007144715865827968,True,65535.0,65535.0,1,0.13832443554816765,0.14257249325720026,0.00024204229349591693,0.366626001948903
QAS,22,32774,29461,0.9990931153680799,0.9995952495845639,2.3140322028547544e-06,0.0001478468062919182,0.002690195323485296,0.005003767821251161,True,65535.0,65535.0,1,0.1405668081113822,0.14051218432431442,0.00045941877682579283,0.46398913435521827
QAS,21,36578,34504,0.9999286698340493,0.9994518977020344,1.5100941382351074e-06,0.00014513181108670683,0.004906899141870764,0.009164585450809826,True,65535.0,65535.0,1,0.035801762957499074,0.035594631882207454,8.384237230181084e-05,0.3514638779040291
QAS,23,27671,25213,0.9979582833253512,0.999563845030217,1.1474424210788925e-06,0.00013789616952505123,0.004865843007507366,0.012561667706395602,True,65535.0,65535.0,1,0.025506848377941805,0.02553316421810103,5.6676511447830455e-05,0.47767492220376945
QAS,25,29393,27545,0.9992974084885583,0.9962923298546047,1.6451634752279176e-06,0.00019111905980619506,0.016917120227148637,0.02189083472827018,True,65535.0,65535.0,1,0.0034552487273188264,0.003517926616178148,0.0004511431102252881,0.02000109645642275
QAS,26,27811,24474,0.9946783863222105,0.9999898687809434,1.9572996298178325e-06,0.0004813562847077991,0.0019690226461246485,0.004218519443806086,True,65535.0,65535.0,1,0.0002414886367989024,1.2222852764942053e-05,0.00020794013536489311,0.006403432281470087
QAS,24,33215,31080,0.9992938271865803,0.9987539961733015,2.249631245621053e-06,0.00025784515122079287,0.002449670610442222,0.005389762036031243,True,65535.0,65535.0,1,0.06077308610900866,0.06089155904506493,0.00018122407766471983,0.6811006467500651
QAS,27,35925,31984,0.9964363673432883,0.9994549708302736,1.7230244821475615e-06,0.00021506358932389465,0.0069691554326967164,0.012634573674108808,True,65535.0,65535.0,1,0.04371030579268363,0.043614448259527636,0.0002047413947741695,0.39249861223173016
QAS,28,39894,33654,0.9048702129030741,1.0188861921143855,1.832499206100291e-06,0.0002953362764433304,0.08679389331312384,0.3076267145041244,True,65535.0,65535.0,1,0.0465422111402395,0.04765775614415802,0.016307562539310972,0.9072444341188303
QAS,29,38133,34325,0.9998857382730162,0.9983111006093112,1.1046407054071672e-06,0.0001224581768177543,0.01390839425087092,0.019666211143002963,True,65535.0,65535.0,1,0.24360950573363735,0.24325317740484556,0.0011518596235006843,0.7053593186349462
QAS,30,26648,21576,0.9952640021300525,0.9961931822111173,2.8790011742940713e-06,0.0003622921473245165,0.0020479871518899453,0.004073789259958966,True,65535.0,65535.0,1,0.059276220659696684,0.060487396198775786,0.0005034180108552535,0.40010642882360753
QAS,31,30549,26435,0.9980473450213226,0.9942435546115889,2.1031231630663783e-06,0.00030418990865303217,0.003558515488765972,0.005737604186497999,True,65535.0,65535.0,1,0.0009108468863221808,0.0009174533129196748,0.0003744097213523092,0.08809443322532705
QAS,32,29556,27011,0.9991816595739367,0.9979745779225404,2.2290467433516703e-06,0.00026356995783306304,0.013726502715102668,0.01625002740761867,True,65535.0,65535.0,1,0.0005549987267017893,0.0005805971418231739,0.0003290904892292751,0.020209732425805597
QAS,34,36707,31997,0.998795370367842,0.9966540154772483,1.909555672918728e-06,0.0002689619421295597,0.003340669350084383,0.00807615007345114,True,65535.0,65535.0,1,0.09910747557621974,0.10150266244391866,0.0002789349856640375,0.48340758170502124
QAS,35,34612,31815,0.9998313439649171,0.9982087330166444,1.6568535385341754e-06,0.00015096725413620715,0.011796063674296791,0.026938270107313447,True,65535.0,65535.0,1,0.1212205368112351,0.12046856866706489,0.0005997107910186447,0.5962296562257028
QAS,36,29995,26294,0.99816918565773,0.9993810704038604,1.040444603694901e-06,0.00019506306078098204,0.010424993437289528,0.12397082077525241,True,65535.0,65535.0,1,0.006099700137626654,0.005913442084479335,9.193549390047558e-05,0.028148838034811087
QAS,33,43373,42221,0.9987646341383493,0.9977812346174616,2.5631842623941026e-06,0.00023802689757413957,0.01683999698247346,0.02114095948349108,True,65535.0,65535.0,1,0.011598794974761982,0.011480327428103173,0.0014224840796149406,0.009842537349145556
QAS,37,26705,24010,0.9995392247079709,0.9996750428736926,1.075744933576317e-06,0.00013347602590532128,0.004121175497148453,0.00988278377022609,True,65535.0,65535.0,1,0.0323623357311757,0.032335421659713454,5.463579472741695e-05,0.2582545611402452
QAS,38,28332,24427,0.998484893594018,0.9997086243041605,1.0476815635596104e-06,0.000177977865232839,0.005787677092656303,0.014120660758875572,True,65535.0,65535.0,1,0.019411924371942616,0.01915521863240953,8.966000573384826e-05,0.19627053797228608
QAS,39,26948,25145,0.9995644570480481,0.9997546153729459,1.8386945806470045e-06,0.00018822167522157868,0.004472261269897372,0.008303563945933236,True,65535.0,65535.0,1,0.03899862020655738,0.038462784511189306,0.000102971679809022,0.3387100587345991
QAS,41,28199,24119,0.9971446876522616,0.9971946838229364,2.066828939495391e-06,0.0002832531168584835,0.0025704914143270152,0.013646812015422062,True,65535.0,65535.0,1,0.06784993764465053,0.06931482186316722,0.00031679805565622873,0.11959683706061697
QAS,40,27200,24587,0.9955052034063356,0.9975113603646595,1.5921983725908362e-06,0.000278233107210059,0.003098501088772264,0.0052519320382644645,True,65535.0,65535.0,1,0.06014826036801586,0.06178313756305868,0.00020925790454009454,0.37726723896363035
QAS,44,29017,27658,0.999768373836533,0.9991603394261895,2.6331232013121486e-06,0.00018441431111165238,0.008026791143410856,0.01412651213410877,True,65535.0,65535.0,1,0.009929431563658494,0.009862711086795695,0.0001287032395037536,0.4274247764768047
QAS,42,39716,33859,0.9997894835273503,0.9993890865916019,1.5159526282060298e-06,0.00013025788280604338,0.0045136177834084286,0.014030880582551447,True,65535.0,65535.0,1,0.029508576377890977,0.029372047937719692,0.00011734506513063211,0.056873604674739175
QAS,43,41306,36545,0.9995595125044346,0.9960081175753289,1.6237282950415377e-06,0.00014169051922316415,0.010939693692289018,0.02100073214180117,True,65535.0,65535.0,1,0.036006885922606806,0.035484468981132264,0.00014285510304759747,0.23867933577911687
QAS,45,29318,26820,0.9997231872497861,0.9993390235236863,2.771931397138605e-06,0.00020271525414428316,0.0056473222630832945,0.013544271864938447,True,65535.0,65535.0,1,0.16266348643774847,0.16435327699995186,0.000402210129871883,0.47196332399336355
QAS,47,31874,28774,0.9994489622715793,0.9995044632237351,7.469706945761878e-07,0.00014672280399274872,0.0045183933900748725,0.009895691734273055,True,65535.0,65535.0,1,0.01848969777984736,0.018243695314779148,3.190725473755766e-05,0.09980152643718868
QAS,48,28123,25639,0.8336215783090969,1.0992120271273158,3.00603067510119e-06,0.00045944036039282147,0.21669425757676192,0.3004834705034848,True,65535.0,65535.0,1,0.03986765061398313,0.040069650063097706,0.03710553645954536,0.357998955035246
QAS,50,27397,22702,0.998545268486643,0.9995717108445794,1.6687676920867922e-06,0.00021887201332203353,0.003406212483982427,0.006305919790202689,True,65535.0,65535.0,1,0.08028866228162054,0.08250735646306522,0.00015330720047756515,0.33034759586709733
QAS,46,44517,40596,0.9997990524227673,0.9986820501325622,1.1749048763054493e-06,0.00018798183260152536,0.005055765033659229,0.01298088826939923,True,65535.0,65535.0,1,0.010039023499881103,0.009951464093638953,6.300820616661381e-05,0.03510214066674269
QAS,49,34126,31156,0.9998952833044681,0.9987517976830143,1.0157434227608952e-06,0.00010391632794190008,0.006414080953343074,0.01833560111288967,True,65535.0,65535.0,1,0.07346277899305481,0.07295761425870964,0.00030000872416610755,0.4113359522700387
QAS,51,29335,25420,0.9997616239334367,0.9996803862651222,7.931382584591695e-07,0.000169620385756866,0.0035640102280822426,0.007948425115943217,True,65535.0,65535.0,1,0.0014920926304281025,0.0014764132971243904,1.992073149571935e-05,0.04404731211964564
QAS,52,30399,25813,0.9998455229322881,0.999713917148157,9.555062302352146e-07,0.00013917741101347012,0.004567511898377487,0.009668785282088737,True,65535.0,65535.0,1,0.06008103651728625,0.059300555825780144,5.0392419796447585e-05,0.2853038870999694
QAS,54,28951,24467,0.9947301262278201,0.9997040684518034,1.6884709296838274e-06,0.00014869606323148946,0.006002754273829318,0.01034744791202933,True,65535.0,65535.0,1,0.007810217939627791,0.00779231079675483,0.0001698840129937385,0.06686285930769699
QAS,53,35374,32835,0.9995116883523957,0.9990546062129905,1.667516834280569e-06,0.00015854529158254292,0.003621588802529643,0.007656755563600048,True,65535.0,65535.0,1,0.00025874307444493283,0.00023940688816809203,0.00030825147629715466,0.04983195049513827
QAS,55,32554,27963,0.9988035999203163,0.9991903469264183,1.4388550123589638e-06,0.0001730682240758674,0.0027858953526604434,0.004165513366984916,True,65535.0,65535.0,1,0.0005598263899653551,0.0005732430715434253,0.0002416458869563517,0.027096657398858498
QAS,56,30723,25932,0.9983903245410536,0.999694770988326,1.5715391143977797e-06,0.0003040827256713931,0.0029295607782954414,0.006204586929442422,True,65535.0,65535.0,1,0.035312679179600896,0.03611115923893083,0.0002447346534702311,0.17630537108050484
QAS,57,34138,29616,0.9945681539124881,0.9955028605916489,1.6848461293905714e-06,0.0003555531898384892,0.0035648218324619914,0.03739692203650039,True,65535.0,65535.0,1,0.0012286155298943586,0.001237680403926031,0.00025073503749094755,0.04856865186160228
QAS,58,30422,27016,0.9996765417786291,0.9996491062371179,1.1916445646908969e-06,0.00015765480933384635,0.0038790489672469773,0.008629948347248074,True,65535.0,65535.0,1,-0.00913578267654847,-0.009337827416332694,6.772905376308035e-05,0.0643857187750519
QAS,62,27434,23647,0.9997862406297922,0.9997382400401496,1.8156783565537182e-06,0.00018002019575130988,0.007818418331662125,0.015815385004177018,True,65535.0,65535.0,1,0.06597904088512656,0.06556531449861602,0.0005412239667880674,0.40856383829773657
QAS,61,31699,28016,0.9993308365966097,0.9996585426310917,1.4608003255367485e-06,0.0002702330148200507,0.004516897077796388,0.010832060374420225,True,65535.0,65535.0,1,0.028782993312835195,0.027827588338124327,0.00010058665446634194,0.25207383086976115
QAS,60,39238,34131,0.9944446643220229,0.9956641657189044,1.3704676487535927e-06,0.00022135115395303584,0.003127883787104944,0.005609668744127951,True,65535.0,65535.0,1,0.015312466667223822,0.015666471216750657,0.0002346992721279473,0.06106487668859438
QAS,63,29842,25999,0.9998170137160826,0.9972683408022316,1.8132506615642363e-06,0.00018158380116353834,0.00873843729773859,0.016332188536231265,True,65535.0,65535.0,1,0.03976793403443272,0.03899184062312156,9.556039088025816e-05,0.19461850649090573
QAS,59,47357,42312,0.9993375274760008,0.9980192128350025,1.183293083351078e-06,0.00022073645452132964,0.003393204198114041,0.006777861329883273,True,65535.0,65535.0,1,0.0025593384257565042,0.002590829830136064,0.00015739484913547837,0.06775435399795088
QAS,64,43827,39888,0.9999096653329591,0.99943080281722,1.2326738107748536e-06,0.00010616410499959639,0.004907489723295659,0.013126426340521328,True,65535.0,65535.0,1,0.08018737702442737,0.07991232405034525,0.00010342450126835274,0.3992258054019773
QAS,66,32545,27135,0.9867541562968495,0.9996824389910536,2.170397733425311e-06,0.00027799792398684547,0.0019675059075179423,0.0053139241420994505,True,65535.0,65535.0,1,0.00035264373872473755,-2.327747821926882e-05,0.0003666089962526638,0.004652428091858992
QAS,69,29095,27142,0.9998220810476219,0.9997257843418985,1.7486008651035334e-06,0.00013332841812888855,0.002041437850744709,0.004736001563488902,True,65535.0,65535.0,1,0.12299465138308999,0.12520315993792738,0.0002788945685380074,0.3698258580166869
QAS,67,38841,33987,0.9991563841337042,0.9978607082577997,3.1935313244413344e-06,0.00026587104625249054,0.008458910015872546,0.01415932052411982,True,65535.0,65535.0,1,0.16945530896144367,0.17209814075768695,0.0006925485079073325,0.4618521189686144
QAS,68,36821,32497,0.9961760539549734,0.9995846395348338,1.7006387435514192e-06,0.00023311436220725408,0.003833735700937585,0.020484363015453744,True,65535.0,65535.0,1,0.12030597526065387,0.12398117500263965,0.0003297921888751185,0.4318810790771824
QAS,70,28410,26217,0.9999251794989428,0.9994681557803264,1.6173196080160324e-06,0.0001889203143668485,0.00469462488742391,0.011596184418767504,True,65535.0,65535.0,1,0.03866109727277177,0.0378401151680657,7.822849121748436e-05,0.21536473820586272
QAS,71,30776,27000,0.9991818894238534,0.9995255949219095,1.1483812600299181e-06,0.0001639998162210297,0.005004643134418457,0.010218348327742821,True,65535.0,65535.0,1,-1.9873495757619477e-05,-1.3615183880814139e-05,6.177200206445512e-05,0.008853292571598562
QAS,72,30360,28952,0.9956602180467777,0.9996139331557505,3.6193567059528142e-06,0.0002800193051260358,0.006551004591629521,0.02037920430820307,True,65535.0,65535.0,1,0.0014998573744110174,0.0014926084311972809,0.0002728513010417558,0.02195966033163064
QAS,74,30709,27324,0.9991995606070653,0.9992381754571529,1.869866268100484e-06,0.00013475418175003134,0.006196531265863838,0.011794854413371556,True,65535.0,65535.0,1,0.030441394088576067,0.030220026337547536,0.00010022261504015638,0.23518540087106374
QAS,65,83584,74999,0.9997591857293223,1.0012799081847505,3.0798471898907387e-06,0.0001716585797887741,0.02478038392011622,0.043787582738503084,True,65535.0,65535.0,1,0.3067967365701818,0.3065920107591133,0.0023548838129367556,0.7534241629917915
QAS,73,38927,33323,0.9955490619455353,0.9969529674903992,2.170163428183436e-06,0.00019101189178590154,0.01166111747480312,0.024844095848349908,True,65535.0,65535.0,1,0.002226646334085576,0.0021925993152504012,0.00018438967876893526,0.017281687225353674
QAS,75,31006,27556,0.9979979086206374,0.9982512771061582,1.5789606284677404e-06,0.0002095637888152205,0.0033083217746745852,0.005575521824936015,True,65535.0,65535.0,1,0.09364107028335518,0.09587439585997265,0.00021487464155032945,0.34201840335323197
QAS,78,30733,27173,0.9999396113585622,0.9998266178043662,1.4883640784835173e-06,0.0002197696422117117,0.005139040454181613,0.009279368450879294,True,65535.0,65535.0,1,0.0381073893214012,0.03646323691379295,0.0001465158478578194,0.4321972486488376
QAS,76,50142,40825,0.9998313864118912,0.9995972030015674,1.644008526313634e-06,0.0002130586722255452,0.007853994697364496,0.019013702112720566,True,65535.0,65535.0,1,0.07494521932446545,0.07546322382588495,0.00035619193622156745,0.23140404077426044
QAS,79,32578,30280,0.9997693980595267,0.9993637394122029,2.1702121352773496e-06,0.00019385994860415446,0.007320251447848929,0.01675663655102322,True,65535.0,65535.0,1,0.07112850997122831,0.07087757466514479,0.0002515897543684379,0.2625587950026439
QAS,80,34510,29986,0.9984332758086109,0.9993505101348068,1.7106526309373926e-06,0.00027236482219218194,0.00270116754966925,0.006438142721758481,True,65535.0,65535.0,1,0.005755145814357591,0.005829180024307713,0.00018689327787472024,0.37293860707363047
QAS,81,48548,42498,0.9988878053353433,0.9986713447427403,1.956407164438456e-06,0.00016575574395263687,0.006975872723574421,0.020676951666362298,True,65535.0,65535.0,1,0.0028157116551796434,0.002813474772161691,0.00021758846048691168,0.030430250329789296
QAS,82,28927,24927,0.9999006186025003,0.9995337423515946,1.1131106541495406e-06,0.00012807717882586293,0.0033581676423006562,0.009628399516686861,True,65535.0,65535.0,1,0.00041595744078133277,0.0004003681707922416,5.7683650099412626e-05,0.032698777165332586
QAS,83,27627,19770,0.999403723518312,0.9992358043065652,3.2404757028536846e-06,0.0002674396602669746,0.0017647893752288286,0.004272886554390698,True,65535.0,65535.0,1,0.10248686270296359,0.10375255358035831,0.0003701135615902972,0.2757208100352205
QAS,84,29778,26478,0.9605962512044096,0.996532046301388,2.272004475278866e-06,0.0004018440014165743,0.004302927033336833,0.19760711468667874,True,65535.0,65535.0,1,0.0003568460860763263,0.00036434940835692464,0.0005301367665525789,0.007975513017078483
QAS,85,31785,29181,0.9997307666437331,0.9997039711417381,1.3215423856349773e-06,0.00010548649352415091,0.0022712246575607533,0.006136992670140109,True,65535.0,65535.0,1,0.08212411133836388,0.08317492205322113,0.00015909036542530533,0.3126586836348057
QAS,77,84840,74301,0.9969591973438087,0.991228073583702,1.7891638445510782e-06,0.00024186072409899232,0.027122520001719032,0.03138286208051962,True,65535.0,65535.0,1,0.0164417876223133,0.016603250925243798,0.0004976722559911023,0.03332645875167886
QAS,87,26656,21979,0.9996847894512592,0.999063115261732,1.1552134253356439e-06,0.00022214861190593044,0.002732879727142405,0.004459640051573529,True,65535.0,65535.0,1,0.08340893012006655,0.08520276958736703,0.0001822305517084906,0.34431012416916706
QAS,88,26814,24686,0.9993067914446462,0.9991307334646273,1.9001612037716775e-06,0.0002193960256261585,0.002412851915967573,0.0072428758443981054,True,65535.0,65535.0,1,0.1316142949238623,0.13438334075993333,0.0003843992288192643,0.33767841319653735
QAS,89,27067,23181,0.9921910442028525,0.9990624734430597,1.5766425087992975e-06,0.00031076665373855306,0.008733816619603698,0.11664998311568911,True,65535.0,65535.0,1,-0.0003432773469314771,-0.0003460438823100855,0.00029613585496717393,0.016324990736008696
QAS,86,42751,37947,0.9981896269089431,0.9997739526851973,1.4656154675996014e-06,0.0001806494167679973,0.0019934089101801204,0.012123837018319199,True,65535.0,65535.0,1,0.0085810955913265,0.008437155461283001,0.0002366779156820125,0.02706355258599973
QAS,90,30684,27737,0.9964839355171241,0.9996179178135015,1.9678765042774327e-06,0.00025317619005080493,0.005537515644406186,0.049474084756611615,True,65535.0,65535.0,1,0.0009055080675865201,0.000910829072645509,0.00016675402513726659,0.03622777925021121
QAS,91,33124,25444,0.9985071749171566,0.9991588461439525,2.686467660051317e-06,0.00025087851536685017,0.0041088914995978335,0.008362651459949678,True,65535.0,65535.0,1,0.26842947558196023,0.26929460201956135,0.0005326936873665299,0.4416094203128125
QAS,93,33626,30390,0.9993553650281078,0.9942846889769512,1.956544782355518e-06,0.00016193089103468816,0.015511430160576701,0.02475192877342962,True,65535.0,65535.0,1,0.002856174521546785,0.002818809370169764,0.0005105387798317818,0.011698942620683224
QAS,94,32392,29275,0.9993244856487379,0.99850643700271,1.2980214556534975e-06,0.0001259036469354851,0.006048481505537863,0.01754690680275672,True,65535.0,65535.0,1,0.044253584545298846,0.043972045291099764,6.656486571569024e-05,0.30539620900152176
QAS,92,39485,35218,0.9999468551379742,0.9995114536870273,1.246174155089541e-06,0.00018861336328105988,0.004508525976511038,0.010264150448073961,True,65535.0,65535.0,1,0.006968025506337811,0.006894715027715626,7.100130739236213e-05,0.06586588975684345
QAS,95,31663,27617,0.9992067489953738,0.9992175180673277,1.1094688265322894e-06,0.00013409163361106043,0.004480034891308879,0.011004665840287253,True,65535.0,65535.0,1,0.02550728481036866,0.025363004294744765,4.612653281110948e-05,0.6158079990200684
QAS,96,33677,28756,0.9998981235033922,0.9996019611237508,1.3370657711564427e-06,0.00020276143995497401,0.004335312663220606,0.00904037857151032,True,65535.0,65535.0,1,0.04926365628118938,0.04726153790198495,7.449208801486753e-05,0.28268321985584827
QAS,97,35125,30160,0.9997405147371761,1.002551840110927,2.1020086015122175e-06,0.0001585277645669839,0.01700289129991819,0.025931861644688612,True,65535.0,65535.0,1,0.030769438710044995,0.02973347745536481,0.0001431967862876812,0.10071086435230864
QAS,98,33371,32263,0.9997149481871823,1.0000350855318179,1.6281510763216378e-06,0.00014442359310801002,0.01209173529297462,0.047342252492555824,True,65535.0,65535.0,1,0.4104332540494781,0.41012989843572445,0.0009404492119362372,0.689948749359828
QAS,99,35410,30960,0.9997562609992597,0.9991373160046162,1.1966588797096556e-06,0.00016852076750172807,0.005675505906735931,0.015129128567466085,True,65535.0,65535.0,1,0.009279775919861665,0.009260290759513448,0.00017718834410232606,0.039479094476832975
QAS,100,36090,32289,0.9983828382501448,0.9995510084905247,2.1996885176123193e-06,0.00017006347055741584,0.008977940088270525,0.018640281718808622,True,65535.0,65535.0,1,0.04642811380729184,0.0462783268735954,0.00048380055541292664,0.5023085951917209
QAS,101,38748,33788,0.9990989972116912,1.0001905040831065,8.701395715071669e-07,0.00016871110587279525,0.006456683719866927,0.02268966718941185,True,65535.0,65535.0,1,0.08615939841128148,0.08564023944709477,0.00039523786448980114,0.31725214826475023
QAS,102,41283,35950,0.9992680815581838,0.9972876253492202,1.0499747723491382e-06,0.00017848357835708976,0.014285351395809175,0.019708373982434805,True,65535.0,65535.0,1,0.07285760236137546,0.07265246264427903,0.0008643659590741289,0.6708177145871373
QAS,104,29651,26123,0.9994079663717698,0.9970221520361051,2.521771072183654e-06,0.0003000695309876064,0.008155831350828561,0.012873382169632479,True,65535.0,65535.0,1,0.0009120021614211859,0.000971030460386438,0.0008573534562355198,0.03942383090899715
QAS,106,29404,24156,0.9990660781087651,0.9989199872870471,1.1939152295692423e-06,0.0002941118123436122,0.010031568332927187,0.01909380554892896,True,65535.0,65535.0,1,0.04864216924238761,0.04790138872967538,0.00043825175993358087,0.4442284032194927
QAS,105,32540,28466,0.9996457590885512,0.9995676787664429,2.0760525489271764e-06,0.00023756477731021303,0.009571311253432007,0.02187604651951731,True,65535.0,65535.0,1,0.07615450214726345,0.07563886332764679,0.00031750296035378857,0.40612171004802755
QAS,103,60752,55432,0.9996196825919832,0.9989533858615556,2.4241651601086822e-06,0.0002502295495444919,0.004443064732275764,0.015037027766357904,True,65535.0,65535.0,1,0.12676980980696959,0.1294377374050634,0.0005165413440692405,0.3854917508023621
QAS,108,27818,24284,0.9997044355740932,0.997900636727179,1.0693238571835018e-06,0.0002242348776739902,0.007027742981817835,0.016685139831791918,True,65535.0,65535.0,1,0.042420986909852625,0.041463564432397265,0.0002749753748416469,0.34125462693035685
QAS,107,40663,37098,0.9989050375238745,0.9965242630118207,2.3503053607210056e-06,0.00024992290817374624,0.006297843606211222,0.02006945025187114,True,65535.0,65535.0,1,0.00859376791965322,0.00856152698704458,0.00045020510476452113,0.045286710295845765
QAS,110,28888,25523,0.9982161128078908,0.9978936081163571,1.0977290094693615e-06,0.00012911238971048954,0.007095943702016048,0.017285873146896124,True,65535.0,65535.0,1,0.000750604901547554,0.0007373002763219708,0.00010621902437929983,0.006424954031060369
QAS,109,40704,35901,0.991659271575362,1.0120893014404801,2.063206465952039e-06,0.00012895977867362156,0.01881075638904699,0.026193019324514333,True,65535.0,65535.0,1,0.024964913966482833,0.0245284379753011,0.00013982416136658829,0.013875478091646591
QAS,112,26906,24641,0.9998501982998688,0.9996545544414246,9.977465437183142e-07,0.0001527083808574181,0.004329995363100038,0.012560824343200869,True,65535.0,65535.0,1,0.03595317881983828,0.035712925340278145,0.00011845759676263456,0.30842654988335355
QAS,111,36178,33174,0.9999495991833333,0.9998205611073521,2.432398616469822e-06,0.00017296319798181024,0.004917218545499234,0.009100225448935857,True,65535.0,65535.0,1,0.07711819339454404,0.07658872525295336,0.00023094496073180156,0.40937567904585326
QAS,114,31193,27938,0.9935154725248407,0.9955700020395664,1.8711390756820379e-06,0.0003553981563448871,0.006086780846162194,0.050916293123343746,True,65535.0,65535.0,1,0.0008484927035823058,0.0008602103839819309,0.0003008521530761973,0.0344428938998938
QAS,113,39436,34092,0.9988747936873581,0.9990338439275666,1.4238638556263172e-06,0.00019843171762605556,0.0041914437141429405,0.12316332758558877,True,65535.0,65535.0,1,0.05406010157063688,0.05504664028953472,0.0010769222760197983,0.6574995513458284
QAS,116,33715,30768,0.9973309794600507,0.9960985722590405,1.2724872336944415e-06,0.00023046259566267486,0.004563225977287375,0.008416130722963329,True,65535.0,65535.0,1,0.04894014013210114,0.05039956371152751,0.0001496033668736495,0.34581264299496073
QAS,117,33109,27171,0.9997876963183261,0.9997180154589769,1.468784303598758e-06,0.00016335248476784811,0.002225221439020319,0.00435306224940293,True,65535.0,65535.0,1,0.10590298839213313,0.10689661157201007,0.00017062083618606943,0.2943340427207435
QAS,118,32612,28840,0.9996165479370247,0.9997110174180002,1.3943007713401734e-06,0.00015671399808920907,0.0015110555278470689,0.005354791628511095,True,65535.0,65535.0,1,0.0050242981859375075,0.005089675408181331,0.00018930600282489167,0.05630890020131429
QAS,119,28652,25569,0.9630777831110126,1.0048875648689315,2.1663255692083716e-06,0.0001425714515644449,0.01419712825290379,0.024928342767037613,True,65535.0,65535.0,1,0.011315641713082034,0.011452099558305867,0.00014636698947445448,0.11613419451421561
QAS,120,29667,29344,0.9996936462584789,0.9976507715095688,1.02762440351567e-06,8.332632750506257e-05,0.002900264025952775,0.009838926233839314,True,65535.0,65535.0,1,0.044430763441491196,0.0465268654994867,9.167526381341159e-05,0.25025704822893285
QAS,115,62372,49395,0.8980130265689558,1.099509027579638,1.8764520667291507e-06,0.000302684405904789,0.142906622748211,0.3467451629843211,True,65535.0,65535.0,1,0.0013361995672902596,0.0013392133787766402,0.01775595310399063,0.006573189503450675
QAS,124,31254,28585,0.9998397990581382,0.9996544518917612,1.4168237246758864e-06,0.00012814206177337427,0.004453356908392452,0.008991835247228913,True,65535.0,65535.0,1,0.006405400822482295,0.006367056981311701,6.892083192874556e-05,0.03197906026235114
QAS,121,41238,36634,0.9973516776590613,0.9958715229194932,2.0485038897954944e-06,0.00020804573451717372,0.002398612073512204,0.007274070164216129,True,65535.0,65535.0,1,0.11922768757350659,0.12175926612907546,0.00037619271255628385,0.6067846072896147
QAS,122,39780,38085,0.998842340966274,0.9945214927374408,1.4955077636269465e-06,0.00010981293782130112,0.012133741728089105,0.02491514793944433,True,65535.0,65535.0,1,0.016674995468656147,0.016666401471325493,0.00027360565825614605,0.3742932141456994
QAS,125,39910,36389,0.997215634745094,0.9984789668934051,1.8120881566385805e-06,0.0002103870265971409,0.008364223629455238,0.017087161348137148,True,65535.0,65535.0,1,0.015364613958766786,0.01524909737735612,8.817359586049882e-05,0.16630297790174872
QAS,126,37421,31931,0.9730450248049115,0.9993361744692636,3.861711362296294e-06,0.00036855872201461363,0.007120615673814682,0.020027821515821973,True,65535.0,65535.0,1,0.0006043568717034099,0.0005598243862879682,0.001862284848379806,0.008848664838119717
QAS,123,62508,55257,0.9994675135082031,0.998527309790061,2.4880837749541307e-06,0.0002658562984447225,0.0029038403955099048,0.00897351594122392,True,65535.0,65535.0,1,0.13059620016759965,0.1329347728040559,0.0005062976934744165,0.3399606995722512
QAS,128,32634,28722,0.9956265178846961,0.998362501077489,1.613868482297498e-06,0.0002848736452690073,0.0019224296953216564,0.010196430270826942,True,65535.0,65535.0,1,0.1023787802796693,0.10446905317626133,0.0002570223315243622,0.35421014875112583
QAS,129,28773,26498,0.9984660234529126,0.9985810376563657,1.449326995861533e-06,0.0002311331962209916,0.0028310663129620965,0.006395348445899028,True,65535.0,65535.0,1,0.0005649288589206282,0.0005521168253684834,0.0001817460964479644,0.05896766606180838
QAS,130,26851,23608,0.9988557371821678,0.9998490106391924,1.5023021430748962e-06,0.00012628294552632197,0.004083425729897092,0.09785324659409246,True,65535.0,65535.0,1,0.0005833468215071907,0.0005815716837018262,0.000162687353734149,0.005365746640587731
QAS,127,41955,34823,0.9993544214067079,0.9993410271024015,1.866331919730957e-06,0.00022441347904634032,0.014295280189105489,0.025042947634390612,True,65535.0,65535.0,1,0.06488310542170486,0.06354543246086584,0.0006667659839603622,0.4353679740863325
QAS,131,40119,34603,0.9982680256066476,0.9966535293632769,1.869249960706476e-06,0.00019545111624842494,0.017145349224218495,0.022906884499552835,True,65535.0,65535.0,1,0.17488079864838094,0.17746903088651997,0.0013467003286048345,0.5346345469315891
QAS,132,35296,30468,0.9993621641786107,0.9993461621910553,2.0299203040141656e-06,0.00017974308597253237,0.003355822486080995,0.007207157026367438,True,65535.0,65535.0,1,0.02275642592702729,0.02319772195108904,0.0007747283069000947,0.10104802982673952
QAS,134,31364,28090,0.9992547658107919,0.9998280173933491,1.9144643935153915e-06,0.0001832977299376333,0.006681467034075369,0.014103693517039514,True,65535.0,65535.0,1,0.04906690059203426,0.04866205357619722,0.0004697392539404852,0.49177106659052006
QAS,135,27811,22245,0.9986798879975153,0.9995446342120733,2.296833318371494e-06,0.0003251747728796833,0.005961175456458784,0.013814387692602187,True,65535.0,65535.0,1,0.00454111448922118,0.004551824922804653,0.0004926280849845124,0.07824444327545231
QAS,136,33411,28545,0.9992607775177527,0.9992599448487397,1.2033933426414123e-06,0.00018548458608117011,0.0060263828475008085,0.012961567714035218,True,65535.0,65535.0,1,0.06030297271940594,0.05993152299575023,0.00010125909812512595,0.2128077585724154
QAS,133,41592,35039,0.998376861394364,0.9995583065712141,8.835053388889236e-07,0.0001308283468596453,0.0037177643567817957,0.012220070276249087,True,65535.0,65535.0,1,0.0004571888347832357,0.000452297639177282,2.4050966036303755e-05,0.0484343866760845
QAS,137,33339,29306,0.9987300993187416,0.997615707810674,1.2887615209455916e-06,0.00017518531800368018,0.003244233774302021,0.008855997526130139,True,65535.0,65535.0,1,0.007175555331812525,0.007202086839374573,0.00019682418998127774,0.05373787440514159
QAS,138,33511,28601,0.9997637610499417,0.9988902144290548,1.0741291662785812e-06,0.00016826051985444792,0.005511619870967935,0.01678752549890749,True,65535.0,65535.0,1,0.10149633197960897,0.1009750403257306,0.0002815900933358497,0.31730812855410523
QAS,140,34747,29772,0.9998860767932111,0.9996620277312707,1.0373399484953083e-06,0.0002062702358225005,0.0046843414834325265,0.01128208682610325,True,65535.0,65535.0,1,0.01855441884311553,0.017754044171674067,0.00011412287134062002,0.4109057766700799
QAS,141,36215,31616,0.9968856929009069,0.9992214235372943,1.4250256095693636e-06,0.0002100347903901248,0.003625723944673123,0.008521007749004493,True,65535.0,65535.0,1,0.07221967897180227,0.0735219767697238,0.00019107896018697758,0.3163158407262055
QAS,139,42635,38740,0.9986492577136302,0.9997810497650621,2.025056077936682e-06,0.00011528407621227976,0.0009712828758878944,0.004284001200030769,True,65535.0,65535.0,1,0.006137314373553336,0.006118357439805286,0.00035680640331578765,0.14295999455188368
QAS,142,42674,37637,0.9994676086648111,0.9980484841634855,2.0356236674623496e-06,0.0003031116997656608,0.0076032463866017525,0.014817499111325332,True,65535.0,65535.0,1,0.005603208759543434,0.005756890207488122,0.0006030742939980501,0.01904605963809773
QAS,144,31567,27869,0.999723317656285,0.9993521085025868,1.8650140455045428e-06,0.00025807837293227145,0.008087812558971471,0.015365618734762984,True,65535.0,65535.0,1,0.053808795332407636,0.0530602005507901,0.00047606369073076825,0.44395308563312047
QAS,143,40183,36758,0.9994722010486764,0.9976335057697736,1.4904240556723458e-06,0.00017104944836794747,0.007391903705255122,0.016692891802951665,True,65535.0,65535.0,1,0.050111089013243876,0.0496920914675609,7.27813492097399e-05,0.3378292237064087
QAS,145,33451,29420,0.9987816763621075,0.9974174256632962,1.722811948851044e-06,0.00026541898626237083,0.004390707660916843,0.00860820183650762,True,65535.0,65535.0,1,0.06981892742977215,0.07084704951673215,0.0003052710339633964,0.23702151197239976
QAS,147,31104,27782,0.9996435355661989,0.999498833828405,1.208044967671018e-06,0.00014929824545758448,0.004693990687518961,0.009505631398936194,True,65535.0,65535.0,1,0.0003397262730819555,0.00034124192246983733,7.790879886573652e-05,0.07292290941906349
QAS,146,41890,38965,0.9998098970340912,0.9970738683165427,1.4617908058733864e-06,0.00010202488471275908,0.014025678549765384,0.016201671527930856,True,65535.0,65535.0,1,0.21028254880260583,0.21278342022736604,0.0002074003123381388,0.40706830204779443
QAS,148,31560,28072,0.9990122991688076,0.9994473144518153,2.6454092963423825e-06,0.0002878546555516204,0.002044920476154086,0.017231983587492998,True,65535.0,65535.0,1,0.16780102099181357,0.17189950051320824,0.0005045625552641419,0.5104642076388074
QAS,149,29373,27289,0.9996999487844526,0.9992473230540198,2.1109440359462495e-06,0.0001486831101144337,0.009880864795611967,0.023379674522758204,True,65535.0,65535.0,1,0.01574451438645031,0.015756491725641888,0.00039517262074784804,0.03518685615423094
QAS,150,29059,26199,0.9997501702518893,0.9950312721725818,1.3577795721642083e-06,0.00017781555038748372,0.0036596916049248304,0.005381246920434466,True,65535.0,65535.0,1,0.12593895668133434,0.12877158258467036,0.0001445212918755015,0.28511929991095325
QAS,151,30174,27153,0.9992055079411213,0.9979955748154667,7.599381696143936e-07,0.00015037914429261607,0.005322283635990938,0.012988323570091458,True,65535.0,65535.0,1,0.020844456027033175,0.019940303691711993,3.854087081079964e-05,0.1666435276545813
QAS,152,40653,35408,0.9997748372571268,0.9984217681330112,1.4433463417784509e-06,0.00017929154657640777,0.00649651044848764,0.012295636679377499,True,65535.0,65535.0,1,0.05502143166073566,0.05397949824705077,5.4071877861796776e-05,0.19709607076532615
QAS,156,30229,25557,0.9988869896658784,0.9996769086091907,1.1975906749062126e-06,0.00018930038331304953,0.005570309547701736,0.01838285452760576,True,65535.0,65535.0,1,0.004189649745386777,0.00414301562068032,0.0003454129045239759,0.0855712579938524
QAS,153,37825,33439,0.9991583756023196,0.9987822758677529,3.058936225097675e-06,0.00020749616501243096,0.0011604596578024952,0.004487974635973055,True,65535.0,65535.0,1,0.08260704744107632,0.08400838051202834,0.0006584046080360691,0.5197217272346665
QAS,154,34311,29224,0.998806885549202,0.9913836286858906,2.285539932311842e-06,0.00030989278129009385,0.0027362385378998802,0.005765574777944998,True,65535.0,65535.0,1,0.09247389529997353,0.09462308849452412,0.0003030748561648117,0.6039111443432611
QAS,157,34164,29849,0.9975774119053142,0.9992648239031015,1.6018400889605822e-06,0.00017712312074322545,0.00983410267403359,0.02759456464548223,True,65535.0,65535.0,1,0.09006083967825348,0.08986379574238816,0.0005915733537003246,0.44935520354742725
QAS,155,50568,41569,0.9998640659439165,1.0058876891166832,2.094508235017667e-06,0.00011522515033770185,0.019161610381732183,0.028946897593159587,True,65535.0,65535.0,1,0.04934237948121545,0.048420914974695035,0.00024770612462104324,0.33582464464125095
QAS,158,28208,25681,0.9969564897966435,0.9999355511698942,1.4966627022439116e-06,0.00021049441646693438,0.009041945701069688,0.08671269855840978,True,65535.0,65535.0,1,0.052975951661910485,0.052853128277574574,0.0004288689426165919,0.6624622603213375
QAS,161,26893,25434,0.997785779548093,0.9997486816906165,1.0886066809656647e-06,0.00018402109016720783,0.0033995997034785754,0.0065960224237494244,True,65535.0,65535.0,1,0.03387163387439675,0.03616002949296878,6.610923084519188e-05,0.2850643971608736
QAS,160,34985,30888,0.9995468002214116,0.9991118225714867,1.1442774323910943e-06,0.00014925028378386378,0.007457965315190019,0.016462731275643364,True,65535.0,65535.0,1,0.004304529553347612,0.004265308158413717,0.000104809214589693,0.02556331165911188
QAS,163,27514,27227,0.9999648943301469,0.9994474854475593,9.756126737592297e-07,8.770487048826438e-05,0.0044316392619184785,0.010633285177871711,True,65535.0,65535.0,1,0.031242315341948733,0.030980442308458544,4.634822600018012e-05,0.31324900487027774
QAS,159,50543,47276,0.9997982550219876,0.9982339412252452,2.267856155924175e-06,0.00014651362940446388,0.012564765017737126,0.027195890459933057,True,65535.0,65535.0,1,0.12816795605249834,0.12735033854392686,0.0004575965872894239,0.4946377871448638
QAS,162,44257,39606,0.9975633341633631,0.9961276185403647,1.8955810671683615e-06,0.00026379877799912805,0.0027094653069757117,0.005932571188760085,True,65535.0,65535.0,1,0.0018497769534839496,0.0018301019665123194,0.00022973221142688814,0.05705715261388829
QAS,164,34897,32198,0.9991863335340979,0.9983339300879623,1.3065070318951655e-06,0.00013678870637637722,0.007433777277335268,0.017735714500088238,True,65535.0,65535.0,1,0.039478660202932954,0.03937559624939295,0.00018123799549959888,0.3359830732720224
QAS,166,29741,25641,0.9990276310102901,0.9990664576404498,1.6231321502413465e-06,0.00023465829806717693,0.002753466866311111,0.004381232062530595,True,65535.0,65535.0,1,0.06281671125831605,0.06365819264374915,0.00023003800104058004,0.5553036017447176
QAS,167,31565,26996,0.9939722201093351,0.9990223020587947,1.4198943632526273e-06,0.0002220786090324372,0.00253430249876666,0.008591094415098732,True,65535.0,65535.0,1,0.0022050636180174425,0.0022657880368266966,0.00022136127707899896,0.025343481367853818
QAS,168,31192,27707,0.9997653486761607,0.9976990212280789,1.3226688367895534e-06,0.0001392134106771359,0.009259531469260705,0.015783875208853087,True,65535.0,65535.0,1,0.05749408636856735,0.05691865113585253,0.00023494624013362916,0.45045176717122776
QAS,170,29180,26327,0.9969810004913048,0.998289986635984,2.953964488183747e-06,0.00025363633658458996,0.004088992341944561,0.008081350455379542,True,65535.0,65535.0,1,0.10027128778127478,0.10300102081256708,0.0005252967772269925,0.4092686231551358
QAS,171,27751,23847,0.8984835475567143,1.0958338692812388,1.7837326723446623e-06,0.0004144891425275243,0.12880975228790825,0.2327617349086397,True,65535.0,65535.0,1,0.07025065877781572,0.07079489480792259,0.010066899149223088,0.8866789371234397
QAS,169,59864,53731,0.9996778654337575,0.9989684593497503,1.5966579268167358e-06,0.00019039095226572447,0.004425435265233737,0.006496122307393045,True,65535.0,65535.0,1,0.002320643024404283,0.002381434476343618,0.0002474570596499106,0.06580356615358865
QAS,174,30279,26464,0.9998297481489523,0.9983579189608188,1.4920601708878767e-06,0.00017369271902153413,0.008695125777035746,0.025920101188660234,True,65535.0,65535.0,1,0.10073627797814004,0.10012751200373954,0.0005128668428489064,0.6006046886098203
QAS,172,47058,42743,0.9998344316854709,0.9980846562625253,1.528118278026902e-06,0.00017966641774419978,0.005058509752246766,0.013729961692432676,True,65535.0,65535.0,1,0.10756597704775361,0.10953694379957496,0.0001617720985246063,0.16571065072260383
QAS,173,41017,36917,0.999019539041856,0.9973657037950042,1.7914001546603942e-06,0.00012214050970154713,0.00797828139305051,0.020008547914071168,True,65535.0,65535.0,1,0.048634916500547486,0.048456406488921466,0.00036863097749523905,0.3651428974978454
QAS,165,92992,87299,0.9988127651026693,0.9970594820560267,1.6337528362941889e-06,0.00014883623361403267,0.00261641811510078,0.005873446200100299,True,65535.0,65535.0,1,0.10954890002866591,0.11151481677387227,0.0002219518905017096,0.3786394042303215
QAS,175,45486,41684,0.9997522846156642,0.9976877904443716,1.765228448691314e-06,0.0001553858433238448,0.015342844010293944,0.019919723391869065,True,65535.0,65535.0,1,0.034059730788735205,0.03431847090241945,0.00044571021889576223,0.05316804076833358
QAS,176,31966,29222,0.9966288294187436,0.999762376163501,1.5291971048880804e-06,0.00017788198543998277,0.004226574105370911,0.007772520235068944,True,65535.0,65535.0,1,0.0002877454233262168,0.0002969007386008184,0.00018401629779564885,0.031577509924851394
QAS,177,34935,30292,0.9993654584489482,0.9983241897154098,1.3477933525352093e-06,8.193236160460817e-05,0.007692176931268379,0.019046516716487206,True,65535.0,65535.0,1,0.03684211819655783,0.036597510807598765,0.00017286768069694913,0.4039971476402617
QAS,179,33411,28442,0.9994940357000377,0.9989006149295689,1.8895718678635376e-06,0.00021290654854462965,0.01061085558317141,0.02210759777530802,True,65535.0,65535.0,1,0.04447800183294328,0.042617519969495754,0.00030517490657924263,0.35325546996161056
QAS,180,33782,28863,0.9998429296673641,0.9997600133493745,1.850837004768735e-06,0.00014089330488675818,0.0030531691974916885,0.005906135231256276,True,65535.0,65535.0,1,0.00047011772267728627,0.00047379494318254903,0.00013623927344017357,0.026184228100464564
QAS,178,38044,33173,0.987805187295448,0.9868305253886462,4.662248805631375e-06,0.0003767962925305067,0.025119195015787424,0.04164795361520963,True,65535.0,65535.0,1,0.28712804443112944,0.29509644933886725,0.0014224163053959795,0.4568562662277701
QAS,182,33276,29171,0.9995088094930573,0.9994239487120252,1.1424271771087735e-06,0.0002396360683885809,0.0034192097528631723,0.007171959439027549,True,65535.0,65535.0,1,0.011804999132173366,0.012086890440064509,0.00012809171180504,0.04711947111785309
QAS,183,28843,28712,0.9982172106267874,0.9974766870900046,2.0421183976604418e-06,0.00021206066616419222,0.0027684272346082273,0.007460390349282173,True,65535.0,65535.0,1,0.006359271991340246,0.006315134046897581,0.00024514631355744565,0.09508252278439935
QAS,184,30304,27776,0.8998432362742859,1.0474702793648127,1.3567340261810834e-06,0.0004624124679375265,0.13769752864131068,0.1561678818571169,True,65535.0,65535.0,1,0.0016374672042659085,0.0016420278551649774,0.025970060440778122,0.010265732759768732
QAS,185,30016,26097,0.9986605428172044,0.99061287656641,1.8800737067170559e-06,0.0003981615100894298,0.0021937120836928916,0.0046348124350548995,True,65535.0,65535.0,1,0.06577387356971598,0.06685150717236445,0.00019733988455030466,0.37572354121333096
QAS,181,58734,52921,0.9998072915470962,0.9988451958285328,1.598490073112524e-06,0.0001844547959442656,0.0061038120266694775,0.022203938448237964,True,65535.0,65535.0,1,0.00026102541465077353,0.00025847103002676577,0.0001328715819226526,0.021611406814390936
QAS,186,35043,32400,0.9988322151357961,0.9830941931329225,2.6916808590904395e-06,0.00037756902377310774,0.012624145662333532,0.01609016093918493,True,65535.0,65535.0,1,0.0639503702607023,0.06474471701801818,0.00023850574999727427,0.22461218552604792
QAS,187,32597,29903,0.9991290654913427,0.9995516001841388,1.539642439984945e-06,0.00015442435237940418,0.0025450405952916547,0.003884766720515284,True,65535.0,65535.0,1,0.009917554546893963,0.010292828679936965,0.0003295402589838819,0.14699239485303794
QAS,188,30990,29313,0.9986789929604909,0.9994541103679562,1.6074481168915078e-06,0.0002442912591053321,0.0029374542464470506,0.008441691617686178,True,65535.0,65535.0,1,-0.0009700031137076211,-0.0009354042825969782,0.0003355695958527196,0.05102825402312138
QAS,190,26757,23686,0.9969048404712236,0.9988317291059663,2.3593811110389495e-06,0.0003715492850796571,0.004680376631220891,0.14039501000657595,True,65535.0,65535.0,1,0.0011877731719486773,0.001198354848826561,0.000540413876117761,0.029907543433978435
QAS,189,32649,29201,0.9993997710987521,0.9962566448610763,1.168133197004817e-06,0.00013730327276361386,0.009390430728675679,0.01623286967892311,True,65535.0,65535.0,1,0.0014444190163782158,0.0014242068949023516,0.0001797426075671694,0.042797146313952254
QAS,191,30402,30051,0.9999595540081856,0.9995700904770496,1.590855749411535e-06,0.00017368605533711777,0.0047774269725144895,0.011724874979124307,True,65535.0,65535.0,1,0.04341240111447043,0.04285165658857449,6.504646432290603e-05,0.3257962171482728
QAS,192,37068,31524,0.9995321286200141,0.9996397507893364,2.0807063202954446e-06,0.0002490587643627592,0.0014612975184271524,0.009831984758030458,True,65535.0,65535.0,1,0.08375460953509267,0.08489824506469093,0.0004315054620760624,0.3480405912879215
QAS,193,28539,25324,0.9995938496991938,0.99994699187912,2.048231573459347e-06,0.00024326440439112435,0.00516776978171298,0.011533664397243246,True,65535.0,65535.0,1,0.05559355236133672,0.05491525863247056,0.00022223005742363564,0.29449934680437506
QAS,195,27956,25522,0.9986204858764196,0.9996225795109943,1.0580267424953327e-06,0.00020703807000321242,0.013216786504630994,0.02058329691269652,True,65535.0,65535.0,1,0.08494087337252743,0.08474714237767185,0.0006529483975918753,0.529464260129431
QAS,194,31438,29131,0.9977066811926513,0.9974676909676554,1.281454923368619e-06,0.00018577034965765586,0.0036913249448509698,0.009081645666636946,True,65535.0,65535.0,1,-0.0002456603976680101,-0.00024291686133069934,0.0001795211090540564,0.03166582910406055
QAS,196,28386,25293,0.9998151537689954,0.9996662508320715,3.2487264793601422e-06,0.00021215884088348236,0.006226827089116211,0.011557819397479494,True,65535.0,65535.0,1,0.12102251158854137,0.12028701095350815,0.00020583380562006433,0.3676450900032678
QAS,197,29863,27695,0.9984927491577141,0.9992836166808585,1.511063030895654e-06,0.00015513404696659898,0.010280709126911662,0.021418280419554975,True,65535.0,65535.0,1,8.763596046282204e-05,9.425198767764987e-05,0.000471029827490915,0.002638308796481509
QAS,198,29810,25781,0.998466578716663,0.9996657046663077,1.8605381027769763e-06,0.00015741953044388682,0.007086664306786264,0.015693956965791706,True,65535.0,65535.0,1,0.006182743741223836,0.006177086887810184,0.00041732138667984235,0.03308061354244749
QAS,200,33245,30053,0.9996230906602812,0.9983222144527367,9.533131279382268e-07,0.00015902420012716355,0.0115161172219393,0.018344231184499245,True,65535.0,65535.0,1,0.0032532916330803028,0.0032507552730609668,0.0005497318191749406,0.03228804190477694
QAS,199,39407,35769,0.9994706416520459,0.9988562143225787,1.4987634250340776e-06,0.00023875542133489492,0.004766265931647465,0.010930100754882627,True,65535.0,65535.0,1,0.1986525671956714,0.20174674305599055,0.00046343976483007233,0.3823972892734604
QAS,203,28266,21410,0.9992099706902232,0.9902711112004124,1.7832527183792024e-06,0.00031332371947325876,0.0034857922598637413,0.00762843908767076,True,65535.0,65535.0,1,0.080032625054517,0.08158969121846205,0.0001648874042082533,0.24278189523248275
QAS,202,40023,35300,0.9997295067440505,0.9983025748853034,1.1679845675627298e-06,9.193826954693496e-05,0.006067482184699358,0.0167544191771476,True,65535.0,65535.0,1,0.00047860806161472585,0.00046792174181709787,0.00023949838733297813,0.4812927798948738
QAS,204,38689,32515,0.9967694005317822,0.999405072292235,2.1471058020972045e-06,0.00023953124141982377,0.004972253799624393,0.014884142290479907,True,65535.0,65535.0,1,0.07546891942725162,0.07691011267319248,0.00035523254107898736,0.19908195488146427
QAS,205,31041,28384,0.9990761811286158,0.9978841819635922,1.399490714870666e-06,0.00013287488013861312,0.018654951671324967,0.02601445269761037,True,65535.0,65535.0,1,0.0006051237715351853,0.0005716579746828011,0.002190139954008793,0.019731550987829204
QAS,206,29293,26739,0.9992931789960617,0.9930566027516101,2.0201037108646958e-06,8.919217103387476e-05,0.01174344979138458,0.02006942594631065,True,65535.0,65535.0,1,0.058590518557091305,0.05825425668544778,0.00031990799141443083,0.5114517774657811
QAS,207,37624,33147,0.999752608964287,0.9987691181927815,2.2727830185087505e-06,0.00014755027519233968,0.011224535891627616,0.022732445861628592,True,65535.0,65535.0,1,0.0362709200455584,0.03592294465312706,0.00032651522073416856,0.5270333499072823
QAS,208,32873,32277,0.9446854639758726,1.1161579218926556,1.4801391140517595e-06,0.0002985557022067012,0.200375007712038,0.30429966036320044,True,65535.0,65535.0,1,0.0032867833163217116,0.0033007490332909156,0.03699941643303843,0.048882313525389215
QAS,209,31892,29752,0.9982735375952999,0.9992978369658215,1.1665654271464376e-06,0.0002015523921717867,0.009169983054378179,0.015352763001208964,True,65535.0,65535.0,1,0.06797062315818064,0.0680479768472449,0.0008548014761556278,0.5275663090085194
QAS,201,98855,90239,0.9998899849774097,0.9987747073789554,2.153922438186129e-06,0.00022602992996844967,0.0053475354643340405,0.009667565950496377,True,65535.0,65535.0,1,0.002625666578639559,0.0026533452950192635,0.000396251284133208,0.024963513507079073
QAS,210,35881,31834,0.999762805433288,0.9991240643614969,2.03183018604447e-06,0.0002474246613971383,0.003406165431217665,0.006784207736213132,True,65535.0,65535.0,1,0.16261362022286585,0.16276098235047065,0.0004893083704251663,0.44525791389084857
QAS,212,27758,25469,0.9965526752581099,0.9976092421053427,1.7676027637691938e-06,0.0002649741183988814,0.015198232999289041,0.02376435183133854,True,65535.0,65535.0,1,0.0004303264897035342,0.00045364109444664665,0.0002649584913241309,0.01904961167481628
QAS,213,27229,24230,0.9972186816241554,0.9992489210320243,2.4678206402284353e-06,0.0002574066800832486,0.0010780414561003364,0.005970373251367791,True,65535.0,65535.0,1,-0.002748805653683091,-0.0027528388211745672,0.0006260666911852059,0.09270805873043249
QAS,211,40560,35720,0.9995223902472525,0.9987129683815085,1.2124050096096184e-06,0.00011574644454533927,0.005070847860225615,0.013803202454441912,True,65535.0,65535.0,1,0.030976699658525418,0.030905242064996726,9.394492982895262e-05,0.1185695616861116
QAS,214,26896,23132,0.999384479744779,0.99210206429473,2.081524948405189e-06,0.0002586278478261084,0.007564219878082328,0.015493048323012227,True,65535.0,65535.0,1,0.010798593207197503,0.011076102658162234,0.00028358702390356475,0.04609434433730489
QAS,216,30064,27910,0.9993409391468683,0.9991077276101328,1.6473960871010718e-06,0.00015235898452888963,0.0034887022312023192,0.008710776077556772,True,65535.0,65535.0,1,0.157645201687796,0.15929269945488045,0.00025744801251870587,0.3562082461697291
QAS,217,29213,26464,0.9991796333226399,1.000739541287973,1.555932261587678e-06,0.00015721889578971642,0.00517225478866753,0.009002901776616246,True,65535.0,65535.0,1,0.010449119501352853,0.010480674859626475,0.00017534324129027984,0.03317571255505415
QAS,219,29590,27114,0.9998102635072031,0.9997549996147636,1.7321601263331488e-06,0.00010662857271993472,0.0044457696625412385,0.009211799321791569,True,65535.0,65535.0,1,0.0018109145374673521,0.0018072207504103873,0.00015475422385787788,0.05988835849920297
QAS,220,29261,26367,0.9986819053988006,0.995168709398481,2.2930283852529154e-06,0.0002555831174472912,0.00601453278963532,0.029988252540742808,True,65535.0,65535.0,1,0.01613483734089529,0.01661520498063654,0.00024026888097232878,0.11284766173524215
QAS,215,55695,48218,0.9992775503048776,0.9946603737912451,2.535102715139903e-06,0.0002520685525126409,0.0018480255033507373,0.00729273088704072,True,65535.0,65535.0,1,0.11585222697249499,0.11852514626372171,0.0007619851772635726,0.40392829378406636
QAS,222,31916,26758,0.9998480539399508,0.9993726736470103,1.108886583722768e-06,0.00014008815929007632,0.0045771927460782815,0.012813372148974113,True,65535.0,65535.0,1,0.061544046975481013,0.06115614624428861,6.944528872427022e-05,0.37458458577122916
QAS,218,63169,56732,0.9992258144024534,0.9967831776995483,1.2830156762566602e-06,0.00010444614744323374,0.007953455416358259,0.01957553055024023,True,65535.0,65535.0,1,0.08788003915015599,0.08707512276282146,0.0001171470272511115,0.2900764653814629
QAS,223,34349,29976,0.9928060660205036,0.998643447771308,1.1957958898078935e-06,0.00020006052612949344,0.0068988214161920525,0.06005523434249013,True,65535.0,65535.0,1,-0.0003246721753225732,-0.00034488830858021597,0.00016864820640335472,0.018106161873029884
QAS,224,32784,28737,0.9963433423559219,0.9979460541567444,1.0818512454213725e-06,0.00013941704866581248,0.009821039033693905,0.019614644065191436,True,65535.0,65535.0,1,0.023759822734109426,0.023633874379397166,0.0002466551604608965,0.25710872473118546
QAS,221,44023,40816,0.999810630238736,0.9986441324242386,1.2639647482548533e-06,0.00013969032221532748,0.007805674800314452,0.014967006025823633,True,65535.0,65535.0,1,4.551004519289908e-06,-1.8214980110851262e-05,0.00012766657593340578,0.016420314086348007
QAS,225,29008,27315,0.9992856209943476,0.9994992342702823,1.4955881888489841e-06,0.0001461834387293535,0.004513063847132142,0.010923072261404711,True,65535.0,65535.0,1,0.0016428372656572974,0.0016289613883826333,7.200876831998563e-05,0.012850871314478622
QAS,226,27072,25537,0.9959657710654205,0.9925339871207418,2.17605923968911e-06,0.0002306221562645442,0.023853912376620892,0.04633573340853672,True,65535.0,65535.0,1,0.10263242394734767,0.10227196614524098,0.0014049825283444129,0.45415708853901227
QAS,227,28438,26679,0.9990275278957107,0.998869484641046,9.320405562340817e-07,0.00012088281070029894,0.006048480688820047,0.014380283257070808,True,65535.0,65535.0,1,0.02593043397771575,0.026089380478817006,6.667094797413024e-05,0.40051673107095065
QAS,228,27169,21075,0.9975592851158779,0.99902217599063,2.1763789443685067e-06,0.0002158061956054327,0.007538401889044688,0.016506201903876666,True,65535.0,65535.0,1,0.0015152315564753234,0.0015203589939026007,0.0003132051201821301,0.03879605194187077
QAS,229,30673,26536,0.9998438610888574,0.9996822577557982,1.101787228285911e-06,0.0001533473807413036,0.004881490207413573,0.013359058050265682,True,65535.0,65535.0,1,0.047272390186804174,0.04690109838828065,9.233294559871291e-05,0.39988169070148444
QAS,230,40486,36793,0.9976547867740965,0.9999944564435354,2.84556213381304e-06,0.00020144198778119892,0.006499944267077851,0.07314945749290756,True,65535.0,65535.0,1,0.000797185221695134,0.0008062666566876356,0.0005066511569983723,0.014390899412338367
QAS,231,37746,34520,0.9964002971286877,0.9974776517866193,2.5839843698083342e-06,0.00028153496954935915,0.0054697587807186025,0.024228742004324524,True,65535.0,65535.0,1,0.0008428504622355228,0.0008488708351505302,0.0006518924713550128,0.02471227863760317
QAS,234,31377,28693,0.9988197039747837,0.9996229993020626,1.5797801742323259e-06,0.0001418396746144217,0.006503537088723777,0.015427523510880921,True,65535.0,65535.0,1,0.05266999065535781,0.052598217926068995,0.00037845247877685176,0.3024156747738886
QAS,233,42698,36751,0.9568040677135338,1.1171686201632594,2.327048573863566e-06,0.00041572031780384846,0.15209241912824872,0.29974176671866026,True,65535.0,65535.0,1,0.004387538171357577,0.004383944566967779,0.0149179390587526,0.01236957230427548
QAS,235,36336,32277,0.9977064906033439,0.9984507953993172,9.599307082552855e-07,0.00020535396717354616,0.008226453254723374,0.02126999573092354,True,65535.0,65535.0,1,0.036525386000441994,0.03606323858452025,0.0003873738182966295,0.49131154859814014
QAS,232,48785,45364,0.9998516470446366,0.9996868030709962,1.0513047943860876e-06,0.00018786645439241152,0.004856863218314134,0.008962414958781854,True,65535.0,65535.0,1,0.041187148418000946,0.04020711525688511,2.807524418995352e-05,0.20369041295294346
QAS,237,28652,24514,0.9998402913004194,0.9994968702513158,1.21523022200698e-06,0.00017016959469792468,0.0030828131392453013,0.011020832153274152,True,65535.0,65535.0,1,0.06496805631737619,0.06438721430652894,3.884723238979945e-05,0.2583308860253069
QAS,236,38721,36172,0.9998186423027009,0.9987127396763228,1.0382849251477921e-06,0.00011439519390941688,0.009664096004271282,0.014535470051196432,True,65535.0,65535.0,1,0.11465904164881566,0.11417017783264467,0.0006444957934531226,0.6432680823235511
QAS,238,30831,27176,0.9993897656161036,0.9977542090310645,1.6336613779532883e-06,0.00014287267326060452,0.007273287002505779,0.01575616645874433,True,65535.0,65535.0,1,0.026321243427383442,0.025713397009834046,0.00010889511231867616,0.18323151280529157
QAS,240,26836,23913,0.9996971441980654,0.9981614616308278,1.1220869068351291e-06,0.00014753843619060171,0.005845335150016739,0.011607359196626777,True,65535.0,65535.0,1,0.03052656654021781,0.029744279356295374,4.768736672100698e-05,0.3062533716554145
QAS,239,31637,28209,0.8646403837117821,1.307214292038903,2.6114847656577567e-07,0.0004414906947771319,0.2675934179134871,0.3204500167306067,True,65535.0,65535.0,1,0.0012333392478042788,0.0012388179238744098,0.050045434645487635,0.0054898382331393224
QAS,241,31497,27115,0.9991149255199759,0.9999425694825835,1.9172189580363153e-06,0.00017869509550226474,0.004422477905540432,0.008977740366710155,True,65535.0,65535.0,1,0.0409724093766754,0.04019790957391439,0.00013614566599628422,0.410616993238279
QAS,242,34795,29511,0.9997459687598187,0.9989927839858272,1.454132257494578e-06,0.00018831712303413325,0.0067532470226951136,0.01501592860916585,True,65535.0,65535.0,1,0.033300164511146625,0.032340712240527626,6.833340756647162e-05,0.22870792548098376
QAS,243,30644,26843,0.9985928675199235,0.9989514168345001,9.116158168620547e-07,0.0002038868245047275,0.012774341359318736,0.018355842638622465,True,65535.0,65535.0,1,0.05300416838189942,0.05241531122184153,0.0006461994712482916,0.46070095160334124
QAS,245,26996,20094,0.4341498994050361,1.3798007504012575,1.9047328443488887e-05,0.0011005143345912047,0.1497156235955368,0.31675375848682663,True,65535.0,65535.0,1,-0.1604178146487046,-0.15954514474867887,0.01576462608186035,0.9311614125314301
QAS,244,33803,31351,0.9931472865694497,1.0029887504459674,1.340359395252122e-06,0.0002774218799553596,0.0027227641384779274,0.005654360036766423,True,65535.0,65535.0,1,0.00020065603204785014,7.988024161433677e-05,0.00013414165430875394,0.004764011248758045
QAS,246,30247,27659,0.9988019685278171,0.998706115275723,1.8949194270923009e-06,0.0002868583395947418,0.0026821085925007224,0.005822141108580539,True,65535.0,65535.0,1,0.015463751771429689,0.01598687208979805,0.00018013276095009328,0.15221516928765147
QAS,248,31772,28245,0.9997903538673882,0.9992887522130481,1.729693261898202e-06,0.00021409858648357478,0.0052030578288066115,0.012830844612613168,True,65535.0,65535.0,1,0.2061486722181244,0.21199463004973462,0.00031824043135047196,0.342986859350474
QAS,247,37785,35123,0.9993747378988928,0.9976432011043518,1.2141108299834613e-06,0.00019762805184503,0.0029062265507921255,0.005110596410977661,True,65535.0,65535.0,1,0.001363126559635988,0.0013630627226509917,0.00018715499427663388,0.043954517967922664
QAS,250,30470,28461,0.9986647441728951,0.9995339347330481,1.4253787387064065e-06,0.00020063788189844117,0.0026937755032573714,0.008225887172454966,True,65535.0,65535.0,1,-0.0009258380602316269,-0.0009355620046514589,0.0002290407118505559,0.048557990056030204
QAS,252,38683,28848,0.6702821032882716,1.0069292228405597,4.548928683512088e-06,0.0005129213144479492,0.06018200732915794,0.14300742159370117,True,65535.0,65535.0,1,0.06900350234340467,0.07023590966249092,0.013475593155911656,0.9041256086920373
QAS,251,42299,37562,0.9990389940345903,0.9857286086348689,2.217113150071448e-06,0.0003511613322905362,0.009941849598579262,0.014098320613200235,True,65535.0,65535.0,1,0.0011489375625213544,0.001172978547525397,0.00023784506629128126,0.010598060151202295
QAS,253,32076,25917,0.998960511537096,0.9995060780067964,1.8897870344147805e-06,0.00021893013723064153,0.0013650839466801336,0.004493608023454216,True,65535.0,65535.0,1,0.07963734076675473,0.08103639452367359,0.00030317723277026147,0.3653645630034439
QAS,249,60958,54794,0.9998114550431998,0.9966245422579589,2.5622490953947086e-06,0.0002124523647138678,0.004140372506694148,0.010604713812317057,True,65535.0,65535.0,1,0.22135610947334644,0.2261065733499425,0.0004789929017643438,0.3832486912050341
QAS,254,36828,32133,0.9991970086554419,0.9995952211170692,1.7318559572543357e-06,0.0001678735039126775,0.0012744658965572605,0.004963367739569591,True,65535.0,65535.0,1,0.07155799484650885,0.07316744265347244,0.00032046258849308573,0.6788223187810075
QAS,255,28627,23856,0.9985315192785987,0.9896065413427796,1.7852716759914067e-06,0.00034438989032868546,0.0049189901185693885,0.007702543654228979,True,65535.0,65535.0,1,0.10068646482591799,0.10401331209157491,0.00017672054196237147,0.3945994697040043
QAS,256,31529,29154,0.9988517040099167,0.999910360854362,1.353754871591395e-06,0.0001255262853098821,0.002716086191693756,0.008601566629589002,True,65535.0,65535.0,1,0.07520678498384992,0.07653497254563758,0.00015333849902820227,0.26966812228558723
QAS,258,30631,26401,0.9979556838587869,0.9991681375573597,3.3905925030941475e-06,0.0002753105564302235,0.007264674667905324,0.016312282098768154,True,65535.0,65535.0,1,0.0635577531833618,0.06372683810436963,0.0010239536367474017,0.14233802776979126
QAS,261,26921,22424,0.995889426635827,0.9978099326271423,1.796322863290012e-06,0.000368529778802111,0.005970107987874697,0.017112189455536907,True,65535.0,65535.0,1,0.003933000029190849,0.003861924835264917,0.0003804208682643685,0.0316267177111797
QAS,257,42401,36509,0.9999114325567592,0.9997192055300953,1.159023207381038e-06,0.00019267319526958986,0.004190741677954014,0.008087316122724094,True,65535.0,65535.0,1,0.030825395996566154,0.029774890408583138,4.7741090204943845e-05,0.3455724533795678
QAS,259,34327,30448,0.9982777894777963,0.9988027010848355,1.379147330449193e-06,0.00016667299241624907,0.006556135449224485,0.013984318724258945,True,65535.0,65535.0,1,0.026929635256436598,0.02661114826287098,8.257679435658765e-05,0.2212340153162378
QAS,263,26987,25789,0.9991178206902881,0.9994201555631299,1.1514924195543674e-06,0.00012678739991653894,0.0024404577157819294,0.00852693728814153,True,65535.0,65535.0,1,0.058514586548180626,0.06129159240054869,0.00015028988821159218,0.34632510685566803
QAS,260,51860,46921,0.9956878273620595,0.9850949543054545,2.6801005941212708e-06,0.00018287019092390612,0.03602859087329904,0.052073254075547186,True,65535.0,65535.0,1,0.31889175186716634,0.31889261775107464,0.003138954521002562,0.7243762340693911
QAS,264,28045,24603,0.9984614225457316,0.9992164449447682,1.3479720896991676e-06,0.0002033363588518614,0.00484998848508583,0.010545534566916141,True,65535.0,65535.0,1,0.0020669811664025977,0.0020949764518465933,0.0002170185868201965,0.017681544988988124
QAS,262,38320,33861,0.99918796017612,0.9999714943604707,2.5308646060540063e-06,0.00019047320086800444,0.005217523114400554,0.04266507264160318,True,65535.0,65535.0,1,0.0017486668171410493,0.0017346328468655521,0.00042482167029481675,0.05358013321022052
QAS,265,28667,25536,0.997932874586737,0.9995820679620997,9.424604866525854e-07,0.00020749008853761827,0.005431960800226905,0.040867042923283865,True,65535.0,65535.0,1,0.004791658357714128,0.0047745791079393226,0.00020072148863032533,0.06272557000247342
QAS,266,29760,25453,0.9944595239090017,0.9922475362424987,1.8241946596053715e-06,0.00020966988903141175,0.019147020451384077,0.027964171458818902,True,65535.0,65535.0,1,0.001452669279838315,0.0014590644304635586,0.0008039281844077692,0.007102280557395572
QAS,268,32170,27550,0.9998570204411469,0.9990922644319211,2.039855741264862e-06,0.00027966181383663334,0.01387709276760332,0.022592152699401555,True,65535.0,65535.0,1,0.12383877589176878,0.12218427043926361,0.001383180552198718,0.5855028404868009
QAS,271,27656,23479,0.9964850776702414,0.9982405986246131,1.085135691580863e-06,0.00018397386588276106,0.012607180436197343,0.01857337341680215,True,65535.0,65535.0,1,0.024746162808461435,0.02475961900861842,0.0005589045924829705,0.41398139580647086
QAS,269,30434,29728,0.999680270469866,0.999031338461712,1.1290309472333782e-06,0.0001390150069938878,0.005567236143032415,0.01669509341517684,True,65535.0,65535.0,1,0.019561696011650906,0.019434641561910635,0.00020503005182342989,0.06332961620555363
QAS,267,38363,33952,0.9988560856561906,1.0243928750939018,1.0749997049197546e-06,0.00022312388748887762,0.08740768376394356,0.17301771887996045,True,65535.0,65535.0,1,0.07430318561749774,0.07463279613449961,0.016286223279145855,0.9573931665155073
QAS,270,35089,32565,0.814371604902896,0.9990458727348159,1.7592602380989142e-06,0.00048362178273168903,0.008910001382978022,0.3381342786498027,True,65535.0,65535.0,1,0.027231931686973673,0.027558547713523066,0.00044716849646467635,0.9143705827543609
QAS,272,39083,34903,0.9998735054658855,0.9997914638383718,1.6952024576299962e-06,0.00011278706345989926,0.007461084945554724,0.01597290794015321,True,65535.0,65535.0,1,0.1652601805715206,0.16504237278514955,0.00046778195995067615,0.5977062569728934
QAS,273,34937,31824,0.9962799169303784,0.9780476542020329,1.8006475577814207e-06,0.00023611952399690662,0.042825233693060405,0.04689316028481486,True,65535.0,65535.0,1,0.014395063525848356,0.01451038804811912,0.00024053522815843426,0.028102833621686977
QAS,275,31029,27714,0.9971257517627539,0.9980939246408702,2.536389282492557e-06,0.0001879660311471019,0.02294028620331778,0.029240432943139022,True,65535.0,65535.0,1,0.0007582569302937394,0.0007624086707627506,0.002433962497207679,0.012171580264440846
QAS,274,34980,31204,0.9948226247691514,0.9995119295339723,1.7619345989428048e-06,0.00026095325357724375,0.004426495455307376,0.010230527983153926,True,65535.0,65535.0,1,0.00033550066174832435,0.00034188231557573157,0.0005449613984378975,0.012009604694806462
QAS,277,27022,23333,0.999308726199299,0.9995264007264449,1.2793592126247866e-06,0.0002003669938069516,0.0026718777183805144,0.003996364332421554,True,65535.0,65535.0,1,0.02931495535644029,0.030246837497016975,6.709782128311767e-05,0.23305920979292996
QAS,276,36677,31054,0.9998673794857743,0.9995401827404615,1.2715026720955258e-06,0.00014746299215755206,0.006466557014139742,0.01793267812005354,True,65535.0,65535.0,1,0.08016038966972683,0.07963429309774508,0.00037757814704129043,0.42645061145957974
QAS,278,32765,28856,0.996575992832135,0.9980361575625869,1.723549419352377e-06,0.00021944317577470005,0.004900562664710511,0.011738902448148602,True,65535.0,65535.0,1,0.00026318360463592564,0.00027789546040251907,0.00045412215059057815,0.02813720262937632
QAS,282,28004,22121,0.9992501914088612,0.9996967287856284,1.3961928195804774e-06,0.00021157477084266882,0.0037529592611421922,0.008688020599869164,True,65535.0,65535.0,1,0.13448509278834178,0.13527769865096914,0.0002541925106902088,0.38030162388934613
QAS,279,32229,28400,0.9958938019432816,0.9979650491763626,1.9086631097287032e-06,0.0003263306085768531,0.0029962586910984527,0.004518426644855074,True,65535.0,65535.0,1,-0.00015859682628174645,-0.00021103733195479158,0.00022277074435871918,0.012423296882312152
QAS,280,33807,31504,0.9992365904511256,0.9986162566067922,1.2127612925016962e-06,0.00017566359715023627,0.002867342175481534,0.014359637730412699,True,65535.0,65535.0,1,0.08193190017686545,0.08305855045190949,0.00017505533818506494,0.3433125531129782
QAS,281,42466,41839,0.999492701814041,0.9994271547205356,1.7558889651159149e-06,0.00013639780058751223,0.003210842650065991,0.006287973194408778,True,65535.0,65535.0,1,0.14749828344607602,0.15120384366880607,0.00037803058742809397,0.42843123497681895
QAS,283,42924,29723,0.9996363358013989,0.9991180275625845,1.8302833391103945e-06,0.0002562305832083079,0.001991093497860537,0.004794778368553284,True,65535.0,65535.0,1,0.09625565523632797,0.09660308883153232,0.0003027000552467109,0.3244774996826159
QAS,284,41711,35874,0.9998421653367395,0.9993287693935902,1.343938165504488e-06,0.0001307383426623649,0.006925001063262416,0.024242351197941436,True,65535.0,65535.0,1,0.06775637459474951,0.06780438195037411,0.0003562715882447456,0.17391259242575663
QAS,286,26764,23664,0.9998369034384218,0.9997103429610228,1.170468056505003e-06,0.00012903871140576223,0.005998352802668323,0.013437467191204639,True,65535.0,65535.0,1,0.06442593922774531,0.0639867927155093,0.00011234533173378376,0.34023691066033457
QAS,285,29237,24845,0.9960585639878782,0.990420813518087,3.3356413329799217e-06,0.0005085780093577158,0.0034461394103614215,0.0070953204353061345,True,65535.0,65535.0,1,0.0799101424357538,0.08226137275250148,0.0004434592565476359,0.5268637122203189
QAS,287,30092,26963,0.9997579855579236,0.9998080806083421,1.489802018861397e-06,0.00012853687450634752,0.003762883451219508,0.007812466455043301,True,65535.0,65535.0,1,0.03430515279469411,0.0339099443332499,7.216209604017847e-05,0.45125988762648234
QAS,290,27387,23710,0.9995025021577844,0.9983305171119723,1.6327869282184437e-06,0.0001813343458696743,0.011229510562455637,0.0248213971488694,True,65535.0,65535.0,1,0.14616622239495197,0.14559253893136367,0.0009886062266716697,0.6485326674251262
QAS,289,37690,31137,0.9954268769737272,0.9998589672784338,1.7549831640151226e-06,0.00025949854555142173,0.004270566241712154,0.012289616383190224,True,65535.0,65535.0,1,0.04425528268591126,0.04398035435893512,0.00019247498103938868,0.39415043729498755
QAS,288,37823,34849,0.998859995802731,0.9994254398430651,9.968938654014714e-07,0.0001371970452250281,0.0044036156592118765,0.00893502856020395,True,65535.0,65535.0,1,0.021079200519325644,0.02098548626752469,3.895246155174585e-05,0.3682800381966335
QAS,292,32760,30840,0.9991014206774369,0.9992950960918233,1.040893957582334e-06,0.00013580272217981947,0.005117963712834742,0.014811442150552629,True,65535.0,65535.0,1,0.022872955920699805,0.022772422258199074,8.434118501890415e-05,0.3583197620970051
QAS,293,34484,30175,0.9997975963667539,0.9983561501030108,2.798006452087165e-06,0.0002004302047932115,0.02513957812627511,0.04345217935827694,True,65535.0,65535.0,1,0.4101719876021556,0.4100920462864922,0.0017872726351909505,0.6836088679006486
QAS,291,43541,41658,0.9992486600421372,0.9994884707225352,1.2956808444486434e-06,0.0001340809733141267,0.00530522841323711,0.016614708529091467,True,65535.0,65535.0,1,0.003270483545340353,0.0032615869568104958,0.00011685206004535812,0.03801202454203157
QAS,294,28842,21726,0.999571152853892,0.9995145719890266,9.209154772094053e-07,0.00018893569441842174,0.009157868915142493,0.018374088390807754,True,65535.0,65535.0,1,0.050923056891678586,0.049535085282690704,0.0002632156617191512,0.4073237767635529
QAS,295,28874,22858,0.972855134437798,1.0048345888084016,1.963880115529726e-06,0.0002515481438419908,0.02661345972887326,0.2064533921934857,True,65535.0,65535.0,1,0.0010078040706932958,0.0010146098772069831,0.0004592947749921019,0.017669755814155943
QAS,296,34545,29126,0.9996238972509862,1.0008397754497134,1.1822870991662349e-06,0.00020952473433558693,0.009042688885162423,0.021799123302194384,True,65535.0,65535.0,1,0.05711652694831492,0.05645199080936704,0.00043095351064239163,0.4629050401226584
QAS,298,37042,32335,0.9998766724448166,0.9994667333581853,1.4096682647846137e-06,0.00014713717414604793,0.005374715813663942,0.011889104430967582,True,65535.0,65535.0,1,0.0028575314033152375,0.0028251739056423097,0.00013078228702628698,0.01990862645252924
QAS,300,27240,24045,0.997843341734414,0.9958585760875129,1.7642210669022163e-06,0.00033428773175942053,0.0036548091676842395,0.007021276742755759,True,65535.0,65535.0,1,0.08143119211976703,0.08547255082130555,0.00023314688264570326,0.3050199838251339
QAS,299,36513,33495,0.9998201286366398,0.9994204522955559,1.4938901216621225e-06,0.00017699879407591775,0.00593431011338063,0.023998399461527015,True,65535.0,65535.0,1,0.15001618509512454,0.1525319072983786,0.00027201624809996357,0.29698077392795486
QAS,301,37848,35136,0.956758586729754,0.9987130083209803,2.036398229821046e-06,0.0003058732575489638,0.010373092727184022,0.25788718436650176,True,65535.0,65535.0,1,0.0816254158612629,0.08197861601577681,0.0001355840961166683,0.8322586133356843
QAS,302,34079,29756,0.9998446791031056,0.9992831312088915,1.0579734307236688e-06,0.00014585032517250513,0.008470162971096474,0.015169296982041332,True,65535.0,65535.0,1,0.09235172254293357,0.09182694675398606,0.00038154269184680154,0.5357816229742942
QAS,303,27595,24478,0.9976361202859192,0.9991786546421431,5.209024213692626e-06,0.0003427937657518992,0.0043661468358446014,0.012581477473314605,True,65535.0,65535.0,1,0.0003339684295766194,0.000351671876636123,0.000675738487767049,0.013944188152756862
QAS,297,75754,67963,0.9994075198230918,0.9961104545364184,3.5313121781177514e-06,0.00018921243571049404,0.018421672212794,0.026345109171725754,True,65535.0,65535.0,1,0.00022851724927090174,0.0002334929253961108,0.0003387369554972618,0.003295881173348344
QAS,304,29983,27391,0.9993844072320722,0.9993760064409258,1.84566629179983e-06,0.00025906691455570077,0.005348567048448915,0.013604743063019642,True,65535.0,65535.0,1,0.0017055565772596565,0.0015573991543962919,0.00026063196871217443,0.021796337241702417
QAS,307,27812,24930,0.9933987787963431,0.9980378763986237,1.9820071741616374e-06,0.0002554582002499765,0.0025738546531276158,0.007943376608648233,True,65535.0,65535.0,1,0.021559335452416308,0.02211267993212369,0.0004060039189770288,0.476324839324551
QAS,306,38678,35820,0.9906981252242174,0.9842430321289762,2.5038287728151865e-06,0.00046030872426620776,0.020433624680716432,0.027895534932742164,True,65535.0,65535.0,1,0.14591903298829662,0.14965571865762373,0.00034361292357947633,0.41821460145828065
QAS,308,31991,28078,0.9986116324946424,0.9981857087330868,1.3615078134354697e-06,0.0001719040013610361,0.006986985614500601,0.019765728934749257,True,65535.0,65535.0,1,0.013188584709160952,0.012791367637641762,0.00022888692362127257,0.17451023247727693
QAS,310,28750,25027,0.9989311385315245,0.9996545087003734,2.2794147175320134e-06,0.00019596237975447745,0.005509339976859441,0.08291005593710153,True,65535.0,65535.0,1,0.0024765469076047614,0.002445497104443305,0.0005873794882454539,0.04797145533254774
QAS,309,32965,29955,0.9977956298294504,0.9989450373717821,2.0952106320193398e-06,0.0002744564455312233,0.005408593567179307,0.010694358008995349,True,65535.0,65535.0,1,0.09940949041284715,0.10172749651548253,0.0002999785699969501,0.29713380534939454
QAS,305,70348,63781,0.9998600894530201,0.9983297375007106,1.3414146373680325e-06,0.00015424773239608116,0.0030001585181688487,0.006247199163259909,True,65535.0,65535.0,1,0.14644931960156526,0.14902850584163496,0.000270523861246678,0.3260149390416501
QAS,313,29280,26430,0.9994877113870304,0.9958659989677874,1.4153824777207724e-06,0.00017441617865278752,0.020587278559205283,0.03837964454612752,True,65535.0,65535.0,1,0.24213834394192296,0.24190788123020768,0.0011083231048951586,0.7158894929308034
QAS,312,30938,27891,0.9958643840690498,0.9987160309835543,2.420920257928394e-06,0.0003280988928761127,0.004451511201850672,0.009859548981555723,True,65535.0,65535.0,1,0.006059644307038389,0.0061370236619144305,0.00043204473328611014,0.04265939578522632
QAS,311,47356,42624,0.9898153640443355,0.99949386060548,2.3906906918558235e-06,0.00027297678480825644,0.008881759180498487,0.16973858017655727,True,65535.0,65535.0,1,0.00036049161930969093,0.00037030175432084983,0.0003464728960295068,0.013743383885237246
QAS,314,36102,32245,0.9998523361435933,0.9995638440330792,1.3464968430798585e-06,0.00013726354206855618,0.002109719857050851,0.004017968871015507,True,65535.0,65535.0,1,0.09646766805368334,0.09784923501937627,0.000196224540430286,0.3528278030709895
QAS,315,36515,33326,0.9997215715565985,0.9995661034000818,1.4304949314536408e-06,0.00016021946260570967,0.006123746777193457,0.014849383962821837,True,65535.0,65535.0,1,0.002197323857920428,0.0021924361064836148,0.0002628205025313646,0.04197525627789531
QAS,316,33953,29999,0.999719223646822,0.9983784173439149,1.50874300941517e-06,0.00019439021255332963,0.008325227444696659,0.016054204783612816,True,65535.0,65535.0,1,0.011734976697279772,0.011487102370922684,0.0002133217847394341,0.03273238099955399
QAS,319,30777,24964,0.999546591363616,0.9995755192087306,1.2943643672436167e-06,0.00020270216623449402,0.002962814061200139,0.007992768771001559,True,65535.0,65535.0,1,0.10966192962790884,0.11180334411088028,0.00023820835878000726,0.32215608393957024
QAS,318,31967,29315,0.9901980047320483,0.9991602027420341,9.873935374327125e-07,0.00017253912245984729,0.007191671742094413,0.19079882024213962,True,65535.0,65535.0,1,0.020614838484981062,0.020712926338019542,7.403253453803406e-05,0.8688503770180573
QAS,317,35878,32688,0.9994099939992032,0.9968369359372389,1.3992224810188691e-06,0.00019406553207030542,0.012470926888512623,0.021803103299461925,True,65535.0,65535.0,1,0.04482082607387904,0.04440667307161128,0.0005015987142471007,0.2721461677003242
QAS,320,29622,26001,0.9987662999102251,0.9960601093233504,2.514792718177894e-06,0.0001710649263364966,0.025622834880455136,0.029374899936596408,True,65535.0,65535.0,1,0.04142330653423499,0.041339096284168736,0.0016820184531909676,0.0661357428227064
QAS,321,31603,26938,0.9956278373340559,0.9995783931084758,1.945150425008979e-06,0.0002682858359876716,0.002863286563428902,0.008076503701237808,True,65535.0,65535.0,1,0.0008036199033716544,0.0007196637552582892,0.0005788288486966354,0.030315413178254837
QAS,322,27374,24296,0.9998237313902011,0.9997449207981437,1.6147588535464497e-06,0.00017131446621313978,0.005969219868856724,0.013412889113626519,True,65535.0,65535.0,1,0.0023379550390507067,0.0023175362957111455,0.00023035624179831992,0.055636745903685086
QAS,324,32228,28501,0.9995470045765515,0.9994841893132158,1.796522637598219e-06,0.00015751256800139657,0.005935417157555567,0.01634224047415155,True,65535.0,65535.0,1,0.04729960621280032,0.04698245475783821,0.00025659265925595824,0.29756372979533396
QAS,325,32644,28430,0.9988399007498225,0.9995815507378573,1.4496963309795774e-06,0.0001616835449136166,0.002390865161953661,0.004851566541124635,True,65535.0,65535.0,1,0.00043293858316824493,0.000424911889816426,0.0001997484107489385,0.05487052477398992
QAS,323,38027,30350,0.9992483806731665,0.9998806366942274,1.7159555101842194e-06,0.00019545856385798135,0.0014647671739153184,0.013682171377979136,True,65535.0,65535.0,1,0.06118256547292477,0.06034483124856791,0.00011436827144014494,0.4082839642840984
QAS,326,33215,30055,0.9993686007982401,0.9941967298870955,1.5261924673493077e-06,0.00015440427551744222,0.02032216047526409,0.02866549115525844,True,65535.0,65535.0,1,0.19955505326226336,0.20306319609999235,0.0004556142189881235,0.44840886205224906
QAS,327,36099,33063,0.9996578671457846,0.9940481099393847,1.5948462895876148e-06,0.00026386512088824,0.00920330216938171,0.015008133587414162,True,65535.0,65535.0,1,0.14244074529130876,0.14447085380056948,0.000216304979129562,0.3292034413641524
QAS,328,38531,32986,0.9996558717256911,0.9950467885851899,2.2096650554026542e-06,0.00031471633344752956,0.015150824754556926,0.020805129476583733,True,65535.0,65535.0,1,0.05503687626241612,0.05622197141660909,0.0006799663831976536,0.04733430930086021
QAS,332,28302,24650,0.9995953908810256,0.9973746557666414,1.2414259111248604e-06,0.00018989764049823574,0.016718246889727714,0.03713927197393997,True,65535.0,65535.0,1,0.004619482510614382,0.0046240625894847075,0.0009260489939609108,0.008513713014489397
QAS,329,40403,35673,0.9967767445907679,0.998677585779633,1.7949398228300772e-06,0.00023781854708028775,0.002795815614040766,0.0052832273445159545,True,65535.0,65535.0,1,0.006928612131043498,0.00693360209842806,0.0005934884554104356,0.11664183101363539
QAS,330,40018,35454,0.9992977409083196,0.9990193210886033,1.7693105813787469e-06,0.00019352056223848277,0.004279085599973429,0.009467896673231578,True,65535.0,65535.0,1,0.17436412299883397,0.17876276364605798,0.00047815487339637064,0.3287467526836614
QAS,333,39196,36488,0.9999203511796726,0.9989814649989583,9.82545824645964e-07,0.00014265681659338542,0.0053528480245857634,0.012651824693586335,True,65535.0,65535.0,1,0.0566372366276262,0.05605676523123494,6.138658435782859e-05,0.24109285077412457
QAS,331,55793,48771,0.999431543034578,0.9959444189170236,1.9508934841483416e-06,0.0002670345334838964,0.00451893211736136,0.006960069336430326,True,65535.0,65535.0,1,0.01095277091704691,0.011236232417710127,0.00031361400905802406,0.03970376639542246
QAS,337,15968,15968,0.9991355783834557,0.9969695004534078,2.2827063415886695e-06,0.00036980985906399303,0.012048837730703713,0.06679904306695598,True,65535.0,65535.0,1,0.02908178685835344,0.02901784527999297,0.0003527288852638689,0.08921523610093322
QAS,336,36661,30319,0.9997629202057609,0.9997245834991292,1.76881576841037e-06,0.00012597387908473787,0.0014758182960191565,0.007837929462661987,True,65535.0,65535.0,1,0.17205880365370158,0.17514019448845408,0.0004985810397694698,0.3357889861331795
QAS,335,38519,38519,0.9995341868706759,0.993133108330621,3.958485730065631e-06,0.0001682525673117042,0.0345200726233222,0.04312882540484175,True,65535.0,65535.0,1,0.36879881286784205,0.36893039917683124,0.0016199873098382003,0.6330452494555479
QAS,339,31320,31320,0.9998061660512169,0.9986564934801582,2.2521997112834313e-06,0.0001462041158250245,0.0020394631313855856,0.006163604516604103,True,65535.0,65535.0,1,0.1339579049332193,0.13657913154089613,0.00029159695785898975,0.5075315837497135
QAS,338,43259,43259,0.9994642600922887,0.9992107907942912,2.428544227051077e-06,0.00015451097595690116,0.01338860440110727,0.04849045414393103,True,65535.0,65535.0,1,0.3105123143012876,0.3119275240767297,0.0014033675533327967,0.36670614659435846
QAS,341,27484,27484,0.999642504148265,0.9971607814854718,2.5455696457399313e-06,0.00022175254067466224,0.019959228368372727,0.040845088950750834,True,65535.0,65535.0,1,0.5180710620784973,0.5170702758163035,0.0011105853478592601,0.4783306632889553
QAS,343,28565,24177,0.9950921453551737,0.9977377199069639,1.4950581727901646e-06,0.00017282556521265547,0.003777426158833735,0.06003755962371861,True,65535.0,65535.0,1,0.10260198998230162,0.10446267648152449,0.000354721515051714,0.7935535372346543
QAS,334,106621,94161,0.9988299379193407,0.9975126395205304,1.8320167544105814e-06,0.0002209718720607439,0.004207188938333214,0.006660470183576802,True,65535.0,65535.0,1,0.165256227669497,0.16704122983030628,0.00032331182006478394,0.3706779087558097
QAS,345,40006,34881,0.9991516241910471,0.9987220131086757,1.588212591607796e-06,0.00017347344965704193,0.005259419032153014,0.008570966226374025,True,65535.0,65535.0,1,0.20382793859907125,0.21070270849522704,0.0003353074595114142,0.34732878388147365
QAS,342,62897,62897,0.9997507296358459,0.9993857402718849,3.6210222690846727e-06,0.00016018350929982353,0.003433371969619741,0.0248382451683403,True,65535.0,65535.0,1,0.18899425378697424,0.1920114623281151,0.0004896343519780988,0.32926361874424076
QAS,346,31367,23449,0.9971449936956174,0.998532338108948,1.9550931811274097e-06,0.00027691380943238803,0.003718833169585549,0.006612639779246104,True,65535.0,65535.0,1,0.038324112379850006,0.03889597417115489,0.0002895954045563689,0.1272987819154209
QAS,344,64361,64361,0.999815167324378,0.999857983019607,2.324301062894829e-06,5.148294868274173e-05,0.0035380880426650004,0.007856554389952326,True,65535.0,65535.0,1,0.14644509701524755,0.14686586596301113,0.0003833269729850393,0.5808593071007723
QAS,350,24122,24122,0.9993270463426048,0.9775690703999397,2.9680458453751335e-06,0.000260831244766624,0.043907533550304786,0.05010361293221925,True,65535.0,65535.0,1,0.02792168349724997,0.02980505906677335,0.0010695216295645085,0.6625305594894167
QAS,340,116641,116641,0.9995367726462194,0.9862995551679408,6.908924055692989e-06,0.00019184580940785682,0.0422859362448951,0.05505607445130921,True,65535.0,65535.0,1,0.23736419280835405,0.237552183628489,0.0015364445704742302,0.6653875921161618
QAS,348,43178,39947,0.9998298567001224,0.9978719591720414,1.4370198753721475e-06,0.00016368394196394223,0.018596833602067545,0.03975341461022606,True,65535.0,65535.0,1,0.09894095922341146,0.09943748522177268,0.0019095805771303586,0.11337244353010381
QAS,351,30342,30342,0.9999309550742653,0.9996116633284671,3.8130576887063228e-06,0.00015061097140075147,0.0048672228266872794,0.018463919714114894,True,65535.0,65535.0,1,0.13615668956955104,0.1352496610012518,0.0004696799921084042,0.43846598520647573
QAS,349,56379,56379,0.9996536090100911,0.9797977444722383,6.071843646981989e-06,0.0002771829078876413,0.045533773128001165,0.07651631000371271,True,65535.0,65535.0,1,0.1678841988251842,0.16850762318359294,0.0095004585478966,0.6451472238653054
QAS,353,31483,27976,0.9977736571949921,0.998677819455607,1.2098611791577785e-06,0.00018595455969294043,0.004276251584952382,0.042691131774019266,True,65535.0,65535.0,1,-7.308783314450198e-05,-7.491200956648036e-05,0.0004141073914427002,0.037659396797793926
QAS,354,39448,35658,0.9983684741422331,0.9957722830974765,1.2741125322568436e-06,0.0002297365041695686,0.003665913821968121,0.008028963840799533,True,65535.0,65535.0,1,0.007048522967141127,0.007191987931885853,0.0001686916040430024,0.04112099690235918
QAS,356,19622,19622,0.9998418958536179,0.9995619073151213,2.9182782633196958e-06,0.00010369685080368898,0.006187423858671475,0.011544634858916887,True,65535.0,65535.0,1,0.31791690887331125,0.3177419353443751,0.0005801585076719198,0.7608189946872415
QAS,355,33458,31069,0.9991510183683933,0.9939556038666906,1.8919210483248072e-06,0.00027953956933764656,0.0024032529260113807,0.004347867472206661,True,65535.0,65535.0,1,0.059446986125736415,0.06192378642981583,0.0002031145398766321,0.3077320412818062
QAS,352,60421,60368,0.9996488496885604,0.9763200075506699,2.7166660183236546e-06,0.0002100109816912909,0.04010003426589461,0.057416003988331535,True,65535.0,65535.0,1,0.07481269904644033,0.0763008440315305,0.0006324578428858764,0.26817633319140993
QAS,347,116330,116305,0.9809664157759995,0.9937935709257565,4.713818127888292e-06,0.000128093277849014,0.03683745680742367,0.07375659523179155,True,65535.0,65535.0,1,0.4937631093143415,0.4931006072390183,0.0033195764497293443,0.8590493895858743
QAS,359,29246,29246,0.9995391369377531,0.9988922480187081,4.099760441078626e-06,0.00017347950437404924,0.008094514121081321,0.015337680508097761,True,65535.0,65535.0,1,0.4524384904176278,0.45326818455064405,0.0012098700872099641,0.44615206132027835
QAS,360,34809,31436,0.9976864712431588,0.9997253508417763,1.3497197414169548e-06,0.0002386235492791251,0.003357627252393501,0.042622839356145956,True,65535.0,65535.0,1,0.0013687338761076402,0.0013713443157274995,0.00020549306009418698,0.14331177836722805
QAS,361,27547,25393,0.9949504767543871,0.9936811938124893,1.333812359088915e-06,0.0003720435344081206,0.00377525868164488,0.1391216523987308,True,65535.0,65535.0,1,0.04412132655513232,0.045004691734223674,0.00022604268387452017,0.47258258489480526
QAS,362,31041,27785,0.9993695405121537,0.9957309346196463,1.1822072206735257e-06,0.00017984947241010094,0.002869823492304824,0.006423825020575149,True,65535.0,65535.0,1,0.08917313597465269,0.09196509059913856,0.0001458673395829731,0.3678517158009797
QAS,357,61877,61877,0.9991888611543284,0.9988746977758433,3.160477101638026e-06,0.00023862730788483052,0.003415719445513613,0.06445398735127593,True,65535.0,65535.0,1,0.13693800080703233,0.14252680980813554,0.0005733335788924318,0.5855267433784611
QAS,365,16556,16556,0.999253434645798,0.9998744336727243,1.900415043776249e-06,0.0002596005884668147,0.01730758083182461,0.06814904337569912,True,65535.0,65535.0,1,0.11047077497180109,0.11042892470664645,0.00046920538521597673,0.5169964884254421
QAS,364,27782,25049,0.9986195852668146,0.9977262601437389,1.5775065058121207e-06,0.00026909872550213575,0.002168569675128746,0.00499403963811659,True,65535.0,65535.0,1,0.01215332761014653,0.012520622124139165,0.00022472799737120028,0.13345205329064985
QAS,367,13423,13423,0.9995417943585694,0.9990601745168006,2.7699095294098086e-06,0.0004224341246009219,0.004596612975800211,0.07565307638075576,True,65535.0,65535.0,1,0.021095018577133553,0.021104668428152177,0.0006763912761589575,0.07396884886099156
QAS,358,66559,66558,0.9993192463751517,0.9990601045822676,3.346600042808401e-06,0.00021688501891463873,0.00392517648978883,0.13974485398527242,True,65535.0,65535.0,1,0.003319338073774742,0.003389300186004682,0.0011065327669895419,0.029765161291442164
QAS,363,36247,36247,0.9986854091879738,1.0273779730714425,4.62960253738709e-06,0.00020558904402039228,0.04349030081896422,0.04641715704372293,True,65535.0,65535.0,1,0.7184471202477528,0.7196241574385487,0.0004645338902374933,0.07037649271689478
QAS,366,38328,33808,0.9992759397620605,0.997785523879821,1.6988375927118327e-06,0.00014622260927043876,0.005063916836095826,0.00838227656974049,True,65535.0,65535.0,1,0.00613476977620655,0.0061321556167679685,0.00017436838073053612,0.04811397297528471
QAS,369,18729,18608,0.9998354676871839,0.9993376224655162,2.289887212431063e-06,0.00017169855385522944,0.021036279153490677,0.07702720374229179,True,65535.0,65535.0,1,0.21836084236004275,0.21666448754109552,0.0019427588111971426,0.02288590689648955
QAS,370,20456,20456,0.9990808569745062,0.9977670119677005,2.517017203218508e-06,0.0002537422353527806,0.0036643250300027594,0.00944791287653638,True,65535.0,65535.0,1,0.014416402002897417,0.01488224190586778,0.0003523986134780656,0.11069371820892472
QAS,373,7548,7548,0.9989969554219646,0.999483597297822,2.546804506453615e-06,0.00022798421799429173,0.0074962964048817995,0.024907207828634634,True,65535.0,65535.0,1,0.14409431115626165,0.14391678714610498,0.00022372979132208095,0.5741042128873456
QAS,368,50979,50979,0.9995627785139382,0.9925731616846113,3.2384926602624375e-06,0.00010203075080629846,0.024707841290059793,0.04652069141953757,True,65535.0,65535.0,1,0.38512420917692197,0.38481241462124777,0.0010311880332359773,0.6305086163068073
QAS,376,20744,20744,0.9992736340885866,0.9895920053013108,2.8315238557174993e-06,0.0002918545547767379,0.02904044196707358,0.03609383445454268,True,65535.0,65535.0,1,0.1126474198167574,0.11776921781923762,0.0010238596260430692,0.640159965395259
QAS,374,24991,24991,0.9998015938842391,0.9989405459886516,2.06635259200616e-06,0.0001665278538215275,0.00570232854829692,0.01535647142551468,True,65535.0,65535.0,1,0.08465706182675016,0.08638317121791264,0.0003949149791473434,0.17399289146032904
QAS,377,10980,10980,0.9926112794609895,0.999566171713612,3.5749200278933913e-06,0.0005751809835899713,0.006942175044975719,0.06276243063734328,True,65535.0,65535.0,1,0.004560833484552469,0.004589642786839905,0.0017151099640104696,0.03888731276486289
QAS,372,48882,48882,0.9979846594042175,0.9995642926260989,3.4450197967661467e-06,0.00023654051614789226,0.0030609923522332623,0.05653495229732686,True,65535.0,65535.0,1,0.3003848734981868,0.31156297819745987,0.0010699738957425996,0.4057642089609432
QAS,371,58300,58300,0.997151679368863,0.9919221505228688,2.852660574148569e-06,0.00016189064388011314,0.020881363161643074,0.059873042943787036,True,65535.0,65535.0,1,0.02900721496923659,0.029017460720356845,0.0002713352227906449,0.045796698202608364
QAS,379,20621,20621,0.9993140991022276,0.9983874801010553,3.025870579542733e-06,0.00023225691082455526,0.0062156260712970535,0.04210605845441083,True,65535.0,65535.0,1,0.21420108449166095,0.21961863666444364,0.0004547843861605322,0.5272358934992663
QAS,378,22755,22755,0.9988982443083732,0.9997654580081246,3.623908736649639e-06,6.784405302969509e-05,0.0018742270063777506,0.0044840279985487504,True,65535.0,65535.0,1,0.281065624165113,0.2810217865869789,0.0004286050918571994,0.6048727211936424
QAS,380,15391,15391,0.9994613548280948,1.0000495703823995,2.3040128790952075e-06,0.0002659839530469942,0.004680788457608367,0.021285038606871323,True,65535.0,65535.0,1,0.0014196222942168607,0.0015533692320599858,0.0002956374057086969,0.01874713708541042
QAS,375,56253,51090,0.9997130375178757,0.9995034599061259,1.598058354812526e-06,0.00019415113003950896,0.0028738320396454993,0.008676098929956468,True,65535.0,65535.0,1,0.03540157219314318,0.0360113428514779,0.00029695562473763815,0.07205652203796699
QAS,381,21354,21354,0.9981797582057639,0.9972312419637284,3.2873310603642736e-06,0.00013281287241434948,0.013799473592475998,0.020141316229367462,True,65535.0,65535.0,1,0.020114566103168256,0.02021213116014538,0.0012612031517304665,0.02556942858041563
QAS,382,19120,19120,0.9966529857387738,0.991327900235416,6.3211943014396255e-06,0.0006761007369735488,0.011288170001164086,0.015572467701607771,True,65535.0,65535.0,1,0.11506482926094332,0.12046340113108092,0.0009639011402712429,0.4585510657971544
QAS,387,29268,23470,0.9995227887174757,0.9987844488790134,1.74688564297254e-06,0.0002536960465554172,0.00423745206411015,0.00834035050321957,True,65535.0,65535.0,1,0.16332089192937033,0.16854500061762018,0.0005500188699659207,0.3534663064153322
QAS,383,67561,67561,0.9998085757133767,0.9998852909858768,2.4487225237790344e-06,7.461630735085828e-05,0.004925350654478204,0.015822238526973714,True,65535.0,65535.0,1,0.193664359431288,0.1942874774792744,0.000814778935269095,0.8059177964440628
QAS,384,66384,66384,0.9994272589595625,1.0004847244313204,1.0950499207046382e-05,0.00016267209637272354,0.011059534458345862,0.09329663807999236,True,65535.0,65535.0,1,0.0239600934603666,0.018653430144639393,0.002240257688407072,0.015309808188043712
QAS,386,72191,63784,0.9996173862964177,0.999472280103811,2.2885889012780325e-06,0.0001506191910316435,0.0027748982442145622,0.008442272830696028,True,65535.0,65535.0,1,0.015462788584710901,0.015185556595786274,0.0005701363851332843,0.060393615226538605
QAS,388,64738,64738,0.9998709543831112,0.9998415783626288,6.726317180683061e-06,0.00018753386593945646,0.019988064529525514,0.0454822115778558,True,65535.0,65535.0,1,0.3050258012182923,0.3063965444632201,0.0011245602696513665,0.5877532128338777
QAS,391,16259,16259,0.9995528784017373,0.9993341913292596,1.0118387658575312e-06,0.00023892182857845068,0.0013440161895855146,0.0460961216350503,True,65535.0,65535.0,1,0.26233535261493984,0.2644402004090152,0.00016969841909598307,0.3176400092858337
QAS,390,26253,24610,0.9998540530499795,0.9983769894269787,1.3778739306191667e-06,0.0001632865342142993,0.006807073211998108,0.018524615454284684,True,65535.0,65535.0,1,0.21797555275840524,0.2231639359581568,0.0003564117743035001,0.34887261097850886
QAS,392,23309,23309,0.9995306679063046,0.9998152632983455,3.7509009177399966e-06,0.00014126814572754397,0.001662425147126158,0.009457608084603617,True,65535.0,65535.0,1,0.0743945110219931,0.07553298699603397,0.00032633803066412333,0.42326200453430696
QAS,385,104623,104623,0.999947065096054,0.9997510294285613,4.377896549778715e-06,0.00014057208577110386,0.01205642694117102,0.020023733561524218,True,65535.0,65535.0,1,0.3951227878382846,0.39493646636026025,0.0016805815558069862,0.8680058998460365
QAS,389,183585,183450,0.9996417546863372,0.993850732947299,3.6575277985728682e-06,0.00024766450054015797,0.029152352191415185,0.07006152980545118,True,65535.0,65535.0,1,0.24023823292293048,0.24481137220414007,0.0009161637102279893,0.4350042130308411
