brand,vehicle,rows,rows_used,vin1_rows_match,leading,vin1,dU_rowcorr_median,dU_regen_rowcorr_median,dU_regen_abs_error_median,dU_abs_median,extra
DTI,0,74,74,True,"{""vin_2 col 0"": {""best"": ""temperature"", ""r2"": 0.20769, ""joint_modepi_current_soc_r2"": 0.12083, ""median_abs_diff_to_modepi"": 3650.0}, ""vin_2 col 1"": {""best"": ""cell min"", ""r2"": 0.93186, ""joint_modepi_current_soc_r2"": 0.95203, ""median_abs_diff_to_modepi"": 8.06}, ""vin_3 col 0"": {""best"": ""cell SOC mean"", ""r2"": 0.31231, ""joint_modepi_current_soc_r2"": 0.01529, ""median_abs_diff_to_modepi"": 2350.0}, ""vin_3 col 1"": {""best"": ""cell SOC mean"", ""r2"": 0.41243, ""joint_modepi_current_soc_r2"": 0.06605, ""median_abs_diff_to_modepi"": 2390.0}}","{""0"": {""best"": ""temperature"", ""r2"": 1.0, ""constant_value"": null, ""nondecreasing_share"": 0.904}, ""1"": {""best"": ""pack SOC"", ""r2"": 1.0, ""constant_value"": null, ""nondecreasing_share"": 0.767}, ""2"": {""best"": ""current"", ""r2"": 0.49415, ""constant_value"": null, ""nondecreasing_share"": 0.904, ""share_at_minimum_while_charging"": null, ""share_at_minimum_overall"": 0.878, ""r2_with_abs_current"": 0.4947}, ""3"": {""best"": ""current"", ""r2"": 0.92528, ""constant_value"": null, ""nondecreasing_share"": 0.808, ""share_at_minimum_while_charging"": null, ""share_at_minimum_overall"": 0.014, ""r2_with_abs_current"": 0.9254}, ""4"": {""best"": ""current"", ""r2"": 1.0, ""constant_value"": null, ""nondecreasing_share"": 0.795}, ""5"": {""best"": ""volt_modepi"", ""r2"": 1.0, ""constant_value"": null, ""nondecreasing_share"": 0.616}, ""6"": {""best"": ""vin_3 col 0 (next row)"", ""r2"": 0.99969, ""constant_value"": null, ""nondecreasing_share"": 0.712}}",nan,nan,0.09999999999999964,0.09999999999999964,"{""nondecreasing_share"": 0.904, ""distinct"": 10, ""integers"": true, ""max"": 1021.0, ""zero_share_rest"": 1.0, ""zero_share_discharging"": 0.556, ""zero_share_charging"": null, ""best"": [[""vin_1 col 2"", 1.0], [""vin_3 current_A"", 0.703], [""vin_2 current_A"", 0.703]]}"
DTI,4,70,70,True,"{""vin_2 col 0"": {""best"": ""pack SOC"", ""r2"": 0.15751, ""joint_modepi_current_soc_r2"": 0.38951, ""median_abs_diff_to_modepi"": 3647.0}, ""vin_2 col 1"": {""best"": ""volt_modepi"", ""r2"": 0.98705, ""joint_modepi_current_soc_r2"": 0.99402, ""median_abs_diff_to_modepi"": 7.125}, ""vin_3 col 0"": {""best"": ""cell SOC mean"", ""r2"": 0.33837, ""joint_modepi_current_soc_r2"": 0.03351, ""median_abs_diff_to_modepi"": 2346.0}, ""vin_3 col 1"": {""best"": ""cell SOC mean"", ""r2"": 0.45458, ""joint_modepi_current_soc_r2"": 0.11576, ""median_abs_diff_to_modepi"": 2362.0}}","{""0"": {""best"": ""temperature"", ""r2"": 1.0, ""constant_value"": null, ""nondecreasing_share"": 0.899}, ""1"": {""best"": ""pack SOC"", ""r2"": 1.0, ""constant_value"": null, ""nondecreasing_share"": 0.855}, ""2"": {""best"": ""cell min"", ""r2"": 0.51806, ""constant_value"": null, ""nondecreasing_share"": 0.884, ""share_at_minimum_while_charging"": 0.0, ""share_at_minimum_overall"": 0.814, ""r2_with_abs_current"": 0.6994}, ""3"": {""best"": ""current"", ""r2"": 0.97129, ""constant_value"": null, ""nondecreasing_share"": 0.797}, ""4"": {""best"": ""current"", ""r2"": 1.0, ""constant_value"": null, ""nondecreasing_share"": 0.768}, ""5"": {""best"": ""volt_modepi"", ""r2"": 1.0, ""constant_value"": null, ""nondecreasing_share"": 0.783}, ""6"": {""best"": ""vin_3 col 0 (next row)"", ""r2"": 0.99974, ""constant_value"": null, ""nondecreasing_share"": 0.87}}",nan,nan,0.09999999999999964,0.09999609999999964,"{""nondecreasing_share"": 0.884, ""distinct"": 14, ""integers"": true, ""max"": 1090.0, ""zero_share_rest"": 1.0, ""zero_share_discharging"": 0.0, ""zero_share_charging"": 0.0, ""best"": [[""vin_1 col 2"", 1.0], [""vin_2 pack_state_b"", 0.706], [""volt_modepi"", 0.696]]}"
DTI,5,60,60,True,"{""vin_2 col 0"": {""best"": ""temperature"", ""r2"": 0.38234, ""joint_modepi_current_soc_r2"": 0.36695, ""median_abs_diff_to_modepi"": 3634.0}, ""vin_2 col 1"": {""best"": ""cell min"", ""r2"": 0.98825, ""joint_modepi_current_soc_r2"": 0.99028, ""median_abs_diff_to_modepi"": 35.27}, ""vin_3 col 0"": {""best"": ""cell SOC mean"", ""r2"": 0.32113, ""joint_modepi_current_soc_r2"": 0.17608, ""median_abs_diff_to_modepi"": 2340.0}, ""vin_3 col 1"": {""best"": ""cell SOC mean"", ""r2"": 0.39311, ""joint_modepi_current_soc_r2"": 0.1971, ""median_abs_diff_to_modepi"": 2342.0}}","{""0"": {""best"": ""temperature"", ""r2"": 1.0, ""constant_value"": null, ""nondecreasing_share"": 0.932}, ""1"": {""best"": ""pack SOC"", ""r2"": 1.0, ""constant_value"": null, ""nondecreasing_share"": 0.644}, ""2"": {""best"": ""cell min"", ""r2"": 0.67008, ""constant_value"": null, ""nondecreasing_share"": 0.729, ""share_at_minimum_while_charging"": 0.0, ""share_at_minimum_overall"": 0.633, ""r2_with_abs_current"": 0.4937}, ""3"": {""best"": ""current"", ""r2"": 0.86392, ""constant_value"": null, ""nondecreasing_share"": 0.695, ""share_at_minimum_while_charging"": 0.0, ""share_at_minimum_overall"": 0.017, ""r2_with_abs_current"": 0.0112}, ""4"": {""best"": ""current"", ""r2"": 1.0, ""constant_value"": null, ""nondecreasing_share"": 0.746}, ""5"": {""best"": ""volt_modepi"", ""r2"": 1.0, ""constant_value"": null, ""nondecreasing_share"": 0.678}, ""6"": {""best"": ""vin_3 col 0 (next row)"", ""r2"": 0.99975, ""constant_value"": null, ""nondecreasing_share"": 0.729}}",nan,nan,nan,0.09999999999999964,"{""nondecreasing_share"": 0.729, ""distinct"": 22, ""integers"": true, ""max"": 1235.0, ""zero_share_rest"": 1.0, ""zero_share_discharging"": 0.091, ""zero_share_charging"": 0.0, ""best"": [[""vin_1 col 2"", 1.0], [""vin_2 pack_state_b"", 0.814], [""vin_1 col 5"", 0.802]]}"
DTI,6,521,521,True,"{""vin_2 col 0"": {""best"": ""pack SOC"", ""r2"": 0.15401, ""joint_modepi_current_soc_r2"": 0.15742, ""median_abs_diff_to_modepi"": 3623.0}, ""vin_2 col 1"": {""best"": ""cell mean"", ""r2"": 0.93546, ""joint_modepi_current_soc_r2"": 0.98573, ""median_abs_diff_to_modepi"": 3.164}, ""vin_3 col 0"": {""best"": ""cell SOC mean"", ""r2"": 0.24526, ""joint_modepi_current_soc_r2"": 0.02969, ""median_abs_diff_to_modepi"": 2328.0}, ""vin_3 col 1"": {""best"": ""cell SOC mean"", ""r2"": 0.34558, ""joint_modepi_current_soc_r2"": 0.06206, ""median_abs_diff_to_modepi"": 2364.0}}","{""0"": {""best"": ""temperature"", ""r2"": 1.0, ""constant_value"": null, ""nondecreasing_share"": 0.923}, ""1"": {""best"": ""pack SOC"", ""r2"": 1.0, ""constant_value"": null, ""nondecreasing_share"": 0.919}, ""2"": {""best"": ""current"", ""r2"": 0.46747, ""constant_value"": null, ""nondecreasing_share"": 0.912, ""share_at_minimum_while_charging"": null, ""share_at_minimum_overall"": 0.885, ""r2_with_abs_current"": 0.4675}, ""3"": {""best"": ""current"", ""r2"": 0.58204, ""constant_value"": null, ""nondecreasing_share"": 0.79, ""share_at_minimum_while_charging"": null, ""share_at_minimum_overall"": 0.002, ""r2_with_abs_current"": 0.5813}, ""4"": {""best"": ""current"", ""r2"": 1.0, ""constant_value"": null, ""nondecreasing_share"": 0.787}, ""5"": {""best"": ""volt_modepi"", ""r2"": 1.0, ""constant_value"": null, ""nondecreasing_share"": 0.496}, ""6"": {""best"": ""vin_3 col 0 (next row)"", ""r2"": 0.99979, ""constant_value"": null, ""nondecreasing_share"": 0.51}}",nan,nan,0.09999999999999964,0.09999639999999964,"{""nondecreasing_share"": 0.912, ""distinct"": 46, ""integers"": true, ""max"": 878.0, ""zero_share_rest"": 0.994, ""zero_share_discharging"": 0.472, ""zero_share_charging"": null, ""best"": [[""vin_1 col 2"", 1.0], [""vin_1 col 4"", 0.684], [""vin_3 current_A"", 0.684]]}"
DTI,1,55320,55320,True,"{""vin_2 col 0"": {""best"": ""temperature"", ""r2"": 0.00044, ""joint_modepi_current_soc_r2"": 0.00011, ""median_abs_diff_to_modepi"": 3846.0}, ""vin_2 col 1"": {""best"": ""cell max"", ""r2"": 0.97127, ""joint_modepi_current_soc_r2"": 0.99774, ""median_abs_diff_to_modepi"": 119.9}, ""vin_3 col 0"": {""best"": ""cell max"", ""r2"": 0.96553, ""joint_modepi_current_soc_r2"": 0.96629, ""median_abs_diff_to_modepi"": 2472.0}, ""vin_3 col 1"": {""best"": ""cell min"", ""r2"": 0.42818, ""joint_modepi_current_soc_r2"": 0.54674, ""median_abs_diff_to_modepi"": 2562.0}}","{""0"": {""best"": ""temperature"", ""r2"": 1.0, ""constant_value"": null, ""nondecreasing_share"": 0.831}, ""1"": {""best"": ""pack SOC"", ""r2"": 1.0, ""constant_value"": null, ""nondecreasing_share"": 0.682}, ""2"": {""best"": ""vin_3 col 1"", ""r2"": 0.73869, ""constant_value"": null, ""nondecreasing_share"": 0.723, ""share_at_minimum_while_charging"": 0.746, ""share_at_minimum_overall"": 0.524, ""r2_with_abs_current"": 0.0971}, ""3"": {""best"": ""cell sum"", ""r2"": 0.99681, ""constant_value"": null, ""nondecreasing_share"": 0.7}, ""4"": {""best"": ""current"", ""r2"": 1.0, ""constant_value"": null, ""nondecreasing_share"": 0.596}, ""5"": {""best"": ""volt_modepi"", ""r2"": 1.0, ""constant_value"": null, ""nondecreasing_share"": 0.667}, ""6"": {""best"": ""vin_3 col 0 (next row)"", ""r2"": 0.99998, ""constant_value"": null, ""nondecreasing_share"": 0.664}}",nan,nan,0.09999999999999964,0.09999789999999964,"{""nondecreasing_share"": 0.723, ""distinct"": 1541, ""integers"": true, ""max"": 1879.0, ""zero_share_rest"": 0.852, ""zero_share_discharging"": 0.0, ""zero_share_charging"": 0.746, ""best"": [[""vin_1 col 2"", 1.0], [""vin_3 pack_state_b"", 0.859], [""vin_1 col 4"", 0.469]]}"
DTI,2,53738,53738,True,"{""vin_2 col 0"": {""best"": ""temperature"", ""r2"": 0.00025, ""joint_modepi_current_soc_r2"": 9e-05, ""median_abs_diff_to_modepi"": 3814.0}, ""vin_2 col 1"": {""best"": ""cell max"", ""r2"": 0.97454, ""joint_modepi_current_soc_r2"": 0.99715, ""median_abs_diff_to_modepi"": 93.56}, ""vin_3 col 0"": {""best"": ""cell max"", ""r2"": 0.95977, ""joint_modepi_current_soc_r2"": 0.96069, ""median_abs_diff_to_modepi"": 2451.0}, ""vin_3 col 1"": {""best"": ""cell min"", ""r2"": 0.41367, ""joint_modepi_current_soc_r2"": 0.54683, ""median_abs_diff_to_modepi"": 2539.0}}","{""0"": {""best"": ""temperature"", ""r2"": 1.0, ""constant_value"": null, ""nondecreasing_share"": 0.833}, ""1"": {""best"": ""pack SOC"", ""r2"": 1.0, ""constant_value"": null, ""nondecreasing_share"": 0.675}, ""2"": {""best"": ""vin_3 col 1"", ""r2"": 0.74529, ""constant_value"": null, ""nondecreasing_share"": 0.723, ""share_at_minimum_while_charging"": 0.75, ""share_at_minimum_overall"": 0.522, ""r2_with_abs_current"": 0.0904}, ""3"": {""best"": ""cell sum"", ""r2"": 0.99523, ""constant_value"": null, ""nondecreasing_share"": 0.697}, ""4"": {""best"": ""current"", ""r2"": 1.0, ""constant_value"": null, ""nondecreasing_share"": 0.602}, ""5"": {""best"": ""volt_modepi"", ""r2"": 1.0, ""constant_value"": null, ""nondecreasing_share"": 0.666}, ""6"": {""best"": ""vin_3 col 0 (next row)"", ""r2"": 0.99998, ""constant_value"": null, ""nondecreasing_share"": 0.662}}",nan,nan,0.09999999999999964,0.09999789999999964,"{""nondecreasing_share"": 0.723, ""distinct"": 1494, ""integers"": true, ""max"": 1883.0, ""zero_share_rest"": 0.858, ""zero_share_discharging"": 0.008, ""zero_share_charging"": 0.75, ""best"": [[""vin_1 col 2"", 1.0], [""vin_3 pack_state_b"", 0.863], [""vin_3 current_A"", 0.483]]}"
DTI,7,54366,54366,True,"{""vin_2 col 0"": {""best"": ""pack SOC"", ""r2"": 5e-05, ""joint_modepi_current_soc_r2"": 0.00017, ""median_abs_diff_to_modepi"": 3756.0}, ""vin_2 col 1"": {""best"": ""cell max"", ""r2"": 0.9787, ""joint_modepi_current_soc_r2"": 0.99837, ""median_abs_diff_to_modepi"": 103.1}, ""vin_3 col 0"": {""best"": ""cell max"", ""r2"": 0.97204, ""joint_modepi_current_soc_r2"": 0.9726, ""median_abs_diff_to_modepi"": 2414.0}, ""vin_3 col 1"": {""best"": ""cell min"", ""r2"": 0.51629, ""joint_modepi_current_soc_r2"": 0.63882, ""median_abs_diff_to_modepi"": 2480.0}}","{""0"": {""best"": ""temperature"", ""r2"": 1.0, ""constant_value"": null, ""nondecreasing_share"": 0.816}, ""1"": {""best"": ""pack SOC"", ""r2"": 1.0, ""constant_value"": null, ""nondecreasing_share"": 0.7}, ""2"": {""best"": ""vin_3 col 1"", ""r2"": 0.58419, ""constant_value"": null, ""nondecreasing_share"": 0.745, ""share_at_minimum_while_charging"": 0.805, ""share_at_minimum_overall"": 0.566, ""r2_with_abs_current"": 0.144}, ""3"": {""best"": ""cell sum"", ""r2"": 0.99883, ""constant_value"": null, ""nondecreasing_share"": 0.715}, ""4"": {""best"": ""current"", ""r2"": 1.0, ""constant_value"": null, ""nondecreasing_share"": 0.588}, ""5"": {""best"": ""volt_modepi"", ""r2"": 1.0, ""constant_value"": null, ""nondecreasing_share"": 0.67}, ""6"": {""best"": ""vin_3 col 0 (next row)"", ""r2"": 0.99999, ""constant_value"": null, ""nondecreasing_share"": 0.666}}",nan,nan,0.09999999999999964,0.09999789999999964,"{""nondecreasing_share"": 0.745, ""distinct"": 1571, ""integers"": true, ""max"": 2039.0, ""zero_share_rest"": 0.859, ""zero_share_discharging"": 0.013, ""zero_share_charging"": 0.805, ""best"": [[""vin_1 col 2"", 1.0], [""vin_3 pack_state_b"", 0.764], [""vin_1 col 4"", 0.511]]}"
DTI,9,56580,56580,True,"{""vin_2 col 0"": {""best"": ""temperature"", ""r2"": 3e-05, ""joint_modepi_current_soc_r2"": 4e-05, ""median_abs_diff_to_modepi"": 3793.0}, ""vin_2 col 1"": {""best"": ""cell max"", ""r2"": 0.96251, ""joint_modepi_current_soc_r2"": 0.99646, ""median_abs_diff_to_modepi"": 134.2}, ""vin_3 col 0"": {""best"": ""cell max"", ""r2"": 0.96145, ""joint_modepi_current_soc_r2"": 0.96191, ""median_abs_diff_to_modepi"": 2437.0}, ""vin_3 col 1"": {""best"": ""cell min"", ""r2"": 0.44037, ""joint_modepi_current_soc_r2"": 0.56086, ""median_abs_diff_to_modepi"": 2522.0}}","{""0"": {""best"": ""temperature"", ""r2"": 1.0, ""constant_value"": null, ""nondecreasing_share"": 0.798}, ""1"": {""best"": ""pack SOC"", ""r2"": 1.0, ""constant_value"": null, ""nondecreasing_share"": 0.632}, ""2"": {""best"": ""vin_3 col 1"", ""r2"": 0.74289, ""constant_value"": null, ""nondecreasing_share"": 0.724, ""share_at_minimum_while_charging"": 0.761, ""share_at_minimum_overall"": 0.526, ""r2_with_abs_current"": 0.062}, ""3"": {""best"": ""cell max"", ""r2"": 0.99284, ""constant_value"": null, ""nondecreasing_share"": 0.691}, ""4"": {""best"": ""current"", ""r2"": 1.0, ""constant_value"": null, ""nondecreasing_share"": 0.588}, ""5"": {""best"": ""volt_modepi"", ""r2"": 1.0, ""constant_value"": null, ""nondecreasing_share"": 0.671}, ""6"": {""best"": ""vin_3 col 0 (next row)"", ""r2"": 0.99999, ""constant_value"": null, ""nondecreasing_share"": 0.668}}",nan,nan,0.09999999999999964,0.09999759999999965,"{""nondecreasing_share"": 0.724, ""distinct"": 1408, ""integers"": true, ""max"": 1550.0, ""zero_share_rest"": 0.853, ""zero_share_discharging"": 0.08, ""zero_share_charging"": 0.761, ""best"": [[""vin_1 col 2"", 1.0], [""vin_3 pack_state_b"", 0.862], [""vin_1 col 4"", 0.471]]}"
DTI,3,60448,60448,True,"{""vin_2 col 0"": {""best"": ""cell min"", ""r2"": 0.0002, ""joint_modepi_current_soc_r2"": 0.00034, ""median_abs_diff_to_modepi"": 3785.0}, ""vin_2 col 1"": {""best"": ""cell max"", ""r2"": 0.96666, ""joint_modepi_current_soc_r2"": 0.99634, ""median_abs_diff_to_modepi"": 105.2}, ""vin_3 col 0"": {""best"": ""cell max"", ""r2"": 0.95971, ""joint_modepi_current_soc_r2"": 0.96029, ""median_abs_diff_to_modepi"": 2433.0}, ""vin_3 col 1"": {""best"": ""cell min"", ""r2"": 0.40979, ""joint_modepi_current_soc_r2"": 0.53237, ""median_abs_diff_to_modepi"": 2544.0}}","{""0"": {""best"": ""temperature"", ""r2"": 1.0, ""constant_value"": null, ""nondecreasing_share"": 0.781}, ""1"": {""best"": ""pack SOC"", ""r2"": 1.0, ""constant_value"": null, ""nondecreasing_share"": 0.633}, ""2"": {""best"": ""vin_3 col 1"", ""r2"": 0.77771, ""constant_value"": null, ""nondecreasing_share"": 0.705, ""share_at_minimum_while_charging"": 0.698, ""share_at_minimum_overall"": 0.494, ""r2_with_abs_current"": 0.0556}, ""3"": {""best"": ""cell max"", ""r2"": 0.99342, ""constant_value"": null, ""nondecreasing_share"": 0.668}, ""4"": {""best"": ""current"", ""r2"": 1.0, ""constant_value"": null, ""nondecreasing_share"": 0.601}, ""5"": {""best"": ""volt_modepi"", ""r2"": 1.0, ""constant_value"": null, ""nondecreasing_share"": 0.636}, ""6"": {""best"": ""vin_3 col 0 (next row)"", ""r2"": 0.99998, ""constant_value"": null, ""nondecreasing_share"": 0.632}}",nan,nan,0.09999999999999964,0.09999759999999965,"{""nondecreasing_share"": 0.705, ""distinct"": 1476, ""integers"": true, ""max"": 1725.0, ""zero_share_rest"": 0.86, ""zero_share_discharging"": 0.043, ""zero_share_charging"": 0.698, ""best"": [[""vin_1 col 2"", 1.0], [""vin_3 pack_state_b"", 0.882], [""vin_1 col 4"", 0.465]]}"
DTI,8,59338,59338,True,"{""vin_2 col 0"": {""best"": ""pack SOC"", ""r2"": 5e-05, ""joint_modepi_current_soc_r2"": 0.00016, ""median_abs_diff_to_modepi"": 3773.0}, ""vin_2 col 1"": {""best"": ""cell max"", ""r2"": 0.97506, ""joint_modepi_current_soc_r2"": 0.9983, ""median_abs_diff_to_modepi"": 85.66}, ""vin_3 col 0"": {""best"": ""cell max"", ""r2"": 0.97228, ""joint_modepi_current_soc_r2"": 0.97287, ""median_abs_diff_to_modepi"": 2425.0}, ""vin_3 col 1"": {""best"": ""cell min"", ""r2"": 0.50488, ""joint_modepi_current_soc_r2"": 0.60523, ""median_abs_diff_to_modepi"": 2485.0}}","{""0"": {""best"": ""temperature"", ""r2"": 1.0, ""constant_value"": null, ""nondecreasing_share"": 0.813}, ""1"": {""best"": ""pack SOC"", ""r2"": 1.0, ""constant_value"": null, ""nondecreasing_share"": 0.68}, ""2"": {""best"": ""vin_3 col 1"", ""r2"": 0.65567, ""constant_value"": null, ""nondecreasing_share"": 0.718, ""share_at_minimum_while_charging"": 0.753, ""share_at_minimum_overall"": 0.521, ""r2_with_abs_current"": 0.0802}, ""3"": {""best"": ""cell sum"", ""r2"": 0.99829, ""constant_value"": null, ""nondecreasing_share"": 0.695}, ""4"": {""best"": ""current"", ""r2"": 1.0, ""constant_value"": null, ""nondecreasing_share"": 0.585}, ""5"": {""best"": ""volt_modepi"", ""r2"": 1.0, ""constant_value"": null, ""nondecreasing_share"": 0.652}, ""6"": {""best"": ""vin_3 col 0 (next row)"", ""r2"": 0.99999, ""constant_value"": null, ""nondecreasing_share"": 0.651}}",nan,nan,0.09999999999999964,0.09999759999999965,"{""nondecreasing_share"": 0.718, ""distinct"": 1517, ""integers"": true, ""max"": 2075.0, ""zero_share_rest"": 0.838, ""zero_share_discharging"": 0.003, ""zero_share_charging"": 0.753, ""best"": [[""vin_1 col 2"", 1.0], [""vin_3 pack_state_b"", 0.81], [""vin_1 col 4"", 0.463]]}"
DTI,13,7227,7227,True,"{""vin_2 col 0"": {""best"": ""temperature"", ""r2"": 0.00189, ""joint_modepi_current_soc_r2"": 0.0007, ""median_abs_diff_to_modepi"": 3809.0}, ""vin_2 col 1"": {""best"": ""cell max"", ""r2"": 0.92678, ""joint_modepi_current_soc_r2"": 0.99549, ""median_abs_diff_to_modepi"": 137.5}, ""vin_3 col 0"": {""best"": ""cell max"", ""r2"": 0.79321, ""joint_modepi_current_soc_r2"": 0.79364, ""median_abs_diff_to_modepi"": 2449.0}, ""vin_3 col 1"": {""best"": ""cell min"", ""r2"": 0.28, ""joint_modepi_current_soc_r2"": 0.38323, ""median_abs_diff_to_modepi"": 2576.0}}","{""0"": {""best"": ""temperature"", ""r2"": 1.0, ""constant_value"": null, ""nondecreasing_share"": 0.859}, ""1"": {""best"": ""pack SOC"", ""r2"": 1.0, ""constant_value"": null, ""nondecreasing_share"": 0.646}, ""2"": {""best"": ""vin_3 col 1"", ""r2"": 0.86625, ""constant_value"": null, ""nondecreasing_share"": 0.737, ""share_at_minimum_while_charging"": 0.519, ""share_at_minimum_overall"": 0.538, ""r2_with_abs_current"": 0.0362}, ""3"": {""best"": ""cell sum"", ""r2"": 0.99249, ""constant_value"": null, ""nondecreasing_share"": 0.677}, ""4"": {""best"": ""current"", ""r2"": 1.0, ""constant_value"": null, ""nondecreasing_share"": 0.654}, ""5"": {""best"": ""volt_modepi"", ""r2"": 1.0, ""constant_value"": null, ""nondecreasing_share"": 0.616}, ""6"": {""best"": ""vin_3 col 0 (next row)"", ""r2"": 0.99977, ""constant_value"": null, ""nondecreasing_share"": 0.611}}",nan,nan,0.09999999999999964,0.09999789999999964,"{""nondecreasing_share"": 0.737, ""distinct"": 1191, ""integers"": true, ""max"": 1362.0, ""zero_share_rest"": 0.938, ""zero_share_discharging"": 0.013, ""zero_share_charging"": 0.519, ""best"": [[""vin_1 col 2"", 1.0], [""vin_3 pack_state_b"", 0.931], [""vin_1 col 4"", 0.413]]}"
DTI,14,37473,37473,True,"{""vin_2 col 0"": {""best"": ""temperature"", ""r2"": 0.00015, ""joint_modepi_current_soc_r2"": 0.00018, ""median_abs_diff_to_modepi"": 3808.0}, ""vin_2 col 1"": {""best"": ""cell max"", ""r2"": 0.9522, ""joint_modepi_current_soc_r2"": 0.99658, ""median_abs_diff_to_modepi"": 82.83}, ""vin_3 col 0"": {""best"": ""cell max"", ""r2"": 0.96077, ""joint_modepi_current_soc_r2"": 0.9611, ""median_abs_diff_to_modepi"": 2447.0}, ""vin_3 col 1"": {""best"": ""cell min"", ""r2"": 0.40662, ""joint_modepi_current_soc_r2"": 0.57846, ""median_abs_diff_to_modepi"": 2607.0}}","{""0"": {""best"": ""temperature"", ""r2"": 1.0, ""constant_value"": null, ""nondecreasing_share"": 0.793}, ""1"": {""best"": ""pack SOC"", ""r2"": 1.0, ""constant_value"": null, ""nondecreasing_share"": 0.534}, ""2"": {""best"": ""vin_3 col 1"", ""r2"": 0.86741, ""constant_value"": null, ""nondecreasing_share"": 0.69, ""share_at_minimum_while_charging"": 0.684, ""share_at_minimum_overall"": 0.429, ""r2_with_abs_current"": 0.0058}, ""3"": {""best"": ""cell sum"", ""r2"": 0.99565, ""constant_value"": null, ""nondecreasing_share"": 0.641}, ""4"": {""best"": ""current"", ""r2"": 1.0, ""constant_value"": null, ""nondecreasing_share"": 0.591}, ""5"": {""best"": ""volt_modepi"", ""r2"": 1.0, ""constant_value"": null, ""nondecreasing_share"": 0.594}, ""6"": {""best"": ""vin_3 col 0 (next row)"", ""r2"": 0.99997, ""constant_value"": null, ""nondecreasing_share"": 0.591}}",nan,nan,0.09999999999999964,0.09999759999999965,"{""nondecreasing_share"": 0.69, ""distinct"": 1682, ""integers"": true, ""max"": 1856.0, ""zero_share_rest"": 0.893, ""zero_share_discharging"": 0.012, ""zero_share_charging"": 0.684, ""best"": [[""vin_1 col 2"", 1.0], [""vin_3 pack_state_b"", 0.931], [""vin_3 current_A"", 0.541]]}"
DTI,11,52125,52125,True,"{""vin_2 col 0"": {""best"": ""current"", ""r2"": 0.00072, ""joint_modepi_current_soc_r2"": 0.00092, ""median_abs_diff_to_modepi"": 3731.0}, ""vin_2 col 1"": {""best"": ""cell max"", ""r2"": 0.92922, ""joint_modepi_current_soc_r2"": 0.99661, ""median_abs_diff_to_modepi"": 104.8}, ""vin_3 col 0"": {""best"": ""cell max"", ""r2"": 0.81113, ""joint_modepi_current_soc_r2"": 0.81122, ""median_abs_diff_to_modepi"": 2400.0}, ""vin_3 col 1"": {""best"": ""cell min"", ""r2"": 0.55681, ""joint_modepi_current_soc_r2"": 0.739, ""median_abs_diff_to_modepi"": 2501.0}}","{""0"": {""best"": ""temperature"", ""r2"": 1.0, ""constant_value"": null, ""nondecreasing_share"": 0.738}, ""1"": {""best"": ""pack SOC"", ""r2"": 1.0, ""constant_value"": null, ""nondecreasing_share"": 0.598}, ""2"": {""best"": ""vin_3 col 1"", ""r2"": 0.80071, ""constant_value"": null, ""nondecreasing_share"": 0.726, ""share_at_minimum_while_charging"": 0.814, ""share_at_minimum_overall"": 0.515, ""r2_with_abs_current"": 0.0725}, ""3"": {""best"": ""cell sum"", ""r2"": 0.99285, ""constant_value"": null, ""nondecreasing_share"": 0.676}, ""4"": {""best"": ""current"", ""r2"": 1.0, ""constant_value"": null, ""nondecreasing_share"": 0.578}, ""5"": {""best"": ""volt_modepi"", ""r2"": 1.0, ""constant_value"": null, ""nondecreasing_share"": 0.657}, ""6"": {""best"": ""vin_3 col 0 (next row)"", ""r2"": 1.0, ""constant_value"": null, ""nondecreasing_share"": 0.653}}",nan,nan,0.09999999999999964,0.09999819999999965,"{""nondecreasing_share"": 0.726, ""distinct"": 1899, ""integers"": true, ""max"": 2096.0, ""zero_share_rest"": 0.838, ""zero_share_discharging"": 0.009, ""zero_share_charging"": 0.814, ""best"": [[""vin_1 col 2"", 1.0], [""vin_3 pack_state_b"", 0.895], [""vin_1 col 4"", 0.589]]}"
DTI,12,54008,54008,True,"{""vin_2 col 0"": {""best"": ""cell max"", ""r2"": 0.00082, ""joint_modepi_current_soc_r2"": 0.00093, ""median_abs_diff_to_modepi"": 3771.0}, ""vin_2 col 1"": {""best"": ""cell max"", ""r2"": 0.93179, ""joint_modepi_current_soc_r2"": 0.99642, ""median_abs_diff_to_modepi"": 168.6}, ""vin_3 col 0"": {""best"": ""cell max"", ""r2"": 0.89159, ""joint_modepi_current_soc_r2"": 0.88979, ""median_abs_diff_to_modepi"": 2426.0}, ""vin_3 col 1"": {""best"": ""cell min"", ""r2"": 0.5421, ""joint_modepi_current_soc_r2"": 0.70928, ""median_abs_diff_to_modepi"": 2594.0}}","{""0"": {""best"": ""temperature"", ""r2"": 1.0, ""constant_value"": null, ""nondecreasing_share"": 0.734}, ""1"": {""best"": ""pack SOC"", ""r2"": 1.0, ""constant_value"": null, ""nondecreasing_share"": 0.584}, ""2"": {""best"": ""vin_3 col 1"", ""r2"": 0.85513, ""constant_value"": null, ""nondecreasing_share"": 0.718, ""share_at_minimum_while_charging"": 0.774, ""share_at_minimum_overall"": 0.501, ""r2_with_abs_current"": 0.0756}, ""3"": {""best"": ""cell sum"", ""r2"": 0.9898, ""constant_value"": null, ""nondecreasing_share"": 0.658}, ""4"": {""best"": ""current"", ""r2"": 1.0, ""constant_value"": null, ""nondecreasing_share"": 0.578}, ""5"": {""best"": ""volt_modepi"", ""r2"": 1.0, ""constant_value"": null, ""nondecreasing_share"": 0.631}, ""6"": {""best"": ""vin_3 col 0 (next row)"", ""r2"": 0.99997, ""constant_value"": null, ""nondecreasing_share"": 0.626}}",nan,nan,0.09999999999999964,0.09999789999999964,"{""nondecreasing_share"": 0.718, ""distinct"": 1881, ""integers"": true, ""max"": 2098.0, ""zero_share_rest"": 0.854, ""zero_share_discharging"": 0.034, ""zero_share_charging"": 0.774, ""best"": [[""vin_1 col 2"", 1.0], [""vin_3 pack_state_b"", 0.925], [""vin_1 col 4"", 0.584]]}"
DTI,15,51298,51298,True,"{""vin_2 col 0"": {""best"": ""cell median"", ""r2"": 0.00079, ""joint_modepi_current_soc_r2"": 0.00099, ""median_abs_diff_to_modepi"": 3789.0}, ""vin_2 col 1"": {""best"": ""cell max"", ""r2"": 0.95024, ""joint_modepi_current_soc_r2"": 0.99723, ""median_abs_diff_to_modepi"": 110.6}, ""vin_3 col 0"": {""best"": ""cell max"", ""r2"": 0.97179, ""joint_modepi_current_soc_r2"": 0.97213, ""median_abs_diff_to_modepi"": 2435.0}, ""vin_3 col 1"": {""best"": ""cell min"", ""r2"": 0.39797, ""joint_modepi_current_soc_r2"": 0.62897, ""median_abs_diff_to_modepi"": 2627.0}}","{""0"": {""best"": ""temperature"", ""r2"": 1.0, ""constant_value"": null, ""nondecreasing_share"": 0.774}, ""1"": {""best"": ""pack SOC"", ""r2"": 1.0, ""constant_value"": null, ""nondecreasing_share"": 0.575}, ""2"": {""best"": ""vin_3 col 1"", ""r2"": 0.85852, ""constant_value"": null, ""nondecreasing_share"": 0.728, ""share_at_minimum_while_charging"": 0.793, ""share_at_minimum_overall"": 0.48, ""r2_with_abs_current"": 0.0295}, ""3"": {""best"": ""cell sum"", ""r2"": 0.99703, ""constant_value"": null, ""nondecreasing_share"": 0.676}, ""4"": {""best"": ""current"", ""r2"": 1.0, ""constant_value"": null, ""nondecreasing_share"": 0.592}, ""5"": {""best"": ""volt_modepi"", ""r2"": 1.0, ""constant_value"": null, ""nondecreasing_share"": 0.635}, ""6"": {""best"": ""vin_3 col 0 (next row)"", ""r2"": 0.99997, ""constant_value"": null, ""nondecreasing_share"": 0.633}}",nan,nan,0.09999999999999964,0.09999789999999964,"{""nondecreasing_share"": 0.728, ""distinct"": 1854, ""integers"": true, ""max"": 1999.0, ""zero_share_rest"": 0.875, ""zero_share_discharging"": 0.005, ""zero_share_charging"": 0.793, ""best"": [[""vin_1 col 2"", 1.0], [""vin_3 pack_state_b"", 0.927], [""vin_1 col 4"", 0.571]]}"
DTI,10,62469,62469,True,"{""vin_2 col 0"": {""best"": ""current"", ""r2"": 0.00011, ""joint_modepi_current_soc_r2"": 0.00022, ""median_abs_diff_to_modepi"": 3759.0}, ""vin_2 col 1"": {""best"": ""cell max"", ""r2"": 0.94578, ""joint_modepi_current_soc_r2"": 0.99693, ""median_abs_diff_to_modepi"": 105.9}, ""vin_3 col 0"": {""best"": ""cell max"", ""r2"": 0.83459, ""joint_modepi_current_soc_r2"": 0.83389, ""median_abs_diff_to_modepi"": 2419.0}, ""vin_3 col 1"": {""best"": ""volt_modepi"", ""r2"": 0.50943, ""joint_modepi_current_soc_r2"": 0.73526, ""median_abs_diff_to_modepi"": 2558.0}}","{""0"": {""best"": ""temperature"", ""r2"": 1.0, ""constant_value"": null, ""nondecreasing_share"": 0.719}, ""1"": {""best"": ""pack SOC"", ""r2"": 1.0, ""constant_value"": null, ""nondecreasing_share"": 0.601}, ""2"": {""best"": ""vin_3 col 1"", ""r2"": 0.81834, ""constant_value"": null, ""nondecreasing_share"": 0.73, ""share_at_minimum_while_charging"": 0.813, ""share_at_minimum_overall"": 0.524, ""r2_with_abs_current"": 0.0938}, ""3"": {""best"": ""cell sum"", ""r2"": 0.99467, ""constant_value"": null, ""nondecreasing_share"": 0.671}, ""4"": {""best"": ""current"", ""r2"": 1.0, ""constant_value"": null, ""nondecreasing_share"": 0.576}, ""5"": {""best"": ""volt_modepi"", ""r2"": 1.0, ""constant_value"": null, ""nondecreasing_share"": 0.645}, ""6"": {""best"": ""vin_3 col 0 (next row)"", ""r2"": 0.99999, ""constant_value"": null, ""nondecreasing_share"": 0.643}}",nan,nan,0.09999999999999964,0.09999999999999964,"{""nondecreasing_share"": 0.73, ""distinct"": 1942, ""integers"": true, ""max"": 2054.0, ""zero_share_rest"": 0.844, ""zero_share_discharging"": 0.0, ""zero_share_charging"": 0.813, ""best"": [[""vin_1 col 2"", 1.0], [""vin_3 pack_state_b"", 0.905], [""vin_3 current_A"", 0.59]]}"
DTI,16,52316,52316,True,"{""vin_2 col 0"": {""best"": ""current"", ""r2"": 0.00022, ""joint_modepi_current_soc_r2"": 0.00035, ""median_abs_diff_to_modepi"": 3748.0}, ""vin_2 col 1"": {""best"": ""cell max"", ""r2"": 0.95298, ""joint_modepi_current_soc_r2"": 0.99746, ""median_abs_diff_to_modepi"": 107.9}, ""vin_3 col 0"": {""best"": ""cell max"", ""r2"": 0.97945, ""joint_modepi_current_soc_r2"": 0.97979, ""median_abs_diff_to_modepi"": 2409.0}, ""vin_3 col 1"": {""best"": ""cell min"", ""r2"": 0.50638, ""joint_modepi_current_soc_r2"": 0.72067, ""median_abs_diff_to_modepi"": 2528.0}}","{""0"": {""best"": ""temperature"", ""r2"": 1.0, ""constant_value"": null, ""nondecreasing_share"": 0.768}, ""1"": {""best"": ""pack SOC"", ""r2"": 1.0, ""constant_value"": null, ""nondecreasing_share"": 0.637}, ""2"": {""best"": ""vin_3 col 1"", ""r2"": 0.74219, ""constant_value"": null, ""nondecreasing_share"": 0.766, ""share_at_minimum_while_charging"": 0.821, ""share_at_minimum_overall"": 0.554, ""r2_with_abs_current"": 0.0976}, ""3"": {""best"": ""cell sum"", ""r2"": 0.99727, ""constant_value"": null, ""nondecreasing_share"": 0.723}, ""4"": {""best"": ""current"", ""r2"": 1.0, ""constant_value"": null, ""nondecreasing_share"": 0.596}, ""5"": {""best"": ""volt_modepi"", ""r2"": 1.0, ""constant_value"": null, ""nondecreasing_share"": 0.684}, ""6"": {""best"": ""vin_3 col 0 (next row)"", ""r2"": 1.0, ""constant_value"": null, ""nondecreasing_share"": 0.681}}",nan,nan,0.09999999999999964,0.09999999999999964,"{""nondecreasing_share"": 0.766, ""distinct"": 1976, ""integers"": true, ""max"": 2223.0, ""zero_share_rest"": 0.883, ""zero_share_discharging"": 0.003, ""zero_share_charging"": 0.821, ""best"": [[""vin_1 col 2"", 1.0], [""vin_3 pack_state_b"", 0.862], [""vin_1 col 4"", 0.566]]}"
DTI,22,24148,24148,True,"{""vin_2 col 0"": {""best"": ""temperature"", ""r2"": 0.00034, ""joint_modepi_current_soc_r2"": 0.00039, ""median_abs_diff_to_modepi"": 3785.0}, ""vin_2 col 1"": {""best"": ""cell max"", ""r2"": 0.93179, ""joint_modepi_current_soc_r2"": 0.99536, ""median_abs_diff_to_modepi"": 99.39}, ""vin_3 col 0"": {""best"": ""cell max"", ""r2"": 0.45962, ""joint_modepi_current_soc_r2"": 0.46195, ""median_abs_diff_to_modepi"": 2442.0}, ""vin_3 col 1"": {""best"": ""cell min"", ""r2"": 0.57432, ""joint_modepi_current_soc_r2"": 0.7384, ""median_abs_diff_to_modepi"": 2562.0}}","{""0"": {""best"": ""temperature"", ""r2"": 1.0, ""constant_value"": null, ""nondecreasing_share"": 0.718}, ""1"": {""best"": ""pack SOC"", ""r2"": 1.0, ""constant_value"": null, ""nondecreasing_share"": 0.568}, ""2"": {""best"": ""vin_3 col 1"", ""r2"": 0.84373, ""constant_value"": null, ""nondecreasing_share"": 0.703, ""share_at_minimum_while_charging"": 0.809, ""share_at_minimum_overall"": 0.517, ""r2_with_abs_current"": 0.06}, ""3"": {""best"": ""cell max"", ""r2"": 0.98958, ""constant_value"": null, ""nondecreasing_share"": 0.625}, ""4"": {""best"": ""current"", ""r2"": 1.0, ""constant_value"": null, ""nondecreasing_share"": 0.58}, ""5"": {""best"": ""volt_modepi"", ""r2"": 1.0, ""constant_value"": null, ""nondecreasing_share"": 0.597}, ""6"": {""best"": ""vin_3 col 0 (next row)"", ""r2"": 0.99998, ""constant_value"": null, ""nondecreasing_share"": 0.594}}",nan,nan,0.09999999999999964,0.09999819999999965,"{""nondecreasing_share"": 0.703, ""distinct"": 1814, ""integers"": true, ""max"": 2061.0, ""zero_share_rest"": 0.888, ""zero_share_discharging"": 0.007, ""zero_share_charging"": 0.809, ""best"": [[""vin_1 col 2"", 1.0], [""vin_3 pack_state_b"", 0.919], [""vin_3 current_A"", 0.611]]}"
DTI,19,36478,36478,True,"{""vin_2 col 0"": {""best"": ""current"", ""r2"": 0.00017, ""joint_modepi_current_soc_r2"": 0.00051, ""median_abs_diff_to_modepi"": 3718.0}, ""vin_2 col 1"": {""best"": ""cell max"", ""r2"": 0.95041, ""joint_modepi_current_soc_r2"": 0.99764, ""median_abs_diff_to_modepi"": 113.3}, ""vin_3 col 0"": {""best"": ""cell max"", ""r2"": 0.90183, ""joint_modepi_current_soc_r2"": 0.89783, ""median_abs_diff_to_modepi"": 2395.0}, ""vin_3 col 1"": {""best"": ""cell min"", ""r2"": 0.45781, ""joint_modepi_current_soc_r2"": 0.69225, ""median_abs_diff_to_modepi"": 2487.0}}","{""0"": {""best"": ""temperature"", ""r2"": 1.0, ""constant_value"": null, ""nondecreasing_share"": 0.756}, ""1"": {""best"": ""pack SOC"", ""r2"": 1.0, ""constant_value"": null, ""nondecreasing_share"": 0.664}, ""2"": {""best"": ""vin_3 col 1"", ""r2"": 0.75165, ""constant_value"": null, ""nondecreasing_share"": 0.784, ""share_at_minimum_while_charging"": 0.877, ""share_at_minimum_overall"": 0.623, ""r2_with_abs_current"": 0.1692}, ""3"": {""best"": ""cell sum"", ""r2"": 0.99708, ""constant_value"": null, ""nondecreasing_share"": 0.728}, ""4"": {""best"": ""current"", ""r2"": 1.0, ""constant_value"": null, ""nondecreasing_share"": 0.574}, ""5"": {""best"": ""volt_modepi"", ""r2"": 1.0, ""constant_value"": null, ""nondecreasing_share"": 0.698}, ""6"": {""best"": ""vin_3 col 0 (next row)"", ""r2"": 1.0, ""constant_value"": null, ""nondecreasing_share"": 0.695}}",nan,nan,0.09999999999999964,0.10003794999999965,"{""nondecreasing_share"": 0.784, ""distinct"": 1878, ""integers"": true, ""max"": 2061.0, ""zero_share_rest"": 0.87, ""zero_share_discharging"": 0.025, ""zero_share_charging"": 0.877, ""best"": [[""vin_1 col 2"", 1.0], [""vin_3 pack_state_b"", 0.867], [""vin_3 current_A"", 0.584]]}"
DTI,24,11431,11431,True,"{""vin_2 col 0"": {""best"": ""temperature"", ""r2"": 0.00129, ""joint_modepi_current_soc_r2"": 0.00072, ""median_abs_diff_to_modepi"": 3792.0}, ""vin_2 col 1"": {""best"": ""cell max"", ""r2"": 0.98385, ""joint_modepi_current_soc_r2"": 0.99584, ""median_abs_diff_to_modepi"": 44.78}, ""vin_3 col 0"": {""best"": ""cell max"", ""r2"": 0.87581, ""joint_modepi_current_soc_r2"": 0.87619, ""median_abs_diff_to_modepi"": 2437.0}, ""vin_3 col 1"": {""best"": ""cell min"", ""r2"": 0.37467, ""joint_modepi_current_soc_r2"": 0.56857, ""median_abs_diff_to_modepi"": 2525.0}}","{""0"": {""best"": ""temperature"", ""r2"": 1.0, ""constant_value"": null, ""nondecreasing_share"": 0.891}, ""1"": {""best"": ""pack SOC"", ""r2"": 1.0, ""constant_value"": null, ""nondecreasing_share"": 0.823}, ""2"": {""best"": ""vin_3 col 1"", ""r2"": 0.76887, ""constant_value"": null, ""nondecreasing_share"": 0.877, ""share_at_minimum_while_charging"": 0.931, ""share_at_minimum_overall"": 0.779, ""r2_with_abs_current"": 0.3317}, ""3"": {""best"": ""cell max"", ""r2"": 0.99035, ""constant_value"": null, ""nondecreasing_share"": 0.834}, ""4"": {""best"": ""current"", ""r2"": 1.0, ""constant_value"": null, ""nondecreasing_share"": 0.655}, ""5"": {""best"": ""volt_modepi"", ""r2"": 1.0, ""constant_value"": null, ""nondecreasing_share"": 0.794}, ""6"": {""best"": ""vin_3 col 0 (next row)"", ""r2"": 0.99988, ""constant_value"": null, ""nondecreasing_share"": 0.79}}",nan,nan,0.09999999999999964,0.10002129999999965,"{""nondecreasing_share"": 0.877, ""distinct"": 1121, ""integers"": true, ""max"": 1575.0, ""zero_share_rest"": 0.937, ""zero_share_discharging"": 0.001, ""zero_share_charging"": 0.931, ""best"": [[""vin_1 col 2"", 1.0], [""vin_3 pack_state_b"", 0.877], [""vin_3 current_A"", 0.526]]}"
DTI,18,51875,51875,True,"{""vin_2 col 0"": {""best"": ""cell median"", ""r2"": 0.00071, ""joint_modepi_current_soc_r2"": 0.00076, ""median_abs_diff_to_modepi"": 3707.0}, ""vin_2 col 1"": {""best"": ""cell max"", ""r2"": 0.93883, ""joint_modepi_current_soc_r2"": 0.99756, ""median_abs_diff_to_modepi"": 115.2}, ""vin_3 col 0"": {""best"": ""cell mean"", ""r2"": 0.97161, ""joint_modepi_current_soc_r2"": 0.97202, ""median_abs_diff_to_modepi"": 2383.0}, ""vin_3 col 1"": {""best"": ""volt_modepi"", ""r2"": 0.40573, ""joint_modepi_current_soc_r2"": 0.68959, ""median_abs_diff_to_modepi"": 2565.0}}","{""0"": {""best"": ""temperature"", ""r2"": 1.0, ""constant_value"": null, ""nondecreasing_share"": 0.762}, ""1"": {""best"": ""pack SOC"", ""r2"": 1.0, ""constant_value"": null, ""nondecreasing_share"": 0.631}, ""2"": {""best"": ""vin_3 col 1"", ""r2"": 0.83023, ""constant_value"": null, ""nondecreasing_share"": 0.763, ""share_at_minimum_while_charging"": 0.839, ""share_at_minimum_overall"": 0.561, ""r2_with_abs_current"": 0.1248}, ""3"": {""best"": ""cell sum"", ""r2"": 0.99666, ""constant_value"": null, ""nondecreasing_share"": 0.722}, ""4"": {""best"": ""current"", ""r2"": 1.0, ""constant_value"": null, ""nondecreasing_share"": 0.583}, ""5"": {""best"": ""volt_modepi"", ""r2"": 1.0, ""constant_value"": null, ""nondecreasing_share"": 0.693}, ""6"": {""best"": ""vin_3 col 0 (next row)"", ""r2"": 0.99997, ""constant_value"": null, ""nondecreasing_share"": 0.69}}",nan,nan,0.09999999999999964,0.10000149999999965,"{""nondecreasing_share"": 0.763, ""distinct"": 1971, ""integers"": true, ""max"": 2052.0, ""zero_share_rest"": 0.855, ""zero_share_discharging"": 0.005, ""zero_share_charging"": 0.839, ""best"": [[""vin_1 col 2"", 1.0], [""vin_3 pack_state_b"", 0.911], [""vin_1 col 4"", 0.571]]}"
DTI,17,62922,62922,True,"{""vin_2 col 0"": {""best"": ""current"", ""r2"": 0.0001, ""joint_modepi_current_soc_r2"": 0.00011, ""median_abs_diff_to_modepi"": 3716.0}, ""vin_2 col 1"": {""best"": ""cell max"", ""r2"": 0.94631, ""joint_modepi_current_soc_r2"": 0.99746, ""median_abs_diff_to_modepi"": 105.9}, ""vin_3 col 0"": {""best"": ""cell max"", ""r2"": 0.97464, ""joint_modepi_current_soc_r2"": 0.97497, ""median_abs_diff_to_modepi"": 2389.0}, ""vin_3 col 1"": {""best"": ""volt_modepi"", ""r2"": 0.4777, ""joint_modepi_current_soc_r2"": 0.69245, ""median_abs_diff_to_modepi"": 2512.0}}","{""0"": {""best"": ""temperature"", ""r2"": 1.0, ""constant_value"": null, ""nondecreasing_share"": 0.754}, ""1"": {""best"": ""pack SOC"", ""r2"": 1.0, ""constant_value"": null, ""nondecreasing_share"": 0.622}, ""2"": {""best"": ""vin_3 col 1"", ""r2"": 0.76902, ""constant_value"": null, ""nondecreasing_share"": 0.76, ""share_at_minimum_while_charging"": 0.832, ""share_at_minimum_overall"": 0.55, ""r2_with_abs_current"": 0.1064}, ""3"": {""best"": ""cell sum"", ""r2"": 0.99715, ""constant_value"": null, ""nondecreasing_share"": 0.713}, ""4"": {""best"": ""current"", ""r2"": 1.0, ""constant_value"": null, ""nondecreasing_share"": 0.59}, ""5"": {""best"": ""volt_modepi"", ""r2"": 1.0, ""constant_value"": null, ""nondecreasing_share"": 0.679}, ""6"": {""best"": ""vin_3 col 0 (next row)"", ""r2"": 1.0, ""constant_value"": null, ""nondecreasing_share"": 0.677}}",nan,nan,0.09999999999999964,0.09999999999999964,"{""nondecreasing_share"": 0.76, ""distinct"": 2023, ""integers"": true, ""max"": 2073.0, ""zero_share_rest"": 0.877, ""zero_share_discharging"": 0.01, ""zero_share_charging"": 0.832, ""best"": [[""vin_1 col 2"", 1.0], [""vin_3 pack_state_b"", 0.877], [""vin_3 current_A"", 0.574]]}"
DTI,23,17812,17812,True,"{""vin_2 col 0"": {""best"": ""cell SOC mean"", ""r2"": 0.00133, ""joint_modepi_current_soc_r2"": 0.00135, ""median_abs_diff_to_modepi"": 3746.0}, ""vin_2 col 1"": {""best"": ""cell max"", ""r2"": 0.96146, ""joint_modepi_current_soc_r2"": 0.9944, ""median_abs_diff_to_modepi"": 74.16}, ""vin_3 col 0"": {""best"": ""cell max"", ""r2"": 0.89107, ""joint_modepi_current_soc_r2"": 0.89117, ""median_abs_diff_to_modepi"": 2407.0}, ""vin_3 col 1"": {""best"": ""cell min"", ""r2"": 0.37768, ""joint_modepi_current_soc_r2"": 0.51742, ""median_abs_diff_to_modepi"": 2531.0}}","{""0"": {""best"": ""temperature"", ""r2"": 1.0, ""constant_value"": null, ""nondecreasing_share"": 0.889}, ""1"": {""best"": ""pack SOC"", ""r2"": 1.0, ""constant_value"": null, ""nondecreasing_share"": 0.757}, ""2"": {""best"": ""vin_3 col 1"", ""r2"": 0.8425, ""constant_value"": null, ""nondecreasing_share"": 0.827, ""share_at_minimum_while_charging"": 0.878, ""share_at_minimum_overall"": 0.688, ""r2_with_abs_current"": 0.2168}, ""3"": {""best"": ""cell max"", ""r2"": 0.98514, ""constant_value"": null, ""nondecreasing_share"": 0.78}, ""4"": {""best"": ""current"", ""r2"": 1.0, ""constant_value"": null, ""nondecreasing_share"": 0.662}, ""5"": {""best"": ""volt_modepi"", ""r2"": 1.0, ""constant_value"": null, ""nondecreasing_share"": 0.736}, ""6"": {""best"": ""vin_3 col 0 (next row)"", ""r2"": 0.99986, ""constant_value"": null, ""nondecreasing_share"": 0.73}}",nan,nan,0.09999999999999964,0.09999999999999964,"{""nondecreasing_share"": 0.827, ""distinct"": 1350, ""integers"": true, ""max"": 1466.0, ""zero_share_rest"": 0.929, ""zero_share_discharging"": 0.003, ""zero_share_charging"": 0.878, ""best"": [[""vin_1 col 2"", 1.0], [""vin_3 pack_state_b"", 0.918], [""vin_3 current_A"", 0.487]]}"
DTI,28,20,20,True,"{""vin_2 col 0"": {""best"": ""temperature"", ""r2"": 0.35083, ""joint_modepi_current_soc_r2"": 0.48369, ""median_abs_diff_to_modepi"": 3599.0}, ""vin_2 col 1"": {""best"": ""cell mean"", ""r2"": 0.94583, ""joint_modepi_current_soc_r2"": 0.96184, ""median_abs_diff_to_modepi"": 0.9137}, ""vin_3 col 0"": {""best"": ""pack SOC"", ""r2"": 0.37264, ""joint_modepi_current_soc_r2"": 0.46826, ""median_abs_diff_to_modepi"": 2370.0}, ""vin_3 col 1"": {""best"": ""cell SOC mean"", ""r2"": 0.52586, ""joint_modepi_current_soc_r2"": 0.31395, ""median_abs_diff_to_modepi"": 2420.0}}","{""0"": {""best"": ""temperature"", ""r2"": 1.0, ""constant_value"": null, ""nondecreasing_share"": 0.684}, ""1"": {""best"": ""pack SOC"", ""r2"": 1.0, ""constant_value"": null, ""nondecreasing_share"": 0.842}, ""2"": {""best"": ""vin_2 col 1"", ""r2"": 0.3207, ""constant_value"": null, ""nondecreasing_share"": 0.895, ""share_at_minimum_while_charging"": null, ""share_at_minimum_overall"": 0.8, ""r2_with_abs_current"": 0.2561}, ""3"": {""best"": ""cell max"", ""r2"": 0.96216, ""constant_value"": null, ""nondecreasing_share"": 0.842}, ""4"": {""best"": ""current"", ""r2"": 1.0, ""constant_value"": null, ""nondecreasing_share"": 0.789}, ""5"": {""best"": ""volt_modepi"", ""r2"": 1.0, ""constant_value"": null, ""nondecreasing_share"": 0.789}, ""6"": {""best"": ""vin_3 col 0 (next row)"", ""r2"": 0.99968, ""constant_value"": null, ""nondecreasing_share"": 0.789}}",nan,nan,nan,0.09999999999999964,"{""nondecreasing_share"": 0.895, ""distinct"": 5, ""integers"": true, ""max"": 286.0, ""zero_share_rest"": 1.0, ""zero_share_discharging"": 0.0, ""zero_share_charging"": null, ""best"": [[""vin_1 col 2"", 1.0], [""vin_1 col 3"", 0.618], [""vin_2 pack_state_b"", 0.57]]}"
DTI,21,48397,48397,True,"{""vin_2 col 0"": {""best"": ""cell median"", ""r2"": 0.00095, ""joint_modepi_current_soc_r2"": 0.00107, ""median_abs_diff_to_modepi"": 3739.0}, ""vin_2 col 1"": {""best"": ""cell max"", ""r2"": 0.92881, ""joint_modepi_current_soc_r2"": 0.99533, ""median_abs_diff_to_modepi"": 107.5}, ""vin_3 col 0"": {""best"": ""cell max"", ""r2"": 0.77734, ""joint_modepi_current_soc_r2"": 0.77939, ""median_abs_diff_to_modepi"": 2404.0}, ""vin_3 col 1"": {""best"": ""cell min"", ""r2"": 0.51734, ""joint_modepi_current_soc_r2"": 0.71079, ""median_abs_diff_to_modepi"": 2572.0}}","{""0"": {""best"": ""temperature"", ""r2"": 1.0, ""constant_value"": null, ""nondecreasing_share"": 0.72}, ""1"": {""best"": ""pack SOC"", ""r2"": 1.0, ""constant_value"": null, ""nondecreasing_share"": 0.588}, ""2"": {""best"": ""vin_3 col 1"", ""r2"": 0.87403, ""constant_value"": null, ""nondecreasing_share"": 0.721, ""share_at_minimum_while_charging"": 0.81, ""share_at_minimum_overall"": 0.514, ""r2_with_abs_current"": 0.0776}, ""3"": {""best"": ""cell sum"", ""r2"": 0.9886, ""constant_value"": null, ""nondecreasing_share"": 0.658}, ""4"": {""best"": ""current"", ""r2"": 1.0, ""constant_value"": null, ""nondecreasing_share"": 0.572}, ""5"": {""best"": ""volt_modepi"", ""r2"": 1.0, ""constant_value"": null, ""nondecreasing_share"": 0.635}, ""6"": {""best"": ""vin_3 col 0 (next row)"", ""r2"": 0.99997, ""constant_value"": null, ""nondecreasing_share"": 0.633}}",nan,nan,0.09999999999999964,0.09999789999999964,"{""nondecreasing_share"": 0.721, ""distinct"": 1897, ""integers"": true, ""max"": 2032.0, ""zero_share_rest"": 0.862, ""zero_share_discharging"": 0.034, ""zero_share_charging"": 0.81, ""best"": [[""vin_1 col 2"", 1.0], [""vin_3 pack_state_b"", 0.935], [""vin_3 current_A"", 0.611]]}"
DTI,29,6540,6540,True,"{""vin_2 col 0"": {""best"": ""temperature"", ""r2"": 0.00703, ""joint_modepi_current_soc_r2"": 0.00259, ""median_abs_diff_to_modepi"": 3713.0}, ""vin_2 col 1"": {""best"": ""cell max"", ""r2"": 0.97624, ""joint_modepi_current_soc_r2"": 0.99768, ""median_abs_diff_to_modepi"": 69.85}, ""vin_3 col 0"": {""best"": ""cell max"", ""r2"": 0.8379, ""joint_modepi_current_soc_r2"": 0.83819, ""median_abs_diff_to_modepi"": 2387.0}, ""vin_3 col 1"": {""best"": ""cell min"", ""r2"": 0.43581, ""joint_modepi_current_soc_r2"": 0.61072, ""median_abs_diff_to_modepi"": 2451.0}}","{""0"": {""best"": ""temperature"", ""r2"": 1.0, ""constant_value"": null, ""nondecreasing_share"": 0.825}, ""1"": {""best"": ""pack SOC"", ""r2"": 1.0, ""constant_value"": null, ""nondecreasing_share"": 0.866}, ""2"": {""best"": ""vin_3 col 1"", ""r2"": 0.57195, ""constant_value"": null, ""nondecreasing_share"": 0.904, ""share_at_minimum_while_charging"": 0.943, ""share_at_minimum_overall"": 0.825, ""r2_with_abs_current"": 0.4906}, ""3"": {""best"": ""cell sum"", ""r2"": 0.99834, ""constant_value"": null, ""nondecreasing_share"": 0.834}, ""4"": {""best"": ""current"", ""r2"": 1.0, ""constant_value"": null, ""nondecreasing_share"": 0.7}, ""5"": {""best"": ""volt_modepi"", ""r2"": 1.0, ""constant_value"": null, ""nondecreasing_share"": 0.765}, ""6"": {""best"": ""vin_3 col 0 (next row)"", ""r2"": 0.99993, ""constant_value"": null, ""nondecreasing_share"": 0.763}}",nan,nan,0.09999999999999964,0.10002249999999964,"{""nondecreasing_share"": 0.904, ""distinct"": 780, ""integers"": true, ""max"": 1618.0, ""zero_share_rest"": 0.966, ""zero_share_discharging"": 0.01, ""zero_share_charging"": 0.943, ""best"": [[""vin_1 col 2"", 1.0], [""vin_3 pack_state_b"", 0.756], [""vin_1 col 4"", 0.581]]}"
DTI,20,58445,58445,True,"{""vin_2 col 0"": {""best"": ""current"", ""r2"": 0.0002, ""joint_modepi_current_soc_r2"": 0.00021, ""median_abs_diff_to_modepi"": 3738.0}, ""vin_2 col 1"": {""best"": ""cell max"", ""r2"": 0.9437, ""joint_modepi_current_soc_r2"": 0.99704, ""median_abs_diff_to_modepi"": 91.51}, ""vin_3 col 0"": {""best"": ""cell max"", ""r2"": 0.7073, ""joint_modepi_current_soc_r2"": 0.70663, ""median_abs_diff_to_modepi"": 2406.0}, ""vin_3 col 1"": {""best"": ""volt_modepi"", ""r2"": 0.4424, ""joint_modepi_current_soc_r2"": 0.67994, ""median_abs_diff_to_modepi"": 2521.0}}","{""0"": {""best"": ""temperature"", ""r2"": 1.0, ""constant_value"": null, ""nondecreasing_share"": 0.742}, ""1"": {""best"": ""pack SOC"", ""r2"": 1.0, ""constant_value"": null, ""nondecreasing_share"": 0.641}, ""2"": {""best"": ""vin_3 col 1"", ""r2"": 0.80508, ""constant_value"": null, ""nondecreasing_share"": 0.748, ""share_at_minimum_while_charging"": 0.829, ""share_at_minimum_overall"": 0.567, ""r2_with_abs_current"": 0.1406}, ""3"": {""best"": ""cell sum"", ""r2"": 0.9948, ""constant_value"": null, ""nondecreasing_share"": 0.703}, ""4"": {""best"": ""current"", ""r2"": 1.0, ""constant_value"": null, ""nondecreasing_share"": 0.576}, ""5"": {""best"": ""volt_modepi"", ""r2"": 1.0, ""constant_value"": null, ""nondecreasing_share"": 0.672}, ""6"": {""best"": ""vin_3 col 0 (next row)"", ""r2"": 0.99999, ""constant_value"": null, ""nondecreasing_share"": 0.669}}",nan,nan,0.09999999999999964,0.10000149999999965,"{""nondecreasing_share"": 0.748, ""distinct"": 1935, ""integers"": true, ""max"": 2057.0, ""zero_share_rest"": 0.832, ""zero_share_discharging"": 0.006, ""zero_share_charging"": 0.829, ""best"": [[""vin_1 col 2"", 1.0], [""vin_3 pack_state_b"", 0.897], [""vin_1 col 4"", 0.558]]}"
DTI,26,36484,36484,True,"{""vin_2 col 0"": {""best"": ""cell min"", ""r2"": 0.00093, ""joint_modepi_current_soc_r2"": 0.00108, ""median_abs_diff_to_modepi"": 3829.0}, ""vin_2 col 1"": {""best"": ""cell max"", ""r2"": 0.94722, ""joint_modepi_current_soc_r2"": 0.99747, ""median_abs_diff_to_modepi"": 136.9}, ""vin_3 col 0"": {""best"": ""cell max"", ""r2"": 0.94302, ""joint_modepi_current_soc_r2"": 0.94373, ""median_abs_diff_to_modepi"": 2461.0}, ""vin_3 col 1"": {""best"": ""cell min"", ""r2"": 0.30087, ""joint_modepi_current_soc_r2"": 0.46229, ""median_abs_diff_to_modepi"": 2595.0}}","{""0"": {""best"": ""temperature"", ""r2"": 1.0, ""constant_value"": null, ""nondecreasing_share"": 0.773}, ""1"": {""best"": ""pack SOC"", ""r2"": 1.0, ""constant_value"": null, ""nondecreasing_share"": 0.678}, ""2"": {""best"": ""vin_3 col 1"", ""r2"": 0.83803, ""constant_value"": null, ""nondecreasing_share"": 0.712, ""share_at_minimum_while_charging"": 0.753, ""share_at_minimum_overall"": 0.497, ""r2_with_abs_current"": 0.0791}, ""3"": {""best"": ""cell sum"", ""r2"": 0.99625, ""constant_value"": null, ""nondecreasing_share"": 0.684}, ""4"": {""best"": ""current"", ""r2"": 1.0, ""constant_value"": null, ""nondecreasing_share"": 0.597}, ""5"": {""best"": ""volt_modepi"", ""r2"": 1.0, ""constant_value"": null, ""nondecreasing_share"": 0.655}, ""6"": {""best"": ""vin_3 col 0 (next row)"", ""r2"": 0.99992, ""constant_value"": null, ""nondecreasing_share"": 0.651}}",nan,nan,0.09999999999999964,0.09999789999999964,"{""nondecreasing_share"": 0.712, ""distinct"": 1367, ""integers"": true, ""max"": 1599.0, ""zero_share_rest"": 0.797, ""zero_share_discharging"": 0.007, ""zero_share_charging"": 0.753, ""best"": [[""vin_1 col 2"", 1.0], [""vin_3 pack_state_b"", 0.915], [""vin_1 col 4"", 0.477]]}"
DTI,25,46381,46381,True,"{""vin_2 col 0"": {""best"": ""cell min"", ""r2"": 0.00023, ""joint_modepi_current_soc_r2"": 0.00024, ""median_abs_diff_to_modepi"": 3853.0}, ""vin_2 col 1"": {""best"": ""cell max"", ""r2"": 0.98121, ""joint_modepi_current_soc_r2"": 0.99754, ""median_abs_diff_to_modepi"": 69.77}, ""vin_3 col 0"": {""best"": ""cell max"", ""r2"": 0.94169, ""joint_modepi_current_soc_r2"": 0.94235, ""median_abs_diff_to_modepi"": 2475.0}, ""vin_3 col 1"": {""best"": ""cell min"", ""r2"": 0.39684, ""joint_modepi_current_soc_r2"": 0.56461, ""median_abs_diff_to_modepi"": 2563.0}}","{""0"": {""best"": ""temperature"", ""r2"": 1.0, ""constant_value"": null, ""nondecreasing_share"": 0.815}, ""1"": {""best"": ""pack SOC"", ""r2"": 1.0, ""constant_value"": null, ""nondecreasing_share"": 0.774}, ""2"": {""best"": ""vin_3 col 1"", ""r2"": 0.71878, ""constant_value"": null, ""nondecreasing_share"": 0.801, ""share_at_minimum_while_charging"": 0.882, ""share_at_minimum_overall"": 0.652, ""r2_with_abs_current"": 0.3374}, ""3"": {""best"": ""volt_modepi"", ""r2"": 0.99714, ""constant_value"": null, ""nondecreasing_share"": 0.758}, ""4"": {""best"": ""current"", ""r2"": 1.0, ""constant_value"": null, ""nondecreasing_share"": 0.63}, ""5"": {""best"": ""volt_modepi"", ""r2"": 1.0, ""constant_value"": null, ""nondecreasing_share"": 0.727}, ""6"": {""best"": ""vin_3 col 0 (next row)"", ""r2"": 0.99995, ""constant_value"": null, ""nondecreasing_share"": 0.724}}",nan,nan,0.09999999999999964,0.10002189999999965,"{""nondecreasing_share"": 0.801, ""distinct"": 1485, ""integers"": true, ""max"": 1994.0, ""zero_share_rest"": 0.842, ""zero_share_discharging"": 0.0, ""zero_share_charging"": 0.882, ""best"": [[""vin_1 col 2"", 1.0], [""vin_3 pack_state_b"", 0.848], [""vin_3 current_A"", 0.544]]}"
DTI,30,48095,48095,True,"{""vin_2 col 0"": {""best"": ""temperature"", ""r2"": 0.00131, ""joint_modepi_current_soc_r2"": 0.00012, ""median_abs_diff_to_modepi"": 3800.0}, ""vin_2 col 1"": {""best"": ""cell max"", ""r2"": 0.96242, ""joint_modepi_current_soc_r2"": 0.99689, ""median_abs_diff_to_modepi"": 109.5}, ""vin_3 col 0"": {""best"": ""cell max"", ""r2"": 0.96165, ""joint_modepi_current_soc_r2"": 0.96209, ""median_abs_diff_to_modepi"": 2442.0}, ""vin_3 col 1"": {""best"": ""cell min"", ""r2"": 0.45178, ""joint_modepi_current_soc_r2"": 0.58914, ""median_abs_diff_to_modepi"": 2514.0}}","{""0"": {""best"": ""temperature"", ""r2"": 1.0, ""constant_value"": null, ""nondecreasing_share"": 0.763}, ""1"": {""best"": ""pack SOC"", ""r2"": 1.0, ""constant_value"": null, ""nondecreasing_share"": 0.671}, ""2"": {""best"": ""vin_3 col 1"", ""r2"": 0.67749, ""constant_value"": null, ""nondecreasing_share"": 0.718, ""share_at_minimum_while_charging"": 0.781, ""share_at_minimum_overall"": 0.509, ""r2_with_abs_current"": 0.0867}, ""3"": {""best"": ""cell mean"", ""r2"": 0.99429, ""constant_value"": null, ""nondecreasing_share"": 0.689}, ""4"": {""best"": ""current"", ""r2"": 1.0, ""constant_value"": null, ""nondecreasing_share"": 0.603}, ""5"": {""best"": ""volt_modepi"", ""r2"": 1.0, ""constant_value"": null, ""nondecreasing_share"": 0.665}, ""6"": {""best"": ""vin_3 col 0 (next row)"", ""r2"": 0.99999, ""constant_value"": null, ""nondecreasing_share"": 0.662}}",nan,nan,0.09999999999999964,0.09999789999999964,"{""nondecreasing_share"": 0.718, ""distinct"": 1370, ""integers"": true, ""max"": 1634.0, ""zero_share_rest"": 0.796, ""zero_share_discharging"": 0.012, ""zero_share_charging"": 0.781, ""best"": [[""vin_1 col 2"", 1.0], [""vin_3 pack_state_b"", 0.823], [""vin_3 current_A"", 0.517]]}"
DTI,27,62501,62501,True,"{""vin_2 col 0"": {""best"": ""cell min"", ""r2"": 0.00014, ""joint_modepi_current_soc_r2"": 0.00018, ""median_abs_diff_to_modepi"": 3803.0}, ""vin_2 col 1"": {""best"": ""cell max"", ""r2"": 0.9775, ""joint_modepi_current_soc_r2"": 0.99727, ""median_abs_diff_to_modepi"": 124.9}, ""vin_3 col 0"": {""best"": ""cell max"", ""r2"": 0.96374, ""joint_modepi_current_soc_r2"": 0.96435, ""median_abs_diff_to_modepi"": 2444.0}, ""vin_3 col 1"": {""best"": ""cell min"", ""r2"": 0.49851, ""joint_modepi_current_soc_r2"": 0.61756, ""median_abs_diff_to_modepi"": 2535.0}}","{""0"": {""best"": ""temperature"", ""r2"": 1.0, ""constant_value"": null, ""nondecreasing_share"": 0.765}, ""1"": {""best"": ""pack SOC"", ""r2"": 1.0, ""constant_value"": null, ""nondecreasing_share"": 0.67}, ""2"": {""best"": ""vin_3 col 1"", ""r2"": 0.67845, ""constant_value"": null, ""nondecreasing_share"": 0.714, ""share_at_minimum_while_charging"": 0.775, ""share_at_minimum_overall"": 0.503, ""r2_with_abs_current"": 0.089}, ""3"": {""best"": ""cell sum"", ""r2"": 0.99494, ""constant_value"": null, ""nondecreasing_share"": 0.681}, ""4"": {""best"": ""current"", ""r2"": 1.0, ""constant_value"": null, ""nondecreasing_share"": 0.597}, ""5"": {""best"": ""volt_modepi"", ""r2"": 1.0, ""constant_value"": null, ""nondecreasing_share"": 0.652}, ""6"": {""best"": ""vin_3 col 0 (next row)"", ""r2"": 0.99997, ""constant_value"": null, ""nondecreasing_share"": 0.648}}",nan,nan,0.09999999999999964,0.09999789999999964,"{""nondecreasing_share"": 0.714, ""distinct"": 1378, ""integers"": true, ""max"": 1995.0, ""zero_share_rest"": 0.803, ""zero_share_discharging"": 0.028, ""zero_share_charging"": 0.775, ""best"": [[""vin_1 col 2"", 1.0], [""vin_3 pack_state_b"", 0.824], [""vin_3 current_A"", 0.505]]}"
DTI,31,56873,56873,True,"{""vin_2 col 0"": {""best"": ""pack SOC"", ""r2"": 0.00036, ""joint_modepi_current_soc_r2"": 0.00174, ""median_abs_diff_to_modepi"": 3820.0}, ""vin_2 col 1"": {""best"": ""cell max"", ""r2"": 0.97753, ""joint_modepi_current_soc_r2"": 0.99761, ""median_abs_diff_to_modepi"": 111.6}, ""vin_3 col 0"": {""best"": ""cell max"", ""r2"": 0.96904, ""joint_modepi_current_soc_r2"": 0.96966, ""median_abs_diff_to_modepi"": 2455.0}, ""vin_3 col 1"": {""best"": ""cell min"", ""r2"": 0.45964, ""joint_modepi_current_soc_r2"": 0.55701, ""median_abs_diff_to_modepi"": 2520.0}}","{""0"": {""best"": ""temperature"", ""r2"": 1.0, ""constant_value"": null, ""nondecreasing_share"": 0.796}, ""1"": {""best"": ""pack SOC"", ""r2"": 1.0, ""constant_value"": null, ""nondecreasing_share"": 0.703}, ""2"": {""best"": ""vin_3 col 1"", ""r2"": 0.66268, ""constant_value"": null, ""nondecreasing_share"": 0.716, ""share_at_minimum_while_charging"": 0.735, ""share_at_minimum_overall"": 0.508, ""r2_with_abs_current"": 0.1099}, ""3"": {""best"": ""cell sum"", ""r2"": 0.99664, ""constant_value"": null, ""nondecreasing_share"": 0.692}, ""4"": {""best"": ""current"", ""r2"": 1.0, ""constant_value"": null, ""nondecreasing_share"": 0.594}, ""5"": {""best"": ""volt_modepi"", ""r2"": 1.0, ""constant_value"": null, ""nondecreasing_share"": 0.649}, ""6"": {""best"": ""vin_3 col 0 (next row)"", ""r2"": 1.0, ""constant_value"": null, ""nondecreasing_share"": 0.644}}",nan,nan,0.09999999999999964,0.09999789999999964,"{""nondecreasing_share"": 0.716, ""distinct"": 1481, ""integers"": true, ""max"": 1827.0, ""zero_share_rest"": 0.791, ""zero_share_discharging"": 0.001, ""zero_share_charging"": 0.735, ""best"": [[""vin_1 col 2"", 1.0], [""vin_3 pack_state_b"", 0.814], [""vin_1 col 4"", 0.43]]}"
DTI,32,60048,60048,True,"{""vin_2 col 0"": {""best"": ""current"", ""r2"": 0.0002, ""joint_modepi_current_soc_r2"": 0.00036, ""median_abs_diff_to_modepi"": 3850.0}, ""vin_2 col 1"": {""best"": ""cell max"", ""r2"": 0.97299, ""joint_modepi_current_soc_r2"": 0.99738, ""median_abs_diff_to_modepi"": 129.1}, ""vin_3 col 0"": {""best"": ""cell max"", ""r2"": 0.96714, ""joint_modepi_current_soc_r2"": 0.96784, ""median_abs_diff_to_modepi"": 2475.0}, ""vin_3 col 1"": {""best"": ""volt_modepi"", ""r2"": 0.48308, ""joint_modepi_current_soc_r2"": 0.58369, ""median_abs_diff_to_modepi"": 2546.0}}","{""0"": {""best"": ""temperature"", ""r2"": 1.0, ""constant_value"": null, ""nondecreasing_share"": 0.796}, ""1"": {""best"": ""pack SOC"", ""r2"": 1.0, ""constant_value"": null, ""nondecreasing_share"": 0.7}, ""2"": {""best"": ""vin_3 col 1"", ""r2"": 0.69435, ""constant_value"": null, ""nondecreasing_share"": 0.724, ""share_at_minimum_while_charging"": 0.737, ""share_at_minimum_overall"": 0.516, ""r2_with_abs_current"": 0.1152}, ""3"": {""best"": ""cell sum"", ""r2"": 0.99522, ""constant_value"": null, ""nondecreasing_share"": 0.696}, ""4"": {""best"": ""current"", ""r2"": 1.0, ""constant_value"": null, ""nondecreasing_share"": 0.594}, ""5"": {""best"": ""volt_modepi"", ""r2"": 1.0, ""constant_value"": null, ""nondecreasing_share"": 0.655}, ""6"": {""best"": ""vin_3 col 0 (next row)"", ""r2"": 0.99999, ""constant_value"": null, ""nondecreasing_share"": 0.652}}",nan,nan,0.09999999999999964,0.09999789999999964,"{""nondecreasing_share"": 0.724, ""distinct"": 1561, ""integers"": true, ""max"": 1933.0, ""zero_share_rest"": 0.804, ""zero_share_discharging"": 0.002, ""zero_share_charging"": 0.737, ""best"": [[""vin_1 col 2"", 1.0], [""vin_3 pack_state_b"", 0.833], [""vin_1 col 4"", 0.444]]}"
DTI,33,59690,59690,True,"{""vin_2 col 0"": {""best"": ""cell min"", ""r2"": 0.00034, ""joint_modepi_current_soc_r2"": 0.00044, ""median_abs_diff_to_modepi"": 3833.0}, ""vin_2 col 1"": {""best"": ""cell max"", ""r2"": 0.97475, ""joint_modepi_current_soc_r2"": 0.99645, ""median_abs_diff_to_modepi"": 115.2}, ""vin_3 col 0"": {""best"": ""cell max"", ""r2"": 0.95696, ""joint_modepi_current_soc_r2"": 0.95725, ""median_abs_diff_to_modepi"": 2464.0}, ""vin_3 col 1"": {""best"": ""cell min"", ""r2"": 0.39648, ""joint_modepi_current_soc_r2"": 0.53355, ""median_abs_diff_to_modepi"": 2569.0}}","{""0"": {""best"": ""temperature"", ""r2"": 1.0, ""constant_value"": null, ""nondecreasing_share"": 0.786}, ""1"": {""best"": ""pack SOC"", ""r2"": 1.0, ""constant_value"": null, ""nondecreasing_share"": 0.675}, ""2"": {""best"": ""vin_3 col 1"", ""r2"": 0.7794, ""constant_value"": null, ""nondecreasing_share"": 0.721, ""share_at_minimum_while_charging"": 0.74, ""share_at_minimum_overall"": 0.512, ""r2_with_abs_current"": 0.1126}, ""3"": {""best"": ""cell max"", ""r2"": 0.99118, ""constant_value"": null, ""nondecreasing_share"": 0.687}, ""4"": {""best"": ""current"", ""r2"": 1.0, ""constant_value"": null, ""nondecreasing_share"": 0.595}, ""5"": {""best"": ""volt_modepi"", ""r2"": 1.0, ""constant_value"": null, ""nondecreasing_share"": 0.658}, ""6"": {""best"": ""vin_3 col 0 (next row)"", ""r2"": 0.99997, ""constant_value"": null, ""nondecreasing_share"": 0.654}}",nan,nan,0.09999999999999964,0.09999789999999964,"{""nondecreasing_share"": 0.721, ""distinct"": 1496, ""integers"": true, ""max"": 1806.0, ""zero_share_rest"": 0.802, ""zero_share_discharging"": 0.01, ""zero_share_charging"": 0.74, ""best"": [[""vin_1 col 2"", 1.0], [""vin_3 pack_state_b"", 0.883], [""vin_1 col 4"", 0.455]]}"
DTI,34,61228,61228,True,"{""vin_2 col 0"": {""best"": ""cell min"", ""r2"": 0.0003, ""joint_modepi_current_soc_r2"": 0.00031, ""median_abs_diff_to_modepi"": 3846.0}, ""vin_2 col 1"": {""best"": ""cell max"", ""r2"": 0.96776, ""joint_modepi_current_soc_r2"": 0.99697, ""median_abs_diff_to_modepi"": 143.5}, ""vin_3 col 0"": {""best"": ""cell max"", ""r2"": 0.95987, ""joint_modepi_current_soc_r2"": 0.96052, ""median_abs_diff_to_modepi"": 2472.0}, ""vin_3 col 1"": {""best"": ""volt_modepi"", ""r2"": 0.3466, ""joint_modepi_current_soc_r2"": 0.52806, ""median_abs_diff_to_modepi"": 2580.0}}","{""0"": {""best"": ""temperature"", ""r2"": 1.0, ""constant_value"": null, ""nondecreasing_share"": 0.751}, ""1"": {""best"": ""pack SOC"", ""r2"": 1.0, ""constant_value"": null, ""nondecreasing_share"": 0.636}, ""2"": {""best"": ""vin_3 col 1"", ""r2"": 0.78958, ""constant_value"": null, ""nondecreasing_share"": 0.711, ""share_at_minimum_while_charging"": 0.771, ""share_at_minimum_overall"": 0.499, ""r2_with_abs_current"": 0.0952}, ""3"": {""best"": ""cell sum"", ""r2"": 0.99402, ""constant_value"": null, ""nondecreasing_share"": 0.684}, ""4"": {""best"": ""current"", ""r2"": 1.0, ""constant_value"": null, ""nondecreasing_share"": 0.599}, ""5"": {""best"": ""volt_modepi"", ""r2"": 1.0, ""constant_value"": null, ""nondecreasing_share"": 0.656}, ""6"": {""best"": ""vin_3 col 0 (next row)"", ""r2"": 0.99997, ""constant_value"": null, ""nondecreasing_share"": 0.653}}",nan,nan,0.09999999999999964,0.09999789999999964,"{""nondecreasing_share"": 0.711, ""distinct"": 1438, ""integers"": true, ""max"": 1608.0, ""zero_share_rest"": 0.799, ""zero_share_discharging"": 0.009, ""zero_share_charging"": 0.771, ""best"": [[""vin_1 col 2"", 1.0], [""vin_3 pack_state_b"", 0.889], [""vin_3 current_A"", 0.505]]}"
DTI,35,61341,61341,True,"{""vin_2 col 0"": {""best"": ""pack SOC"", ""r2"": 0.00043, ""joint_modepi_current_soc_r2"": 0.00077, ""median_abs_diff_to_modepi"": 3886.0}, ""vin_2 col 1"": {""best"": ""cell max"", ""r2"": 0.96656, ""joint_modepi_current_soc_r2"": 0.99702, ""median_abs_diff_to_modepi"": 154.0}, ""vin_3 col 0"": {""best"": ""cell max"", ""r2"": 0.9594, ""joint_modepi_current_soc_r2"": 0.96018, ""median_abs_diff_to_modepi"": 2497.0}, ""vin_3 col 1"": {""best"": ""volt_modepi"", ""r2"": 0.39525, ""joint_modepi_current_soc_r2"": 0.51729, ""median_abs_diff_to_modepi"": 2562.0}}","{""0"": {""best"": ""temperature"", ""r2"": 1.0, ""constant_value"": null, ""nondecreasing_share"": 0.789}, ""1"": {""best"": ""pack SOC"", ""r2"": 1.0, ""constant_value"": null, ""nondecreasing_share"": 0.641}, ""2"": {""best"": ""vin_3 col 1"", ""r2"": 0.7432, ""constant_value"": null, ""nondecreasing_share"": 0.704, ""share_at_minimum_while_charging"": 0.737, ""share_at_minimum_overall"": 0.485, ""r2_with_abs_current"": 0.0749}, ""3"": {""best"": ""cell sum"", ""r2"": 0.99322, ""constant_value"": null, ""nondecreasing_share"": 0.674}, ""4"": {""best"": ""current"", ""r2"": 1.0, ""constant_value"": null, ""nondecreasing_share"": 0.598}, ""5"": {""best"": ""volt_modepi"", ""r2"": 1.0, ""constant_value"": null, ""nondecreasing_share"": 0.641}, ""6"": {""best"": ""vin_3 col 0 (next row)"", ""r2"": 1.0, ""constant_value"": null, ""nondecreasing_share"": 0.637}}",nan,nan,0.09999999999999964,0.09999789999999964,"{""nondecreasing_share"": 0.704, ""distinct"": 1402, ""integers"": true, ""max"": 1733.0, ""zero_share_rest"": 0.787, ""zero_share_discharging"": 0.001, ""zero_share_charging"": 0.737, ""best"": [[""vin_1 col 2"", 1.0], [""vin_3 pack_state_b"", 0.862], [""vin_3 current_A"", 0.453]]}"
DTI,36,62592,62592,True,"{""vin_2 col 0"": {""best"": ""temperature"", ""r2"": 0.00047, ""joint_modepi_current_soc_r2"": 0.00059, ""median_abs_diff_to_modepi"": 3859.0}, ""vin_2 col 1"": {""best"": ""cell max"", ""r2"": 0.97193, ""joint_modepi_current_soc_r2"": 0.9973, ""median_abs_diff_to_modepi"": 133.7}, ""vin_3 col 0"": {""best"": ""cell max"", ""r2"": 0.96588, ""joint_modepi_current_soc_r2"": 0.9663, ""median_abs_diff_to_modepi"": 2480.0}, ""vin_3 col 1"": {""best"": ""cell min"", ""r2"": 0.4569, ""joint_modepi_current_soc_r2"": 0.55003, ""median_abs_diff_to_modepi"": 2553.0}}","{""0"": {""best"": ""temperature"", ""r2"": 1.0, ""constant_value"": null, ""nondecreasing_share"": 0.801}, ""1"": {""best"": ""pack SOC"", ""r2"": 1.0, ""constant_value"": null, ""nondecreasing_share"": 0.7}, ""2"": {""best"": ""vin_3 col 1"", ""r2"": 0.70144, ""constant_value"": null, ""nondecreasing_share"": 0.711, ""share_at_minimum_while_charging"": 0.74, ""share_at_minimum_overall"": 0.495, ""r2_with_abs_current"": 0.0735}, ""3"": {""best"": ""cell max"", ""r2"": 0.99504, ""constant_value"": null, ""nondecreasing_share"": 0.683}, ""4"": {""best"": ""current"", ""r2"": 1.0, ""constant_value"": null, ""nondecreasing_share"": 0.601}, ""5"": {""best"": ""volt_modepi"", ""r2"": 1.0, ""constant_value"": null, ""nondecreasing_share"": 0.644}, ""6"": {""best"": ""vin_3 col 0 (next row)"", ""r2"": 0.99999, ""constant_value"": null, ""nondecreasing_share"": 0.64}}",nan,nan,0.09999999999999964,0.09999789999999964,"{""nondecreasing_share"": 0.711, ""distinct"": 1402, ""integers"": true, ""max"": 1779.0, ""zero_share_rest"": 0.781, ""zero_share_discharging"": 0.001, ""zero_share_charging"": 0.74, ""best"": [[""vin_1 col 2"", 1.0], [""vin_3 pack_state_b"", 0.838], [""vin_1 col 4"", 0.437]]}"
DTI,37,64399,64399,True,"{""vin_2 col 0"": {""best"": ""cell min"", ""r2"": 0.00067, ""joint_modepi_current_soc_r2"": 0.00085, ""median_abs_diff_to_modepi"": 3840.0}, ""vin_2 col 1"": {""best"": ""cell max"", ""r2"": 0.97001, ""joint_modepi_current_soc_r2"": 0.99789, ""median_abs_diff_to_modepi"": 150.0}, ""vin_3 col 0"": {""best"": ""cell max"", ""r2"": 0.96528, ""joint_modepi_current_soc_r2"": 0.96572, ""median_abs_diff_to_modepi"": 2468.0}, ""vin_3 col 1"": {""best"": ""cell min"", ""r2"": 0.33883, ""joint_modepi_current_soc_r2"": 0.46673, ""median_abs_diff_to_modepi"": 2590.0}}","{""0"": {""best"": ""temperature"", ""r2"": 1.0, ""constant_value"": null, ""nondecreasing_share"": 0.795}, ""1"": {""best"": ""pack SOC"", ""r2"": 1.0, ""constant_value"": null, ""nondecreasing_share"": 0.697}, ""2"": {""best"": ""vin_3 col 1"", ""r2"": 0.77633, ""constant_value"": null, ""nondecreasing_share"": 0.714, ""share_at_minimum_while_charging"": 0.748, ""share_at_minimum_overall"": 0.499, ""r2_with_abs_current"": 0.0806}, ""3"": {""best"": ""cell sum"", ""r2"": 0.99705, ""constant_value"": null, ""nondecreasing_share"": 0.686}, ""4"": {""best"": ""current"", ""r2"": 1.0, ""constant_value"": null, ""nondecreasing_share"": 0.598}, ""5"": {""best"": ""volt_modepi"", ""r2"": 1.0, ""constant_value"": null, ""nondecreasing_share"": 0.643}, ""6"": {""best"": ""vin_3 col 0 (next row)"", ""r2"": 0.99995, ""constant_value"": null, ""nondecreasing_share"": 0.638}}",nan,nan,0.09999999999999964,0.09999789999999964,"{""nondecreasing_share"": 0.714, ""distinct"": 1442, ""integers"": true, ""max"": 1778.0, ""zero_share_rest"": 0.784, ""zero_share_discharging"": 0.002, ""zero_share_charging"": 0.748, ""best"": [[""vin_1 col 2"", 1.0], [""vin_3 pack_state_b"", 0.881], [""vin_3 current_A"", 0.441]]}"
DTI,38,71449,71449,True,"{""vin_2 col 0"": {""best"": ""current"", ""r2"": 4e-05, ""joint_modepi_current_soc_r2"": 9e-05, ""median_abs_diff_to_modepi"": 3814.0}, ""vin_2 col 1"": {""best"": ""cell max"", ""r2"": 0.97245, ""joint_modepi_current_soc_r2"": 0.99787, ""median_abs_diff_to_modepi"": 116.0}, ""vin_3 col 0"": {""best"": ""cell max"", ""r2"": 0.97396, ""joint_modepi_current_soc_r2"": 0.97443, ""median_abs_diff_to_modepi"": 2451.0}, ""vin_3 col 1"": {""best"": ""cell median"", ""r2"": 0.41554, ""joint_modepi_current_soc_r2"": 0.52234, ""median_abs_diff_to_modepi"": 2537.0}}","{""0"": {""best"": ""temperature"", ""r2"": 1.0, ""constant_value"": null, ""nondecreasing_share"": 0.777}, ""1"": {""best"": ""pack SOC"", ""r2"": 1.0, ""constant_value"": null, ""nondecreasing_share"": 0.673}, ""2"": {""best"": ""vin_3 col 1"", ""r2"": 0.68031, ""constant_value"": null, ""nondecreasing_share"": 0.711, ""share_at_minimum_while_charging"": 0.747, ""share_at_minimum_overall"": 0.496, ""r2_with_abs_current"": 0.0609}, ""3"": {""best"": ""cell sum"", ""r2"": 0.99762, ""constant_value"": null, ""nondecreasing_share"": 0.684}, ""4"": {""best"": ""current"", ""r2"": 1.0, ""constant_value"": null, ""nondecreasing_share"": 0.59}, ""5"": {""best"": ""volt_modepi"", ""r2"": 1.0, ""constant_value"": null, ""nondecreasing_share"": 0.637}, ""6"": {""best"": ""vin_3 col 0 (next row)"", ""r2"": 0.99999, ""constant_value"": null, ""nondecreasing_share"": 0.633}}",nan,nan,0.09999999999999964,0.09999789999999964,"{""nondecreasing_share"": 0.711, ""distinct"": 1486, ""integers"": true, ""max"": 1700.0, ""zero_share_rest"": 0.789, ""zero_share_discharging"": 0.008, ""zero_share_charging"": 0.747, ""best"": [[""vin_1 col 2"", 1.0], [""vin_3 pack_state_b"", 0.825], [""vin_3 current_A"", 0.438]]}"
DTI,42,40305,40305,True,"{""vin_2 col 0"": {""best"": ""pack SOC"", ""r2"": 0.0007, ""joint_modepi_current_soc_r2"": 0.00214, ""median_abs_diff_to_modepi"": 3846.0}, ""vin_2 col 1"": {""best"": ""cell max"", ""r2"": 0.97539, ""joint_modepi_current_soc_r2"": 0.99643, ""median_abs_diff_to_modepi"": 116.5}, ""vin_3 col 0"": {""best"": ""cell max"", ""r2"": 0.9504, ""joint_modepi_current_soc_r2"": 0.95079, ""median_abs_diff_to_modepi"": 2472.0}, ""vin_3 col 1"": {""best"": ""cell min"", ""r2"": 0.44515, ""joint_modepi_current_soc_r2"": 0.58021, ""median_abs_diff_to_modepi"": 2537.0}}","{""0"": {""best"": ""temperature"", ""r2"": 1.0, ""constant_value"": null, ""nondecreasing_share"": 0.791}, ""1"": {""best"": ""pack SOC"", ""r2"": 1.0, ""constant_value"": null, ""nondecreasing_share"": 0.678}, ""2"": {""best"": ""vin_3 col 1"", ""r2"": 0.74482, ""constant_value"": null, ""nondecreasing_share"": 0.736, ""share_at_minimum_while_charging"": 0.763, ""share_at_minimum_overall"": 0.541, ""r2_with_abs_current"": 0.1235}, ""3"": {""best"": ""cell max"", ""r2"": 0.99017, ""constant_value"": null, ""nondecreasing_share"": 0.699}, ""4"": {""best"": ""current"", ""r2"": 1.0, ""constant_value"": null, ""nondecreasing_share"": 0.603}, ""5"": {""best"": ""volt_modepi"", ""r2"": 1.0, ""constant_value"": null, ""nondecreasing_share"": 0.669}, ""6"": {""best"": ""vin_3 col 0 (next row)"", ""r2"": 1.0, ""constant_value"": null, ""nondecreasing_share"": 0.665}}",nan,nan,0.09999999999999964,0.09999819999999965,"{""nondecreasing_share"": 0.736, ""distinct"": 1391, ""integers"": true, ""max"": 1656.0, ""zero_share_rest"": 0.827, ""zero_share_discharging"": 0.023, ""zero_share_charging"": 0.763, ""best"": [[""vin_1 col 2"", 1.0], [""vin_3 pack_state_b"", 0.863], [""vin_1 col 4"", 0.466]]}"
DTI,40,63768,63768,True,"{""vin_2 col 0"": {""best"": ""current"", ""r2"": 0.00018, ""joint_modepi_current_soc_r2"": 0.00022, ""median_abs_diff_to_modepi"": 3838.0}, ""vin_2 col 1"": {""best"": ""cell max"", ""r2"": 0.97539, ""joint_modepi_current_soc_r2"": 0.99831, ""median_abs_diff_to_modepi"": 128.4}, ""vin_3 col 0"": {""best"": ""cell max"", ""r2"": 0.97417, ""joint_modepi_current_soc_r2"": 0.9745, ""median_abs_diff_to_modepi"": 2466.0}, ""vin_3 col 1"": {""best"": ""cell median"", ""r2"": 0.40486, ""joint_modepi_current_soc_r2"": 0.52735, ""median_abs_diff_to_modepi"": 2551.0}}","{""0"": {""best"": ""temperature"", ""r2"": 1.0, ""constant_value"": null, ""nondecreasing_share"": 0.778}, ""1"": {""best"": ""pack SOC"", ""r2"": 1.0, ""constant_value"": null, ""nondecreasing_share"": 0.666}, ""2"": {""best"": ""vin_3 col 1"", ""r2"": 0.69111, ""constant_value"": null, ""nondecreasing_share"": 0.721, ""share_at_minimum_while_charging"": 0.775, ""share_at_minimum_overall"": 0.515, ""r2_with_abs_current"": 0.0701}, ""3"": {""best"": ""cell sum"", ""r2"": 0.99835, ""constant_value"": null, ""nondecreasing_share"": 0.695}, ""4"": {""best"": ""current"", ""r2"": 1.0, ""constant_value"": null, ""nondecreasing_share"": 0.585}, ""5"": {""best"": ""volt_modepi"", ""r2"": 1.0, ""constant_value"": null, ""nondecreasing_share"": 0.639}, ""6"": {""best"": ""vin_3 col 0 (next row)"", ""r2"": 0.99999, ""constant_value"": null, ""nondecreasing_share"": 0.636}}",nan,nan,0.09999999999999964,0.09999459999999964,"{""nondecreasing_share"": 0.721, ""distinct"": 1357, ""integers"": true, ""max"": 1636.0, ""zero_share_rest"": 0.807, ""zero_share_discharging"": 0.013, ""zero_share_charging"": 0.775, ""best"": [[""vin_1 col 2"", 1.0], [""vin_3 pack_state_b"", 0.831], [""vin_1 col 4"", 0.45]]}"
DTI,39,73711,73711,True,"{""vin_2 col 0"": {""best"": ""current"", ""r2"": 0.00017, ""joint_modepi_current_soc_r2"": 0.00024, ""median_abs_diff_to_modepi"": 3826.0}, ""vin_2 col 1"": {""best"": ""cell max"", ""r2"": 0.97379, ""joint_modepi_current_soc_r2"": 0.99815, ""median_abs_diff_to_modepi"": 125.0}, ""vin_3 col 0"": {""best"": ""cell max"", ""r2"": 0.97638, ""joint_modepi_current_soc_r2"": 0.97673, ""median_abs_diff_to_modepi"": 2459.0}, ""vin_3 col 1"": {""best"": ""cell median"", ""r2"": 0.43525, ""joint_modepi_current_soc_r2"": 0.55312, ""median_abs_diff_to_modepi"": 2552.0}}","{""0"": {""best"": ""temperature"", ""r2"": 1.0, ""constant_value"": null, ""nondecreasing_share"": 0.786}, ""1"": {""best"": ""pack SOC"", ""r2"": 1.0, ""constant_value"": null, ""nondecreasing_share"": 0.653}, ""2"": {""best"": ""vin_3 col 1"", ""r2"": 0.65164, ""constant_value"": null, ""nondecreasing_share"": 0.719, ""share_at_minimum_while_charging"": 0.784, ""share_at_minimum_overall"": 0.507, ""r2_with_abs_current"": 0.0607}, ""3"": {""best"": ""cell sum"", ""r2"": 0.99813, ""constant_value"": null, ""nondecreasing_share"": 0.69}, ""4"": {""best"": ""current"", ""r2"": 1.0, ""constant_value"": null, ""nondecreasing_share"": 0.583}, ""5"": {""best"": ""volt_modepi"", ""r2"": 1.0, ""constant_value"": null, ""nondecreasing_share"": 0.642}, ""6"": {""best"": ""vin_3 col 0 (next row)"", ""r2"": 0.99998, ""constant_value"": null, ""nondecreasing_share"": 0.638}}",nan,nan,0.09999999999999964,0.09999759999999965,"{""nondecreasing_share"": 0.719, ""distinct"": 1449, ""integers"": true, ""max"": 1797.0, ""zero_share_rest"": 0.782, ""zero_share_discharging"": 0.054, ""zero_share_charging"": 0.784, ""best"": [[""vin_1 col 2"", 1.0], [""vin_3 pack_state_b"", 0.807], [""vin_1 col 4"", 0.459]]}"
DTI,41,63363,63363,True,"{""vin_2 col 0"": {""best"": ""temperature"", ""r2"": 0.00026, ""joint_modepi_current_soc_r2"": 0.00022, ""median_abs_diff_to_modepi"": 3825.0}, ""vin_2 col 1"": {""best"": ""cell max"", ""r2"": 0.97739, ""joint_modepi_current_soc_r2"": 0.99825, ""median_abs_diff_to_modepi"": 133.2}, ""vin_3 col 0"": {""best"": ""cell max"", ""r2"": 0.97482, ""joint_modepi_current_soc_r2"": 0.97522, ""median_abs_diff_to_modepi"": 2458.0}, ""vin_3 col 1"": {""best"": ""cell min"", ""r2"": 0.43448, ""joint_modepi_current_soc_r2"": 0.54778, ""median_abs_diff_to_modepi"": 2542.0}}","{""0"": {""best"": ""temperature"", ""r2"": 1.0, ""constant_value"": null, ""nondecreasing_share"": 0.798}, ""1"": {""best"": ""pack SOC"", ""r2"": 1.0, ""constant_value"": null, ""nondecreasing_share"": 0.697}, ""2"": {""best"": ""vin_3 col 1"", ""r2"": 0.67171, ""constant_value"": null, ""nondecreasing_share"": 0.718, ""share_at_minimum_while_charging"": 0.768, ""share_at_minimum_overall"": 0.513, ""r2_with_abs_current"": 0.0939}, ""3"": {""best"": ""cell sum"", ""r2"": 0.9981, ""constant_value"": null, ""nondecreasing_share"": 0.697}, ""4"": {""best"": ""current"", ""r2"": 1.0, ""constant_value"": null, ""nondecreasing_share"": 0.594}, ""5"": {""best"": ""volt_modepi"", ""r2"": 1.0, ""constant_value"": null, ""nondecreasing_share"": 0.647}, ""6"": {""best"": ""vin_3 col 0 (next row)"", ""r2"": 0.99999, ""constant_value"": null, ""nondecreasing_share"": 0.643}}",nan,nan,0.09999999999999964,0.09999789999999964,"{""nondecreasing_share"": 0.718, ""distinct"": 1369, ""integers"": true, ""max"": 1665.0, ""zero_share_rest"": 0.786, ""zero_share_discharging"": 0.002, ""zero_share_charging"": 0.768, ""best"": [[""vin_1 col 2"", 1.0], [""vin_3 pack_state_b"", 0.82], [""vin_3 current_A"", 0.451]]}"
DTI,43,52869,52869,True,"{""vin_2 col 0"": {""best"": ""current"", ""r2"": 0.00018, ""joint_modepi_current_soc_r2"": 0.00025, ""median_abs_diff_to_modepi"": 3836.0}, ""vin_2 col 1"": {""best"": ""cell max"", ""r2"": 0.97343, ""joint_modepi_current_soc_r2"": 0.99747, ""median_abs_diff_to_modepi"": 94.22}, ""vin_3 col 0"": {""best"": ""cell max"", ""r2"": 0.96443, ""joint_modepi_current_soc_r2"": 0.96541, ""median_abs_diff_to_modepi"": 2465.0}, ""vin_3 col 1"": {""best"": ""cell min"", ""r2"": 0.43101, ""joint_modepi_current_soc_r2"": 0.55877, ""median_abs_diff_to_modepi"": 2552.0}}","{""0"": {""best"": ""temperature"", ""r2"": 1.0, ""constant_value"": null, ""nondecreasing_share"": 0.806}, ""1"": {""best"": ""pack SOC"", ""r2"": 1.0, ""constant_value"": null, ""nondecreasing_share"": 0.706}, ""2"": {""best"": ""vin_3 col 1"", ""r2"": 0.73038, ""constant_value"": null, ""nondecreasing_share"": 0.738, ""share_at_minimum_while_charging"": 0.742, ""share_at_minimum_overall"": 0.543, ""r2_with_abs_current"": 0.1446}, ""3"": {""best"": ""cell sum"", ""r2"": 0.99581, ""constant_value"": null, ""nondecreasing_share"": 0.713}, ""4"": {""best"": ""current"", ""r2"": 1.0, ""constant_value"": null, ""nondecreasing_share"": 0.609}, ""5"": {""best"": ""volt_modepi"", ""r2"": 1.0, ""constant_value"": null, ""nondecreasing_share"": 0.667}, ""6"": {""best"": ""vin_3 col 0 (next row)"", ""r2"": 0.99998, ""constant_value"": null, ""nondecreasing_share"": 0.664}}",nan,nan,0.09999999999999964,0.09999819999999965,"{""nondecreasing_share"": 0.738, ""distinct"": 1713, ""integers"": true, ""max"": 1938.0, ""zero_share_rest"": 0.838, ""zero_share_discharging"": 0.0, ""zero_share_charging"": 0.742, ""best"": [[""vin_1 col 2"", 1.0], [""vin_3 pack_state_b"", 0.855], [""vin_3 current_A"", 0.473]]}"
DTI,46,16752,16752,True,"{""vin_2 col 0"": {""best"": ""temperature"", ""r2"": 0.00198, ""joint_modepi_current_soc_r2"": 0.00049, ""median_abs_diff_to_modepi"": 3871.0}, ""vin_2 col 1"": {""best"": ""cell max"", ""r2"": 0.98048, ""joint_modepi_current_soc_r2"": 0.99665, ""median_abs_diff_to_modepi"": 99.34}, ""vin_3 col 0"": {""best"": ""cell max"", ""r2"": 0.89467, ""joint_modepi_current_soc_r2"": 0.89531, ""median_abs_diff_to_modepi"": 2487.0}, ""vin_3 col 1"": {""best"": ""cell min"", ""r2"": 0.40557, ""joint_modepi_current_soc_r2"": 0.5819, ""median_abs_diff_to_modepi"": 2569.0}}","{""0"": {""best"": ""temperature"", ""r2"": 1.0, ""constant_value"": null, ""nondecreasing_share"": 0.85}, ""1"": {""best"": ""pack SOC"", ""r2"": 1.0, ""constant_value"": null, ""nondecreasing_share"": 0.747}, ""2"": {""best"": ""vin_3 col 1"", ""r2"": 0.74247, ""constant_value"": null, ""nondecreasing_share"": 0.792, ""share_at_minimum_while_charging"": 0.814, ""share_at_minimum_overall"": 0.637, ""r2_with_abs_current"": 0.2039}, ""3"": {""best"": ""cell sum"", ""r2"": 0.99316, ""constant_value"": null, ""nondecreasing_share"": 0.747}, ""4"": {""best"": ""current"", ""r2"": 1.0, ""constant_value"": null, ""nondecreasing_share"": 0.622}, ""5"": {""best"": ""volt_modepi"", ""r2"": 1.0, ""constant_value"": null, ""nondecreasing_share"": 0.684}, ""6"": {""best"": ""vin_3 col 0 (next row)"", ""r2"": 0.99993, ""constant_value"": null, ""nondecreasing_share"": 0.682}}",nan,nan,0.09999999999999964,0.09999819999999965,"{""nondecreasing_share"": 0.792, ""distinct"": 1491, ""integers"": true, ""max"": 1853.0, ""zero_share_rest"": 0.911, ""zero_share_discharging"": 0.002, ""zero_share_charging"": 0.814, ""best"": [[""vin_1 col 2"", 1.0], [""vin_3 pack_state_b"", 0.862], [""vin_1 col 4"", 0.523]]}"
DTI,44,48026,48026,True,"{""vin_2 col 0"": {""best"": ""cell median"", ""r2"": 0.00055, ""joint_modepi_current_soc_r2"": 0.0007, ""median_abs_diff_to_modepi"": 3839.0}, ""vin_2 col 1"": {""best"": ""cell max"", ""r2"": 0.9721, ""joint_modepi_current_soc_r2"": 0.99694, ""median_abs_diff_to_modepi"": 95.58}, ""vin_3 col 0"": {""best"": ""cell max"", ""r2"": 0.95395, ""joint_modepi_current_soc_r2"": 0.95483, ""median_abs_diff_to_modepi"": 2467.0}, ""vin_3 col 1"": {""best"": ""cell min"", ""r2"": 0.35802, ""joint_modepi_current_soc_r2"": 0.51364, ""median_abs_diff_to_modepi"": 2577.0}}","{""0"": {""best"": ""temperature"", ""r2"": 1.0, ""constant_value"": null, ""nondecreasing_share"": 0.809}, ""1"": {""best"": ""pack SOC"", ""r2"": 1.0, ""constant_value"": null, ""nondecreasing_share"": 0.698}, ""2"": {""best"": ""vin_3 col 1"", ""r2"": 0.79367, ""constant_value"": null, ""nondecreasing_share"": 0.745, ""share_at_minimum_while_charging"": 0.75, ""share_at_minimum_overall"": 0.554, ""r2_with_abs_current"": 0.1437}, ""3"": {""best"": ""cell sum"", ""r2"": 0.99314, ""constant_value"": null, ""nondecreasing_share"": 0.716}, ""4"": {""best"": ""current"", ""r2"": 1.0, ""constant_value"": null, ""nondecreasing_share"": 0.6}, ""5"": {""best"": ""volt_modepi"", ""r2"": 1.0, ""constant_value"": null, ""nondecreasing_share"": 0.671}, ""6"": {""best"": ""vin_3 col 0 (next row)"", ""r2"": 0.99995, ""constant_value"": null, ""nondecreasing_share"": 0.668}}",nan,nan,0.09999999999999964,0.09999789999999964,"{""nondecreasing_share"": 0.745, ""distinct"": 1727, ""integers"": true, ""max"": 1917.0, ""zero_share_rest"": 0.846, ""zero_share_discharging"": 0.006, ""zero_share_charging"": 0.75, ""best"": [[""vin_1 col 2"", 1.0], [""vin_3 pack_state_b"", 0.891], [""vin_3 current_A"", 0.47]]}"
DTI,45,56956,56956,True,"{""vin_2 col 0"": {""best"": ""cell min"", ""r2"": 0.00073, ""joint_modepi_current_soc_r2"": 0.00075, ""median_abs_diff_to_modepi"": 3808.0}, ""vin_2 col 1"": {""best"": ""cell max"", ""r2"": 0.95698, ""joint_modepi_current_soc_r2"": 0.99592, ""median_abs_diff_to_modepi"": 101.8}, ""vin_3 col 0"": {""best"": ""cell max"", ""r2"": 0.94701, ""joint_modepi_current_soc_r2"": 0.94738, ""median_abs_diff_to_modepi"": 2447.0}, ""vin_3 col 1"": {""best"": ""cell min"", ""r2"": 0.38929, ""joint_modepi_current_soc_r2"": 0.55723, ""median_abs_diff_to_modepi"": 2566.0}}","{""0"": {""best"": ""temperature"", ""r2"": 1.0, ""constant_value"": null, ""nondecreasing_share"": 0.785}, ""1"": {""best"": ""pack SOC"", ""r2"": 1.0, ""constant_value"": null, ""nondecreasing_share"": 0.662}, ""2"": {""best"": ""vin_3 col 1"", ""r2"": 0.82085, ""constant_value"": null, ""nondecreasing_share"": 0.733, ""share_at_minimum_while_charging"": 0.762, ""share_at_minimum_overall"": 0.534, ""r2_with_abs_current"": 0.1382}, ""3"": {""best"": ""cell max"", ""r2"": 0.9873, ""constant_value"": null, ""nondecreasing_share"": 0.706}, ""4"": {""best"": ""current"", ""r2"": 1.0, ""constant_value"": null, ""nondecreasing_share"": 0.589}, ""5"": {""best"": ""volt_modepi"", ""r2"": 1.0, ""constant_value"": null, ""nondecreasing_share"": 0.678}, ""6"": {""best"": ""vin_3 col 0 (next row)"", ""r2"": 0.99995, ""constant_value"": null, ""nondecreasing_share"": 0.674}}",nan,nan,0.09999999999999964,0.09999789999999964,"{""nondecreasing_share"": 0.733, ""distinct"": 1758, ""integers"": true, ""max"": 1925.0, ""zero_share_rest"": 0.824, ""zero_share_discharging"": 0.016, ""zero_share_charging"": 0.762, ""best"": [[""vin_1 col 2"", 1.0], [""vin_3 pack_state_b"", 0.906], [""vin_3 current_A"", 0.498]]}"
DTI,47,56128,56128,True,"{""vin_2 col 0"": {""best"": ""cell min"", ""r2"": 0.00033, ""joint_modepi_current_soc_r2"": 0.00047, ""median_abs_diff_to_modepi"": 3861.0}, ""vin_2 col 1"": {""best"": ""cell max"", ""r2"": 0.96878, ""joint_modepi_current_soc_r2"": 0.99721, ""median_abs_diff_to_modepi"": 135.8}, ""vin_3 col 0"": {""best"": ""cell max"", ""r2"": 0.95736, ""joint_modepi_current_soc_r2"": 0.95827, ""median_abs_diff_to_modepi"": 2481.0}, ""vin_3 col 1"": {""best"": ""volt_modepi"", ""r2"": 0.35752, ""joint_modepi_current_soc_r2"": 0.50401, ""median_abs_diff_to_modepi"": 2590.0}}","{""0"": {""best"": ""temperature"", ""r2"": 1.0, ""constant_value"": null, ""nondecreasing_share"": 0.789}, ""1"": {""best"": ""pack SOC"", ""r2"": 1.0, ""constant_value"": null, ""nondecreasing_share"": 0.721}, ""2"": {""best"": ""vin_3 col 1"", ""r2"": 0.82512, ""constant_value"": null, ""nondecreasing_share"": 0.742, ""share_at_minimum_while_charging"": 0.754, ""share_at_minimum_overall"": 0.548, ""r2_with_abs_current"": 0.1195}, ""3"": {""best"": ""cell sum"", ""r2"": 0.99585, ""constant_value"": null, ""nondecreasing_share"": 0.706}, ""4"": {""best"": ""current"", ""r2"": 1.0, ""constant_value"": null, ""nondecreasing_share"": 0.606}, ""5"": {""best"": ""volt_modepi"", ""r2"": 1.0, ""constant_value"": null, ""nondecreasing_share"": 0.646}, ""6"": {""best"": ""vin_3 col 0 (next row)"", ""r2"": 0.99996, ""constant_value"": null, ""nondecreasing_share"": 0.641}}",nan,nan,0.09999999999999964,0.09999789999999964,"{""nondecreasing_share"": 0.742, ""distinct"": 1783, ""integers"": true, ""max"": 1916.0, ""zero_share_rest"": 0.857, ""zero_share_discharging"": 0.002, ""zero_share_charging"": 0.754, ""best"": [[""vin_1 col 2"", 1.0], [""vin_3 pack_state_b"", 0.908], [""vin_1 col 4"", 0.488]]}"
DTI,50,53700,53700,True,"{""vin_2 col 0"": {""best"": ""current"", ""r2"": 0.00019, ""joint_modepi_current_soc_r2"": 0.00026, ""median_abs_diff_to_modepi"": 3853.0}, ""vin_2 col 1"": {""best"": ""cell median"", ""r2"": 0.97751, ""joint_modepi_current_soc_r2"": 0.99802, ""median_abs_diff_to_modepi"": 111.8}, ""vin_3 col 0"": {""best"": ""cell max"", ""r2"": 0.96573, ""joint_modepi_current_soc_r2"": 0.96618, ""median_abs_diff_to_modepi"": 2476.0}, ""vin_3 col 1"": {""best"": ""cell min"", ""r2"": 0.37032, ""joint_modepi_current_soc_r2"": 0.48651, ""median_abs_diff_to_modepi"": 2572.0}}","{""0"": {""best"": ""temperature"", ""r2"": 1.0, ""constant_value"": null, ""nondecreasing_share"": 0.793}, ""1"": {""best"": ""pack SOC"", ""r2"": 1.0, ""constant_value"": null, ""nondecreasing_share"": 0.672}, ""2"": {""best"": ""vin_3 col 1"", ""r2"": 0.73918, ""constant_value"": null, ""nondecreasing_share"": 0.731, ""share_at_minimum_while_charging"": 0.759, ""share_at_minimum_overall"": 0.532, ""r2_with_abs_current"": 0.0889}, ""3"": {""best"": ""cell sum"", ""r2"": 0.99771, ""constant_value"": null, ""nondecreasing_share"": 0.692}, ""4"": {""best"": ""current"", ""r2"": 1.0, ""constant_value"": null, ""nondecreasing_share"": 0.586}, ""5"": {""best"": ""volt_modepi"", ""r2"": 1.0, ""constant_value"": null, ""nondecreasing_share"": 0.619}, ""6"": {""best"": ""vin_3 col 0 (next row)"", ""r2"": 0.99997, ""constant_value"": null, ""nondecreasing_share"": 0.615}}",nan,nan,0.09999999999999964,0.09999759999999965,"{""nondecreasing_share"": 0.731, ""distinct"": 1431, ""integers"": true, ""max"": 1745.0, ""zero_share_rest"": 0.815, ""zero_share_discharging"": 0.032, ""zero_share_charging"": 0.759, ""best"": [[""vin_1 col 2"", 1.0], [""vin_3 pack_state_b"", 0.86], [""vin_1 col 4"", 0.428]]}"
DTI,49,61842,61842,True,"{""vin_2 col 0"": {""best"": ""temperature"", ""r2"": 0.00018, ""joint_modepi_current_soc_r2"": 3e-05, ""median_abs_diff_to_modepi"": 3838.0}, ""vin_2 col 1"": {""best"": ""cell median"", ""r2"": 0.96858, ""joint_modepi_current_soc_r2"": 0.99812, ""median_abs_diff_to_modepi"": 132.3}, ""vin_3 col 0"": {""best"": ""cell mean"", ""r2"": 0.97008, ""joint_modepi_current_soc_r2"": 0.97059, ""median_abs_diff_to_modepi"": 2467.0}, ""vin_3 col 1"": {""best"": ""cell min"", ""r2"": 0.43312, ""joint_modepi_current_soc_r2"": 0.54125, ""median_abs_diff_to_modepi"": 2541.0}}","{""0"": {""best"": ""temperature"", ""r2"": 1.0, ""constant_value"": null, ""nondecreasing_share"": 0.782}, ""1"": {""best"": ""pack SOC"", ""r2"": 1.0, ""constant_value"": null, ""nondecreasing_share"": 0.685}, ""2"": {""best"": ""vin_3 col 1"", ""r2"": 0.70899, ""constant_value"": null, ""nondecreasing_share"": 0.728, ""share_at_minimum_while_charging"": 0.744, ""share_at_minimum_overall"": 0.519, ""r2_with_abs_current"": 0.0931}, ""3"": {""best"": ""cell sum"", ""r2"": 0.99716, ""constant_value"": null, ""nondecreasing_share"": 0.696}, ""4"": {""best"": ""current"", ""r2"": 1.0, ""constant_value"": null, ""nondecreasing_share"": 0.591}, ""5"": {""best"": ""volt_modepi"", ""r2"": 1.0, ""constant_value"": null, ""nondecreasing_share"": 0.637}, ""6"": {""best"": ""vin_3 col 0 (next row)"", ""r2"": 0.99999, ""constant_value"": null, ""nondecreasing_share"": 0.634}}",nan,nan,0.09999999999999964,0.09999789999999964,"{""nondecreasing_share"": 0.728, ""distinct"": 1592, ""integers"": true, ""max"": 1959.0, ""zero_share_rest"": 0.809, ""zero_share_discharging"": 0.003, ""zero_share_charging"": 0.744, ""best"": [[""vin_1 col 2"", 1.0], [""vin_3 pack_state_b"", 0.842], [""vin_1 col 4"", 0.44]]}"
DTI,48,66542,66542,True,"{""vin_2 col 0"": {""best"": ""cell median"", ""r2"": 0.00057, ""joint_modepi_current_soc_r2"": 0.00062, ""median_abs_diff_to_modepi"": 3814.0}, ""vin_2 col 1"": {""best"": ""cell max"", ""r2"": 0.97065, ""joint_modepi_current_soc_r2"": 0.99741, ""median_abs_diff_to_modepi"": 102.2}, ""vin_3 col 0"": {""best"": ""cell mean"", ""r2"": 0.96405, ""joint_modepi_current_soc_r2"": 0.96495, ""median_abs_diff_to_modepi"": 2451.0}, ""vin_3 col 1"": {""best"": ""volt_modepi"", ""r2"": 0.31948, ""joint_modepi_current_soc_r2"": 0.46067, ""median_abs_diff_to_modepi"": 2568.0}}","{""0"": {""best"": ""temperature"", ""r2"": 1.0, ""constant_value"": null, ""nondecreasing_share"": 0.782}, ""1"": {""best"": ""pack SOC"", ""r2"": 1.0, ""constant_value"": null, ""nondecreasing_share"": 0.68}, ""2"": {""best"": ""vin_3 col 1"", ""r2"": 0.81072, ""constant_value"": null, ""nondecreasing_share"": 0.72, ""share_at_minimum_while_charging"": 0.728, ""share_at_minimum_overall"": 0.51, ""r2_with_abs_current"": 0.0916}, ""3"": {""best"": ""cell sum"", ""r2"": 0.99619, ""constant_value"": null, ""nondecreasing_share"": 0.69}, ""4"": {""best"": ""current"", ""r2"": 1.0, ""constant_value"": null, ""nondecreasing_share"": 0.591}, ""5"": {""best"": ""volt_modepi"", ""r2"": 1.0, ""constant_value"": null, ""nondecreasing_share"": 0.649}, ""6"": {""best"": ""vin_3 col 0 (next row)"", ""r2"": 0.99996, ""constant_value"": null, ""nondecreasing_share"": 0.645}}",nan,nan,0.09999999999999964,0.09999789999999964,"{""nondecreasing_share"": 0.72, ""distinct"": 1773, ""integers"": true, ""max"": 1902.0, ""zero_share_rest"": 0.816, ""zero_share_discharging"": 0.002, ""zero_share_charging"": 0.728, ""best"": [[""vin_1 col 2"", 1.0], [""vin_3 pack_state_b"", 0.9], [""vin_1 col 4"", 0.454]]}"
DTI,51,60716,60716,True,"{""vin_2 col 0"": {""best"": ""cell median"", ""r2"": 0.00071, ""joint_modepi_current_soc_r2"": 0.0008, ""median_abs_diff_to_modepi"": 3817.0}, ""vin_2 col 1"": {""best"": ""cell max"", ""r2"": 0.97154, ""joint_modepi_current_soc_r2"": 0.9981, ""median_abs_diff_to_modepi"": 124.4}, ""vin_3 col 0"": {""best"": ""cell max"", ""r2"": 0.96711, ""joint_modepi_current_soc_r2"": 0.96755, ""median_abs_diff_to_modepi"": 2453.0}, ""vin_3 col 1"": {""best"": ""cell min"", ""r2"": 0.38095, ""joint_modepi_current_soc_r2"": 0.50983, ""median_abs_diff_to_modepi"": 2570.0}}","{""0"": {""best"": ""temperature"", ""r2"": 1.0, ""constant_value"": null, ""nondecreasing_share"": 0.784}, ""1"": {""best"": ""pack SOC"", ""r2"": 1.0, ""constant_value"": null, ""nondecreasing_share"": 0.662}, ""2"": {""best"": ""vin_3 col 1"", ""r2"": 0.76244, ""constant_value"": null, ""nondecreasing_share"": 0.733, ""share_at_minimum_while_charging"": 0.767, ""share_at_minimum_overall"": 0.53, ""r2_with_abs_current"": 0.0965}, ""3"": {""best"": ""cell sum"", ""r2"": 0.99779, ""constant_value"": null, ""nondecreasing_share"": 0.697}, ""4"": {""best"": ""current"", ""r2"": 1.0, ""constant_value"": null, ""nondecreasing_share"": 0.587}, ""5"": {""best"": ""volt_modepi"", ""r2"": 1.0, ""constant_value"": null, ""nondecreasing_share"": 0.634}, ""6"": {""best"": ""vin_3 col 0 (next row)"", ""r2"": 0.99995, ""constant_value"": null, ""nondecreasing_share"": 0.632}}",nan,nan,0.09999999999999964,0.09999759999999965,"{""nondecreasing_share"": 0.733, ""distinct"": 1693, ""integers"": true, ""max"": 1929.0, ""zero_share_rest"": 0.816, ""zero_share_discharging"": 0.037, ""zero_share_charging"": 0.767, ""best"": [[""vin_1 col 2"", 1.0], [""vin_3 pack_state_b"", 0.873], [""vin_3 current_A"", 0.45]]}"
DTI,55,10210,10210,True,"{""vin_2 col 0"": {""best"": ""cell max"", ""r2"": 1e-05, ""joint_modepi_current_soc_r2"": 0.00021, ""median_abs_diff_to_modepi"": 3849.0}, ""vin_2 col 1"": {""best"": ""cell mean"", ""r2"": 0.95641, ""joint_modepi_current_soc_r2"": 0.99679, ""median_abs_diff_to_modepi"": 83.28}, ""vin_3 col 0"": {""best"": ""volt_modepi"", ""r2"": 0.86818, ""joint_modepi_current_soc_r2"": 0.86938, ""median_abs_diff_to_modepi"": 2474.0}, ""vin_3 col 1"": {""best"": ""cell min"", ""r2"": 0.37727, ""joint_modepi_current_soc_r2"": 0.49962, ""median_abs_diff_to_modepi"": 2573.0}}","{""0"": {""best"": ""temperature"", ""r2"": 1.0, ""constant_value"": null, ""nondecreasing_share"": 0.825}, ""1"": {""best"": ""pack SOC"", ""r2"": 1.0, ""constant_value"": null, ""nondecreasing_share"": 0.64}, ""2"": {""best"": ""vin_3 col 1"", ""r2"": 0.81484, ""constant_value"": null, ""nondecreasing_share"": 0.731, ""share_at_minimum_while_charging"": 0.711, ""share_at_minimum_overall"": 0.495, ""r2_with_abs_current"": 0.0561}, ""3"": {""best"": ""cell sum"", ""r2"": 0.99567, ""constant_value"": null, ""nondecreasing_share"": 0.68}, ""4"": {""best"": ""current"", ""r2"": 1.0, ""constant_value"": null, ""nondecreasing_share"": 0.622}, ""5"": {""best"": ""volt_modepi"", ""r2"": 1.0, ""constant_value"": null, ""nondecreasing_share"": 0.622}, ""6"": {""best"": ""vin_3 col 0 (next row)"", ""r2"": 0.9999, ""constant_value"": null, ""nondecreasing_share"": 0.619}}",nan,nan,0.09999999999999964,0.09999819999999965,"{""nondecreasing_share"": 0.731, ""distinct"": 1641, ""integers"": true, ""max"": 1929.0, ""zero_share_rest"": 0.916, ""zero_share_discharging"": 0.004, ""zero_share_charging"": 0.711, ""best"": [[""vin_1 col 2"", 1.0], [""vin_3 pack_state_b"", 0.903], [""vin_3 current_A"", 0.471]]}"
DTI,58,16,16,True,"{""vin_2 col 0"": {""best"": ""current"", ""r2"": 0.57631, ""joint_modepi_current_soc_r2"": 0.65473, ""median_abs_diff_to_modepi"": 3549.0}, ""vin_2 col 1"": {""best"": ""cell median"", ""r2"": 0.81752, ""joint_modepi_current_soc_r2"": 0.9762, ""median_abs_diff_to_modepi"": 2.919}, ""vin_3 col 0"": {""best"": ""temperature"", ""r2"": 0.3259, ""joint_modepi_current_soc_r2"": 0.29196, ""median_abs_diff_to_modepi"": 2388.0}, ""vin_3 col 1"": {""best"": ""cell SOC mean"", ""r2"": 0.38444, ""joint_modepi_current_soc_r2"": 0.16441, ""median_abs_diff_to_modepi"": 2438.0}}","{""0"": {""best"": ""temperature"", ""r2"": 1.0, ""constant_value"": null, ""nondecreasing_share"": 1.0}, ""1"": {""best"": ""pack SOC"", ""r2"": 1.0, ""constant_value"": null, ""nondecreasing_share"": 0.6}, ""2"": {""best"": ""volt_modepi"", ""r2"": 0.69259, ""constant_value"": null, ""nondecreasing_share"": 0.667, ""share_at_minimum_while_charging"": null, ""share_at_minimum_overall"": 0.562, ""r2_with_abs_current"": 0.5168}, ""3"": {""best"": ""cell max"", ""r2"": 0.88039, ""constant_value"": null, ""nondecreasing_share"": 0.667, ""share_at_minimum_while_charging"": null, ""share_at_minimum_overall"": 0.062, ""r2_with_abs_current"": 0.8077}, ""4"": {""best"": ""current"", ""r2"": 1.0, ""constant_value"": null, ""nondecreasing_share"": 0.733}, ""5"": {""best"": ""volt_modepi"", ""r2"": 1.0, ""constant_value"": null, ""nondecreasing_share"": 0.6}, ""6"": {""best"": ""vin_3 col 0 (next row)"", ""r2"": 0.99975, ""constant_value"": null, ""nondecreasing_share"": 0.8}}",nan,nan,nan,0.09998529999999964,"{""nondecreasing_share"": 0.667, ""distinct"": 8, ""integers"": true, ""max"": 407.0, ""zero_share_rest"": 1.0, ""zero_share_discharging"": 0.143, ""zero_share_charging"": null, ""best"": [[""vin_1 col 2"", 1.0], [""vin_1 col 3"", 0.842], [""volt_modepi"", 0.839]]}"
DTI,59,4,4,True,"{""vin_2 col 0"": {""best"": ""none"", ""r2"": NaN, ""joint_modepi_current_soc_r2"": NaN, ""median_abs_diff_to_modepi"": 3261.0}, ""vin_2 col 1"": {""best"": ""none"", ""r2"": NaN, ""joint_modepi_current_soc_r2"": NaN, ""median_abs_diff_to_modepi"": 0.3878}, ""vin_3 col 0"": {""best"": ""none"", ""r2"": NaN, ""joint_modepi_current_soc_r2"": NaN, ""median_abs_diff_to_modepi"": 2996.0}, ""vin_3 col 1"": {""best"": ""none"", ""r2"": NaN, ""joint_modepi_current_soc_r2"": NaN, ""median_abs_diff_to_modepi"": 2518.0}}","{""0"": {""best"": ""constant"", ""r2"": NaN, ""constant_value"": 0.0, ""nondecreasing_share"": 1.0}, ""1"": {""best"": ""none"", ""r2"": NaN, ""constant_value"": null, ""nondecreasing_share"": 0.667, ""share_at_minimum_while_charging"": null, ""share_at_minimum_overall"": 0.25, ""r2_with_abs_current"": NaN}, ""2"": {""best"": ""constant"", ""r2"": NaN, ""constant_value"": 0.0, ""nondecreasing_share"": 1.0}, ""3"": {""best"": ""none"", ""r2"": NaN, ""constant_value"": null, ""nondecreasing_share"": 0.667, ""share_at_minimum_while_charging"": null, ""share_at_minimum_overall"": 0.25, ""r2_with_abs_current"": NaN}, ""4"": {""best"": ""none"", ""r2"": NaN, ""constant_value"": null, ""nondecreasing_share"": 1.0, ""share_at_minimum_while_charging"": null, ""share_at_minimum_overall"": 0.75, ""r2_with_abs_current"": NaN}, ""5"": {""best"": ""none"", ""r2"": NaN, ""constant_value"": null, ""nondecreasing_share"": 0.0, ""share_at_minimum_while_charging"": null, ""share_at_minimum_overall"": 0.25, ""r2_with_abs_current"": NaN}, ""6"": {""best"": ""none"", ""r2"": NaN, ""constant_value"": null, ""nondecreasing_share"": 0.333, ""share_at_minimum_while_charging"": null, ""share_at_minimum_overall"": 0.25, ""r2_with_abs_current"": NaN}}",nan,nan,nan,0.09999294999999964,"{""nondecreasing_share"": 1.0, ""distinct"": 1, ""integers"": true, ""max"": 0.0, ""zero_share_rest"": 1.0, ""zero_share_discharging"": null, ""zero_share_charging"": null, ""best"": []}"
DTI,60,2112,2112,True,"{""vin_2 col 0"": {""best"": ""pack SOC"", ""r2"": 0.01059, ""joint_modepi_current_soc_r2"": 0.0135, ""median_abs_diff_to_modepi"": 3889.0}, ""vin_2 col 1"": {""best"": ""cell max"", ""r2"": 0.98217, ""joint_modepi_current_soc_r2"": 0.99634, ""median_abs_diff_to_modepi"": 57.79}, ""vin_3 col 0"": {""best"": ""cell SOC mean"", ""r2"": 0.56609, ""joint_modepi_current_soc_r2"": 0.55798, ""median_abs_diff_to_modepi"": 2500.0}, ""vin_3 col 1"": {""best"": ""cell min"", ""r2"": 0.41587, ""joint_modepi_current_soc_r2"": 0.54102, ""median_abs_diff_to_modepi"": 2543.0}}","{""0"": {""best"": ""temperature"", ""r2"": 1.0, ""constant_value"": null, ""nondecreasing_share"": 0.874}, ""1"": {""best"": ""pack SOC"", ""r2"": 1.0, ""constant_value"": null, ""nondecreasing_share"": 0.893}, ""2"": {""best"": ""vin_3 col 1"", ""r2"": 0.37051, ""constant_value"": null, ""nondecreasing_share"": 0.934, ""share_at_minimum_while_charging"": 0.964, ""share_at_minimum_overall"": 0.879, ""r2_with_abs_current"": 0.5497}, ""3"": {""best"": ""cell max"", ""r2"": 0.99827, ""constant_value"": null, ""nondecreasing_share"": 0.867}, ""4"": {""best"": ""current"", ""r2"": 1.0, ""constant_value"": null, ""nondecreasing_share"": 0.698}, ""5"": {""best"": ""volt_modepi"", ""r2"": 1.0, ""constant_value"": null, ""nondecreasing_share"": 0.796}, ""6"": {""best"": ""vin_3 col 0 (next row)"", ""r2"": 0.99985, ""constant_value"": null, ""nondecreasing_share"": 0.794}}",nan,nan,0.09999999999999964,0.10002339999999965,"{""nondecreasing_share"": 0.934, ""distinct"": 241, ""integers"": true, ""max"": 1719.0, ""zero_share_rest"": 0.99, ""zero_share_discharging"": 0.215, ""zero_share_charging"": 0.964, ""best"": [[""vin_1 col 2"", 1.0], [""vin_3 pack_state_b"", 0.609], [""vin_3 current_A"", 0.551]]}"
DTI,56,32375,32375,True,"{""vin_2 col 0"": {""best"": ""cell min"", ""r2"": 0.00042, ""joint_modepi_current_soc_r2"": 0.00042, ""median_abs_diff_to_modepi"": 3776.0}, ""vin_2 col 1"": {""best"": ""cell max"", ""r2"": 0.94373, ""joint_modepi_current_soc_r2"": 0.99671, ""median_abs_diff_to_modepi"": 72.41}, ""vin_3 col 0"": {""best"": ""cell max"", ""r2"": 0.94244, ""joint_modepi_current_soc_r2"": 0.94359, ""median_abs_diff_to_modepi"": 2427.0}, ""vin_3 col 1"": {""best"": ""cell min"", ""r2"": 0.30428, ""joint_modepi_current_soc_r2"": 0.49077, ""median_abs_diff_to_modepi"": 2594.0}}","{""0"": {""best"": ""temperature"", ""r2"": 1.0, ""constant_value"": null, ""nondecreasing_share"": 0.769}, ""1"": {""best"": ""pack SOC"", ""r2"": 1.0, ""constant_value"": null, ""nondecreasing_share"": 0.572}, ""2"": {""best"": ""vin_3 col 1"", ""r2"": 0.84634, ""constant_value"": null, ""nondecreasing_share"": 0.689, ""share_at_minimum_while_charging"": 0.57, ""share_at_minimum_overall"": 0.418, ""r2_with_abs_current"": 0.0237}, ""3"": {""best"": ""volt_modepi"", ""r2"": 0.99611, ""constant_value"": null, ""nondecreasing_share"": 0.643}, ""4"": {""best"": ""current"", ""r2"": 1.0, ""constant_value"": null, ""nondecreasing_share"": 0.607}, ""5"": {""best"": ""volt_modepi"", ""r2"": 1.0, ""constant_value"": null, ""nondecreasing_share"": 0.591}, ""6"": {""best"": ""vin_3 col 0 (next row)"", ""r2"": 0.99994, ""constant_value"": null, ""nondecreasing_share"": 0.585}}",nan,nan,0.09999999999999964,0.09999669999999965,"{""nondecreasing_share"": 0.689, ""distinct"": 1797, ""integers"": true, ""max"": 1807.0, ""zero_share_rest"": 0.91, ""zero_share_discharging"": 0.001, ""zero_share_charging"": 0.57, ""best"": [[""vin_1 col 2"", 1.0], [""vin_3 pack_state_b"", 0.92], [""vin_3 current_A"", 0.507]]}"
DTI,53,58813,58813,True,"{""vin_2 col 0"": {""best"": ""temperature"", ""r2"": 0.00033, ""joint_modepi_current_soc_r2"": 0.00017, ""median_abs_diff_to_modepi"": 3866.0}, ""vin_2 col 1"": {""best"": ""cell max"", ""r2"": 0.9728, ""joint_modepi_current_soc_r2"": 0.9976, ""median_abs_diff_to_modepi"": 95.95}, ""vin_3 col 0"": {""best"": ""cell mean"", ""r2"": 0.97051, ""joint_modepi_current_soc_r2"": 0.97122, ""median_abs_diff_to_modepi"": 2484.0}, ""vin_3 col 1"": {""best"": ""volt_modepi"", ""r2"": 0.43541, ""joint_modepi_current_soc_r2"": 0.56743, ""median_abs_diff_to_modepi"": 2563.0}}","{""0"": {""best"": ""temperature"", ""r2"": 1.0, ""constant_value"": null, ""nondecreasing_share"": 0.79}, ""1"": {""best"": ""pack SOC"", ""r2"": 1.0, ""constant_value"": null, ""nondecreasing_share"": 0.697}, ""2"": {""best"": ""vin_3 col 1"", ""r2"": 0.70754, ""constant_value"": null, ""nondecreasing_share"": 0.742, ""share_at_minimum_while_charging"": 0.763, ""share_at_minimum_overall"": 0.544, ""r2_with_abs_current"": 0.1275}, ""3"": {""best"": ""cell sum"", ""r2"": 0.99662, ""constant_value"": null, ""nondecreasing_share"": 0.713}, ""4"": {""best"": ""current"", ""r2"": 1.0, ""constant_value"": null, ""nondecreasing_share"": 0.595}, ""5"": {""best"": ""volt_modepi"", ""r2"": 1.0, ""constant_value"": null, ""nondecreasing_share"": 0.661}, ""6"": {""best"": ""vin_3 col 0 (next row)"", ""r2"": 0.99999, ""constant_value"": null, ""nondecreasing_share"": 0.658}}",nan,nan,0.09999999999999964,0.09999789999999964,"{""nondecreasing_share"": 0.742, ""distinct"": 1719, ""integers"": true, ""max"": 1893.0, ""zero_share_rest"": 0.83, ""zero_share_discharging"": 0.005, ""zero_share_charging"": 0.763, ""best"": [[""vin_1 col 2"", 1.0], [""vin_3 pack_state_b"", 0.841], [""vin_3 current_A"", 0.477]]}"
DTI,52,66890,66890,True,"{""vin_2 col 0"": {""best"": ""current"", ""r2"": 0.00017, ""joint_modepi_current_soc_r2"": 0.00064, ""median_abs_diff_to_modepi"": 3831.0}, ""vin_2 col 1"": {""best"": ""cell max"", ""r2"": 0.97807, ""joint_modepi_current_soc_r2"": 0.9984, ""median_abs_diff_to_modepi"": 116.8}, ""vin_3 col 0"": {""best"": ""cell max"", ""r2"": 0.97714, ""joint_modepi_current_soc_r2"": 0.97758, ""median_abs_diff_to_modepi"": 2462.0}, ""vin_3 col 1"": {""best"": ""cell min"", ""r2"": 0.44545, ""joint_modepi_current_soc_r2"": 0.589, ""median_abs_diff_to_modepi"": 2530.0}}","{""0"": {""best"": ""temperature"", ""r2"": 1.0, ""constant_value"": null, ""nondecreasing_share"": 0.776}, ""1"": {""best"": ""pack SOC"", ""r2"": 1.0, ""constant_value"": null, ""nondecreasing_share"": 0.689}, ""2"": {""best"": ""vin_3 col 1"", ""r2"": 0.67075, ""constant_value"": null, ""nondecreasing_share"": 0.765, ""share_at_minimum_while_charging"": 0.826, ""share_at_minimum_overall"": 0.586, ""r2_with_abs_current"": 0.1639}, ""3"": {""best"": ""cell sum"", ""r2"": 0.99846, ""constant_value"": null, ""nondecreasing_share"": 0.723}, ""4"": {""best"": ""current"", ""r2"": 1.0, ""constant_value"": null, ""nondecreasing_share"": 0.582}, ""5"": {""best"": ""volt_modepi"", ""r2"": 1.0, ""constant_value"": null, ""nondecreasing_share"": 0.651}, ""6"": {""best"": ""vin_3 col 0 (next row)"", ""r2"": 0.99999, ""constant_value"": null, ""nondecreasing_share"": 0.648}}",nan,nan,0.09999999999999964,0.09999699999999964,"{""nondecreasing_share"": 0.765, ""distinct"": 1748, ""integers"": true, ""max"": 1900.0, ""zero_share_rest"": 0.81, ""zero_share_discharging"": 0.077, ""zero_share_charging"": 0.826, ""best"": [[""vin_1 col 2"", 1.0], [""vin_3 pack_state_b"", 0.819], [""vin_1 col 4"", 0.51]]}"
DTI,54,56057,56057,True,"{""vin_2 col 0"": {""best"": ""current"", ""r2"": 0.00021, ""joint_modepi_current_soc_r2"": 0.0006, ""median_abs_diff_to_modepi"": 3811.0}, ""vin_2 col 1"": {""best"": ""cell max"", ""r2"": 0.95975, ""joint_modepi_current_soc_r2"": 0.99619, ""median_abs_diff_to_modepi"": 88.22}, ""vin_3 col 0"": {""best"": ""cell max"", ""r2"": 0.95363, ""joint_modepi_current_soc_r2"": 0.95442, ""median_abs_diff_to_modepi"": 2449.0}, ""vin_3 col 1"": {""best"": ""cell min"", ""r2"": 0.4842, ""joint_modepi_current_soc_r2"": 0.64501, ""median_abs_diff_to_modepi"": 2515.0}}","{""0"": {""best"": ""temperature"", ""r2"": 1.0, ""constant_value"": null, ""nondecreasing_share"": 0.792}, ""1"": {""best"": ""pack SOC"", ""r2"": 1.0, ""constant_value"": null, ""nondecreasing_share"": 0.672}, ""2"": {""best"": ""vin_3 col 1"", ""r2"": 0.7306, ""constant_value"": null, ""nondecreasing_share"": 0.75, ""share_at_minimum_while_charging"": 0.796, ""share_at_minimum_overall"": 0.559, ""r2_with_abs_current"": 0.1601}, ""3"": {""best"": ""cell sum"", ""r2"": 0.98889, ""constant_value"": null, ""nondecreasing_share"": 0.718}, ""4"": {""best"": ""current"", ""r2"": 1.0, ""constant_value"": null, ""nondecreasing_share"": 0.594}, ""5"": {""best"": ""volt_modepi"", ""r2"": 1.0, ""constant_value"": null, ""nondecreasing_share"": 0.692}, ""6"": {""best"": ""vin_3 col 0 (next row)"", ""r2"": 0.99999, ""constant_value"": null, ""nondecreasing_share"": 0.689}}",nan,nan,0.09999999999999964,0.09999819999999965,"{""nondecreasing_share"": 0.75, ""distinct"": 1803, ""integers"": true, ""max"": 1998.0, ""zero_share_rest"": 0.841, ""zero_share_discharging"": 0.024, ""zero_share_charging"": 0.796, ""best"": [[""vin_1 col 2"", 1.0], [""vin_3 pack_state_b"", 0.855], [""vin_3 current_A"", 0.537]]}"
DTI,57,52083,52083,True,"{""vin_2 col 0"": {""best"": ""cell min"", ""r2"": 0.00071, ""joint_modepi_current_soc_r2"": 0.0008, ""median_abs_diff_to_modepi"": 3744.0}, ""vin_2 col 1"": {""best"": ""cell max"", ""r2"": 0.93975, ""joint_modepi_current_soc_r2"": 0.99655, ""median_abs_diff_to_modepi"": 68.84}, ""vin_3 col 0"": {""best"": ""cell max"", ""r2"": 0.95768, ""joint_modepi_current_soc_r2"": 0.95855, ""median_abs_diff_to_modepi"": 2406.0}, ""vin_3 col 1"": {""best"": ""cell min"", ""r2"": 0.32278, ""joint_modepi_current_soc_r2"": 0.49807, ""median_abs_diff_to_modepi"": 2573.0}}","{""0"": {""best"": ""temperature"", ""r2"": 1.0, ""constant_value"": null, ""nondecreasing_share"": 0.734}, ""1"": {""best"": ""pack SOC"", ""r2"": 1.0, ""constant_value"": null, ""nondecreasing_share"": 0.558}, ""2"": {""best"": ""vin_3 col 1"", ""r2"": 0.86779, ""constant_value"": null, ""nondecreasing_share"": 0.66, ""share_at_minimum_while_charging"": 0.537, ""share_at_minimum_overall"": 0.364, ""r2_with_abs_current"": 0.0156}, ""3"": {""best"": ""cell sum"", ""r2"": 0.9956, ""constant_value"": null, ""nondecreasing_share"": 0.627}, ""4"": {""best"": ""current"", ""r2"": 1.0, ""constant_value"": null, ""nondecreasing_share"": 0.577}, ""5"": {""best"": ""volt_modepi"", ""r2"": 1.0, ""constant_value"": null, ""nondecreasing_share"": 0.584}, ""6"": {""best"": ""vin_3 col 0 (next row)"", ""r2"": 0.99996, ""constant_value"": null, ""nondecreasing_share"": 0.58}}",nan,nan,0.09999999999999964,0.09999549999999964,"{""nondecreasing_share"": 0.66, ""distinct"": 1808, ""integers"": true, ""max"": 1939.0, ""zero_share_rest"": 0.854, ""zero_share_discharging"": 0.001, ""zero_share_charging"": 0.537, ""best"": [[""vin_1 col 2"", 1.0], [""vin_3 pack_state_b"", 0.932], [""vin_3 current_A"", 0.524]]}"
DTI,61,47605,47605,True,"{""vin_2 col 0"": {""best"": ""temperature"", ""r2"": 0.0002, ""joint_modepi_current_soc_r2"": 0.00024, ""median_abs_diff_to_modepi"": 3744.0}, ""vin_2 col 1"": {""best"": ""cell max"", ""r2"": 0.94784, ""joint_modepi_current_soc_r2"": 0.99684, ""median_abs_diff_to_modepi"": 70.87}, ""vin_3 col 0"": {""best"": ""cell max"", ""r2"": 0.96196, ""joint_modepi_current_soc_r2"": 0.96284, ""median_abs_diff_to_modepi"": 2407.0}, ""vin_3 col 1"": {""best"": ""cell min"", ""r2"": 0.39513, ""joint_modepi_current_soc_r2"": 0.55733, ""median_abs_diff_to_modepi"": 2558.0}}","{""0"": {""best"": ""temperature"", ""r2"": 1.0, ""constant_value"": null, ""nondecreasing_share"": 0.753}, ""1"": {""best"": ""pack SOC"", ""r2"": 1.0, ""constant_value"": null, ""nondecreasing_share"": 0.543}, ""2"": {""best"": ""vin_3 col 1"", ""r2"": 0.82123, ""constant_value"": null, ""nondecreasing_share"": 0.656, ""share_at_minimum_while_charging"": 0.547, ""share_at_minimum_overall"": 0.35, ""r2_with_abs_current"": 0.0064}, ""3"": {""best"": ""volt_modepi"", ""r2"": 0.99655, ""constant_value"": null, ""nondecreasing_share"": 0.625}, ""4"": {""best"": ""current"", ""r2"": 1.0, ""constant_value"": null, ""nondecreasing_share"": 0.577}, ""5"": {""best"": ""volt_modepi"", ""r2"": 1.0, ""constant_value"": null, ""nondecreasing_share"": 0.587}, ""6"": {""best"": ""vin_3 col 0 (next row)"", ""r2"": 0.99998, ""constant_value"": null, ""nondecreasing_share"": 0.582}}",nan,nan,0.09999999999999964,0.09999549999999964,"{""nondecreasing_share"": 0.656, ""distinct"": 1786, ""integers"": true, ""max"": 1811.0, ""zero_share_rest"": 0.849, ""zero_share_discharging"": 0.0, ""zero_share_charging"": 0.547, ""best"": [[""vin_1 col 2"", 1.0], [""vin_3 pack_state_b"", 0.906], [""vin_1 col 4"", 0.533]]}"
DTI,62,30432,30432,True,"{""vin_2 col 0"": {""best"": ""pack SOC"", ""r2"": 9e-05, ""joint_modepi_current_soc_r2"": 0.00014, ""median_abs_diff_to_modepi"": 3838.0}, ""vin_2 col 1"": {""best"": ""pack SOC"", ""r2"": 0.93119, ""joint_modepi_current_soc_r2"": 0.998, ""median_abs_diff_to_modepi"": 131.4}, ""vin_3 col 0"": {""best"": ""cell max"", ""r2"": 0.96064, ""joint_modepi_current_soc_r2"": 0.96128, ""median_abs_diff_to_modepi"": 2467.0}, ""vin_3 col 1"": {""best"": ""cell min"", ""r2"": 0.46137, ""joint_modepi_current_soc_r2"": 0.62785, ""median_abs_diff_to_modepi"": 2624.0}}","{""0"": {""best"": ""temperature"", ""r2"": 1.0, ""constant_value"": null, ""nondecreasing_share"": 0.8}, ""1"": {""best"": ""pack SOC"", ""r2"": 1.0, ""constant_value"": null, ""nondecreasing_share"": 0.5}, ""2"": {""best"": ""vin_3 col 1"", ""r2"": 0.86138, ""constant_value"": null, ""nondecreasing_share"": 0.665, ""share_at_minimum_while_charging"": 0.595, ""share_at_minimum_overall"": 0.347, ""r2_with_abs_current"": 0.0002}, ""3"": {""best"": ""volt_modepi"", ""r2"": 0.99776, ""constant_value"": null, ""nondecreasing_share"": 0.618}, ""4"": {""best"": ""current"", ""r2"": 1.0, ""constant_value"": null, ""nondecreasing_share"": 0.577}, ""5"": {""best"": ""volt_modepi"", ""r2"": 1.0, ""constant_value"": null, ""nondecreasing_share"": 0.577}, ""6"": {""best"": ""vin_3 col 0 (next row)"", ""r2"": 0.99999, ""constant_value"": null, ""nondecreasing_share"": 0.573}}",nan,nan,0.09999999999999964,0.09999189999999965,"{""nondecreasing_share"": 0.665, ""distinct"": 1642, ""integers"": true, ""max"": 1702.0, ""zero_share_rest"": 0.866, ""zero_share_discharging"": 0.001, ""zero_share_charging"": 0.595, ""best"": [[""vin_1 col 2"", 1.0], [""vin_3 pack_state_b"", 0.928], [""vin_1 col 4"", 0.557]]}"
DTI,63,27803,27803,True,"{""vin_2 col 0"": {""best"": ""pack SOC"", ""r2"": 0.00029, ""joint_modepi_current_soc_r2"": 0.00033, ""median_abs_diff_to_modepi"": 3876.0}, ""vin_2 col 1"": {""best"": ""cell mean"", ""r2"": 0.93651, ""joint_modepi_current_soc_r2"": 0.99777, ""median_abs_diff_to_modepi"": 110.7}, ""vin_3 col 0"": {""best"": ""cell max"", ""r2"": 0.95832, ""joint_modepi_current_soc_r2"": 0.95898, ""median_abs_diff_to_modepi"": 2491.0}, ""vin_3 col 1"": {""best"": ""cell min"", ""r2"": 0.4586, ""joint_modepi_current_soc_r2"": 0.60507, ""median_abs_diff_to_modepi"": 2628.0}}","{""0"": {""best"": ""temperature"", ""r2"": 1.0, ""constant_value"": null, ""nondecreasing_share"": 0.805}, ""1"": {""best"": ""pack SOC"", ""r2"": 1.0, ""constant_value"": null, ""nondecreasing_share"": 0.545}, ""2"": {""best"": ""vin_3 col 1"", ""r2"": 0.83403, ""constant_value"": null, ""nondecreasing_share"": 0.687, ""share_at_minimum_while_charging"": 0.626, ""share_at_minimum_overall"": 0.402, ""r2_with_abs_current"": 0.0065}, ""3"": {""best"": ""volt_modepi"", ""r2"": 0.99712, ""constant_value"": null, ""nondecreasing_share"": 0.636}, ""4"": {""best"": ""current"", ""r2"": 1.0, ""constant_value"": null, ""nondecreasing_share"": 0.594}, ""5"": {""best"": ""volt_modepi"", ""r2"": 1.0, ""constant_value"": null, ""nondecreasing_share"": 0.578}, ""6"": {""best"": ""vin_3 col 0 (next row)"", ""r2"": 0.99999, ""constant_value"": null, ""nondecreasing_share"": 0.575}}",nan,nan,0.09999999999999964,0.09999369999999964,"{""nondecreasing_share"": 0.687, ""distinct"": 1691, ""integers"": true, ""max"": 1797.0, ""zero_share_rest"": 0.896, ""zero_share_discharging"": 0.002, ""zero_share_charging"": 0.626, ""best"": [[""vin_1 col 2"", 1.0], [""vin_3 pack_state_b"", 0.913], [""vin_3 current_A"", 0.529]]}"
DTI,65,27171,27171,True,"{""vin_2 col 0"": {""best"": ""temperature"", ""r2"": 0.00045, ""joint_modepi_current_soc_r2"": 0.00022, ""median_abs_diff_to_modepi"": 3795.0}, ""vin_2 col 1"": {""best"": ""cell max"", ""r2"": 0.92745, ""joint_modepi_current_soc_r2"": 0.99689, ""median_abs_diff_to_modepi"": 99.9}, ""vin_3 col 0"": {""best"": ""cell max"", ""r2"": 0.93621, ""joint_modepi_current_soc_r2"": 0.93733, ""median_abs_diff_to_modepi"": 2440.0}, ""vin_3 col 1"": {""best"": ""cell min"", ""r2"": 0.36696, ""joint_modepi_current_soc_r2"": 0.53862, ""median_abs_diff_to_modepi"": 2596.0}}","{""0"": {""best"": ""temperature"", ""r2"": 1.0, ""constant_value"": null, ""nondecreasing_share"": 0.808}, ""1"": {""best"": ""pack SOC"", ""r2"": 1.0, ""constant_value"": null, ""nondecreasing_share"": 0.539}, ""2"": {""best"": ""vin_3 col 1"", ""r2"": 0.84295, ""constant_value"": null, ""nondecreasing_share"": 0.675, ""share_at_minimum_while_charging"": 0.571, ""share_at_minimum_overall"": 0.38, ""r2_with_abs_current"": 0.0049}, ""3"": {""best"": ""volt_modepi"", ""r2"": 0.99646, ""constant_value"": null, ""nondecreasing_share"": 0.628}, ""4"": {""best"": ""current"", ""r2"": 1.0, ""constant_value"": null, ""nondecreasing_share"": 0.586}, ""5"": {""best"": ""volt_modepi"", ""r2"": 1.0, ""constant_value"": null, ""nondecreasing_share"": 0.589}, ""6"": {""best"": ""vin_3 col 0 (next row)"", ""r2"": 0.99994, ""constant_value"": null, ""nondecreasing_share"": 0.584}}",nan,nan,0.09999999999999964,0.09999669999999965,"{""nondecreasing_share"": 0.675, ""distinct"": 1781, ""integers"": true, ""max"": 1944.0, ""zero_share_rest"": 0.891, ""zero_share_discharging"": 0.001, ""zero_share_charging"": 0.571, ""best"": [[""vin_1 col 2"", 1.0], [""vin_3 pack_state_b"", 0.918], [""vin_3 current_A"", 0.543]]}"
DTI,64,46625,46625,True,"{""vin_2 col 0"": {""best"": ""current"", ""r2"": 4e-05, ""joint_modepi_current_soc_r2"": 0.0001, ""median_abs_diff_to_modepi"": 3954.0}, ""vin_2 col 1"": {""best"": ""cell min"", ""r2"": 0.94854, ""joint_modepi_current_soc_r2"": 0.99704, ""median_abs_diff_to_modepi"": 110.5}, ""vin_3 col 0"": {""best"": ""cell max"", ""r2"": 0.95432, ""joint_modepi_current_soc_r2"": 0.95536, ""median_abs_diff_to_modepi"": 2542.0}, ""vin_3 col 1"": {""best"": ""cell min"", ""r2"": 0.39837, ""joint_modepi_current_soc_r2"": 0.53953, ""median_abs_diff_to_modepi"": 2696.0}}","{""0"": {""best"": ""temperature"", ""r2"": 1.0, ""constant_value"": null, ""nondecreasing_share"": 0.782}, ""1"": {""best"": ""pack SOC"", ""r2"": 1.0, ""constant_value"": null, ""nondecreasing_share"": 0.61}, ""2"": {""best"": ""vin_3 col 1"", ""r2"": 0.89622, ""constant_value"": null, ""nondecreasing_share"": 0.696, ""share_at_minimum_while_charging"": 0.638, ""share_at_minimum_overall"": 0.446, ""r2_with_abs_current"": 0.0209}, ""3"": {""best"": ""cell median"", ""r2"": 0.99555, ""constant_value"": null, ""nondecreasing_share"": 0.647}, ""4"": {""best"": ""current"", ""r2"": 1.0, ""constant_value"": null, ""nondecreasing_share"": 0.604}, ""5"": {""best"": ""volt_modepi"", ""r2"": 1.0, ""constant_value"": null, ""nondecreasing_share"": 0.568}, ""6"": {""best"": ""vin_3 col 0 (next row)"", ""r2"": 0.99996, ""constant_value"": null, ""nondecreasing_share"": 0.565}}",nan,nan,0.09999999999999964,0.09999759999999965,"{""nondecreasing_share"": 0.696, ""distinct"": 1721, ""integers"": true, ""max"": 1802.0, ""zero_share_rest"": 0.901, ""zero_share_discharging"": 0.001, ""zero_share_charging"": 0.638, ""best"": [[""vin_1 col 2"", 1.0], [""vin_3 pack_state_b"", 0.947], [""vin_1 col 4"", 0.496]]}"
DTI,66,34142,34142,True,"{""vin_2 col 0"": {""best"": ""cell min"", ""r2"": 0.00059, ""joint_modepi_current_soc_r2"": 0.00059, ""median_abs_diff_to_modepi"": 3810.0}, ""vin_2 col 1"": {""best"": ""cell max"", ""r2"": 0.94397, ""joint_modepi_current_soc_r2"": 0.99708, ""median_abs_diff_to_modepi"": 100.0}, ""vin_3 col 0"": {""best"": ""cell max"", ""r2"": 0.94911, ""joint_modepi_current_soc_r2"": 0.95001, ""median_abs_diff_to_modepi"": 2449.0}, ""vin_3 col 1"": {""best"": ""cell min"", ""r2"": 0.35647, ""joint_modepi_current_soc_r2"": 0.54542, ""median_abs_diff_to_modepi"": 2636.0}}","{""0"": {""best"": ""temperature"", ""r2"": 1.0, ""constant_value"": null, ""nondecreasing_share"": 0.815}, ""1"": {""best"": ""pack SOC"", ""r2"": 1.0, ""constant_value"": null, ""nondecreasing_share"": 0.542}, ""2"": {""best"": ""vin_3 col 1"", ""r2"": 0.86964, ""constant_value"": null, ""nondecreasing_share"": 0.67, ""share_at_minimum_while_charging"": 0.575, ""share_at_minimum_overall"": 0.364, ""r2_with_abs_current"": 0.0057}, ""3"": {""best"": ""volt_modepi"", ""r2"": 0.99678, ""constant_value"": null, ""nondecreasing_share"": 0.631}, ""4"": {""best"": ""current"", ""r2"": 1.0, ""constant_value"": null, ""nondecreasing_share"": 0.584}, ""5"": {""best"": ""volt_modepi"", ""r2"": 1.0, ""constant_value"": null, ""nondecreasing_share"": 0.591}, ""6"": {""best"": ""vin_3 col 0 (next row)"", ""r2"": 0.99994, ""constant_value"": null, ""nondecreasing_share"": 0.587}}",nan,nan,0.09999999999999964,0.09999579999999965,"{""nondecreasing_share"": 0.67, ""distinct"": 1790, ""integers"": true, ""max"": 1831.0, ""zero_share_rest"": 0.852, ""zero_share_discharging"": 0.001, ""zero_share_charging"": 0.575, ""best"": [[""vin_1 col 2"", 1.0], [""vin_3 pack_state_b"", 0.933], [""vin_3 current_A"", 0.542]]}"
DTI,67,35166,35166,True,"{""vin_2 col 0"": {""best"": ""cell min"", ""r2"": 0.00085, ""joint_modepi_current_soc_r2"": 0.00096, ""median_abs_diff_to_modepi"": 3820.0}, ""vin_2 col 1"": {""best"": ""cell max"", ""r2"": 0.95466, ""joint_modepi_current_soc_r2"": 0.99726, ""median_abs_diff_to_modepi"": 74.49}, ""vin_3 col 0"": {""best"": ""cell max"", ""r2"": 0.95146, ""joint_modepi_current_soc_r2"": 0.95234, ""median_abs_diff_to_modepi"": 2455.0}, ""vin_3 col 1"": {""best"": ""cell min"", ""r2"": 0.34757, ""joint_modepi_current_soc_r2"": 0.53879, ""median_abs_diff_to_modepi"": 2650.0}}","{""0"": {""best"": ""temperature"", ""r2"": 1.0, ""constant_value"": null, ""nondecreasing_share"": 0.782}, ""1"": {""best"": ""pack SOC"", ""r2"": 1.0, ""constant_value"": null, ""nondecreasing_share"": 0.517}, ""2"": {""best"": ""vin_3 col 1"", ""r2"": 0.88149, ""constant_value"": null, ""nondecreasing_share"": 0.658, ""share_at_minimum_while_charging"": 0.543, ""share_at_minimum_overall"": 0.343, ""r2_with_abs_current"": 0.0014}, ""3"": {""best"": ""volt_modepi"", ""r2"": 0.99691, ""constant_value"": null, ""nondecreasing_share"": 0.62}, ""4"": {""best"": ""current"", ""r2"": 1.0, ""constant_value"": null, ""nondecreasing_share"": 0.577}, ""5"": {""best"": ""volt_modepi"", ""r2"": 1.0, ""constant_value"": null, ""nondecreasing_share"": 0.578}, ""6"": {""best"": ""vin_3 col 0 (next row)"", ""r2"": 0.99994, ""constant_value"": null, ""nondecreasing_share"": 0.573}}",nan,nan,0.09999999999999964,0.09999369999999964,"{""nondecreasing_share"": 0.658, ""distinct"": 1805, ""integers"": true, ""max"": 1815.0, ""zero_share_rest"": 0.868, ""zero_share_discharging"": 0.001, ""zero_share_charging"": 0.543, ""best"": [[""vin_1 col 2"", 1.0], [""vin_3 pack_state_b"", 0.939], [""vin_1 col 4"", 0.539]]}"
DTI,68,33589,33589,True,"{""vin_2 col 0"": {""best"": ""cell median"", ""r2"": 0.00045, ""joint_modepi_current_soc_r2"": 0.00048, ""median_abs_diff_to_modepi"": 3828.0}, ""vin_2 col 1"": {""best"": ""cell max"", ""r2"": 0.95264, ""joint_modepi_current_soc_r2"": 0.99779, ""median_abs_diff_to_modepi"": 97.95}, ""vin_3 col 0"": {""best"": ""cell max"", ""r2"": 0.9507, ""joint_modepi_current_soc_r2"": 0.95134, ""median_abs_diff_to_modepi"": 2461.0}, ""vin_3 col 1"": {""best"": ""cell min"", ""r2"": 0.34363, ""joint_modepi_current_soc_r2"": 0.51134, ""median_abs_diff_to_modepi"": 2629.0}}","{""0"": {""best"": ""temperature"", ""r2"": 1.0, ""constant_value"": null, ""nondecreasing_share"": 0.804}, ""1"": {""best"": ""pack SOC"", ""r2"": 1.0, ""constant_value"": null, ""nondecreasing_share"": 0.548}, ""2"": {""best"": ""vin_3 col 1"", ""r2"": 0.86119, ""constant_value"": null, ""nondecreasing_share"": 0.675, ""share_at_minimum_while_charging"": 0.575, ""share_at_minimum_overall"": 0.38, ""r2_with_abs_current"": 0.0055}, ""3"": {""best"": ""cell median"", ""r2"": 0.99803, ""constant_value"": null, ""nondecreasing_share"": 0.625}, ""4"": {""best"": ""current"", ""r2"": 1.0, ""constant_value"": null, ""nondecreasing_share"": 0.582}, ""5"": {""best"": ""volt_modepi"", ""r2"": 1.0, ""constant_value"": null, ""nondecreasing_share"": 0.562}, ""6"": {""best"": ""vin_3 col 0 (next row)"", ""r2"": 0.99994, ""constant_value"": null, ""nondecreasing_share"": 0.558}}",nan,nan,0.09999999999999964,0.09999069999999964,"{""nondecreasing_share"": 0.675, ""distinct"": 1720, ""integers"": true, ""max"": 1805.0, ""zero_share_rest"": 0.869, ""zero_share_discharging"": 0.013, ""zero_share_charging"": 0.575, ""best"": [[""vin_1 col 2"", 1.0], [""vin_3 pack_state_b"", 0.928], [""vin_3 current_A"", 0.511]]}"
DTI,69,36172,36172,True,"{""vin_2 col 0"": {""best"": ""cell min"", ""r2"": 0.00081, ""joint_modepi_current_soc_r2"": 0.00088, ""median_abs_diff_to_modepi"": 3813.0}, ""vin_2 col 1"": {""best"": ""cell mean"", ""r2"": 0.95227, ""joint_modepi_current_soc_r2"": 0.99779, ""median_abs_diff_to_modepi"": 92.09}, ""vin_3 col 0"": {""best"": ""cell mean"", ""r2"": 0.95313, ""joint_modepi_current_soc_r2"": 0.95381, ""median_abs_diff_to_modepi"": 2451.0}, ""vin_3 col 1"": {""best"": ""cell min"", ""r2"": 0.31215, ""joint_modepi_current_soc_r2"": 0.48627, ""median_abs_diff_to_modepi"": 2622.0}}","{""0"": {""best"": ""temperature"", ""r2"": 1.0, ""constant_value"": null, ""nondecreasing_share"": 0.796}, ""1"": {""best"": ""pack SOC"", ""r2"": 1.0, ""constant_value"": null, ""nondecreasing_share"": 0.536}, ""2"": {""best"": ""vin_3 col 1"", ""r2"": 0.83706, ""constant_value"": null, ""nondecreasing_share"": 0.676, ""share_at_minimum_while_charging"": 0.581, ""share_at_minimum_overall"": 0.378, ""r2_with_abs_current"": 0.0075}, ""3"": {""best"": ""volt_modepi"", ""r2"": 0.99803, ""constant_value"": null, ""nondecreasing_share"": 0.624}, ""4"": {""best"": ""current"", ""r2"": 1.0, ""constant_value"": null, ""nondecreasing_share"": 0.577}, ""5"": {""best"": ""volt_modepi"", ""r2"": 1.0, ""constant_value"": null, ""nondecreasing_share"": 0.559}, ""6"": {""best"": ""vin_3 col 0 (next row)"", ""r2"": 0.99993, ""constant_value"": null, ""nondecreasing_share"": 0.555}}",nan,nan,0.09999999999999964,0.09998889999999964,"{""nondecreasing_share"": 0.676, ""distinct"": 1717, ""integers"": true, ""max"": 1845.0, ""zero_share_rest"": 0.864, ""zero_share_discharging"": 0.021, ""zero_share_charging"": 0.581, ""best"": [[""vin_1 col 2"", 1.0], [""vin_3 pack_state_b"", 0.915], [""vin_1 col 4"", 0.505]]}"
DTI,70,28365,28365,True,"{""vin_2 col 0"": {""best"": ""cell SOC mean"", ""r2"": 0.00011, ""joint_modepi_current_soc_r2"": 0.00013, ""median_abs_diff_to_modepi"": 3798.0}, ""vin_2 col 1"": {""best"": ""cell mean"", ""r2"": 0.94615, ""joint_modepi_current_soc_r2"": 0.99804, ""median_abs_diff_to_modepi"": 97.31}, ""vin_3 col 0"": {""best"": ""cell mean"", ""r2"": 0.9468, ""joint_modepi_current_soc_r2"": 0.94738, ""median_abs_diff_to_modepi"": 2441.0}, ""vin_3 col 1"": {""best"": ""cell min"", ""r2"": 0.36224, ""joint_modepi_current_soc_r2"": 0.49922, ""median_abs_diff_to_modepi"": 2582.0}}","{""0"": {""best"": ""temperature"", ""r2"": 1.0, ""constant_value"": null, ""nondecreasing_share"": 0.796}, ""1"": {""best"": ""pack SOC"", ""r2"": 1.0, ""constant_value"": null, ""nondecreasing_share"": 0.554}, ""2"": {""best"": ""vin_3 col 1"", ""r2"": 0.80868, ""constant_value"": null, ""nondecreasing_share"": 0.68, ""share_at_minimum_while_charging"": 0.567, ""share_at_minimum_overall"": 0.394, ""r2_with_abs_current"": 0.003}, ""3"": {""best"": ""cell median"", ""r2"": 0.99844, ""constant_value"": null, ""nondecreasing_share"": 0.624}, ""4"": {""best"": ""current"", ""r2"": 1.0, ""constant_value"": null, ""nondecreasing_share"": 0.579}, ""5"": {""best"": ""volt_modepi"", ""r2"": 1.0, ""constant_value"": null, ""nondecreasing_share"": 0.551}, ""6"": {""best"": ""vin_3 col 0 (next row)"", ""r2"": 0.99995, ""constant_value"": null, ""nondecreasing_share"": 0.548}}",nan,nan,0.09999999999999964,0.09998889999999964,"{""nondecreasing_share"": 0.68, ""distinct"": 1642, ""integers"": true, ""max"": 1805.0, ""zero_share_rest"": 0.876, ""zero_share_discharging"": 0.022, ""zero_share_charging"": 0.567, ""best"": [[""vin_1 col 2"", 1.0], [""vin_3 pack_state_b"", 0.899], [""vin_1 col 4"", 0.47]]}"
DTI,72,34093,34093,True,"{""vin_2 col 0"": {""best"": ""volt_modepi"", ""r2"": 0.00049, ""joint_modepi_current_soc_r2"": 0.0005, ""median_abs_diff_to_modepi"": 3853.0}, ""vin_2 col 1"": {""best"": ""cell mean"", ""r2"": 0.94154, ""joint_modepi_current_soc_r2"": 0.99806, ""median_abs_diff_to_modepi"": 114.8}, ""vin_3 col 0"": {""best"": ""cell max"", ""r2"": 0.95391, ""joint_modepi_current_soc_r2"": 0.95457, ""median_abs_diff_to_modepi"": 2476.0}, ""vin_3 col 1"": {""best"": ""cell min"", ""r2"": 0.34853, ""joint_modepi_current_soc_r2"": 0.53001, ""median_abs_diff_to_modepi"": 2654.0}}","{""0"": {""best"": ""temperature"", ""r2"": 1.0, ""constant_value"": null, ""nondecreasing_share"": 0.787}, ""1"": {""best"": ""pack SOC"", ""r2"": 1.0, ""constant_value"": null, ""nondecreasing_share"": 0.515}, ""2"": {""best"": ""vin_3 col 1"", ""r2"": 0.86449, ""constant_value"": null, ""nondecreasing_share"": 0.674, ""share_at_minimum_while_charging"": 0.612, ""share_at_minimum_overall"": 0.367, ""r2_with_abs_current"": 0.0002}, ""3"": {""best"": ""volt_modepi"", ""r2"": 0.99821, ""constant_value"": null, ""nondecreasing_share"": 0.622}, ""4"": {""best"": ""current"", ""r2"": 1.0, ""constant_value"": null, ""nondecreasing_share"": 0.579}, ""5"": {""best"": ""volt_modepi"", ""r2"": 1.0, ""constant_value"": null, ""nondecreasing_share"": 0.571}, ""6"": {""best"": ""vin_3 col 0 (next row)"", ""r2"": 0.99994, ""constant_value"": null, ""nondecreasing_share"": 0.568}}",nan,nan,0.09999999999999964,0.09998979999999964,"{""nondecreasing_share"": 0.674, ""distinct"": 1643, ""integers"": true, ""max"": 1801.0, ""zero_share_rest"": 0.87, ""zero_share_discharging"": 0.007, ""zero_share_charging"": 0.612, ""best"": [[""vin_1 col 2"", 1.0], [""vin_3 pack_state_b"", 0.93], [""vin_3 current_A"", 0.524]]}"
DTI,71,37692,37692,True,"{""vin_2 col 0"": {""best"": ""current"", ""r2"": 0.00172, ""joint_modepi_current_soc_r2"": 0.00199, ""median_abs_diff_to_modepi"": 3872.0}, ""vin_2 col 1"": {""best"": ""cell max"", ""r2"": 0.96051, ""joint_modepi_current_soc_r2"": 0.99769, ""median_abs_diff_to_modepi"": 70.95}, ""vin_3 col 0"": {""best"": ""cell max"", ""r2"": 0.95693, ""joint_modepi_current_soc_r2"": 0.95795, ""median_abs_diff_to_modepi"": 2488.0}, ""vin_3 col 1"": {""best"": ""cell min"", ""r2"": 0.31905, ""joint_modepi_current_soc_r2"": 0.52452, ""median_abs_diff_to_modepi"": 2655.0}}","{""0"": {""best"": ""temperature"", ""r2"": 1.0, ""constant_value"": null, ""nondecreasing_share"": 0.785}, ""1"": {""best"": ""pack SOC"", ""r2"": 1.0, ""constant_value"": null, ""nondecreasing_share"": 0.51}, ""2"": {""best"": ""vin_3 col 1"", ""r2"": 0.8788, ""constant_value"": null, ""nondecreasing_share"": 0.674, ""share_at_minimum_while_charging"": 0.64, ""share_at_minimum_overall"": 0.372, ""r2_with_abs_current"": 0.0017}, ""3"": {""best"": ""volt_modepi"", ""r2"": 0.99795, ""constant_value"": null, ""nondecreasing_share"": 0.624}, ""4"": {""best"": ""current"", ""r2"": 1.0, ""constant_value"": null, ""nondecreasing_share"": 0.569}, ""5"": {""best"": ""volt_modepi"", ""r2"": 1.0, ""constant_value"": null, ""nondecreasing_share"": 0.579}, ""6"": {""best"": ""vin_3 col 0 (next row)"", ""r2"": 0.99996, ""constant_value"": null, ""nondecreasing_share"": 0.576}}",nan,nan,0.09999999999999964,0.09998949999999965,"{""nondecreasing_share"": 0.674, ""distinct"": 1719, ""integers"": true, ""max"": 1825.0, ""zero_share_rest"": 0.854, ""zero_share_discharging"": 0.012, ""zero_share_charging"": 0.64, ""best"": [[""vin_1 col 2"", 1.0], [""vin_3 pack_state_b"", 0.937], [""vin_3 current_A"", 0.557]]}"
DTI,74,39152,39152,True,"{""vin_2 col 0"": {""best"": ""temperature"", ""r2"": 0.001, ""joint_modepi_current_soc_r2"": 0.00043, ""median_abs_diff_to_modepi"": 3931.0}, ""vin_2 col 1"": {""best"": ""pack SOC"", ""r2"": 0.95081, ""joint_modepi_current_soc_r2"": 0.9973, ""median_abs_diff_to_modepi"": 119.3}, ""vin_3 col 0"": {""best"": ""cell max"", ""r2"": 0.94364, ""joint_modepi_current_soc_r2"": 0.94495, ""median_abs_diff_to_modepi"": 2526.0}, ""vin_3 col 1"": {""best"": ""cell min"", ""r2"": 0.33475, ""joint_modepi_current_soc_r2"": 0.51648, ""median_abs_diff_to_modepi"": 2710.0}}","{""0"": {""best"": ""temperature"", ""r2"": 1.0, ""constant_value"": null, ""nondecreasing_share"": 0.803}, ""1"": {""best"": ""pack SOC"", ""r2"": 1.0, ""constant_value"": null, ""nondecreasing_share"": 0.602}, ""2"": {""best"": ""vin_3 col 1"", ""r2"": 0.9164, ""constant_value"": null, ""nondecreasing_share"": 0.697, ""share_at_minimum_while_charging"": 0.648, ""share_at_minimum_overall"": 0.439, ""r2_with_abs_current"": 0.0166}, ""3"": {""best"": ""cell sum"", ""r2"": 0.99569, ""constant_value"": null, ""nondecreasing_share"": 0.642}, ""4"": {""best"": ""current"", ""r2"": 1.0, ""constant_value"": null, ""nondecreasing_share"": 0.616}, ""5"": {""best"": ""volt_modepi"", ""r2"": 1.0, ""constant_value"": null, ""nondecreasing_share"": 0.572}, ""6"": {""best"": ""vin_3 col 0 (next row)"", ""r2"": 0.99993, ""constant_value"": null, ""nondecreasing_share"": 0.569}}",nan,nan,0.09999999999999964,0.09999759999999965,"{""nondecreasing_share"": 0.697, ""distinct"": 1668, ""integers"": true, ""max"": 1794.0, ""zero_share_rest"": 0.899, ""zero_share_discharging"": 0.001, ""zero_share_charging"": 0.648, ""best"": [[""vin_1 col 2"", 1.0], [""vin_3 pack_state_b"", 0.957], [""vin_3 current_A"", 0.526]]}"
DTI,77,12891,12891,True,"{""vin_2 col 0"": {""best"": ""cell SOC mean"", ""r2"": 0.00062, ""joint_modepi_current_soc_r2"": 0.00159, ""median_abs_diff_to_modepi"": 3747.0}, ""vin_2 col 1"": {""best"": ""cell max"", ""r2"": 0.97409, ""joint_modepi_current_soc_r2"": 0.99493, ""median_abs_diff_to_modepi"": 10.02}, ""vin_3 col 0"": {""best"": ""cell max"", ""r2"": 0.85978, ""joint_modepi_current_soc_r2"": 0.85964, ""median_abs_diff_to_modepi"": 2408.0}, ""vin_3 col 1"": {""best"": ""cell min"", ""r2"": 0.35196, ""joint_modepi_current_soc_r2"": 0.55074, ""median_abs_diff_to_modepi"": 2479.0}}","{""0"": {""best"": ""temperature"", ""r2"": 1.0, ""constant_value"": null, ""nondecreasing_share"": 0.862}, ""1"": {""best"": ""pack SOC"", ""r2"": 1.0, ""constant_value"": null, ""nondecreasing_share"": 0.839}, ""2"": {""best"": ""vin_3 col 1"", ""r2"": 0.74085, ""constant_value"": null, ""nondecreasing_share"": 0.879, ""share_at_minimum_while_charging"": 0.935, ""share_at_minimum_overall"": 0.793, ""r2_with_abs_current"": 0.3432}, ""3"": {""best"": ""cell max"", ""r2"": 0.99182, ""constant_value"": null, ""nondecreasing_share"": 0.833}, ""4"": {""best"": ""current"", ""r2"": 1.0, ""constant_value"": null, ""nondecreasing_share"": 0.669}, ""5"": {""best"": ""volt_modepi"", ""r2"": 1.0, ""constant_value"": null, ""nondecreasing_share"": 0.772}, ""6"": {""best"": ""vin_3 col 0 (next row)"", ""r2"": 0.99986, ""constant_value"": null, ""nondecreasing_share"": 0.766}}",nan,nan,0.09999999999999964,0.10002099999999964,"{""nondecreasing_share"": 0.879, ""distinct"": 1120, ""integers"": true, ""max"": 1412.0, ""zero_share_rest"": 0.952, ""zero_share_discharging"": 0.008, ""zero_share_charging"": 0.935, ""best"": [[""vin_1 col 2"", 1.0], [""vin_3 pack_state_b"", 0.861], [""vin_1 col 4"", 0.53]]}"
DTI,78,8983,8983,True,"{""vin_2 col 0"": {""best"": ""volt_modepi"", ""r2"": 0.00306, ""joint_modepi_current_soc_r2"": 0.00325, ""median_abs_diff_to_modepi"": 3808.0}, ""vin_2 col 1"": {""best"": ""cell max"", ""r2"": 0.95686, ""joint_modepi_current_soc_r2"": 0.99527, ""median_abs_diff_to_modepi"": 76.2}, ""vin_3 col 0"": {""best"": ""cell max"", ""r2"": 0.80005, ""joint_modepi_current_soc_r2"": 0.80128, ""median_abs_diff_to_modepi"": 2448.0}, ""vin_3 col 1"": {""best"": ""volt_modepi"", ""r2"": 0.39161, ""joint_modepi_current_soc_r2"": 0.54929, ""median_abs_diff_to_modepi"": 2566.0}}","{""0"": {""best"": ""temperature"", ""r2"": 1.0, ""constant_value"": null, ""nondecreasing_share"": 0.805}, ""1"": {""best"": ""pack SOC"", ""r2"": 1.0, ""constant_value"": null, ""nondecreasing_share"": 0.686}, ""2"": {""best"": ""vin_3 col 1"", ""r2"": 0.77095, ""constant_value"": null, ""nondecreasing_share"": 0.753, ""share_at_minimum_while_charging"": 0.746, ""share_at_minimum_overall"": 0.567, ""r2_with_abs_current"": 0.1584}, ""3"": {""best"": ""cell max"", ""r2"": 0.99037, ""constant_value"": null, ""nondecreasing_share"": 0.719}, ""4"": {""best"": ""current"", ""r2"": 1.0, ""constant_value"": null, ""nondecreasing_share"": 0.6}, ""5"": {""best"": ""volt_modepi"", ""r2"": 1.0, ""constant_value"": null, ""nondecreasing_share"": 0.66}, ""6"": {""best"": ""vin_3 col 0 (next row)"", ""r2"": 0.9997, ""constant_value"": null, ""nondecreasing_share"": 0.657}}",nan,nan,0.09999999999999964,0.09999789999999964,"{""nondecreasing_share"": 0.753, ""distinct"": 1352, ""integers"": true, ""max"": 1808.0, ""zero_share_rest"": 0.877, ""zero_share_discharging"": 0.009, ""zero_share_charging"": 0.746, ""best"": [[""vin_1 col 2"", 1.0], [""vin_3 pack_state_b"", 0.878], [""vin_1 col 4"", 0.478]]}"
DTI,73,46461,46461,True,"{""vin_2 col 0"": {""best"": ""pack SOC"", ""r2"": 0.00061, ""joint_modepi_current_soc_r2"": 0.00228, ""median_abs_diff_to_modepi"": 3907.0}, ""vin_2 col 1"": {""best"": ""cell mean"", ""r2"": 0.94651, ""joint_modepi_current_soc_r2"": 0.9972, ""median_abs_diff_to_modepi"": 115.5}, ""vin_3 col 0"": {""best"": ""cell max"", ""r2"": 0.9599, ""joint_modepi_current_soc_r2"": 0.96096, ""median_abs_diff_to_modepi"": 2511.0}, ""vin_3 col 1"": {""best"": ""cell min"", ""r2"": 0.4391, ""joint_modepi_current_soc_r2"": 0.56452, ""median_abs_diff_to_modepi"": 2648.0}}","{""0"": {""best"": ""temperature"", ""r2"": 1.0, ""constant_value"": null, ""nondecreasing_share"": 0.771}, ""1"": {""best"": ""pack SOC"", ""r2"": 1.0, ""constant_value"": null, ""nondecreasing_share"": 0.612}, ""2"": {""best"": ""vin_3 col 1"", ""r2"": 0.85823, ""constant_value"": null, ""nondecreasing_share"": 0.704, ""share_at_minimum_while_charging"": 0.632, ""share_at_minimum_overall"": 0.454, ""r2_with_abs_current"": 0.0192}, ""3"": {""best"": ""cell median"", ""r2"": 0.99555, ""constant_value"": null, ""nondecreasing_share"": 0.648}, ""4"": {""best"": ""current"", ""r2"": 1.0, ""constant_value"": null, ""nondecreasing_share"": 0.607}, ""5"": {""best"": ""volt_modepi"", ""r2"": 1.0, ""constant_value"": null, ""nondecreasing_share"": 0.574}, ""6"": {""best"": ""vin_3 col 0 (next row)"", ""r2"": 0.99999, ""constant_value"": null, ""nondecreasing_share"": 0.569}}",nan,nan,0.09999999999999964,0.09999759999999965,"{""nondecreasing_share"": 0.704, ""distinct"": 1657, ""integers"": true, ""max"": 1791.0, ""zero_share_rest"": 0.902, ""zero_share_discharging"": 0.023, ""zero_share_charging"": 0.632, ""best"": [[""vin_1 col 2"", 1.0], [""vin_3 pack_state_b"", 0.926], [""vin_1 col 4"", 0.492]]}"
DTI,75,45145,45145,True,"{""vin_2 col 0"": {""best"": ""cell min"", ""r2"": 0.00059, ""joint_modepi_current_soc_r2"": 0.00073, ""median_abs_diff_to_modepi"": 3931.0}, ""vin_2 col 1"": {""best"": ""cell median"", ""r2"": 0.9542, ""joint_modepi_current_soc_r2"": 0.99743, ""median_abs_diff_to_modepi"": 114.8}, ""vin_3 col 0"": {""best"": ""cell median"", ""r2"": 0.95561, ""joint_modepi_current_soc_r2"": 0.95674, ""median_abs_diff_to_modepi"": 2526.0}, ""vin_3 col 1"": {""best"": ""cell min"", ""r2"": 0.35137, ""joint_modepi_current_soc_r2"": 0.51208, ""median_abs_diff_to_modepi"": 2726.0}}","{""0"": {""best"": ""temperature"", ""r2"": 1.0, ""constant_value"": null, ""nondecreasing_share"": 0.797}, ""1"": {""best"": ""pack SOC"", ""r2"": 1.0, ""constant_value"": null, ""nondecreasing_share"": 0.604}, ""2"": {""best"": ""vin_3 col 1"", ""r2"": 0.90865, ""constant_value"": null, ""nondecreasing_share"": 0.697, ""share_at_minimum_while_charging"": 0.638, ""share_at_minimum_overall"": 0.442, ""r2_with_abs_current"": 0.0171}, ""3"": {""best"": ""cell sum"", ""r2"": 0.99598, ""constant_value"": null, ""nondecreasing_share"": 0.648}, ""4"": {""best"": ""current"", ""r2"": 1.0, ""constant_value"": null, ""nondecreasing_share"": 0.622}, ""5"": {""best"": ""volt_modepi"", ""r2"": 1.0, ""constant_value"": null, ""nondecreasing_share"": 0.582}, ""6"": {""best"": ""vin_3 col 0 (next row)"", ""r2"": 0.99995, ""constant_value"": null, ""nondecreasing_share"": 0.58}}",nan,nan,0.09999999999999964,0.09999759999999965,"{""nondecreasing_share"": 0.697, ""distinct"": 1661, ""integers"": true, ""max"": 1755.0, ""zero_share_rest"": 0.901, ""zero_share_discharging"": 0.001, ""zero_share_charging"": 0.638, ""best"": [[""vin_1 col 2"", 1.0], [""vin_3 pack_state_b"", 0.953], [""vin_1 col 4"", 0.505]]}"
DTI,76,48179,48179,True,"{""vin_2 col 0"": {""best"": ""cell min"", ""r2"": 0.00025, ""joint_modepi_current_soc_r2"": 0.00027, ""median_abs_diff_to_modepi"": 3937.0}, ""vin_2 col 1"": {""best"": ""cell median"", ""r2"": 0.95818, ""joint_modepi_current_soc_r2"": 0.9976, ""median_abs_diff_to_modepi"": 111.6}, ""vin_3 col 0"": {""best"": ""cell median"", ""r2"": 0.95846, ""joint_modepi_current_soc_r2"": 0.9596, ""median_abs_diff_to_modepi"": 2530.0}, ""vin_3 col 1"": {""best"": ""cell min"", ""r2"": 0.35499, ""joint_modepi_current_soc_r2"": 0.51086, ""median_abs_diff_to_modepi"": 2717.0}}","{""0"": {""best"": ""temperature"", ""r2"": 1.0, ""constant_value"": null, ""nondecreasing_share"": 0.786}, ""1"": {""best"": ""pack SOC"", ""r2"": 1.0, ""constant_value"": null, ""nondecreasing_share"": 0.608}, ""2"": {""best"": ""vin_3 col 1"", ""r2"": 0.88762, ""constant_value"": null, ""nondecreasing_share"": 0.7, ""share_at_minimum_while_charging"": 0.617, ""share_at_minimum_overall"": 0.443, ""r2_with_abs_current"": 0.0208}, ""3"": {""best"": ""cell sum"", ""r2"": 0.9965, ""constant_value"": null, ""nondecreasing_share"": 0.646}, ""4"": {""best"": ""current"", ""r2"": 1.0, ""constant_value"": null, ""nondecreasing_share"": 0.615}, ""5"": {""best"": ""volt_modepi"", ""r2"": 1.0, ""constant_value"": null, ""nondecreasing_share"": 0.571}, ""6"": {""best"": ""vin_3 col 0 (next row)"", ""r2"": 0.99995, ""constant_value"": null, ""nondecreasing_share"": 0.567}}",nan,nan,0.09999999999999964,0.09999669999999965,"{""nondecreasing_share"": 0.7, ""distinct"": 1691, ""integers"": true, ""max"": 1789.0, ""zero_share_rest"": 0.905, ""zero_share_discharging"": 0.002, ""zero_share_charging"": 0.617, ""best"": [[""vin_1 col 2"", 1.0], [""vin_3 pack_state_b"", 0.942], [""vin_1 col 4"", 0.496]]}"
QAS,2,26608,23531,True,"{""vin_2 col 0"": {""best"": ""current"", ""r2"": 0.898, ""joint_modepi_current_soc_r2"": 0.90273, ""median_abs_diff_to_modepi"": 0.05496}, ""vin_2 col 1"": {""best"": ""volt_modepi"", ""r2"": 0.81318, ""joint_modepi_current_soc_r2"": 0.99668, ""median_abs_diff_to_modepi"": 0.2149}, ""vin_3 col 0"": {""best"": ""current"", ""r2"": 0.48128, ""joint_modepi_current_soc_r2"": 0.69233, ""median_abs_diff_to_modepi"": 2.985}, ""vin_3 col 1"": {""best"": ""current"", ""r2"": 0.46447, ""joint_modepi_current_soc_r2"": 0.64272, ""median_abs_diff_to_modepi"": 3.012}}","{""0"": {""best"": ""temperature"", ""r2"": 1.0, ""constant_value"": null, ""nondecreasing_share"": 0.972}, ""1"": {""best"": ""pack SOC"", ""r2"": 1.0, ""constant_value"": null, ""nondecreasing_share"": 0.974}, ""2"": {""best"": ""constant"", ""r2"": NaN, ""constant_value"": 0.0, ""nondecreasing_share"": 1.0}, ""3"": {""best"": ""cell sum"", ""r2"": 0.99999, ""constant_value"": null, ""nondecreasing_share"": 0.686}, ""4"": {""best"": ""current"", ""r2"": 1.0, ""constant_value"": null, ""nondecreasing_share"": 0.82}, ""5"": {""best"": ""volt_modepi"", ""r2"": 1.0, ""constant_value"": null, ""nondecreasing_share"": 0.674}, ""6"": {""best"": ""vin_3 col 0 (next row)"", ""r2"": 0.99602, ""constant_value"": null, ""nondecreasing_share"": 0.613}}",0.9363771158075902,0.9416831417513287,0.0006946766853455077,3.860895651781553e-05,
QAS,3,28475,25529,True,"{""vin_2 col 0"": {""best"": ""current"", ""r2"": 0.00279, ""joint_modepi_current_soc_r2"": 0.00308, ""median_abs_diff_to_modepi"": 0.0441}, ""vin_2 col 1"": {""best"": ""cell median"", ""r2"": 0.77826, ""joint_modepi_current_soc_r2"": 0.99786, ""median_abs_diff_to_modepi"": 0.2567}, ""vin_3 col 0"": {""best"": ""temperature"", ""r2"": 0.20543, ""joint_modepi_current_soc_r2"": 0.22848, ""median_abs_diff_to_modepi"": 2.689}, ""vin_3 col 1"": {""best"": ""temperature"", ""r2"": 0.21278, ""joint_modepi_current_soc_r2"": 0.21871, ""median_abs_diff_to_modepi"": 2.666}}","{""0"": {""best"": ""temperature"", ""r2"": 1.0, ""constant_value"": null, ""nondecreasing_share"": 0.976}, ""1"": {""best"": ""pack SOC"", ""r2"": 1.0, ""constant_value"": null, ""nondecreasing_share"": 0.971}, ""2"": {""best"": ""constant"", ""r2"": NaN, ""constant_value"": 0.0, ""nondecreasing_share"": 1.0}, ""3"": {""best"": ""cell sum"", ""r2"": 0.99998, ""constant_value"": null, ""nondecreasing_share"": 0.644}, ""4"": {""best"": ""current"", ""r2"": 1.0, ""constant_value"": null, ""nondecreasing_share"": 0.792}, ""5"": {""best"": ""volt_modepi"", ""r2"": 1.0, ""constant_value"": null, ""nondecreasing_share"": 0.633}, ""6"": {""best"": ""vin_3 col 0 (next row)"", ""r2"": 0.99998, ""constant_value"": null, ""nondecreasing_share"": 0.666}}",0.9720470971322515,0.8658632631344759,0.000408852320303632,0.00013975110450177903,
QAS,1,37203,32037,True,"{""vin_2 col 0"": {""best"": ""current"", ""r2"": 0.96454, ""joint_modepi_current_soc_r2"": 0.96754, ""median_abs_diff_to_modepi"": 0.07022}, ""vin_2 col 1"": {""best"": ""cell median"", ""r2"": 0.82396, ""joint_modepi_current_soc_r2"": 0.99832, ""median_abs_diff_to_modepi"": 0.2059}, ""vin_3 col 0"": {""best"": ""current"", ""r2"": 0.80157, ""joint_modepi_current_soc_r2"": 0.85951, ""median_abs_diff_to_modepi"": 2.987}, ""vin_3 col 1"": {""best"": ""current"", ""r2"": 0.78426, ""joint_modepi_current_soc_r2"": 0.81472, ""median_abs_diff_to_modepi"": 3.02}}","{""0"": {""best"": ""temperature"", ""r2"": 1.0, ""constant_value"": null, ""nondecreasing_share"": 0.974}, ""1"": {""best"": ""pack SOC"", ""r2"": 1.0, ""constant_value"": null, ""nondecreasing_share"": 0.95}, ""2"": {""best"": ""constant"", ""r2"": NaN, ""constant_value"": 0.0, ""nondecreasing_share"": 1.0}, ""3"": {""best"": ""cell sum"", ""r2"": 0.99998, ""constant_value"": null, ""nondecreasing_share"": 0.675}, ""4"": {""best"": ""current"", ""r2"": 1.0, ""constant_value"": null, ""nondecreasing_share"": 0.782}, ""5"": {""best"": ""volt_modepi"", ""r2"": 1.0, ""constant_value"": null, ""nondecreasing_share"": 0.666}, ""6"": {""best"": ""vin_3 col 0 (next row)"", ""r2"": 0.99979, ""constant_value"": null, ""nondecreasing_share"": 0.606}}",0.7756914581832621,0.5998493488609491,0.0012706098288299827,6.37863422299159e-05,
QAS,4,29874,26651,True,"{""vin_2 col 0"": {""best"": ""current"", ""r2"": 0.90085, ""joint_modepi_current_soc_r2"": 0.90741, ""median_abs_diff_to_modepi"": 0.02916}, ""vin_2 col 1"": {""best"": ""cell median"", ""r2"": 0.71654, ""joint_modepi_current_soc_r2"": 0.99765, ""median_abs_diff_to_modepi"": 0.2283}, ""vin_3 col 0"": {""best"": ""current"", ""r2"": 0.30243, ""joint_modepi_current_soc_r2"": 0.33969, ""median_abs_diff_to_modepi"": 2.389}, ""vin_3 col 1"": {""best"": ""current"", ""r2"": 0.27935, ""joint_modepi_current_soc_r2"": 0.31457, ""median_abs_diff_to_modepi"": 2.375}}","{""0"": {""best"": ""temperature"", ""r2"": 1.0, ""constant_value"": null, ""nondecreasing_share"": 0.973}, ""1"": {""best"": ""pack SOC"", ""r2"": 1.0, ""constant_value"": null, ""nondecreasing_share"": 0.975}, ""2"": {""best"": ""constant"", ""r2"": NaN, ""constant_value"": 0.0, ""nondecreasing_share"": 1.0}, ""3"": {""best"": ""cell sum"", ""r2"": 0.99999, ""constant_value"": null, ""nondecreasing_share"": 0.676}, ""4"": {""best"": ""current"", ""r2"": 1.0, ""constant_value"": null, ""nondecreasing_share"": 0.801}, ""5"": {""best"": ""volt_modepi"", ""r2"": 1.0, ""constant_value"": null, ""nondecreasing_share"": 0.663}, ""6"": {""best"": ""vin_3 col 0 (next row)"", ""r2"": 0.99997, ""constant_value"": null, ""nondecreasing_share"": 0.571}}",0.9921700974436173,0.9500274742844746,0.0005739245299416496,0.0003314283028953337,
DTI,79,57789,57788,True,"{""vin_2 col 0"": {""best"": ""pack SOC"", ""r2"": 0.00018, ""joint_modepi_current_soc_r2"": 0.00046, ""median_abs_diff_to_modepi"": 3953.0}, ""vin_2 col 1"": {""best"": ""pack SOC"", ""r2"": 0.95728, ""joint_modepi_current_soc_r2"": 0.9982, ""median_abs_diff_to_modepi"": 121.4}, ""vin_3 col 0"": {""best"": ""cell median"", ""r2"": 0.97018, ""joint_modepi_current_soc_r2"": 0.97121, ""median_abs_diff_to_modepi"": 2541.0}, ""vin_3 col 1"": {""best"": ""cell min"", ""r2"": 0.44435, ""joint_modepi_current_soc_r2"": 0.61104, ""median_abs_diff_to_modepi"": 2669.0}}","{""0"": {""best"": ""temperature"", ""r2"": 1.0, ""constant_value"": null, ""nondecreasing_share"": 0.758}, ""1"": {""best"": ""pack SOC"", ""r2"": 1.0, ""constant_value"": null, ""nondecreasing_share"": 0.597}, ""2"": {""best"": ""vin_3 col 1"", ""r2"": 0.89124, ""constant_value"": null, ""nondecreasing_share"": 0.726, ""share_at_minimum_while_charging"": 0.754, ""share_at_minimum_overall"": 0.484, ""r2_with_abs_current"": 0.0317}, ""3"": {""best"": ""cell sum"", ""r2"": 0.99748, ""constant_value"": null, ""nondecreasing_share"": 0.655}, ""4"": {""best"": ""current"", ""r2"": 1.0, ""constant_value"": null, ""nondecreasing_share"": 0.594}, ""5"": {""best"": ""volt_modepi"", ""r2"": 1.0, ""constant_value"": null, ""nondecreasing_share"": 0.56}, ""6"": {""best"": ""vin_3 col 0 (next row)"", ""r2"": 0.99999, ""constant_value"": null, ""nondecreasing_share"": 0.557}}",nan,nan,0.09999999999999964,0.09999279999999965,"{""nondecreasing_share"": 0.726, ""distinct"": 1821, ""integers"": true, ""max"": 1850.0, ""zero_share_rest"": 0.9, ""zero_share_discharging"": 0.007, ""zero_share_charging"": 0.754, ""best"": [[""vin_1 col 2"", 1.0], [""vin_3 pack_state_b"", 0.944], [""vin_1 col 4"", 0.561]]}"
QAS,0,43546,39462,True,"{""vin_2 col 0"": {""best"": ""current"", ""r2"": 0.94239, ""joint_modepi_current_soc_r2"": 0.95918, ""median_abs_diff_to_modepi"": 0.03558}, ""vin_2 col 1"": {""best"": ""cell median"", ""r2"": 0.7346, ""joint_modepi_current_soc_r2"": 0.99751, ""median_abs_diff_to_modepi"": 0.2806}, ""vin_3 col 0"": {""best"": ""current"", ""r2"": 0.20057, ""joint_modepi_current_soc_r2"": 0.34322, ""median_abs_diff_to_modepi"": 2.405}, ""vin_3 col 1"": {""best"": ""current"", ""r2"": 0.17687, ""joint_modepi_current_soc_r2"": 0.31606, ""median_abs_diff_to_modepi"": 2.41}}","{""0"": {""best"": ""temperature"", ""r2"": 1.0, ""constant_value"": null, ""nondecreasing_share"": 0.977}, ""1"": {""best"": ""pack SOC"", ""r2"": 1.0, ""constant_value"": null, ""nondecreasing_share"": 0.955}, ""2"": {""best"": ""constant"", ""r2"": NaN, ""constant_value"": 0.0, ""nondecreasing_share"": 1.0}, ""3"": {""best"": ""cell sum"", ""r2"": 0.99997, ""constant_value"": null, ""nondecreasing_share"": 0.657}, ""4"": {""best"": ""current"", ""r2"": 1.0, ""constant_value"": null, ""nondecreasing_share"": 0.735}, ""5"": {""best"": ""volt_modepi"", ""r2"": 1.0, ""constant_value"": null, ""nondecreasing_share"": 0.647}, ""6"": {""best"": ""vin_3 col 0 (next row)"", ""r2"": 0.99998, ""constant_value"": null, ""nondecreasing_share"": 0.597}}",0.9595643545881383,0.7108610089127968,0.000559633534529258,0.00022517296931531952,
QAS,7,27273,23403,True,"{""vin_2 col 0"": {""best"": ""current"", ""r2"": 0.18499, ""joint_modepi_current_soc_r2"": 0.1877, ""median_abs_diff_to_modepi"": 0.02378}, ""vin_2 col 1"": {""best"": ""cell median"", ""r2"": 0.7077, ""joint_modepi_current_soc_r2"": 0.99756, ""median_abs_diff_to_modepi"": 0.2113}, ""vin_3 col 0"": {""best"": ""current"", ""r2"": 0.60771, ""joint_modepi_current_soc_r2"": 0.64456, ""median_abs_diff_to_modepi"": 2.377}, ""vin_3 col 1"": {""best"": ""current"", ""r2"": 0.57039, ""joint_modepi_current_soc_r2"": 0.60658, ""median_abs_diff_to_modepi"": 2.377}}","{""0"": {""best"": ""temperature"", ""r2"": 1.0, ""constant_value"": null, ""nondecreasing_share"": 0.973}, ""1"": {""best"": ""pack SOC"", ""r2"": 1.0, ""constant_value"": null, ""nondecreasing_share"": 0.957}, ""2"": {""best"": ""constant"", ""r2"": NaN, ""constant_value"": 0.0, ""nondecreasing_share"": 1.0}, ""3"": {""best"": ""cell sum"", ""r2"": 0.99998, ""constant_value"": null, ""nondecreasing_share"": 0.67}, ""4"": {""best"": ""current"", ""r2"": 1.0, ""constant_value"": null, ""nondecreasing_share"": 0.764}, ""5"": {""best"": ""volt_modepi"", ""r2"": 1.0, ""constant_value"": null, ""nondecreasing_share"": 0.659}, ""6"": {""best"": ""vin_3 col 0 (next row)"", ""r2"": 0.99974, ""constant_value"": null, ""nondecreasing_share"": 0.548}}",0.9847531329764807,0.68453995263394,0.0006313838886522483,0.0002698838620679978,
QAS,9,27174,23080,True,"{""vin_2 col 0"": {""best"": ""current"", ""r2"": 0.00083, ""joint_modepi_current_soc_r2"": 0.00085, ""median_abs_diff_to_modepi"": 0.02131}, ""vin_2 col 1"": {""best"": ""current"", ""r2"": 0.66001, ""joint_modepi_current_soc_r2"": 0.99772, ""median_abs_diff_to_modepi"": 0.1999}, ""vin_3 col 0"": {""best"": ""current"", ""r2"": 0.56826, ""joint_modepi_current_soc_r2"": 0.59197, ""median_abs_diff_to_modepi"": 2.377}, ""vin_3 col 1"": {""best"": ""current"", ""r2"": 0.56132, ""joint_modepi_current_soc_r2"": 0.58973, ""median_abs_diff_to_modepi"": 2.352}}","{""0"": {""best"": ""temperature"", ""r2"": 1.0, ""constant_value"": null, ""nondecreasing_share"": 0.972}, ""1"": {""best"": ""pack SOC"", ""r2"": 1.0, ""constant_value"": null, ""nondecreasing_share"": 0.973}, ""2"": {""best"": ""constant"", ""r2"": NaN, ""constant_value"": 0.0, ""nondecreasing_share"": 1.0}, ""3"": {""best"": ""cell sum"", ""r2"": 0.99999, ""constant_value"": null, ""nondecreasing_share"": 0.629}, ""4"": {""best"": ""current"", ""r2"": 1.0, ""constant_value"": null, ""nondecreasing_share"": 0.763}, ""5"": {""best"": ""volt_modepi"", ""r2"": 1.0, ""constant_value"": null, ""nondecreasing_share"": 0.616}, ""6"": {""best"": ""vin_3 col 0 (next row)"", ""r2"": 0.99996, ""constant_value"": null, ""nondecreasing_share"": 0.519}}",0.9404694165192049,0.48068136497993663,0.0007976725836469356,0.0002357788108104264,
QAS,8,29444,27025,True,"{""vin_2 col 0"": {""best"": ""current"", ""r2"": 0.89721, ""joint_modepi_current_soc_r2"": 0.91294, ""median_abs_diff_to_modepi"": 0.0281}, ""vin_2 col 1"": {""best"": ""cell median"", ""r2"": 0.83856, ""joint_modepi_current_soc_r2"": 0.99853, ""median_abs_diff_to_modepi"": 0.2201}, ""vin_3 col 0"": {""best"": ""current"", ""r2"": 0.46772, ""joint_modepi_current_soc_r2"": 0.5245, ""median_abs_diff_to_modepi"": 2.381}, ""vin_3 col 1"": {""best"": ""current"", ""r2"": 0.46086, ""joint_modepi_current_soc_r2"": 0.5212, ""median_abs_diff_to_modepi"": 2.338}}","{""0"": {""best"": ""temperature"", ""r2"": 1.0, ""constant_value"": null, ""nondecreasing_share"": 0.971}, ""1"": {""best"": ""pack SOC"", ""r2"": 1.0, ""constant_value"": null, ""nondecreasing_share"": 0.948}, ""2"": {""best"": ""constant"", ""r2"": NaN, ""constant_value"": 0.0, ""nondecreasing_share"": 1.0}, ""3"": {""best"": ""cell sum"", ""r2"": 0.99999, ""constant_value"": null, ""nondecreasing_share"": 0.651}, ""4"": {""best"": ""current"", ""r2"": 1.0, ""constant_value"": null, ""nondecreasing_share"": 0.785}, ""5"": {""best"": ""volt_modepi"", ""r2"": 1.0, ""constant_value"": null, ""nondecreasing_share"": 0.641}, ""6"": {""best"": ""vin_3 col 0 (next row)"", ""r2"": 0.99996, ""constant_value"": null, ""nondecreasing_share"": 0.585}}",0.7803277028996574,0.8337103225908185,0.0008870076565552498,0.0007076640461230912,
QAS,10,33059,28119,True,"{""vin_2 col 0"": {""best"": ""current"", ""r2"": 0.93469, ""joint_modepi_current_soc_r2"": 0.95626, ""median_abs_diff_to_modepi"": 0.03713}, ""vin_2 col 1"": {""best"": ""cell median"", ""r2"": 0.70447, ""joint_modepi_current_soc_r2"": 0.99866, ""median_abs_diff_to_modepi"": 0.2659}, ""vin_3 col 0"": {""best"": ""current"", ""r2"": 0.42139, ""joint_modepi_current_soc_r2"": 0.72016, ""median_abs_diff_to_modepi"": 2.713}, ""vin_3 col 1"": {""best"": ""current"", ""r2"": 0.43651, ""joint_modepi_current_soc_r2"": 0.70641, ""median_abs_diff_to_modepi"": 2.69}}","{""0"": {""best"": ""temperature"", ""r2"": 1.0, ""constant_value"": null, ""nondecreasing_share"": 0.974}, ""1"": {""best"": ""pack SOC"", ""r2"": 1.0, ""constant_value"": null, ""nondecreasing_share"": 0.955}, ""2"": {""best"": ""constant"", ""r2"": NaN, ""constant_value"": 0.0, ""nondecreasing_share"": 1.0}, ""3"": {""best"": ""volt_modepi"", ""r2"": 0.99999, ""constant_value"": null, ""nondecreasing_share"": 0.702}, ""4"": {""best"": ""current"", ""r2"": 1.0, ""constant_value"": null, ""nondecreasing_share"": 0.774}, ""5"": {""best"": ""volt_modepi"", ""r2"": 1.0, ""constant_value"": null, ""nondecreasing_share"": 0.692}, ""6"": {""best"": ""vin_3 col 0 (next row)"", ""r2"": 0.99991, ""constant_value"": null, ""nondecreasing_share"": 0.624}}",0.9773961636406997,0.9697901828621314,0.0003742684809175944,0.00023682032158805209,
QAS,5,46310,40410,True,"{""vin_2 col 0"": {""best"": ""current"", ""r2"": 0.98297, ""joint_modepi_current_soc_r2"": 0.98736, ""median_abs_diff_to_modepi"": 0.04721}, ""vin_2 col 1"": {""best"": ""cell median"", ""r2"": 0.82819, ""joint_modepi_current_soc_r2"": 0.99604, ""median_abs_diff_to_modepi"": 0.1797}, ""vin_3 col 0"": {""best"": ""current"", ""r2"": 0.52518, ""joint_modepi_current_soc_r2"": 0.7164, ""median_abs_diff_to_modepi"": 2.971}, ""vin_3 col 1"": {""best"": ""current"", ""r2"": 0.55619, ""joint_modepi_current_soc_r2"": 0.69435, ""median_abs_diff_to_modepi"": 3.009}}","{""0"": {""best"": ""temperature"", ""r2"": 1.0, ""constant_value"": null, ""nondecreasing_share"": 0.979}, ""1"": {""best"": ""pack SOC"", ""r2"": 1.0, ""constant_value"": null, ""nondecreasing_share"": 0.969}, ""2"": {""best"": ""constant"", ""r2"": NaN, ""constant_value"": 0.0, ""nondecreasing_share"": 1.0}, ""3"": {""best"": ""volt_modepi"", ""r2"": 0.99999, ""constant_value"": null, ""nondecreasing_share"": 0.648}, ""4"": {""best"": ""current"", ""r2"": 1.0, ""constant_value"": null, ""nondecreasing_share"": 0.798}, ""5"": {""best"": ""volt_modepi"", ""r2"": 1.0, ""constant_value"": null, ""nondecreasing_share"": 0.638}, ""6"": {""best"": ""vin_3 col 0 (next row)"", ""r2"": 0.99975, ""constant_value"": null, ""nondecreasing_share"": 0.602}}",0.8108499343849705,0.8233192690142372,0.00023883250474132645,2.214776301540994e-05,
QAS,6,40735,36727,True,"{""vin_2 col 0"": {""best"": ""current"", ""r2"": 0.96288, ""joint_modepi_current_soc_r2"": 0.96933, ""median_abs_diff_to_modepi"": 0.01761}, ""vin_2 col 1"": {""best"": ""cell median"", ""r2"": 0.57753, ""joint_modepi_current_soc_r2"": 0.99809, ""median_abs_diff_to_modepi"": 0.2331}, ""vin_3 col 0"": {""best"": ""current"", ""r2"": 0.7267, ""joint_modepi_current_soc_r2"": 0.7786, ""median_abs_diff_to_modepi"": 2.715}, ""vin_3 col 1"": {""best"": ""current"", ""r2"": 0.7075, ""joint_modepi_current_soc_r2"": 0.75327, ""median_abs_diff_to_modepi"": 2.723}}","{""0"": {""best"": ""temperature"", ""r2"": 1.0, ""constant_value"": null, ""nondecreasing_share"": 0.975}, ""1"": {""best"": ""pack SOC"", ""r2"": 1.0, ""constant_value"": null, ""nondecreasing_share"": 0.94}, ""2"": {""best"": ""constant"", ""r2"": NaN, ""constant_value"": 0.0, ""nondecreasing_share"": 1.0}, ""3"": {""best"": ""cell sum"", ""r2"": 0.99998, ""constant_value"": null, ""nondecreasing_share"": 0.622}, ""4"": {""best"": ""current"", ""r2"": 1.0, ""constant_value"": null, ""nondecreasing_share"": 0.663}, ""5"": {""best"": ""volt_modepi"", ""r2"": 1.0, ""constant_value"": null, ""nondecreasing_share"": 0.616}, ""6"": {""best"": ""vin_3 col 0 (next row)"", ""r2"": 0.99889, ""constant_value"": null, ""nondecreasing_share"": 0.461}}",0.9941381593204873,0.993267074398118,0.0003289403438255789,0.0005442747521760809,
QAS,11,33908,30044,True,"{""vin_2 col 0"": {""best"": ""current"", ""r2"": 0.00018, ""joint_modepi_current_soc_r2"": 0.0002, ""median_abs_diff_to_modepi"": 0.04273}, ""vin_2 col 1"": {""best"": ""cell median"", ""r2"": 0.69467, ""joint_modepi_current_soc_r2"": 0.99802, ""median_abs_diff_to_modepi"": 0.2185}, ""vin_3 col 0"": {""best"": ""current"", ""r2"": 0.59723, ""joint_modepi_current_soc_r2"": 0.78599, ""median_abs_diff_to_modepi"": 2.971}, ""vin_3 col 1"": {""best"": ""current"", ""r2"": 0.61078, ""joint_modepi_current_soc_r2"": 0.76561, ""median_abs_diff_to_modepi"": 3.143}}","{""0"": {""best"": ""temperature"", ""r2"": 1.0, ""constant_value"": null, ""nondecreasing_share"": 0.971}, ""1"": {""best"": ""pack SOC"", ""r2"": 1.0, ""constant_value"": null, ""nondecreasing_share"": 0.965}, ""2"": {""best"": ""constant"", ""r2"": NaN, ""constant_value"": 0.0, ""nondecreasing_share"": 1.0}, ""3"": {""best"": ""cell sum"", ""r2"": 0.99999, ""constant_value"": null, ""nondecreasing_share"": 0.657}, ""4"": {""best"": ""current"", ""r2"": 1.0, ""constant_value"": null, ""nondecreasing_share"": 0.737}, ""5"": {""best"": ""volt_modepi"", ""r2"": 1.0, ""constant_value"": null, ""nondecreasing_share"": 0.646}, ""6"": {""best"": ""vin_3 col 0 (next row)"", ""r2"": 0.99973, ""constant_value"": null, ""nondecreasing_share"": 0.608}}",0.9747387428031511,0.9719692514134002,0.0007813132664833411,0.00012164736461015389,
QAS,12,34202,29734,True,"{""vin_2 col 0"": {""best"": ""current"", ""r2"": 0.00233, ""joint_modepi_current_soc_r2"": 0.00237, ""median_abs_diff_to_modepi"": 0.02161}, ""vin_2 col 1"": {""best"": ""volt_modepi"", ""r2"": 0.73236, ""joint_modepi_current_soc_r2"": 0.99817, ""median_abs_diff_to_modepi"": 0.2044}, ""vin_3 col 0"": {""best"": ""current"", ""r2"": 0.57065, ""joint_modepi_current_soc_r2"": 0.58418, ""median_abs_diff_to_modepi"": 2.375}, ""vin_3 col 1"": {""best"": ""current"", ""r2"": 0.54161, ""joint_modepi_current_soc_r2"": 0.56255, ""median_abs_diff_to_modepi"": 2.365}}","{""0"": {""best"": ""temperature"", ""r2"": 1.0, ""constant_value"": null, ""nondecreasing_share"": 0.973}, ""1"": {""best"": ""pack SOC"", ""r2"": 1.0, ""constant_value"": null, ""nondecreasing_share"": 0.973}, ""2"": {""best"": ""constant"", ""r2"": NaN, ""constant_value"": 0.0, ""nondecreasing_share"": 1.0}, ""3"": {""best"": ""cell sum"", ""r2"": 0.99999, ""constant_value"": null, ""nondecreasing_share"": 0.654}, ""4"": {""best"": ""current"", ""r2"": 1.0, ""constant_value"": null, ""nondecreasing_share"": 0.749}, ""5"": {""best"": ""volt_modepi"", ""r2"": 1.0, ""constant_value"": null, ""nondecreasing_share"": 0.643}, ""6"": {""best"": ""vin_3 col 0 (next row)"", ""r2"": 0.99996, ""constant_value"": null, ""nondecreasing_share"": 0.566}}",0.9832725335315442,0.8412436433632083,0.0005339762593541408,0.0002685952810922978,
QAS,14,26891,23980,True,"{""vin_2 col 0"": {""best"": ""cell min"", ""r2"": 0.00157, ""joint_modepi_current_soc_r2"": 0.0028, ""median_abs_diff_to_modepi"": 0.04911}, ""vin_2 col 1"": {""best"": ""cell median"", ""r2"": 0.72871, ""joint_modepi_current_soc_r2"": 0.99669, ""median_abs_diff_to_modepi"": 0.3479}, ""vin_3 col 0"": {""best"": ""pack SOC"", ""r2"": 0.28381, ""joint_modepi_current_soc_r2"": 0.44966, ""median_abs_diff_to_modepi"": 2.775}, ""vin_3 col 1"": {""best"": ""pack SOC"", ""r2"": 0.2685, ""joint_modepi_current_soc_r2"": 0.41955, ""median_abs_diff_to_modepi"": 2.789}}","{""0"": {""best"": ""temperature"", ""r2"": 1.0, ""constant_value"": null, ""nondecreasing_share"": 0.975}, ""1"": {""best"": ""pack SOC"", ""r2"": 1.0, ""constant_value"": null, ""nondecreasing_share"": 0.956}, ""2"": {""best"": ""constant"", ""r2"": NaN, ""constant_value"": 0.0, ""nondecreasing_share"": 1.0}, ""3"": {""best"": ""cell sum"", ""r2"": 0.99998, ""constant_value"": null, ""nondecreasing_share"": 0.671}, ""4"": {""best"": ""current"", ""r2"": 1.0, ""constant_value"": null, ""nondecreasing_share"": 0.781}, ""5"": {""best"": ""volt_modepi"", ""r2"": 1.0, ""constant_value"": null, ""nondecreasing_share"": 0.66}, ""6"": {""best"": ""vin_3 col 0 (next row)"", ""r2"": 0.99995, ""constant_value"": null, ""nondecreasing_share"": 0.665}}",0.8976636338200977,0.9027378099568355,0.0006338080546324232,0.00027861322774450873,
QAS,15,28435,24983,True,"{""vin_2 col 0"": {""best"": ""current"", ""r2"": 0.99241, ""joint_modepi_current_soc_r2"": 0.99452, ""median_abs_diff_to_modepi"": 0.05122}, ""vin_2 col 1"": {""best"": ""cell median"", ""r2"": 0.74359, ""joint_modepi_current_soc_r2"": 0.99776, ""median_abs_diff_to_modepi"": 0.1896}, ""vin_3 col 0"": {""best"": ""current"", ""r2"": 0.67941, ""joint_modepi_current_soc_r2"": 0.83013, ""median_abs_diff_to_modepi"": 2.983}, ""vin_3 col 1"": {""best"": ""current"", ""r2"": 0.73117, ""joint_modepi_current_soc_r2"": 0.79092, ""median_abs_diff_to_modepi"": 2.993}}","{""0"": {""best"": ""temperature"", ""r2"": 1.0, ""constant_value"": null, ""nondecreasing_share"": 0.974}, ""1"": {""best"": ""pack SOC"", ""r2"": 1.0, ""constant_value"": null, ""nondecreasing_share"": 0.973}, ""2"": {""best"": ""constant"", ""r2"": NaN, ""constant_value"": 0.0, ""nondecreasing_share"": 1.0}, ""3"": {""best"": ""volt_modepi"", ""r2"": 0.99999, ""constant_value"": null, ""nondecreasing_share"": 0.655}, ""4"": {""best"": ""current"", ""r2"": 1.0, ""constant_value"": null, ""nondecreasing_share"": 0.781}, ""5"": {""best"": ""volt_modepi"", ""r2"": 1.0, ""constant_value"": null, ""nondecreasing_share"": 0.643}, ""6"": {""best"": ""vin_3 col 0 (next row)"", ""r2"": 0.99977, ""constant_value"": null, ""nondecreasing_share"": 0.623}}",0.8672863448565789,0.878700029682876,0.0006169065118393213,2.9165071663274262e-05,
QAS,13,36656,33227,True,"{""vin_2 col 0"": {""best"": ""current"", ""r2"": 0.0025, ""joint_modepi_current_soc_r2"": 0.00284, ""median_abs_diff_to_modepi"": 0.06383}, ""vin_2 col 1"": {""best"": ""cell median"", ""r2"": 0.78994, ""joint_modepi_current_soc_r2"": 0.99771, ""median_abs_diff_to_modepi"": 0.2017}, ""vin_3 col 0"": {""best"": ""current"", ""r2"": 0.8676, ""joint_modepi_current_soc_r2"": 0.9155, ""median_abs_diff_to_modepi"": 2.977}, ""vin_3 col 1"": {""best"": ""current"", ""r2"": 0.88118, ""joint_modepi_current_soc_r2"": 0.8909, ""median_abs_diff_to_modepi"": 3.409}}","{""0"": {""best"": ""temperature"", ""r2"": 1.0, ""constant_value"": null, ""nondecreasing_share"": 0.973}, ""1"": {""best"": ""pack SOC"", ""r2"": 1.0, ""constant_value"": null, ""nondecreasing_share"": 0.963}, ""2"": {""best"": ""constant"", ""r2"": NaN, ""constant_value"": 0.0, ""nondecreasing_share"": 1.0}, ""3"": {""best"": ""cell sum"", ""r2"": 0.99999, ""constant_value"": null, ""nondecreasing_share"": 0.709}, ""4"": {""best"": ""current"", ""r2"": 1.0, ""constant_value"": null, ""nondecreasing_share"": 0.815}, ""5"": {""best"": ""volt_modepi"", ""r2"": 1.0, ""constant_value"": null, ""nondecreasing_share"": 0.7}, ""6"": {""best"": ""vin_3 col 0 (next row)"", ""r2"": 0.99986, ""constant_value"": null, ""nondecreasing_share"": 0.627}}",0.7776038239609233,0.6947020131203089,0.00048239768045998943,2.853397590768506e-05,
QAS,16,35973,30875,True,"{""vin_2 col 0"": {""best"": ""current"", ""r2"": 0.99401, ""joint_modepi_current_soc_r2"": 0.99574, ""median_abs_diff_to_modepi"": 0.04561}, ""vin_2 col 1"": {""best"": ""cell median"", ""r2"": 0.7061, ""joint_modepi_current_soc_r2"": 0.99777, ""median_abs_diff_to_modepi"": 0.1996}, ""vin_3 col 0"": {""best"": ""current"", ""r2"": 0.80064, ""joint_modepi_current_soc_r2"": 0.88341, ""median_abs_diff_to_modepi"": 2.971}, ""vin_3 col 1"": {""best"": ""current"", ""r2"": 0.80097, ""joint_modepi_current_soc_r2"": 0.86094, ""median_abs_diff_to_modepi"": 3.265}}","{""0"": {""best"": ""temperature"", ""r2"": 1.0, ""constant_value"": null, ""nondecreasing_share"": 0.975}, ""1"": {""best"": ""pack SOC"", ""r2"": 1.0, ""constant_value"": null, ""nondecreasing_share"": 0.956}, ""2"": {""best"": ""constant"", ""r2"": NaN, ""constant_value"": 0.0, ""nondecreasing_share"": 1.0}, ""3"": {""best"": ""cell sum"", ""r2"": 0.99998, ""constant_value"": null, ""nondecreasing_share"": 0.655}, ""4"": {""best"": ""current"", ""r2"": 1.0, ""constant_value"": null, ""nondecreasing_share"": 0.751}, ""5"": {""best"": ""volt_modepi"", ""r2"": 1.0, ""constant_value"": null, ""nondecreasing_share"": 0.644}, ""6"": {""best"": ""vin_3 col 0 (next row)"", ""r2"": 0.99981, ""constant_value"": null, ""nondecreasing_share"": 0.613}}",0.9359023629442207,0.8647185544099605,0.0006882752752646049,7.175660150775167e-05,
QAS,17,26609,24502,True,"{""vin_2 col 0"": {""best"": ""current"", ""r2"": 0.00393, ""joint_modepi_current_soc_r2"": 0.00397, ""median_abs_diff_to_modepi"": 0.04648}, ""vin_2 col 1"": {""best"": ""cell median"", ""r2"": 0.7916, ""joint_modepi_current_soc_r2"": 0.99835, ""median_abs_diff_to_modepi"": 0.1685}, ""vin_3 col 0"": {""best"": ""current"", ""r2"": 0.71453, ""joint_modepi_current_soc_r2"": 0.80044, ""median_abs_diff_to_modepi"": 2.953}, ""vin_3 col 1"": {""best"": ""current"", ""r2"": 0.71007, ""joint_modepi_current_soc_r2"": 0.78038, ""median_abs_diff_to_modepi"": 3.07}}","{""0"": {""best"": ""temperature"", ""r2"": 1.0, ""constant_value"": null, ""nondecreasing_share"": 0.975}, ""1"": {""best"": ""pack SOC"", ""r2"": 1.0, ""constant_value"": null, ""nondecreasing_share"": 0.973}, ""2"": {""best"": ""constant"", ""r2"": NaN, ""constant_value"": 0.0, ""nondecreasing_share"": 1.0}, ""3"": {""best"": ""cell sum"", ""r2"": 0.99999, ""constant_value"": null, ""nondecreasing_share"": 0.648}, ""4"": {""best"": ""current"", ""r2"": 1.0, ""constant_value"": null, ""nondecreasing_share"": 0.774}, ""5"": {""best"": ""volt_modepi"", ""r2"": 1.0, ""constant_value"": null, ""nondecreasing_share"": 0.634}, ""6"": {""best"": ""vin_3 col 0 (next row)"", ""r2"": 0.99401, ""constant_value"": null, ""nondecreasing_share"": 0.57}}",0.8097544195921221,0.6852884834762263,0.0005290146405603213,2.847964683864859e-05,
QAS,18,34611,29455,True,"{""vin_2 col 0"": {""best"": ""current"", ""r2"": 0.384, ""joint_modepi_current_soc_r2"": 0.38605, ""median_abs_diff_to_modepi"": 0.0215}, ""vin_2 col 1"": {""best"": ""current"", ""r2"": 0.61821, ""joint_modepi_current_soc_r2"": 0.99776, ""median_abs_diff_to_modepi"": 0.2432}, ""vin_3 col 0"": {""best"": ""current"", ""r2"": 0.31108, ""joint_modepi_current_soc_r2"": 0.33115, ""median_abs_diff_to_modepi"": 2.376}, ""vin_3 col 1"": {""best"": ""current"", ""r2"": 0.28708, ""joint_modepi_current_soc_r2"": 0.3049, ""median_abs_diff_to_modepi"": 2.37}}","{""0"": {""best"": ""temperature"", ""r2"": 1.0, ""constant_value"": null, ""nondecreasing_share"": 0.974}, ""1"": {""best"": ""pack SOC"", ""r2"": 1.0, ""constant_value"": null, ""nondecreasing_share"": 0.979}, ""2"": {""best"": ""constant"", ""r2"": NaN, ""constant_value"": 0.0, ""nondecreasing_share"": 1.0}, ""3"": {""best"": ""cell sum"", ""r2"": 0.99999, ""constant_value"": null, ""nondecreasing_share"": 0.651}, ""4"": {""best"": ""current"", ""r2"": 1.0, ""constant_value"": null, ""nondecreasing_share"": 0.805}, ""5"": {""best"": ""volt_modepi"", ""r2"": 1.0, ""constant_value"": null, ""nondecreasing_share"": 0.637}, ""6"": {""best"": ""vin_3 col 0 (next row)"", ""r2"": 0.99977, ""constant_value"": null, ""nondecreasing_share"": 0.596}}",0.9917324032755185,0.9382409883666092,0.0002743982715802673,0.00011596123611939976,
QAS,19,34181,32335,True,"{""vin_2 col 0"": {""best"": ""current"", ""r2"": 0.00107, ""joint_modepi_current_soc_r2"": 0.00113, ""median_abs_diff_to_modepi"": 0.0266}, ""vin_2 col 1"": {""best"": ""volt_modepi"", ""r2"": 0.62915, ""joint_modepi_current_soc_r2"": 0.99764, ""median_abs_diff_to_modepi"": 0.2189}, ""vin_3 col 0"": {""best"": ""temperature"", ""r2"": 0.14651, ""joint_modepi_current_soc_r2"": 0.19672, ""median_abs_diff_to_modepi"": 2.405}, ""vin_3 col 1"": {""best"": ""temperature"", ""r2"": 0.13732, ""joint_modepi_current_soc_r2"": 0.17783, ""median_abs_diff_to_modepi"": 2.395}}","{""0"": {""best"": ""temperature"", ""r2"": 1.0, ""constant_value"": null, ""nondecreasing_share"": 0.98}, ""1"": {""best"": ""pack SOC"", ""r2"": 1.0, ""constant_value"": null, ""nondecreasing_share"": 0.955}, ""2"": {""best"": ""constant"", ""r2"": NaN, ""constant_value"": 0.0, ""nondecreasing_share"": 1.0}, ""3"": {""best"": ""cell sum"", ""r2"": 0.99999, ""constant_value"": null, ""nondecreasing_share"": 0.639}, ""4"": {""best"": ""current"", ""r2"": 1.0, ""constant_value"": null, ""nondecreasing_share"": 0.729}, ""5"": {""best"": ""volt_modepi"", ""r2"": 1.0, ""constant_value"": null, ""nondecreasing_share"": 0.628}, ""6"": {""best"": ""vin_3 col 0 (next row)"", ""r2"": 0.99978, ""constant_value"": null, ""nondecreasing_share"": 0.588}}",0.9868600629573655,0.9875169460735584,0.00028707675286332446,0.00014705851156456787,
QAS,20,36882,31953,True,"{""vin_2 col 0"": {""best"": ""current"", ""r2"": 0.98104, ""joint_modepi_current_soc_r2"": 0.98622, ""median_abs_diff_to_modepi"": 0.03127}, ""vin_2 col 1"": {""best"": ""volt_modepi"", ""r2"": 0.63536, ""joint_modepi_current_soc_r2"": 0.99784, ""median_abs_diff_to_modepi"": 0.2608}, ""vin_3 col 0"": {""best"": ""current"", ""r2"": 0.58295, ""joint_modepi_current_soc_r2"": 0.5999, ""median_abs_diff_to_modepi"": 2.375}, ""vin_3 col 1"": {""best"": ""current"", ""r2"": 0.55953, ""joint_modepi_current_soc_r2"": 0.57689, ""median_abs_diff_to_modepi"": 2.357}}","{""0"": {""best"": ""temperature"", ""r2"": 1.0, ""constant_value"": null, ""nondecreasing_share"": 0.975}, ""1"": {""best"": ""pack SOC"", ""r2"": 1.0, ""constant_value"": null, ""nondecreasing_share"": 0.966}, ""2"": {""best"": ""constant"", ""r2"": NaN, ""constant_value"": 0.0, ""nondecreasing_share"": 1.0}, ""3"": {""best"": ""cell sum"", ""r2"": 0.99999, ""constant_value"": null, ""nondecreasing_share"": 0.663}, ""4"": {""best"": ""current"", ""r2"": 1.0, ""constant_value"": null, ""nondecreasing_share"": 0.75}, ""5"": {""best"": ""volt_modepi"", ""r2"": 1.0, ""constant_value"": null, ""nondecreasing_share"": 0.653}, ""6"": {""best"": ""vin_3 col 0 (next row)"", ""r2"": 0.99996, ""constant_value"": null, ""nondecreasing_share"": 0.538}}",0.9755463141834511,0.8575080445104649,0.0005407430128245849,0.0002502225151506631,
QAS,21,36578,34504,True,"{""vin_2 col 0"": {""best"": ""current"", ""r2"": 0.89373, ""joint_modepi_current_soc_r2"": 0.91974, ""median_abs_diff_to_modepi"": 0.03956}, ""vin_2 col 1"": {""best"": ""cell median"", ""r2"": 0.89053, ""joint_modepi_current_soc_r2"": 0.99453, ""median_abs_diff_to_modepi"": 0.2053}, ""vin_3 col 0"": {""best"": ""pack SOC"", ""r2"": 0.07027, ""joint_modepi_current_soc_r2"": 0.10337, ""median_abs_diff_to_modepi"": 2.95}, ""vin_3 col 1"": {""best"": ""pack SOC"", ""r2"": 0.06374, ""joint_modepi_current_soc_r2"": 0.09101, ""median_abs_diff_to_modepi"": 2.969}}","{""0"": {""best"": ""temperature"", ""r2"": 1.0, ""constant_value"": null, ""nondecreasing_share"": 0.977}, ""1"": {""best"": ""pack SOC"", ""r2"": 1.0, ""constant_value"": null, ""nondecreasing_share"": 0.951}, ""2"": {""best"": ""constant"", ""r2"": NaN, ""constant_value"": 0.0, ""nondecreasing_share"": 1.0}, ""3"": {""best"": ""cell sum"", ""r2"": 0.99997, ""constant_value"": null, ""nondecreasing_share"": 0.644}, ""4"": {""best"": ""current"", ""r2"": 1.0, ""constant_value"": null, ""nondecreasing_share"": 0.722}, ""5"": {""best"": ""volt_modepi"", ""r2"": 1.0, ""constant_value"": null, ""nondecreasing_share"": 0.633}, ""6"": {""best"": ""vin_3 col 0 (next row)"", ""r2"": 0.99999, ""constant_value"": null, ""nondecreasing_share"": 0.609}}",0.936855242776655,0.8730395516827992,0.00028621796259065135,5.984140960404304e-05,
QAS,22,32774,29461,True,"{""vin_2 col 0"": {""best"": ""current"", ""r2"": 0.98056, ""joint_modepi_current_soc_r2"": 0.98998, ""median_abs_diff_to_modepi"": 0.02898}, ""vin_2 col 1"": {""best"": ""cell median"", ""r2"": 0.795, ""joint_modepi_current_soc_r2"": 0.99795, ""median_abs_diff_to_modepi"": 0.1948}, ""vin_3 col 0"": {""best"": ""current"", ""r2"": 0.83701, ""joint_modepi_current_soc_r2"": 0.85149, ""median_abs_diff_to_modepi"": 2.372}, ""vin_3 col 1"": {""best"": ""current"", ""r2"": 0.82422, ""joint_modepi_current_soc_r2"": 0.83572, ""median_abs_diff_to_modepi"": 2.354}}","{""0"": {""best"": ""temperature"", ""r2"": 1.0, ""constant_value"": null, ""nondecreasing_share"": 0.973}, ""1"": {""best"": ""pack SOC"", ""r2"": 1.0, ""constant_value"": null, ""nondecreasing_share"": 0.962}, ""2"": {""best"": ""constant"", ""r2"": NaN, ""constant_value"": 0.0, ""nondecreasing_share"": 1.0}, ""3"": {""best"": ""cell sum"", ""r2"": 0.99998, ""constant_value"": null, ""nondecreasing_share"": 0.67}, ""4"": {""best"": ""current"", ""r2"": 1.0, ""constant_value"": null, ""nondecreasing_share"": 0.741}, ""5"": {""best"": ""volt_modepi"", ""r2"": 1.0, ""constant_value"": null, ""nondecreasing_share"": 0.661}, ""6"": {""best"": ""vin_3 col 0 (next row)"", ""r2"": 0.99997, ""constant_value"": null, ""nondecreasing_share"": 0.546}}",0.9478244654619463,0.9479772400292322,0.0002303699909615986,0.00014461112643037268,
QAS,23,27671,25213,True,"{""vin_2 col 0"": {""best"": ""current"", ""r2"": 0.00079, ""joint_modepi_current_soc_r2"": 0.00081, ""median_abs_diff_to_modepi"": 0.03998}, ""vin_2 col 1"": {""best"": ""cell mean"", ""r2"": 0.78791, ""joint_modepi_current_soc_r2"": 0.99781, ""median_abs_diff_to_modepi"": 0.1466}, ""vin_3 col 0"": {""best"": ""current"", ""r2"": 0.52366, ""joint_modepi_current_soc_r2"": 0.75635, ""median_abs_diff_to_modepi"": 2.965}, ""vin_3 col 1"": {""best"": ""current"", ""r2"": 0.57043, ""joint_modepi_current_soc_r2"": 0.70021, ""median_abs_diff_to_modepi"": 2.95}}","{""0"": {""best"": ""temperature"", ""r2"": 1.0, ""constant_value"": null, ""nondecreasing_share"": 0.976}, ""1"": {""best"": ""pack SOC"", ""r2"": 1.0, ""constant_value"": null, ""nondecreasing_share"": 0.98}, ""2"": {""best"": ""constant"", ""r2"": NaN, ""constant_value"": 0.0, ""nondecreasing_share"": 1.0}, ""3"": {""best"": ""cell sum"", ""r2"": 0.99999, ""constant_value"": null, ""nondecreasing_share"": 0.668}, ""4"": {""best"": ""current"", ""r2"": 1.0, ""constant_value"": null, ""nondecreasing_share"": 0.769}, ""5"": {""best"": ""volt_modepi"", ""r2"": 1.0, ""constant_value"": null, ""nondecreasing_share"": 0.652}, ""6"": {""best"": ""vin_3 col 0 (next row)"", ""r2"": 0.99974, ""constant_value"": null, ""nondecreasing_share"": 0.59}}",0.9380769168263845,0.8878144319377755,0.00029631884225977956,3.88450550867573e-05,
QAS,25,29393,27545,True,"{""vin_2 col 0"": {""best"": ""current"", ""r2"": 0.32998, ""joint_modepi_current_soc_r2"": 0.34694, ""median_abs_diff_to_modepi"": 0.02679}, ""vin_2 col 1"": {""best"": ""cell median"", ""r2"": 0.8447, ""joint_modepi_current_soc_r2"": 0.99793, ""median_abs_diff_to_modepi"": 0.2362}, ""vin_3 col 0"": {""best"": ""pack SOC"", ""r2"": 0.14385, ""joint_modepi_current_soc_r2"": 0.25125, ""median_abs_diff_to_modepi"": 2.386}, ""vin_3 col 1"": {""best"": ""pack SOC"", ""r2"": 0.1379, ""joint_modepi_current_soc_r2"": 0.23062, ""median_abs_diff_to_modepi"": 2.386}}","{""0"": {""best"": ""temperature"", ""r2"": 1.0, ""constant_value"": null, ""nondecreasing_share"": 0.977}, ""1"": {""best"": ""pack SOC"", ""r2"": 1.0, ""constant_value"": null, ""nondecreasing_share"": 0.961}, ""2"": {""best"": ""constant"", ""r2"": NaN, ""constant_value"": 0.0, ""nondecreasing_share"": 1.0}, ""3"": {""best"": ""cell sum"", ""r2"": 0.99999, ""constant_value"": null, ""nondecreasing_share"": 0.632}, ""4"": {""best"": ""current"", ""r2"": 1.0, ""constant_value"": null, ""nondecreasing_share"": 0.822}, ""5"": {""best"": ""volt_modepi"", ""r2"": 1.0, ""constant_value"": null, ""nondecreasing_share"": 0.621}, ""6"": {""best"": ""vin_3 col 0 (next row)"", ""r2"": 0.99954, ""constant_value"": null, ""nondecreasing_share"": 0.537}}",0.6908322821121453,0.1802233616858502,0.0007939212313692323,0.0002178504361287065,
QAS,24,33215,31080,True,"{""vin_2 col 0"": {""best"": ""current"", ""r2"": 0.50069, ""joint_modepi_current_soc_r2"": 0.50841, ""median_abs_diff_to_modepi"": 0.02985}, ""vin_2 col 1"": {""best"": ""cell median"", ""r2"": 0.64967, ""joint_modepi_current_soc_r2"": 0.99812, ""median_abs_diff_to_modepi"": 0.251}, ""vin_3 col 0"": {""best"": ""current"", ""r2"": 0.4729, ""joint_modepi_current_soc_r2"": 0.48503, ""median_abs_diff_to_modepi"": 2.354}, ""vin_3 col 1"": {""best"": ""current"", ""r2"": 0.4525, ""joint_modepi_current_soc_r2"": 0.46533, ""median_abs_diff_to_modepi"": 2.337}}","{""0"": {""best"": ""temperature"", ""r2"": 1.0, ""constant_value"": null, ""nondecreasing_share"": 0.97}, ""1"": {""best"": ""pack SOC"", ""r2"": 1.0, ""constant_value"": null, ""nondecreasing_share"": 0.926}, ""2"": {""best"": ""constant"", ""r2"": NaN, ""constant_value"": 0.0, ""nondecreasing_share"": 1.0}, ""3"": {""best"": ""cell sum"", ""r2"": 0.99998, ""constant_value"": null, ""nondecreasing_share"": 0.613}, ""4"": {""best"": ""current"", ""r2"": 1.0, ""constant_value"": null, ""nondecreasing_share"": 0.66}, ""5"": {""best"": ""volt_modepi"", ""r2"": 1.0, ""constant_value"": null, ""nondecreasing_share"": 0.605}, ""6"": {""best"": ""vin_3 col 0 (next row)"", ""r2"": 0.99996, ""constant_value"": null, ""nondecreasing_share"": 0.449}}",0.9882376870786798,0.9694779877697103,0.00029044092419949763,0.00017734189950327066,
QAS,26,27811,24474,True,"{""vin_2 col 0"": {""best"": ""cell min"", ""r2"": 0.0005, ""joint_modepi_current_soc_r2"": 0.00058, ""median_abs_diff_to_modepi"": 0.04261}, ""vin_2 col 1"": {""best"": ""cell median"", ""r2"": 0.74632, ""joint_modepi_current_soc_r2"": 0.99774, ""median_abs_diff_to_modepi"": 0.3023}, ""vin_3 col 0"": {""best"": ""temperature"", ""r2"": 0.26002, ""joint_modepi_current_soc_r2"": 0.23082, ""median_abs_diff_to_modepi"": 2.45}, ""vin_3 col 1"": {""best"": ""temperature"", ""r2"": 0.25468, ""joint_modepi_current_soc_r2"": 0.21094, ""median_abs_diff_to_modepi"": 2.463}}","{""0"": {""best"": ""temperature"", ""r2"": 1.0, ""constant_value"": null, ""nondecreasing_share"": 0.973}, ""1"": {""best"": ""pack SOC"", ""r2"": 1.0, ""constant_value"": null, ""nondecreasing_share"": 0.95}, ""2"": {""best"": ""constant"", ""r2"": NaN, ""constant_value"": 0.0, ""nondecreasing_share"": 1.0}, ""3"": {""best"": ""cell sum"", ""r2"": 0.99999, ""constant_value"": null, ""nondecreasing_share"": 0.684}, ""4"": {""best"": ""current"", ""r2"": 1.0, ""constant_value"": null, ""nondecreasing_share"": 0.879}, ""5"": {""best"": ""volt_modepi"", ""r2"": 1.0, ""constant_value"": null, ""nondecreasing_share"": 0.674}, ""6"": {""best"": ""vin_3 col 0 (next row)"", ""r2"": 0.99998, ""constant_value"": null, ""nondecreasing_share"": 0.67}}",0.997437301261726,0.9929355289184688,0.0009531747862949747,0.0005180715052481155,
QAS,27,35925,31984,True,"{""vin_2 col 0"": {""best"": ""current"", ""r2"": 0.00131, ""joint_modepi_current_soc_r2"": 0.00138, ""median_abs_diff_to_modepi"": 0.04473}, ""vin_2 col 1"": {""best"": ""cell median"", ""r2"": 0.74583, ""joint_modepi_current_soc_r2"": 0.99852, ""median_abs_diff_to_modepi"": 0.234}, ""vin_3 col 0"": {""best"": ""current"", ""r2"": 0.48344, ""joint_modepi_current_soc_r2"": 0.71217, ""median_abs_diff_to_modepi"": 2.982}, ""vin_3 col 1"": {""best"": ""current"", ""r2"": 0.5496, ""joint_modepi_current_soc_r2"": 0.66844, ""median_abs_diff_to_modepi"": 2.973}}","{""0"": {""best"": ""temperature"", ""r2"": 1.0, ""constant_value"": null, ""nondecreasing_share"": 0.973}, ""1"": {""best"": ""pack SOC"", ""r2"": 1.0, ""constant_value"": null, ""nondecreasing_share"": 0.96}, ""2"": {""best"": ""constant"", ""r2"": NaN, ""constant_value"": 0.0, ""nondecreasing_share"": 1.0}, ""3"": {""best"": ""cell sum"", ""r2"": 0.99999, ""constant_value"": null, ""nondecreasing_share"": 0.645}, ""4"": {""best"": ""current"", ""r2"": 1.0, ""constant_value"": null, ""nondecreasing_share"": 0.803}, ""5"": {""best"": ""volt_modepi"", ""r2"": 1.0, ""constant_value"": null, ""nondecreasing_share"": 0.634}, ""6"": {""best"": ""vin_3 col 0 (next row)"", ""r2"": 0.99689, ""constant_value"": null, ""nondecreasing_share"": 0.624}}",0.9312726639779946,0.8961330101362224,0.00026643783605795335,5.8652783928162504e-05,
QAS,28,39894,33654,True,"{""vin_2 col 0"": {""best"": ""current"", ""r2"": 0.96702, ""joint_modepi_current_soc_r2"": 0.9738, ""median_abs_diff_to_modepi"": 0.02005}, ""vin_2 col 1"": {""best"": ""volt_modepi"", ""r2"": 0.67615, ""joint_modepi_current_soc_r2"": 0.99726, ""median_abs_diff_to_modepi"": 0.2264}, ""vin_3 col 0"": {""best"": ""current"", ""r2"": 0.27564, ""joint_modepi_current_soc_r2"": 0.36024, ""median_abs_diff_to_modepi"": 2.373}, ""vin_3 col 1"": {""best"": ""current"", ""r2"": 0.25363, ""joint_modepi_current_soc_r2"": 0.33688, ""median_abs_diff_to_modepi"": 2.358}}","{""0"": {""best"": ""temperature"", ""r2"": 1.0, ""constant_value"": null, ""nondecreasing_share"": 0.975}, ""1"": {""best"": ""pack SOC"", ""r2"": 1.0, ""constant_value"": null, ""nondecreasing_share"": 0.981}, ""2"": {""best"": ""constant"", ""r2"": NaN, ""constant_value"": 0.0, ""nondecreasing_share"": 1.0}, ""3"": {""best"": ""volt_modepi"", ""r2"": 0.99999, ""constant_value"": null, ""nondecreasing_share"": 0.658}, ""4"": {""best"": ""current"", ""r2"": 1.0, ""constant_value"": null, ""nondecreasing_share"": 0.829}, ""5"": {""best"": ""volt_modepi"", ""r2"": 1.0, ""constant_value"": null, ""nondecreasing_share"": 0.644}, ""6"": {""best"": ""vin_3 col 0 (next row)"", ""r2"": 0.99997, ""constant_value"": null, ""nondecreasing_share"": 0.525}}",0.9982580824700572,0.9987463407994182,0.0006020482250994608,0.00027167497143532716,
QAS,29,38133,34325,True,"{""vin_2 col 0"": {""best"": ""current"", ""r2"": 0.98386, ""joint_modepi_current_soc_r2"": 0.9887, ""median_abs_diff_to_modepi"": 0.04646}, ""vin_2 col 1"": {""best"": ""cell median"", ""r2"": 0.81854, ""joint_modepi_current_soc_r2"": 0.99725, ""median_abs_diff_to_modepi"": 0.1921}, ""vin_3 col 0"": {""best"": ""current"", ""r2"": 0.43242, ""joint_modepi_current_soc_r2"": 0.72541, ""median_abs_diff_to_modepi"": 2.979}, ""vin_3 col 1"": {""best"": ""current"", ""r2"": 0.44742, ""joint_modepi_current_soc_r2"": 0.66676, ""median_abs_diff_to_modepi"": 3.0}}","{""0"": {""best"": ""temperature"", ""r2"": 1.0, ""constant_value"": null, ""nondecreasing_share"": 0.972}, ""1"": {""best"": ""pack SOC"", ""r2"": 1.0, ""constant_value"": null, ""nondecreasing_share"": 0.972}, ""2"": {""best"": ""constant"", ""r2"": NaN, ""constant_value"": 0.0, ""nondecreasing_share"": 1.0}, ""3"": {""best"": ""volt_modepi"", ""r2"": 0.99997, ""constant_value"": null, ""nondecreasing_share"": 0.689}, ""4"": {""best"": ""current"", ""r2"": 1.0, ""constant_value"": null, ""nondecreasing_share"": 0.827}, ""5"": {""best"": ""volt_modepi"", ""r2"": 1.0, ""constant_value"": null, ""nondecreasing_share"": 0.676}, ""6"": {""best"": ""vin_3 col 0 (next row)"", ""r2"": 0.99977, ""constant_value"": null, ""nondecreasing_share"": 0.609}}",0.9103197000695206,0.9314069526218935,0.00027402802267118,2.6026519976057784e-05,
QAS,30,26648,21576,True,"{""vin_2 col 0"": {""best"": ""current"", ""r2"": 0.9895, ""joint_modepi_current_soc_r2"": 0.99309, ""median_abs_diff_to_modepi"": 0.02121}, ""vin_2 col 1"": {""best"": ""cell median"", ""r2"": 0.67386, ""joint_modepi_current_soc_r2"": 0.99882, ""median_abs_diff_to_modepi"": 0.2266}, ""vin_3 col 0"": {""best"": ""current"", ""r2"": 0.90954, ""joint_modepi_current_soc_r2"": 0.91816, ""median_abs_diff_to_modepi"": 2.377}, ""vin_3 col 1"": {""best"": ""current"", ""r2"": 0.90545, ""joint_modepi_current_soc_r2"": 0.91326, ""median_abs_diff_to_modepi"": 2.341}}","{""0"": {""best"": ""temperature"", ""r2"": 1.0, ""constant_value"": null, ""nondecreasing_share"": 0.981}, ""1"": {""best"": ""pack SOC"", ""r2"": 1.0, ""constant_value"": null, ""nondecreasing_share"": 0.974}, ""2"": {""best"": ""constant"", ""r2"": NaN, ""constant_value"": 0.0, ""nondecreasing_share"": 1.0}, ""3"": {""best"": ""cell sum"", ""r2"": 0.99999, ""constant_value"": null, ""nondecreasing_share"": 0.712}, ""4"": {""best"": ""current"", ""r2"": 1.0, ""constant_value"": null, ""nondecreasing_share"": 0.872}, ""5"": {""best"": ""volt_modepi"", ""r2"": 1.0, ""constant_value"": null, ""nondecreasing_share"": 0.699}, ""6"": {""best"": ""vin_3 col 0 (next row)"", ""r2"": 0.99998, ""constant_value"": null, ""nondecreasing_share"": 0.545}}",0.9964970116996061,0.994196429227056,0.0008432026900964118,0.0008053872957246311,
QAS,31,30549,26435,True,"{""vin_2 col 0"": {""best"": ""current"", ""r2"": 0.88396, ""joint_modepi_current_soc_r2"": 0.89448, ""median_abs_diff_to_modepi"": 0.02719}, ""vin_2 col 1"": {""best"": ""cell median"", ""r2"": 0.7059, ""joint_modepi_current_soc_r2"": 0.99838, ""median_abs_diff_to_modepi"": 0.2916}, ""vin_3 col 0"": {""best"": ""current"", ""r2"": 0.32312, ""joint_modepi_current_soc_r2"": 0.40124, ""median_abs_diff_to_modepi"": 2.379}, ""vin_3 col 1"": {""best"": ""current"", ""r2"": 0.3057, ""joint_modepi_current_soc_r2"": 0.37406, ""median_abs_diff_to_modepi"": 2.367}}","{""0"": {""best"": ""temperature"", ""r2"": 1.0, ""constant_value"": null, ""nondecreasing_share"": 0.975}, ""1"": {""best"": ""pack SOC"", ""r2"": 1.0, ""constant_value"": null, ""nondecreasing_share"": 0.963}, ""2"": {""best"": ""constant"", ""r2"": NaN, ""constant_value"": 0.0, ""nondecreasing_share"": 1.0}, ""3"": {""best"": ""cell sum"", ""r2"": 0.99999, ""constant_value"": null, ""nondecreasing_share"": 0.659}, ""4"": {""best"": ""current"", ""r2"": 1.0, ""constant_value"": null, ""nondecreasing_share"": 0.816}, ""5"": {""best"": ""volt_modepi"", ""r2"": 1.0, ""constant_value"": null, ""nondecreasing_share"": 0.65}, ""6"": {""best"": ""vin_3 col 0 (next row)"", ""r2"": 0.99967, ""constant_value"": null, ""nondecreasing_share"": 0.535}}",0.9681249162694188,0.8463049470442569,0.0012366882169279059,0.0005221609992795819,
QAS,32,29556,27011,True,"{""vin_2 col 0"": {""best"": ""current"", ""r2"": 0.00049, ""joint_modepi_current_soc_r2"": 0.00056, ""median_abs_diff_to_modepi"": 0.03193}, ""vin_2 col 1"": {""best"": ""volt_modepi"", ""r2"": 0.65841, ""joint_modepi_current_soc_r2"": 0.99528, ""median_abs_diff_to_modepi"": 0.2913}, ""vin_3 col 0"": {""best"": ""current"", ""r2"": 0.11531, ""joint_modepi_current_soc_r2"": 0.22794, ""median_abs_diff_to_modepi"": 2.427}, ""vin_3 col 1"": {""best"": ""current"", ""r2"": 0.10588, ""joint_modepi_current_soc_r2"": 0.21223, ""median_abs_diff_to_modepi"": 2.405}}","{""0"": {""best"": ""temperature"", ""r2"": 1.0, ""constant_value"": null, ""nondecreasing_share"": 0.974}, ""1"": {""best"": ""pack SOC"", ""r2"": 1.0, ""constant_value"": null, ""nondecreasing_share"": 0.965}, ""2"": {""best"": ""constant"", ""r2"": NaN, ""constant_value"": 0.0, ""nondecreasing_share"": 1.0}, ""3"": {""best"": ""cell sum"", ""r2"": 0.99998, ""constant_value"": null, ""nondecreasing_share"": 0.652}, ""4"": {""best"": ""current"", ""r2"": 1.0, ""constant_value"": null, ""nondecreasing_share"": 0.787}, ""5"": {""best"": ""volt_modepi"", ""r2"": 1.0, ""constant_value"": null, ""nondecreasing_share"": 0.641}, ""6"": {""best"": ""vin_3 col 0 (next row)"", ""r2"": 0.99998, ""constant_value"": null, ""nondecreasing_share"": 0.568}}",0.7429897755494834,0.8281417222172722,0.0004965940701266991,0.00021875954095575974,
QAS,34,36707,31997,True,"{""vin_2 col 0"": {""best"": ""current"", ""r2"": 0.97424, ""joint_modepi_current_soc_r2"": 0.98272, ""median_abs_diff_to_modepi"": 0.0332}, ""vin_2 col 1"": {""best"": ""volt_modepi"", ""r2"": 0.68936, ""joint_modepi_current_soc_r2"": 0.99827, ""median_abs_diff_to_modepi"": 0.2315}, ""vin_3 col 0"": {""best"": ""current"", ""r2"": 0.53809, ""joint_modepi_current_soc_r2"": 0.5982, ""median_abs_diff_to_modepi"": 2.382}, ""vin_3 col 1"": {""best"": ""current"", ""r2"": 0.51795, ""joint_modepi_current_soc_r2"": 0.57789, ""median_abs_diff_to_modepi"": 2.362}}","{""0"": {""best"": ""temperature"", ""r2"": 1.0, ""constant_value"": null, ""nondecreasing_share"": 0.977}, ""1"": {""best"": ""pack SOC"", ""r2"": 1.0, ""constant_value"": null, ""nondecreasing_share"": 0.961}, ""2"": {""best"": ""constant"", ""r2"": NaN, ""constant_value"": 0.0, ""nondecreasing_share"": 1.0}, ""3"": {""best"": ""cell sum"", ""r2"": 0.99999, ""constant_value"": null, ""nondecreasing_share"": 0.653}, ""4"": {""best"": ""current"", ""r2"": 1.0, ""constant_value"": null, ""nondecreasing_share"": 0.771}, ""5"": {""best"": ""volt_modepi"", ""r2"": 1.0, ""constant_value"": null, ""nondecreasing_share"": 0.645}, ""6"": {""best"": ""vin_3 col 0 (next row)"", ""r2"": 0.99996, ""constant_value"": null, ""nondecreasing_share"": 0.559}}",0.9890387519267431,0.9356509952419634,0.0009279096591985336,0.0003963049159317281,
QAS,36,29995,26294,True,"{""vin_2 col 0"": {""best"": ""current"", ""r2"": 0.00325, ""joint_modepi_current_soc_r2"": 0.00329, ""median_abs_diff_to_modepi"": 0.06244}, ""vin_2 col 1"": {""best"": ""cell median"", ""r2"": 0.86328, ""joint_modepi_current_soc_r2"": 0.99836, ""median_abs_diff_to_modepi"": 0.1731}, ""vin_3 col 0"": {""best"": ""current"", ""r2"": 0.47261, ""joint_modepi_current_soc_r2"": 0.61051, ""median_abs_diff_to_modepi"": 2.985}, ""vin_3 col 1"": {""best"": ""current"", ""r2"": 0.52507, ""joint_modepi_current_soc_r2"": 0.57984, ""median_abs_diff_to_modepi"": 2.965}}","{""0"": {""best"": ""temperature"", ""r2"": 1.0, ""constant_value"": null, ""nondecreasing_share"": 0.973}, ""1"": {""best"": ""pack SOC"", ""r2"": 1.0, ""constant_value"": null, ""nondecreasing_share"": 0.965}, ""2"": {""best"": ""constant"", ""r2"": NaN, ""constant_value"": 0.0, ""nondecreasing_share"": 1.0}, ""3"": {""best"": ""cell sum"", ""r2"": 0.99998, ""constant_value"": null, ""nondecreasing_share"": 0.655}, ""4"": {""best"": ""current"", ""r2"": 1.0, ""constant_value"": null, ""nondecreasing_share"": 0.843}, ""5"": {""best"": ""volt_modepi"", ""r2"": 1.0, ""constant_value"": null, ""nondecreasing_share"": 0.641}, ""6"": {""best"": ""vin_3 col 0 (next row)"", ""r2"": 0.99978, ""constant_value"": null, ""nondecreasing_share"": 0.589}}",0.8387126312128248,0.5593529644314975,0.0003655759891962873,2.9852759892060535e-05,
QAS,35,34612,31815,True,"{""vin_2 col 0"": {""best"": ""current"", ""r2"": 0.98489, ""joint_modepi_current_soc_r2"": 0.98914, ""median_abs_diff_to_modepi"": 0.04683}, ""vin_2 col 1"": {""best"": ""cell median"", ""r2"": 0.76025, ""joint_modepi_current_soc_r2"": 0.99575, ""median_abs_diff_to_modepi"": 0.2451}, ""vin_3 col 0"": {""best"": ""current"", ""r2"": 0.4106, ""joint_modepi_current_soc_r2"": 0.65477, ""median_abs_diff_to_modepi"": 2.982}, ""vin_3 col 1"": {""best"": ""current"", ""r2"": 0.39793, ""joint_modepi_current_soc_r2"": 0.60855, ""median_abs_diff_to_modepi"": 3.009}}","{""0"": {""best"": ""temperature"", ""r2"": 1.0, ""constant_value"": null, ""nondecreasing_share"": 0.975}, ""1"": {""best"": ""pack SOC"", ""r2"": 1.0, ""constant_value"": null, ""nondecreasing_share"": 0.974}, ""2"": {""best"": ""constant"", ""r2"": NaN, ""constant_value"": 0.0, ""nondecreasing_share"": 1.0}, ""3"": {""best"": ""cell sum"", ""r2"": 0.99999, ""constant_value"": null, ""nondecreasing_share"": 0.657}, ""4"": {""best"": ""current"", ""r2"": 1.0, ""constant_value"": null, ""nondecreasing_share"": 0.808}, ""5"": {""best"": ""volt_modepi"", ""r2"": 1.0, ""constant_value"": null, ""nondecreasing_share"": 0.643}, ""6"": {""best"": ""vin_3 col 0 (next row)"", ""r2"": 0.99977, ""constant_value"": null, ""nondecreasing_share"": 0.602}}",0.9212905995793452,0.8486456196827192,0.00034746506678029476,4.6197735534827874e-05,
QAS,33,43373,42221,True,"{""vin_2 col 0"": {""best"": ""current"", ""r2"": 0.27661, ""joint_modepi_current_soc_r2"": 0.28691, ""median_abs_diff_to_modepi"": 0.02592}, ""vin_2 col 1"": {""best"": ""cell median"", ""r2"": 0.77348, ""joint_modepi_current_soc_r2"": 0.99812, ""median_abs_diff_to_modepi"": 0.2361}, ""vin_3 col 0"": {""best"": ""current"", ""r2"": 0.25054, ""joint_modepi_current_soc_r2"": 0.32781, ""median_abs_diff_to_modepi"": 2.378}, ""vin_3 col 1"": {""best"": ""temperature"", ""r2"": 0.23572, ""joint_modepi_current_soc_r2"": 0.30641, ""median_abs_diff_to_modepi"": 2.364}}","{""0"": {""best"": ""temperature"", ""r2"": 1.0, ""constant_value"": null, ""nondecreasing_share"": 0.974}, ""1"": {""best"": ""pack SOC"", ""r2"": 1.0, ""constant_value"": null, ""nondecreasing_share"": 0.955}, ""2"": {""best"": ""constant"", ""r2"": NaN, ""constant_value"": 0.0, ""nondecreasing_share"": 1.0}, ""3"": {""best"": ""cell sum"", ""r2"": 0.99996, ""constant_value"": null, ""nondecreasing_share"": 0.69}, ""4"": {""best"": ""current"", ""r2"": 1.0, ""constant_value"": null, ""nondecreasing_share"": 0.764}, ""5"": {""best"": ""volt_modepi"", ""r2"": 1.0, ""constant_value"": null, ""nondecreasing_share"": 0.678}, ""6"": {""best"": ""vin_3 col 0 (next row)"", ""r2"": 0.99997, ""constant_value"": null, ""nondecreasing_share"": 0.59}}",0.7100653335178677,0.7193295501438166,0.0005615033031005634,0.00042525596267192886,
QAS,37,26705,24010,True,"{""vin_2 col 0"": {""best"": ""current"", ""r2"": 0.86143, ""joint_modepi_current_soc_r2"": 0.86604, ""median_abs_diff_to_modepi"": 0.04144}, ""vin_2 col 1"": {""best"": ""cell median"", ""r2"": 0.78132, ""joint_modepi_current_soc_r2"": 0.99831, ""median_abs_diff_to_modepi"": 0.1761}, ""vin_3 col 0"": {""best"": ""current"", ""r2"": 0.50271, ""joint_modepi_current_soc_r2"": 0.74238, ""median_abs_diff_to_modepi"": 2.982}, ""vin_3 col 1"": {""best"": ""current"", ""r2"": 0.49532, ""joint_modepi_current_soc_r2"": 0.71773, ""median_abs_diff_to_modepi"": 3.053}}","{""0"": {""best"": ""temperature"", ""r2"": 1.0, ""constant_value"": null, ""nondecreasing_share"": 0.975}, ""1"": {""best"": ""pack SOC"", ""r2"": 1.0, ""constant_value"": null, ""nondecreasing_share"": 0.973}, ""2"": {""best"": ""constant"", ""r2"": NaN, ""constant_value"": 0.0, ""nondecreasing_share"": 1.0}, ""3"": {""best"": ""cell sum"", ""r2"": 0.99999, ""constant_value"": null, ""nondecreasing_share"": 0.655}, ""4"": {""best"": ""current"", ""r2"": 1.0, ""constant_value"": null, ""nondecreasing_share"": 0.804}, ""5"": {""best"": ""volt_modepi"", ""r2"": 1.0, ""constant_value"": null, ""nondecreasing_share"": 0.641}, ""6"": {""best"": ""vin_3 col 0 (next row)"", ""r2"": 0.99826, ""constant_value"": null, ""nondecreasing_share"": 0.625}}",0.899071505895986,0.7761937741412279,0.00021989842744085664,3.573765169595511e-05,
QAS,38,28332,24427,True,"{""vin_2 col 0"": {""best"": ""current"", ""r2"": 0.98839, ""joint_modepi_current_soc_r2"": 0.9914, ""median_abs_diff_to_modepi"": 0.05224}, ""vin_2 col 1"": {""best"": ""cell median"", ""r2"": 0.70301, ""joint_modepi_current_soc_r2"": 0.99736, ""median_abs_diff_to_modepi"": 0.2511}, ""vin_3 col 0"": {""best"": ""current"", ""r2"": 0.6008, ""joint_modepi_current_soc_r2"": 0.75316, ""median_abs_diff_to_modepi"": 2.985}, ""vin_3 col 1"": {""best"": ""current"", ""r2"": 0.61119, ""joint_modepi_current_soc_r2"": 0.71349, ""median_abs_diff_to_modepi"": 3.301}}","{""0"": {""best"": ""temperature"", ""r2"": 1.0, ""constant_value"": null, ""nondecreasing_share"": 0.976}, ""1"": {""best"": ""pack SOC"", ""r2"": 1.0, ""constant_value"": null, ""nondecreasing_share"": 0.972}, ""2"": {""best"": ""constant"", ""r2"": NaN, ""constant_value"": 0.0, ""nondecreasing_share"": 1.0}, ""3"": {""best"": ""cell sum"", ""r2"": 0.99999, ""constant_value"": null, ""nondecreasing_share"": 0.679}, ""4"": {""best"": ""current"", ""r2"": 1.0, ""constant_value"": null, ""nondecreasing_share"": 0.793}, ""5"": {""best"": ""volt_modepi"", ""r2"": 1.0, ""constant_value"": null, ""nondecreasing_share"": 0.665}, ""6"": {""best"": ""vin_3 col 0 (next row)"", ""r2"": 0.99974, ""constant_value"": null, ""nondecreasing_share"": 0.632}}",0.9076313074904855,0.8799169840158287,0.0003074728409926397,3.087134252973797e-05,
QAS,39,26948,25145,True,"{""vin_2 col 0"": {""best"": ""current"", ""r2"": 0.85042, ""joint_modepi_current_soc_r2"": 0.8673, ""median_abs_diff_to_modepi"": 0.0515}, ""vin_2 col 1"": {""best"": ""cell median"", ""r2"": 0.87772, ""joint_modepi_current_soc_r2"": 0.99848, ""median_abs_diff_to_modepi"": 0.2187}, ""vin_3 col 0"": {""best"": ""pack SOC"", ""r2"": 0.48533, ""joint_modepi_current_soc_r2"": 0.71997, ""median_abs_diff_to_modepi"": 2.987}, ""vin_3 col 1"": {""best"": ""pack SOC"", ""r2"": 0.46927, ""joint_modepi_current_soc_r2"": 0.69862, ""median_abs_diff_to_modepi"": 3.059}}","{""0"": {""best"": ""temperature"", ""r2"": 1.0, ""constant_value"": null, ""nondecreasing_share"": 0.972}, ""1"": {""best"": ""pack SOC"", ""r2"": 1.0, ""constant_value"": null, ""nondecreasing_share"": 0.963}, ""2"": {""best"": ""constant"", ""r2"": NaN, ""constant_value"": 0.0, ""nondecreasing_share"": 1.0}, ""3"": {""best"": ""cell sum"", ""r2"": 0.99998, ""constant_value"": null, ""nondecreasing_share"": 0.668}, ""4"": {""best"": ""current"", ""r2"": 1.0, ""constant_value"": null, ""nondecreasing_share"": 0.807}, ""5"": {""best"": ""volt_modepi"", ""r2"": 1.0, ""constant_value"": null, ""nondecreasing_share"": 0.652}, ""6"": {""best"": ""vin_3 col 0 (next row)"", ""r2"": 0.99984, ""constant_value"": null, ""nondecreasing_share"": 0.648}}",0.9870238327099137,0.9833039410506254,0.00021943339102659107,6.718176302572816e-05,
QAS,40,27200,24587,True,"{""vin_2 col 0"": {""best"": ""current"", ""r2"": 0.87796, ""joint_modepi_current_soc_r2"": 0.88305, ""median_abs_diff_to_modepi"": 0.02429}, ""vin_2 col 1"": {""best"": ""cell median"", ""r2"": 0.6713, ""joint_modepi_current_soc_r2"": 0.99745, ""median_abs_diff_to_modepi"": 0.2553}, ""vin_3 col 0"": {""best"": ""current"", ""r2"": 0.33334, ""joint_modepi_current_soc_r2"": 0.33646, ""median_abs_diff_to_modepi"": 2.378}, ""vin_3 col 1"": {""best"": ""current"", ""r2"": 0.33203, ""joint_modepi_current_soc_r2"": 0.33382, ""median_abs_diff_to_modepi"": 2.34}}","{""0"": {""best"": ""temperature"", ""r2"": 1.0, ""constant_value"": null, ""nondecreasing_share"": 0.971}, ""1"": {""best"": ""pack SOC"", ""r2"": 1.0, ""constant_value"": null, ""nondecreasing_share"": 0.973}, ""2"": {""best"": ""constant"", ""r2"": NaN, ""constant_value"": 0.0, ""nondecreasing_share"": 1.0}, ""3"": {""best"": ""cell sum"", ""r2"": 0.99999, ""constant_value"": null, ""nondecreasing_share"": 0.655}, ""4"": {""best"": ""current"", ""r2"": 1.0, ""constant_value"": null, ""nondecreasing_share"": 0.748}, ""5"": {""best"": ""volt_modepi"", ""r2"": 1.0, ""constant_value"": null, ""nondecreasing_share"": 0.644}, ""6"": {""best"": ""vin_3 col 0 (next row)"", ""r2"": 0.9994, ""constant_value"": null, ""nondecreasing_share"": 0.564}}",0.9909172131255353,0.8043892144318618,0.0007177592608507144,0.0002805378651557722,
QAS,41,28199,24119,True,"{""vin_2 col 0"": {""best"": ""current"", ""r2"": 0.00013, ""joint_modepi_current_soc_r2"": 0.00016, ""median_abs_diff_to_modepi"": 0.02288}, ""vin_2 col 1"": {""best"": ""cell median"", ""r2"": 0.67794, ""joint_modepi_current_soc_r2"": 0.9976, ""median_abs_diff_to_modepi"": 0.2522}, ""vin_3 col 0"": {""best"": ""current"", ""r2"": 0.57562, ""joint_modepi_current_soc_r2"": 0.60808, ""median_abs_diff_to_modepi"": 2.374}, ""vin_3 col 1"": {""best"": ""current"", ""r2"": 0.55145, ""joint_modepi_current_soc_r2"": 0.58149, ""median_abs_diff_to_modepi"": 2.36}}","{""0"": {""best"": ""temperature"", ""r2"": 1.0, ""constant_value"": null, ""nondecreasing_share"": 0.975}, ""1"": {""best"": ""pack SOC"", ""r2"": 1.0, ""constant_value"": null, ""nondecreasing_share"": 0.964}, ""2"": {""best"": ""constant"", ""r2"": NaN, ""constant_value"": 0.0, ""nondecreasing_share"": 1.0}, ""3"": {""best"": ""cell sum"", ""r2"": 0.99999, ""constant_value"": null, ""nondecreasing_share"": 0.661}, ""4"": {""best"": ""current"", ""r2"": 1.0, ""constant_value"": null, ""nondecreasing_share"": 0.768}, ""5"": {""best"": ""volt_modepi"", ""r2"": 1.0, ""constant_value"": null, ""nondecreasing_share"": 0.648}, ""6"": {""best"": ""vin_3 col 0 (next row)"", ""r2"": 0.99996, ""constant_value"": null, ""nondecreasing_share"": 0.545}}",0.9788860219281799,0.8048982553825849,0.000986760956585897,0.00040398634543574257,
QAS,44,29017,27658,True,"{""vin_2 col 0"": {""best"": ""current"", ""r2"": 0.81313, ""joint_modepi_current_soc_r2"": 0.81567, ""median_abs_diff_to_modepi"": 0.03998}, ""vin_2 col 1"": {""best"": ""cell median"", ""r2"": 0.80745, ""joint_modepi_current_soc_r2"": 0.99814, ""median_abs_diff_to_modepi"": 0.1589}, ""vin_3 col 0"": {""best"": ""current"", ""r2"": 0.51178, ""joint_modepi_current_soc_r2"": 0.65305, ""median_abs_diff_to_modepi"": 2.972}, ""vin_3 col 1"": {""best"": ""current"", ""r2"": 0.50232, ""joint_modepi_current_soc_r2"": 0.6296, ""median_abs_diff_to_modepi"": 3.073}}","{""0"": {""best"": ""temperature"", ""r2"": 1.0, ""constant_value"": null, ""nondecreasing_share"": 0.969}, ""1"": {""best"": ""pack SOC"", ""r2"": 1.0, ""constant_value"": null, ""nondecreasing_share"": 0.961}, ""2"": {""best"": ""constant"", ""r2"": NaN, ""constant_value"": 0.0, ""nondecreasing_share"": 1.0}, ""3"": {""best"": ""cell sum"", ""r2"": 0.99998, ""constant_value"": null, ""nondecreasing_share"": 0.649}, ""4"": {""best"": ""current"", ""r2"": 1.0, ""constant_value"": null, ""nondecreasing_share"": 0.734}, ""5"": {""best"": ""volt_modepi"", ""r2"": 1.0, ""constant_value"": null, ""nondecreasing_share"": 0.637}, ""6"": {""best"": ""vin_3 col 0 (next row)"", ""r2"": 0.99973, ""constant_value"": null, ""nondecreasing_share"": 0.585}}",0.9206452803149712,0.6819597554720745,0.0004504332590749005,7.968121177404086e-05,
QAS,42,39716,33859,True,"{""vin_2 col 0"": {""best"": ""current"", ""r2"": 0.55225, ""joint_modepi_current_soc_r2"": 0.55352, ""median_abs_diff_to_modepi"": 0.04345}, ""vin_2 col 1"": {""best"": ""cell min"", ""r2"": 0.77261, ""joint_modepi_current_soc_r2"": 0.99799, ""median_abs_diff_to_modepi"": 0.1658}, ""vin_3 col 0"": {""best"": ""current"", ""r2"": 0.6037, ""joint_modepi_current_soc_r2"": 0.78481, ""median_abs_diff_to_modepi"": 2.983}, ""vin_3 col 1"": {""best"": ""current"", ""r2"": 0.57733, ""joint_modepi_current_soc_r2"": 0.73749, ""median_abs_diff_to_modepi"": 3.016}}","{""0"": {""best"": ""temperature"", ""r2"": 1.0, ""constant_value"": null, ""nondecreasing_share"": 0.97}, ""1"": {""best"": ""pack SOC"", ""r2"": 1.0, ""constant_value"": null, ""nondecreasing_share"": 0.971}, ""2"": {""best"": ""constant"", ""r2"": NaN, ""constant_value"": 0.0, ""nondecreasing_share"": 1.0}, ""3"": {""best"": ""volt_modepi"", ""r2"": 0.99999, ""constant_value"": null, ""nondecreasing_share"": 0.673}, ""4"": {""best"": ""current"", ""r2"": 1.0, ""constant_value"": null, ""nondecreasing_share"": 0.8}, ""5"": {""best"": ""volt_modepi"", ""r2"": 1.0, ""constant_value"": null, ""nondecreasing_share"": 0.658}, ""6"": {""best"": ""vin_3 col 0 (next row)"", ""r2"": 0.99973, ""constant_value"": null, ""nondecreasing_share"": 0.598}}",0.9361890772333571,0.9103640030477506,0.00033467444712798056,4.56704765762033e-05,
QAS,43,41306,36545,True,"{""vin_2 col 0"": {""best"": ""current"", ""r2"": 0.96981, ""joint_modepi_current_soc_r2"": 0.9716, ""median_abs_diff_to_modepi"": 0.05078}, ""vin_2 col 1"": {""best"": ""cell median"", ""r2"": 0.74436, ""joint_modepi_current_soc_r2"": 0.99748, ""median_abs_diff_to_modepi"": 0.2056}, ""vin_3 col 0"": {""best"": ""current"", ""r2"": 0.75572, ""joint_modepi_current_soc_r2"": 0.83916, ""median_abs_diff_to_modepi"": 2.978}, ""vin_3 col 1"": {""best"": ""current"", ""r2"": 0.77121, ""joint_modepi_current_soc_r2"": 0.82018, ""median_abs_diff_to_modepi"": 2.972}}","{""0"": {""best"": ""temperature"", ""r2"": 1.0, ""constant_value"": null, ""nondecreasing_share"": 0.974}, ""1"": {""best"": ""pack SOC"", ""r2"": 1.0, ""constant_value"": null, ""nondecreasing_share"": 0.972}, ""2"": {""best"": ""constant"", ""r2"": NaN, ""constant_value"": 0.0, ""nondecreasing_share"": 1.0}, ""3"": {""best"": ""cell sum"", ""r2"": 0.99999, ""constant_value"": null, ""nondecreasing_share"": 0.67}, ""4"": {""best"": ""current"", ""r2"": 1.0, ""constant_value"": null, ""nondecreasing_share"": 0.761}, ""5"": {""best"": ""volt_modepi"", ""r2"": 1.0, ""constant_value"": null, ""nondecreasing_share"": 0.658}, ""6"": {""best"": ""vin_3 col 0 (next row)"", ""r2"": 0.99978, ""constant_value"": null, ""nondecreasing_share"": 0.595}}",0.7957143481048019,0.6953371850538392,0.0004956225139038928,4.191766772954912e-05,
QAS,45,29318,26820,True,"{""vin_2 col 0"": {""best"": ""current"", ""r2"": 0.56453, ""joint_modepi_current_soc_r2"": 0.56927, ""median_abs_diff_to_modepi"": 0.02563}, ""vin_2 col 1"": {""best"": ""cell median"", ""r2"": 0.60263, ""joint_modepi_current_soc_r2"": 0.99778, ""median_abs_diff_to_modepi"": 0.2713}, ""vin_3 col 0"": {""best"": ""temperature"", ""r2"": 0.39568, ""joint_modepi_current_soc_r2"": 0.23123, ""median_abs_diff_to_modepi"": 2.39}, ""vin_3 col 1"": {""best"": ""temperature"", ""r2"": 0.39214, ""joint_modepi_current_soc_r2"": 0.21399, ""median_abs_diff_to_modepi"": 2.382}}","{""0"": {""best"": ""temperature"", ""r2"": 1.0, ""constant_value"": null, ""nondecreasing_share"": 0.974}, ""1"": {""best"": ""pack SOC"", ""r2"": 1.0, ""constant_value"": null, ""nondecreasing_share"": 0.962}, ""2"": {""best"": ""constant"", ""r2"": NaN, ""constant_value"": 0.0, ""nondecreasing_share"": 1.0}, ""3"": {""best"": ""cell sum"", ""r2"": 0.99997, ""constant_value"": null, ""nondecreasing_share"": 0.69}, ""4"": {""best"": ""current"", ""r2"": 1.0, ""constant_value"": null, ""nondecreasing_share"": 0.743}, ""5"": {""best"": ""volt_modepi"", ""r2"": 1.0, ""constant_value"": null, ""nondecreasing_share"": 0.681}, ""6"": {""best"": ""vin_3 col 0 (next row)"", ""r2"": 0.99998, ""constant_value"": null, ""nondecreasing_share"": 0.59}}",0.9913183633567991,0.9590705333055236,0.00048731506434096517,0.00028971027696700347,
QAS,47,31874,28774,True,"{""vin_2 col 0"": {""best"": ""current"", ""r2"": 0.91266, ""joint_modepi_current_soc_r2"": 0.91582, ""median_abs_diff_to_modepi"": 0.04845}, ""vin_2 col 1"": {""best"": ""cell median"", ""r2"": 0.8185, ""joint_modepi_current_soc_r2"": 0.99681, ""median_abs_diff_to_modepi"": 0.1994}, ""vin_3 col 0"": {""best"": ""current"", ""r2"": 0.58777, ""joint_modepi_current_soc_r2"": 0.79218, ""median_abs_diff_to_modepi"": 2.984}, ""vin_3 col 1"": {""best"": ""current"", ""r2"": 0.56875, ""joint_modepi_current_soc_r2"": 0.74551, ""median_abs_diff_to_modepi"": 3.013}}","{""0"": {""best"": ""temperature"", ""r2"": 1.0, ""constant_value"": null, ""nondecreasing_share"": 0.978}, ""1"": {""best"": ""pack SOC"", ""r2"": 1.0, ""constant_value"": null, ""nondecreasing_share"": 0.966}, ""2"": {""best"": ""constant"", ""r2"": NaN, ""constant_value"": 0.0, ""nondecreasing_share"": 1.0}, ""3"": {""best"": ""volt_modepi"", ""r2"": 0.99999, ""constant_value"": null, ""nondecreasing_share"": 0.673}, ""4"": {""best"": ""current"", ""r2"": 1.0, ""constant_value"": null, ""nondecreasing_share"": 0.802}, ""5"": {""best"": ""volt_modepi"", ""r2"": 1.0, ""constant_value"": null, ""nondecreasing_share"": 0.66}, ""6"": {""best"": ""vin_3 col 0 (next row)"", ""r2"": 0.99446, ""constant_value"": null, ""nondecreasing_share"": 0.638}}",0.8784449243374192,0.5261565720221475,0.0002870400938390638,3.11803907942178e-05,
QAS,48,28123,25639,True,"{""vin_2 col 0"": {""best"": ""current"", ""r2"": 0.00125, ""joint_modepi_current_soc_r2"": 0.00142, ""median_abs_diff_to_modepi"": 0.0274}, ""vin_2 col 1"": {""best"": ""volt_modepi"", ""r2"": 0.69276, ""joint_modepi_current_soc_r2"": 0.99863, ""median_abs_diff_to_modepi"": 0.2117}, ""vin_3 col 0"": {""best"": ""current"", ""r2"": 0.6771, ""joint_modepi_current_soc_r2"": 0.70279, ""median_abs_diff_to_modepi"": 2.376}, ""vin_3 col 1"": {""best"": ""current"", ""r2"": 0.68244, ""joint_modepi_current_soc_r2"": 0.71037, ""median_abs_diff_to_modepi"": 2.327}}","{""0"": {""best"": ""temperature"", ""r2"": 1.0, ""constant_value"": null, ""nondecreasing_share"": 0.976}, ""1"": {""best"": ""pack SOC"", ""r2"": 1.0, ""constant_value"": null, ""nondecreasing_share"": 0.961}, ""2"": {""best"": ""constant"", ""r2"": NaN, ""constant_value"": 0.0, ""nondecreasing_share"": 1.0}, ""3"": {""best"": ""cell sum"", ""r2"": 0.99998, ""constant_value"": null, ""nondecreasing_share"": 0.674}, ""4"": {""best"": ""current"", ""r2"": 1.0, ""constant_value"": null, ""nondecreasing_share"": 0.696}, ""5"": {""best"": ""volt_modepi"", ""r2"": 1.0, ""constant_value"": null, ""nondecreasing_share"": 0.669}, ""6"": {""best"": ""vin_3 col 0 (next row)"", ""r2"": 0.99996, ""constant_value"": null, ""nondecreasing_share"": 0.494}}",0.9960027563746434,0.9987236454916624,0.0011438106893075783,0.000841014062919276,
QAS,50,27397,22702,True,"{""vin_2 col 0"": {""best"": ""current"", ""r2"": 0.94549, ""joint_modepi_current_soc_r2"": 0.94977, ""median_abs_diff_to_modepi"": 0.03364}, ""vin_2 col 1"": {""best"": ""volt_modepi"", ""r2"": 0.6351, ""joint_modepi_current_soc_r2"": 0.99774, ""median_abs_diff_to_modepi"": 0.2103}, ""vin_3 col 0"": {""best"": ""current"", ""r2"": 0.31111, ""joint_modepi_current_soc_r2"": 0.36547, ""median_abs_diff_to_modepi"": 2.371}, ""vin_3 col 1"": {""best"": ""current"", ""r2"": 0.29082, ""joint_modepi_current_soc_r2"": 0.34592, ""median_abs_diff_to_modepi"": 2.357}}","{""0"": {""best"": ""temperature"", ""r2"": 1.0, ""constant_value"": null, ""nondecreasing_share"": 0.973}, ""1"": {""best"": ""pack SOC"", ""r2"": 1.0, ""constant_value"": null, ""nondecreasing_share"": 0.968}, ""2"": {""best"": ""constant"", ""r2"": NaN, ""constant_value"": 0.0, ""nondecreasing_share"": 1.0}, ""3"": {""best"": ""cell sum"", ""r2"": 0.99999, ""constant_value"": null, ""nondecreasing_share"": 0.637}, ""4"": {""best"": ""current"", ""r2"": 1.0, ""constant_value"": null, ""nondecreasing_share"": 0.734}, ""5"": {""best"": ""volt_modepi"", ""r2"": 1.0, ""constant_value"": null, ""nondecreasing_share"": 0.627}, ""6"": {""best"": ""vin_3 col 0 (next row)"", ""r2"": 0.99997, ""constant_value"": null, ""nondecreasing_share"": 0.572}}",0.9831293778046453,0.920448952240515,0.0003816290214151419,0.00013813193150053667,
QAS,46,44517,40596,True,"{""vin_2 col 0"": {""best"": ""current"", ""r2"": 0.93983, ""joint_modepi_current_soc_r2"": 0.94406, ""median_abs_diff_to_modepi"": 0.04865}, ""vin_2 col 1"": {""best"": ""cell median"", ""r2"": 0.80872, ""joint_modepi_current_soc_r2"": 0.99751, ""median_abs_diff_to_modepi"": 0.2336}, ""vin_3 col 0"": {""best"": ""current"", ""r2"": 0.52507, ""joint_modepi_current_soc_r2"": 0.61095, ""median_abs_diff_to_modepi"": 2.974}, ""vin_3 col 1"": {""best"": ""current"", ""r2"": 0.50382, ""joint_modepi_current_soc_r2"": 0.56546, ""median_abs_diff_to_modepi"": 2.993}}","{""0"": {""best"": ""temperature"", ""r2"": 1.0, ""constant_value"": null, ""nondecreasing_share"": 0.975}, ""1"": {""best"": ""pack SOC"", ""r2"": 1.0, ""constant_value"": null, ""nondecreasing_share"": 0.967}, ""2"": {""best"": ""constant"", ""r2"": NaN, ""constant_value"": 0.0, ""nondecreasing_share"": 1.0}, ""3"": {""best"": ""cell sum"", ""r2"": 0.99999, ""constant_value"": null, ""nondecreasing_share"": 0.688}, ""4"": {""best"": ""current"", ""r2"": 1.0, ""constant_value"": null, ""nondecreasing_share"": 0.794}, ""5"": {""best"": ""volt_modepi"", ""r2"": 1.0, ""constant_value"": null, ""nondecreasing_share"": 0.677}, ""6"": {""best"": ""vin_3 col 0 (next row)"", ""r2"": 0.99975, ""constant_value"": null, ""nondecreasing_share"": 0.671}}",0.8567874250950255,0.7972638527191938,0.0003828159688785693,2.5825544490867803e-05,
QAS,49,34126,31156,True,"{""vin_2 col 0"": {""best"": ""current"", ""r2"": 0.92758, ""joint_modepi_current_soc_r2"": 0.93135, ""median_abs_diff_to_modepi"": 0.03951}, ""vin_2 col 1"": {""best"": ""volt_modepi"", ""r2"": 0.82235, ""joint_modepi_current_soc_r2"": 0.99753, ""median_abs_diff_to_modepi"": 0.1701}, ""vin_3 col 0"": {""best"": ""current"", ""r2"": 0.37031, ""joint_modepi_current_soc_r2"": 0.67451, ""median_abs_diff_to_modepi"": 2.955}, ""vin_3 col 1"": {""best"": ""current"", ""r2"": 0.34909, ""joint_modepi_current_soc_r2"": 0.62677, ""median_abs_diff_to_modepi"": 2.977}}","{""0"": {""best"": ""temperature"", ""r2"": 1.0, ""constant_value"": null, ""nondecreasing_share"": 0.971}, ""1"": {""best"": ""pack SOC"", ""r2"": 1.0, ""constant_value"": null, ""nondecreasing_share"": 0.981}, ""2"": {""best"": ""constant"", ""r2"": NaN, ""constant_value"": 0.0, ""nondecreasing_share"": 1.0}, ""3"": {""best"": ""cell sum"", ""r2"": 0.99999, ""constant_value"": null, ""nondecreasing_share"": 0.666}, ""4"": {""best"": ""current"", ""r2"": 1.0, ""constant_value"": null, ""nondecreasing_share"": 0.79}, ""5"": {""best"": ""volt_modepi"", ""r2"": 1.0, ""constant_value"": null, ""nondecreasing_share"": 0.652}, ""6"": {""best"": ""vin_3 col 0 (next row)"", ""r2"": 0.9998, ""constant_value"": null, ""nondecreasing_share"": 0.623}}",0.9003936273809227,0.8563189882377442,0.0002878298254238576,2.9284822717171183e-05,
QAS,51,29335,25420,True,"{""vin_2 col 0"": {""best"": ""current"", ""r2"": 0.8652, ""joint_modepi_current_soc_r2"": 0.86842, ""median_abs_diff_to_modepi"": 0.05716}, ""vin_2 col 1"": {""best"": ""cell median"", ""r2"": 0.71387, ""joint_modepi_current_soc_r2"": 0.9969, ""median_abs_diff_to_modepi"": 0.2678}, ""vin_3 col 0"": {""best"": ""current"", ""r2"": 0.51583, ""joint_modepi_current_soc_r2"": 0.7742, ""median_abs_diff_to_modepi"": 2.991}, ""vin_3 col 1"": {""best"": ""current"", ""r2"": 0.51203, ""joint_modepi_current_soc_r2"": 0.74331, ""median_abs_diff_to_modepi"": 3.023}}","{""0"": {""best"": ""temperature"", ""r2"": 1.0, ""constant_value"": null, ""nondecreasing_share"": 0.972}, ""1"": {""best"": ""pack SOC"", ""r2"": 1.0, ""constant_value"": null, ""nondecreasing_share"": 0.97}, ""2"": {""best"": ""constant"", ""r2"": NaN, ""constant_value"": 0.0, ""nondecreasing_share"": 1.0}, ""3"": {""best"": ""cell sum"", ""r2"": 0.99999, ""constant_value"": null, ""nondecreasing_share"": 0.695}, ""4"": {""best"": ""current"", ""r2"": 1.0, ""constant_value"": null, ""nondecreasing_share"": 0.774}, ""5"": {""best"": ""volt_modepi"", ""r2"": 1.0, ""constant_value"": null, ""nondecreasing_share"": 0.683}, ""6"": {""best"": ""vin_3 col 0 (next row)"", ""r2"": 0.99974, ""constant_value"": null, ""nondecreasing_share"": 0.671}}",0.9124834019607005,0.8493111545499245,0.0003042430994897316,2.430253883771735e-05,
QAS,52,30399,25813,True,"{""vin_2 col 0"": {""best"": ""current"", ""r2"": 0.99244, ""joint_modepi_current_soc_r2"": 0.99429, ""median_abs_diff_to_modepi"": 0.0459}, ""vin_2 col 1"": {""best"": ""cell median"", ""r2"": 0.73456, ""joint_modepi_current_soc_r2"": 0.99687, ""median_abs_diff_to_modepi"": 0.1988}, ""vin_3 col 0"": {""best"": ""current"", ""r2"": 0.71839, ""joint_modepi_current_soc_r2"": 0.83237, ""median_abs_diff_to_modepi"": 2.981}, ""vin_3 col 1"": {""best"": ""current"", ""r2"": 0.71796, ""joint_modepi_current_soc_r2"": 0.81636, ""median_abs_diff_to_modepi"": 3.074}}","{""0"": {""best"": ""temperature"", ""r2"": 1.0, ""constant_value"": null, ""nondecreasing_share"": 0.974}, ""1"": {""best"": ""pack SOC"", ""r2"": 1.0, ""constant_value"": null, ""nondecreasing_share"": 0.97}, ""2"": {""best"": ""constant"", ""r2"": NaN, ""constant_value"": 0.0, ""nondecreasing_share"": 1.0}, ""3"": {""best"": ""cell sum"", ""r2"": 0.99999, ""constant_value"": null, ""nondecreasing_share"": 0.653}, ""4"": {""best"": ""current"", ""r2"": 1.0, ""constant_value"": null, ""nondecreasing_share"": 0.8}, ""5"": {""best"": ""volt_modepi"", ""r2"": 1.0, ""constant_value"": null, ""nondecreasing_share"": 0.641}, ""6"": {""best"": ""vin_3 col 0 (next row)"", ""r2"": 0.99977, ""constant_value"": null, ""nondecreasing_share"": 0.622}}",0.9443412876227039,0.888984082710599,0.00026024571712413014,3.715039084572939e-05,
QAS,54,28951,24467,True,"{""vin_2 col 0"": {""best"": ""current"", ""r2"": 0.02884, ""joint_modepi_current_soc_r2"": 0.02938, ""median_abs_diff_to_modepi"": 0.04906}, ""vin_2 col 1"": {""best"": ""cell median"", ""r2"": 0.82564, ""joint_modepi_current_soc_r2"": 0.99816, ""median_abs_diff_to_modepi"": 0.1645}, ""vin_3 col 0"": {""best"": ""current"", ""r2"": 0.31636, ""joint_modepi_current_soc_r2"": 0.51358, ""median_abs_diff_to_modepi"": 2.991}, ""vin_3 col 1"": {""best"": ""current"", ""r2"": 0.28885, ""joint_modepi_current_soc_r2"": 0.46595, ""median_abs_diff_to_modepi"": 3.009}}","{""0"": {""best"": ""temperature"", ""r2"": 1.0, ""constant_value"": null, ""nondecreasing_share"": 0.974}, ""1"": {""best"": ""pack SOC"", ""r2"": 1.0, ""constant_value"": null, ""nondecreasing_share"": 0.973}, ""2"": {""best"": ""constant"", ""r2"": NaN, ""constant_value"": 0.0, ""nondecreasing_share"": 1.0}, ""3"": {""best"": ""cell sum"", ""r2"": 0.99999, ""constant_value"": null, ""nondecreasing_share"": 0.663}, ""4"": {""best"": ""current"", ""r2"": 1.0, ""constant_value"": null, ""nondecreasing_share"": 0.799}, ""5"": {""best"": ""volt_modepi"", ""r2"": 1.0, ""constant_value"": null, ""nondecreasing_share"": 0.649}, ""6"": {""best"": ""vin_3 col 0 (next row)"", ""r2"": 0.99981, ""constant_value"": null, ""nondecreasing_share"": 0.628}}",0.9463252517497619,0.803965055632468,0.0003578893705076247,6.261743540647606e-05,
QAS,53,35374,32835,True,"{""vin_2 col 0"": {""best"": ""current"", ""r2"": 0.00223, ""joint_modepi_current_soc_r2"": 0.00234, ""median_abs_diff_to_modepi"": 0.0228}, ""vin_2 col 1"": {""best"": ""volt_modepi"", ""r2"": 0.69333, ""joint_modepi_current_soc_r2"": 0.99791, ""median_abs_diff_to_modepi"": 0.2192}, ""vin_3 col 0"": {""best"": ""current"", ""r2"": 0.42737, ""joint_modepi_current_soc_r2"": 0.46664, ""median_abs_diff_to_modepi"": 2.376}, ""vin_3 col 1"": {""best"": ""current"", ""r2"": 0.4425, ""joint_modepi_current_soc_r2"": 0.49095, ""median_abs_diff_to_modepi"": 2.325}}","{""0"": {""best"": ""temperature"", ""r2"": 1.0, ""constant_value"": null, ""nondecreasing_share"": 0.973}, ""1"": {""best"": ""pack SOC"", ""r2"": 1.0, ""constant_value"": null, ""nondecreasing_share"": 0.974}, ""2"": {""best"": ""constant"", ""r2"": NaN, ""constant_value"": 0.0, ""nondecreasing_share"": 1.0}, ""3"": {""best"": ""cell sum"", ""r2"": 0.99999, ""constant_value"": null, ""nondecreasing_share"": 0.653}, ""4"": {""best"": ""current"", ""r2"": 1.0, ""constant_value"": null, ""nondecreasing_share"": 0.795}, ""5"": {""best"": ""volt_modepi"", ""r2"": 1.0, ""constant_value"": null, ""nondecreasing_share"": 0.64}, ""6"": {""best"": ""vin_3 col 0 (next row)"", ""r2"": 0.99996, ""constant_value"": null, ""nondecreasing_share"": 0.582}}",0.9763952156048663,0.8931802167282145,0.0004070298778620085,0.0001993654676713528,
QAS,55,32554,27963,True,"{""vin_2 col 0"": {""best"": ""current"", ""r2"": 0.00139, ""joint_modepi_current_soc_r2"": 0.00159, ""median_abs_diff_to_modepi"": 0.02426}, ""vin_2 col 1"": {""best"": ""cell median"", ""r2"": 0.64006, ""joint_modepi_current_soc_r2"": 0.99764, ""median_abs_diff_to_modepi"": 0.26}, ""vin_3 col 0"": {""best"": ""current"", ""r2"": 0.33702, ""joint_modepi_current_soc_r2"": 0.36844, ""median_abs_diff_to_modepi"": 2.375}, ""vin_3 col 1"": {""best"": ""current"", ""r2"": 0.31936, ""joint_modepi_current_soc_r2"": 0.34804, ""median_abs_diff_to_modepi"": 2.354}}","{""0"": {""best"": ""temperature"", ""r2"": 1.0, ""constant_value"": null, ""nondecreasing_share"": 0.976}, ""1"": {""best"": ""pack SOC"", ""r2"": 1.0, ""constant_value"": null, ""nondecreasing_share"": 0.972}, ""2"": {""best"": ""constant"", ""r2"": NaN, ""constant_value"": 0.0, ""nondecreasing_share"": 1.0}, ""3"": {""best"": ""cell sum"", ""r2"": 0.99999, ""constant_value"": null, ""nondecreasing_share"": 0.671}, ""4"": {""best"": ""current"", ""r2"": 1.0, ""constant_value"": null, ""nondecreasing_share"": 0.835}, ""5"": {""best"": ""volt_modepi"", ""r2"": 1.0, ""constant_value"": null, ""nondecreasing_share"": 0.66}, ""6"": {""best"": ""vin_3 col 0 (next row)"", ""r2"": 0.99997, ""constant_value"": null, ""nondecreasing_share"": 0.591}}",0.9933886551964713,0.9611370931416183,0.0006810522251106121,0.0002137051047368151,
QAS,56,30723,25932,True,"{""vin_2 col 0"": {""best"": ""current"", ""r2"": 0.21919, ""joint_modepi_current_soc_r2"": 0.22334, ""median_abs_diff_to_modepi"": 0.02653}, ""vin_2 col 1"": {""best"": ""cell median"", ""r2"": 0.807, ""joint_modepi_current_soc_r2"": 0.99785, ""median_abs_diff_to_modepi"": 0.2445}, ""vin_3 col 0"": {""best"": ""temperature"", ""r2"": 0.30677, ""joint_modepi_current_soc_r2"": 0.19338, ""median_abs_diff_to_modepi"": 2.388}, ""vin_3 col 1"": {""best"": ""temperature"", ""r2"": 0.30376, ""joint_modepi_current_soc_r2"": 0.16802, ""median_abs_diff_to_modepi"": 2.389}}","{""0"": {""best"": ""temperature"", ""r2"": 1.0, ""constant_value"": null, ""nondecreasing_share"": 0.979}, ""1"": {""best"": ""pack SOC"", ""r2"": 1.0, ""constant_value"": null, ""nondecreasing_share"": 0.969}, ""2"": {""best"": ""constant"", ""r2"": NaN, ""constant_value"": 0.0, ""nondecreasing_share"": 1.0}, ""3"": {""best"": ""cell sum"", ""r2"": 0.99999, ""constant_value"": null, ""nondecreasing_share"": 0.679}, ""4"": {""best"": ""current"", ""r2"": 1.0, ""constant_value"": null, ""nondecreasing_share"": 0.869}, ""5"": {""best"": ""volt_modepi"", ""r2"": 1.0, ""constant_value"": null, ""nondecreasing_share"": 0.669}, ""6"": {""best"": ""vin_3 col 0 (next row)"", ""r2"": 0.99998, ""constant_value"": null, ""nondecreasing_share"": 0.656}}",0.9953153025623257,0.996520914806967,0.0006707930574709753,0.00031859807132951767,
QAS,57,34138,29616,True,"{""vin_2 col 0"": {""best"": ""current"", ""r2"": 0.00204, ""joint_modepi_current_soc_r2"": 0.0021, ""median_abs_diff_to_modepi"": 0.03337}, ""vin_2 col 1"": {""best"": ""cell median"", ""r2"": 0.78837, ""joint_modepi_current_soc_r2"": 0.9983, ""median_abs_diff_to_modepi"": 0.2698}, ""vin_3 col 0"": {""best"": ""temperature"", ""r2"": 0.27028, ""joint_modepi_current_soc_r2"": 0.27789, ""median_abs_diff_to_modepi"": 2.398}, ""vin_3 col 1"": {""best"": ""temperature"", ""r2"": 0.27204, ""joint_modepi_current_soc_r2"": 0.26, ""median_abs_diff_to_modepi"": 2.378}}","{""0"": {""best"": ""temperature"", ""r2"": 1.0, ""constant_value"": null, ""nondecreasing_share"": 0.972}, ""1"": {""best"": ""pack SOC"", ""r2"": 1.0, ""constant_value"": null, ""nondecreasing_share"": 0.948}, ""2"": {""best"": ""constant"", ""r2"": NaN, ""constant_value"": 0.0, ""nondecreasing_share"": 1.0}, ""3"": {""best"": ""cell sum"", ""r2"": 0.99999, ""constant_value"": null, ""nondecreasing_share"": 0.663}, ""4"": {""best"": ""current"", ""r2"": 1.0, ""constant_value"": null, ""nondecreasing_share"": 0.856}, ""5"": {""best"": ""volt_modepi"", ""r2"": 1.0, ""constant_value"": null, ""nondecreasing_share"": 0.653}, ""6"": {""best"": ""vin_3 col 0 (next row)"", ""r2"": 0.99997, ""constant_value"": null, ""nondecreasing_share"": 0.651}}",0.9840225022035562,0.9834843534364738,0.0009630424682161021,0.00044760378889014383,
QAS,58,30422,27016,True,"{""vin_2 col 0"": {""best"": ""current"", ""r2"": 0.90909, ""joint_modepi_current_soc_r2"": 0.92335, ""median_abs_diff_to_modepi"": 0.04213}, ""vin_2 col 1"": {""best"": ""cell min"", ""r2"": 0.8058, ""joint_modepi_current_soc_r2"": 0.99671, ""median_abs_diff_to_modepi"": 0.2596}, ""vin_3 col 0"": {""best"": ""cell max"", ""r2"": 0.3288, ""joint_modepi_current_soc_r2"": 0.62309, ""median_abs_diff_to_modepi"": 2.986}, ""vin_3 col 1"": {""best"": ""pack SOC"", ""r2"": 0.32014, ""joint_modepi_current_soc_r2"": 0.58964, ""median_abs_diff_to_modepi"": 3.005}}","{""0"": {""best"": ""temperature"", ""r2"": 1.0, ""constant_value"": null, ""nondecreasing_share"": 0.971}, ""1"": {""best"": ""pack SOC"", ""r2"": 1.0, ""constant_value"": null, ""nondecreasing_share"": 0.974}, ""2"": {""best"": ""constant"", ""r2"": NaN, ""constant_value"": 0.0, ""nondecreasing_share"": 1.0}, ""3"": {""best"": ""cell sum"", ""r2"": 0.99999, ""constant_value"": null, ""nondecreasing_share"": 0.674}, ""4"": {""best"": ""current"", ""r2"": 1.0, ""constant_value"": null, ""nondecreasing_share"": 0.858}, ""5"": {""best"": ""volt_modepi"", ""r2"": 1.0, ""constant_value"": null, ""nondecreasing_share"": 0.658}, ""6"": {""best"": ""vin_3 col 0 (next row)"", ""r2"": 0.99984, ""constant_value"": null, ""nondecreasing_share"": 0.636}}",0.9739857551336601,0.9738624030413343,0.00023255576048941684,4.27888045400522e-05,
QAS,62,27434,23647,True,"{""vin_2 col 0"": {""best"": ""current"", ""r2"": 0.00068, ""joint_modepi_current_soc_r2"": 0.00079, ""median_abs_diff_to_modepi"": 0.04716}, ""vin_2 col 1"": {""best"": ""cell mean"", ""r2"": 0.6763, ""joint_modepi_current_soc_r2"": 0.99755, ""median_abs_diff_to_modepi"": 0.2837}, ""vin_3 col 0"": {""best"": ""temperature"", ""r2"": 0.21813, ""joint_modepi_current_soc_r2"": 0.29465, ""median_abs_diff_to_modepi"": 2.987}, ""vin_3 col 1"": {""best"": ""temperature"", ""r2"": 0.21092, ""joint_modepi_current_soc_r2"": 0.26215, ""median_abs_diff_to_modepi"": 3.001}}","{""0"": {""best"": ""temperature"", ""r2"": 1.0, ""constant_value"": null, ""nondecreasing_share"": 0.969}, ""1"": {""best"": ""pack SOC"", ""r2"": 1.0, ""constant_value"": null, ""nondecreasing_share"": 0.971}, ""2"": {""best"": ""constant"", ""r2"": NaN, ""constant_value"": 0.0, ""nondecreasing_share"": 1.0}, ""3"": {""best"": ""cell sum"", ""r2"": 0.99999, ""constant_value"": null, ""nondecreasing_share"": 0.648}, ""4"": {""best"": ""current"", ""r2"": 1.0, ""constant_value"": null, ""nondecreasing_share"": 0.774}, ""5"": {""best"": ""volt_modepi"", ""r2"": 1.0, ""constant_value"": null, ""nondecreasing_share"": 0.635}, ""6"": {""best"": ""vin_3 col 0 (next row)"", ""r2"": 0.99989, ""constant_value"": null, ""nondecreasing_share"": 0.624}}",0.9440778992538177,0.9195242942015862,0.0003089229284565232,7.882153346203577e-05,
QAS,61,31699,28016,True,"{""vin_2 col 0"": {""best"": ""current"", ""r2"": 0.97492, ""joint_modepi_current_soc_r2"": 0.9831, ""median_abs_diff_to_modepi"": 0.05698}, ""vin_2 col 1"": {""best"": ""cell median"", ""r2"": 0.80617, ""joint_modepi_current_soc_r2"": 0.99849, ""median_abs_diff_to_modepi"": 0.2525}, ""vin_3 col 0"": {""best"": ""current"", ""r2"": 0.41371, ""joint_modepi_current_soc_r2"": 0.64773, ""median_abs_diff_to_modepi"": 2.991}, ""vin_3 col 1"": {""best"": ""current"", ""r2"": 0.40835, ""joint_modepi_current_soc_r2"": 0.61511, ""median_abs_diff_to_modepi"": 3.141}}","{""0"": {""best"": ""temperature"", ""r2"": 1.0, ""constant_value"": null, ""nondecreasing_share"": 0.981}, ""1"": {""best"": ""pack SOC"", ""r2"": 1.0, ""constant_value"": null, ""nondecreasing_share"": 0.953}, ""2"": {""best"": ""constant"", ""r2"": NaN, ""constant_value"": 0.0, ""nondecreasing_share"": 1.0}, ""3"": {""best"": ""cell sum"", ""r2"": 0.99999, ""constant_value"": null, ""nondecreasing_share"": 0.675}, ""4"": {""best"": ""current"", ""r2"": 1.0, ""constant_value"": null, ""nondecreasing_share"": 0.771}, ""5"": {""best"": ""volt_modepi"", ""r2"": 1.0, ""constant_value"": null, ""nondecreasing_share"": 0.664}, ""6"": {""best"": ""vin_3 col 0 (next row)"", ""r2"": 0.99975, ""constant_value"": null, ""nondecreasing_share"": 0.656}}",0.9233970958215783,0.8643120264653,0.00029659573647911053,4.799925189644492e-05,
QAS,60,39238,34131,True,"{""vin_2 col 0"": {""best"": ""current"", ""r2"": 0.00235, ""joint_modepi_current_soc_r2"": 0.00245, ""median_abs_diff_to_modepi"": 0.02069}, ""vin_2 col 1"": {""best"": ""cell min"", ""r2"": 0.63844, ""joint_modepi_current_soc_r2"": 0.99757, ""median_abs_diff_to_modepi"": 0.2495}, ""vin_3 col 0"": {""best"": ""current"", ""r2"": 0.51653, ""joint_modepi_current_soc_r2"": 0.55735, ""median_abs_diff_to_modepi"": 2.373}, ""vin_3 col 1"": {""best"": ""current"", ""r2"": 0.49279, ""joint_modepi_current_soc_r2"": 0.53199, ""median_abs_diff_to_modepi"": 2.358}}","{""0"": {""best"": ""temperature"", ""r2"": 1.0, ""constant_value"": null, ""nondecreasing_share"": 0.974}, ""1"": {""best"": ""pack SOC"", ""r2"": 1.0, ""constant_value"": null, ""nondecreasing_share"": 0.979}, ""2"": {""best"": ""constant"", ""r2"": NaN, ""constant_value"": 0.0, ""nondecreasing_share"": 1.0}, ""3"": {""best"": ""cell sum"", ""r2"": 0.99999, ""constant_value"": null, ""nondecreasing_share"": 0.692}, ""4"": {""best"": ""current"", ""r2"": 1.0, ""constant_value"": null, ""nondecreasing_share"": 0.831}, ""5"": {""best"": ""volt_modepi"", ""r2"": 1.0, ""constant_value"": null, ""nondecreasing_share"": 0.68}, ""6"": {""best"": ""vin_3 col 0 (next row)"", ""r2"": 0.99996, ""constant_value"": null, ""nondecreasing_share"": 0.54}}",0.991207839891146,0.7330571600937096,0.000952079528103944,0.00027523025156432753,
QAS,59,47357,42312,True,"{""vin_2 col 0"": {""best"": ""current"", ""r2"": 0.3192, ""joint_modepi_current_soc_r2"": 0.32813, ""median_abs_diff_to_modepi"": 0.035}, ""vin_2 col 1"": {""best"": ""cell median"", ""r2"": 0.78025, ""joint_modepi_current_soc_r2"": 0.99757, ""median_abs_diff_to_modepi"": 0.278}, ""vin_3 col 0"": {""best"": ""temperature"", ""r2"": 0.17958, ""joint_modepi_current_soc_r2"": 0.2217, ""median_abs_diff_to_modepi"": 2.43}, ""vin_3 col 1"": {""best"": ""temperature"", ""r2"": 0.17256, ""joint_modepi_current_soc_r2"": 0.19912, ""median_abs_diff_to_modepi"": 2.46}}","{""0"": {""best"": ""temperature"", ""r2"": 1.0, ""constant_value"": null, ""nondecreasing_share"": 0.973}, ""1"": {""best"": ""pack SOC"", ""r2"": 1.0, ""constant_value"": null, ""nondecreasing_share"": 0.965}, ""2"": {""best"": ""constant"", ""r2"": NaN, ""constant_value"": 0.0, ""nondecreasing_share"": 1.0}, ""3"": {""best"": ""cell sum"", ""r2"": 0.99995, ""constant_value"": null, ""nondecreasing_share"": 0.676}, ""4"": {""best"": ""current"", ""r2"": 1.0, ""constant_value"": null, ""nondecreasing_share"": 0.865}, ""5"": {""best"": ""volt_modepi"", ""r2"": 1.0, ""constant_value"": null, ""nondecreasing_share"": 0.665}, ""6"": {""best"": ""vin_3 col 0 (next row)"", ""r2"": 0.99979, ""constant_value"": null, ""nondecreasing_share"": 0.661}}",0.9906981185711237,0.9814965918569863,0.0004530431249614164,0.00014176858563149972,
QAS,63,29842,25999,True,"{""vin_2 col 0"": {""best"": ""current"", ""r2"": 0.96564, ""joint_modepi_current_soc_r2"": 0.96942, ""median_abs_diff_to_modepi"": 0.04475}, ""vin_2 col 1"": {""best"": ""cell median"", ""r2"": 0.75179, ""joint_modepi_current_soc_r2"": 0.99722, ""median_abs_diff_to_modepi"": 0.2499}, ""vin_3 col 0"": {""best"": ""current"", ""r2"": 0.58185, ""joint_modepi_current_soc_r2"": 0.68331, ""median_abs_diff_to_modepi"": 2.966}, ""vin_3 col 1"": {""best"": ""current"", ""r2"": 0.58266, ""joint_modepi_current_soc_r2"": 0.65343, ""median_abs_diff_to_modepi"": 2.977}}","{""0"": {""best"": ""temperature"", ""r2"": 1.0, ""constant_value"": null, ""nondecreasing_share"": 0.97}, ""1"": {""best"": ""pack SOC"", ""r2"": 1.0, ""constant_value"": null, ""nondecreasing_share"": 0.963}, ""2"": {""best"": ""constant"", ""r2"": NaN, ""constant_value"": 0.0, ""nondecreasing_share"": 1.0}, ""3"": {""best"": ""cell sum"", ""r2"": 0.99999, ""constant_value"": null, ""nondecreasing_share"": 0.663}, ""4"": {""best"": ""current"", ""r2"": 1.0, ""constant_value"": null, ""nondecreasing_share"": 0.794}, ""5"": {""best"": ""volt_modepi"", ""r2"": 1.0, ""constant_value"": null, ""nondecreasing_share"": 0.648}, ""6"": {""best"": ""vin_3 col 0 (next row)"", ""r2"": 0.99974, ""constant_value"": null, ""nondecreasing_share"": 0.611}}",0.8977210516701125,0.71012305859693,0.00041335052879332146,5.0688638482981045e-05,
QAS,64,43827,39888,True,"{""vin_2 col 0"": {""best"": ""current"", ""r2"": 0.97814, ""joint_modepi_current_soc_r2"": 0.98525, ""median_abs_diff_to_modepi"": 0.04725}, ""vin_2 col 1"": {""best"": ""cell mean"", ""r2"": 0.85789, ""joint_modepi_current_soc_r2"": 0.99703, ""median_abs_diff_to_modepi"": 0.1869}, ""vin_3 col 0"": {""best"": ""current"", ""r2"": 0.34143, ""joint_modepi_current_soc_r2"": 0.67294, ""median_abs_diff_to_modepi"": 2.982}, ""vin_3 col 1"": {""best"": ""current"", ""r2"": 0.33263, ""joint_modepi_current_soc_r2"": 0.62065, ""median_abs_diff_to_modepi"": 3.007}}","{""0"": {""best"": ""temperature"", ""r2"": 1.0, ""constant_value"": null, ""nondecreasing_share"": 0.972}, ""1"": {""best"": ""pack SOC"", ""r2"": 1.0, ""constant_value"": null, ""nondecreasing_share"": 0.974}, ""2"": {""best"": ""constant"", ""r2"": NaN, ""constant_value"": 0.0, ""nondecreasing_share"": 1.0}, ""3"": {""best"": ""cell sum"", ""r2"": 1.0, ""constant_value"": null, ""nondecreasing_share"": 0.666}, ""4"": {""best"": ""current"", ""r2"": 1.0, ""constant_value"": null, ""nondecreasing_share"": 0.822}, ""5"": {""best"": ""volt_modepi"", ""r2"": 1.0, ""constant_value"": null, ""nondecreasing_share"": 0.652}, ""6"": {""best"": ""vin_3 col 0 (next row)"", ""r2"": 0.9998, ""constant_value"": null, ""nondecreasing_share"": 0.618}}",0.9206199769428853,0.8729362411398713,0.00032152436918853056,4.033934649351494e-05,
QAS,66,32545,27135,True,"{""vin_2 col 0"": {""best"": ""cell min"", ""r2"": 0.00117, ""joint_modepi_current_soc_r2"": 0.00134, ""median_abs_diff_to_modepi"": 0.02543}, ""vin_2 col 1"": {""best"": ""cell median"", ""r2"": 0.64918, ""joint_modepi_current_soc_r2"": 0.99785, ""median_abs_diff_to_modepi"": 0.2593}, ""vin_3 col 0"": {""best"": ""current"", ""r2"": 0.34671, ""joint_modepi_current_soc_r2"": 0.39564, ""median_abs_diff_to_modepi"": 2.376}, ""vin_3 col 1"": {""best"": ""current"", ""r2"": 0.3542, ""joint_modepi_current_soc_r2"": 0.391, ""median_abs_diff_to_modepi"": 2.331}}","{""0"": {""best"": ""temperature"", ""r2"": 1.0, ""constant_value"": null, ""nondecreasing_share"": 0.975}, ""1"": {""best"": ""pack SOC"", ""r2"": 1.0, ""constant_value"": null, ""nondecreasing_share"": 0.968}, ""2"": {""best"": ""constant"", ""r2"": NaN, ""constant_value"": 0.0, ""nondecreasing_share"": 1.0}, ""3"": {""best"": ""cell sum"", ""r2"": 0.99999, ""constant_value"": null, ""nondecreasing_share"": 0.682}, ""4"": {""best"": ""current"", ""r2"": 1.0, ""constant_value"": null, ""nondecreasing_share"": 0.787}, ""5"": {""best"": ""volt_modepi"", ""r2"": 1.0, ""constant_value"": null, ""nondecreasing_share"": 0.67}, ""6"": {""best"": ""vin_3 col 0 (next row)"", ""r2"": 0.99997, ""constant_value"": null, ""nondecreasing_share"": 0.575}}",0.9928935479275564,0.9688414739161675,0.0004081526290318216,0.0003557957161727884,
QAS,69,29095,27142,True,"{""vin_2 col 0"": {""best"": ""current"", ""r2"": 0.96115, ""joint_modepi_current_soc_r2"": 0.97098, ""median_abs_diff_to_modepi"": 0.02286}, ""vin_2 col 1"": {""best"": ""cell median"", ""r2"": 0.71733, ""joint_modepi_current_soc_r2"": 0.99832, ""median_abs_diff_to_modepi"": 0.1908}, ""vin_3 col 0"": {""best"": ""current"", ""r2"": 0.30675, ""joint_modepi_current_soc_r2"": 0.36937, ""median_abs_diff_to_modepi"": 2.375}, ""vin_3 col 1"": {""best"": ""current"", ""r2"": 0.28066, ""joint_modepi_current_soc_r2"": 0.3443, ""median_abs_diff_to_modepi"": 2.365}}","{""0"": {""best"": ""temperature"", ""r2"": 1.0, ""constant_value"": null, ""nondecreasing_share"": 0.982}, ""1"": {""best"": ""pack SOC"", ""r2"": 1.0, ""constant_value"": null, ""nondecreasing_share"": 0.967}, ""2"": {""best"": ""constant"", ""r2"": NaN, ""constant_value"": 0.0, ""nondecreasing_share"": 1.0}, ""3"": {""best"": ""volt_modepi"", ""r2"": 0.99999, ""constant_value"": null, ""nondecreasing_share"": 0.659}, ""4"": {""best"": ""current"", ""r2"": 1.0, ""constant_value"": null, ""nondecreasing_share"": 0.782}, ""5"": {""best"": ""volt_modepi"", ""r2"": 1.0, ""constant_value"": null, ""nondecreasing_share"": 0.645}, ""6"": {""best"": ""vin_3 col 0 (next row)"", ""r2"": 0.99997, ""constant_value"": null, ""nondecreasing_share"": 0.566}}",0.9957022923847616,0.9669613241173636,0.00045778130621809687,0.00017802802590516877,
QAS,68,36821,32497,True,"{""vin_2 col 0"": {""best"": ""current"", ""r2"": 0.00147, ""joint_modepi_current_soc_r2"": 0.00149, ""median_abs_diff_to_modepi"": 0.02744}, ""vin_2 col 1"": {""best"": ""volt_modepi"", ""r2"": 0.76609, ""joint_modepi_current_soc_r2"": 0.99807, ""median_abs_diff_to_modepi"": 0.228}, ""vin_3 col 0"": {""best"": ""temperature"", ""r2"": 0.22508, ""joint_modepi_current_soc_r2"": 0.24607, ""median_abs_diff_to_modepi"": 2.388}, ""vin_3 col 1"": {""best"": ""temperature"", ""r2"": 0.22384, ""joint_modepi_current_soc_r2"": 0.24233, ""median_abs_diff_to_modepi"": 2.357}}","{""0"": {""best"": ""temperature"", ""r2"": 1.0, ""constant_value"": null, ""nondecreasing_share"": 0.978}, ""1"": {""best"": ""pack SOC"", ""r2"": 1.0, ""constant_value"": null, ""nondecreasing_share"": 0.966}, ""2"": {""best"": ""constant"", ""r2"": NaN, ""constant_value"": 0.0, ""nondecreasing_share"": 1.0}, ""3"": {""best"": ""volt_modepi"", ""r2"": 0.99999, ""constant_value"": null, ""nondecreasing_share"": 0.669}, ""4"": {""best"": ""current"", ""r2"": 1.0, ""constant_value"": null, ""nondecreasing_share"": 0.833}, ""5"": {""best"": ""volt_modepi"", ""r2"": 1.0, ""constant_value"": null, ""nondecreasing_share"": 0.658}, ""6"": {""best"": ""vin_3 col 0 (next row)"", ""r2"": 0.99997, ""constant_value"": null, ""nondecreasing_share"": 0.638}}",0.9672437798402852,0.9768874365116718,0.0005153294445243706,0.00024378338115521565,
QAS,67,38841,33987,True,"{""vin_2 col 0"": {""best"": ""current"", ""r2"": 0.98053, ""joint_modepi_current_soc_r2"": 0.98617, ""median_abs_diff_to_modepi"": 0.02613}, ""vin_2 col 1"": {""best"": ""cell median"", ""r2"": 0.64393, ""joint_modepi_current_soc_r2"": 0.99787, ""median_abs_diff_to_modepi"": 0.2338}, ""vin_3 col 0"": {""best"": ""current"", ""r2"": 0.62043, ""joint_modepi_current_soc_r2"": 0.63934, ""median_abs_diff_to_modepi"": 2.376}, ""vin_3 col 1"": {""best"": ""current"", ""r2"": 0.59565, ""joint_modepi_current_soc_r2"": 0.61499, ""median_abs_diff_to_modepi"": 2.359}}","{""0"": {""best"": ""temperature"", ""r2"": 1.0, ""constant_value"": null, ""nondecreasing_share"": 0.981}, ""1"": {""best"": ""pack SOC"", ""r2"": 1.0, ""constant_value"": null, ""nondecreasing_share"": 0.962}, ""2"": {""best"": ""constant"", ""r2"": NaN, ""constant_value"": 0.0, ""nondecreasing_share"": 1.0}, ""3"": {""best"": ""cell sum"", ""r2"": 0.99997, ""constant_value"": null, ""nondecreasing_share"": 0.631}, ""4"": {""best"": ""current"", ""r2"": 1.0, ""constant_value"": null, ""nondecreasing_share"": 0.694}, ""5"": {""best"": ""volt_modepi"", ""r2"": 1.0, ""constant_value"": null, ""nondecreasing_share"": 0.624}, ""6"": {""best"": ""vin_3 col 0 (next row)"", ""r2"": 0.99996, ""constant_value"": null, ""nondecreasing_share"": 0.526}}",0.8916624060315613,0.21727454380128505,0.0013232900610713472,0.00061441685036816,
QAS,70,28410,26217,True,"{""vin_2 col 0"": {""best"": ""current"", ""r2"": 0.98126, ""joint_modepi_current_soc_r2"": 0.98712, ""median_abs_diff_to_modepi"": 0.04624}, ""vin_2 col 1"": {""best"": ""cell median"", ""r2"": 0.82897, ""joint_modepi_current_soc_r2"": 0.99785, ""median_abs_diff_to_modepi"": 0.2119}, ""vin_3 col 0"": {""best"": ""current"", ""r2"": 0.45364, ""joint_modepi_current_soc_r2"": 0.73313, ""median_abs_diff_to_modepi"": 2.98}, ""vin_3 col 1"": {""best"": ""current"", ""r2"": 0.43311, ""joint_modepi_current_soc_r2"": 0.68372, ""median_abs_diff_to_modepi"": 3.009}}","{""0"": {""best"": ""temperature"", ""r2"": 1.0, ""constant_value"": null, ""nondecreasing_share"": 0.971}, ""1"": {""best"": ""pack SOC"", ""r2"": 1.0, ""constant_value"": null, ""nondecreasing_share"": 0.956}, ""2"": {""best"": ""constant"", ""r2"": NaN, ""constant_value"": 0.0, ""nondecreasing_share"": 1.0}, ""3"": {""best"": ""cell sum"", ""r2"": 0.99999, ""constant_value"": null, ""nondecreasing_share"": 0.675}, ""4"": {""best"": ""current"", ""r2"": 1.0, ""constant_value"": null, ""nondecreasing_share"": 0.77}, ""5"": {""best"": ""volt_modepi"", ""r2"": 1.0, ""constant_value"": null, ""nondecreasing_share"": 0.663}, ""6"": {""best"": ""vin_3 col 0 (next row)"", ""r2"": 0.99975, ""constant_value"": null, ""nondecreasing_share"": 0.653}}",0.9470294471182764,0.7884756666857183,0.0002958893456876943,5.125010892783737e-05,
QAS,71,30776,27000,True,"{""vin_2 col 0"": {""best"": ""current"", ""r2"": 0.00135, ""joint_modepi_current_soc_r2"": 0.00143, ""median_abs_diff_to_modepi"": 0.0469}, ""vin_2 col 1"": {""best"": ""cell median"", ""r2"": 0.7505, ""joint_modepi_current_soc_r2"": 0.99741, ""median_abs_diff_to_modepi"": 0.2272}, ""vin_3 col 0"": {""best"": ""current"", ""r2"": 0.49582, ""joint_modepi_current_soc_r2"": 0.68712, ""median_abs_diff_to_modepi"": 2.984}, ""vin_3 col 1"": {""best"": ""current"", ""r2"": 0.5639, ""joint_modepi_current_soc_r2"": 0.62467, ""median_abs_diff_to_modepi"": 3.425}}","{""0"": {""best"": ""temperature"", ""r2"": 1.0, ""constant_value"": null, ""nondecreasing_share"": 0.976}, ""1"": {""best"": ""pack SOC"", ""r2"": 1.0, ""constant_value"": null, ""nondecreasing_share"": 0.97}, ""2"": {""best"": ""constant"", ""r2"": NaN, ""constant_value"": 0.0, ""nondecreasing_share"": 1.0}, ""3"": {""best"": ""cell sum"", ""r2"": 0.99999, ""constant_value"": null, ""nondecreasing_share"": 0.659}, ""4"": {""best"": ""current"", ""r2"": 1.0, ""constant_value"": null, ""nondecreasing_share"": 0.797}, ""5"": {""best"": ""volt_modepi"", ""r2"": 1.0, ""constant_value"": null, ""nondecreasing_share"": 0.646}, ""6"": {""best"": ""vin_3 col 0 (next row)"", ""r2"": 0.99974, ""constant_value"": null, ""nondecreasing_share"": 0.607}}",0.9469456015999573,0.8989177434445286,0.00035825797436306317,3.876221714986386e-05,
QAS,72,30360,28952,True,"{""vin_2 col 0"": {""best"": ""current"", ""r2"": 0.00092, ""joint_modepi_current_soc_r2"": 0.001, ""median_abs_diff_to_modepi"": 0.04269}, ""vin_2 col 1"": {""best"": ""cell median"", ""r2"": 0.82356, ""joint_modepi_current_soc_r2"": 0.99862, ""median_abs_diff_to_modepi"": 0.178}, ""vin_3 col 0"": {""best"": ""current"", ""r2"": 0.44416, ""joint_modepi_current_soc_r2"": 0.64271, ""median_abs_diff_to_modepi"": 2.987}, ""vin_3 col 1"": {""best"": ""current"", ""r2"": 0.4692, ""joint_modepi_current_soc_r2"": 0.6062, ""median_abs_diff_to_modepi"": 2.997}}","{""0"": {""best"": ""temperature"", ""r2"": 1.0, ""constant_value"": null, ""nondecreasing_share"": 0.971}, ""1"": {""best"": ""pack SOC"", ""r2"": 1.0, ""constant_value"": null, ""nondecreasing_share"": 0.934}, ""2"": {""best"": ""constant"", ""r2"": NaN, ""constant_value"": 0.0, ""nondecreasing_share"": 1.0}, ""3"": {""best"": ""volt_modepi"", ""r2"": 0.99998, ""constant_value"": null, ""nondecreasing_share"": 0.631}, ""4"": {""best"": ""current"", ""r2"": 1.0, ""constant_value"": null, ""nondecreasing_share"": 0.717}, ""5"": {""best"": ""volt_modepi"", ""r2"": 1.0, ""constant_value"": null, ""nondecreasing_share"": 0.621}, ""6"": {""best"": ""vin_3 col 0 (next row)"", ""r2"": 0.9997, ""constant_value"": null, ""nondecreasing_share"": 0.626}}",0.9892542239642292,0.9861562417226364,0.000281168762453321,0.00016678933863362237,
QAS,74,30709,27324,True,"{""vin_2 col 0"": {""best"": ""current"", ""r2"": 0.85961, ""joint_modepi_current_soc_r2"": 0.86062, ""median_abs_diff_to_modepi"": 0.03922}, ""vin_2 col 1"": {""best"": ""cell median"", ""r2"": 0.73382, ""joint_modepi_current_soc_r2"": 0.99832, ""median_abs_diff_to_modepi"": 0.1792}, ""vin_3 col 0"": {""best"": ""current"", ""r2"": 0.60676, ""joint_modepi_current_soc_r2"": 0.69947, ""median_abs_diff_to_modepi"": 2.968}, ""vin_3 col 1"": {""best"": ""current"", ""r2"": 0.58557, ""joint_modepi_current_soc_r2"": 0.65375, ""median_abs_diff_to_modepi"": 2.989}}","{""0"": {""best"": ""temperature"", ""r2"": 1.0, ""constant_value"": null, ""nondecreasing_share"": 0.974}, ""1"": {""best"": ""pack SOC"", ""r2"": 1.0, ""constant_value"": null, ""nondecreasing_share"": 0.966}, ""2"": {""best"": ""constant"", ""r2"": NaN, ""constant_value"": 0.0, ""nondecreasing_share"": 1.0}, ""3"": {""best"": ""cell sum"", ""r2"": 0.99999, ""constant_value"": null, ""nondecreasing_share"": 0.663}, ""4"": {""best"": ""current"", ""r2"": 1.0, ""constant_value"": null, ""nondecreasing_share"": 0.788}, ""5"": {""best"": ""volt_modepi"", ""r2"": 1.0, ""constant_value"": null, ""nondecreasing_share"": 0.651}, ""6"": {""best"": ""vin_3 col 0 (next row)"", ""r2"": 0.99477, ""constant_value"": null, ""nondecreasing_share"": 0.601}}",0.9624185319557086,0.8783139825786477,0.0003840827025332061,7.111695367662335e-05,
QAS,65,83584,74999,True,"{""vin_2 col 0"": {""best"": ""current"", ""r2"": 0.96832, ""joint_modepi_current_soc_r2"": 0.97648, ""median_abs_diff_to_modepi"": 0.03142}, ""vin_2 col 1"": {""best"": ""cell mean"", ""r2"": 0.71084, ""joint_modepi_current_soc_r2"": 0.99594, ""median_abs_diff_to_modepi"": 0.2132}, ""vin_3 col 0"": {""best"": ""current"", ""r2"": 0.2871, ""joint_modepi_current_soc_r2"": 0.38219, ""median_abs_diff_to_modepi"": 2.79}, ""vin_3 col 1"": {""best"": ""current"", ""r2"": 0.26432, ""joint_modepi_current_soc_r2"": 0.35464, ""median_abs_diff_to_modepi"": 2.784}}","{""0"": {""best"": ""temperature"", ""r2"": 1.0, ""constant_value"": null, ""nondecreasing_share"": 0.972}, ""1"": {""best"": ""pack SOC"", ""r2"": 1.0, ""constant_value"": null, ""nondecreasing_share"": 0.971}, ""2"": {""best"": ""constant"", ""r2"": NaN, ""constant_value"": 0.0, ""nondecreasing_share"": 1.0}, ""3"": {""best"": ""cell sum"", ""r2"": 0.99927, ""constant_value"": null, ""nondecreasing_share"": 0.696}, ""4"": {""best"": ""current"", ""r2"": 1.0, ""constant_value"": null, ""nondecreasing_share"": 0.796}, ""5"": {""best"": ""volt_modepi"", ""r2"": 1.0, ""constant_value"": null, ""nondecreasing_share"": 0.681}, ""6"": {""best"": ""vin_3 col 0 (next row)"", ""r2"": 0.99991, ""constant_value"": null, ""nondecreasing_share"": 0.552}}",0.9416006353581179,0.8923889573103447,0.0005050209455719212,0.0001621081780293894,
QAS,73,38927,33323,True,"{""vin_2 col 0"": {""best"": ""current"", ""r2"": 0.00095, ""joint_modepi_current_soc_r2"": 0.00098, ""median_abs_diff_to_modepi"": 0.0536}, ""vin_2 col 1"": {""best"": ""cell median"", ""r2"": 0.72585, ""joint_modepi_current_soc_r2"": 0.9974, ""median_abs_diff_to_modepi"": 0.2129}, ""vin_3 col 0"": {""best"": ""current"", ""r2"": 0.82164, ""joint_modepi_current_soc_r2"": 0.85384, ""median_abs_diff_to_modepi"": 2.974}, ""vin_3 col 1"": {""best"": ""current"", ""r2"": 0.83243, ""joint_modepi_current_soc_r2"": 0.84949, ""median_abs_diff_to_modepi"": 2.976}}","{""0"": {""best"": ""temperature"", ""r2"": 1.0, ""constant_value"": null, ""nondecreasing_share"": 0.973}, ""1"": {""best"": ""pack SOC"", ""r2"": 1.0, ""constant_value"": null, ""nondecreasing_share"": 0.965}, ""2"": {""best"": ""constant"", ""r2"": NaN, ""constant_value"": 0.0, ""nondecreasing_share"": 1.0}, ""3"": {""best"": ""cell sum"", ""r2"": 0.99999, ""constant_value"": null, ""nondecreasing_share"": 0.658}, ""4"": {""best"": ""current"", ""r2"": 1.0, ""constant_value"": null, ""nondecreasing_share"": 0.794}, ""5"": {""best"": ""volt_modepi"", ""r2"": 1.0, ""constant_value"": null, ""nondecreasing_share"": 0.645}, ""6"": {""best"": ""vin_3 col 0 (next row)"", ""r2"": 0.99982, ""constant_value"": null, ""nondecreasing_share"": 0.573}}",0.6950564038718727,0.5142536481285074,0.0007422261919571849,5.5367292571597144e-05,
QAS,75,31006,27556,True,"{""vin_2 col 0"": {""best"": ""current"", ""r2"": 0.00102, ""joint_modepi_current_soc_r2"": 0.00112, ""median_abs_diff_to_modepi"": 0.02557}, ""vin_2 col 1"": {""best"": ""volt_modepi"", ""r2"": 0.65979, ""joint_modepi_current_soc_r2"": 0.99813, ""median_abs_diff_to_modepi"": 0.2392}, ""vin_3 col 0"": {""best"": ""current"", ""r2"": 0.45114, ""joint_modepi_current_soc_r2"": 0.52592, ""median_abs_diff_to_modepi"": 2.378}, ""vin_3 col 1"": {""best"": ""current"", ""r2"": 0.4538, ""joint_modepi_current_soc_r2"": 0.51606, ""median_abs_diff_to_modepi"": 2.338}}","{""0"": {""best"": ""temperature"", ""r2"": 1.0, ""constant_value"": null, ""nondecreasing_share"": 0.974}, ""1"": {""best"": ""pack SOC"", ""r2"": 1.0, ""constant_value"": null, ""nondecreasing_share"": 0.972}, ""2"": {""best"": ""constant"", ""r2"": NaN, ""constant_value"": 0.0, ""nondecreasing_share"": 1.0}, ""3"": {""best"": ""volt_modepi"", ""r2"": 0.99999, ""constant_value"": null, ""nondecreasing_share"": 0.658}, ""4"": {""best"": ""current"", ""r2"": 1.0, ""constant_value"": null, ""nondecreasing_share"": 0.763}, ""5"": {""best"": ""volt_modepi"", ""r2"": 1.0, ""constant_value"": null, ""nondecreasing_share"": 0.644}, ""6"": {""best"": ""vin_3 col 0 (next row)"", ""r2"": 0.99996, ""constant_value"": null, ""nondecreasing_share"": 0.517}}",0.9742597830006459,0.32339165316073726,0.0006032591719660196,0.0001994863119868599,
QAS,76,50142,40825,True,"{""vin_2 col 0"": {""best"": ""current"", ""r2"": 0.93566, ""joint_modepi_current_soc_r2"": 0.9487, ""median_abs_diff_to_modepi"": 0.03869}, ""vin_2 col 1"": {""best"": ""cell median"", ""r2"": 0.70805, ""joint_modepi_current_soc_r2"": 0.99793, ""median_abs_diff_to_modepi"": 0.2546}, ""vin_3 col 0"": {""best"": ""temperature"", ""r2"": 0.18613, ""joint_modepi_current_soc_r2"": 0.22654, ""median_abs_diff_to_modepi"": 2.887}, ""vin_3 col 1"": {""best"": ""temperature"", ""r2"": 0.18603, ""joint_modepi_current_soc_r2"": 0.20581, ""median_abs_diff_to_modepi"": 2.908}}","{""0"": {""best"": ""temperature"", ""r2"": 1.0, ""constant_value"": null, ""nondecreasing_share"": 0.972}, ""1"": {""best"": ""pack SOC"", ""r2"": 1.0, ""constant_value"": null, ""nondecreasing_share"": 0.969}, ""2"": {""best"": ""constant"", ""r2"": NaN, ""constant_value"": 0.0, ""nondecreasing_share"": 1.0}, ""3"": {""best"": ""cell sum"", ""r2"": 0.99998, ""constant_value"": null, ""nondecreasing_share"": 0.689}, ""4"": {""best"": ""current"", ""r2"": 1.0, ""constant_value"": null, ""nondecreasing_share"": 0.839}, ""5"": {""best"": ""volt_modepi"", ""r2"": 1.0, ""constant_value"": null, ""nondecreasing_share"": 0.676}, ""6"": {""best"": ""vin_3 col 0 (next row)"", ""r2"": 0.99997, ""constant_value"": null, ""nondecreasing_share"": 0.666}}",0.9647729749017289,0.9666411171198874,0.0004336211118187716,0.00014937283535645224,
QAS,78,30733,27173,True,"{""vin_2 col 0"": {""best"": ""current"", ""r2"": 0.98235, ""joint_modepi_current_soc_r2"": 0.98852, ""median_abs_diff_to_modepi"": 0.04384}, ""vin_2 col 1"": {""best"": ""cell median"", ""r2"": 0.76564, ""joint_modepi_current_soc_r2"": 0.99744, ""median_abs_diff_to_modepi"": 0.2208}, ""vin_3 col 0"": {""best"": ""current"", ""r2"": 0.4296, ""joint_modepi_current_soc_r2"": 0.76261, ""median_abs_diff_to_modepi"": 2.982}, ""vin_3 col 1"": {""best"": ""current"", ""r2"": 0.41816, ""joint_modepi_current_soc_r2"": 0.74815, ""median_abs_diff_to_modepi"": 2.974}}","{""0"": {""best"": ""temperature"", ""r2"": 1.0, ""constant_value"": null, ""nondecreasing_share"": 0.973}, ""1"": {""best"": ""pack SOC"", ""r2"": 1.0, ""constant_value"": null, ""nondecreasing_share"": 0.961}, ""2"": {""best"": ""constant"", ""r2"": NaN, ""constant_value"": 0.0, ""nondecreasing_share"": 1.0}, ""3"": {""best"": ""cell sum"", ""r2"": 0.99993, ""constant_value"": null, ""nondecreasing_share"": 0.643}, ""4"": {""best"": ""current"", ""r2"": 1.0, ""constant_value"": null, ""nondecreasing_share"": 0.742}, ""5"": {""best"": ""volt_modepi"", ""r2"": 1.0, ""constant_value"": null, ""nondecreasing_share"": 0.631}, ""6"": {""best"": ""vin_3 col 0 (next row)"", ""r2"": 0.99976, ""constant_value"": null, ""nondecreasing_share"": 0.66}}",0.9361296048052271,0.9317552701628147,0.0002578474163219546,5.761299347429898e-05,
QAS,79,32578,30280,True,"{""vin_2 col 0"": {""best"": ""current"", ""r2"": 0.97746, ""joint_modepi_current_soc_r2"": 0.98548, ""median_abs_diff_to_modepi"": 0.04856}, ""vin_2 col 1"": {""best"": ""cell median"", ""r2"": 0.81972, ""joint_modepi_current_soc_r2"": 0.99835, ""median_abs_diff_to_modepi"": 0.2054}, ""vin_3 col 0"": {""best"": ""current"", ""r2"": 0.44054, ""joint_modepi_current_soc_r2"": 0.78927, ""median_abs_diff_to_modepi"": 2.988}, ""vin_3 col 1"": {""best"": ""current"", ""r2"": 0.41981, ""joint_modepi_current_soc_r2"": 0.75533, ""median_abs_diff_to_modepi"": 3.285}}","{""0"": {""best"": ""temperature"", ""r2"": 1.0, ""constant_value"": null, ""nondecreasing_share"": 0.976}, ""1"": {""best"": ""pack SOC"", ""r2"": 1.0, ""constant_value"": null, ""nondecreasing_share"": 0.953}, ""2"": {""best"": ""constant"", ""r2"": NaN, ""constant_value"": 0.0, ""nondecreasing_share"": 1.0}, ""3"": {""best"": ""cell sum"", ""r2"": 0.99999, ""constant_value"": null, ""nondecreasing_share"": 0.67}, ""4"": {""best"": ""current"", ""r2"": 1.0, ""constant_value"": null, ""nondecreasing_share"": 0.746}, ""5"": {""best"": ""volt_modepi"", ""r2"": 1.0, ""constant_value"": null, ""nondecreasing_share"": 0.66}, ""6"": {""best"": ""vin_3 col 0 (next row)"", ""r2"": 0.99974, ""constant_value"": null, ""nondecreasing_share"": 0.642}}",0.968990006552009,0.968081115879492,0.00035828915802271766,8.57287453295335e-05,
QAS,80,34510,29986,True,"{""vin_2 col 0"": {""best"": ""current"", ""r2"": 0.72449, ""joint_modepi_current_soc_r2"": 0.73197, ""median_abs_diff_to_modepi"": 0.03183}, ""vin_2 col 1"": {""best"": ""cell median"", ""r2"": 0.635, ""joint_modepi_current_soc_r2"": 0.99832, ""median_abs_diff_to_modepi"": 0.2491}, ""vin_3 col 0"": {""best"": ""current"", ""r2"": 0.34449, ""joint_modepi_current_soc_r2"": 0.41009, ""median_abs_diff_to_modepi"": 2.387}, ""vin_3 col 1"": {""best"": ""current"", ""r2"": 0.32681, ""joint_modepi_current_soc_r2"": 0.38817, ""median_abs_diff_to_modepi"": 2.372}}","{""0"": {""best"": ""temperature"", ""r2"": 1.0, ""constant_value"": null, ""nondecreasing_share"": 0.977}, ""1"": {""best"": ""pack SOC"", ""r2"": 1.0, ""constant_value"": null, ""nondecreasing_share"": 0.961}, ""2"": {""best"": ""constant"", ""r2"": NaN, ""constant_value"": 0.0, ""nondecreasing_share"": 1.0}, ""3"": {""best"": ""cell sum"", ""r2"": 0.99999, ""constant_value"": null, ""nondecreasing_share"": 0.63}, ""4"": {""best"": ""current"", ""r2"": 1.0, ""constant_value"": null, ""nondecreasing_share"": 0.735}, ""5"": {""best"": ""volt_modepi"", ""r2"": 1.0, ""constant_value"": null, ""nondecreasing_share"": 0.622}, ""6"": {""best"": ""vin_3 col 0 (next row)"", ""r2"": 0.99996, ""constant_value"": null, ""nondecreasing_share"": 0.552}}",0.9889464988632989,0.9428115099208018,0.000649503432915477,0.00020857179675883014,
QAS,81,48548,42498,True,"{""vin_2 col 0"": {""best"": ""current"", ""r2"": 0.00649, ""joint_modepi_current_soc_r2"": 0.0065, ""median_abs_diff_to_modepi"": 0.04644}, ""vin_2 col 1"": {""best"": ""cell median"", ""r2"": 0.67983, ""joint_modepi_current_soc_r2"": 0.99837, ""median_abs_diff_to_modepi"": 0.255}, ""vin_3 col 0"": {""best"": ""current"", ""r2"": 0.43837, ""joint_modepi_current_soc_r2"": 0.54063, ""median_abs_diff_to_modepi"": 2.968}, ""vin_3 col 1"": {""best"": ""current"", ""r2"": 0.40266, ""joint_modepi_current_soc_r2"": 0.49034, ""median_abs_diff_to_modepi"": 2.99}}","{""0"": {""best"": ""temperature"", ""r2"": 1.0, ""constant_value"": null, ""nondecreasing_share"": 0.972}, ""1"": {""best"": ""pack SOC"", ""r2"": 1.0, ""constant_value"": null, ""nondecreasing_share"": 0.964}, ""2"": {""best"": ""constant"", ""r2"": NaN, ""constant_value"": 0.0, ""nondecreasing_share"": 1.0}, ""3"": {""best"": ""cell sum"", ""r2"": 0.99999, ""constant_value"": null, ""nondecreasing_share"": 0.694}, ""4"": {""best"": ""current"", ""r2"": 1.0, ""constant_value"": null, ""nondecreasing_share"": 0.765}, ""5"": {""best"": ""volt_modepi"", ""r2"": 1.0, ""constant_value"": null, ""nondecreasing_share"": 0.684}, ""6"": {""best"": ""vin_3 col 0 (next row)"", ""r2"": 0.99833, ""constant_value"": null, ""nondecreasing_share"": 0.615}}",0.9141226495346753,0.8964923466655634,0.0005400411975793329,5.129399816812773e-05,
QAS,83,27627,19770,True,"{""vin_2 col 0"": {""best"": ""current"", ""r2"": 0.98959, ""joint_modepi_current_soc_r2"": 0.99367, ""median_abs_diff_to_modepi"": 0.02405}, ""vin_2 col 1"": {""best"": ""current"", ""r2"": 0.76743, ""joint_modepi_current_soc_r2"": 0.99851, ""median_abs_diff_to_modepi"": 0.1897}, ""vin_3 col 0"": {""best"": ""current"", ""r2"": 0.74933, ""joint_modepi_current_soc_r2"": 0.78974, ""median_abs_diff_to_modepi"": 2.375}, ""vin_3 col 1"": {""best"": ""current"", ""r2"": 0.72592, ""joint_modepi_current_soc_r2"": 0.77087, ""median_abs_diff_to_modepi"": 2.363}}","{""0"": {""best"": ""temperature"", ""r2"": 1.0, ""constant_value"": null, ""nondecreasing_share"": 0.977}, ""1"": {""best"": ""pack SOC"", ""r2"": 1.0, ""constant_value"": null, ""nondecreasing_share"": 0.945}, ""2"": {""best"": ""constant"", ""r2"": NaN, ""constant_value"": 0.0, ""nondecreasing_share"": 1.0}, ""3"": {""best"": ""cell sum"", ""r2"": 0.99999, ""constant_value"": null, ""nondecreasing_share"": 0.658}, ""4"": {""best"": ""current"", ""r2"": 1.0, ""constant_value"": null, ""nondecreasing_share"": 0.814}, ""5"": {""best"": ""volt_modepi"", ""r2"": 1.0, ""constant_value"": null, ""nondecreasing_share"": 0.649}, ""6"": {""best"": ""vin_3 col 0 (next row)"", ""r2"": 0.99996, ""constant_value"": null, ""nondecreasing_share"": 0.595}}",0.9968870158347334,0.9709443705479428,0.000957596452716647,0.0005494854779524408,
QAS,82,28927,24927,True,"{""vin_2 col 0"": {""best"": ""current"", ""r2"": 0.79696, ""joint_modepi_current_soc_r2"": 0.8005, ""median_abs_diff_to_modepi"": 0.04346}, ""vin_2 col 1"": {""best"": ""cell min"", ""r2"": 0.74641, ""joint_modepi_current_soc_r2"": 0.99791, ""median_abs_diff_to_modepi"": 0.1804}, ""vin_3 col 0"": {""best"": ""current"", ""r2"": 0.50536, ""joint_modepi_current_soc_r2"": 0.79221, ""median_abs_diff_to_modepi"": 2.985}, ""vin_3 col 1"": {""best"": ""current"", ""r2"": 0.48931, ""joint_modepi_current_soc_r2"": 0.75176, ""median_abs_diff_to_modepi"": 3.015}}","{""0"": {""best"": ""temperature"", ""r2"": 1.0, ""constant_value"": null, ""nondecreasing_share"": 0.973}, ""1"": {""best"": ""pack SOC"", ""r2"": 1.0, ""constant_value"": null, ""nondecreasing_share"": 0.975}, ""2"": {""best"": ""constant"", ""r2"": NaN, ""constant_value"": 0.0, ""nondecreasing_share"": 1.0}, ""3"": {""best"": ""cell sum"", ""r2"": 0.99999, ""constant_value"": null, ""nondecreasing_share"": 0.646}, ""4"": {""best"": ""current"", ""r2"": 1.0, ""constant_value"": null, ""nondecreasing_share"": 0.766}, ""5"": {""best"": ""volt_modepi"", ""r2"": 1.0, ""constant_value"": null, ""nondecreasing_share"": 0.633}, ""6"": {""best"": ""vin_3 col 0 (next row)"", ""r2"": 0.99973, ""constant_value"": null, ""nondecreasing_share"": 0.595}}",0.9714784526974876,0.9299001277793827,0.00024292079068488626,3.872873722741017e-05,
QAS,84,29778,26478,True,"{""vin_2 col 0"": {""best"": ""current"", ""r2"": 0.00198, ""joint_modepi_current_soc_r2"": 0.00206, ""median_abs_diff_to_modepi"": 0.02098}, ""vin_2 col 1"": {""best"": ""cell median"", ""r2"": 0.68116, ""joint_modepi_current_soc_r2"": 0.99747, ""median_abs_diff_to_modepi"": 0.2323}, ""vin_3 col 0"": {""best"": ""current"", ""r2"": 0.56603, ""joint_modepi_current_soc_r2"": 0.58586, ""median_abs_diff_to_modepi"": 2.375}, ""vin_3 col 1"": {""best"": ""current"", ""r2"": 0.5336, ""joint_modepi_current_soc_r2"": 0.55051, ""median_abs_diff_to_modepi"": 2.377}}","{""0"": {""best"": ""temperature"", ""r2"": 1.0, ""constant_value"": null, ""nondecreasing_share"": 0.971}, ""1"": {""best"": ""pack SOC"", ""r2"": 1.0, ""constant_value"": null, ""nondecreasing_share"": 0.967}, ""2"": {""best"": ""constant"", ""r2"": NaN, ""constant_value"": 0.0, ""nondecreasing_share"": 1.0}, ""3"": {""best"": ""cell sum"", ""r2"": 0.99998, ""constant_value"": null, ""nondecreasing_share"": 0.627}, ""4"": {""best"": ""current"", ""r2"": 1.0, ""constant_value"": null, ""nondecreasing_share"": 0.792}, ""5"": {""best"": ""volt_modepi"", ""r2"": 1.0, ""constant_value"": null, ""nondecreasing_share"": 0.614}, ""6"": {""best"": ""vin_3 col 0 (next row)"", ""r2"": 0.99996, ""constant_value"": null, ""nondecreasing_share"": 0.536}}",0.9372184025455568,0.66144312218431,0.0011444546664742816,0.0004402266691113921,
QAS,85,31785,29181,True,"{""vin_2 col 0"": {""best"": ""current"", ""r2"": 0.92006, ""joint_modepi_current_soc_r2"": 0.93279, ""median_abs_diff_to_modepi"": 0.0241}, ""vin_2 col 1"": {""best"": ""cell median"", ""r2"": 0.74839, ""joint_modepi_current_soc_r2"": 0.99616, ""median_abs_diff_to_modepi"": 0.2227}, ""vin_3 col 0"": {""best"": ""current"", ""r2"": 0.1291, ""joint_modepi_current_soc_r2"": 0.17884, ""median_abs_diff_to_modepi"": 2.382}, ""vin_3 col 1"": {""best"": ""temperature"", ""r2"": 0.11936, ""joint_modepi_current_soc_r2"": 0.16695, ""median_abs_diff_to_modepi"": 2.366}}","{""0"": {""best"": ""temperature"", ""r2"": 1.0, ""constant_value"": null, ""nondecreasing_share"": 0.975}, ""1"": {""best"": ""pack SOC"", ""r2"": 1.0, ""constant_value"": null, ""nondecreasing_share"": 0.974}, ""2"": {""best"": ""constant"", ""r2"": NaN, ""constant_value"": 0.0, ""nondecreasing_share"": 1.0}, ""3"": {""best"": ""cell sum"", ""r2"": 0.99999, ""constant_value"": null, ""nondecreasing_share"": 0.65}, ""4"": {""best"": ""current"", ""r2"": 1.0, ""constant_value"": null, ""nondecreasing_share"": 0.827}, ""5"": {""best"": ""volt_modepi"", ""r2"": 1.0, ""constant_value"": null, ""nondecreasing_share"": 0.638}, ""6"": {""best"": ""vin_3 col 0 (next row)"", ""r2"": 0.99998, ""constant_value"": null, ""nondecreasing_share"": 0.597}}",0.996599971857923,0.974541727029567,0.00036830414279509505,0.00013140622771470835,
QAS,77,84840,74301,True,"{""vin_2 col 0"": {""best"": ""current"", ""r2"": 0.88673, ""joint_modepi_current_soc_r2"": 0.90106, ""median_abs_diff_to_modepi"": 0.0193}, ""vin_2 col 1"": {""best"": ""volt_modepi"", ""r2"": 0.81032, ""joint_modepi_current_soc_r2"": 0.99838, ""median_abs_diff_to_modepi"": 0.2347}, ""vin_3 col 0"": {""best"": ""current"", ""r2"": 0.55652, ""joint_modepi_current_soc_r2"": 0.58604, ""median_abs_diff_to_modepi"": 2.374}, ""vin_3 col 1"": {""best"": ""current"", ""r2"": 0.52864, ""joint_modepi_current_soc_r2"": 0.55572, ""median_abs_diff_to_modepi"": 2.363}}","{""0"": {""best"": ""temperature"", ""r2"": 1.0, ""constant_value"": null, ""nondecreasing_share"": 0.978}, ""1"": {""best"": ""pack SOC"", ""r2"": 1.0, ""constant_value"": null, ""nondecreasing_share"": 0.964}, ""2"": {""best"": ""constant"", ""r2"": NaN, ""constant_value"": 0.0, ""nondecreasing_share"": 1.0}, ""3"": {""best"": ""cell sum"", ""r2"": 0.99999, ""constant_value"": null, ""nondecreasing_share"": 0.703}, ""4"": {""best"": ""current"", ""r2"": 1.0, ""constant_value"": null, ""nondecreasing_share"": 0.807}, ""5"": {""best"": ""volt_modepi"", ""r2"": 1.0, ""constant_value"": null, ""nondecreasing_share"": 0.689}, ""6"": {""best"": ""vin_3 col 0 (next row)"", ""r2"": 0.99996, ""constant_value"": null, ""nondecreasing_share"": 0.655}}",0.9203076817814059,0.8227293611594507,0.0006851267381242643,0.00037170174355349156,
QAS,87,26656,21979,True,"{""vin_2 col 0"": {""best"": ""current"", ""r2"": 0.9684, ""joint_modepi_current_soc_r2"": 0.97211, ""median_abs_diff_to_modepi"": 0.03108}, ""vin_2 col 1"": {""best"": ""cell median"", ""r2"": 0.65364, ""joint_modepi_current_soc_r2"": 0.99773, ""median_abs_diff_to_modepi"": 0.2686}, ""vin_3 col 0"": {""best"": ""current"", ""r2"": 0.32429, ""joint_modepi_current_soc_r2"": 0.34978, ""median_abs_diff_to_modepi"": 2.378}, ""vin_3 col 1"": {""best"": ""current"", ""r2"": 0.2966, ""joint_modepi_current_soc_r2"": 0.32111, ""median_abs_diff_to_modepi"": 2.375}}","{""0"": {""best"": ""temperature"", ""r2"": 1.0, ""constant_value"": null, ""nondecreasing_share"": 0.976}, ""1"": {""best"": ""pack SOC"", ""r2"": 1.0, ""constant_value"": null, ""nondecreasing_share"": 0.97}, ""2"": {""best"": ""constant"", ""r2"": NaN, ""constant_value"": 0.0, ""nondecreasing_share"": 1.0}, ""3"": {""best"": ""cell sum"", ""r2"": 0.99999, ""constant_value"": null, ""nondecreasing_share"": 0.648}, ""4"": {""best"": ""current"", ""r2"": 1.0, ""constant_value"": null, ""nondecreasing_share"": 0.826}, ""5"": {""best"": ""volt_modepi"", ""r2"": 1.0, ""constant_value"": null, ""nondecreasing_share"": 0.637}, ""6"": {""best"": ""vin_3 col 0 (next row)"", ""r2"": 0.99997, ""constant_value"": null, ""nondecreasing_share"": 0.589}}",0.9909741112754221,0.9304089561834056,0.0006332592656057567,0.00014906399965241288,
QAS,88,26814,24686,True,"{""vin_2 col 0"": {""best"": ""current"", ""r2"": 0.91067, ""joint_modepi_current_soc_r2"": 0.93305, ""median_abs_diff_to_modepi"": 0.02062}, ""vin_2 col 1"": {""best"": ""volt_modepi"", ""r2"": 0.80259, ""joint_modepi_current_soc_r2"": 0.99673, ""median_abs_diff_to_modepi"": 0.2277}, ""vin_3 col 0"": {""best"": ""current"", ""r2"": 0.2646, ""joint_modepi_current_soc_r2"": 0.42028, ""median_abs_diff_to_modepi"": 2.369}, ""vin_3 col 1"": {""best"": ""current"", ""r2"": 0.23455, ""joint_modepi_current_soc_r2"": 0.38551, ""median_abs_diff_to_modepi"": 2.367}}","{""0"": {""best"": ""temperature"", ""r2"": 1.0, ""constant_value"": null, ""nondecreasing_share"": 0.978}, ""1"": {""best"": ""pack SOC"", ""r2"": 1.0, ""constant_value"": null, ""nondecreasing_share"": 0.974}, ""2"": {""best"": ""constant"", ""r2"": NaN, ""constant_value"": 0.0, ""nondecreasing_share"": 1.0}, ""3"": {""best"": ""cell sum"", ""r2"": 0.99997, ""constant_value"": null, ""nondecreasing_share"": 0.647}, ""4"": {""best"": ""current"", ""r2"": 1.0, ""constant_value"": null, ""nondecreasing_share"": 0.824}, ""5"": {""best"": ""volt_modepi"", ""r2"": 1.0, ""constant_value"": null, ""nondecreasing_share"": 0.634}, ""6"": {""best"": ""vin_3 col 0 (next row)"", ""r2"": 0.99998, ""constant_value"": null, ""nondecreasing_share"": 0.563}}",0.9846940217682341,0.9331259289565971,0.0008038767213394138,0.0003556166827606591,
QAS,89,27067,23181,True,"{""vin_2 col 0"": {""best"": ""current"", ""r2"": 0.00169, ""joint_modepi_current_soc_r2"": 0.00175, ""median_abs_diff_to_modepi"": 0.03542}, ""vin_2 col 1"": {""best"": ""cell median"", ""r2"": 0.68374, ""joint_modepi_current_soc_r2"": 0.9986, ""median_abs_diff_to_modepi"": 0.2274}, ""vin_3 col 0"": {""best"": ""temperature"", ""r2"": 0.3482, ""joint_modepi_current_soc_r2"": 0.21082, ""median_abs_diff_to_modepi"": 2.505}, ""vin_3 col 1"": {""best"": ""temperature"", ""r2"": 0.34903, ""joint_modepi_current_soc_r2"": 0.20956, ""median_abs_diff_to_modepi"": 2.492}}","{""0"": {""best"": ""temperature"", ""r2"": 1.0, ""constant_value"": null, ""nondecreasing_share"": 0.979}, ""1"": {""best"": ""pack SOC"", ""r2"": 1.0, ""constant_value"": null, ""nondecreasing_share"": 0.96}, ""2"": {""best"": ""constant"", ""r2"": NaN, ""constant_value"": 0.0, ""nondecreasing_share"": 1.0}, ""3"": {""best"": ""cell sum"", ""r2"": 0.99998, ""constant_value"": null, ""nondecreasing_share"": 0.654}, ""4"": {""best"": ""current"", ""r2"": 1.0, ""constant_value"": null, ""nondecreasing_share"": 0.794}, ""5"": {""best"": ""volt_modepi"", ""r2"": 1.0, ""constant_value"": null, ""nondecreasing_share"": 0.645}, ""6"": {""best"": ""vin_3 col 0 (next row)"", ""r2"": 0.99997, ""constant_value"": null, ""nondecreasing_share"": 0.595}}",0.8988343587444552,0.7898800050861194,0.0008602249829445796,0.00017086991539017578,
QAS,86,42751,37947,True,"{""vin_2 col 0"": {""best"": ""current"", ""r2"": 0.00096, ""joint_modepi_current_soc_r2"": 0.001, ""median_abs_diff_to_modepi"": 0.02}, ""vin_2 col 1"": {""best"": ""cell median"", ""r2"": 0.76929, ""joint_modepi_current_soc_r2"": 0.99763, ""median_abs_diff_to_modepi"": 0.1985}, ""vin_3 col 0"": {""best"": ""current"", ""r2"": 0.21257, ""joint_modepi_current_soc_r2"": 0.2301, ""median_abs_diff_to_modepi"": 2.382}, ""vin_3 col 1"": {""best"": ""current"", ""r2"": 0.20512, ""joint_modepi_current_soc_r2"": 0.22638, ""median_abs_diff_to_modepi"": 2.358}}","{""0"": {""best"": ""temperature"", ""r2"": 1.0, ""constant_value"": null, ""nondecreasing_share"": 0.975}, ""1"": {""best"": ""pack SOC"", ""r2"": 1.0, ""constant_value"": null, ""nondecreasing_share"": 0.964}, ""2"": {""best"": ""constant"", ""r2"": NaN, ""constant_value"": 0.0, ""nondecreasing_share"": 1.0}, ""3"": {""best"": ""cell sum"", ""r2"": 0.99999, ""constant_value"": null, ""nondecreasing_share"": 0.667}, ""4"": {""best"": ""current"", ""r2"": 1.0, ""constant_value"": null, ""nondecreasing_share"": 0.864}, ""5"": {""best"": ""volt_modepi"", ""r2"": 1.0, ""constant_value"": null, ""nondecreasing_share"": 0.654}, ""6"": {""best"": ""vin_3 col 0 (next row)"", ""r2"": 0.99997, ""constant_value"": null, ""nondecreasing_share"": 0.627}}",0.9808739293462028,0.9565744113024972,0.0003325088864061243,0.00012489385308005457,
QAS,90,30684,27737,True,"{""vin_2 col 0"": {""best"": ""current"", ""r2"": 0.00134, ""joint_modepi_current_soc_r2"": 0.00144, ""median_abs_diff_to_modepi"": 0.04896}, ""vin_2 col 1"": {""best"": ""cell median"", ""r2"": 0.80558, ""joint_modepi_current_soc_r2"": 0.99824, ""median_abs_diff_to_modepi"": 0.2111}, ""vin_3 col 0"": {""best"": ""current"", ""r2"": 0.45134, ""joint_modepi_current_soc_r2"": 0.75545, ""median_abs_diff_to_modepi"": 2.993}, ""vin_3 col 1"": {""best"": ""current"", ""r2"": 0.49434, ""joint_modepi_current_soc_r2"": 0.74176, ""median_abs_diff_to_modepi"": 2.987}}","{""0"": {""best"": ""temperature"", ""r2"": 1.0, ""constant_value"": null, ""nondecreasing_share"": 0.972}, ""1"": {""best"": ""pack SOC"", ""r2"": 1.0, ""constant_value"": null, ""nondecreasing_share"": 0.943}, ""2"": {""best"": ""constant"", ""r2"": NaN, ""constant_value"": 0.0, ""nondecreasing_share"": 1.0}, ""3"": {""best"": ""cell sum"", ""r2"": 0.99999, ""constant_value"": null, ""nondecreasing_share"": 0.642}, ""4"": {""best"": ""current"", ""r2"": 1.0, ""constant_value"": null, ""nondecreasing_share"": 0.789}, ""5"": {""best"": ""volt_modepi"", ""r2"": 1.0, ""constant_value"": null, ""nondecreasing_share"": 0.634}, ""6"": {""best"": ""vin_3 col 0 (next row)"", ""r2"": 0.99686, ""constant_value"": null, ""nondecreasing_share"": 0.656}}",0.9320761062722467,0.8965776431909557,0.00031098446281530023,7.747121871026156e-05,
QAS,91,33124,25444,True,"{""vin_2 col 0"": {""best"": ""current"", ""r2"": 0.00036, ""joint_modepi_current_soc_r2"": 0.00039, ""median_abs_diff_to_modepi"": 0.02467}, ""vin_2 col 1"": {""best"": ""current"", ""r2"": 0.78904, ""joint_modepi_current_soc_r2"": 0.99917, ""median_abs_diff_to_modepi"": 0.209}, ""vin_3 col 0"": {""best"": ""current"", ""r2"": 0.77139, ""joint_modepi_current_soc_r2"": 0.77636, ""median_abs_diff_to_modepi"": 2.372}, ""vin_3 col 1"": {""best"": ""current"", ""r2"": 0.78247, ""joint_modepi_current_soc_r2"": 0.78649, ""median_abs_diff_to_modepi"": 2.312}}","{""0"": {""best"": ""temperature"", ""r2"": 1.0, ""constant_value"": null, ""nondecreasing_share"": 0.972}, ""1"": {""best"": ""pack SOC"", ""r2"": 1.0, ""constant_value"": null, ""nondecreasing_share"": 0.971}, ""2"": {""best"": ""constant"", ""r2"": NaN, ""constant_value"": 0.0, ""nondecreasing_share"": 1.0}, ""3"": {""best"": ""cell sum"", ""r2"": 0.99999, ""constant_value"": null, ""nondecreasing_share"": 0.659}, ""4"": {""best"": ""current"", ""r2"": 1.0, ""constant_value"": null, ""nondecreasing_share"": 0.779}, ""5"": {""best"": ""volt_modepi"", ""r2"": 1.0, ""constant_value"": null, ""nondecreasing_share"": 0.654}, ""6"": {""best"": ""vin_3 col 0 (next row)"", ""r2"": 0.99996, ""constant_value"": null, ""nondecreasing_share"": 0.498}}",0.9933401229898904,0.9800536406041245,0.0007511904850119322,0.00039827874817280535,
QAS,93,33626,30390,True,"{""vin_2 col 0"": {""best"": ""current"", ""r2"": 0.90456, ""joint_modepi_current_soc_r2"": 0.90843, ""median_abs_diff_to_modepi"": 0.07578}, ""vin_2 col 1"": {""best"": ""cell median"", ""r2"": 0.86067, ""joint_modepi_current_soc_r2"": 0.99804, ""median_abs_diff_to_modepi"": 0.1938}, ""vin_3 col 0"": {""best"": ""current"", ""r2"": 0.67626, ""joint_modepi_current_soc_r2"": 0.7601, ""median_abs_diff_to_modepi"": 2.985}, ""vin_3 col 1"": {""best"": ""current"", ""r2"": 0.66282, ""joint_modepi_current_soc_r2"": 0.70604, ""median_abs_diff_to_modepi"": 3.013}}","{""0"": {""best"": ""temperature"", ""r2"": 1.0, ""constant_value"": null, ""nondecreasing_share"": 0.978}, ""1"": {""best"": ""pack SOC"", ""r2"": 1.0, ""constant_value"": null, ""nondecreasing_share"": 0.968}, ""2"": {""best"": ""constant"", ""r2"": NaN, ""constant_value"": 0.0, ""nondecreasing_share"": 1.0}, ""3"": {""best"": ""cell sum"", ""r2"": 0.99999, ""constant_value"": null, ""nondecreasing_share"": 0.663}, ""4"": {""best"": ""current"", ""r2"": 1.0, ""constant_value"": null, ""nondecreasing_share"": 0.852}, ""5"": {""best"": ""volt_modepi"", ""r2"": 1.0, ""constant_value"": null, ""nondecreasing_share"": 0.652}, ""6"": {""best"": ""vin_3 col 0 (next row)"", ""r2"": 0.99976, ""constant_value"": null, ""nondecreasing_share"": 0.57}}",0.8056202283042966,0.7784962646383813,0.0006273498760767104,4.103962808625599e-05,
QAS,92,39485,35218,True,"{""vin_2 col 0"": {""best"": ""current"", ""r2"": 0.96977, ""joint_modepi_current_soc_r2"": 0.98177, ""median_abs_diff_to_modepi"": 0.0454}, ""vin_2 col 1"": {""best"": ""cell median"", ""r2"": 0.81625, ""joint_modepi_current_soc_r2"": 0.99697, ""median_abs_diff_to_modepi"": 0.2312}, ""vin_3 col 0"": {""best"": ""current"", ""r2"": 0.30539, ""joint_modepi_current_soc_r2"": 0.64447, ""median_abs_diff_to_modepi"": 2.984}, ""vin_3 col 1"": {""best"": ""current"", ""r2"": 0.2839, ""joint_modepi_current_soc_r2"": 0.60394, ""median_abs_diff_to_modepi"": 3.008}}","{""0"": {""best"": ""temperature"", ""r2"": 1.0, ""constant_value"": null, ""nondecreasing_share"": 0.974}, ""1"": {""best"": ""pack SOC"", ""r2"": 1.0, ""constant_value"": null, ""nondecreasing_share"": 0.969}, ""2"": {""best"": ""constant"", ""r2"": NaN, ""constant_value"": 0.0, ""nondecreasing_share"": 1.0}, ""3"": {""best"": ""cell sum"", ""r2"": 0.99998, ""constant_value"": null, ""nondecreasing_share"": 0.687}, ""4"": {""best"": ""current"", ""r2"": 1.0, ""constant_value"": null, ""nondecreasing_share"": 0.817}, ""5"": {""best"": ""volt_modepi"", ""r2"": 1.0, ""constant_value"": null, ""nondecreasing_share"": 0.674}, ""6"": {""best"": ""vin_3 col 0 (next row)"", ""r2"": 0.99981, ""constant_value"": null, ""nondecreasing_share"": 0.646}}",0.9630003161582011,0.9657358786345615,0.0002785994392549007,4.5803746337878945e-05,
QAS,94,32392,29275,True,"{""vin_2 col 0"": {""best"": ""current"", ""r2"": 0.99148, ""joint_modepi_current_soc_r2"": 0.99395, ""median_abs_diff_to_modepi"": 0.05094}, ""vin_2 col 1"": {""best"": ""cell mean"", ""r2"": 0.72841, ""joint_modepi_current_soc_r2"": 0.99803, ""median_abs_diff_to_modepi"": 0.2259}, ""vin_3 col 0"": {""best"": ""current"", ""r2"": 0.77515, ""joint_modepi_current_soc_r2"": 0.8297, ""median_abs_diff_to_modepi"": 2.973}, ""vin_3 col 1"": {""best"": ""current"", ""r2"": 0.77645, ""joint_modepi_current_soc_r2"": 0.81649, ""median_abs_diff_to_modepi"": 3.076}}","{""0"": {""best"": ""temperature"", ""r2"": 1.0, ""constant_value"": null, ""nondecreasing_share"": 0.978}, ""1"": {""best"": ""pack SOC"", ""r2"": 1.0, ""constant_value"": null, ""nondecreasing_share"": 0.965}, ""2"": {""best"": ""constant"", ""r2"": NaN, ""constant_value"": 0.0, ""nondecreasing_share"": 1.0}, ""3"": {""best"": ""cell sum"", ""r2"": 0.99999, ""constant_value"": null, ""nondecreasing_share"": 0.685}, ""4"": {""best"": ""current"", ""r2"": 1.0, ""constant_value"": null, ""nondecreasing_share"": 0.758}, ""5"": {""best"": ""volt_modepi"", ""r2"": 1.0, ""constant_value"": null, ""nondecreasing_share"": 0.675}, ""6"": {""best"": ""vin_3 col 0 (next row)"", ""r2"": 0.9998, ""constant_value"": null, ""nondecreasing_share"": 0.601}}",0.8307250392601853,0.5131944549785216,0.00032713783182147793,3.2599067846079406e-05,
QAS,95,31663,27617,True,"{""vin_2 col 0"": {""best"": ""current"", ""r2"": 0.99405, ""joint_modepi_current_soc_r2"": 0.99556, ""median_abs_diff_to_modepi"": 0.04217}, ""vin_2 col 1"": {""best"": ""cell mean"", ""r2"": 0.70573, ""joint_modepi_current_soc_r2"": 0.99843, ""median_abs_diff_to_modepi"": 0.1652}, ""vin_3 col 0"": {""best"": ""current"", ""r2"": 0.70072, ""joint_modepi_current_soc_r2"": 0.82603, ""median_abs_diff_to_modepi"": 2.97}, ""vin_3 col 1"": {""best"": ""current"", ""r2"": 0.70368, ""joint_modepi_current_soc_r2"": 0.80944, ""median_abs_diff_to_modepi"": 2.964}}","{""0"": {""best"": ""temperature"", ""r2"": 1.0, ""constant_value"": null, ""nondecreasing_share"": 0.975}, ""1"": {""best"": ""pack SOC"", ""r2"": 1.0, ""constant_value"": null, ""nondecreasing_share"": 0.973}, ""2"": {""best"": ""constant"", ""r2"": NaN, ""constant_value"": 0.0, ""nondecreasing_share"": 1.0}, ""3"": {""best"": ""cell sum"", ""r2"": 0.99999, ""constant_value"": null, ""nondecreasing_share"": 0.629}, ""4"": {""best"": ""current"", ""r2"": 1.0, ""constant_value"": null, ""nondecreasing_share"": 0.743}, ""5"": {""best"": ""volt_modepi"", ""r2"": 1.0, ""constant_value"": null, ""nondecreasing_share"": 0.618}, ""6"": {""best"": ""vin_3 col 0 (next row)"", ""r2"": 0.99976, ""constant_value"": null, ""nondecreasing_share"": 0.562}}",0.8820020416346848,0.651684526584467,0.00031417257002153143,3.137684943073458e-05,
QAS,96,33677,28756,True,"{""vin_2 col 0"": {""best"": ""current"", ""r2"": 0.97356, ""joint_modepi_current_soc_r2"": 0.98222, ""median_abs_diff_to_modepi"": 0.0497}, ""vin_2 col 1"": {""best"": ""cell median"", ""r2"": 0.74905, ""joint_modepi_current_soc_r2"": 0.99686, ""median_abs_diff_to_modepi"": 0.2805}, ""vin_3 col 0"": {""best"": ""current"", ""r2"": 0.39608, ""joint_modepi_current_soc_r2"": 0.68667, ""median_abs_diff_to_modepi"": 2.984}, ""vin_3 col 1"": {""best"": ""current"", ""r2"": 0.38396, ""joint_modepi_current_soc_r2"": 0.65793, ""median_abs_diff_to_modepi"": 3.12}}","{""0"": {""best"": ""temperature"", ""r2"": 1.0, ""constant_value"": null, ""nondecreasing_share"": 0.976}, ""1"": {""best"": ""pack SOC"", ""r2"": 1.0, ""constant_value"": null, ""nondecreasing_share"": 0.968}, ""2"": {""best"": ""constant"", ""r2"": NaN, ""constant_value"": 0.0, ""nondecreasing_share"": 1.0}, ""3"": {""best"": ""cell sum"", ""r2"": 0.99999, ""constant_value"": null, ""nondecreasing_share"": 0.657}, ""4"": {""best"": ""current"", ""r2"": 1.0, ""constant_value"": null, ""nondecreasing_share"": 0.803}, ""5"": {""best"": ""volt_modepi"", ""r2"": 1.0, ""constant_value"": null, ""nondecreasing_share"": 0.645}, ""6"": {""best"": ""vin_3 col 0 (next row)"", ""r2"": 0.99975, ""constant_value"": null, ""nondecreasing_share"": 0.647}}",0.9642495664432069,0.9668236399576272,0.00025370923435308335,4.605821590336862e-05,
QAS,97,35125,30160,True,"{""vin_2 col 0"": {""best"": ""current"", ""r2"": 0.99145, ""joint_modepi_current_soc_r2"": 0.99351, ""median_abs_diff_to_modepi"": 0.06834}, ""vin_2 col 1"": {""best"": ""cell median"", ""r2"": 0.81369, ""joint_modepi_current_soc_r2"": 0.99782, ""median_abs_diff_to_modepi"": 0.1761}, ""vin_3 col 0"": {""best"": ""current"", ""r2"": 0.85968, ""joint_modepi_current_soc_r2"": 0.87461, ""median_abs_diff_to_modepi"": 2.976}, ""vin_3 col 1"": {""best"": ""current"", ""r2"": 0.8488, ""joint_modepi_current_soc_r2"": 0.85127, ""median_abs_diff_to_modepi"": 3.25}}","{""0"": {""best"": ""temperature"", ""r2"": 1.0, ""constant_value"": null, ""nondecreasing_share"": 0.979}, ""1"": {""best"": ""pack SOC"", ""r2"": 1.0, ""constant_value"": null, ""nondecreasing_share"": 0.964}, ""2"": {""best"": ""constant"", ""r2"": NaN, ""constant_value"": 0.0, ""nondecreasing_share"": 1.0}, ""3"": {""best"": ""cell sum"", ""r2"": 0.99998, ""constant_value"": null, ""nondecreasing_share"": 0.675}, ""4"": {""best"": ""current"", ""r2"": 1.0, ""constant_value"": null, ""nondecreasing_share"": 0.814}, ""5"": {""best"": ""volt_modepi"", ""r2"": 1.0, ""constant_value"": null, ""nondecreasing_share"": 0.665}, ""6"": {""best"": ""vin_3 col 0 (next row)"", ""r2"": 0.99985, ""constant_value"": null, ""nondecreasing_share"": 0.557}}",0.2848401090614548,-0.14952672572198145,0.0008253955884371944,4.739746568974727e-05,
QAS,98,33371,32263,True,"{""vin_2 col 0"": {""best"": ""current"", ""r2"": 0.84263, ""joint_modepi_current_soc_r2"": 0.87752, ""median_abs_diff_to_modepi"": 0.0316}, ""vin_2 col 1"": {""best"": ""cell median"", ""r2"": 0.86261, ""joint_modepi_current_soc_r2"": 0.99757, ""median_abs_diff_to_modepi"": 0.2398}, ""vin_3 col 0"": {""best"": ""pack SOC"", ""r2"": 0.55337, ""joint_modepi_current_soc_r2"": 0.69304, ""median_abs_diff_to_modepi"": 2.948}, ""vin_3 col 1"": {""best"": ""pack SOC"", ""r2"": 0.52767, ""joint_modepi_current_soc_r2"": 0.66121, ""median_abs_diff_to_modepi"": 3.097}}","{""0"": {""best"": ""temperature"", ""r2"": 1.0, ""constant_value"": null, ""nondecreasing_share"": 0.974}, ""1"": {""best"": ""pack SOC"", ""r2"": 1.0, ""constant_value"": null, ""nondecreasing_share"": 0.982}, ""2"": {""best"": ""constant"", ""r2"": NaN, ""constant_value"": 0.0, ""nondecreasing_share"": 1.0}, ""3"": {""best"": ""cell sum"", ""r2"": 0.99999, ""constant_value"": null, ""nondecreasing_share"": 0.616}, ""4"": {""best"": ""current"", ""r2"": 1.0, ""constant_value"": null, ""nondecreasing_share"": 0.87}, ""5"": {""best"": ""volt_modepi"", ""r2"": 1.0, ""constant_value"": null, ""nondecreasing_share"": 0.58}, ""6"": {""best"": ""vin_3 col 0 (next row)"", ""r2"": 0.99991, ""constant_value"": null, ""nondecreasing_share"": 0.562}}",0.9541616900720833,0.9508727212616783,0.00035137622038039495,7.843271657859141e-05,
QAS,99,35410,30960,True,"{""vin_2 col 0"": {""best"": ""current"", ""r2"": 0.72282, ""joint_modepi_current_soc_r2"": 0.72577, ""median_abs_diff_to_modepi"": 0.06088}, ""vin_2 col 1"": {""best"": ""cell median"", ""r2"": 0.82068, ""joint_modepi_current_soc_r2"": 0.99828, ""median_abs_diff_to_modepi"": 0.2083}, ""vin_3 col 0"": {""best"": ""current"", ""r2"": 0.58995, ""joint_modepi_current_soc_r2"": 0.80019, ""median_abs_diff_to_modepi"": 2.988}, ""vin_3 col 1"": {""best"": ""current"", ""r2"": 0.56883, ""joint_modepi_current_soc_r2"": 0.74692, ""median_abs_diff_to_modepi"": 3.024}}","{""0"": {""best"": ""temperature"", ""r2"": 1.0, ""constant_value"": null, ""nondecreasing_share"": 0.977}, ""1"": {""best"": ""pack SOC"", ""r2"": 1.0, ""constant_value"": null, ""nondecreasing_share"": 0.966}, ""2"": {""best"": ""constant"", ""r2"": NaN, ""constant_value"": 0.0, ""nondecreasing_share"": 1.0}, ""3"": {""best"": ""cell sum"", ""r2"": 0.99999, ""constant_value"": null, ""nondecreasing_share"": 0.708}, ""4"": {""best"": ""current"", ""r2"": 1.0, ""constant_value"": null, ""nondecreasing_share"": 0.781}, ""5"": {""best"": ""volt_modepi"", ""r2"": 1.0, ""constant_value"": null, ""nondecreasing_share"": 0.697}, ""6"": {""best"": ""vin_3 col 0 (next row)"", ""r2"": 0.99974, ""constant_value"": null, ""nondecreasing_share"": 0.623}}",0.8251147271983156,0.8343799901165659,0.00029087022512985783,2.9488501839464078e-05,
QAS,100,36090,32289,True,"{""vin_2 col 0"": {""best"": ""current"", ""r2"": 0.00258, ""joint_modepi_current_soc_r2"": 0.00267, ""median_abs_diff_to_modepi"": 0.03946}, ""vin_2 col 1"": {""best"": ""cell mean"", ""r2"": 0.81492, ""joint_modepi_current_soc_r2"": 0.99764, ""median_abs_diff_to_modepi"": 0.1831}, ""vin_3 col 0"": {""best"": ""current"", ""r2"": 0.31144, ""joint_modepi_current_soc_r2"": 0.34774, ""median_abs_diff_to_modepi"": 2.695}, ""vin_3 col 1"": {""best"": ""current"", ""r2"": 0.31348, ""joint_modepi_current_soc_r2"": 0.33425, ""median_abs_diff_to_modepi"": 2.672}}","{""0"": {""best"": ""temperature"", ""r2"": 1.0, ""constant_value"": null, ""nondecreasing_share"": 0.973}, ""1"": {""best"": ""pack SOC"", ""r2"": 1.0, ""constant_value"": null, ""nondecreasing_share"": 0.973}, ""2"": {""best"": ""constant"", ""r2"": NaN, ""constant_value"": 0.0, ""nondecreasing_share"": 1.0}, ""3"": {""best"": ""volt_modepi"", ""r2"": 0.99999, ""constant_value"": null, ""nondecreasing_share"": 0.665}, ""4"": {""best"": ""current"", ""r2"": 1.0, ""constant_value"": null, ""nondecreasing_share"": 0.772}, ""5"": {""best"": ""volt_modepi"", ""r2"": 1.0, ""constant_value"": null, ""nondecreasing_share"": 0.652}, ""6"": {""best"": ""vin_3 col 0 (next row)"", ""r2"": 0.99994, ""constant_value"": null, ""nondecreasing_share"": 0.622}}",0.8630114725042716,0.7335191773163343,0.00036304974098855247,0.00011709059123663997,
QAS,101,38748,33788,True,"{""vin_2 col 0"": {""best"": ""current"", ""r2"": 0.95387, ""joint_modepi_current_soc_r2"": 0.95675, ""median_abs_diff_to_modepi"": 0.0364}, ""vin_2 col 1"": {""best"": ""cell mean"", ""r2"": 0.70405, ""joint_modepi_current_soc_r2"": 0.99807, ""median_abs_diff_to_modepi"": 0.2154}, ""vin_3 col 0"": {""best"": ""temperature"", ""r2"": 0.31627, ""joint_modepi_current_soc_r2"": 0.3511, ""median_abs_diff_to_modepi"": 2.722}, ""vin_3 col 1"": {""best"": ""temperature"", ""r2"": 0.31949, ""joint_modepi_current_soc_r2"": 0.31921, ""median_abs_diff_to_modepi"": 2.722}}","{""0"": {""best"": ""temperature"", ""r2"": 1.0, ""constant_value"": null, ""nondecreasing_share"": 0.972}, ""1"": {""best"": ""pack SOC"", ""r2"": 1.0, ""constant_value"": null, ""nondecreasing_share"": 0.978}, ""2"": {""best"": ""constant"", ""r2"": NaN, ""constant_value"": 0.0, ""nondecreasing_share"": 1.0}, ""3"": {""best"": ""cell sum"", ""r2"": 0.99999, ""constant_value"": null, ""nondecreasing_share"": 0.651}, ""4"": {""best"": ""current"", ""r2"": 1.0, ""constant_value"": null, ""nondecreasing_share"": 0.845}, ""5"": {""best"": ""volt_modepi"", ""r2"": 1.0, ""constant_value"": null, ""nondecreasing_share"": 0.632}, ""6"": {""best"": ""vin_3 col 0 (next row)"", ""r2"": 0.99992, ""constant_value"": null, ""nondecreasing_share"": 0.568}}",0.90437090859851,0.5902699121590729,0.0006272393524113795,3.0079343674587847e-05,
QAS,102,41283,35950,True,"{""vin_2 col 0"": {""best"": ""current"", ""r2"": 0.98677, ""joint_modepi_current_soc_r2"": 0.9915, ""median_abs_diff_to_modepi"": 0.05509}, ""vin_2 col 1"": {""best"": ""cell median"", ""r2"": 0.78959, ""joint_modepi_current_soc_r2"": 0.99846, ""median_abs_diff_to_modepi"": 0.2019}, ""vin_3 col 0"": {""best"": ""current"", ""r2"": 0.66998, ""joint_modepi_current_soc_r2"": 0.78809, ""median_abs_diff_to_modepi"": 2.978}, ""vin_3 col 1"": {""best"": ""current"", ""r2"": 0.66753, ""joint_modepi_current_soc_r2"": 0.75152, ""median_abs_diff_to_modepi"": 2.988}}","{""0"": {""best"": ""temperature"", ""r2"": 1.0, ""constant_value"": null, ""nondecreasing_share"": 0.976}, ""1"": {""best"": ""pack SOC"", ""r2"": 1.0, ""constant_value"": null, ""nondecreasing_share"": 0.963}, ""2"": {""best"": ""constant"", ""r2"": NaN, ""constant_value"": 0.0, ""nondecreasing_share"": 1.0}, ""3"": {""best"": ""volt_modepi"", ""r2"": 0.99998, ""constant_value"": null, ""nondecreasing_share"": 0.688}, ""4"": {""best"": ""current"", ""r2"": 1.0, ""constant_value"": null, ""nondecreasing_share"": 0.797}, ""5"": {""best"": ""volt_modepi"", ""r2"": 1.0, ""constant_value"": null, ""nondecreasing_share"": 0.675}, ""6"": {""best"": ""vin_3 col 0 (next row)"", ""r2"": 0.99976, ""constant_value"": null, ""nondecreasing_share"": 0.607}}",0.8786354821899446,0.8183918356542351,0.000377013478596977,2.4397338294519415e-05,
QAS,104,29651,26123,True,"{""vin_2 col 0"": {""best"": ""current"", ""r2"": 0.67932, ""joint_modepi_current_soc_r2"": 0.68349, ""median_abs_diff_to_modepi"": 0.03274}, ""vin_2 col 1"": {""best"": ""volt_modepi"", ""r2"": 0.67532, ""joint_modepi_current_soc_r2"": 0.99859, ""median_abs_diff_to_modepi"": 0.2891}, ""vin_3 col 0"": {""best"": ""current"", ""r2"": 0.74142, ""joint_modepi_current_soc_r2"": 0.74928, ""median_abs_diff_to_modepi"": 2.382}, ""vin_3 col 1"": {""best"": ""current"", ""r2"": 0.72341, ""joint_modepi_current_soc_r2"": 0.72792, ""median_abs_diff_to_modepi"": 2.374}}","{""0"": {""best"": ""temperature"", ""r2"": 1.0, ""constant_value"": null, ""nondecreasing_share"": 0.972}, ""1"": {""best"": ""pack SOC"", ""r2"": 1.0, ""constant_value"": null, ""nondecreasing_share"": 0.962}, ""2"": {""best"": ""constant"", ""r2"": NaN, ""constant_value"": 0.0, ""nondecreasing_share"": 1.0}, ""3"": {""best"": ""cell sum"", ""r2"": 0.99999, ""constant_value"": null, ""nondecreasing_share"": 0.651}, ""4"": {""best"": ""current"", ""r2"": 1.0, ""constant_value"": null, ""nondecreasing_share"": 0.739}, ""5"": {""best"": ""volt_modepi"", ""r2"": 1.0, ""constant_value"": null, ""nondecreasing_share"": 0.644}, ""6"": {""best"": ""vin_3 col 0 (next row)"", ""r2"": 0.99996, ""constant_value"": null, ""nondecreasing_share"": 0.488}}",0.9425509634269393,0.7393787808054879,0.0008356026283564688,0.00042797571503399765,
QAS,106,29404,24156,True,"{""vin_2 col 0"": {""best"": ""current"", ""r2"": 0.13457, ""joint_modepi_current_soc_r2"": 0.13513, ""median_abs_diff_to_modepi"": 0.05105}, ""vin_2 col 1"": {""best"": ""cell median"", ""r2"": 0.64711, ""joint_modepi_current_soc_r2"": 0.99874, ""median_abs_diff_to_modepi"": 0.2479}, ""vin_3 col 0"": {""best"": ""current"", ""r2"": 0.69504, ""joint_modepi_current_soc_r2"": 0.82535, ""median_abs_diff_to_modepi"": 2.981}, ""vin_3 col 1"": {""best"": ""current"", ""r2"": 0.69581, ""joint_modepi_current_soc_r2"": 0.81279, ""median_abs_diff_to_modepi"": 3.124}}","{""0"": {""best"": ""temperature"", ""r2"": 1.0, ""constant_value"": null, ""nondecreasing_share"": 0.973}, ""1"": {""best"": ""pack SOC"", ""r2"": 1.0, ""constant_value"": null, ""nondecreasing_share"": 0.965}, ""2"": {""best"": ""constant"", ""r2"": NaN, ""constant_value"": 0.0, ""nondecreasing_share"": 1.0}, ""3"": {""best"": ""cell sum"", ""r2"": 0.99999, ""constant_value"": null, ""nondecreasing_share"": 0.68}, ""4"": {""best"": ""current"", ""r2"": 1.0, ""constant_value"": null, ""nondecreasing_share"": 0.84}, ""5"": {""best"": ""volt_modepi"", ""r2"": 1.0, ""constant_value"": null, ""nondecreasing_share"": 0.667}, ""6"": {""best"": ""vin_3 col 0 (next row)"", ""r2"": 0.99975, ""constant_value"": null, ""nondecreasing_share"": 0.632}}",0.8869894285308133,0.7605005597133259,0.0004040943049778978,4.4923497441738276e-05,
QAS,105,32540,28466,True,"{""vin_2 col 0"": {""best"": ""current"", ""r2"": 0.02674, ""joint_modepi_current_soc_r2"": 0.02751, ""median_abs_diff_to_modepi"": 0.04724}, ""vin_2 col 1"": {""best"": ""cell median"", ""r2"": 0.76134, ""joint_modepi_current_soc_r2"": 0.99841, ""median_abs_diff_to_modepi"": 0.2328}, ""vin_3 col 0"": {""best"": ""current"", ""r2"": 0.44768, ""joint_modepi_current_soc_r2"": 0.75404, ""median_abs_diff_to_modepi"": 2.985}, ""vin_3 col 1"": {""best"": ""current"", ""r2"": 0.45757, ""joint_modepi_current_soc_r2"": 0.73826, ""median_abs_diff_to_modepi"": 2.977}}","{""0"": {""best"": ""temperature"", ""r2"": 1.0, ""constant_value"": null, ""nondecreasing_share"": 0.973}, ""1"": {""best"": ""pack SOC"", ""r2"": 1.0, ""constant_value"": null, ""nondecreasing_share"": 0.952}, ""2"": {""best"": ""constant"", ""r2"": NaN, ""constant_value"": 0.0, ""nondecreasing_share"": 1.0}, ""3"": {""best"": ""cell sum"", ""r2"": 0.99998, ""constant_value"": null, ""nondecreasing_share"": 0.649}, ""4"": {""best"": ""current"", ""r2"": 1.0, ""constant_value"": null, ""nondecreasing_share"": 0.747}, ""5"": {""best"": ""volt_modepi"", ""r2"": 1.0, ""constant_value"": null, ""nondecreasing_share"": 0.639}, ""6"": {""best"": ""vin_3 col 0 (next row)"", ""r2"": 0.9992, ""constant_value"": null, ""nondecreasing_share"": 0.664}}",0.9720726495383394,0.9723383757290909,0.0003566370089689297,8.946147773977321e-05,
QAS,108,27818,24284,True,"{""vin_2 col 0"": {""best"": ""current"", ""r2"": 0.97564, ""joint_modepi_current_soc_r2"": 0.98298, ""median_abs_diff_to_modepi"": 0.06485}, ""vin_2 col 1"": {""best"": ""cell median"", ""r2"": 0.71504, ""joint_modepi_current_soc_r2"": 0.99809, ""median_abs_diff_to_modepi"": 0.3036}, ""vin_3 col 0"": {""best"": ""current"", ""r2"": 0.48132, ""joint_modepi_current_soc_r2"": 0.71603, ""median_abs_diff_to_modepi"": 2.983}, ""vin_3 col 1"": {""best"": ""current"", ""r2"": 0.47758, ""joint_modepi_current_soc_r2"": 0.67147, ""median_abs_diff_to_modepi"": 3.008}}","{""0"": {""best"": ""temperature"", ""r2"": 1.0, ""constant_value"": null, ""nondecreasing_share"": 0.97}, ""1"": {""best"": ""pack SOC"", ""r2"": 1.0, ""constant_value"": null, ""nondecreasing_share"": 0.964}, ""2"": {""best"": ""constant"", ""r2"": NaN, ""constant_value"": 0.0, ""nondecreasing_share"": 1.0}, ""3"": {""best"": ""cell sum"", ""r2"": 0.99998, ""constant_value"": null, ""nondecreasing_share"": 0.695}, ""4"": {""best"": ""current"", ""r2"": 1.0, ""constant_value"": null, ""nondecreasing_share"": 0.831}, ""5"": {""best"": ""volt_modepi"", ""r2"": 1.0, ""constant_value"": null, ""nondecreasing_share"": 0.682}, ""6"": {""best"": ""vin_3 col 0 (next row)"", ""r2"": 0.99976, ""constant_value"": null, ""nondecreasing_share"": 0.664}}",0.8510563197421177,0.9152183517539211,0.0002587370152502544,2.477970593805219e-05,
QAS,103,60752,55432,True,"{""vin_2 col 0"": {""best"": ""current"", ""r2"": 0.00167, ""joint_modepi_current_soc_r2"": 0.00169, ""median_abs_diff_to_modepi"": 0.02759}, ""vin_2 col 1"": {""best"": ""cell mean"", ""r2"": 0.83601, ""joint_modepi_current_soc_r2"": 0.99801, ""median_abs_diff_to_modepi"": 0.2667}, ""vin_3 col 0"": {""best"": ""temperature"", ""r2"": 0.33211, ""joint_modepi_current_soc_r2"": 0.39114, ""median_abs_diff_to_modepi"": 2.388}, ""vin_3 col 1"": {""best"": ""temperature"", ""r2"": 0.34095, ""joint_modepi_current_soc_r2"": 0.36869, ""median_abs_diff_to_modepi"": 2.322}}","{""0"": {""best"": ""temperature"", ""r2"": 1.0, ""constant_value"": null, ""nondecreasing_share"": 0.973}, ""1"": {""best"": ""pack SOC"", ""r2"": 1.0, ""constant_value"": null, ""nondecreasing_share"": 0.954}, ""2"": {""best"": ""constant"", ""r2"": NaN, ""constant_value"": 0.0, ""nondecreasing_share"": 1.0}, ""3"": {""best"": ""cell sum"", ""r2"": 0.99998, ""constant_value"": null, ""nondecreasing_share"": 0.72}, ""4"": {""best"": ""current"", ""r2"": 1.0, ""constant_value"": null, ""nondecreasing_share"": 0.805}, ""5"": {""best"": ""volt_modepi"", ""r2"": 1.0, ""constant_value"": null, ""nondecreasing_share"": 0.71}, ""6"": {""best"": ""vin_3 col 0 (next row)"", ""r2"": 0.99999, ""constant_value"": null, ""nondecreasing_share"": 0.656}}",0.986177288652849,0.8140719896401379,0.0006826938266648597,0.00031643502474190644,
QAS,107,40663,37098,True,"{""vin_2 col 0"": {""best"": ""current"", ""r2"": 0.00212, ""joint_modepi_current_soc_r2"": 0.00219, ""median_abs_diff_to_modepi"": 0.02361}, ""vin_2 col 1"": {""best"": ""volt_modepi"", ""r2"": 0.75516, ""joint_modepi_current_soc_r2"": 0.9985, ""median_abs_diff_to_modepi"": 0.2218}, ""vin_3 col 0"": {""best"": ""current"", ""r2"": 0.39482, ""joint_modepi_current_soc_r2"": 0.52571, ""median_abs_diff_to_modepi"": 2.379}, ""vin_3 col 1"": {""best"": ""current"", ""r2"": 0.39491, ""joint_modepi_current_soc_r2"": 0.5135, ""median_abs_diff_to_modepi"": 2.341}}","{""0"": {""best"": ""temperature"", ""r2"": 1.0, ""constant_value"": null, ""nondecreasing_share"": 0.976}, ""1"": {""best"": ""pack SOC"", ""r2"": 1.0, ""constant_value"": null, ""nondecreasing_share"": 0.963}, ""2"": {""best"": ""constant"", ""r2"": NaN, ""constant_value"": 0.0, ""nondecreasing_share"": 1.0}, ""3"": {""best"": ""cell sum"", ""r2"": 0.99999, ""constant_value"": null, ""nondecreasing_share"": 0.69}, ""4"": {""best"": ""current"", ""r2"": 1.0, ""constant_value"": null, ""nondecreasing_share"": 0.778}, ""5"": {""best"": ""volt_modepi"", ""r2"": 1.0, ""constant_value"": null, ""nondecreasing_share"": 0.682}, ""6"": {""best"": ""vin_3 col 0 (next row)"", ""r2"": 0.99997, ""constant_value"": null, ""nondecreasing_share"": 0.553}}",0.9035850687742548,0.3436469839220405,0.0006928742688980805,0.00044087379338616085,
QAS,110,28888,25523,True,"{""vin_2 col 0"": {""best"": ""current"", ""r2"": 0.0024, ""joint_modepi_current_soc_r2"": 0.00245, ""median_abs_diff_to_modepi"": 0.05161}, ""vin_2 col 1"": {""best"": ""volt_modepi"", ""r2"": 0.85148, ""joint_modepi_current_soc_r2"": 0.99769, ""median_abs_diff_to_modepi"": 0.1563}, ""vin_3 col 0"": {""best"": ""current"", ""r2"": 0.63529, ""joint_modepi_current_soc_r2"": 0.77591, ""median_abs_diff_to_modepi"": 2.983}, ""vin_3 col 1"": {""best"": ""current"", ""r2"": 0.67559, ""joint_modepi_current_soc_r2"": 0.73123, ""median_abs_diff_to_modepi"": 2.977}}","{""0"": {""best"": ""temperature"", ""r2"": 1.0, ""constant_value"": null, ""nondecreasing_share"": 0.974}, ""1"": {""best"": ""pack SOC"", ""r2"": 1.0, ""constant_value"": null, ""nondecreasing_share"": 0.974}, ""2"": {""best"": ""constant"", ""r2"": NaN, ""constant_value"": 0.0, ""nondecreasing_share"": 1.0}, ""3"": {""best"": ""cell sum"", ""r2"": 0.99999, ""constant_value"": null, ""nondecreasing_share"": 0.621}, ""4"": {""best"": ""current"", ""r2"": 1.0, ""constant_value"": null, ""nondecreasing_share"": 0.757}, ""5"": {""best"": ""volt_modepi"", ""r2"": 1.0, ""constant_value"": null, ""nondecreasing_share"": 0.609}, ""6"": {""best"": ""vin_3 col 0 (next row)"", ""r2"": 0.99976, ""constant_value"": null, ""nondecreasing_share"": 0.617}}",0.8792984593456529,0.8739035679876143,0.00043696137587545536,2.6368279781563615e-05,
QAS,109,40704,35901,True,"{""vin_2 col 0"": {""best"": ""current"", ""r2"": 0.0828, ""joint_modepi_current_soc_r2"": 0.08306, ""median_abs_diff_to_modepi"": 0.06867}, ""vin_2 col 1"": {""best"": ""cell median"", ""r2"": 0.78085, ""joint_modepi_current_soc_r2"": 0.99756, ""median_abs_diff_to_modepi"": 0.1903}, ""vin_3 col 0"": {""best"": ""current"", ""r2"": 0.91265, ""joint_modepi_current_soc_r2"": 0.92328, ""median_abs_diff_to_modepi"": 2.98}, ""vin_3 col 1"": {""best"": ""current"", ""r2"": 0.90535, ""joint_modepi_current_soc_r2"": 0.90658, ""median_abs_diff_to_modepi"": 3.235}}","{""0"": {""best"": ""temperature"", ""r2"": 1.0, ""constant_value"": null, ""nondecreasing_share"": 0.975}, ""1"": {""best"": ""pack SOC"", ""r2"": 1.0, ""constant_value"": null, ""nondecreasing_share"": 0.971}, ""2"": {""best"": ""constant"", ""r2"": NaN, ""constant_value"": 0.0, ""nondecreasing_share"": 1.0}, ""3"": {""best"": ""cell sum"", ""r2"": 0.99999, ""constant_value"": null, ""nondecreasing_share"": 0.707}, ""4"": {""best"": ""current"", ""r2"": 1.0, ""constant_value"": null, ""nondecreasing_share"": 0.812}, ""5"": {""best"": ""volt_modepi"", ""r2"": 1.0, ""constant_value"": null, ""nondecreasing_share"": 0.693}, ""6"": {""best"": ""vin_3 col 0 (next row)"", ""r2"": 0.99989, ""constant_value"": null, ""nondecreasing_share"": 0.592}}",-0.446756970592956,-0.5678429738920688,0.0005618481482949633,5.54316043454458e-05,
QAS,111,36178,33174,True,"{""vin_2 col 0"": {""best"": ""current"", ""r2"": 0.95681, ""joint_modepi_current_soc_r2"": 0.97878, ""median_abs_diff_to_modepi"": 0.04843}, ""vin_2 col 1"": {""best"": ""cell median"", ""r2"": 0.80684, ""joint_modepi_current_soc_r2"": 0.99832, ""median_abs_diff_to_modepi"": 0.2391}, ""vin_3 col 0"": {""best"": ""pack SOC"", ""r2"": 0.54029, ""joint_modepi_current_soc_r2"": 0.77417, ""median_abs_diff_to_modepi"": 2.997}, ""vin_3 col 1"": {""best"": ""pack SOC"", ""r2"": 0.51604, ""joint_modepi_current_soc_r2"": 0.75524, ""median_abs_diff_to_modepi"": 2.994}}","{""0"": {""best"": ""temperature"", ""r2"": 1.0, ""constant_value"": null, ""nondecreasing_share"": 0.972}, ""1"": {""best"": ""pack SOC"", ""r2"": 1.0, ""constant_value"": null, ""nondecreasing_share"": 0.963}, ""2"": {""best"": ""constant"", ""r2"": NaN, ""constant_value"": 0.0, ""nondecreasing_share"": 1.0}, ""3"": {""best"": ""cell sum"", ""r2"": 0.99998, ""constant_value"": null, ""nondecreasing_share"": 0.659}, ""4"": {""best"": ""current"", ""r2"": 1.0, ""constant_value"": null, ""nondecreasing_share"": 0.739}, ""5"": {""best"": ""volt_modepi"", ""r2"": 1.0, ""constant_value"": null, ""nondecreasing_share"": 0.649}, ""6"": {""best"": ""vin_3 col 0 (next row)"", ""r2"": 0.99984, ""constant_value"": null, ""nondecreasing_share"": 0.618}}",0.9929722562631766,0.9934093885438567,0.00025165034699603517,0.00012900811129944455,
QAS,112,26906,24641,True,"{""vin_2 col 0"": {""best"": ""current"", ""r2"": 0.98067, ""joint_modepi_current_soc_r2"": 0.986, ""median_abs_diff_to_modepi"": 0.04963}, ""vin_2 col 1"": {""best"": ""cell mean"", ""r2"": 0.81416, ""joint_modepi_current_soc_r2"": 0.99756, ""median_abs_diff_to_modepi"": 0.2183}, ""vin_3 col 0"": {""best"": ""current"", ""r2"": 0.37913, ""joint_modepi_current_soc_r2"": 0.66666, ""median_abs_diff_to_modepi"": 2.988}, ""vin_3 col 1"": {""best"": ""current"", ""r2"": 0.37158, ""joint_modepi_current_soc_r2"": 0.58428, ""median_abs_diff_to_modepi"": 3.039}}","{""0"": {""best"": ""temperature"", ""r2"": 1.0, ""constant_value"": null, ""nondecreasing_share"": 0.969}, ""1"": {""best"": ""pack SOC"", ""r2"": 1.0, ""constant_value"": null, ""nondecreasing_share"": 0.974}, ""2"": {""best"": ""constant"", ""r2"": NaN, ""constant_value"": 0.0, ""nondecreasing_share"": 1.0}, ""3"": {""best"": ""cell sum"", ""r2"": 0.99999, ""constant_value"": null, ""nondecreasing_share"": 0.629}, ""4"": {""best"": ""current"", ""r2"": 1.0, ""constant_value"": null, ""nondecreasing_share"": 0.768}, ""5"": {""best"": ""volt_modepi"", ""r2"": 1.0, ""constant_value"": null, ""nondecreasing_share"": 0.618}, ""6"": {""best"": ""vin_3 col 0 (next row)"", ""r2"": 0.99979, ""constant_value"": null, ""nondecreasing_share"": 0.651}}",0.8770254646459278,0.8355268076708198,0.0002835524590372174,2.731652877438566e-05,
QAS,114,31193,27938,True,"{""vin_2 col 0"": {""best"": ""current"", ""r2"": 0.00034, ""joint_modepi_current_soc_r2"": 0.00045, ""median_abs_diff_to_modepi"": 0.03146}, ""vin_2 col 1"": {""best"": ""volt_modepi"", ""r2"": 0.72995, ""joint_modepi_current_soc_r2"": 0.99865, ""median_abs_diff_to_modepi"": 0.2051}, ""vin_3 col 0"": {""best"": ""current"", ""r2"": 0.50358, ""joint_modepi_current_soc_r2"": 0.51628, ""median_abs_diff_to_modepi"": 2.38}, ""vin_3 col 1"": {""best"": ""current"", ""r2"": 0.48394, ""joint_modepi_current_soc_r2"": 0.50082, ""median_abs_diff_to_modepi"": 2.361}}","{""0"": {""best"": ""temperature"", ""r2"": 1.0, ""constant_value"": null, ""nondecreasing_share"": 0.978}, ""1"": {""best"": ""pack SOC"", ""r2"": 1.0, ""constant_value"": null, ""nondecreasing_share"": 0.964}, ""2"": {""best"": ""constant"", ""r2"": NaN, ""constant_value"": 0.0, ""nondecreasing_share"": 1.0}, ""3"": {""best"": ""cell sum"", ""r2"": 0.99999, ""constant_value"": null, ""nondecreasing_share"": 0.651}, ""4"": {""best"": ""current"", ""r2"": 1.0, ""constant_value"": null, ""nondecreasing_share"": 0.793}, ""5"": {""best"": ""volt_modepi"", ""r2"": 1.0, ""constant_value"": null, ""nondecreasing_share"": 0.641}, ""6"": {""best"": ""vin_3 col 0 (next row)"", ""r2"": 0.99939, ""constant_value"": null, ""nondecreasing_share"": 0.516}}",0.9612815235139949,0.7037575572028811,0.0008519802458586412,0.00026393976006472506,
QAS,113,39436,34092,True,"{""vin_2 col 0"": {""best"": ""current"", ""r2"": 0.93612, ""joint_modepi_current_soc_r2"": 0.94265, ""median_abs_diff_to_modepi"": 0.02272}, ""vin_2 col 1"": {""best"": ""cell median"", ""r2"": 0.7028, ""joint_modepi_current_soc_r2"": 0.99825, ""median_abs_diff_to_modepi"": 0.2133}, ""vin_3 col 0"": {""best"": ""current"", ""r2"": 0.30943, ""joint_modepi_current_soc_r2"": 0.35546, ""median_abs_diff_to_modepi"": 2.377}, ""vin_3 col 1"": {""best"": ""current"", ""r2"": 0.29982, ""joint_modepi_current_soc_r2"": 0.34635, ""median_abs_diff_to_modepi"": 2.353}}","{""0"": {""best"": ""temperature"", ""r2"": 1.0, ""constant_value"": null, ""nondecreasing_share"": 0.973}, ""1"": {""best"": ""pack SOC"", ""r2"": 1.0, ""constant_value"": null, ""nondecreasing_share"": 0.972}, ""2"": {""best"": ""constant"", ""r2"": NaN, ""constant_value"": 0.0, ""nondecreasing_share"": 1.0}, ""3"": {""best"": ""cell sum"", ""r2"": 0.99998, ""constant_value"": null, ""nondecreasing_share"": 0.652}, ""4"": {""best"": ""current"", ""r2"": 1.0, ""constant_value"": null, ""nondecreasing_share"": 0.832}, ""5"": {""best"": ""volt_modepi"", ""r2"": 1.0, ""constant_value"": null, ""nondecreasing_share"": 0.638}, ""6"": {""best"": ""vin_3 col 0 (next row)"", ""r2"": 0.99997, ""constant_value"": null, ""nondecreasing_share"": 0.606}}",0.9897447068089027,0.9787977636051128,0.0006053540051267348,0.00017319364885437944,
QAS,117,33109,27171,True,"{""vin_2 col 0"": {""best"": ""current"", ""r2"": 0.97598, ""joint_modepi_current_soc_r2"": 0.98144, ""median_abs_diff_to_modepi"": 0.02017}, ""vin_2 col 1"": {""best"": ""cell min"", ""r2"": 0.71375, ""joint_modepi_current_soc_r2"": 0.99798, ""median_abs_diff_to_modepi"": 0.1893}, ""vin_3 col 0"": {""best"": ""current"", ""r2"": 0.49461, ""joint_modepi_current_soc_r2"": 0.523, ""median_abs_diff_to_modepi"": 2.372}, ""vin_3 col 1"": {""best"": ""current"", ""r2"": 0.46668, ""joint_modepi_current_soc_r2"": 0.50015, ""median_abs_diff_to_modepi"": 2.358}}","{""0"": {""best"": ""temperature"", ""r2"": 1.0, ""constant_value"": null, ""nondecreasing_share"": 0.977}, ""1"": {""best"": ""pack SOC"", ""r2"": 1.0, ""constant_value"": null, ""nondecreasing_share"": 0.968}, ""2"": {""best"": ""constant"", ""r2"": NaN, ""constant_value"": 0.0, ""nondecreasing_share"": 1.0}, ""3"": {""best"": ""cell sum"", ""r2"": 0.99999, ""constant_value"": null, ""nondecreasing_share"": 0.649}, ""4"": {""best"": ""current"", ""r2"": 1.0, ""constant_value"": null, ""nondecreasing_share"": 0.829}, ""5"": {""best"": ""volt_modepi"", ""r2"": 1.0, ""constant_value"": null, ""nondecreasing_share"": 0.636}, ""6"": {""best"": ""vin_3 col 0 (next row)"", ""r2"": 0.99996, ""constant_value"": null, ""nondecreasing_share"": 0.587}}",0.9962740805455956,0.9789021966753851,0.0004706016073701136,0.00013414010616543938,
QAS,116,33715,30768,True,"{""vin_2 col 0"": {""best"": ""current"", ""r2"": 0.00086, ""joint_modepi_current_soc_r2"": 0.00104, ""median_abs_diff_to_modepi"": 0.0304}, ""vin_2 col 1"": {""best"": ""volt_modepi"", ""r2"": 0.70471, ""joint_modepi_current_soc_r2"": 0.9976, ""median_abs_diff_to_modepi"": 0.2534}, ""vin_3 col 0"": {""best"": ""current"", ""r2"": 0.24469, ""joint_modepi_current_soc_r2"": 0.31638, ""median_abs_diff_to_modepi"": 2.392}, ""vin_3 col 1"": {""best"": ""current"", ""r2"": 0.22566, ""joint_modepi_current_soc_r2"": 0.29301, ""median_abs_diff_to_modepi"": 2.379}}","{""0"": {""best"": ""temperature"", ""r2"": 1.0, ""constant_value"": null, ""nondecreasing_share"": 0.979}, ""1"": {""best"": ""pack SOC"", ""r2"": 1.0, ""constant_value"": null, ""nondecreasing_share"": 0.963}, ""2"": {""best"": ""constant"", ""r2"": NaN, ""constant_value"": 0.0, ""nondecreasing_share"": 1.0}, ""3"": {""best"": ""cell sum"", ""r2"": 0.99999, ""constant_value"": null, ""nondecreasing_share"": 0.64}, ""4"": {""best"": ""current"", ""r2"": 1.0, ""constant_value"": null, ""nondecreasing_share"": 0.807}, ""5"": {""best"": ""volt_modepi"", ""r2"": 1.0, ""constant_value"": null, ""nondecreasing_share"": 0.629}, ""6"": {""best"": ""vin_3 col 0 (next row)"", ""r2"": 0.99997, ""constant_value"": null, ""nondecreasing_share"": 0.57}}",0.8577695583969399,0.6003173617706139,0.00047763309895842987,0.00016754166924968117,
QAS,118,32612,28840,True,"{""vin_2 col 0"": {""best"": ""current"", ""r2"": 0.96817, ""joint_modepi_current_soc_r2"": 0.97485, ""median_abs_diff_to_modepi"": 0.01912}, ""vin_2 col 1"": {""best"": ""cell median"", ""r2"": 0.73863, ""joint_modepi_current_soc_r2"": 0.99736, ""median_abs_diff_to_modepi"": 0.1925}, ""vin_3 col 0"": {""best"": ""current"", ""r2"": 0.54457, ""joint_modepi_current_soc_r2"": 0.56415, ""median_abs_diff_to_modepi"": 2.371}, ""vin_3 col 1"": {""best"": ""current"", ""r2"": 0.50576, ""joint_modepi_current_soc_r2"": 0.52805, ""median_abs_diff_to_modepi"": 2.364}}","{""0"": {""best"": ""temperature"", ""r2"": 1.0, ""constant_value"": null, ""nondecreasing_share"": 0.979}, ""1"": {""best"": ""pack SOC"", ""r2"": 1.0, ""constant_value"": null, ""nondecreasing_share"": 0.975}, ""2"": {""best"": ""constant"", ""r2"": NaN, ""constant_value"": 0.0, ""nondecreasing_share"": 1.0}, ""3"": {""best"": ""cell sum"", ""r2"": 0.99999, ""constant_value"": null, ""nondecreasing_share"": 0.663}, ""4"": {""best"": ""current"", ""r2"": 1.0, ""constant_value"": null, ""nondecreasing_share"": 0.836}, ""5"": {""best"": ""volt_modepi"", ""r2"": 1.0, ""constant_value"": null, ""nondecreasing_share"": 0.65}, ""6"": {""best"": ""vin_3 col 0 (next row)"", ""r2"": 0.99996, ""constant_value"": null, ""nondecreasing_share"": 0.584}}",0.9971595854669428,0.9774758245917192,0.0003979770487612111,0.00017040461122601005,
QAS,119,28652,25569,True,"{""vin_2 col 0"": {""best"": ""current"", ""r2"": 0.00629, ""joint_modepi_current_soc_r2"": 0.00637, ""median_abs_diff_to_modepi"": 0.05401}, ""vin_2 col 1"": {""best"": ""cell median"", ""r2"": 0.6962, ""joint_modepi_current_soc_r2"": 0.997, ""median_abs_diff_to_modepi"": 0.2099}, ""vin_3 col 0"": {""best"": ""current"", ""r2"": 0.83153, ""joint_modepi_current_soc_r2"": 0.84428, ""median_abs_diff_to_modepi"": 2.964}, ""vin_3 col 1"": {""best"": ""current"", ""r2"": 0.82342, ""joint_modepi_current_soc_r2"": 0.82434, ""median_abs_diff_to_modepi"": 3.283}}","{""0"": {""best"": ""temperature"", ""r2"": 1.0, ""constant_value"": null, ""nondecreasing_share"": 0.977}, ""1"": {""best"": ""pack SOC"", ""r2"": 1.0, ""constant_value"": null, ""nondecreasing_share"": 0.963}, ""2"": {""best"": ""constant"", ""r2"": NaN, ""constant_value"": 0.0, ""nondecreasing_share"": 1.0}, ""3"": {""best"": ""cell sum"", ""r2"": 0.99999, ""constant_value"": null, ""nondecreasing_share"": 0.702}, ""4"": {""best"": ""current"", ""r2"": 1.0, ""constant_value"": null, ""nondecreasing_share"": 0.808}, ""5"": {""best"": ""volt_modepi"", ""r2"": 1.0, ""constant_value"": null, ""nondecreasing_share"": 0.693}, ""6"": {""best"": ""vin_3 col 0 (next row)"", ""r2"": 0.99983, ""constant_value"": null, ""nondecreasing_share"": 0.652}}",0.5542827940013744,-0.04476354517430179,0.0012306146747995683,4.668017420699098e-05,
QAS,120,29667,29344,True,"{""vin_2 col 0"": {""best"": ""current"", ""r2"": 0.83331, ""joint_modepi_current_soc_r2"": 0.86614, ""median_abs_diff_to_modepi"": 0.02244}, ""vin_2 col 1"": {""best"": ""cell median"", ""r2"": 0.92424, ""joint_modepi_current_soc_r2"": 0.99693, ""median_abs_diff_to_modepi"": 0.2296}, ""vin_3 col 0"": {""best"": ""current"", ""r2"": 0.09533, ""joint_modepi_current_soc_r2"": 0.13393, ""median_abs_diff_to_modepi"": 2.383}, ""vin_3 col 1"": {""best"": ""current"", ""r2"": 0.08296, ""joint_modepi_current_soc_r2"": 0.11737, ""median_abs_diff_to_modepi"": 2.379}}","{""0"": {""best"": ""temperature"", ""r2"": 1.0, ""constant_value"": null, ""nondecreasing_share"": 0.977}, ""1"": {""best"": ""pack SOC"", ""r2"": 1.0, ""constant_value"": null, ""nondecreasing_share"": 0.973}, ""2"": {""best"": ""constant"", ""r2"": NaN, ""constant_value"": 0.0, ""nondecreasing_share"": 1.0}, ""3"": {""best"": ""cell sum"", ""r2"": 0.99999, ""constant_value"": null, ""nondecreasing_share"": 0.634}, ""4"": {""best"": ""current"", ""r2"": 1.0, ""constant_value"": null, ""nondecreasing_share"": 0.849}, ""5"": {""best"": ""volt_modepi"", ""r2"": 1.0, ""constant_value"": null, ""nondecreasing_share"": 0.619}, ""6"": {""best"": ""vin_3 col 0 (next row)"", ""r2"": 0.99999, ""constant_value"": null, ""nondecreasing_share"": 0.619}}",0.9503967517631291,0.6526983120980094,0.0003078197301051855,6.886181321656573e-05,
QAS,115,62372,49395,True,"{""vin_2 col 0"": {""best"": ""current"", ""r2"": 0.00029, ""joint_modepi_current_soc_r2"": 0.00029, ""median_abs_diff_to_modepi"": 0.02615}, ""vin_2 col 1"": {""best"": ""current"", ""r2"": 0.68167, ""joint_modepi_current_soc_r2"": 0.99852, ""median_abs_diff_to_modepi"": 0.2112}, ""vin_3 col 0"": {""best"": ""current"", ""r2"": 0.71477, ""joint_modepi_current_soc_r2"": 0.74544, ""median_abs_diff_to_modepi"": 2.373}, ""vin_3 col 1"": {""best"": ""current"", ""r2"": 0.70489, ""joint_modepi_current_soc_r2"": 0.73689, ""median_abs_diff_to_modepi"": 2.352}}","{""0"": {""best"": ""temperature"", ""r2"": 1.0, ""constant_value"": null, ""nondecreasing_share"": 0.975}, ""1"": {""best"": ""pack SOC"", ""r2"": 1.0, ""constant_value"": null, ""nondecreasing_share"": 0.964}, ""2"": {""best"": ""constant"", ""r2"": NaN, ""constant_value"": 0.0, ""nondecreasing_share"": 1.0}, ""3"": {""best"": ""cell sum"", ""r2"": 0.99999, ""constant_value"": null, ""nondecreasing_share"": 0.644}, ""4"": {""best"": ""current"", ""r2"": 1.0, ""constant_value"": null, ""nondecreasing_share"": 0.783}, ""5"": {""best"": ""volt_modepi"", ""r2"": 1.0, ""constant_value"": null, ""nondecreasing_share"": 0.636}, ""6"": {""best"": ""vin_3 col 0 (next row)"", ""r2"": 0.99996, ""constant_value"": null, ""nondecreasing_share"": 0.563}}",0.9960682092711735,0.9892614479433737,0.0010356259791055589,0.0004743463443563989,
QAS,121,41238,36634,True,"{""vin_2 col 0"": {""best"": ""current"", ""r2"": 0.00193, ""joint_modepi_current_soc_r2"": 0.00197, ""median_abs_diff_to_modepi"": 0.02072}, ""vin_2 col 1"": {""best"": ""cell min"", ""r2"": 0.71498, ""joint_modepi_current_soc_r2"": 0.99824, ""median_abs_diff_to_modepi"": 0.1968}, ""vin_3 col 0"": {""best"": ""current"", ""r2"": 0.54239, ""joint_modepi_current_soc_r2"": 0.55187, ""median_abs_diff_to_modepi"": 2.372}, ""vin_3 col 1"": {""best"": ""current"", ""r2"": 0.53124, ""joint_modepi_current_soc_r2"": 0.5499, ""median_abs_diff_to_modepi"": 2.35}}","{""0"": {""best"": ""temperature"", ""r2"": 1.0, ""constant_value"": null, ""nondecreasing_share"": 0.978}, ""1"": {""best"": ""pack SOC"", ""r2"": 1.0, ""constant_value"": null, ""nondecreasing_share"": 0.978}, ""2"": {""best"": ""constant"", ""r2"": NaN, ""constant_value"": 0.0, ""nondecreasing_share"": 1.0}, ""3"": {""best"": ""cell sum"", ""r2"": 0.99999, ""constant_value"": null, ""nondecreasing_share"": 0.669}, ""4"": {""best"": ""current"", ""r2"": 1.0, ""constant_value"": null, ""nondecreasing_share"": 0.806}, ""5"": {""best"": ""volt_modepi"", ""r2"": 1.0, ""constant_value"": null, ""nondecreasing_share"": 0.656}, ""6"": {""best"": ""vin_3 col 0 (next row)"", ""r2"": 0.99996, ""constant_value"": null, ""nondecreasing_share"": 0.503}}",0.995722835445035,0.9269068713968344,0.0011271872807272487,0.0005238944357649575,
QAS,122,39780,38085,True,"{""vin_2 col 0"": {""best"": ""current"", ""r2"": 0.00349, ""joint_modepi_current_soc_r2"": 0.00349, ""median_abs_diff_to_modepi"": 0.06695}, ""vin_2 col 1"": {""best"": ""cell median"", ""r2"": 0.89034, ""joint_modepi_current_soc_r2"": 0.99574, ""median_abs_diff_to_modepi"": 0.1809}, ""vin_3 col 0"": {""best"": ""current"", ""r2"": 0.44263, ""joint_modepi_current_soc_r2"": 0.58067, ""median_abs_diff_to_modepi"": 2.976}, ""vin_3 col 1"": {""best"": ""current"", ""r2"": 0.47876, ""joint_modepi_current_soc_r2"": 0.5003, ""median_abs_diff_to_modepi"": 2.967}}","{""0"": {""best"": ""temperature"", ""r2"": 1.0, ""constant_value"": null, ""nondecreasing_share"": 0.976}, ""1"": {""best"": ""pack SOC"", ""r2"": 1.0, ""constant_value"": null, ""nondecreasing_share"": 0.976}, ""2"": {""best"": ""constant"", ""r2"": NaN, ""constant_value"": 0.0, ""nondecreasing_share"": 1.0}, ""3"": {""best"": ""cell sum"", ""r2"": 0.99997, ""constant_value"": null, ""nondecreasing_share"": 0.691}, ""4"": {""best"": ""current"", ""r2"": 1.0, ""constant_value"": null, ""nondecreasing_share"": 0.867}, ""5"": {""best"": ""volt_modepi"", ""r2"": 1.0, ""constant_value"": null, ""nondecreasing_share"": 0.673}, ""6"": {""best"": ""vin_3 col 0 (next row)"", ""r2"": 0.99979, ""constant_value"": null, ""nondecreasing_share"": 0.594}}",0.7741495428565194,0.4363915643224307,0.0006239056146504218,2.3530253261802812e-05,
QAS,124,31254,28585,True,"{""vin_2 col 0"": {""best"": ""current"", ""r2"": 0.60471, ""joint_modepi_current_soc_r2"": 0.60653, ""median_abs_diff_to_modepi"": 0.04414}, ""vin_2 col 1"": {""best"": ""cell median"", ""r2"": 0.79542, ""joint_modepi_current_soc_r2"": 0.99809, ""median_abs_diff_to_modepi"": 0.182}, ""vin_3 col 0"": {""best"": ""current"", ""r2"": 0.49457, ""joint_modepi_current_soc_r2"": 0.69999, ""median_abs_diff_to_modepi"": 2.988}, ""vin_3 col 1"": {""best"": ""current"", ""r2"": 0.46737, ""joint_modepi_current_soc_r2"": 0.65608, ""median_abs_diff_to_modepi"": 3.017}}","{""0"": {""best"": ""temperature"", ""r2"": 1.0, ""constant_value"": null, ""nondecreasing_share"": 0.974}, ""1"": {""best"": ""pack SOC"", ""r2"": 1.0, ""constant_value"": null, ""nondecreasing_share"": 0.969}, ""2"": {""best"": ""constant"", ""r2"": NaN, ""constant_value"": 0.0, ""nondecreasing_share"": 1.0}, ""3"": {""best"": ""cell sum"", ""r2"": 0.99999, ""constant_value"": null, ""nondecreasing_share"": 0.619}, ""4"": {""best"": ""current"", ""r2"": 1.0, ""constant_value"": null, ""nondecreasing_share"": 0.755}, ""5"": {""best"": ""volt_modepi"", ""r2"": 1.0, ""constant_value"": null, ""nondecreasing_share"": 0.608}, ""6"": {""best"": ""vin_3 col 0 (next row)"", ""r2"": 0.99971, ""constant_value"": null, ""nondecreasing_share"": 0.622}}",0.9719201809258673,0.9299971937048963,0.0002557597113845844,5.304366281081295e-05,
QAS,126,37421,31931,True,"{""vin_2 col 0"": {""best"": ""cell min"", ""r2"": 0.00133, ""joint_modepi_current_soc_r2"": 0.00153, ""median_abs_diff_to_modepi"": 0.0304}, ""vin_2 col 1"": {""best"": ""volt_modepi"", ""r2"": 0.77127, ""joint_modepi_current_soc_r2"": 0.99779, ""median_abs_diff_to_modepi"": 0.2692}, ""vin_3 col 0"": {""best"": ""temperature"", ""r2"": 0.29333, ""joint_modepi_current_soc_r2"": 0.2681, ""median_abs_diff_to_modepi"": 2.384}, ""vin_3 col 1"": {""best"": ""temperature"", ""r2"": 0.29605, ""joint_modepi_current_soc_r2"": 0.25471, ""median_abs_diff_to_modepi"": 2.353}}","{""0"": {""best"": ""temperature"", ""r2"": 1.0, ""constant_value"": null, ""nondecreasing_share"": 0.977}, ""1"": {""best"": ""pack SOC"", ""r2"": 1.0, ""constant_value"": null, ""nondecreasing_share"": 0.96}, ""2"": {""best"": ""constant"", ""r2"": NaN, ""constant_value"": 0.0, ""nondecreasing_share"": 1.0}, ""3"": {""best"": ""cell sum"", ""r2"": 0.99998, ""constant_value"": null, ""nondecreasing_share"": 0.726}, ""4"": {""best"": ""current"", ""r2"": 1.0, ""constant_value"": null, ""nondecreasing_share"": 0.838}, ""5"": {""best"": ""volt_modepi"", ""r2"": 1.0, ""constant_value"": null, ""nondecreasing_share"": 0.717}, ""6"": {""best"": ""vin_3 col 0 (next row)"", ""r2"": 0.99997, ""constant_value"": null, ""nondecreasing_share"": 0.632}}",0.8689388736429714,0.8364467616379175,0.0008243979180972971,0.0007170705192919692,
QAS,125,39910,36389,True,"{""vin_2 col 0"": {""best"": ""current"", ""r2"": 0.99161, ""joint_modepi_current_soc_r2"": 0.99423, ""median_abs_diff_to_modepi"": 0.05086}, ""vin_2 col 1"": {""best"": ""cell median"", ""r2"": 0.71823, ""joint_modepi_current_soc_r2"": 0.99803, ""median_abs_diff_to_modepi"": 0.2176}, ""vin_3 col 0"": {""best"": ""current"", ""r2"": 0.71921, ""joint_modepi_current_soc_r2"": 0.81492, ""median_abs_diff_to_modepi"": 2.976}, ""vin_3 col 1"": {""best"": ""current"", ""r2"": 0.77373, ""joint_modepi_current_soc_r2"": 0.788, ""median_abs_diff_to_modepi"": 2.955}}","{""0"": {""best"": ""temperature"", ""r2"": 1.0, ""constant_value"": null, ""nondecreasing_share"": 0.973}, ""1"": {""best"": ""pack SOC"", ""r2"": 1.0, ""constant_value"": null, ""nondecreasing_share"": 0.959}, ""2"": {""best"": ""constant"", ""r2"": NaN, ""constant_value"": 0.0, ""nondecreasing_share"": 1.0}, ""3"": {""best"": ""cell sum"", ""r2"": 0.99997, ""constant_value"": null, ""nondecreasing_share"": 0.648}, ""4"": {""best"": ""current"", ""r2"": 1.0, ""constant_value"": null, ""nondecreasing_share"": 0.744}, ""5"": {""best"": ""volt_modepi"", ""r2"": 1.0, ""constant_value"": null, ""nondecreasing_share"": 0.639}, ""6"": {""best"": ""vin_3 col 0 (next row)"", ""r2"": 0.99977, ""constant_value"": null, ""nondecreasing_share"": 0.608}}",0.8154159034624925,0.6781815983879846,0.0005408228936771842,4.7264919381548906e-05,
QAS,123,62508,55257,True,"{""vin_2 col 0"": {""best"": ""current"", ""r2"": 0.95954, ""joint_modepi_current_soc_r2"": 0.97169, ""median_abs_diff_to_modepi"": 0.02579}, ""vin_2 col 1"": {""best"": ""cell median"", ""r2"": 0.73359, ""joint_modepi_current_soc_r2"": 0.99835, ""median_abs_diff_to_modepi"": 0.2659}, ""vin_3 col 0"": {""best"": ""current"", ""r2"": 0.47708, ""joint_modepi_current_soc_r2"": 0.49507, ""median_abs_diff_to_modepi"": 2.38}, ""vin_3 col 1"": {""best"": ""current"", ""r2"": 0.44414, ""joint_modepi_current_soc_r2"": 0.45919, ""median_abs_diff_to_modepi"": 2.377}}","{""0"": {""best"": ""temperature"", ""r2"": 1.0, ""constant_value"": null, ""nondecreasing_share"": 0.97}, ""1"": {""best"": ""pack SOC"", ""r2"": 1.0, ""constant_value"": null, ""nondecreasing_share"": 0.952}, ""2"": {""best"": ""constant"", ""r2"": NaN, ""constant_value"": 0.0, ""nondecreasing_share"": 1.0}, ""3"": {""best"": ""cell sum"", ""r2"": 0.99999, ""constant_value"": null, ""nondecreasing_share"": 0.694}, ""4"": {""best"": ""current"", ""r2"": 1.0, ""constant_value"": null, ""nondecreasing_share"": 0.8}, ""5"": {""best"": ""volt_modepi"", ""r2"": 1.0, ""constant_value"": null, ""nondecreasing_share"": 0.686}, ""6"": {""best"": ""vin_3 col 0 (next row)"", ""r2"": 0.99996, ""constant_value"": null, ""nondecreasing_share"": 0.582}}",0.989792179769894,0.8773726091563007,0.001060722484653276,0.0005457371073705622,
QAS,129,28773,26498,True,"{""vin_2 col 0"": {""best"": ""current"", ""r2"": 0.00143, ""joint_modepi_current_soc_r2"": 0.00151, ""median_abs_diff_to_modepi"": 0.03208}, ""vin_2 col 1"": {""best"": ""volt_modepi"", ""r2"": 0.76964, ""joint_modepi_current_soc_r2"": 0.99837, ""median_abs_diff_to_modepi"": 0.2085}, ""vin_3 col 0"": {""best"": ""current"", ""r2"": 0.2362, ""joint_modepi_current_soc_r2"": 0.37261, ""median_abs_diff_to_modepi"": 2.378}, ""vin_3 col 1"": {""best"": ""current"", ""r2"": 0.22883, ""joint_modepi_current_soc_r2"": 0.35611, ""median_abs_diff_to_modepi"": 2.356}}","{""0"": {""best"": ""temperature"", ""r2"": 1.0, ""constant_value"": null, ""nondecreasing_share"": 0.968}, ""1"": {""best"": ""pack SOC"", ""r2"": 1.0, ""constant_value"": null, ""nondecreasing_share"": 0.974}, ""2"": {""best"": ""constant"", ""r2"": NaN, ""constant_value"": 0.0, ""nondecreasing_share"": 1.0}, ""3"": {""best"": ""volt_modepi"", ""r2"": 1.0, ""constant_value"": null, ""nondecreasing_share"": 0.669}, ""4"": {""best"": ""current"", ""r2"": 1.0, ""constant_value"": null, ""nondecreasing_share"": 0.781}, ""5"": {""best"": ""volt_modepi"", ""r2"": 1.0, ""constant_value"": null, ""nondecreasing_share"": 0.657}, ""6"": {""best"": ""vin_3 col 0 (next row)"", ""r2"": 0.99998, ""constant_value"": null, ""nondecreasing_share"": 0.569}}",0.9859746615797775,0.9497085417205458,0.000851776606304977,0.0002794046102870892,
QAS,128,32634,28722,True,"{""vin_2 col 0"": {""best"": ""current"", ""r2"": 0.97002, ""joint_modepi_current_soc_r2"": 0.97467, ""median_abs_diff_to_modepi"": 0.02747}, ""vin_2 col 1"": {""best"": ""volt_modepi"", ""r2"": 0.7452, ""joint_modepi_current_soc_r2"": 0.99829, ""median_abs_diff_to_modepi"": 0.2067}, ""vin_3 col 0"": {""best"": ""current"", ""r2"": 0.3188, ""joint_modepi_current_soc_r2"": 0.33523, ""median_abs_diff_to_modepi"": 2.382}, ""vin_3 col 1"": {""best"": ""current"", ""r2"": 0.29454, ""joint_modepi_current_soc_r2"": 0.31127, ""median_abs_diff_to_modepi"": 2.366}}","{""0"": {""best"": ""temperature"", ""r2"": 1.0, ""constant_value"": null, ""nondecreasing_share"": 0.97}, ""1"": {""best"": ""pack SOC"", ""r2"": 1.0, ""constant_value"": null, ""nondecreasing_share"": 0.971}, ""2"": {""best"": ""constant"", ""r2"": NaN, ""constant_value"": 0.0, ""nondecreasing_share"": 1.0}, ""3"": {""best"": ""cell sum"", ""r2"": 1.0, ""constant_value"": null, ""nondecreasing_share"": 0.628}, ""4"": {""best"": ""current"", ""r2"": 1.0, ""constant_value"": null, ""nondecreasing_share"": 0.767}, ""5"": {""best"": ""volt_modepi"", ""r2"": 1.0, ""constant_value"": null, ""nondecreasing_share"": 0.618}, ""6"": {""best"": ""vin_3 col 0 (next row)"", ""r2"": 0.99996, ""constant_value"": null, ""nondecreasing_share"": 0.558}}",0.9924157511774074,0.912761012771035,0.0010663933699559536,0.0003231886495344582,
QAS,127,41955,34823,True,"{""vin_2 col 0"": {""best"": ""current"", ""r2"": 0.9911, ""joint_modepi_current_soc_r2"": 0.99408, ""median_abs_diff_to_modepi"": 0.05509}, ""vin_2 col 1"": {""best"": ""cell median"", ""r2"": 0.71896, ""joint_modepi_current_soc_r2"": 0.9983, ""median_abs_diff_to_modepi"": 0.2216}, ""vin_3 col 0"": {""best"": ""current"", ""r2"": 0.81189, ""joint_modepi_current_soc_r2"": 0.88131, ""median_abs_diff_to_modepi"": 2.973}, ""vin_3 col 1"": {""best"": ""current"", ""r2"": 0.81599, ""joint_modepi_current_soc_r2"": 0.85819, ""median_abs_diff_to_modepi"": 2.994}}","{""0"": {""best"": ""temperature"", ""r2"": 1.0, ""constant_value"": null, ""nondecreasing_share"": 0.975}, ""1"": {""best"": ""pack SOC"", ""r2"": 1.0, ""constant_value"": null, ""nondecreasing_share"": 0.961}, ""2"": {""best"": ""constant"", ""r2"": NaN, ""constant_value"": 0.0, ""nondecreasing_share"": 1.0}, ""3"": {""best"": ""cell sum"", ""r2"": 0.99997, ""constant_value"": null, ""nondecreasing_share"": 0.682}, ""4"": {""best"": ""current"", ""r2"": 1.0, ""constant_value"": null, ""nondecreasing_share"": 0.811}, ""5"": {""best"": ""volt_modepi"", ""r2"": 1.0, ""constant_value"": null, ""nondecreasing_share"": 0.671}, ""6"": {""best"": ""vin_3 col 0 (next row)"", ""r2"": 0.99982, ""constant_value"": null, ""nondecreasing_share"": 0.578}}",0.7555261618578261,0.7720989449676501,0.0005584182050990538,4.1730972336826854e-05,
QAS,130,26851,23608,True,"{""vin_2 col 0"": {""best"": ""current"", ""r2"": 0.0015, ""joint_modepi_current_soc_r2"": 0.00152, ""median_abs_diff_to_modepi"": 0.04015}, ""vin_2 col 1"": {""best"": ""cell min"", ""r2"": 0.79806, ""joint_modepi_current_soc_r2"": 0.99815, ""median_abs_diff_to_modepi"": 0.1581}, ""vin_3 col 0"": {""best"": ""current"", ""r2"": 0.39837, ""joint_modepi_current_soc_r2"": 0.65446, ""median_abs_diff_to_modepi"": 2.984}, ""vin_3 col 1"": {""best"": ""current"", ""r2"": 0.48728, ""joint_modepi_current_soc_r2"": 0.63661, ""median_abs_diff_to_modepi"": 2.952}}","{""0"": {""best"": ""temperature"", ""r2"": 1.0, ""constant_value"": null, ""nondecreasing_share"": 0.969}, ""1"": {""best"": ""pack SOC"", ""r2"": 1.0, ""constant_value"": null, ""nondecreasing_share"": 0.976}, ""2"": {""best"": ""constant"", ""r2"": NaN, ""constant_value"": 0.0, ""nondecreasing_share"": 1.0}, ""3"": {""best"": ""cell sum"", ""r2"": 0.99999, ""constant_value"": null, ""nondecreasing_share"": 0.654}, ""4"": {""best"": ""current"", ""r2"": 1.0, ""constant_value"": null, ""nondecreasing_share"": 0.777}, ""5"": {""best"": ""volt_modepi"", ""r2"": 1.0, ""constant_value"": null, ""nondecreasing_share"": 0.643}, ""6"": {""best"": ""vin_3 col 0 (next row)"", ""r2"": 0.99976, ""constant_value"": null, ""nondecreasing_share"": 0.6}}",0.980891047418221,0.9735132897354604,0.000188931395565195,5.3688346014128284e-05,
QAS,131,40119,34603,True,"{""vin_2 col 0"": {""best"": ""current"", ""r2"": 0.95493, ""joint_modepi_current_soc_r2"": 0.9616, ""median_abs_diff_to_modepi"": 0.02981}, ""vin_2 col 1"": {""best"": ""volt_modepi"", ""r2"": 0.69149, ""joint_modepi_current_soc_r2"": 0.99817, ""median_abs_diff_to_modepi"": 0.2147}, ""vin_3 col 0"": {""best"": ""temperature"", ""r2"": 0.31825, ""joint_modepi_current_soc_r2"": 0.16693, ""median_abs_diff_to_modepi"": 2.88}, ""vin_3 col 1"": {""best"": ""temperature"", ""r2"": 0.31914, ""joint_modepi_current_soc_r2"": 0.16409, ""median_abs_diff_to_modepi"": 2.882}}","{""0"": {""best"": ""temperature"", ""r2"": 1.0, ""constant_value"": null, ""nondecreasing_share"": 0.974}, ""1"": {""best"": ""pack SOC"", ""r2"": 1.0, ""constant_value"": null, ""nondecreasing_share"": 0.972}, ""2"": {""best"": ""constant"", ""r2"": NaN, ""constant_value"": 0.0, ""nondecreasing_share"": 1.0}, ""3"": {""best"": ""cell sum"", ""r2"": 0.99996, ""constant_value"": null, ""nondecreasing_share"": 0.65}, ""4"": {""best"": ""current"", ""r2"": 1.0, ""constant_value"": null, ""nondecreasing_share"": 0.798}, ""5"": {""best"": ""volt_modepi"", ""r2"": 1.0, ""constant_value"": null, ""nondecreasing_share"": 0.639}, ""6"": {""best"": ""vin_3 col 0 (next row)"", ""r2"": 0.99998, ""constant_value"": null, ""nondecreasing_share"": 0.565}}",0.8709447675561985,0.407896821094136,0.0008314186227149634,0.00012771434832698175,
QAS,132,35296,30468,True,"{""vin_2 col 0"": {""best"": ""current"", ""r2"": 0.92409, ""joint_modepi_current_soc_r2"": 0.93294, ""median_abs_diff_to_modepi"": 0.02422}, ""vin_2 col 1"": {""best"": ""volt_modepi"", ""r2"": 0.70767, ""joint_modepi_current_soc_r2"": 0.9972, ""median_abs_diff_to_modepi"": 0.2328}, ""vin_3 col 0"": {""best"": ""current"", ""r2"": 0.32307, ""joint_modepi_current_soc_r2"": 0.38352, ""median_abs_diff_to_modepi"": 2.379}, ""vin_3 col 1"": {""best"": ""current"", ""r2"": 0.29552, ""joint_modepi_current_soc_r2"": 0.35392, ""median_abs_diff_to_modepi"": 2.365}}","{""0"": {""best"": ""temperature"", ""r2"": 1.0, ""constant_value"": null, ""nondecreasing_share"": 0.975}, ""1"": {""best"": ""pack SOC"", ""r2"": 1.0, ""constant_value"": null, ""nondecreasing_share"": 0.973}, ""2"": {""best"": ""constant"", ""r2"": NaN, ""constant_value"": 0.0, ""nondecreasing_share"": 1.0}, ""3"": {""best"": ""cell sum"", ""r2"": 0.99999, ""constant_value"": null, ""nondecreasing_share"": 0.668}, ""4"": {""best"": ""current"", ""r2"": 1.0, ""constant_value"": null, ""nondecreasing_share"": 0.801}, ""5"": {""best"": ""volt_modepi"", ""r2"": 1.0, ""constant_value"": null, ""nondecreasing_share"": 0.657}, ""6"": {""best"": ""vin_3 col 0 (next row)"", ""r2"": 0.99997, ""constant_value"": null, ""nondecreasing_share"": 0.578}}",0.9743010639467221,0.9276636247181373,0.0005041375173044926,0.00031552628170139485,
QAS,134,31364,28090,True,"{""vin_2 col 0"": {""best"": ""current"", ""r2"": 0.96606, ""joint_modepi_current_soc_r2"": 0.972, ""median_abs_diff_to_modepi"": 0.03844}, ""vin_2 col 1"": {""best"": ""cell median"", ""r2"": 0.77404, ""joint_modepi_current_soc_r2"": 0.99841, ""median_abs_diff_to_modepi"": 0.2237}, ""vin_3 col 0"": {""best"": ""temperature"", ""r2"": 0.39507, ""joint_modepi_current_soc_r2"": 0.25296, ""median_abs_diff_to_modepi"": 2.751}, ""vin_3 col 1"": {""best"": ""temperature"", ""r2"": 0.39949, ""joint_modepi_current_soc_r2"": 0.24934, ""median_abs_diff_to_modepi"": 2.732}}","{""0"": {""best"": ""temperature"", ""r2"": 1.0, ""constant_value"": null, ""nondecreasing_share"": 0.973}, ""1"": {""best"": ""pack SOC"", ""r2"": 1.0, ""constant_value"": null, ""nondecreasing_share"": 0.967}, ""2"": {""best"": ""constant"", ""r2"": NaN, ""constant_value"": 0.0, ""nondecreasing_share"": 1.0}, ""3"": {""best"": ""cell sum"", ""r2"": 0.99999, ""constant_value"": null, ""nondecreasing_share"": 0.706}, ""4"": {""best"": ""current"", ""r2"": 1.0, ""constant_value"": null, ""nondecreasing_share"": 0.787}, ""5"": {""best"": ""volt_modepi"", ""r2"": 1.0, ""constant_value"": null, ""nondecreasing_share"": 0.695}, ""6"": {""best"": ""vin_3 col 0 (next row)"", ""r2"": 0.99993, ""constant_value"": null, ""nondecreasing_share"": 0.672}}",0.945673773723408,0.9399682091682005,0.00027394335137942427,0.0001255159677151872,
QAS,135,27811,22245,True,"{""vin_2 col 0"": {""best"": ""current"", ""r2"": 0.02063, ""joint_modepi_current_soc_r2"": 0.02077, ""median_abs_diff_to_modepi"": 0.03692}, ""vin_2 col 1"": {""best"": ""volt_modepi"", ""r2"": 0.67218, ""joint_modepi_current_soc_r2"": 0.99805, ""median_abs_diff_to_modepi"": 0.2445}, ""vin_3 col 0"": {""best"": ""current"", ""r2"": 0.55837, ""joint_modepi_current_soc_r2"": 0.61888, ""median_abs_diff_to_modepi"": 2.388}, ""vin_3 col 1"": {""best"": ""current"", ""r2"": 0.52363, ""joint_modepi_current_soc_r2"": 0.58472, ""median_abs_diff_to_modepi"": 2.404}}","{""0"": {""best"": ""temperature"", ""r2"": 1.0, ""constant_value"": null, ""nondecreasing_share"": 0.971}, ""1"": {""best"": ""pack SOC"", ""r2"": 1.0, ""constant_value"": null, ""nondecreasing_share"": 0.96}, ""2"": {""best"": ""constant"", ""r2"": NaN, ""constant_value"": 0.0, ""nondecreasing_share"": 1.0}, ""3"": {""best"": ""cell sum"", ""r2"": 0.99997, ""constant_value"": null, ""nondecreasing_share"": 0.621}, ""4"": {""best"": ""current"", ""r2"": 1.0, ""constant_value"": null, ""nondecreasing_share"": 0.737}, ""5"": {""best"": ""volt_modepi"", ""r2"": 1.0, ""constant_value"": null, ""nondecreasing_share"": 0.614}, ""6"": {""best"": ""vin_3 col 0 (next row)"", ""r2"": 0.99996, ""constant_value"": null, ""nondecreasing_share"": 0.545}}",0.980802118586854,0.8950293459325624,0.0009632484516282069,0.00032193879302122895,
QAS,133,41592,35039,True,"{""vin_2 col 0"": {""best"": ""current"", ""r2"": 0.00147, ""joint_modepi_current_soc_r2"": 0.00149, ""median_abs_diff_to_modepi"": 0.04845}, ""vin_2 col 1"": {""best"": ""cell median"", ""r2"": 0.76037, ""joint_modepi_current_soc_r2"": 0.99748, ""median_abs_diff_to_modepi"": 0.2042}, ""vin_3 col 0"": {""best"": ""current"", ""r2"": 0.58828, ""joint_modepi_current_soc_r2"": 0.72006, ""median_abs_diff_to_modepi"": 2.975}, ""vin_3 col 1"": {""best"": ""current"", ""r2"": 0.65448, ""joint_modepi_current_soc_r2"": 0.68491, ""median_abs_diff_to_modepi"": 2.951}}","{""0"": {""best"": ""temperature"", ""r2"": 1.0, ""constant_value"": null, ""nondecreasing_share"": 0.976}, ""1"": {""best"": ""pack SOC"", ""r2"": 1.0, ""constant_value"": null, ""nondecreasing_share"": 0.973}, ""2"": {""best"": ""constant"", ""r2"": NaN, ""constant_value"": 0.0, ""nondecreasing_share"": 1.0}, ""3"": {""best"": ""volt_modepi"", ""r2"": 0.99999, ""constant_value"": null, ""nondecreasing_share"": 0.713}, ""4"": {""best"": ""current"", ""r2"": 1.0, ""constant_value"": null, ""nondecreasing_share"": 0.835}, ""5"": {""best"": ""volt_modepi"", ""r2"": 1.0, ""constant_value"": null, ""nondecreasing_share"": 0.702}, ""6"": {""best"": ""vin_3 col 0 (next row)"", ""r2"": 0.99975, ""constant_value"": null, ""nondecreasing_share"": 0.701}}",0.8117812570061806,0.6492952943006335,0.0003172404720190869,2.635094646878963e-05,
QAS,136,33411,28545,True,"{""vin_2 col 0"": {""best"": ""current"", ""r2"": 0.65121, ""joint_modepi_current_soc_r2"": 0.6545, ""median_abs_diff_to_modepi"": 0.05261}, ""vin_2 col 1"": {""best"": ""cell median"", ""r2"": 0.8007, ""joint_modepi_current_soc_r2"": 0.99749, ""median_abs_diff_to_modepi"": 0.2259}, ""vin_3 col 0"": {""best"": ""current"", ""r2"": 0.47426, ""joint_modepi_current_soc_r2"": 0.69176, ""median_abs_diff_to_modepi"": 2.989}, ""vin_3 col 1"": {""best"": ""current"", ""r2"": 0.4697, ""joint_modepi_current_soc_r2"": 0.65387, ""median_abs_diff_to_modepi"": 3.05}}","{""0"": {""best"": ""temperature"", ""r2"": 1.0, ""constant_value"": null, ""nondecreasing_share"": 0.97}, ""1"": {""best"": ""pack SOC"", ""r2"": 1.0, ""constant_value"": null, ""nondecreasing_share"": 0.972}, ""2"": {""best"": ""constant"", ""r2"": NaN, ""constant_value"": 0.0, ""nondecreasing_share"": 1.0}, ""3"": {""best"": ""cell sum"", ""r2"": 0.99999, ""constant_value"": null, ""nondecreasing_share"": 0.66}, ""4"": {""best"": ""current"", ""r2"": 1.0, ""constant_value"": null, ""nondecreasing_share"": 0.78}, ""5"": {""best"": ""volt_modepi"", ""r2"": 1.0, ""constant_value"": null, ""nondecreasing_share"": 0.649}, ""6"": {""best"": ""vin_3 col 0 (next row)"", ""r2"": 0.9975, ""constant_value"": null, ""nondecreasing_share"": 0.633}}",0.8885298412067331,0.9047915010291572,0.00044809170460435865,4.5529440334761266e-05,
QAS,137,33339,29306,True,"{""vin_2 col 0"": {""best"": ""current"", ""r2"": 0.00127, ""joint_modepi_current_soc_r2"": 0.00128, ""median_abs_diff_to_modepi"": 0.03529}, ""vin_2 col 1"": {""best"": ""volt_modepi"", ""r2"": 0.69269, ""joint_modepi_current_soc_r2"": 0.99862, ""median_abs_diff_to_modepi"": 0.2434}, ""vin_3 col 0"": {""best"": ""current"", ""r2"": 0.30065, ""joint_modepi_current_soc_r2"": 0.35309, ""median_abs_diff_to_modepi"": 2.394}, ""vin_3 col 1"": {""best"": ""current"", ""r2"": 0.28099, ""joint_modepi_current_soc_r2"": 0.33015, ""median_abs_diff_to_modepi"": 2.384}}","{""0"": {""best"": ""temperature"", ""r2"": 1.0, ""constant_value"": null, ""nondecreasing_share"": 0.974}, ""1"": {""best"": ""pack SOC"", ""r2"": 1.0, ""constant_value"": null, ""nondecreasing_share"": 0.976}, ""2"": {""best"": ""constant"", ""r2"": NaN, ""constant_value"": 0.0, ""nondecreasing_share"": 1.0}, ""3"": {""best"": ""cell sum"", ""r2"": 0.99999, ""constant_value"": null, ""nondecreasing_share"": 0.652}, ""4"": {""best"": ""current"", ""r2"": 1.0, ""constant_value"": null, ""nondecreasing_share"": 0.755}, ""5"": {""best"": ""volt_modepi"", ""r2"": 1.0, ""constant_value"": null, ""nondecreasing_share"": 0.642}, ""6"": {""best"": ""vin_3 col 0 (next row)"", ""r2"": 0.99979, ""constant_value"": null, ""nondecreasing_share"": 0.568}}",0.947110953654174,0.6987781984709939,0.0005564046262087619,0.00017580292254149396,
QAS,138,33511,28601,True,"{""vin_2 col 0"": {""best"": ""current"", ""r2"": 0.98982, ""joint_modepi_current_soc_r2"": 0.99276, ""median_abs_diff_to_modepi"": 0.04832}, ""vin_2 col 1"": {""best"": ""cell mean"", ""r2"": 0.71523, ""joint_modepi_current_soc_r2"": 0.99811, ""median_abs_diff_to_modepi"": 0.2137}, ""vin_3 col 0"": {""best"": ""current"", ""r2"": 0.68916, ""joint_modepi_current_soc_r2"": 0.79778, ""median_abs_diff_to_modepi"": 2.978}, ""vin_3 col 1"": {""best"": ""current"", ""r2"": 0.69432, ""joint_modepi_current_soc_r2"": 0.78027, ""median_abs_diff_to_modepi"": 3.023}}","{""0"": {""best"": ""temperature"", ""r2"": 1.0, ""constant_value"": null, ""nondecreasing_share"": 0.98}, ""1"": {""best"": ""pack SOC"", ""r2"": 1.0, ""constant_value"": null, ""nondecreasing_share"": 0.971}, ""2"": {""best"": ""constant"", ""r2"": NaN, ""constant_value"": 0.0, ""nondecreasing_share"": 1.0}, ""3"": {""best"": ""volt_modepi"", ""r2"": 0.99999, ""constant_value"": null, ""nondecreasing_share"": 0.652}, ""4"": {""best"": ""current"", ""r2"": 1.0, ""constant_value"": null, ""nondecreasing_share"": 0.812}, ""5"": {""best"": ""volt_modepi"", ""r2"": 1.0, ""constant_value"": null, ""nondecreasing_share"": 0.638}, ""6"": {""best"": ""vin_3 col 0 (next row)"", ""r2"": 0.99976, ""constant_value"": null, ""nondecreasing_share"": 0.567}}",0.8110175475750414,0.6134894732906256,0.00028579024199726355,3.183524022766119e-05,
QAS,140,34747,29772,True,"{""vin_2 col 0"": {""best"": ""current"", ""r2"": 0.96902, ""joint_modepi_current_soc_r2"": 0.97546, ""median_abs_diff_to_modepi"": 0.0456}, ""vin_2 col 1"": {""best"": ""cell median"", ""r2"": 0.74036, ""joint_modepi_current_soc_r2"": 0.99816, ""median_abs_diff_to_modepi"": 0.2405}, ""vin_3 col 0"": {""best"": ""current"", ""r2"": 0.48335, ""joint_modepi_current_soc_r2"": 0.74841, ""median_abs_diff_to_modepi"": 2.984}, ""vin_3 col 1"": {""best"": ""current"", ""r2"": 0.47777, ""joint_modepi_current_soc_r2"": 0.72487, ""median_abs_diff_to_modepi"": 3.098}}","{""0"": {""best"": ""temperature"", ""r2"": 1.0, ""constant_value"": null, ""nondecreasing_share"": 0.972}, ""1"": {""best"": ""pack SOC"", ""r2"": 1.0, ""constant_value"": null, ""nondecreasing_share"": 0.967}, ""2"": {""best"": ""constant"", ""r2"": NaN, ""constant_value"": 0.0, ""nondecreasing_share"": 1.0}, ""3"": {""best"": ""cell sum"", ""r2"": 0.99999, ""constant_value"": null, ""nondecreasing_share"": 0.694}, ""4"": {""best"": ""current"", ""r2"": 1.0, ""constant_value"": null, ""nondecreasing_share"": 0.86}, ""5"": {""best"": ""volt_modepi"", ""r2"": 1.0, ""constant_value"": null, ""nondecreasing_share"": 0.677}, ""6"": {""best"": ""vin_3 col 0 (next row)"", ""r2"": 0.99973, ""constant_value"": null, ""nondecreasing_share"": 0.676}}",0.9032669496657018,0.750221120953122,0.0002838377950473703,3.7199036017518436e-05,
QAS,141,36215,31616,True,"{""vin_2 col 0"": {""best"": ""current"", ""r2"": 0.96678, ""joint_modepi_current_soc_r2"": 0.97115, ""median_abs_diff_to_modepi"": 0.02106}, ""vin_2 col 1"": {""best"": ""volt_modepi"", ""r2"": 0.65244, ""joint_modepi_current_soc_r2"": 0.99674, ""median_abs_diff_to_modepi"": 0.2265}, ""vin_3 col 0"": {""best"": ""current"", ""r2"": 0.31701, ""joint_modepi_current_soc_r2"": 0.32004, ""median_abs_diff_to_modepi"": 2.377}, ""vin_3 col 1"": {""best"": ""current"", ""r2"": 0.29831, ""joint_modepi_current_soc_r2"": 0.30065, ""median_abs_diff_to_modepi"": 2.359}}","{""0"": {""best"": ""temperature"", ""r2"": 1.0, ""constant_value"": null, ""nondecreasing_share"": 0.974}, ""1"": {""best"": ""pack SOC"", ""r2"": 1.0, ""constant_value"": null, ""nondecreasing_share"": 0.974}, ""2"": {""best"": ""constant"", ""r2"": NaN, ""constant_value"": 0.0, ""nondecreasing_share"": 1.0}, ""3"": {""best"": ""cell sum"", ""r2"": 0.99999, ""constant_value"": null, ""nondecreasing_share"": 0.66}, ""4"": {""best"": ""current"", ""r2"": 1.0, ""constant_value"": null, ""nondecreasing_share"": 0.8}, ""5"": {""best"": ""volt_modepi"", ""r2"": 1.0, ""constant_value"": null, ""nondecreasing_share"": 0.646}, ""6"": {""best"": ""vin_3 col 0 (next row)"", ""r2"": 0.99997, ""constant_value"": null, ""nondecreasing_share"": 0.582}}",0.9817169598315174,0.8799308063892978,0.00041187978822043725,0.00014559611732111632,
QAS,139,42635,38740,True,"{""vin_2 col 0"": {""best"": ""current"", ""r2"": 0.0016, ""joint_modepi_current_soc_r2"": 0.00161, ""median_abs_diff_to_modepi"": 0.01968}, ""vin_2 col 1"": {""best"": ""cell mean"", ""r2"": 0.67565, ""joint_modepi_current_soc_r2"": 0.99677, ""median_abs_diff_to_modepi"": 0.2217}, ""vin_3 col 0"": {""best"": ""current"", ""r2"": 0.36116, ""joint_modepi_current_soc_r2"": 0.38671, ""median_abs_diff_to_modepi"": 2.369}, ""vin_3 col 1"": {""best"": ""current"", ""r2"": 0.35618, ""joint_modepi_current_soc_r2"": 0.39198, ""median_abs_diff_to_modepi"": 2.328}}","{""0"": {""best"": ""temperature"", ""r2"": 1.0, ""constant_value"": null, ""nondecreasing_share"": 0.972}, ""1"": {""best"": ""pack SOC"", ""r2"": 1.0, ""constant_value"": null, ""nondecreasing_share"": 0.971}, ""2"": {""best"": ""constant"", ""r2"": NaN, ""constant_value"": 0.0, ""nondecreasing_share"": 1.0}, ""3"": {""best"": ""cell sum"", ""r2"": 0.99997, ""constant_value"": null, ""nondecreasing_share"": 0.68}, ""4"": {""best"": ""current"", ""r2"": 1.0, ""constant_value"": null, ""nondecreasing_share"": 0.752}, ""5"": {""best"": ""volt_modepi"", ""r2"": 1.0, ""constant_value"": null, ""nondecreasing_share"": 0.67}, ""6"": {""best"": ""vin_3 col 0 (next row)"", ""r2"": 0.99953, ""constant_value"": null, ""nondecreasing_share"": 0.549}}",0.9990944459746052,0.9715545050833496,0.00035132596490150547,0.00024455844865118887,
QAS,142,42674,37637,True,"{""vin_2 col 0"": {""best"": ""current"", ""r2"": 0.19939, ""joint_modepi_current_soc_r2"": 0.20502, ""median_abs_diff_to_modepi"": 0.03521}, ""vin_2 col 1"": {""best"": ""volt_modepi"", ""r2"": 0.66032, ""joint_modepi_current_soc_r2"": 0.99772, ""median_abs_diff_to_modepi"": 0.2962}, ""vin_3 col 0"": {""best"": ""current"", ""r2"": 0.32118, ""joint_modepi_current_soc_r2"": 0.46586, ""median_abs_diff_to_modepi"": 2.384}, ""vin_3 col 1"": {""best"": ""current"", ""r2"": 0.30494, ""joint_modepi_current_soc_r2"": 0.44417, ""median_abs_diff_to_modepi"": 2.368}}","{""0"": {""best"": ""temperature"", ""r2"": 1.0, ""constant_value"": null, ""nondecreasing_share"": 0.973}, ""1"": {""best"": ""pack SOC"", ""r2"": 1.0, ""constant_value"": null, ""nondecreasing_share"": 0.958}, ""2"": {""best"": ""constant"", ""r2"": NaN, ""constant_value"": 0.0, ""nondecreasing_share"": 1.0}, ""3"": {""best"": ""cell sum"", ""r2"": 0.99998, ""constant_value"": null, ""nondecreasing_share"": 0.665}, ""4"": {""best"": ""current"", ""r2"": 1.0, ""constant_value"": null, ""nondecreasing_share"": 0.769}, ""5"": {""best"": ""volt_modepi"", ""r2"": 1.0, ""constant_value"": null, ""nondecreasing_share"": 0.656}, ""6"": {""best"": ""vin_3 col 0 (next row)"", ""r2"": 0.99996, ""constant_value"": null, ""nondecreasing_share"": 0.573}}",0.9641141485543016,0.3496187165703729,0.0007782588631077836,0.0003176724149387411,
QAS,144,31567,27869,True,"{""vin_2 col 0"": {""best"": ""current"", ""r2"": 0.91595, ""joint_modepi_current_soc_r2"": 0.93082, ""median_abs_diff_to_modepi"": 0.05199}, ""vin_2 col 1"": {""best"": ""cell median"", ""r2"": 0.7795, ""joint_modepi_current_soc_r2"": 0.99766, ""median_abs_diff_to_modepi"": 0.2922}, ""vin_3 col 0"": {""best"": ""current"", ""r2"": 0.33156, ""joint_modepi_current_soc_r2"": 0.63795, ""median_abs_diff_to_modepi"": 2.985}, ""vin_3 col 1"": {""best"": ""current"", ""r2"": 0.32123, ""joint_modepi_current_soc_r2"": 0.60862, ""median_abs_diff_to_modepi"": 3.092}}","{""0"": {""best"": ""temperature"", ""r2"": 1.0, ""constant_value"": null, ""nondecreasing_share"": 0.972}, ""1"": {""best"": ""pack SOC"", ""r2"": 1.0, ""constant_value"": null, ""nondecreasing_share"": 0.95}, ""2"": {""best"": ""constant"", ""r2"": NaN, ""constant_value"": 0.0, ""nondecreasing_share"": 1.0}, ""3"": {""best"": ""cell sum"", ""r2"": 0.99998, ""constant_value"": null, ""nondecreasing_share"": 0.659}, ""4"": {""best"": ""current"", ""r2"": 1.0, ""constant_value"": null, ""nondecreasing_share"": 0.784}, ""5"": {""best"": ""volt_modepi"", ""r2"": 1.0, ""constant_value"": null, ""nondecreasing_share"": 0.647}, ""6"": {""best"": ""vin_3 col 0 (next row)"", ""r2"": 0.99977, ""constant_value"": null, ""nondecreasing_share"": 0.683}}",0.9029223459142259,0.8925061396700013,0.0002959123502901395,7.635220773793207e-05,
QAS,143,40183,36758,True,"{""vin_2 col 0"": {""best"": ""current"", ""r2"": 0.9831, ""joint_modepi_current_soc_r2"": 0.99072, ""median_abs_diff_to_modepi"": 0.05992}, ""vin_2 col 1"": {""best"": ""cell median"", ""r2"": 0.82272, ""joint_modepi_current_soc_r2"": 0.99799, ""median_abs_diff_to_modepi"": 0.2262}, ""vin_3 col 0"": {""best"": ""current"", ""r2"": 0.66922, ""joint_modepi_current_soc_r2"": 0.79512, ""median_abs_diff_to_modepi"": 2.984}, ""vin_3 col 1"": {""best"": ""current"", ""r2"": 0.68462, ""joint_modepi_current_soc_r2"": 0.75336, ""median_abs_diff_to_modepi"": 3.01}}","{""0"": {""best"": ""temperature"", ""r2"": 1.0, ""constant_value"": null, ""nondecreasing_share"": 0.978}, ""1"": {""best"": ""pack SOC"", ""r2"": 1.0, ""constant_value"": null, ""nondecreasing_share"": 0.951}, ""2"": {""best"": ""constant"", ""r2"": NaN, ""constant_value"": 0.0, ""nondecreasing_share"": 1.0}, ""3"": {""best"": ""cell sum"", ""r2"": 0.99999, ""constant_value"": null, ""nondecreasing_share"": 0.663}, ""4"": {""best"": ""current"", ""r2"": 1.0, ""constant_value"": null, ""nondecreasing_share"": 0.719}, ""5"": {""best"": ""volt_modepi"", ""r2"": 1.0, ""constant_value"": null, ""nondecreasing_share"": 0.655}, ""6"": {""best"": ""vin_3 col 0 (next row)"", ""r2"": 0.99975, ""constant_value"": null, ""nondecreasing_share"": 0.66}}",0.7311690943536868,0.44509506651738695,0.0005207659437447276,3.975650048321049e-05,
QAS,145,33451,29420,True,"{""vin_2 col 0"": {""best"": ""current"", ""r2"": 0.00089, ""joint_modepi_current_soc_r2"": 0.00091, ""median_abs_diff_to_modepi"": 0.03692}, ""vin_2 col 1"": {""best"": ""cell mean"", ""r2"": 0.68856, ""joint_modepi_current_soc_r2"": 0.9983, ""median_abs_diff_to_modepi"": 0.2294}, ""vin_3 col 0"": {""best"": ""current"", ""r2"": 0.28646, ""joint_modepi_current_soc_r2"": 0.38471, ""median_abs_diff_to_modepi"": 2.382}, ""vin_3 col 1"": {""best"": ""current"", ""r2"": 0.29791, ""joint_modepi_current_soc_r2"": 0.38276, ""median_abs_diff_to_modepi"": 2.335}}","{""0"": {""best"": ""temperature"", ""r2"": 1.0, ""constant_value"": null, ""nondecreasing_share"": 0.977}, ""1"": {""best"": ""pack SOC"", ""r2"": 1.0, ""constant_value"": null, ""nondecreasing_share"": 0.963}, ""2"": {""best"": ""constant"", ""r2"": NaN, ""constant_value"": 0.0, ""nondecreasing_share"": 1.0}, ""3"": {""best"": ""volt_modepi"", ""r2"": 0.99999, ""constant_value"": null, ""nondecreasing_share"": 0.653}, ""4"": {""best"": ""current"", ""r2"": 1.0, ""constant_value"": null, ""nondecreasing_share"": 0.742}, ""5"": {""best"": ""volt_modepi"", ""r2"": 1.0, ""constant_value"": null, ""nondecreasing_share"": 0.643}, ""6"": {""best"": ""vin_3 col 0 (next row)"", ""r2"": 0.99997, ""constant_value"": null, ""nondecreasing_share"": 0.599}}",0.9858043237765448,0.9481239697585082,0.0006850759642167414,0.0003082015695197171,
QAS,147,31104,27782,True,"{""vin_2 col 0"": {""best"": ""current"", ""r2"": 0.00323, ""joint_modepi_current_soc_r2"": 0.00349, ""median_abs_diff_to_modepi"": 0.04314}, ""vin_2 col 1"": {""best"": ""cell median"", ""r2"": 0.74868, ""joint_modepi_current_soc_r2"": 0.99633, ""median_abs_diff_to_modepi"": 0.2548}, ""vin_3 col 0"": {""best"": ""current"", ""r2"": 0.37083, ""joint_modepi_current_soc_r2"": 0.65218, ""median_abs_diff_to_modepi"": 2.98}, ""vin_3 col 1"": {""best"": ""current"", ""r2"": 0.42898, ""joint_modepi_current_soc_r2"": 0.61651, ""median_abs_diff_to_modepi"": 2.942}}","{""0"": {""best"": ""temperature"", ""r2"": 1.0, ""constant_value"": null, ""nondecreasing_share"": 0.97}, ""1"": {""best"": ""pack SOC"", ""r2"": 1.0, ""constant_value"": null, ""nondecreasing_share"": 0.972}, ""2"": {""best"": ""constant"", ""r2"": NaN, ""constant_value"": 0.0, ""nondecreasing_share"": 1.0}, ""3"": {""best"": ""cell sum"", ""r2"": 0.99999, ""constant_value"": null, ""nondecreasing_share"": 0.667}, ""4"": {""best"": ""current"", ""r2"": 1.0, ""constant_value"": null, ""nondecreasing_share"": 0.806}, ""5"": {""best"": ""volt_modepi"", ""r2"": 1.0, ""constant_value"": null, ""nondecreasing_share"": 0.652}, ""6"": {""best"": ""vin_3 col 0 (next row)"", ""r2"": 0.99979, ""constant_value"": null, ""nondecreasing_share"": 0.636}}",0.9613952455057923,0.839440048580573,0.0003357937176871051,4.704607517141949e-05,
QAS,148,31560,28072,True,"{""vin_2 col 0"": {""best"": ""current"", ""r2"": 0.95427, ""joint_modepi_current_soc_r2"": 0.97091, ""median_abs_diff_to_modepi"": 0.02391}, ""vin_2 col 1"": {""best"": ""cell median"", ""r2"": 0.75438, ""joint_modepi_current_soc_r2"": 0.99837, ""median_abs_diff_to_modepi"": 0.2391}, ""vin_3 col 0"": {""best"": ""current"", ""r2"": 0.37187, ""joint_modepi_current_soc_r2"": 0.41038, ""median_abs_diff_to_modepi"": 2.379}, ""vin_3 col 1"": {""best"": ""current"", ""r2"": 0.35384, ""joint_modepi_current_soc_r2"": 0.39327, ""median_abs_diff_to_modepi"": 2.353}}","{""0"": {""best"": ""temperature"", ""r2"": 1.0, ""constant_value"": null, ""nondecreasing_share"": 0.973}, ""1"": {""best"": ""pack SOC"", ""r2"": 1.0, ""constant_value"": null, ""nondecreasing_share"": 0.943}, ""2"": {""best"": ""constant"", ""r2"": NaN, ""constant_value"": 0.0, ""nondecreasing_share"": 1.0}, ""3"": {""best"": ""cell sum"", ""r2"": 0.99999, ""constant_value"": null, ""nondecreasing_share"": 0.707}, ""4"": {""best"": ""current"", ""r2"": 1.0, ""constant_value"": null, ""nondecreasing_share"": 0.792}, ""5"": {""best"": ""volt_modepi"", ""r2"": 1.0, ""constant_value"": null, ""nondecreasing_share"": 0.696}, ""6"": {""best"": ""vin_3 col 0 (next row)"", ""r2"": 0.99997, ""constant_value"": null, ""nondecreasing_share"": 0.626}}",0.9950750257280109,0.9765724103111204,0.0004927394123432904,0.00027662744078294204,
QAS,146,41890,38965,True,"{""vin_2 col 0"": {""best"": ""current"", ""r2"": 0.93366, ""joint_modepi_current_soc_r2"": 0.93952, ""median_abs_diff_to_modepi"": 0.02424}, ""vin_2 col 1"": {""best"": ""volt_modepi"", ""r2"": 0.71294, ""joint_modepi_current_soc_r2"": 0.99808, ""median_abs_diff_to_modepi"": 0.1944}, ""vin_3 col 0"": {""best"": ""current"", ""r2"": 0.27995, ""joint_modepi_current_soc_r2"": 0.32352, ""median_abs_diff_to_modepi"": 2.374}, ""vin_3 col 1"": {""best"": ""current"", ""r2"": 0.25999, ""joint_modepi_current_soc_r2"": 0.3056, ""median_abs_diff_to_modepi"": 2.362}}","{""0"": {""best"": ""temperature"", ""r2"": 1.0, ""constant_value"": null, ""nondecreasing_share"": 0.973}, ""1"": {""best"": ""pack SOC"", ""r2"": 1.0, ""constant_value"": null, ""nondecreasing_share"": 0.978}, ""2"": {""best"": ""constant"", ""r2"": NaN, ""constant_value"": 0.0, ""nondecreasing_share"": 1.0}, ""3"": {""best"": ""cell sum"", ""r2"": 0.99999, ""constant_value"": null, ""nondecreasing_share"": 0.659}, ""4"": {""best"": ""current"", ""r2"": 1.0, ""constant_value"": null, ""nondecreasing_share"": 0.748}, ""5"": {""best"": ""volt_modepi"", ""r2"": 1.0, ""constant_value"": null, ""nondecreasing_share"": 0.646}, ""6"": {""best"": ""vin_3 col 0 (next row)"", ""r2"": 0.99997, ""constant_value"": null, ""nondecreasing_share"": 0.563}}",0.6865886821369782,0.7335103786721878,0.0003980384596904418,0.00012886722370542258,
QAS,149,29373,27289,True,"{""vin_2 col 0"": {""best"": ""current"", ""r2"": 0.62956, ""joint_modepi_current_soc_r2"": 0.63531, ""median_abs_diff_to_modepi"": 0.02331}, ""vin_2 col 1"": {""best"": ""cell median"", ""r2"": 0.7224, ""joint_modepi_current_soc_r2"": 0.99759, ""median_abs_diff_to_modepi"": 0.1918}, ""vin_3 col 0"": {""best"": ""temperature"", ""r2"": 0.37362, ""joint_modepi_current_soc_r2"": 0.25342, ""median_abs_diff_to_modepi"": 2.638}, ""vin_3 col 1"": {""best"": ""temperature"", ""r2"": 0.36821, ""joint_modepi_current_soc_r2"": 0.2372, ""median_abs_diff_to_modepi"": 2.64}}","{""0"": {""best"": ""temperature"", ""r2"": 1.0, ""constant_value"": null, ""nondecreasing_share"": 0.975}, ""1"": {""best"": ""pack SOC"", ""r2"": 1.0, ""constant_value"": null, ""nondecreasing_share"": 0.965}, ""2"": {""best"": ""constant"", ""r2"": NaN, ""constant_value"": 0.0, ""nondecreasing_share"": 1.0}, ""3"": {""best"": ""cell sum"", ""r2"": 0.99999, ""constant_value"": null, ""nondecreasing_share"": 0.606}, ""4"": {""best"": ""current"", ""r2"": 1.0, ""constant_value"": null, ""nondecreasing_share"": 0.739}, ""5"": {""best"": ""volt_modepi"", ""r2"": 1.0, ""constant_value"": null, ""nondecreasing_share"": 0.596}, ""6"": {""best"": ""vin_3 col 0 (next row)"", ""r2"": 0.99981, ""constant_value"": null, ""nondecreasing_share"": 0.605}}",0.9469201759099608,0.8728313345369743,0.0002902061083578378,0.00016286405026402548,
QAS,150,29059,26199,True,"{""vin_2 col 0"": {""best"": ""current"", ""r2"": 0.96275, ""joint_modepi_current_soc_r2"": 0.97003, ""median_abs_diff_to_modepi"": 0.0295}, ""vin_2 col 1"": {""best"": ""volt_modepi"", ""r2"": 0.70673, ""joint_modepi_current_soc_r2"": 0.99744, ""median_abs_diff_to_modepi"": 0.2191}, ""vin_3 col 0"": {""best"": ""current"", ""r2"": 0.36408, ""joint_modepi_current_soc_r2"": 0.44604, ""median_abs_diff_to_modepi"": 2.371}, ""vin_3 col 1"": {""best"": ""current"", ""r2"": 0.33441, ""joint_modepi_current_soc_r2"": 0.41747, ""median_abs_diff_to_modepi"": 2.359}}","{""0"": {""best"": ""temperature"", ""r2"": 1.0, ""constant_value"": null, ""nondecreasing_share"": 0.977}, ""1"": {""best"": ""pack SOC"", ""r2"": 1.0, ""constant_value"": null, ""nondecreasing_share"": 0.968}, ""2"": {""best"": ""constant"", ""r2"": NaN, ""constant_value"": 0.0, ""nondecreasing_share"": 1.0}, ""3"": {""best"": ""cell sum"", ""r2"": 0.99997, ""constant_value"": null, ""nondecreasing_share"": 0.61}, ""4"": {""best"": ""current"", ""r2"": 1.0, ""constant_value"": null, ""nondecreasing_share"": 0.792}, ""5"": {""best"": ""volt_modepi"", ""r2"": 1.0, ""constant_value"": null, ""nondecreasing_share"": 0.598}, ""6"": {""best"": ""vin_3 col 0 (next row)"", ""r2"": 0.99997, ""constant_value"": null, ""nondecreasing_share"": 0.563}}",0.9576583469189767,0.6864714369040209,0.000727549148243023,0.0001761577585823515,
QAS,151,30174,27153,True,"{""vin_2 col 0"": {""best"": ""current"", ""r2"": 0.78888, ""joint_modepi_current_soc_r2"": 0.79112, ""median_abs_diff_to_modepi"": 0.05561}, ""vin_2 col 1"": {""best"": ""cell median"", ""r2"": 0.80012, ""joint_modepi_current_soc_r2"": 0.99741, ""median_abs_diff_to_modepi"": 0.1918}, ""vin_3 col 0"": {""best"": ""current"", ""r2"": 0.68135, ""joint_modepi_current_soc_r2"": 0.78734, ""median_abs_diff_to_modepi"": 2.975}, ""vin_3 col 1"": {""best"": ""current"", ""r2"": 0.67612, ""joint_modepi_current_soc_r2"": 0.74667, ""median_abs_diff_to_modepi"": 3.25}}","{""0"": {""best"": ""temperature"", ""r2"": 1.0, ""constant_value"": null, ""nondecreasing_share"": 0.976}, ""1"": {""best"": ""pack SOC"", ""r2"": 1.0, ""constant_value"": null, ""nondecreasing_share"": 0.971}, ""2"": {""best"": ""constant"", ""r2"": NaN, ""constant_value"": 0.0, ""nondecreasing_share"": 1.0}, ""3"": {""best"": ""cell sum"", ""r2"": 0.99999, ""constant_value"": null, ""nondecreasing_share"": 0.697}, ""4"": {""best"": ""current"", ""r2"": 1.0, ""constant_value"": null, ""nondecreasing_share"": 0.831}, ""5"": {""best"": ""volt_modepi"", ""r2"": 1.0, ""constant_value"": null, ""nondecreasing_share"": 0.687}, ""6"": {""best"": ""vin_3 col 0 (next row)"", ""r2"": 0.99976, ""constant_value"": null, ""nondecreasing_share"": 0.673}}",0.8094331355746675,0.554774943434386,0.00031203421596015524,1.6692112157948628e-05,
QAS,152,40653,35408,True,"{""vin_2 col 0"": {""best"": ""current"", ""r2"": 0.98627, ""joint_modepi_current_soc_r2"": 0.99104, ""median_abs_diff_to_modepi"": 0.04786}, ""vin_2 col 1"": {""best"": ""cell median"", ""r2"": 0.7455, ""joint_modepi_current_soc_r2"": 0.9982, ""median_abs_diff_to_modepi"": 0.2299}, ""vin_3 col 0"": {""best"": ""current"", ""r2"": 0.61059, ""joint_modepi_current_soc_r2"": 0.80922, ""median_abs_diff_to_modepi"": 2.972}, ""vin_3 col 1"": {""best"": ""current"", ""r2"": 0.64378, ""joint_modepi_current_soc_r2"": 0.781, ""median_abs_diff_to_modepi"": 2.958}}","{""0"": {""best"": ""temperature"", ""r2"": 1.0, ""constant_value"": null, ""nondecreasing_share"": 0.972}, ""1"": {""best"": ""pack SOC"", ""r2"": 1.0, ""constant_value"": null, ""nondecreasing_share"": 0.959}, ""2"": {""best"": ""constant"", ""r2"": NaN, ""constant_value"": 0.0, ""nondecreasing_share"": 1.0}, ""3"": {""best"": ""cell sum"", ""r2"": 0.99999, ""constant_value"": null, ""nondecreasing_share"": 0.654}, ""4"": {""best"": ""current"", ""r2"": 1.0, ""constant_value"": null, ""nondecreasing_share"": 0.803}, ""5"": {""best"": ""volt_modepi"", ""r2"": 1.0, ""constant_value"": null, ""nondecreasing_share"": 0.646}, ""6"": {""best"": ""vin_3 col 0 (next row)"", ""r2"": 0.99974, ""constant_value"": null, ""nondecreasing_share"": 0.633}}",0.8825469212795388,0.8321044437214052,0.0003486420932965473,3.959416184933318e-05,
QAS,154,34311,29224,True,"{""vin_2 col 0"": {""best"": ""current"", ""r2"": 0.97533, ""joint_modepi_current_soc_r2"": 0.98242, ""median_abs_diff_to_modepi"": 0.03116}, ""vin_2 col 1"": {""best"": ""cell min"", ""r2"": 0.68538, ""joint_modepi_current_soc_r2"": 0.99864, ""median_abs_diff_to_modepi"": 0.2429}, ""vin_3 col 0"": {""best"": ""current"", ""r2"": 0.54724, ""joint_modepi_current_soc_r2"": 0.60691, ""median_abs_diff_to_modepi"": 2.378}, ""vin_3 col 1"": {""best"": ""current"", ""r2"": 0.51504, ""joint_modepi_current_soc_r2"": 0.57529, ""median_abs_diff_to_modepi"": 2.368}}","{""0"": {""best"": ""temperature"", ""r2"": 1.0, ""constant_value"": null, ""nondecreasing_share"": 0.974}, ""1"": {""best"": ""pack SOC"", ""r2"": 1.0, ""constant_value"": null, ""nondecreasing_share"": 0.963}, ""2"": {""best"": ""constant"", ""r2"": NaN, ""constant_value"": 0.0, ""nondecreasing_share"": 1.0}, ""3"": {""best"": ""volt_modepi"", ""r2"": 0.99999, ""constant_value"": null, ""nondecreasing_share"": 0.652}, ""4"": {""best"": ""current"", ""r2"": 1.0, ""constant_value"": null, ""nondecreasing_share"": 0.809}, ""5"": {""best"": ""volt_modepi"", ""r2"": 1.0, ""constant_value"": null, ""nondecreasing_share"": 0.642}, ""6"": {""best"": ""vin_3 col 0 (next row)"", ""r2"": 0.99996, ""constant_value"": null, ""nondecreasing_share"": 0.522}}",0.9926083364576024,0.9492347090644273,0.0019388208106496663,0.0006609758482652118,
QAS,153,37825,33439,True,"{""vin_2 col 0"": {""best"": ""current"", ""r2"": 0.97733, ""joint_modepi_current_soc_r2"": 0.98732, ""median_abs_diff_to_modepi"": 0.02227}, ""vin_2 col 1"": {""best"": ""cell median"", ""r2"": 0.7925, ""joint_modepi_current_soc_r2"": 0.99763, ""median_abs_diff_to_modepi"": 0.2125}, ""vin_3 col 0"": {""best"": ""current"", ""r2"": 0.92698, ""joint_modepi_current_soc_r2"": 0.94323, ""median_abs_diff_to_modepi"": 2.371}, ""vin_3 col 1"": {""best"": ""current"", ""r2"": 0.91023, ""joint_modepi_current_soc_r2"": 0.93341, ""median_abs_diff_to_modepi"": 2.357}}","{""0"": {""best"": ""temperature"", ""r2"": 1.0, ""constant_value"": null, ""nondecreasing_share"": 0.971}, ""1"": {""best"": ""pack SOC"", ""r2"": 1.0, ""constant_value"": null, ""nondecreasing_share"": 0.972}, ""2"": {""best"": ""constant"", ""r2"": NaN, ""constant_value"": 0.0, ""nondecreasing_share"": 1.0}, ""3"": {""best"": ""cell sum"", ""r2"": 0.99998, ""constant_value"": null, ""nondecreasing_share"": 0.726}, ""4"": {""best"": ""current"", ""r2"": 1.0, ""constant_value"": null, ""nondecreasing_share"": 0.855}, ""5"": {""best"": ""volt_modepi"", ""r2"": 1.0, ""constant_value"": null, ""nondecreasing_share"": 0.717}, ""6"": {""best"": ""vin_3 col 0 (next row)"", ""r2"": 0.99998, ""constant_value"": null, ""nondecreasing_share"": 0.56}}",0.9988598614530338,0.9959253266321737,0.0008757794531231156,0.0006979247605221062,
QAS,156,30229,25557,True,"{""vin_2 col 0"": {""best"": ""current"", ""r2"": 0.78694, ""joint_modepi_current_soc_r2"": 0.79552, ""median_abs_diff_to_modepi"": 0.0505}, ""vin_2 col 1"": {""best"": ""cell median"", ""r2"": 0.75895, ""joint_modepi_current_soc_r2"": 0.99713, ""median_abs_diff_to_modepi"": 0.2761}, ""vin_3 col 0"": {""best"": ""current"", ""r2"": 0.33293, ""joint_modepi_current_soc_r2"": 0.63031, ""median_abs_diff_to_modepi"": 2.987}, ""vin_3 col 1"": {""best"": ""current"", ""r2"": 0.33812, ""joint_modepi_current_soc_r2"": 0.60108, ""median_abs_diff_to_modepi"": 3.085}}","{""0"": {""best"": ""temperature"", ""r2"": 1.0, ""constant_value"": null, ""nondecreasing_share"": 0.972}, ""1"": {""best"": ""pack SOC"", ""r2"": 1.0, ""constant_value"": null, ""nondecreasing_share"": 0.971}, ""2"": {""best"": ""constant"", ""r2"": NaN, ""constant_value"": 0.0, ""nondecreasing_share"": 1.0}, ""3"": {""best"": ""cell sum"", ""r2"": 0.99999, ""constant_value"": null, ""nondecreasing_share"": 0.677}, ""4"": {""best"": ""current"", ""r2"": 1.0, ""constant_value"": null, ""nondecreasing_share"": 0.823}, ""5"": {""best"": ""volt_modepi"", ""r2"": 1.0, ""constant_value"": null, ""nondecreasing_share"": 0.662}, ""6"": {""best"": ""vin_3 col 0 (next row)"", ""r2"": 0.9998, ""constant_value"": null, ""nondecreasing_share"": 0.645}}",0.8582854404919286,0.8896186698856748,0.00028013034860774333,3.897280502348591e-05,
QAS,157,34164,29849,True,"{""vin_2 col 0"": {""best"": ""current"", ""r2"": 0.8843, ""joint_modepi_current_soc_r2"": 0.88832, ""median_abs_diff_to_modepi"": 0.05466}, ""vin_2 col 1"": {""best"": ""cell median"", ""r2"": 0.773, ""joint_modepi_current_soc_r2"": 0.99721, ""median_abs_diff_to_modepi"": 0.2444}, ""vin_3 col 0"": {""best"": ""temperature"", ""r2"": 0.12724, ""joint_modepi_current_soc_r2"": 0.09309, ""median_abs_diff_to_modepi"": 2.976}, ""vin_3 col 1"": {""best"": ""temperature"", ""r2"": 0.11498, ""joint_modepi_current_soc_r2"": 0.08421, ""median_abs_diff_to_modepi"": 2.999}}","{""0"": {""best"": ""temperature"", ""r2"": 1.0, ""constant_value"": null, ""nondecreasing_share"": 0.973}, ""1"": {""best"": ""pack SOC"", ""r2"": 1.0, ""constant_value"": null, ""nondecreasing_share"": 0.969}, ""2"": {""best"": ""constant"", ""r2"": NaN, ""constant_value"": 0.0, ""nondecreasing_share"": 1.0}, ""3"": {""best"": ""cell sum"", ""r2"": 0.99999, ""constant_value"": null, ""nondecreasing_share"": 0.68}, ""4"": {""best"": ""current"", ""r2"": 1.0, ""constant_value"": null, ""nondecreasing_share"": 0.787}, ""5"": {""best"": ""volt_modepi"", ""r2"": 1.0, ""constant_value"": null, ""nondecreasing_share"": 0.669}, ""6"": {""best"": ""vin_3 col 0 (next row)"", ""r2"": 0.99972, ""constant_value"": null, ""nondecreasing_share"": 0.625}}",0.9088270115306718,0.882424482305142,0.000564545853182663,6.198469823439181e-05,
QAS,155,50568,41569,True,"{""vin_2 col 0"": {""best"": ""current"", ""r2"": 0.99596, ""joint_modepi_current_soc_r2"": 0.99687, ""median_abs_diff_to_modepi"": 0.051}, ""vin_2 col 1"": {""best"": ""cell median"", ""r2"": 0.70981, ""joint_modepi_current_soc_r2"": 0.99763, ""median_abs_diff_to_modepi"": 0.1782}, ""vin_3 col 0"": {""best"": ""current"", ""r2"": 0.93255, ""joint_modepi_current_soc_r2"": 0.94415, ""median_abs_diff_to_modepi"": 2.953}, ""vin_3 col 1"": {""best"": ""current"", ""r2"": 0.93404, ""joint_modepi_current_soc_r2"": 0.93506, ""median_abs_diff_to_modepi"": 2.97}}","{""0"": {""best"": ""temperature"", ""r2"": 1.0, ""constant_value"": null, ""nondecreasing_share"": 0.974}, ""1"": {""best"": ""pack SOC"", ""r2"": 1.0, ""constant_value"": null, ""nondecreasing_share"": 0.974}, ""2"": {""best"": ""constant"", ""r2"": NaN, ""constant_value"": 0.0, ""nondecreasing_share"": 1.0}, ""3"": {""best"": ""cell sum"", ""r2"": 0.99999, ""constant_value"": null, ""nondecreasing_share"": 0.653}, ""4"": {""best"": ""current"", ""r2"": 1.0, ""constant_value"": null, ""nondecreasing_share"": 0.833}, ""5"": {""best"": ""volt_modepi"", ""r2"": 1.0, ""constant_value"": null, ""nondecreasing_share"": 0.636}, ""6"": {""best"": ""vin_3 col 0 (next row)"", ""r2"": 0.99992, ""constant_value"": null, ""nondecreasing_share"": 0.577}}",0.5275955796439841,0.3476177379348557,0.0009793661274932752,4.8425203509608686e-05,
QAS,158,28208,25681,True,"{""vin_2 col 0"": {""best"": ""current"", ""r2"": 0.00271, ""joint_modepi_current_soc_r2"": 0.00278, ""median_abs_diff_to_modepi"": 0.04771}, ""vin_2 col 1"": {""best"": ""cell median"", ""r2"": 0.7895, ""joint_modepi_current_soc_r2"": 0.9977, ""median_abs_diff_to_modepi"": 0.2474}, ""vin_3 col 0"": {""best"": ""pack SOC"", ""r2"": 0.40929, ""joint_modepi_current_soc_r2"": 0.7553, ""median_abs_diff_to_modepi"": 2.993}, ""vin_3 col 1"": {""best"": ""current"", ""r2"": 0.34074, ""joint_modepi_current_soc_r2"": 0.69419, ""median_abs_diff_to_modepi"": 3.003}}","{""0"": {""best"": ""temperature"", ""r2"": 1.0, ""constant_value"": null, ""nondecreasing_share"": 0.976}, ""1"": {""best"": ""pack SOC"", ""r2"": 1.0, ""constant_value"": null, ""nondecreasing_share"": 0.967}, ""2"": {""best"": ""constant"", ""r2"": NaN, ""constant_value"": 0.0, ""nondecreasing_share"": 1.0}, ""3"": {""best"": ""cell sum"", ""r2"": 0.99999, ""constant_value"": null, ""nondecreasing_share"": 0.657}, ""4"": {""best"": ""current"", ""r2"": 1.0, ""constant_value"": null, ""nondecreasing_share"": 0.82}, ""5"": {""best"": ""volt_modepi"", ""r2"": 1.0, ""constant_value"": null, ""nondecreasing_share"": 0.641}, ""6"": {""best"": ""vin_3 col 0 (next row)"", ""r2"": 0.99726, ""constant_value"": null, ""nondecreasing_share"": 0.637}}",0.9328894456373886,0.9200249835634656,0.00032441261850069125,8.364931503439824e-05,
QAS,161,26893,25434,True,"{""vin_2 col 0"": {""best"": ""current"", ""r2"": 0.00411, ""joint_modepi_current_soc_r2"": 0.00428, ""median_abs_diff_to_modepi"": 0.04582}, ""vin_2 col 1"": {""best"": ""cell median"", ""r2"": 0.78695, ""joint_modepi_current_soc_r2"": 0.99669, ""median_abs_diff_to_modepi"": 0.2407}, ""vin_3 col 0"": {""best"": ""temperature"", ""r2"": 0.19353, ""joint_modepi_current_soc_r2"": 0.1178, ""median_abs_diff_to_modepi"": 2.972}, ""vin_3 col 1"": {""best"": ""temperature"", ""r2"": 0.18601, ""joint_modepi_current_soc_r2"": 0.1041, ""median_abs_diff_to_modepi"": 2.987}}","{""0"": {""best"": ""temperature"", ""r2"": 1.0, ""constant_value"": null, ""nondecreasing_share"": 0.975}, ""1"": {""best"": ""pack SOC"", ""r2"": 1.0, ""constant_value"": null, ""nondecreasing_share"": 0.968}, ""2"": {""best"": ""constant"", ""r2"": NaN, ""constant_value"": 0.0, ""nondecreasing_share"": 1.0}, ""3"": {""best"": ""cell sum"", ""r2"": 0.99999, ""constant_value"": null, ""nondecreasing_share"": 0.661}, ""4"": {""best"": ""current"", ""r2"": 1.0, ""constant_value"": null, ""nondecreasing_share"": 0.798}, ""5"": {""best"": ""volt_modepi"", ""r2"": 1.0, ""constant_value"": null, ""nondecreasing_share"": 0.651}, ""6"": {""best"": ""vin_3 col 0 (next row)"", ""r2"": 0.99998, ""constant_value"": null, ""nondecreasing_share"": 0.624}}",0.979157823464161,0.9745976255090311,0.0002794181058551892,5.373907652606036e-05,
QAS,160,34985,30888,True,"{""vin_2 col 0"": {""best"": ""current"", ""r2"": 0.91785, ""joint_modepi_current_soc_r2"": 0.91988, ""median_abs_diff_to_modepi"": 0.04538}, ""vin_2 col 1"": {""best"": ""cell mean"", ""r2"": 0.8213, ""joint_modepi_current_soc_r2"": 0.99725, ""median_abs_diff_to_modepi"": 0.1629}, ""vin_3 col 0"": {""best"": ""current"", ""r2"": 0.63376, ""joint_modepi_current_soc_r2"": 0.74112, ""median_abs_diff_to_modepi"": 2.958}, ""vin_3 col 1"": {""best"": ""current"", ""r2"": 0.61457, ""joint_modepi_current_soc_r2"": 0.68974, ""median_abs_diff_to_modepi"": 2.981}}","{""0"": {""best"": ""temperature"", ""r2"": 1.0, ""constant_value"": null, ""nondecreasing_share"": 0.979}, ""1"": {""best"": ""pack SOC"", ""r2"": 1.0, ""constant_value"": null, ""nondecreasing_share"": 0.969}, ""2"": {""best"": ""constant"", ""r2"": NaN, ""constant_value"": 0.0, ""nondecreasing_share"": 1.0}, ""3"": {""best"": ""cell sum"", ""r2"": 0.99998, ""constant_value"": null, ""nondecreasing_share"": 0.659}, ""4"": {""best"": ""current"", ""r2"": 1.0, ""constant_value"": null, ""nondecreasing_share"": 0.772}, ""5"": {""best"": ""volt_modepi"", ""r2"": 1.0, ""constant_value"": null, ""nondecreasing_share"": 0.647}, ""6"": {""best"": ""vin_3 col 0 (next row)"", ""r2"": 0.9954, ""constant_value"": null, ""nondecreasing_share"": 0.601}}",0.8701015873913476,0.8840279464790135,0.00030367421745980394,3.1826042851831977e-05,
QAS,163,27514,27227,True,"{""vin_2 col 0"": {""best"": ""current"", ""r2"": 0.92309, ""joint_modepi_current_soc_r2"": 0.94781, ""median_abs_diff_to_modepi"": 0.04317}, ""vin_2 col 1"": {""best"": ""cell median"", ""r2"": 0.92218, ""joint_modepi_current_soc_r2"": 0.99379, ""median_abs_diff_to_modepi"": 0.2205}, ""vin_3 col 0"": {""best"": ""pack SOC"", ""r2"": 0.37531, ""joint_modepi_current_soc_r2"": 0.57275, ""median_abs_diff_to_modepi"": 2.98}, ""vin_3 col 1"": {""best"": ""pack SOC"", ""r2"": 0.23426, ""joint_modepi_current_soc_r2"": 0.43299, ""median_abs_diff_to_modepi"": 3.343}}","{""0"": {""best"": ""temperature"", ""r2"": 1.0, ""constant_value"": null, ""nondecreasing_share"": 0.975}, ""1"": {""best"": ""pack SOC"", ""r2"": 1.0, ""constant_value"": null, ""nondecreasing_share"": 0.973}, ""2"": {""best"": ""constant"", ""r2"": NaN, ""constant_value"": 0.0, ""nondecreasing_share"": 1.0}, ""3"": {""best"": ""cell sum"", ""r2"": 0.99998, ""constant_value"": null, ""nondecreasing_share"": 0.65}, ""4"": {""best"": ""current"", ""r2"": 1.0, ""constant_value"": null, ""nondecreasing_share"": 0.772}, ""5"": {""best"": ""volt_modepi"", ""r2"": 1.0, ""constant_value"": null, ""nondecreasing_share"": 0.635}, ""6"": {""best"": ""vin_3 col 0 (next row)"", ""r2"": 0.99993, ""constant_value"": null, ""nondecreasing_share"": 0.609}}",0.894408910140251,0.8019585460180135,0.00024177670631098103,2.957771369937261e-05,
QAS,159,50543,47276,True,"{""vin_2 col 0"": {""best"": ""current"", ""r2"": 0.9875, ""joint_modepi_current_soc_r2"": 0.99163, ""median_abs_diff_to_modepi"": 0.04762}, ""vin_2 col 1"": {""best"": ""cell median"", ""r2"": 0.76941, ""joint_modepi_current_soc_r2"": 0.99743, ""median_abs_diff_to_modepi"": 0.2234}, ""vin_3 col 0"": {""best"": ""current"", ""r2"": 0.5229, ""joint_modepi_current_soc_r2"": 0.76986, ""median_abs_diff_to_modepi"": 2.964}, ""vin_3 col 1"": {""best"": ""current"", ""r2"": 0.51031, ""joint_modepi_current_soc_r2"": 0.72755, ""median_abs_diff_to_modepi"": 3.21}}","{""0"": {""best"": ""temperature"", ""r2"": 1.0, ""constant_value"": null, ""nondecreasing_share"": 0.974}, ""1"": {""best"": ""pack SOC"", ""r2"": 1.0, ""constant_value"": null, ""nondecreasing_share"": 0.964}, ""2"": {""best"": ""constant"", ""r2"": NaN, ""constant_value"": 0.0, ""nondecreasing_share"": 1.0}, ""3"": {""best"": ""cell sum"", ""r2"": 0.99997, ""constant_value"": null, ""nondecreasing_share"": 0.648}, ""4"": {""best"": ""current"", ""r2"": 1.0, ""constant_value"": null, ""nondecreasing_share"": 0.767}, ""5"": {""best"": ""volt_modepi"", ""r2"": 1.0, ""constant_value"": null, ""nondecreasing_share"": 0.636}, ""6"": {""best"": ""vin_3 col 0 (next row)"", ""r2"": 0.99974, ""constant_value"": null, ""nondecreasing_share"": 0.55}}",0.8463026971533493,0.8399434753423443,0.0005271287474482023,8.34605359257381e-05,
QAS,162,44257,39606,True,"{""vin_2 col 0"": {""best"": ""current"", ""r2"": 0.00106, ""joint_modepi_current_soc_r2"": 0.00109, ""median_abs_diff_to_modepi"": 0.02587}, ""vin_2 col 1"": {""best"": ""volt_modepi"", ""r2"": 0.68092, ""joint_modepi_current_soc_r2"": 0.9981, ""median_abs_diff_to_modepi"": 0.2142}, ""vin_3 col 0"": {""best"": ""current"", ""r2"": 0.78024, ""joint_modepi_current_soc_r2"": 0.79793, ""median_abs_diff_to_modepi"": 2.375}, ""vin_3 col 1"": {""best"": ""current"", ""r2"": 0.77202, ""joint_modepi_current_soc_r2"": 0.80093, ""median_abs_diff_to_modepi"": 2.338}}","{""0"": {""best"": ""temperature"", ""r2"": 1.0, ""constant_value"": null, ""nondecreasing_share"": 0.972}, ""1"": {""best"": ""pack SOC"", ""r2"": 1.0, ""constant_value"": null, ""nondecreasing_share"": 0.965}, ""2"": {""best"": ""constant"", ""r2"": NaN, ""constant_value"": 0.0, ""nondecreasing_share"": 1.0}, ""3"": {""best"": ""cell sum"", ""r2"": 0.99999, ""constant_value"": null, ""nondecreasing_share"": 0.658}, ""4"": {""best"": ""current"", ""r2"": 1.0, ""constant_value"": null, ""nondecreasing_share"": 0.757}, ""5"": {""best"": ""volt_modepi"", ""r2"": 1.0, ""constant_value"": null, ""nondecreasing_share"": 0.648}, ""6"": {""best"": ""vin_3 col 0 (next row)"", ""r2"": 0.99911, ""constant_value"": null, ""nondecreasing_share"": 0.515}}",0.9945125524619377,0.8978084536562267,0.0011442986284739831,0.0003476551034583407,
QAS,164,34897,32198,True,"{""vin_2 col 0"": {""best"": ""current"", ""r2"": 0.98528, ""joint_modepi_current_soc_r2"": 0.98897, ""median_abs_diff_to_modepi"": 0.04338}, ""vin_2 col 1"": {""best"": ""cell median"", ""r2"": 0.80069, ""joint_modepi_current_soc_r2"": 0.99654, ""median_abs_diff_to_modepi"": 0.1912}, ""vin_3 col 0"": {""best"": ""current"", ""r2"": 0.45172, ""joint_modepi_current_soc_r2"": 0.69864, ""median_abs_diff_to_modepi"": 2.973}, ""vin_3 col 1"": {""best"": ""current"", ""r2"": 0.44457, ""joint_modepi_current_soc_r2"": 0.65247, ""median_abs_diff_to_modepi"": 3.19}}","{""0"": {""best"": ""temperature"", ""r2"": 1.0, ""constant_value"": null, ""nondecreasing_share"": 0.973}, ""1"": {""best"": ""pack SOC"", ""r2"": 1.0, ""constant_value"": null, ""nondecreasing_share"": 0.973}, ""2"": {""best"": ""constant"", ""r2"": NaN, ""constant_value"": 0.0, ""nondecreasing_share"": 1.0}, ""3"": {""best"": ""volt_modepi"", ""r2"": 0.99999, ""constant_value"": null, ""nondecreasing_share"": 0.634}, ""4"": {""best"": ""current"", ""r2"": 1.0, ""constant_value"": null, ""nondecreasing_share"": 0.742}, ""5"": {""best"": ""volt_modepi"", ""r2"": 1.0, ""constant_value"": null, ""nondecreasing_share"": 0.62}, ""6"": {""best"": ""vin_3 col 0 (next row)"", ""r2"": 0.99976, ""constant_value"": null, ""nondecreasing_share"": 0.58}}",0.9039943219913233,0.8298995205852571,0.0002828208412346545,3.707237486541681e-05,
QAS,166,29741,25641,True,"{""vin_2 col 0"": {""best"": ""current"", ""r2"": 0.48967, ""joint_modepi_current_soc_r2"": 0.49313, ""median_abs_diff_to_modepi"": 0.03199}, ""vin_2 col 1"": {""best"": ""cell median"", ""r2"": 0.71791, ""joint_modepi_current_soc_r2"": 0.99799, ""median_abs_diff_to_modepi"": 0.2282}, ""vin_3 col 0"": {""best"": ""current"", ""r2"": 0.32349, ""joint_modepi_current_soc_r2"": 0.36691, ""median_abs_diff_to_modepi"": 2.377}, ""vin_3 col 1"": {""best"": ""current"", ""r2"": 0.29405, ""joint_modepi_current_soc_r2"": 0.33815, ""median_abs_diff_to_modepi"": 2.371}}","{""0"": {""best"": ""temperature"", ""r2"": 1.0, ""constant_value"": null, ""nondecreasing_share"": 0.975}, ""1"": {""best"": ""pack SOC"", ""r2"": 1.0, ""constant_value"": null, ""nondecreasing_share"": 0.965}, ""2"": {""best"": ""constant"", ""r2"": NaN, ""constant_value"": 0.0, ""nondecreasing_share"": 1.0}, ""3"": {""best"": ""volt_modepi"", ""r2"": 0.99999, ""constant_value"": null, ""nondecreasing_share"": 0.645}, ""4"": {""best"": ""current"", ""r2"": 1.0, ""constant_value"": null, ""nondecreasing_share"": 0.759}, ""5"": {""best"": ""volt_modepi"", ""r2"": 1.0, ""constant_value"": null, ""nondecreasing_share"": 0.634}, ""6"": {""best"": ""vin_3 col 0 (next row)"", ""r2"": 0.99997, ""constant_value"": null, ""nondecreasing_share"": 0.583}}",0.9928849590536788,0.9728269304311545,0.00046716678569169723,0.00020702445843847727,
QAS,167,31565,26996,True,"{""vin_2 col 0"": {""best"": ""current"", ""r2"": 0.00166, ""joint_modepi_current_soc_r2"": 0.00183, ""median_abs_diff_to_modepi"": 0.02618}, ""vin_2 col 1"": {""best"": ""volt_modepi"", ""r2"": 0.73065, ""joint_modepi_current_soc_r2"": 0.99775, ""median_abs_diff_to_modepi"": 0.2379}, ""vin_3 col 0"": {""best"": ""current"", ""r2"": 0.32482, ""joint_modepi_current_soc_r2"": 0.33331, ""median_abs_diff_to_modepi"": 2.38}, ""vin_3 col 1"": {""best"": ""current"", ""r2"": 0.29163, ""joint_modepi_current_soc_r2"": 0.30079, ""median_abs_diff_to_modepi"": 2.377}}","{""0"": {""best"": ""temperature"", ""r2"": 1.0, ""constant_value"": null, ""nondecreasing_share"": 0.972}, ""1"": {""best"": ""pack SOC"", ""r2"": 1.0, ""constant_value"": null, ""nondecreasing_share"": 0.972}, ""2"": {""best"": ""constant"", ""r2"": NaN, ""constant_value"": 0.0, ""nondecreasing_share"": 1.0}, ""3"": {""best"": ""cell sum"", ""r2"": 0.99999, ""constant_value"": null, ""nondecreasing_share"": 0.655}, ""4"": {""best"": ""current"", ""r2"": 1.0, ""constant_value"": null, ""nondecreasing_share"": 0.798}, ""5"": {""best"": ""volt_modepi"", ""r2"": 1.0, ""constant_value"": null, ""nondecreasing_share"": 0.644}, ""6"": {""best"": ""vin_3 col 0 (next row)"", ""r2"": 0.99978, ""constant_value"": null, ""nondecreasing_share"": 0.575}}",0.9917228573533636,0.9620939026425478,0.000695943431128887,0.0002231033917927821,
QAS,168,31192,27707,True,"{""vin_2 col 0"": {""best"": ""current"", ""r2"": 0.98966, ""joint_modepi_current_soc_r2"": 0.99204, ""median_abs_diff_to_modepi"": 0.04446}, ""vin_2 col 1"": {""best"": ""volt_modepi"", ""r2"": 0.80471, ""joint_modepi_current_soc_r2"": 0.99736, ""median_abs_diff_to_modepi"": 0.1775}, ""vin_3 col 0"": {""best"": ""current"", ""r2"": 0.59218, ""joint_modepi_current_soc_r2"": 0.71319, ""median_abs_diff_to_modepi"": 2.971}, ""vin_3 col 1"": {""best"": ""current"", ""r2"": 0.58192, ""joint_modepi_current_soc_r2"": 0.68111, ""median_abs_diff_to_modepi"": 3.053}}","{""0"": {""best"": ""temperature"", ""r2"": 1.0, ""constant_value"": null, ""nondecreasing_share"": 0.974}, ""1"": {""best"": ""pack SOC"", ""r2"": 1.0, ""constant_value"": null, ""nondecreasing_share"": 0.971}, ""2"": {""best"": ""constant"", ""r2"": NaN, ""constant_value"": 0.0, ""nondecreasing_share"": 1.0}, ""3"": {""best"": ""cell sum"", ""r2"": 0.99999, ""constant_value"": null, ""nondecreasing_share"": 0.648}, ""4"": {""best"": ""current"", ""r2"": 1.0, ""constant_value"": null, ""nondecreasing_share"": 0.815}, ""5"": {""best"": ""volt_modepi"", ""r2"": 1.0, ""constant_value"": null, ""nondecreasing_share"": 0.634}, ""6"": {""best"": ""vin_3 col 0 (next row)"", ""r2"": 0.99975, ""constant_value"": null, ""nondecreasing_share"": 0.614}}",0.8296544347192788,0.802437595601759,0.0003686737661727779,3.468605096130492e-05,
QAS,170,29180,26327,True,"{""vin_2 col 0"": {""best"": ""current"", ""r2"": 0.00056, ""joint_modepi_current_soc_r2"": 0.00076, ""median_abs_diff_to_modepi"": 0.02183}, ""vin_2 col 1"": {""best"": ""cell median"", ""r2"": 0.69076, ""joint_modepi_current_soc_r2"": 0.99815, ""median_abs_diff_to_modepi"": 0.1979}, ""vin_3 col 0"": {""best"": ""current"", ""r2"": 0.49878, ""joint_modepi_current_soc_r2"": 0.54336, ""median_abs_diff_to_modepi"": 2.369}, ""vin_3 col 1"": {""best"": ""current"", ""r2"": 0.47124, ""joint_modepi_current_soc_r2"": 0.5188, ""median_abs_diff_to_modepi"": 2.357}}","{""0"": {""best"": ""temperature"", ""r2"": 1.0, ""constant_value"": null, ""nondecreasing_share"": 0.978}, ""1"": {""best"": ""pack SOC"", ""r2"": 1.0, ""constant_value"": null, ""nondecreasing_share"": 0.966}, ""2"": {""best"": ""constant"", ""r2"": NaN, ""constant_value"": 0.0, ""nondecreasing_share"": 1.0}, ""3"": {""best"": ""cell sum"", ""r2"": 0.99995, ""constant_value"": null, ""nondecreasing_share"": 0.652}, ""4"": {""best"": ""current"", ""r2"": 1.0, ""constant_value"": null, ""nondecreasing_share"": 0.78}, ""5"": {""best"": ""volt_modepi"", ""r2"": 1.0, ""constant_value"": null, ""nondecreasing_share"": 0.64}, ""6"": {""best"": ""vin_3 col 0 (next row)"", ""r2"": 0.99996, ""constant_value"": null, ""nondecreasing_share"": 0.547}}",0.9701779480795563,0.9022751332926375,0.0008425203902981959,0.00043413399985897075,
QAS,171,27751,23847,True,"{""vin_2 col 0"": {""best"": ""current"", ""r2"": 0.92957, ""joint_modepi_current_soc_r2"": 0.93032, ""median_abs_diff_to_modepi"": 0.04476}, ""vin_2 col 1"": {""best"": ""volt_modepi"", ""r2"": 0.76291, ""joint_modepi_current_soc_r2"": 0.99715, ""median_abs_diff_to_modepi"": 0.165}, ""vin_3 col 0"": {""best"": ""current"", ""r2"": 0.78493, ""joint_modepi_current_soc_r2"": 0.85396, ""median_abs_diff_to_modepi"": 2.952}, ""vin_3 col 1"": {""best"": ""current"", ""r2"": 0.78904, ""joint_modepi_current_soc_r2"": 0.81081, ""median_abs_diff_to_modepi"": 3.365}}","{""0"": {""best"": ""temperature"", ""r2"": 1.0, ""constant_value"": null, ""nondecreasing_share"": 0.97}, ""1"": {""best"": ""pack SOC"", ""r2"": 1.0, ""constant_value"": null, ""nondecreasing_share"": 0.98}, ""2"": {""best"": ""constant"", ""r2"": NaN, ""constant_value"": 0.0, ""nondecreasing_share"": 1.0}, ""3"": {""best"": ""cell sum"", ""r2"": 0.99999, ""constant_value"": null, ""nondecreasing_share"": 0.692}, ""4"": {""best"": ""current"", ""r2"": 1.0, ""constant_value"": null, ""nondecreasing_share"": 0.843}, ""5"": {""best"": ""volt_modepi"", ""r2"": 1.0, ""constant_value"": null, ""nondecreasing_share"": 0.668}, ""6"": {""best"": ""vin_3 col 0 (next row)"", ""r2"": 0.99169, ""constant_value"": null, ""nondecreasing_share"": 0.617}}",0.9881717078547072,0.9984537057759134,0.0011894939648624536,0.00013841953920754475,
QAS,169,59864,53731,True,"{""vin_2 col 0"": {""best"": ""current"", ""r2"": 0.21525, ""joint_modepi_current_soc_r2"": 0.21771, ""median_abs_diff_to_modepi"": 0.03381}, ""vin_2 col 1"": {""best"": ""cell median"", ""r2"": 0.70498, ""joint_modepi_current_soc_r2"": 0.99701, ""median_abs_diff_to_modepi"": 0.2612}, ""vin_3 col 0"": {""best"": ""current"", ""r2"": 0.26662, ""joint_modepi_current_soc_r2"": 0.36997, ""median_abs_diff_to_modepi"": 2.373}, ""vin_3 col 1"": {""best"": ""current"", ""r2"": 0.2453, ""joint_modepi_current_soc_r2"": 0.34635, ""median_abs_diff_to_modepi"": 2.357}}","{""0"": {""best"": ""temperature"", ""r2"": 1.0, ""constant_value"": null, ""nondecreasing_share"": 0.972}, ""1"": {""best"": ""pack SOC"", ""r2"": 1.0, ""constant_value"": null, ""nondecreasing_share"": 0.962}, ""2"": {""best"": ""constant"", ""r2"": NaN, ""constant_value"": 0.0, ""nondecreasing_share"": 1.0}, ""3"": {""best"": ""cell sum"", ""r2"": 0.99999, ""constant_value"": null, ""nondecreasing_share"": 0.662}, ""4"": {""best"": ""current"", ""r2"": 1.0, ""constant_value"": null, ""nondecreasing_share"": 0.746}, ""5"": {""best"": ""volt_modepi"", ""r2"": 1.0, ""constant_value"": null, ""nondecreasing_share"": 0.653}, ""6"": {""best"": ""vin_3 col 0 (next row)"", ""r2"": 0.99989, ""constant_value"": null, ""nondecreasing_share"": 0.583}}",0.971816572335007,0.9694768010515217,0.0003822932059249773,0.00014879510913619418,
QAS,174,30279,26464,True,"{""vin_2 col 0"": {""best"": ""current"", ""r2"": 0.98159, ""joint_modepi_current_soc_r2"": 0.98591, ""median_abs_diff_to_modepi"": 0.0456}, ""vin_2 col 1"": {""best"": ""volt_modepi"", ""r2"": 0.78714, ""joint_modepi_current_soc_r2"": 0.99719, ""median_abs_diff_to_modepi"": 0.2095}, ""vin_3 col 0"": {""best"": ""current"", ""r2"": 0.42886, ""joint_modepi_current_soc_r2"": 0.66779, ""median_abs_diff_to_modepi"": 2.981}, ""vin_3 col 1"": {""best"": ""current"", ""r2"": 0.43255, ""joint_modepi_current_soc_r2"": 0.64011, ""median_abs_diff_to_modepi"": 3.099}}","{""0"": {""best"": ""temperature"", ""r2"": 1.0, ""constant_value"": null, ""nondecreasing_share"": 0.968}, ""1"": {""best"": ""pack SOC"", ""r2"": 1.0, ""constant_value"": null, ""nondecreasing_share"": 0.971}, ""2"": {""best"": ""constant"", ""r2"": NaN, ""constant_value"": 0.0, ""nondecreasing_share"": 1.0}, ""3"": {""best"": ""cell sum"", ""r2"": 0.99999, ""constant_value"": null, ""nondecreasing_share"": 0.667}, ""4"": {""best"": ""current"", ""r2"": 1.0, ""constant_value"": null, ""nondecreasing_share"": 0.823}, ""5"": {""best"": ""volt_modepi"", ""r2"": 1.0, ""constant_value"": null, ""nondecreasing_share"": 0.654}, ""6"": {""best"": ""vin_3 col 0 (next row)"", ""r2"": 0.99975, ""constant_value"": null, ""nondecreasing_share"": 0.637}}",0.9161857163663276,0.8408691422941937,0.0003243680981830366,4.0583931864687825e-05,
QAS,173,41017,36917,True,"{""vin_2 col 0"": {""best"": ""current"", ""r2"": 0.00089, ""joint_modepi_current_soc_r2"": 0.00093, ""median_abs_diff_to_modepi"": 0.04015}, ""vin_2 col 1"": {""best"": ""volt_modepi"", ""r2"": 0.77535, ""joint_modepi_current_soc_r2"": 0.99834, ""median_abs_diff_to_modepi"": 0.1534}, ""vin_3 col 0"": {""best"": ""current"", ""r2"": 0.70055, ""joint_modepi_current_soc_r2"": 0.7678, ""median_abs_diff_to_modepi"": 2.953}, ""vin_3 col 1"": {""best"": ""current"", ""r2"": 0.74215, ""joint_modepi_current_soc_r2"": 0.75958, ""median_abs_diff_to_modepi"": 2.936}}","{""0"": {""best"": ""temperature"", ""r2"": 1.0, ""constant_value"": null, ""nondecreasing_share"": 0.975}, ""1"": {""best"": ""pack SOC"", ""r2"": 1.0, ""constant_value"": null, ""nondecreasing_share"": 0.969}, ""2"": {""best"": ""constant"", ""r2"": NaN, ""constant_value"": 0.0, ""nondecreasing_share"": 1.0}, ""3"": {""best"": ""volt_modepi"", ""r2"": 0.99999, ""constant_value"": null, ""nondecreasing_share"": 0.652}, ""4"": {""best"": ""current"", ""r2"": 1.0, ""constant_value"": null, ""nondecreasing_share"": 0.728}, ""5"": {""best"": ""volt_modepi"", ""r2"": 1.0, ""constant_value"": null, ""nondecreasing_share"": 0.642}, ""6"": {""best"": ""vin_3 col 0 (next row)"", ""r2"": 0.99977, ""constant_value"": null, ""nondecreasing_share"": 0.564}}",0.8567613019259543,0.7381113764272963,0.0005526779735691711,4.5511539199726174e-05,
QAS,172,47058,42743,True,"{""vin_2 col 0"": {""best"": ""current"", ""r2"": 0.96112, ""joint_modepi_current_soc_r2"": 0.969, ""median_abs_diff_to_modepi"": 0.02389}, ""vin_2 col 1"": {""best"": ""cell median"", ""r2"": 0.72036, ""joint_modepi_current_soc_r2"": 0.99728, ""median_abs_diff_to_modepi"": 0.2517}, ""vin_3 col 0"": {""best"": ""current"", ""r2"": 0.31693, ""joint_modepi_current_soc_r2"": 0.34942, ""median_abs_diff_to_modepi"": 2.394}, ""vin_3 col 1"": {""best"": ""current"", ""r2"": 0.28803, ""joint_modepi_current_soc_r2"": 0.31768, ""median_abs_diff_to_modepi"": 2.388}}","{""0"": {""best"": ""temperature"", ""r2"": 1.0, ""constant_value"": null, ""nondecreasing_share"": 0.973}, ""1"": {""best"": ""pack SOC"", ""r2"": 1.0, ""constant_value"": null, ""nondecreasing_share"": 0.965}, ""2"": {""best"": ""constant"", ""r2"": NaN, ""constant_value"": 0.0, ""nondecreasing_share"": 1.0}, ""3"": {""best"": ""cell sum"", ""r2"": 0.99998, ""constant_value"": null, ""nondecreasing_share"": 0.671}, ""4"": {""best"": ""current"", ""r2"": 1.0, ""constant_value"": null, ""nondecreasing_share"": 0.775}, ""5"": {""best"": ""volt_modepi"", ""r2"": 1.0, ""constant_value"": null, ""nondecreasing_share"": 0.659}, ""6"": {""best"": ""vin_3 col 0 (next row)"", ""r2"": 0.99997, ""constant_value"": null, ""nondecreasing_share"": 0.613}}",0.9549311100587572,0.8436538493257293,0.0003405404486946928,9.325991250635173e-05,
QAS,165,92992,87299,True,"{""vin_2 col 0"": {""best"": ""current"", ""r2"": 0.97213, ""joint_modepi_current_soc_r2"": 0.98594, ""median_abs_diff_to_modepi"": 0.01945}, ""vin_2 col 1"": {""best"": ""cell mean"", ""r2"": 0.72345, ""joint_modepi_current_soc_r2"": 0.99822, ""median_abs_diff_to_modepi"": 0.2211}, ""vin_3 col 0"": {""best"": ""current"", ""r2"": 0.63299, ""joint_modepi_current_soc_r2"": 0.67647, ""median_abs_diff_to_modepi"": 2.371}, ""vin_3 col 1"": {""best"": ""current"", ""r2"": 0.6284, ""joint_modepi_current_soc_r2"": 0.6715, ""median_abs_diff_to_modepi"": 2.339}}","{""0"": {""best"": ""temperature"", ""r2"": 1.0, ""constant_value"": null, ""nondecreasing_share"": 0.975}, ""1"": {""best"": ""pack SOC"", ""r2"": 1.0, ""constant_value"": null, ""nondecreasing_share"": 0.969}, ""2"": {""best"": ""constant"", ""r2"": NaN, ""constant_value"": 0.0, ""nondecreasing_share"": 1.0}, ""3"": {""best"": ""cell sum"", ""r2"": 0.99999, ""constant_value"": null, ""nondecreasing_share"": 0.653}, ""4"": {""best"": ""current"", ""r2"": 1.0, ""constant_value"": null, ""nondecreasing_share"": 0.747}, ""5"": {""best"": ""volt_modepi"", ""r2"": 1.0, ""constant_value"": null, ""nondecreasing_share"": 0.644}, ""6"": {""best"": ""vin_3 col 0 (next row)"", ""r2"": 0.99996, ""constant_value"": null, ""nondecreasing_share"": 0.475}}",0.9940124254899665,0.9452683476222354,0.0006977594285599853,0.0002254170251660806,
QAS,175,45486,41684,True,"{""vin_2 col 0"": {""best"": ""current"", ""r2"": 0.9179, ""joint_modepi_current_soc_r2"": 0.94595, ""median_abs_diff_to_modepi"": 0.02384}, ""vin_2 col 1"": {""best"": ""cell median"", ""r2"": 0.83956, ""joint_modepi_current_soc_r2"": 0.99667, ""median_abs_diff_to_modepi"": 0.2289}, ""vin_3 col 0"": {""best"": ""current"", ""r2"": 0.21303, ""joint_modepi_current_soc_r2"": 0.22489, ""median_abs_diff_to_modepi"": 2.383}, ""vin_3 col 1"": {""best"": ""current"", ""r2"": 0.18872, ""joint_modepi_current_soc_r2"": 0.20131, ""median_abs_diff_to_modepi"": 2.372}}","{""0"": {""best"": ""temperature"", ""r2"": 1.0, ""constant_value"": null, ""nondecreasing_share"": 0.975}, ""1"": {""best"": ""pack SOC"", ""r2"": 1.0, ""constant_value"": null, ""nondecreasing_share"": 0.958}, ""2"": {""best"": ""constant"", ""r2"": NaN, ""constant_value"": 0.0, ""nondecreasing_share"": 1.0}, ""3"": {""best"": ""cell sum"", ""r2"": 0.99988, ""constant_value"": null, ""nondecreasing_share"": 0.675}, ""4"": {""best"": ""current"", ""r2"": 1.0, ""constant_value"": null, ""nondecreasing_share"": 0.812}, ""5"": {""best"": ""volt_modepi"", ""r2"": 1.0, ""constant_value"": null, ""nondecreasing_share"": 0.663}, ""6"": {""best"": ""vin_3 col 0 (next row)"", ""r2"": 0.99998, ""constant_value"": null, ""nondecreasing_share"": 0.628}}",0.8504295562477107,0.8360343967226785,0.0003716763786489885,0.0001748831694316911,
QAS,176,31966,29222,True,"{""vin_2 col 0"": {""best"": ""current"", ""r2"": 0.00243, ""joint_modepi_current_soc_r2"": 0.00248, ""median_abs_diff_to_modepi"": 0.01897}, ""vin_2 col 1"": {""best"": ""volt_modepi"", ""r2"": 0.68768, ""joint_modepi_current_soc_r2"": 0.9976, ""median_abs_diff_to_modepi"": 0.1987}, ""vin_3 col 0"": {""best"": ""current"", ""r2"": 0.46808, ""joint_modepi_current_soc_r2"": 0.48973, ""median_abs_diff_to_modepi"": 2.371}, ""vin_3 col 1"": {""best"": ""current"", ""r2"": 0.46073, ""joint_modepi_current_soc_r2"": 0.48225, ""median_abs_diff_to_modepi"": 2.339}}","{""0"": {""best"": ""temperature"", ""r2"": 1.0, ""constant_value"": null, ""nondecreasing_share"": 0.972}, ""1"": {""best"": ""pack SOC"", ""r2"": 1.0, ""constant_value"": null, ""nondecreasing_share"": 0.977}, ""2"": {""best"": ""constant"", ""r2"": NaN, ""constant_value"": 0.0, ""nondecreasing_share"": 1.0}, ""3"": {""best"": ""cell sum"", ""r2"": 0.99999, ""constant_value"": null, ""nondecreasing_share"": 0.661}, ""4"": {""best"": ""current"", ""r2"": 1.0, ""constant_value"": null, ""nondecreasing_share"": 0.8}, ""5"": {""best"": ""volt_modepi"", ""r2"": 1.0, ""constant_value"": null, ""nondecreasing_share"": 0.647}, ""6"": {""best"": ""vin_3 col 0 (next row)"", ""r2"": 0.99949, ""constant_value"": null, ""nondecreasing_share"": 0.58}}",0.9486903737680826,0.9142099462850389,0.00033176763178022206,0.00011907617909460282,
QAS,177,34935,30292,True,"{""vin_2 col 0"": {""best"": ""current"", ""r2"": 0.95472, ""joint_modepi_current_soc_r2"": 0.95577, ""median_abs_diff_to_modepi"": 0.03906}, ""vin_2 col 1"": {""best"": ""cell median"", ""r2"": 0.67664, ""joint_modepi_current_soc_r2"": 0.99656, ""median_abs_diff_to_modepi"": 0.232}, ""vin_3 col 0"": {""best"": ""current"", ""r2"": 0.58708, ""joint_modepi_current_soc_r2"": 0.72969, ""median_abs_diff_to_modepi"": 2.949}, ""vin_3 col 1"": {""best"": ""current"", ""r2"": 0.59201, ""joint_modepi_current_soc_r2"": 0.70442, ""median_abs_diff_to_modepi"": 3.085}}","{""0"": {""best"": ""temperature"", ""r2"": 1.0, ""constant_value"": null, ""nondecreasing_share"": 0.972}, ""1"": {""best"": ""pack SOC"", ""r2"": 1.0, ""constant_value"": null, ""nondecreasing_share"": 0.982}, ""2"": {""best"": ""constant"", ""r2"": NaN, ""constant_value"": 0.0, ""nondecreasing_share"": 1.0}, ""3"": {""best"": ""cell sum"", ""r2"": 0.99999, ""constant_value"": null, ""nondecreasing_share"": 0.654}, ""4"": {""best"": ""current"", ""r2"": 1.0, ""constant_value"": null, ""nondecreasing_share"": 0.848}, ""5"": {""best"": ""volt_modepi"", ""r2"": 1.0, ""constant_value"": null, ""nondecreasing_share"": 0.631}, ""6"": {""best"": ""vin_3 col 0 (next row)"", ""r2"": 0.99975, ""constant_value"": null, ""nondecreasing_share"": 0.656}}",0.9010574058144186,0.8283713606695391,0.00040842489436876406,3.9375876577173676e-05,
QAS,179,33411,28442,True,"{""vin_2 col 0"": {""best"": ""current"", ""r2"": 0.99379, ""joint_modepi_current_soc_r2"": 0.99573, ""median_abs_diff_to_modepi"": 0.05178}, ""vin_2 col 1"": {""best"": ""cell median"", ""r2"": 0.74641, ""joint_modepi_current_soc_r2"": 0.99831, ""median_abs_diff_to_modepi"": 0.1972}, ""vin_3 col 0"": {""best"": ""current"", ""r2"": 0.88548, ""joint_modepi_current_soc_r2"": 0.93798, ""median_abs_diff_to_modepi"": 2.96}, ""vin_3 col 1"": {""best"": ""current"", ""r2"": 0.88769, ""joint_modepi_current_soc_r2"": 0.91634, ""median_abs_diff_to_modepi"": 2.99}}","{""0"": {""best"": ""temperature"", ""r2"": 1.0, ""constant_value"": null, ""nondecreasing_share"": 0.974}, ""1"": {""best"": ""pack SOC"", ""r2"": 1.0, ""constant_value"": null, ""nondecreasing_share"": 0.951}, ""2"": {""best"": ""constant"", ""r2"": NaN, ""constant_value"": 0.0, ""nondecreasing_share"": 1.0}, ""3"": {""best"": ""cell sum"", ""r2"": 0.99997, ""constant_value"": null, ""nondecreasing_share"": 0.673}, ""4"": {""best"": ""current"", ""r2"": 1.0, ""constant_value"": null, ""nondecreasing_share"": 0.761}, ""5"": {""best"": ""volt_modepi"", ""r2"": 1.0, ""constant_value"": null, ""nondecreasing_share"": 0.663}, ""6"": {""best"": ""vin_3 col 0 (next row)"", ""r2"": 0.99987, ""constant_value"": null, ""nondecreasing_share"": 0.585}}",0.7399302099822606,0.6540690806600118,0.0008837089763709116,5.0362715759193265e-05,
QAS,180,33782,28863,True,"{""vin_2 col 0"": {""best"": ""current"", ""r2"": 0.00138, ""joint_modepi_current_soc_r2"": 0.00139, ""median_abs_diff_to_modepi"": 0.04315}, ""vin_2 col 1"": {""best"": ""cell median"", ""r2"": 0.75333, ""joint_modepi_current_soc_r2"": 0.99805, ""median_abs_diff_to_modepi"": 0.1856}, ""vin_3 col 0"": {""best"": ""current"", ""r2"": 0.44673, ""joint_modepi_current_soc_r2"": 0.81841, ""median_abs_diff_to_modepi"": 2.994}, ""vin_3 col 1"": {""best"": ""current"", ""r2"": 0.49194, ""joint_modepi_current_soc_r2"": 0.80836, ""median_abs_diff_to_modepi"": 2.976}}","{""0"": {""best"": ""temperature"", ""r2"": 1.0, ""constant_value"": null, ""nondecreasing_share"": 0.97}, ""1"": {""best"": ""pack SOC"", ""r2"": 1.0, ""constant_value"": null, ""nondecreasing_share"": 0.967}, ""2"": {""best"": ""constant"", ""r2"": NaN, ""constant_value"": 0.0, ""nondecreasing_share"": 1.0}, ""3"": {""best"": ""cell sum"", ""r2"": 0.99999, ""constant_value"": null, ""nondecreasing_share"": 0.652}, ""4"": {""best"": ""current"", ""r2"": 1.0, ""constant_value"": null, ""nondecreasing_share"": 0.75}, ""5"": {""best"": ""volt_modepi"", ""r2"": 1.0, ""constant_value"": null, ""nondecreasing_share"": 0.641}, ""6"": {""best"": ""vin_3 col 0 (next row)"", ""r2"": 0.99971, ""constant_value"": null, ""nondecreasing_share"": 0.616}}",0.9973343712259737,0.9973896889026588,0.00012989354244186124,7.200536284064638e-05,
QAS,178,38044,33173,True,"{""vin_2 col 0"": {""best"": ""current"", ""r2"": 0.93659, ""joint_modepi_current_soc_r2"": 0.94351, ""median_abs_diff_to_modepi"": 0.02755}, ""vin_2 col 1"": {""best"": ""volt_modepi"", ""r2"": 0.7974, ""joint_modepi_current_soc_r2"": 0.99856, ""median_abs_diff_to_modepi"": 0.221}, ""vin_3 col 0"": {""best"": ""current"", ""r2"": 0.95373, ""joint_modepi_current_soc_r2"": 0.97266, ""median_abs_diff_to_modepi"": 2.383}, ""vin_3 col 1"": {""best"": ""current"", ""r2"": 0.94741, ""joint_modepi_current_soc_r2"": 0.96659, ""median_abs_diff_to_modepi"": 2.361}}","{""0"": {""best"": ""temperature"", ""r2"": 1.0, ""constant_value"": null, ""nondecreasing_share"": 0.974}, ""1"": {""best"": ""pack SOC"", ""r2"": 1.0, ""constant_value"": null, ""nondecreasing_share"": 0.957}, ""2"": {""best"": ""constant"", ""r2"": NaN, ""constant_value"": 0.0, ""nondecreasing_share"": 1.0}, ""3"": {""best"": ""cell sum"", ""r2"": 0.99999, ""constant_value"": null, ""nondecreasing_share"": 0.704}, ""4"": {""best"": ""current"", ""r2"": 1.0, ""constant_value"": null, ""nondecreasing_share"": 0.767}, ""5"": {""best"": ""volt_modepi"", ""r2"": 1.0, ""constant_value"": null, ""nondecreasing_share"": 0.698}, ""6"": {""best"": ""vin_3 col 0 (next row)"", ""r2"": 0.99935, ""constant_value"": null, ""nondecreasing_share"": 0.566}}",0.8958781259076678,0.8070816590270112,0.0015914329475759104,0.0009247511956511651,
QAS,182,33276,29171,True,"{""vin_2 col 0"": {""best"": ""current"", ""r2"": 0.9132, ""joint_modepi_current_soc_r2"": 0.92096, ""median_abs_diff_to_modepi"": 0.03324}, ""vin_2 col 1"": {""best"": ""volt_modepi"", ""r2"": 0.73197, ""joint_modepi_current_soc_r2"": 0.99696, ""median_abs_diff_to_modepi"": 0.2662}, ""vin_3 col 0"": {""best"": ""current"", ""r2"": 0.20621, ""joint_modepi_current_soc_r2"": 0.28341, ""median_abs_diff_to_modepi"": 2.391}, ""vin_3 col 1"": {""best"": ""current"", ""r2"": 0.18059, ""joint_modepi_current_soc_r2"": 0.25597, ""median_abs_diff_to_modepi"": 2.393}}","{""0"": {""best"": ""temperature"", ""r2"": 1.0, ""constant_value"": null, ""nondecreasing_share"": 0.976}, ""1"": {""best"": ""pack SOC"", ""r2"": 1.0, ""constant_value"": null, ""nondecreasing_share"": 0.97}, ""2"": {""best"": ""constant"", ""r2"": NaN, ""constant_value"": 0.0, ""nondecreasing_share"": 1.0}, ""3"": {""best"": ""volt_modepi"", ""r2"": 0.99987, ""constant_value"": null, ""nondecreasing_share"": 0.672}, ""4"": {""best"": ""current"", ""r2"": 1.0, ""constant_value"": null, ""nondecreasing_share"": 0.81}, ""5"": {""best"": ""volt_modepi"", ""r2"": 1.0, ""constant_value"": null, ""nondecreasing_share"": 0.656}, ""6"": {""best"": ""vin_3 col 0 (next row)"", ""r2"": 0.99998, ""constant_value"": null, ""nondecreasing_share"": 0.632}}",0.9764377499472896,0.8810805360099558,0.0004908404329004856,0.0001166303300693031,
QAS,183,28843,28712,True,"{""vin_2 col 0"": {""best"": ""current"", ""r2"": 0.03364, ""joint_modepi_current_soc_r2"": 0.04912, ""median_abs_diff_to_modepi"": 0.02376}, ""vin_2 col 1"": {""best"": ""cell median"", ""r2"": 0.97939, ""joint_modepi_current_soc_r2"": 0.99749, ""median_abs_diff_to_modepi"": 0.2065}, ""vin_3 col 0"": {""best"": ""current"", ""r2"": 0.0476, ""joint_modepi_current_soc_r2"": 0.08934, ""median_abs_diff_to_modepi"": 2.373}, ""vin_3 col 1"": {""best"": ""pack SOC"", ""r2"": 0.03362, ""joint_modepi_current_soc_r2"": 0.07357, ""median_abs_diff_to_modepi"": 2.362}}","{""0"": {""best"": ""temperature"", ""r2"": 1.0, ""constant_value"": null, ""nondecreasing_share"": 0.976}, ""1"": {""best"": ""pack SOC"", ""r2"": 1.0, ""constant_value"": null, ""nondecreasing_share"": 0.948}, ""2"": {""best"": ""constant"", ""r2"": NaN, ""constant_value"": 0.0, ""nondecreasing_share"": 1.0}, ""3"": {""best"": ""cell sum"", ""r2"": 0.99999, ""constant_value"": null, ""nondecreasing_share"": 0.63}, ""4"": {""best"": ""current"", ""r2"": 1.0, ""constant_value"": null, ""nondecreasing_share"": 0.744}, ""5"": {""best"": ""volt_modepi"", ""r2"": 1.0, ""constant_value"": null, ""nondecreasing_share"": 0.623}, ""6"": {""best"": ""vin_3 col 0 (next row)"", ""r2"": 0.99889, ""constant_value"": null, ""nondecreasing_share"": 0.532}}",0.9935523606612056,0.9558001310175954,0.0009956548721938852,0.0003245396986289469,
QAS,184,30304,27776,True,"{""vin_2 col 0"": {""best"": ""current"", ""r2"": 0.00383, ""joint_modepi_current_soc_r2"": 0.00404, ""median_abs_diff_to_modepi"": 0.03628}, ""vin_2 col 1"": {""best"": ""cell mean"", ""r2"": 0.80643, ""joint_modepi_current_soc_r2"": 0.99688, ""median_abs_diff_to_modepi"": 0.2427}, ""vin_3 col 0"": {""best"": ""current"", ""r2"": 0.14227, ""joint_modepi_current_soc_r2"": 0.23748, ""median_abs_diff_to_modepi"": 2.398}, ""vin_3 col 1"": {""best"": ""current"", ""r2"": 0.13184, ""joint_modepi_current_soc_r2"": 0.22153, ""median_abs_diff_to_modepi"": 2.376}}","{""0"": {""best"": ""temperature"", ""r2"": 1.0, ""constant_value"": null, ""nondecreasing_share"": 0.978}, ""1"": {""best"": ""pack SOC"", ""r2"": 1.0, ""constant_value"": null, ""nondecreasing_share"": 0.967}, ""2"": {""best"": ""constant"", ""r2"": NaN, ""constant_value"": 0.0, ""nondecreasing_share"": 1.0}, ""3"": {""best"": ""cell sum"", ""r2"": 0.99999, ""constant_value"": null, ""nondecreasing_share"": 0.655}, ""4"": {""best"": ""current"", ""r2"": 1.0, ""constant_value"": null, ""nondecreasing_share"": 0.815}, ""5"": {""best"": ""volt_modepi"", ""r2"": 1.0, ""constant_value"": null, ""nondecreasing_share"": 0.642}, ""6"": {""best"": ""vin_3 col 0 (next row)"", ""r2"": 0.9995, ""constant_value"": null, ""nondecreasing_share"": 0.563}}",0.9994972064671348,0.9997435297026568,0.0008296541301135996,0.000343342733858703,
QAS,185,30016,26097,True,"{""vin_2 col 0"": {""best"": ""current"", ""r2"": 0.97554, ""joint_modepi_current_soc_r2"": 0.98298, ""median_abs_diff_to_modepi"": 0.02529}, ""vin_2 col 1"": {""best"": ""volt_modepi"", ""r2"": 0.74645, ""joint_modepi_current_soc_r2"": 0.99817, ""median_abs_diff_to_modepi"": 0.2246}, ""vin_3 col 0"": {""best"": ""current"", ""r2"": 0.66637, ""joint_modepi_current_soc_r2"": 0.68197, ""median_abs_diff_to_modepi"": 2.381}, ""vin_3 col 1"": {""best"": ""current"", ""r2"": 0.64423, ""joint_modepi_current_soc_r2"": 0.66406, ""median_abs_diff_to_modepi"": 2.364}}","{""0"": {""best"": ""temperature"", ""r2"": 1.0, ""constant_value"": null, ""nondecreasing_share"": 0.974}, ""1"": {""best"": ""pack SOC"", ""r2"": 1.0, ""constant_value"": null, ""nondecreasing_share"": 0.953}, ""2"": {""best"": ""constant"", ""r2"": NaN, ""constant_value"": 0.0, ""nondecreasing_share"": 1.0}, ""3"": {""best"": ""cell sum"", ""r2"": 0.99999, ""constant_value"": null, ""nondecreasing_share"": 0.635}, ""4"": {""best"": ""current"", ""r2"": 1.0, ""constant_value"": null, ""nondecreasing_share"": 0.805}, ""5"": {""best"": ""volt_modepi"", ""r2"": 1.0, ""constant_value"": null, ""nondecreasing_share"": 0.628}, ""6"": {""best"": ""vin_3 col 0 (next row)"", ""r2"": 0.99996, ""constant_value"": null, ""nondecreasing_share"": 0.579}}",0.9951581381255227,0.9268640566941789,0.0017876518717203638,0.0005856752805361149,
QAS,181,58734,52921,True,"{""vin_2 col 0"": {""best"": ""current"", ""r2"": 0.00207, ""joint_modepi_current_soc_r2"": 0.00213, ""median_abs_diff_to_modepi"": 0.05087}, ""vin_2 col 1"": {""best"": ""cell median"", ""r2"": 0.7885, ""joint_modepi_current_soc_r2"": 0.99694, ""median_abs_diff_to_modepi"": 0.2475}, ""vin_3 col 0"": {""best"": ""current"", ""r2"": 0.43765, ""joint_modepi_current_soc_r2"": 0.65342, ""median_abs_diff_to_modepi"": 2.977}, ""vin_3 col 1"": {""best"": ""current"", ""r2"": 0.46304, ""joint_modepi_current_soc_r2"": 0.60617, ""median_abs_diff_to_modepi"": 2.967}}","{""0"": {""best"": ""temperature"", ""r2"": 1.0, ""constant_value"": null, ""nondecreasing_share"": 0.975}, ""1"": {""best"": ""pack SOC"", ""r2"": 1.0, ""constant_value"": null, ""nondecreasing_share"": 0.966}, ""2"": {""best"": ""constant"", ""r2"": NaN, ""constant_value"": 0.0, ""nondecreasing_share"": 1.0}, ""3"": {""best"": ""cell sum"", ""r2"": 0.99999, ""constant_value"": null, ""nondecreasing_share"": 0.676}, ""4"": {""best"": ""current"", ""r2"": 1.0, ""constant_value"": null, ""nondecreasing_share"": 0.784}, ""5"": {""best"": ""volt_modepi"", ""r2"": 1.0, ""constant_value"": null, ""nondecreasing_share"": 0.665}, ""6"": {""best"": ""vin_3 col 0 (next row)"", ""r2"": 0.99977, ""constant_value"": null, ""nondecreasing_share"": 0.578}}",0.6531220132632415,0.6788320460176194,0.00040296094612424227,3.280211135358437e-05,
QAS,186,35043,32400,True,"{""vin_2 col 0"": {""best"": ""current"", ""r2"": 0.97442, ""joint_modepi_current_soc_r2"": 0.98622, ""median_abs_diff_to_modepi"": 0.02269}, ""vin_2 col 1"": {""best"": ""cell median"", ""r2"": 0.75656, ""joint_modepi_current_soc_r2"": 0.99827, ""median_abs_diff_to_modepi"": 0.2078}, ""vin_3 col 0"": {""best"": ""current"", ""r2"": 0.7344, ""joint_modepi_current_soc_r2"": 0.77157, ""median_abs_diff_to_modepi"": 2.353}, ""vin_3 col 1"": {""best"": ""current"", ""r2"": 0.7113, ""joint_modepi_current_soc_r2"": 0.75392, ""median_abs_diff_to_modepi"": 2.347}}","{""0"": {""best"": ""temperature"", ""r2"": 1.0, ""constant_value"": null, ""nondecreasing_share"": 0.973}, ""1"": {""best"": ""pack SOC"", ""r2"": 1.0, ""constant_value"": null, ""nondecreasing_share"": 0.94}, ""2"": {""best"": ""constant"", ""r2"": NaN, ""constant_value"": 0.0, ""nondecreasing_share"": 1.0}, ""3"": {""best"": ""cell sum"", ""r2"": 0.99998, ""constant_value"": null, ""nondecreasing_share"": 0.614}, ""4"": {""best"": ""current"", ""r2"": 1.0, ""constant_value"": null, ""nondecreasing_share"": 0.664}, ""5"": {""best"": ""volt_modepi"", ""r2"": 1.0, ""constant_value"": null, ""nondecreasing_share"": 0.606}, ""6"": {""best"": ""vin_3 col 0 (next row)"", ""r2"": 0.99996, ""constant_value"": null, ""nondecreasing_share"": 0.382}}",0.5659889516582818,0.325848410279011,0.0014179693843514585,0.0005375790948669835,
QAS,187,32597,29903,True,"{""vin_2 col 0"": {""best"": ""current"", ""r2"": 0.63278, ""joint_modepi_current_soc_r2"": 0.66341, ""median_abs_diff_to_modepi"": 0.03008}, ""vin_2 col 1"": {""best"": ""cell median"", ""r2"": 0.84293, ""joint_modepi_current_soc_r2"": 0.99817, ""median_abs_diff_to_modepi"": 0.2502}, ""vin_3 col 0"": {""best"": ""temperature"", ""r2"": 0.33493, ""joint_modepi_current_soc_r2"": 0.14438, ""median_abs_diff_to_modepi"": 2.382}, ""vin_3 col 1"": {""best"": ""temperature"", ""r2"": 0.33682, ""joint_modepi_current_soc_r2"": 0.12998, ""median_abs_diff_to_modepi"": 2.375}}","{""0"": {""best"": ""temperature"", ""r2"": 1.0, ""constant_value"": null, ""nondecreasing_share"": 0.974}, ""1"": {""best"": ""pack SOC"", ""r2"": 1.0, ""constant_value"": null, ""nondecreasing_share"": 0.969}, ""2"": {""best"": ""constant"", ""r2"": NaN, ""constant_value"": 0.0, ""nondecreasing_share"": 1.0}, ""3"": {""best"": ""cell sum"", ""r2"": 0.99999, ""constant_value"": null, ""nondecreasing_share"": 0.674}, ""4"": {""best"": ""current"", ""r2"": 1.0, ""constant_value"": null, ""nondecreasing_share"": 0.86}, ""5"": {""best"": ""volt_modepi"", ""r2"": 1.0, ""constant_value"": null, ""nondecreasing_share"": 0.661}, ""6"": {""best"": ""vin_3 col 0 (next row)"", ""r2"": 0.99999, ""constant_value"": null, ""nondecreasing_share"": 0.602}}",0.99387854914965,0.9953785929340148,0.0004661109383015116,0.0002602518897467627,
QAS,188,30990,29313,True,"{""vin_2 col 0"": {""best"": ""current"", ""r2"": 0.21786, ""joint_modepi_current_soc_r2"": 0.22414, ""median_abs_diff_to_modepi"": 0.0211}, ""vin_2 col 1"": {""best"": ""cell median"", ""r2"": 0.74018, ""joint_modepi_current_soc_r2"": 0.99859, ""median_abs_diff_to_modepi"": 0.2296}, ""vin_3 col 0"": {""best"": ""temperature"", ""r2"": 0.44921, ""joint_modepi_current_soc_r2"": 0.31634, ""median_abs_diff_to_modepi"": 2.377}, ""vin_3 col 1"": {""best"": ""temperature"", ""r2"": 0.44759, ""joint_modepi_current_soc_r2"": 0.30296, ""median_abs_diff_to_modepi"": 2.369}}","{""0"": {""best"": ""temperature"", ""r2"": 1.0, ""constant_value"": null, ""nondecreasing_share"": 0.975}, ""1"": {""best"": ""pack SOC"", ""r2"": 1.0, ""constant_value"": null, ""nondecreasing_share"": 0.958}, ""2"": {""best"": ""constant"", ""r2"": NaN, ""constant_value"": 0.0, ""nondecreasing_share"": 1.0}, ""3"": {""best"": ""cell sum"", ""r2"": 0.99997, ""constant_value"": null, ""nondecreasing_share"": 0.653}, ""4"": {""best"": ""current"", ""r2"": 1.0, ""constant_value"": null, ""nondecreasing_share"": 0.788}, ""5"": {""best"": ""volt_modepi"", ""r2"": 1.0, ""constant_value"": null, ""nondecreasing_share"": 0.643}, ""6"": {""best"": ""vin_3 col 0 (next row)"", ""r2"": 0.99978, ""constant_value"": null, ""nondecreasing_share"": 0.592}}",0.9961996725032365,0.9666391403153666,0.0008031162506894063,0.0003298128819293561,
QAS,190,26757,23686,True,"{""vin_2 col 0"": {""best"": ""current"", ""r2"": 0.02096, ""joint_modepi_current_soc_r2"": 0.02138, ""median_abs_diff_to_modepi"": 0.02369}, ""vin_2 col 1"": {""best"": ""cell median"", ""r2"": 0.73261, ""joint_modepi_current_soc_r2"": 0.99815, ""median_abs_diff_to_modepi"": 0.2305}, ""vin_3 col 0"": {""best"": ""temperature"", ""r2"": 0.34478, ""joint_modepi_current_soc_r2"": 0.33096, ""median_abs_diff_to_modepi"": 2.373}, ""vin_3 col 1"": {""best"": ""temperature"", ""r2"": 0.34808, ""joint_modepi_current_soc_r2"": 0.31567, ""median_abs_diff_to_modepi"": 2.353}}","{""0"": {""best"": ""temperature"", ""r2"": 1.0, ""constant_value"": null, ""nondecreasing_share"": 0.972}, ""1"": {""best"": ""pack SOC"", ""r2"": 1.0, ""constant_value"": null, ""nondecreasing_share"": 0.962}, ""2"": {""best"": ""constant"", ""r2"": NaN, ""constant_value"": 0.0, ""nondecreasing_share"": 1.0}, ""3"": {""best"": ""volt_modepi"", ""r2"": 0.99998, ""constant_value"": null, ""nondecreasing_share"": 0.657}, ""4"": {""best"": ""current"", ""r2"": 1.0, ""constant_value"": null, ""nondecreasing_share"": 0.779}, ""5"": {""best"": ""volt_modepi"", ""r2"": 1.0, ""constant_value"": null, ""nondecreasing_share"": 0.648}, ""6"": {""best"": ""vin_3 col 0 (next row)"", ""r2"": 0.99997, ""constant_value"": null, ""nondecreasing_share"": 0.589}}",0.9877667278197555,0.9797500290538753,0.0005364325196182129,0.0002919358129011884,
QAS,189,32649,29201,True,"{""vin_2 col 0"": {""best"": ""current"", ""r2"": 0.93708, ""joint_modepi_current_soc_r2"": 0.93892, ""median_abs_diff_to_modepi"": 0.05352}, ""vin_2 col 1"": {""best"": ""volt_modepi"", ""r2"": 0.8646, ""joint_modepi_current_soc_r2"": 0.99715, ""median_abs_diff_to_modepi"": 0.1674}, ""vin_3 col 0"": {""best"": ""current"", ""r2"": 0.67134, ""joint_modepi_current_soc_r2"": 0.78521, ""median_abs_diff_to_modepi"": 2.977}, ""vin_3 col 1"": {""best"": ""current"", ""r2"": 0.66228, ""joint_modepi_current_soc_r2"": 0.74146, ""median_abs_diff_to_modepi"": 2.999}}","{""0"": {""best"": ""temperature"", ""r2"": 1.0, ""constant_value"": null, ""nondecreasing_share"": 0.978}, ""1"": {""best"": ""pack SOC"", ""r2"": 1.0, ""constant_value"": null, ""nondecreasing_share"": 0.974}, ""2"": {""best"": ""constant"", ""r2"": NaN, ""constant_value"": 0.0, ""nondecreasing_share"": 1.0}, ""3"": {""best"": ""cell sum"", ""r2"": 0.99999, ""constant_value"": null, ""nondecreasing_share"": 0.663}, ""4"": {""best"": ""current"", ""r2"": 1.0, ""constant_value"": null, ""nondecreasing_share"": 0.864}, ""5"": {""best"": ""volt_modepi"", ""r2"": 1.0, ""constant_value"": null, ""nondecreasing_share"": 0.651}, ""6"": {""best"": ""vin_3 col 0 (next row)"", ""r2"": 0.99975, ""constant_value"": null, ""nondecreasing_share"": 0.61}}",0.8428778615658375,0.8231809743601877,0.00046525102869976465,2.480801368832428e-05,
QAS,191,30402,30051,True,"{""vin_2 col 0"": {""best"": ""current"", ""r2"": 0.85882, ""joint_modepi_current_soc_r2"": 0.91071, ""median_abs_diff_to_modepi"": 0.05323}, ""vin_2 col 1"": {""best"": ""cell median"", ""r2"": 0.94372, ""joint_modepi_current_soc_r2"": 0.99681, ""median_abs_diff_to_modepi"": 0.2689}, ""vin_3 col 0"": {""best"": ""pack SOC"", ""r2"": 0.35041, ""joint_modepi_current_soc_r2"": 0.46799, ""median_abs_diff_to_modepi"": 2.991}, ""vin_3 col 1"": {""best"": ""pack SOC"", ""r2"": 0.32068, ""joint_modepi_current_soc_r2"": 0.41936, ""median_abs_diff_to_modepi"": 3.026}}","{""0"": {""best"": ""temperature"", ""r2"": 1.0, ""constant_value"": null, ""nondecreasing_share"": 0.97}, ""1"": {""best"": ""pack SOC"", ""r2"": 1.0, ""constant_value"": null, ""nondecreasing_share"": 0.951}, ""2"": {""best"": ""constant"", ""r2"": NaN, ""constant_value"": 0.0, ""nondecreasing_share"": 1.0}, ""3"": {""best"": ""volt_modepi"", ""r2"": 0.99997, ""constant_value"": null, ""nondecreasing_share"": 0.688}, ""4"": {""best"": ""current"", ""r2"": 1.0, ""constant_value"": null, ""nondecreasing_share"": 0.79}, ""5"": {""best"": ""volt_modepi"", ""r2"": 1.0, ""constant_value"": null, ""nondecreasing_share"": 0.677}, ""6"": {""best"": ""vin_3 col 0 (next row)"", ""r2"": 0.99994, ""constant_value"": null, ""nondecreasing_share"": 0.692}}",0.9648126948253669,0.9642160907284832,0.0003343833067912527,5.183217215296466e-05,
QAS,192,37068,31524,True,"{""vin_2 col 0"": {""best"": ""current"", ""r2"": 0.96566, ""joint_modepi_current_soc_r2"": 0.97961, ""median_abs_diff_to_modepi"": 0.02353}, ""vin_2 col 1"": {""best"": ""volt_modepi"", ""r2"": 0.70003, ""joint_modepi_current_soc_r2"": 0.99826, ""median_abs_diff_to_modepi"": 0.2585}, ""vin_3 col 0"": {""best"": ""current"", ""r2"": 0.47247, ""joint_modepi_current_soc_r2"": 0.5513, ""median_abs_diff_to_modepi"": 2.376}, ""vin_3 col 1"": {""best"": ""current"", ""r2"": 0.4768, ""joint_modepi_current_soc_r2"": 0.54772, ""median_abs_diff_to_modepi"": 2.324}}","{""0"": {""best"": ""temperature"", ""r2"": 1.0, ""constant_value"": null, ""nondecreasing_share"": 0.977}, ""1"": {""best"": ""pack SOC"", ""r2"": 1.0, ""constant_value"": null, ""nondecreasing_share"": 0.965}, ""2"": {""best"": ""constant"", ""r2"": NaN, ""constant_value"": 0.0, ""nondecreasing_share"": 1.0}, ""3"": {""best"": ""cell sum"", ""r2"": 0.99998, ""constant_value"": null, ""nondecreasing_share"": 0.675}, ""4"": {""best"": ""current"", ""r2"": 1.0, ""constant_value"": null, ""nondecreasing_share"": 0.771}, ""5"": {""best"": ""volt_modepi"", ""r2"": 1.0, ""constant_value"": null, ""nondecreasing_share"": 0.666}, ""6"": {""best"": ""vin_3 col 0 (next row)"", ""r2"": 0.99996, ""constant_value"": null, ""nondecreasing_share"": 0.601}}",0.996771893852021,0.9858071900194161,0.00041042721228690127,0.0002706901171036828,
QAS,193,28539,25324,True,"{""vin_2 col 0"": {""best"": ""current"", ""r2"": 0.00105, ""joint_modepi_current_soc_r2"": 0.00106, ""median_abs_diff_to_modepi"": 0.04892}, ""vin_2 col 1"": {""best"": ""cell median"", ""r2"": 0.72013, ""joint_modepi_current_soc_r2"": 0.99811, ""median_abs_diff_to_modepi"": 0.236}, ""vin_3 col 0"": {""best"": ""current"", ""r2"": 0.29742, ""joint_modepi_current_soc_r2"": 0.57133, ""median_abs_diff_to_modepi"": 2.993}, ""vin_3 col 1"": {""best"": ""current"", ""r2"": 0.32755, ""joint_modepi_current_soc_r2"": 0.54643, ""median_abs_diff_to_modepi"": 2.974}}","{""0"": {""best"": ""temperature"", ""r2"": 1.0, ""constant_value"": null, ""nondecreasing_share"": 0.976}, ""1"": {""best"": ""pack SOC"", ""r2"": 1.0, ""constant_value"": null, ""nondecreasing_share"": 0.956}, ""2"": {""best"": ""constant"", ""r2"": NaN, ""constant_value"": 0.0, ""nondecreasing_share"": 1.0}, ""3"": {""best"": ""cell sum"", ""r2"": 0.99998, ""constant_value"": null, ""nondecreasing_share"": 0.674}, ""4"": {""best"": ""current"", ""r2"": 1.0, ""constant_value"": null, ""nondecreasing_share"": 0.777}, ""5"": {""best"": ""volt_modepi"", ""r2"": 1.0, ""constant_value"": null, ""nondecreasing_share"": 0.663}, ""6"": {""best"": ""vin_3 col 0 (next row)"", ""r2"": 0.99823, ""constant_value"": null, ""nondecreasing_share"": 0.654}}",0.9639524875473316,0.9650737849932015,0.0003027054739823676,9.066697871604075e-05,
QAS,194,31438,29131,True,"{""vin_2 col 0"": {""best"": ""current"", ""r2"": 0.48156, ""joint_modepi_current_soc_r2"": 0.4896, ""median_abs_diff_to_modepi"": 0.03451}, ""vin_2 col 1"": {""best"": ""cell mean"", ""r2"": 0.79795, ""joint_modepi_current_soc_r2"": 0.9963, ""median_abs_diff_to_modepi"": 0.2502}, ""vin_3 col 0"": {""best"": ""current"", ""r2"": 0.11063, ""joint_modepi_current_soc_r2"": 0.21389, ""median_abs_diff_to_modepi"": 2.423}, ""vin_3 col 1"": {""best"": ""current"", ""r2"": 0.10411, ""joint_modepi_current_soc_r2"": 0.19737, ""median_abs_diff_to_modepi"": 2.398}}","{""0"": {""best"": ""temperature"", ""r2"": 1.0, ""constant_value"": null, ""nondecreasing_share"": 0.974}, ""1"": {""best"": ""pack SOC"", ""r2"": 1.0, ""constant_value"": null, ""nondecreasing_share"": 0.971}, ""2"": {""best"": ""constant"", ""r2"": NaN, ""constant_value"": 0.0, ""nondecreasing_share"": 1.0}, ""3"": {""best"": ""cell sum"", ""r2"": 0.99999, ""constant_value"": null, ""nondecreasing_share"": 0.67}, ""4"": {""best"": ""current"", ""r2"": 1.0, ""constant_value"": null, ""nondecreasing_share"": 0.815}, ""5"": {""best"": ""volt_modepi"", ""r2"": 1.0, ""constant_value"": null, ""nondecreasing_share"": 0.657}, ""6"": {""best"": ""vin_3 col 0 (next row)"", ""r2"": 0.99998, ""constant_value"": null, ""nondecreasing_share"": 0.578}}",0.9644752081154361,0.7844099098304673,0.0005219962913103338,0.0001583742003864609,
QAS,195,27956,25522,True,"{""vin_2 col 0"": {""best"": ""current"", ""r2"": 0.9752, ""joint_modepi_current_soc_r2"": 0.98358, ""median_abs_diff_to_modepi"": 0.05132}, ""vin_2 col 1"": {""best"": ""cell median"", ""r2"": 0.79412, ""joint_modepi_current_soc_r2"": 0.99775, ""median_abs_diff_to_modepi"": 0.2717}, ""vin_3 col 0"": {""best"": ""current"", ""r2"": 0.37415, ""joint_modepi_current_soc_r2"": 0.62527, ""median_abs_diff_to_modepi"": 2.981}, ""vin_3 col 1"": {""best"": ""current"", ""r2"": 0.37332, ""joint_modepi_current_soc_r2"": 0.57203, ""median_abs_diff_to_modepi"": 3.003}}","{""0"": {""best"": ""temperature"", ""r2"": 1.0, ""constant_value"": null, ""nondecreasing_share"": 0.97}, ""1"": {""best"": ""pack SOC"", ""r2"": 1.0, ""constant_value"": null, ""nondecreasing_share"": 0.968}, ""2"": {""best"": ""constant"", ""r2"": NaN, ""constant_value"": 0.0, ""nondecreasing_share"": 1.0}, ""3"": {""best"": ""cell sum"", ""r2"": 0.99999, ""constant_value"": null, ""nondecreasing_share"": 0.668}, ""4"": {""best"": ""current"", ""r2"": 1.0, ""constant_value"": null, ""nondecreasing_share"": 0.86}, ""5"": {""best"": ""volt_modepi"", ""r2"": 1.0, ""constant_value"": null, ""nondecreasing_share"": 0.65}, ""6"": {""best"": ""vin_3 col 0 (next row)"", ""r2"": 0.99978, ""constant_value"": null, ""nondecreasing_share"": 0.635}}",0.8903681365922937,0.8852068603411811,0.0003914680492509426,4.095168212763488e-05,
QAS,196,28386,25293,True,"{""vin_2 col 0"": {""best"": ""current"", ""r2"": 0.97387, ""joint_modepi_current_soc_r2"": 0.98415, ""median_abs_diff_to_modepi"": 0.04912}, ""vin_2 col 1"": {""best"": ""cell max"", ""r2"": 0.72889, ""joint_modepi_current_soc_r2"": 0.99899, ""median_abs_diff_to_modepi"": 0.2454}, ""vin_3 col 0"": {""best"": ""temperature"", ""r2"": 0.48693, ""joint_modepi_current_soc_r2"": 0.59056, ""median_abs_diff_to_modepi"": 2.995}, ""vin_3 col 1"": {""best"": ""temperature"", ""r2"": 0.46685, ""joint_modepi_current_soc_r2"": 0.55824, ""median_abs_diff_to_modepi"": 3.0}}","{""0"": {""best"": ""temperature"", ""r2"": 1.0, ""constant_value"": null, ""nondecreasing_share"": 0.974}, ""1"": {""best"": ""pack SOC"", ""r2"": 1.0, ""constant_value"": null, ""nondecreasing_share"": 0.935}, ""2"": {""best"": ""constant"", ""r2"": NaN, ""constant_value"": 0.0, ""nondecreasing_share"": 1.0}, ""3"": {""best"": ""volt_modepi"", ""r2"": 0.99999, ""constant_value"": null, ""nondecreasing_share"": 0.656}, ""4"": {""best"": ""current"", ""r2"": 1.0, ""constant_value"": null, ""nondecreasing_share"": 0.757}, ""5"": {""best"": ""volt_modepi"", ""r2"": 1.0, ""constant_value"": null, ""nondecreasing_share"": 0.645}, ""6"": {""best"": ""vin_3 col 0 (next row)"", ""r2"": 0.99971, ""constant_value"": null, ""nondecreasing_share"": 0.63}}",0.9895747062409256,0.9860272540963181,0.0004162353674126429,0.00013240825943938717,
QAS,197,29863,27695,True,"{""vin_2 col 0"": {""best"": ""current"", ""r2"": 0.00164, ""joint_modepi_current_soc_r2"": 0.00171, ""median_abs_diff_to_modepi"": 0.04142}, ""vin_2 col 1"": {""best"": ""volt_modepi"", ""r2"": 0.78873, ""joint_modepi_current_soc_r2"": 0.99802, ""median_abs_diff_to_modepi"": 0.1674}, ""vin_3 col 0"": {""best"": ""current"", ""r2"": 0.5264, ""joint_modepi_current_soc_r2"": 0.69609, ""median_abs_diff_to_modepi"": 2.974}, ""vin_3 col 1"": {""best"": ""current"", ""r2"": 0.59496, ""joint_modepi_current_soc_r2"": 0.69739, ""median_abs_diff_to_modepi"": 2.927}}","{""0"": {""best"": ""temperature"", ""r2"": 1.0, ""constant_value"": null, ""nondecreasing_share"": 0.973}, ""1"": {""best"": ""pack SOC"", ""r2"": 1.0, ""constant_value"": null, ""nondecreasing_share"": 0.97}, ""2"": {""best"": ""constant"", ""r2"": NaN, ""constant_value"": 0.0, ""nondecreasing_share"": 1.0}, ""3"": {""best"": ""volt_modepi"", ""r2"": 0.99999, ""constant_value"": null, ""nondecreasing_share"": 0.641}, ""4"": {""best"": ""current"", ""r2"": 1.0, ""constant_value"": null, ""nondecreasing_share"": 0.768}, ""5"": {""best"": ""volt_modepi"", ""r2"": 1.0, ""constant_value"": null, ""nondecreasing_share"": 0.63}, ""6"": {""best"": ""vin_3 col 0 (next row)"", ""r2"": 0.99974, ""constant_value"": null, ""nondecreasing_share"": 0.598}}",0.9239466118422133,0.9164448652788451,0.0002605156827535371,5.2476266248178375e-05,
QAS,198,29810,25781,True,"{""vin_2 col 0"": {""best"": ""current"", ""r2"": 0.00126, ""joint_modepi_current_soc_r2"": 0.00137, ""median_abs_diff_to_modepi"": 0.04067}, ""vin_2 col 1"": {""best"": ""cell median"", ""r2"": 0.79156, ""joint_modepi_current_soc_r2"": 0.99756, ""median_abs_diff_to_modepi"": 0.2074}, ""vin_3 col 0"": {""best"": ""current"", ""r2"": 0.3725, ""joint_modepi_current_soc_r2"": 0.64271, ""median_abs_diff_to_modepi"": 2.988}, ""vin_3 col 1"": {""best"": ""current"", ""r2"": 0.35571, ""joint_modepi_current_soc_r2"": 0.59288, ""median_abs_diff_to_modepi"": 3.016}}","{""0"": {""best"": ""temperature"", ""r2"": 1.0, ""constant_value"": null, ""nondecreasing_share"": 0.973}, ""1"": {""best"": ""pack SOC"", ""r2"": 1.0, ""constant_value"": null, ""nondecreasing_share"": 0.973}, ""2"": {""best"": ""constant"", ""r2"": NaN, ""constant_value"": 0.0, ""nondecreasing_share"": 1.0}, ""3"": {""best"": ""cell sum"", ""r2"": 0.99999, ""constant_value"": null, ""nondecreasing_share"": 0.657}, ""4"": {""best"": ""current"", ""r2"": 1.0, ""constant_value"": null, ""nondecreasing_share"": 0.81}, ""5"": {""best"": ""volt_modepi"", ""r2"": 1.0, ""constant_value"": null, ""nondecreasing_share"": 0.642}, ""6"": {""best"": ""vin_3 col 0 (next row)"", ""r2"": 0.99672, ""constant_value"": null, ""nondecreasing_share"": 0.626}}",0.9248121614914807,0.9103649818969266,0.0003716811594485226,8.037694840545839e-05,
QAS,200,33245,30053,True,"{""vin_2 col 0"": {""best"": ""current"", ""r2"": 0.85888, ""joint_modepi_current_soc_r2"": 0.86305, ""median_abs_diff_to_modepi"": 0.05831}, ""vin_2 col 1"": {""best"": ""cell mean"", ""r2"": 0.75703, ""joint_modepi_current_soc_r2"": 0.99756, ""median_abs_diff_to_modepi"": 0.2072}, ""vin_3 col 0"": {""best"": ""current"", ""r2"": 0.70099, ""joint_modepi_current_soc_r2"": 0.80569, ""median_abs_diff_to_modepi"": 2.979}, ""vin_3 col 1"": {""best"": ""current"", ""r2"": 0.69384, ""joint_modepi_current_soc_r2"": 0.77272, ""median_abs_diff_to_modepi"": 2.995}}","{""0"": {""best"": ""temperature"", ""r2"": 1.0, ""constant_value"": null, ""nondecreasing_share"": 0.978}, ""1"": {""best"": ""pack SOC"", ""r2"": 1.0, ""constant_value"": null, ""nondecreasing_share"": 0.962}, ""2"": {""best"": ""constant"", ""r2"": NaN, ""constant_value"": 0.0, ""nondecreasing_share"": 1.0}, ""3"": {""best"": ""cell sum"", ""r2"": 0.99999, ""constant_value"": null, ""nondecreasing_share"": 0.663}, ""4"": {""best"": ""current"", ""r2"": 1.0, ""constant_value"": null, ""nondecreasing_share"": 0.822}, ""5"": {""best"": ""volt_modepi"", ""r2"": 1.0, ""constant_value"": null, ""nondecreasing_share"": 0.652}, ""6"": {""best"": ""vin_3 col 0 (next row)"", ""r2"": 0.99977, ""constant_value"": null, ""nondecreasing_share"": 0.621}}",0.8503841568311141,0.8360467980491211,0.00046729934081346514,2.1883199419133435e-05,
QAS,199,39407,35769,True,"{""vin_2 col 0"": {""best"": ""current"", ""r2"": 0.22514, ""joint_modepi_current_soc_r2"": 0.23021, ""median_abs_diff_to_modepi"": 0.02149}, ""vin_2 col 1"": {""best"": ""cell median"", ""r2"": 0.77094, ""joint_modepi_current_soc_r2"": 0.99704, ""median_abs_diff_to_modepi"": 0.2719}, ""vin_3 col 0"": {""best"": ""current"", ""r2"": 0.252, ""joint_modepi_current_soc_r2"": 0.26811, ""median_abs_diff_to_modepi"": 2.376}, ""vin_3 col 1"": {""best"": ""current"", ""r2"": 0.22962, ""joint_modepi_current_soc_r2"": 0.24326, ""median_abs_diff_to_modepi"": 2.362}}","{""0"": {""best"": ""temperature"", ""r2"": 1.0, ""constant_value"": null, ""nondecreasing_share"": 0.976}, ""1"": {""best"": ""pack SOC"", ""r2"": 1.0, ""constant_value"": null, ""nondecreasing_share"": 0.961}, ""2"": {""best"": ""constant"", ""r2"": NaN, ""constant_value"": 0.0, ""nondecreasing_share"": 1.0}, ""3"": {""best"": ""cell sum"", ""r2"": 0.99999, ""constant_value"": null, ""nondecreasing_share"": 0.659}, ""4"": {""best"": ""current"", ""r2"": 1.0, ""constant_value"": null, ""nondecreasing_share"": 0.797}, ""5"": {""best"": ""volt_modepi"", ""r2"": 1.0, ""constant_value"": null, ""nondecreasing_share"": 0.646}, ""6"": {""best"": ""vin_3 col 0 (next row)"", ""r2"": 0.99979, ""constant_value"": null, ""nondecreasing_share"": 0.608}}",0.959235659771739,0.8396464526172711,0.0007221721010179927,0.0002750467022267348,
QAS,203,28266,21410,True,"{""vin_2 col 0"": {""best"": ""current"", ""r2"": 0.97219, ""joint_modepi_current_soc_r2"": 0.97741, ""median_abs_diff_to_modepi"": 0.03138}, ""vin_2 col 1"": {""best"": ""current"", ""r2"": 0.66843, ""joint_modepi_current_soc_r2"": 0.99816, ""median_abs_diff_to_modepi"": 0.3232}, ""vin_3 col 0"": {""best"": ""current"", ""r2"": 0.43238, ""joint_modepi_current_soc_r2"": 0.43577, ""median_abs_diff_to_modepi"": 2.374}, ""vin_3 col 1"": {""best"": ""current"", ""r2"": 0.41238, ""joint_modepi_current_soc_r2"": 0.41466, ""median_abs_diff_to_modepi"": 2.356}}","{""0"": {""best"": ""temperature"", ""r2"": 1.0, ""constant_value"": null, ""nondecreasing_share"": 0.973}, ""1"": {""best"": ""pack SOC"", ""r2"": 1.0, ""constant_value"": null, ""nondecreasing_share"": 0.964}, ""2"": {""best"": ""constant"", ""r2"": NaN, ""constant_value"": 0.0, ""nondecreasing_share"": 1.0}, ""3"": {""best"": ""cell sum"", ""r2"": 0.99999, ""constant_value"": null, ""nondecreasing_share"": 0.677}, ""4"": {""best"": ""current"", ""r2"": 1.0, ""constant_value"": null, ""nondecreasing_share"": 0.781}, ""5"": {""best"": ""volt_modepi"", ""r2"": 1.0, ""constant_value"": null, ""nondecreasing_share"": 0.666}, ""6"": {""best"": ""vin_3 col 0 (next row)"", ""r2"": 0.99996, ""constant_value"": null, ""nondecreasing_share"": 0.634}}",0.9846385033013315,0.6423957851071552,0.0012657726091829247,0.0003887114579398267,
QAS,202,40023,35300,True,"{""vin_2 col 0"": {""best"": ""current"", ""r2"": 0.10924, ""joint_modepi_current_soc_r2"": 0.11006, ""median_abs_diff_to_modepi"": 0.04052}, ""vin_2 col 1"": {""best"": ""cell median"", ""r2"": 0.81595, ""joint_modepi_current_soc_r2"": 0.99798, ""median_abs_diff_to_modepi"": 0.1671}, ""vin_3 col 0"": {""best"": ""current"", ""r2"": 0.54738, ""joint_modepi_current_soc_r2"": 0.70798, ""median_abs_diff_to_modepi"": 2.96}, ""vin_3 col 1"": {""best"": ""current"", ""r2"": 0.55567, ""joint_modepi_current_soc_r2"": 0.69424, ""median_abs_diff_to_modepi"": 2.948}}","{""0"": {""best"": ""temperature"", ""r2"": 1.0, ""constant_value"": null, ""nondecreasing_share"": 0.971}, ""1"": {""best"": ""pack SOC"", ""r2"": 1.0, ""constant_value"": null, ""nondecreasing_share"": 0.978}, ""2"": {""best"": ""constant"", ""r2"": NaN, ""constant_value"": 0.0, ""nondecreasing_share"": 1.0}, ""3"": {""best"": ""cell sum"", ""r2"": 0.99999, ""constant_value"": null, ""nondecreasing_share"": 0.649}, ""4"": {""best"": ""current"", ""r2"": 1.0, ""constant_value"": null, ""nondecreasing_share"": 0.755}, ""5"": {""best"": ""volt_modepi"", ""r2"": 1.0, ""constant_value"": null, ""nondecreasing_share"": 0.636}, ""6"": {""best"": ""vin_3 col 0 (next row)"", ""r2"": 0.99933, ""constant_value"": null, ""nondecreasing_share"": 0.579}}",0.8351783565783932,0.6908836135726709,0.0003200471122839499,2.9654218523483364e-05,
QAS,204,38689,32515,True,"{""vin_2 col 0"": {""best"": ""current"", ""r2"": 0.02922, ""joint_modepi_current_soc_r2"": 0.02985, ""median_abs_diff_to_modepi"": 0.02684}, ""vin_2 col 1"": {""best"": ""volt_modepi"", ""r2"": 0.70624, ""joint_modepi_current_soc_r2"": 0.99864, ""median_abs_diff_to_modepi"": 0.2423}, ""vin_3 col 0"": {""best"": ""current"", ""r2"": 0.41543, ""joint_modepi_current_soc_r2"": 0.48505, ""median_abs_diff_to_modepi"": 2.379}, ""vin_3 col 1"": {""best"": ""current"", ""r2"": 0.38642, ""joint_modepi_current_soc_r2"": 0.45372, ""median_abs_diff_to_modepi"": 2.369}}","{""0"": {""best"": ""temperature"", ""r2"": 1.0, ""constant_value"": null, ""nondecreasing_share"": 0.97}, ""1"": {""best"": ""pack SOC"", ""r2"": 1.0, ""constant_value"": null, ""nondecreasing_share"": 0.968}, ""2"": {""best"": ""constant"", ""r2"": NaN, ""constant_value"": 0.0, ""nondecreasing_share"": 1.0}, ""3"": {""best"": ""cell sum"", ""r2"": 0.99999, ""constant_value"": null, ""nondecreasing_share"": 0.67}, ""4"": {""best"": ""current"", ""r2"": 1.0, ""constant_value"": null, ""nondecreasing_share"": 0.788}, ""5"": {""best"": ""volt_modepi"", ""r2"": 1.0, ""constant_value"": null, ""nondecreasing_share"": 0.659}, ""6"": {""best"": ""vin_3 col 0 (next row)"", ""r2"": 0.99976, ""constant_value"": null, ""nondecreasing_share"": 0.589}}",0.9778778181153361,0.9561734923263917,0.0004068731564026429,0.0001989167853493027,
QAS,206,29293,26739,True,"{""vin_2 col 0"": {""best"": ""current"", ""r2"": 0.99557, ""joint_modepi_current_soc_r2"": 0.99641, ""median_abs_diff_to_modepi"": 0.05086}, ""vin_2 col 1"": {""best"": ""cell median"", ""r2"": 0.70846, ""joint_modepi_current_soc_r2"": 0.99709, ""median_abs_diff_to_modepi"": 0.1916}, ""vin_3 col 0"": {""best"": ""current"", ""r2"": 0.83514, ""joint_modepi_current_soc_r2"": 0.90955, ""median_abs_diff_to_modepi"": 2.979}, ""vin_3 col 1"": {""best"": ""current"", ""r2"": 0.85291, ""joint_modepi_current_soc_r2"": 0.88639, ""median_abs_diff_to_modepi"": 2.989}}","{""0"": {""best"": ""temperature"", ""r2"": 1.0, ""constant_value"": null, ""nondecreasing_share"": 0.972}, ""1"": {""best"": ""pack SOC"", ""r2"": 1.0, ""constant_value"": null, ""nondecreasing_share"": 0.97}, ""2"": {""best"": ""constant"", ""r2"": NaN, ""constant_value"": 0.0, ""nondecreasing_share"": 1.0}, ""3"": {""best"": ""volt_modepi"", ""r2"": 0.99999, ""constant_value"": null, ""nondecreasing_share"": 0.638}, ""4"": {""best"": ""current"", ""r2"": 1.0, ""constant_value"": null, ""nondecreasing_share"": 0.759}, ""5"": {""best"": ""volt_modepi"", ""r2"": 1.0, ""constant_value"": null, ""nondecreasing_share"": 0.627}, ""6"": {""best"": ""vin_3 col 0 (next row)"", ""r2"": 0.99984, ""constant_value"": null, ""nondecreasing_share"": 0.58}}",0.8962493571684003,0.8855695066560036,0.0005973714107481154,3.7129175556852885e-05,
QAS,205,31041,28384,True,"{""vin_2 col 0"": {""best"": ""current"", ""r2"": 0.00751, ""joint_modepi_current_soc_r2"": 0.00757, ""median_abs_diff_to_modepi"": 0.04377}, ""vin_2 col 1"": {""best"": ""cell median"", ""r2"": 0.81124, ""joint_modepi_current_soc_r2"": 0.99786, ""median_abs_diff_to_modepi"": 0.1663}, ""vin_3 col 0"": {""best"": ""current"", ""r2"": 0.54157, ""joint_modepi_current_soc_r2"": 0.69591, ""median_abs_diff_to_modepi"": 2.973}, ""vin_3 col 1"": {""best"": ""current"", ""r2"": 0.52559, ""joint_modepi_current_soc_r2"": 0.63555, ""median_abs_diff_to_modepi"": 2.996}}","{""0"": {""best"": ""temperature"", ""r2"": 1.0, ""constant_value"": null, ""nondecreasing_share"": 0.968}, ""1"": {""best"": ""pack SOC"", ""r2"": 1.0, ""constant_value"": null, ""nondecreasing_share"": 0.973}, ""2"": {""best"": ""constant"", ""r2"": NaN, ""constant_value"": 0.0, ""nondecreasing_share"": 1.0}, ""3"": {""best"": ""cell sum"", ""r2"": 0.99999, ""constant_value"": null, ""nondecreasing_share"": 0.664}, ""4"": {""best"": ""current"", ""r2"": 1.0, ""constant_value"": null, ""nondecreasing_share"": 0.799}, ""5"": {""best"": ""volt_modepi"", ""r2"": 1.0, ""constant_value"": null, ""nondecreasing_share"": 0.651}, ""6"": {""best"": ""vin_3 col 0 (next row)"", ""r2"": 0.99479, ""constant_value"": null, ""nondecreasing_share"": 0.573}}",0.918991703498392,0.8923530790880758,0.0003695898332687353,3.207458730559304e-05,
QAS,207,37624,33147,True,"{""vin_2 col 0"": {""best"": ""current"", ""r2"": 0.88534, ""joint_modepi_current_soc_r2"": 0.89101, ""median_abs_diff_to_modepi"": 0.04551}, ""vin_2 col 1"": {""best"": ""cell mean"", ""r2"": 0.85288, ""joint_modepi_current_soc_r2"": 0.99716, ""median_abs_diff_to_modepi"": 0.1987}, ""vin_3 col 0"": {""best"": ""current"", ""r2"": 0.43359, ""joint_modepi_current_soc_r2"": 0.60261, ""median_abs_diff_to_modepi"": 2.974}, ""vin_3 col 1"": {""best"": ""current"", ""r2"": 0.42134, ""joint_modepi_current_soc_r2"": 0.56402, ""median_abs_diff_to_modepi"": 3.09}}","{""0"": {""best"": ""temperature"", ""r2"": 1.0, ""constant_value"": null, ""nondecreasing_share"": 0.971}, ""1"": {""best"": ""pack SOC"", ""r2"": 1.0, ""constant_value"": null, ""nondecreasing_share"": 0.968}, ""2"": {""best"": ""constant"", ""r2"": NaN, ""constant_value"": 0.0, ""nondecreasing_share"": 1.0}, ""3"": {""best"": ""cell sum"", ""r2"": 0.99998, ""constant_value"": null, ""nondecreasing_share"": 0.678}, ""4"": {""best"": ""current"", ""r2"": 1.0, ""constant_value"": null, ""nondecreasing_share"": 0.831}, ""5"": {""best"": ""volt_modepi"", ""r2"": 1.0, ""constant_value"": null, ""nondecreasing_share"": 0.665}, ""6"": {""best"": ""vin_3 col 0 (next row)"", ""r2"": 0.99752, ""constant_value"": null, ""nondecreasing_share"": 0.613}}",0.7922301644134474,0.7083174819026042,0.00048208330954091494,5.234368907726875e-05,
QAS,208,32873,32277,True,"{""vin_2 col 0"": {""best"": ""cell SOC mean"", ""r2"": 0.00055, ""joint_modepi_current_soc_r2"": 0.00053, ""median_abs_diff_to_modepi"": 0.02461}, ""vin_2 col 1"": {""best"": ""cell median"", ""r2"": 0.77195, ""joint_modepi_current_soc_r2"": 0.99893, ""median_abs_diff_to_modepi"": 0.2177}, ""vin_3 col 0"": {""best"": ""temperature"", ""r2"": 0.45493, ""joint_modepi_current_soc_r2"": 0.41676, ""median_abs_diff_to_modepi"": 2.379}, ""vin_3 col 1"": {""best"": ""temperature"", ""r2"": 0.45581, ""joint_modepi_current_soc_r2"": 0.40186, ""median_abs_diff_to_modepi"": 2.37}}","{""0"": {""best"": ""temperature"", ""r2"": 1.0, ""constant_value"": null, ""nondecreasing_share"": 0.976}, ""1"": {""best"": ""pack SOC"", ""r2"": 1.0, ""constant_value"": null, ""nondecreasing_share"": 0.949}, ""2"": {""best"": ""constant"", ""r2"": NaN, ""constant_value"": 0.0, ""nondecreasing_share"": 1.0}, ""3"": {""best"": ""cell sum"", ""r2"": 0.99999, ""constant_value"": null, ""nondecreasing_share"": 0.679}, ""4"": {""best"": ""current"", ""r2"": 1.0, ""constant_value"": null, ""nondecreasing_share"": 0.817}, ""5"": {""best"": ""volt_modepi"", ""r2"": 1.0, ""constant_value"": null, ""nondecreasing_share"": 0.668}, ""6"": {""best"": ""vin_3 col 0 (next row)"", ""r2"": 0.99997, ""constant_value"": null, ""nondecreasing_share"": 0.594}}",0.9997771100576137,0.999534378531483,0.0009613125257494914,0.0005211651794567495,
QAS,209,31892,29752,True,"{""vin_2 col 0"": {""best"": ""current"", ""r2"": 0.91375, ""joint_modepi_current_soc_r2"": 0.92327, ""median_abs_diff_to_modepi"": 0.04779}, ""vin_2 col 1"": {""best"": ""cell median"", ""r2"": 0.84137, ""joint_modepi_current_soc_r2"": 0.99697, ""median_abs_diff_to_modepi"": 0.2306}, ""vin_3 col 0"": {""best"": ""pack SOC"", ""r2"": 0.33051, ""joint_modepi_current_soc_r2"": 0.6639, ""median_abs_diff_to_modepi"": 2.986}, ""vin_3 col 1"": {""best"": ""current"", ""r2"": 0.33817, ""joint_modepi_current_soc_r2"": 0.5612, ""median_abs_diff_to_modepi"": 3.087}}","{""0"": {""best"": ""temperature"", ""r2"": 1.0, ""constant_value"": null, ""nondecreasing_share"": 0.975}, ""1"": {""best"": ""pack SOC"", ""r2"": 1.0, ""constant_value"": null, ""nondecreasing_share"": 0.967}, ""2"": {""best"": ""constant"", ""r2"": NaN, ""constant_value"": 0.0, ""nondecreasing_share"": 1.0}, ""3"": {""best"": ""cell sum"", ""r2"": 0.99999, ""constant_value"": null, ""nondecreasing_share"": 0.675}, ""4"": {""best"": ""current"", ""r2"": 1.0, ""constant_value"": null, ""nondecreasing_share"": 0.829}, ""5"": {""best"": ""volt_modepi"", ""r2"": 1.0, ""constant_value"": null, ""nondecreasing_share"": 0.659}, ""6"": {""best"": ""vin_3 col 0 (next row)"", ""r2"": 0.99983, ""constant_value"": null, ""nondecreasing_share"": 0.659}}",0.9340800183143865,0.8695423866216632,0.0002463479294689819,4.19283611270898e-05,
QAS,201,98855,90239,True,"{""vin_2 col 0"": {""best"": ""current"", ""r2"": 0.93519, ""joint_modepi_current_soc_r2"": 0.94929, ""median_abs_diff_to_modepi"": 0.02661}, ""vin_2 col 1"": {""best"": ""cell median"", ""r2"": 0.7523, ""joint_modepi_current_soc_r2"": 0.99781, ""median_abs_diff_to_modepi"": 0.222}, ""vin_3 col 0"": {""best"": ""current"", ""r2"": 0.4008, ""joint_modepi_current_soc_r2"": 0.46142, ""median_abs_diff_to_modepi"": 2.38}, ""vin_3 col 1"": {""best"": ""current"", ""r2"": 0.37226, ""joint_modepi_current_soc_r2"": 0.42975, ""median_abs_diff_to_modepi"": 2.371}}","{""0"": {""best"": ""temperature"", ""r2"": 1.0, ""constant_value"": null, ""nondecreasing_share"": 0.976}, ""1"": {""best"": ""pack SOC"", ""r2"": 1.0, ""constant_value"": null, ""nondecreasing_share"": 0.953}, ""2"": {""best"": ""constant"", ""r2"": NaN, ""constant_value"": 0.0, ""nondecreasing_share"": 1.0}, ""3"": {""best"": ""cell sum"", ""r2"": 0.99999, ""constant_value"": null, ""nondecreasing_share"": 0.682}, ""4"": {""best"": ""current"", ""r2"": 1.0, ""constant_value"": null, ""nondecreasing_share"": 0.756}, ""5"": {""best"": ""volt_modepi"", ""r2"": 1.0, ""constant_value"": null, ""nondecreasing_share"": 0.674}, ""6"": {""best"": ""vin_3 col 0 (next row)"", ""r2"": 0.99996, ""constant_value"": null, ""nondecreasing_share"": 0.615}}",0.9843194392961998,0.9621874887019686,0.0006260559078115069,0.0002642196552736964,
QAS,210,35881,31834,True,"{""vin_2 col 0"": {""best"": ""current"", ""r2"": 0.93778, ""joint_modepi_current_soc_r2"": 0.9493, ""median_abs_diff_to_modepi"": 0.03177}, ""vin_2 col 1"": {""best"": ""cell median"", ""r2"": 0.76792, ""joint_modepi_current_soc_r2"": 0.9974, ""median_abs_diff_to_modepi"": 0.2729}, ""vin_3 col 0"": {""best"": ""current"", ""r2"": 0.2075, ""joint_modepi_current_soc_r2"": 0.22591, ""median_abs_diff_to_modepi"": 2.384}, ""vin_3 col 1"": {""best"": ""current"", ""r2"": 0.18718, ""joint_modepi_current_soc_r2"": 0.20298, ""median_abs_diff_to_modepi"": 2.375}}","{""0"": {""best"": ""temperature"", ""r2"": 1.0, ""constant_value"": null, ""nondecreasing_share"": 0.971}, ""1"": {""best"": ""pack SOC"", ""r2"": 1.0, ""constant_value"": null, ""nondecreasing_share"": 0.954}, ""2"": {""best"": ""constant"", ""r2"": NaN, ""constant_value"": 0.0, ""nondecreasing_share"": 1.0}, ""3"": {""best"": ""cell sum"", ""r2"": 0.99998, ""constant_value"": null, ""nondecreasing_share"": 0.693}, ""4"": {""best"": ""current"", ""r2"": 1.0, ""constant_value"": null, ""nondecreasing_share"": 0.8}, ""5"": {""best"": ""volt_modepi"", ""r2"": 1.0, ""constant_value"": null, ""nondecreasing_share"": 0.683}, ""6"": {""best"": ""vin_3 col 0 (next row)"", ""r2"": 0.99998, ""constant_value"": null, ""nondecreasing_share"": 0.594}}",0.9896596082494418,0.9707545900954002,0.0006319423594596252,0.00034643251203077556,
QAS,212,27758,25469,True,"{""vin_2 col 0"": {""best"": ""current"", ""r2"": 0.00083, ""joint_modepi_current_soc_r2"": 0.00104, ""median_abs_diff_to_modepi"": 0.02247}, ""vin_2 col 1"": {""best"": ""volt_modepi"", ""r2"": 0.7188, ""joint_modepi_current_soc_r2"": 0.99791, ""median_abs_diff_to_modepi"": 0.2002}, ""vin_3 col 0"": {""best"": ""current"", ""r2"": 0.44119, ""joint_modepi_current_soc_r2"": 0.59465, ""median_abs_diff_to_modepi"": 2.373}, ""vin_3 col 1"": {""best"": ""current"", ""r2"": 0.41632, ""joint_modepi_current_soc_r2"": 0.56779, ""median_abs_diff_to_modepi"": 2.366}}","{""0"": {""best"": ""temperature"", ""r2"": 1.0, ""constant_value"": null, ""nondecreasing_share"": 0.976}, ""1"": {""best"": ""pack SOC"", ""r2"": 1.0, ""constant_value"": null, ""nondecreasing_share"": 0.976}, ""2"": {""best"": ""constant"", ""r2"": NaN, ""constant_value"": 0.0, ""nondecreasing_share"": 1.0}, ""3"": {""best"": ""cell sum"", ""r2"": 0.99998, ""constant_value"": null, ""nondecreasing_share"": 0.63}, ""4"": {""best"": ""current"", ""r2"": 1.0, ""constant_value"": null, ""nondecreasing_share"": 0.804}, ""5"": {""best"": ""volt_modepi"", ""r2"": 1.0, ""constant_value"": null, ""nondecreasing_share"": 0.617}, ""6"": {""best"": ""vin_3 col 0 (next row)"", ""r2"": 0.99929, ""constant_value"": null, ""nondecreasing_share"": 0.573}}",0.709316111234002,0.6362003494816008,0.0005437249278366085,0.00014719629967357658,
QAS,211,40560,35720,True,"{""vin_2 col 0"": {""best"": ""current"", ""r2"": 0.92464, ""joint_modepi_current_soc_r2"": 0.92595, ""median_abs_diff_to_modepi"": 0.04748}, ""vin_2 col 1"": {""best"": ""cell median"", ""r2"": 0.68713, ""joint_modepi_current_soc_r2"": 0.99738, ""median_abs_diff_to_modepi"": 0.2099}, ""vin_3 col 0"": {""best"": ""current"", ""r2"": 0.67896, ""joint_modepi_current_soc_r2"": 0.7947, ""median_abs_diff_to_modepi"": 2.978}, ""vin_3 col 1"": {""best"": ""current"", ""r2"": 0.66484, ""joint_modepi_current_soc_r2"": 0.75069, ""median_abs_diff_to_modepi"": 3.01}}","{""0"": {""best"": ""temperature"", ""r2"": 1.0, ""constant_value"": null, ""nondecreasing_share"": 0.976}, ""1"": {""best"": ""pack SOC"", ""r2"": 1.0, ""constant_value"": null, ""nondecreasing_share"": 0.97}, ""2"": {""best"": ""constant"", ""r2"": NaN, ""constant_value"": 0.0, ""nondecreasing_share"": 1.0}, ""3"": {""best"": ""cell sum"", ""r2"": 0.99999, ""constant_value"": null, ""nondecreasing_share"": 0.631}, ""4"": {""best"": ""current"", ""r2"": 1.0, ""constant_value"": null, ""nondecreasing_share"": 0.737}, ""5"": {""best"": ""volt_modepi"", ""r2"": 1.0, ""constant_value"": null, ""nondecreasing_share"": 0.621}, ""6"": {""best"": ""vin_3 col 0 (next row)"", ""r2"": 0.99731, ""constant_value"": null, ""nondecreasing_share"": 0.562}}",0.88498865451946,0.7061874710406513,0.00039786221371551633,2.8105846169951005e-05,
QAS,213,27229,24230,True,"{""vin_2 col 0"": {""best"": ""current"", ""r2"": 0.00319, ""joint_modepi_current_soc_r2"": 0.00343, ""median_abs_diff_to_modepi"": 0.018}, ""vin_2 col 1"": {""best"": ""cell median"", ""r2"": 0.76498, ""joint_modepi_current_soc_r2"": 0.99853, ""median_abs_diff_to_modepi"": 0.212}, ""vin_3 col 0"": {""best"": ""current"", ""r2"": 0.78148, ""joint_modepi_current_soc_r2"": 0.79124, ""median_abs_diff_to_modepi"": 2.37}, ""vin_3 col 1"": {""best"": ""current"", ""r2"": 0.76494, ""joint_modepi_current_soc_r2"": 0.78127, ""median_abs_diff_to_modepi"": 2.344}}","{""0"": {""best"": ""temperature"", ""r2"": 1.0, ""constant_value"": null, ""nondecreasing_share"": 0.975}, ""1"": {""best"": ""pack SOC"", ""r2"": 1.0, ""constant_value"": null, ""nondecreasing_share"": 0.969}, ""2"": {""best"": ""constant"", ""r2"": NaN, ""constant_value"": 0.0, ""nondecreasing_share"": 1.0}, ""3"": {""best"": ""cell sum"", ""r2"": 0.99999, ""constant_value"": null, ""nondecreasing_share"": 0.69}, ""4"": {""best"": ""current"", ""r2"": 1.0, ""constant_value"": null, ""nondecreasing_share"": 0.831}, ""5"": {""best"": ""volt_modepi"", ""r2"": 1.0, ""constant_value"": null, ""nondecreasing_share"": 0.677}, ""6"": {""best"": ""vin_3 col 0 (next row)"", ""r2"": 0.99997, ""constant_value"": null, ""nondecreasing_share"": 0.582}}",0.9988449191997906,0.9780344329364347,0.001058879499079346,0.000645905724456678,
QAS,214,26896,23132,True,"{""vin_2 col 0"": {""best"": ""current"", ""r2"": 0.90472, ""joint_modepi_current_soc_r2"": 0.90943, ""median_abs_diff_to_modepi"": 0.03277}, ""vin_2 col 1"": {""best"": ""volt_modepi"", ""r2"": 0.69887, ""joint_modepi_current_soc_r2"": 0.99814, ""median_abs_diff_to_modepi"": 0.2326}, ""vin_3 col 0"": {""best"": ""temperature"", ""r2"": 0.31307, ""joint_modepi_current_soc_r2"": 0.28321, ""median_abs_diff_to_modepi"": 2.376}, ""vin_3 col 1"": {""best"": ""temperature"", ""r2"": 0.31211, ""joint_modepi_current_soc_r2"": 0.25867, ""median_abs_diff_to_modepi"": 2.363}}","{""0"": {""best"": ""temperature"", ""r2"": 1.0, ""constant_value"": null, ""nondecreasing_share"": 0.972}, ""1"": {""best"": ""pack SOC"", ""r2"": 1.0, ""constant_value"": null, ""nondecreasing_share"": 0.966}, ""2"": {""best"": ""constant"", ""r2"": NaN, ""constant_value"": 0.0, ""nondecreasing_share"": 1.0}, ""3"": {""best"": ""cell sum"", ""r2"": 0.99999, ""constant_value"": null, ""nondecreasing_share"": 0.639}, ""4"": {""best"": ""current"", ""r2"": 1.0, ""constant_value"": null, ""nondecreasing_share"": 0.767}, ""5"": {""best"": ""volt_modepi"", ""r2"": 1.0, ""constant_value"": null, ""nondecreasing_share"": 0.63}, ""6"": {""best"": ""vin_3 col 0 (next row)"", ""r2"": 0.99975, ""constant_value"": null, ""nondecreasing_share"": 0.61}}",0.9442616930144422,0.9461724342707192,0.0005655900074115205,0.000256107188727416,
QAS,216,30064,27910,True,"{""vin_2 col 0"": {""best"": ""current"", ""r2"": 0.96599, ""joint_modepi_current_soc_r2"": 0.97295, ""median_abs_diff_to_modepi"": 0.01977}, ""vin_2 col 1"": {""best"": ""cell median"", ""r2"": 0.65561, ""joint_modepi_current_soc_r2"": 0.99643, ""median_abs_diff_to_modepi"": 0.2351}, ""vin_3 col 0"": {""best"": ""current"", ""r2"": 0.4669, ""joint_modepi_current_soc_r2"": 0.48332, ""median_abs_diff_to_modepi"": 2.37}, ""vin_3 col 1"": {""best"": ""current"", ""r2"": 0.44369, ""joint_modepi_current_soc_r2"": 0.46027, ""median_abs_diff_to_modepi"": 2.354}}","{""0"": {""best"": ""temperature"", ""r2"": 1.0, ""constant_value"": null, ""nondecreasing_share"": 0.977}, ""1"": {""best"": ""pack SOC"", ""r2"": 1.0, ""constant_value"": null, ""nondecreasing_share"": 0.981}, ""2"": {""best"": ""constant"", ""r2"": NaN, ""constant_value"": 0.0, ""nondecreasing_share"": 1.0}, ""3"": {""best"": ""volt_modepi"", ""r2"": 0.99999, ""constant_value"": null, ""nondecreasing_share"": 0.644}, ""4"": {""best"": ""current"", ""r2"": 1.0, ""constant_value"": null, ""nondecreasing_share"": 0.783}, ""5"": {""best"": ""volt_modepi"", ""r2"": 1.0, ""constant_value"": null, ""nondecreasing_share"": 0.632}, ""6"": {""best"": ""vin_3 col 0 (next row)"", ""r2"": 0.99996, ""constant_value"": null, ""nondecreasing_share"": 0.52}}",0.9875435312889056,0.8556552890297764,0.0006517192635686619,0.00025709364269205465,
QAS,217,29213,26464,True,"{""vin_2 col 0"": {""best"": ""current"", ""r2"": 0.81923, ""joint_modepi_current_soc_r2"": 0.82618, ""median_abs_diff_to_modepi"": 0.03623}, ""vin_2 col 1"": {""best"": ""volt_modepi"", ""r2"": 0.67588, ""joint_modepi_current_soc_r2"": 0.99848, ""median_abs_diff_to_modepi"": 0.221}, ""vin_3 col 0"": {""best"": ""temperature"", ""r2"": 0.27499, ""joint_modepi_current_soc_r2"": 0.37235, ""median_abs_diff_to_modepi"": 2.437}, ""vin_3 col 1"": {""best"": ""temperature"", ""r2"": 0.27512, ""joint_modepi_current_soc_r2"": 0.34213, ""median_abs_diff_to_modepi"": 2.441}}","{""0"": {""best"": ""temperature"", ""r2"": 1.0, ""constant_value"": null, ""nondecreasing_share"": 0.968}, ""1"": {""best"": ""pack SOC"", ""r2"": 1.0, ""constant_value"": null, ""nondecreasing_share"": 0.976}, ""2"": {""best"": ""constant"", ""r2"": NaN, ""constant_value"": 0.0, ""nondecreasing_share"": 1.0}, ""3"": {""best"": ""volt_modepi"", ""r2"": 0.99999, ""constant_value"": null, ""nondecreasing_share"": 0.64}, ""4"": {""best"": ""current"", ""r2"": 1.0, ""constant_value"": null, ""nondecreasing_share"": 0.79}, ""5"": {""best"": ""volt_modepi"", ""r2"": 1.0, ""constant_value"": null, ""nondecreasing_share"": 0.629}, ""6"": {""best"": ""vin_3 col 0 (next row)"", ""r2"": 0.99996, ""constant_value"": null, ""nondecreasing_share"": 0.546}}",0.9374118386484502,0.8221409293554858,0.0005841570338405155,0.00012658467919870206,
QAS,219,29590,27114,True,"{""vin_2 col 0"": {""best"": ""current"", ""r2"": 0.69448, ""joint_modepi_current_soc_r2"": 0.698, ""median_abs_diff_to_modepi"": 0.0369}, ""vin_2 col 1"": {""best"": ""volt_modepi"", ""r2"": 0.75911, ""joint_modepi_current_soc_r2"": 0.99832, ""median_abs_diff_to_modepi"": 0.1714}, ""vin_3 col 0"": {""best"": ""current"", ""r2"": 0.44725, ""joint_modepi_current_soc_r2"": 0.82307, ""median_abs_diff_to_modepi"": 2.976}, ""vin_3 col 1"": {""best"": ""current"", ""r2"": 0.422, ""joint_modepi_current_soc_r2"": 0.79467, ""median_abs_diff_to_modepi"": 2.998}}","{""0"": {""best"": ""temperature"", ""r2"": 1.0, ""constant_value"": null, ""nondecreasing_share"": 0.973}, ""1"": {""best"": ""pack SOC"", ""r2"": 1.0, ""constant_value"": null, ""nondecreasing_share"": 0.972}, ""2"": {""best"": ""constant"", ""r2"": NaN, ""constant_value"": 0.0, ""nondecreasing_share"": 1.0}, ""3"": {""best"": ""cell sum"", ""r2"": 0.99999, ""constant_value"": null, ""nondecreasing_share"": 0.634}, ""4"": {""best"": ""current"", ""r2"": 1.0, ""constant_value"": null, ""nondecreasing_share"": 0.716}, ""5"": {""best"": ""volt_modepi"", ""r2"": 1.0, ""constant_value"": null, ""nondecreasing_share"": 0.624}, ""6"": {""best"": ""vin_3 col 0 (next row)"", ""r2"": 0.99972, ""constant_value"": null, ""nondecreasing_share"": 0.548}}",0.974981433509333,0.9397072480027574,0.00034587822401821455,6.260761299928209e-05,
QAS,220,29261,26367,True,"{""vin_2 col 0"": {""best"": ""current"", ""r2"": 0.84114, ""joint_modepi_current_soc_r2"": 0.85812, ""median_abs_diff_to_modepi"": 0.02627}, ""vin_2 col 1"": {""best"": ""current"", ""r2"": 0.59043, ""joint_modepi_current_soc_r2"": 0.99784, ""median_abs_diff_to_modepi"": 0.3073}, ""vin_3 col 0"": {""best"": ""current"", ""r2"": 0.30158, ""joint_modepi_current_soc_r2"": 0.46769, ""median_abs_diff_to_modepi"": 2.372}, ""vin_3 col 1"": {""best"": ""current"", ""r2"": 0.27943, ""joint_modepi_current_soc_r2"": 0.44033, ""median_abs_diff_to_modepi"": 2.376}}","{""0"": {""best"": ""temperature"", ""r2"": 1.0, ""constant_value"": null, ""nondecreasing_share"": 0.974}, ""1"": {""best"": ""pack SOC"", ""r2"": 1.0, ""constant_value"": null, ""nondecreasing_share"": 0.966}, ""2"": {""best"": ""constant"", ""r2"": NaN, ""constant_value"": 0.0, ""nondecreasing_share"": 1.0}, ""3"": {""best"": ""cell sum"", ""r2"": 0.99999, ""constant_value"": null, ""nondecreasing_share"": 0.649}, ""4"": {""best"": ""current"", ""r2"": 1.0, ""constant_value"": null, ""nondecreasing_share"": 0.738}, ""5"": {""best"": ""volt_modepi"", ""r2"": 1.0, ""constant_value"": null, ""nondecreasing_share"": 0.638}, ""6"": {""best"": ""vin_3 col 0 (next row)"", ""r2"": 0.99997, ""constant_value"": null, ""nondecreasing_share"": 0.488}}",0.9234250291654867,0.9142916356481408,0.0005725362182049665,0.00033745876024636,
QAS,215,55695,48218,True,"{""vin_2 col 0"": {""best"": ""current"", ""r2"": 0.00128, ""joint_modepi_current_soc_r2"": 0.0013, ""median_abs_diff_to_modepi"": 0.0212}, ""vin_2 col 1"": {""best"": ""cell min"", ""r2"": 0.71422, ""joint_modepi_current_soc_r2"": 0.99715, ""median_abs_diff_to_modepi"": 0.2518}, ""vin_3 col 0"": {""best"": ""current"", ""r2"": 0.70878, ""joint_modepi_current_soc_r2"": 0.72545, ""median_abs_diff_to_modepi"": 2.371}, ""vin_3 col 1"": {""best"": ""current"", ""r2"": 0.69307, ""joint_modepi_current_soc_r2"": 0.70531, ""median_abs_diff_to_modepi"": 2.361}}","{""0"": {""best"": ""temperature"", ""r2"": 1.0, ""constant_value"": null, ""nondecreasing_share"": 0.972}, ""1"": {""best"": ""pack SOC"", ""r2"": 1.0, ""constant_value"": null, ""nondecreasing_share"": 0.971}, ""2"": {""best"": ""constant"", ""r2"": NaN, ""constant_value"": 0.0, ""nondecreasing_share"": 1.0}, ""3"": {""best"": ""cell sum"", ""r2"": 0.99999, ""constant_value"": null, ""nondecreasing_share"": 0.69}, ""4"": {""best"": ""current"", ""r2"": 1.0, ""constant_value"": null, ""nondecreasing_share"": 0.857}, ""5"": {""best"": ""volt_modepi"", ""r2"": 1.0, ""constant_value"": null, ""nondecreasing_share"": 0.678}, ""6"": {""best"": ""vin_3 col 0 (next row)"", ""r2"": 0.99996, ""constant_value"": null, ""nondecreasing_share"": 0.586}}",0.9975622598771756,0.9781932434947838,0.0017848733490728463,0.0007863359710745697,
QAS,222,31916,26758,True,"{""vin_2 col 0"": {""best"": ""current"", ""r2"": 0.98139, ""joint_modepi_current_soc_r2"": 0.98455, ""median_abs_diff_to_modepi"": 0.04505}, ""vin_2 col 1"": {""best"": ""cell min"", ""r2"": 0.8674, ""joint_modepi_current_soc_r2"": 0.99872, ""median_abs_diff_to_modepi"": 0.1409}, ""vin_3 col 0"": {""best"": ""current"", ""r2"": 0.57442, ""joint_modepi_current_soc_r2"": 0.80668, ""median_abs_diff_to_modepi"": 2.986}, ""vin_3 col 1"": {""best"": ""current"", ""r2"": 0.56064, ""joint_modepi_current_soc_r2"": 0.77974, ""median_abs_diff_to_modepi"": 3.105}}","{""0"": {""best"": ""temperature"", ""r2"": 1.0, ""constant_value"": null, ""nondecreasing_share"": 0.973}, ""1"": {""best"": ""pack SOC"", ""r2"": 1.0, ""constant_value"": null, ""nondecreasing_share"": 0.972}, ""2"": {""best"": ""constant"", ""r2"": NaN, ""constant_value"": 0.0, ""nondecreasing_share"": 1.0}, ""3"": {""best"": ""cell sum"", ""r2"": 0.99999, ""constant_value"": null, ""nondecreasing_share"": 0.651}, ""4"": {""best"": ""current"", ""r2"": 1.0, ""constant_value"": null, ""nondecreasing_share"": 0.806}, ""5"": {""best"": ""volt_modepi"", ""r2"": 1.0, ""constant_value"": null, ""nondecreasing_share"": 0.638}, ""6"": {""best"": ""vin_3 col 0 (next row)"", ""r2"": 0.99973, ""constant_value"": null, ""nondecreasing_share"": 0.599}}",0.9385791043865173,0.8506905468748676,0.0002963830452857863,3.6214851102456066e-05,
QAS,218,63169,56732,True,"{""vin_2 col 0"": {""best"": ""current"", ""r2"": 0.99358, ""joint_modepi_current_soc_r2"": 0.99488, ""median_abs_diff_to_modepi"": 0.03536}, ""vin_2 col 1"": {""best"": ""cell min"", ""r2"": 0.72631, ""joint_modepi_current_soc_r2"": 0.99742, ""median_abs_diff_to_modepi"": 0.2052}, ""vin_3 col 0"": {""best"": ""current"", ""r2"": 0.78399, ""joint_modepi_current_soc_r2"": 0.86356, ""median_abs_diff_to_modepi"": 2.946}, ""vin_3 col 1"": {""best"": ""current"", ""r2"": 0.78138, ""joint_modepi_current_soc_r2"": 0.8518, ""median_abs_diff_to_modepi"": 2.999}}","{""0"": {""best"": ""temperature"", ""r2"": 1.0, ""constant_value"": null, ""nondecreasing_share"": 0.977}, ""1"": {""best"": ""pack SOC"", ""r2"": 1.0, ""constant_value"": null, ""nondecreasing_share"": 0.975}, ""2"": {""best"": ""constant"", ""r2"": NaN, ""constant_value"": 0.0, ""nondecreasing_share"": 1.0}, ""3"": {""best"": ""cell sum"", ""r2"": 0.99999, ""constant_value"": null, ""nondecreasing_share"": 0.674}, ""4"": {""best"": ""current"", ""r2"": 1.0, ""constant_value"": null, ""nondecreasing_share"": 0.754}, ""5"": {""best"": ""volt_modepi"", ""r2"": 1.0, ""constant_value"": null, ""nondecreasing_share"": 0.667}, ""6"": {""best"": ""vin_3 col 0 (next row)"", ""r2"": 0.99981, ""constant_value"": null, ""nondecreasing_share"": 0.609}}",0.8968370056292583,0.7460452070686439,0.0004545884272570966,2.8485165200308215e-05,
QAS,223,34349,29976,True,"{""vin_2 col 0"": {""best"": ""current"", ""r2"": 0.00229, ""joint_modepi_current_soc_r2"": 0.00237, ""median_abs_diff_to_modepi"": 0.054}, ""vin_2 col 1"": {""best"": ""cell median"", ""r2"": 0.80937, ""joint_modepi_current_soc_r2"": 0.99782, ""median_abs_diff_to_modepi"": 0.2323}, ""vin_3 col 0"": {""best"": ""current"", ""r2"": 0.44651, ""joint_modepi_current_soc_r2"": 0.58659, ""median_abs_diff_to_modepi"": 2.989}, ""vin_3 col 1"": {""best"": ""current"", ""r2"": 0.50815, ""joint_modepi_current_soc_r2"": 0.54042, ""median_abs_diff_to_modepi"": 2.976}}","{""0"": {""best"": ""temperature"", ""r2"": 1.0, ""constant_value"": null, ""nondecreasing_share"": 0.973}, ""1"": {""best"": ""pack SOC"", ""r2"": 1.0, ""constant_value"": null, ""nondecreasing_share"": 0.972}, ""2"": {""best"": ""constant"", ""r2"": NaN, ""constant_value"": 0.0, ""nondecreasing_share"": 1.0}, ""3"": {""best"": ""cell sum"", ""r2"": 0.99999, ""constant_value"": null, ""nondecreasing_share"": 0.702}, ""4"": {""best"": ""current"", ""r2"": 1.0, ""constant_value"": null, ""nondecreasing_share"": 0.828}, ""5"": {""best"": ""volt_modepi"", ""r2"": 1.0, ""constant_value"": null, ""nondecreasing_share"": 0.69}, ""6"": {""best"": ""vin_3 col 0 (next row)"", ""r2"": 0.99518, ""constant_value"": null, ""nondecreasing_share"": 0.64}}",0.8473088605601854,0.7730101115948588,0.000520416487846731,4.274988903558273e-05,
QAS,224,32784,28737,True,"{""vin_2 col 0"": {""best"": ""current"", ""r2"": 0.00198, ""joint_modepi_current_soc_r2"": 0.002, ""median_abs_diff_to_modepi"": 0.05453}, ""vin_2 col 1"": {""best"": ""cell median"", ""r2"": 0.70002, ""joint_modepi_current_soc_r2"": 0.99758, ""median_abs_diff_to_modepi"": 0.2184}, ""vin_3 col 0"": {""best"": ""current"", ""r2"": 0.68222, ""joint_modepi_current_soc_r2"": 0.74474, ""median_abs_diff_to_modepi"": 2.978}, ""vin_3 col 1"": {""best"": ""current"", ""r2"": 0.70856, ""joint_modepi_current_soc_r2"": 0.73304, ""median_abs_diff_to_modepi"": 2.959}}","{""0"": {""best"": ""temperature"", ""r2"": 1.0, ""constant_value"": null, ""nondecreasing_share"": 0.975}, ""1"": {""best"": ""pack SOC"", ""r2"": 1.0, ""constant_value"": null, ""nondecreasing_share"": 0.97}, ""2"": {""best"": ""constant"", ""r2"": NaN, ""constant_value"": 0.0, ""nondecreasing_share"": 1.0}, ""3"": {""best"": ""cell sum"", ""r2"": 0.99999, ""constant_value"": null, ""nondecreasing_share"": 0.659}, ""4"": {""best"": ""current"", ""r2"": 1.0, ""constant_value"": null, ""nondecreasing_share"": 0.8}, ""5"": {""best"": ""volt_modepi"", ""r2"": 1.0, ""constant_value"": null, ""nondecreasing_share"": 0.649}, ""6"": {""best"": ""vin_3 col 0 (next row)"", ""r2"": 0.99467, ""constant_value"": null, ""nondecreasing_share"": 0.634}}",0.8409112940444053,0.8255541813080038,0.0002798940819803697,2.2229881985407302e-05,
QAS,221,44023,40816,True,"{""vin_2 col 0"": {""best"": ""current"", ""r2"": 0.94952, ""joint_modepi_current_soc_r2"": 0.95222, ""median_abs_diff_to_modepi"": 0.04667}, ""vin_2 col 1"": {""best"": ""cell median"", ""r2"": 0.82943, ""joint_modepi_current_soc_r2"": 0.99731, ""median_abs_diff_to_modepi"": 0.2066}, ""vin_3 col 0"": {""best"": ""current"", ""r2"": 0.5995, ""joint_modepi_current_soc_r2"": 0.77348, ""median_abs_diff_to_modepi"": 2.978}, ""vin_3 col 1"": {""best"": ""current"", ""r2"": 0.60416, ""joint_modepi_current_soc_r2"": 0.72696, ""median_abs_diff_to_modepi"": 3.003}}","{""0"": {""best"": ""temperature"", ""r2"": 1.0, ""constant_value"": null, ""nondecreasing_share"": 0.975}, ""1"": {""best"": ""pack SOC"", ""r2"": 1.0, ""constant_value"": null, ""nondecreasing_share"": 0.968}, ""2"": {""best"": ""constant"", ""r2"": NaN, ""constant_value"": 0.0, ""nondecreasing_share"": 1.0}, ""3"": {""best"": ""volt_modepi"", ""r2"": 0.99998, ""constant_value"": null, ""nondecreasing_share"": 0.659}, ""4"": {""best"": ""current"", ""r2"": 1.0, ""constant_value"": null, ""nondecreasing_share"": 0.812}, ""5"": {""best"": ""volt_modepi"", ""r2"": 1.0, ""constant_value"": null, ""nondecreasing_share"": 0.647}, ""6"": {""best"": ""vin_3 col 0 (next row)"", ""r2"": 0.99974, ""constant_value"": null, ""nondecreasing_share"": 0.595}}",0.7799777894006854,0.608365638107874,0.000511659922836305,4.142650491845146e-05,
QAS,225,29008,27315,True,"{""vin_2 col 0"": {""best"": ""current"", ""r2"": 0.00392, ""joint_modepi_current_soc_r2"": 0.00404, ""median_abs_diff_to_modepi"": 0.05349}, ""vin_2 col 1"": {""best"": ""cell median"", ""r2"": 0.89615, ""joint_modepi_current_soc_r2"": 0.99873, ""median_abs_diff_to_modepi"": 0.2004}, ""vin_3 col 0"": {""best"": ""current"", ""r2"": 0.25642, ""joint_modepi_current_soc_r2"": 0.50311, ""median_abs_diff_to_modepi"": 2.994}, ""vin_3 col 1"": {""best"": ""current"", ""r2"": 0.27886, ""joint_modepi_current_soc_r2"": 0.42122, ""median_abs_diff_to_modepi"": 3.001}}","{""0"": {""best"": ""temperature"", ""r2"": 1.0, ""constant_value"": null, ""nondecreasing_share"": 0.974}, ""1"": {""best"": ""pack SOC"", ""r2"": 1.0, ""constant_value"": null, ""nondecreasing_share"": 0.961}, ""2"": {""best"": ""constant"", ""r2"": NaN, ""constant_value"": 0.0, ""nondecreasing_share"": 1.0}, ""3"": {""best"": ""cell sum"", ""r2"": 0.99999, ""constant_value"": null, ""nondecreasing_share"": 0.672}, ""4"": {""best"": ""current"", ""r2"": 1.0, ""constant_value"": null, ""nondecreasing_share"": 0.803}, ""5"": {""best"": ""volt_modepi"", ""r2"": 1.0, ""constant_value"": null, ""nondecreasing_share"": 0.661}, ""6"": {""best"": ""vin_3 col 0 (next row)"", ""r2"": 0.99984, ""constant_value"": null, ""nondecreasing_share"": 0.653}}",0.9455406290747532,0.8856915280112938,0.00028637454071844815,4.870209327470081e-05,
QAS,226,27072,25537,True,"{""vin_2 col 0"": {""best"": ""current"", ""r2"": 0.81341, ""joint_modepi_current_soc_r2"": 0.81556, ""median_abs_diff_to_modepi"": 0.05994}, ""vin_2 col 1"": {""best"": ""cell median"", ""r2"": 0.84692, ""joint_modepi_current_soc_r2"": 0.99866, ""median_abs_diff_to_modepi"": 0.1832}, ""vin_3 col 0"": {""best"": ""current"", ""r2"": 0.62493, ""joint_modepi_current_soc_r2"": 0.72592, ""median_abs_diff_to_modepi"": 2.987}, ""vin_3 col 1"": {""best"": ""current"", ""r2"": 0.63267, ""joint_modepi_current_soc_r2"": 0.70147, ""median_abs_diff_to_modepi"": 3.002}}","{""0"": {""best"": ""temperature"", ""r2"": 1.0, ""constant_value"": null, ""nondecreasing_share"": 0.974}, ""1"": {""best"": ""pack SOC"", ""r2"": 1.0, ""constant_value"": null, ""nondecreasing_share"": 0.96}, ""2"": {""best"": ""constant"", ""r2"": NaN, ""constant_value"": 0.0, ""nondecreasing_share"": 1.0}, ""3"": {""best"": ""cell sum"", ""r2"": 0.99999, ""constant_value"": null, ""nondecreasing_share"": 0.647}, ""4"": {""best"": ""current"", ""r2"": 1.0, ""constant_value"": null, ""nondecreasing_share"": 0.795}, ""5"": {""best"": ""volt_modepi"", ""r2"": 1.0, ""constant_value"": null, ""nondecreasing_share"": 0.636}, ""6"": {""best"": ""vin_3 col 0 (next row)"", ""r2"": 0.99974, ""constant_value"": null, ""nondecreasing_share"": 0.583}}",0.8940291444864102,0.8835660491614583,0.0008026610301965498,7.479909057283765e-05,
QAS,227,28438,26679,True,"{""vin_2 col 0"": {""best"": ""current"", ""r2"": 0.0038, ""joint_modepi_current_soc_r2"": 0.00423, ""median_abs_diff_to_modepi"": 0.04753}, ""vin_2 col 1"": {""best"": ""cell median"", ""r2"": 0.90873, ""joint_modepi_current_soc_r2"": 0.99627, ""median_abs_diff_to_modepi"": 0.213}, ""vin_3 col 0"": {""best"": ""cell max"", ""r2"": 0.24384, ""joint_modepi_current_soc_r2"": 0.5226, ""median_abs_diff_to_modepi"": 2.983}, ""vin_3 col 1"": {""best"": ""cell max"", ""r2"": 0.21361, ""joint_modepi_current_soc_r2"": 0.47249, ""median_abs_diff_to_modepi"": 3.048}}","{""0"": {""best"": ""temperature"", ""r2"": 1.0, ""constant_value"": null, ""nondecreasing_share"": 0.973}, ""1"": {""best"": ""pack SOC"", ""r2"": 1.0, ""constant_value"": null, ""nondecreasing_share"": 0.97}, ""2"": {""best"": ""constant"", ""r2"": NaN, ""constant_value"": 0.0, ""nondecreasing_share"": 1.0}, ""3"": {""best"": ""cell sum"", ""r2"": 0.99999, ""constant_value"": null, ""nondecreasing_share"": 0.659}, ""4"": {""best"": ""current"", ""r2"": 1.0, ""constant_value"": null, ""nondecreasing_share"": 0.828}, ""5"": {""best"": ""volt_modepi"", ""r2"": 1.0, ""constant_value"": null, ""nondecreasing_share"": 0.647}, ""6"": {""best"": ""vin_3 col 0 (next row)"", ""r2"": 0.99774, ""constant_value"": null, ""nondecreasing_share"": 0.6}}",0.867872670713746,0.5272557298421483,0.00025242303466121996,2.77687479698576e-05,
QAS,228,27169,21075,True,"{""vin_2 col 0"": {""best"": ""cell SOC mean"", ""r2"": 0.00042, ""joint_modepi_current_soc_r2"": 0.0003, ""median_abs_diff_to_modepi"": 0.04519}, ""vin_2 col 1"": {""best"": ""cell median"", ""r2"": 0.71645, ""joint_modepi_current_soc_r2"": 0.99767, ""median_abs_diff_to_modepi"": 0.2056}, ""vin_3 col 0"": {""best"": ""current"", ""r2"": 0.6623, ""joint_modepi_current_soc_r2"": 0.76723, ""median_abs_diff_to_modepi"": 2.985}, ""vin_3 col 1"": {""best"": ""current"", ""r2"": 0.66053, ""joint_modepi_current_soc_r2"": 0.73465, ""median_abs_diff_to_modepi"": 3.002}}","{""0"": {""best"": ""temperature"", ""r2"": 1.0, ""constant_value"": null, ""nondecreasing_share"": 0.977}, ""1"": {""best"": ""pack SOC"", ""r2"": 1.0, ""constant_value"": null, ""nondecreasing_share"": 0.974}, ""2"": {""best"": ""constant"", ""r2"": NaN, ""constant_value"": 0.0, ""nondecreasing_share"": 1.0}, ""3"": {""best"": ""cell sum"", ""r2"": 0.99999, ""constant_value"": null, ""nondecreasing_share"": 0.664}, ""4"": {""best"": ""current"", ""r2"": 1.0, ""constant_value"": null, ""nondecreasing_share"": 0.822}, ""5"": {""best"": ""volt_modepi"", ""r2"": 1.0, ""constant_value"": null, ""nondecreasing_share"": 0.649}, ""6"": {""best"": ""vin_3 col 0 (next row)"", ""r2"": 0.99973, ""constant_value"": null, ""nondecreasing_share"": 0.607}}",0.8717455075785504,0.679307726174585,0.0005120153790549864,5.601621312669473e-05,
QAS,229,30673,26536,True,"{""vin_2 col 0"": {""best"": ""current"", ""r2"": 0.96009, ""joint_modepi_current_soc_r2"": 0.96428, ""median_abs_diff_to_modepi"": 0.04571}, ""vin_2 col 1"": {""best"": ""cell median"", ""r2"": 0.63234, ""joint_modepi_current_soc_r2"": 0.99733, ""median_abs_diff_to_modepi"": 0.2642}, ""vin_3 col 0"": {""best"": ""current"", ""r2"": 0.52669, ""joint_modepi_current_soc_r2"": 0.80349, ""median_abs_diff_to_modepi"": 2.983}, ""vin_3 col 1"": {""best"": ""current"", ""r2"": 0.52173, ""joint_modepi_current_soc_r2"": 0.78824, ""median_abs_diff_to_modepi"": 3.077}}","{""0"": {""best"": ""temperature"", ""r2"": 1.0, ""constant_value"": null, ""nondecreasing_share"": 0.978}, ""1"": {""best"": ""pack SOC"", ""r2"": 1.0, ""constant_value"": null, ""nondecreasing_share"": 0.971}, ""2"": {""best"": ""constant"", ""r2"": NaN, ""constant_value"": 0.0, ""nondecreasing_share"": 1.0}, ""3"": {""best"": ""cell sum"", ""r2"": 0.99999, ""constant_value"": null, ""nondecreasing_share"": 0.635}, ""4"": {""best"": ""current"", ""r2"": 1.0, ""constant_value"": null, ""nondecreasing_share"": 0.733}, ""5"": {""best"": ""volt_modepi"", ""r2"": 1.0, ""constant_value"": null, ""nondecreasing_share"": 0.624}, ""6"": {""best"": ""vin_3 col 0 (next row)"", ""r2"": 0.99974, ""constant_value"": null, ""nondecreasing_share"": 0.599}}",0.8740965431181804,0.8922220176493552,0.00025622972209071726,3.8974148535096274e-05,
QAS,230,40486,36793,True,"{""vin_2 col 0"": {""best"": ""current"", ""r2"": 0.00206, ""joint_modepi_current_soc_r2"": 0.00214, ""median_abs_diff_to_modepi"": 0.03978}, ""vin_2 col 1"": {""best"": ""cell mean"", ""r2"": 0.79353, ""joint_modepi_current_soc_r2"": 0.99771, ""median_abs_diff_to_modepi"": 0.2411}, ""vin_3 col 0"": {""best"": ""current"", ""r2"": 0.19592, ""joint_modepi_current_soc_r2"": 0.31222, ""median_abs_diff_to_modepi"": 2.693}, ""vin_3 col 1"": {""best"": ""current"", ""r2"": 0.20763, ""joint_modepi_current_soc_r2"": 0.2874, ""median_abs_diff_to_modepi"": 2.663}}","{""0"": {""best"": ""temperature"", ""r2"": 1.0, ""constant_value"": null, ""nondecreasing_share"": 0.979}, ""1"": {""best"": ""pack SOC"", ""r2"": 1.0, ""constant_value"": null, ""nondecreasing_share"": 0.959}, ""2"": {""best"": ""constant"", ""r2"": NaN, ""constant_value"": 0.0, ""nondecreasing_share"": 1.0}, ""3"": {""best"": ""volt_modepi"", ""r2"": 0.99999, ""constant_value"": null, ""nondecreasing_share"": 0.673}, ""4"": {""best"": ""current"", ""r2"": 1.0, ""constant_value"": null, ""nondecreasing_share"": 0.737}, ""5"": {""best"": ""volt_modepi"", ""r2"": 1.0, ""constant_value"": null, ""nondecreasing_share"": 0.664}, ""6"": {""best"": ""vin_3 col 0 (next row)"", ""r2"": 0.99996, ""constant_value"": null, ""nondecreasing_share"": 0.637}}",0.9756516975638002,0.9809164182515503,0.0002931587622467813,0.00015460884305450634,
QAS,231,37746,34520,True,"{""vin_2 col 0"": {""best"": ""current"", ""r2"": 0.00216, ""joint_modepi_current_soc_r2"": 0.00218, ""median_abs_diff_to_modepi"": 0.025}, ""vin_2 col 1"": {""best"": ""cell median"", ""r2"": 0.78221, ""joint_modepi_current_soc_r2"": 0.99796, ""median_abs_diff_to_modepi"": 0.2306}, ""vin_3 col 0"": {""best"": ""current"", ""r2"": 0.49538, ""joint_modepi_current_soc_r2"": 0.52324, ""median_abs_diff_to_modepi"": 2.38}, ""vin_3 col 1"": {""best"": ""current"", ""r2"": 0.47699, ""joint_modepi_current_soc_r2"": 0.50446, ""median_abs_diff_to_modepi"": 2.355}}","{""0"": {""best"": ""temperature"", ""r2"": 1.0, ""constant_value"": null, ""nondecreasing_share"": 0.976}, ""1"": {""best"": ""pack SOC"", ""r2"": 1.0, ""constant_value"": null, ""nondecreasing_share"": 0.953}, ""2"": {""best"": ""constant"", ""r2"": NaN, ""constant_value"": 0.0, ""nondecreasing_share"": 1.0}, ""3"": {""best"": ""cell sum"", ""r2"": 0.99999, ""constant_value"": null, ""nondecreasing_share"": 0.707}, ""4"": {""best"": ""current"", ""r2"": 1.0, ""constant_value"": null, ""nondecreasing_share"": 0.789}, ""5"": {""best"": ""volt_modepi"", ""r2"": 1.0, ""constant_value"": null, ""nondecreasing_share"": 0.698}, ""6"": {""best"": ""vin_3 col 0 (next row)"", ""r2"": 0.99935, ""constant_value"": null, ""nondecreasing_share"": 0.556}}",0.9656399150124462,0.7573629903381385,0.0008370524392438128,0.00044932832480155857,
QAS,234,31377,28693,True,"{""vin_2 col 0"": {""best"": ""current"", ""r2"": 0.91401, ""joint_modepi_current_soc_r2"": 0.91904, ""median_abs_diff_to_modepi"": 0.04413}, ""vin_2 col 1"": {""best"": ""cell min"", ""r2"": 0.78288, ""joint_modepi_current_soc_r2"": 0.99776, ""median_abs_diff_to_modepi"": 0.2109}, ""vin_3 col 0"": {""best"": ""current"", ""r2"": 0.39704, ""joint_modepi_current_soc_r2"": 0.68869, ""median_abs_diff_to_modepi"": 2.983}, ""vin_3 col 1"": {""best"": ""current"", ""r2"": 0.45029, ""joint_modepi_current_soc_r2"": 0.61917, ""median_abs_diff_to_modepi"": 2.977}}","{""0"": {""best"": ""temperature"", ""r2"": 1.0, ""constant_value"": null, ""nondecreasing_share"": 0.971}, ""1"": {""best"": ""pack SOC"", ""r2"": 1.0, ""constant_value"": null, ""nondecreasing_share"": 0.976}, ""2"": {""best"": ""constant"", ""r2"": NaN, ""constant_value"": 0.0, ""nondecreasing_share"": 1.0}, ""3"": {""best"": ""cell sum"", ""r2"": 0.99999, ""constant_value"": null, ""nondecreasing_share"": 0.678}, ""4"": {""best"": ""current"", ""r2"": 1.0, ""constant_value"": null, ""nondecreasing_share"": 0.794}, ""5"": {""best"": ""volt_modepi"", ""r2"": 1.0, ""constant_value"": null, ""nondecreasing_share"": 0.665}, ""6"": {""best"": ""vin_3 col 0 (next row)"", ""r2"": 0.99975, ""constant_value"": null, ""nondecreasing_share"": 0.594}}",0.918387754558368,0.8080373868882766,0.0003719323084414583,6.738422553224845e-05,
QAS,233,42698,36751,True,"{""vin_2 col 0"": {""best"": ""current"", ""r2"": 9e-05, ""joint_modepi_current_soc_r2"": 9e-05, ""median_abs_diff_to_modepi"": 0.04191}, ""vin_2 col 1"": {""best"": ""cell min"", ""r2"": 0.78307, ""joint_modepi_current_soc_r2"": 0.99797, ""median_abs_diff_to_modepi"": 0.1667}, ""vin_3 col 0"": {""best"": ""current"", ""r2"": 0.6591, ""joint_modepi_current_soc_r2"": 0.7794, ""median_abs_diff_to_modepi"": 2.964}, ""vin_3 col 1"": {""best"": ""current"", ""r2"": 0.67169, ""joint_modepi_current_soc_r2"": 0.75644, ""median_abs_diff_to_modepi"": 3.141}}","{""0"": {""best"": ""temperature"", ""r2"": 1.0, ""constant_value"": null, ""nondecreasing_share"": 0.97}, ""1"": {""best"": ""pack SOC"", ""r2"": 1.0, ""constant_value"": null, ""nondecreasing_share"": 0.974}, ""2"": {""best"": ""constant"", ""r2"": NaN, ""constant_value"": 0.0, ""nondecreasing_share"": 1.0}, ""3"": {""best"": ""cell sum"", ""r2"": 0.99999, ""constant_value"": null, ""nondecreasing_share"": 0.664}, ""4"": {""best"": ""current"", ""r2"": 1.0, ""constant_value"": null, ""nondecreasing_share"": 0.777}, ""5"": {""best"": ""volt_modepi"", ""r2"": 1.0, ""constant_value"": null, ""nondecreasing_share"": 0.651}, ""6"": {""best"": ""vin_3 col 0 (next row)"", ""r2"": 0.99975, ""constant_value"": null, ""nondecreasing_share"": 0.55}}",0.9986136497558221,0.9994403732702147,0.0007373732311395376,9.893180375822381e-05,
QAS,235,36336,32277,True,"{""vin_2 col 0"": {""best"": ""current"", ""r2"": 0.27654, ""joint_modepi_current_soc_r2"": 0.27756, ""median_abs_diff_to_modepi"": 0.06129}, ""vin_2 col 1"": {""best"": ""cell median"", ""r2"": 0.77722, ""joint_modepi_current_soc_r2"": 0.99768, ""median_abs_diff_to_modepi"": 0.2204}, ""vin_3 col 0"": {""best"": ""current"", ""r2"": 0.66318, ""joint_modepi_current_soc_r2"": 0.8036, ""median_abs_diff_to_modepi"": 2.983}, ""vin_3 col 1"": {""best"": ""current"", ""r2"": 0.65533, ""joint_modepi_current_soc_r2"": 0.78069, ""median_abs_diff_to_modepi"": 3.132}}","{""0"": {""best"": ""temperature"", ""r2"": 1.0, ""constant_value"": null, ""nondecreasing_share"": 0.969}, ""1"": {""best"": ""pack SOC"", ""r2"": 1.0, ""constant_value"": null, ""nondecreasing_share"": 0.967}, ""2"": {""best"": ""constant"", ""r2"": NaN, ""constant_value"": 0.0, ""nondecreasing_share"": 1.0}, ""3"": {""best"": ""cell sum"", ""r2"": 0.99999, ""constant_value"": null, ""nondecreasing_share"": 0.669}, ""4"": {""best"": ""current"", ""r2"": 1.0, ""constant_value"": null, ""nondecreasing_share"": 0.803}, ""5"": {""best"": ""volt_modepi"", ""r2"": 1.0, ""constant_value"": null, ""nondecreasing_share"": 0.658}, ""6"": {""best"": ""vin_3 col 0 (next row)"", ""r2"": 0.99976, ""constant_value"": null, ""nondecreasing_share"": 0.604}}",0.8689521910320945,0.8374700104057401,0.0003841315547232771,2.5229433603064788e-05,
QAS,232,48785,45364,True,"{""vin_2 col 0"": {""best"": ""current"", ""r2"": 0.9813, ""joint_modepi_current_soc_r2"": 0.987, ""median_abs_diff_to_modepi"": 0.04395}, ""vin_2 col 1"": {""best"": ""cell median"", ""r2"": 0.7216, ""joint_modepi_current_soc_r2"": 0.9979, ""median_abs_diff_to_modepi"": 0.2343}, ""vin_3 col 0"": {""best"": ""current"", ""r2"": 0.37548, ""joint_modepi_current_soc_r2"": 0.45495, ""median_abs_diff_to_modepi"": 2.952}, ""vin_3 col 1"": {""best"": ""current"", ""r2"": 0.33227, ""joint_modepi_current_soc_r2"": 0.39484, ""median_abs_diff_to_modepi"": 2.975}}","{""0"": {""best"": ""temperature"", ""r2"": 1.0, ""constant_value"": null, ""nondecreasing_share"": 0.976}, ""1"": {""best"": ""pack SOC"", ""r2"": 1.0, ""constant_value"": null, ""nondecreasing_share"": 0.949}, ""2"": {""best"": ""constant"", ""r2"": NaN, ""constant_value"": 0.0, ""nondecreasing_share"": 1.0}, ""3"": {""best"": ""cell sum"", ""r2"": 0.99999, ""constant_value"": null, ""nondecreasing_share"": 0.648}, ""4"": {""best"": ""current"", ""r2"": 1.0, ""constant_value"": null, ""nondecreasing_share"": 0.725}, ""5"": {""best"": ""volt_modepi"", ""r2"": 1.0, ""constant_value"": null, ""nondecreasing_share"": 0.637}, ""6"": {""best"": ""vin_3 col 0 (next row)"", ""r2"": 0.99983, ""constant_value"": null, ""nondecreasing_share"": 0.573}}",0.674700847863331,0.46605578802871084,0.0003297681412284259,3.9105674266037514e-05,
QAS,237,28652,24514,True,"{""vin_2 col 0"": {""best"": ""current"", ""r2"": 0.98974, ""joint_modepi_current_soc_r2"": 0.99282, ""median_abs_diff_to_modepi"": 0.04978}, ""vin_2 col 1"": {""best"": ""cell median"", ""r2"": 0.80049, ""joint_modepi_current_soc_r2"": 0.99828, ""median_abs_diff_to_modepi"": 0.1865}, ""vin_3 col 0"": {""best"": ""current"", ""r2"": 0.66002, ""joint_modepi_current_soc_r2"": 0.80769, ""median_abs_diff_to_modepi"": 2.98}, ""vin_3 col 1"": {""best"": ""current"", ""r2"": 0.6542, ""joint_modepi_current_soc_r2"": 0.78568, ""median_abs_diff_to_modepi"": 3.113}}","{""0"": {""best"": ""temperature"", ""r2"": 1.0, ""constant_value"": null, ""nondecreasing_share"": 0.976}, ""1"": {""best"": ""pack SOC"", ""r2"": 1.0, ""constant_value"": null, ""nondecreasing_share"": 0.96}, ""2"": {""best"": ""constant"", ""r2"": NaN, ""constant_value"": 0.0, ""nondecreasing_share"": 1.0}, ""3"": {""best"": ""volt_modepi"", ""r2"": 0.99998, ""constant_value"": null, ""nondecreasing_share"": 0.654}, ""4"": {""best"": ""current"", ""r2"": 1.0, ""constant_value"": null, ""nondecreasing_share"": 0.756}, ""5"": {""best"": ""volt_modepi"", ""r2"": 1.0, ""constant_value"": null, ""nondecreasing_share"": 0.644}, ""6"": {""best"": ""vin_3 col 0 (next row)"", ""r2"": 0.99975, ""constant_value"": null, ""nondecreasing_share"": 0.629}}",0.9296971376701065,0.8851325705532913,0.00026617875222578746,3.887275834677956e-05,
QAS,236,38721,36172,True,"{""vin_2 col 0"": {""best"": ""current"", ""r2"": 0.98778, ""joint_modepi_current_soc_r2"": 0.99061, ""median_abs_diff_to_modepi"": 0.04788}, ""vin_2 col 1"": {""best"": ""cell median"", ""r2"": 0.8088, ""joint_modepi_current_soc_r2"": 0.99794, ""median_abs_diff_to_modepi"": 0.1996}, ""vin_3 col 0"": {""best"": ""current"", ""r2"": 0.54533, ""joint_modepi_current_soc_r2"": 0.70838, ""median_abs_diff_to_modepi"": 2.983}, ""vin_3 col 1"": {""best"": ""current"", ""r2"": 0.54286, ""joint_modepi_current_soc_r2"": 0.67069, ""median_abs_diff_to_modepi"": 2.989}}","{""0"": {""best"": ""temperature"", ""r2"": 1.0, ""constant_value"": null, ""nondecreasing_share"": 0.974}, ""1"": {""best"": ""pack SOC"", ""r2"": 1.0, ""constant_value"": null, ""nondecreasing_share"": 0.972}, ""2"": {""best"": ""constant"", ""r2"": NaN, ""constant_value"": 0.0, ""nondecreasing_share"": 1.0}, ""3"": {""best"": ""volt_modepi"", ""r2"": 0.99999, ""constant_value"": null, ""nondecreasing_share"": 0.661}, ""4"": {""best"": ""current"", ""r2"": 1.0, ""constant_value"": null, ""nondecreasing_share"": 0.764}, ""5"": {""best"": ""volt_modepi"", ""r2"": 1.0, ""constant_value"": null, ""nondecreasing_share"": 0.649}, ""6"": {""best"": ""vin_3 col 0 (next row)"", ""r2"": 0.99974, ""constant_value"": null, ""nondecreasing_share"": 0.559}}",0.8684101644762703,0.7403519841907651,0.0004995591668506272,3.2771953968583316e-05,
QAS,238,30831,27176,True,"{""vin_2 col 0"": {""best"": ""current"", ""r2"": 0.00116, ""joint_modepi_current_soc_r2"": 0.00119, ""median_abs_diff_to_modepi"": 0.04107}, ""vin_2 col 1"": {""best"": ""cell min"", ""r2"": 0.64671, ""joint_modepi_current_soc_r2"": 0.9963, ""median_abs_diff_to_modepi"": 0.2201}, ""vin_3 col 0"": {""best"": ""current"", ""r2"": 0.73243, ""joint_modepi_current_soc_r2"": 0.82265, ""median_abs_diff_to_modepi"": 2.953}, ""vin_3 col 1"": {""best"": ""current"", ""r2"": 0.76229, ""joint_modepi_current_soc_r2"": 0.79931, ""median_abs_diff_to_modepi"": 2.954}}","{""0"": {""best"": ""temperature"", ""r2"": 1.0, ""constant_value"": null, ""nondecreasing_share"": 0.974}, ""1"": {""best"": ""pack SOC"", ""r2"": 1.0, ""constant_value"": null, ""nondecreasing_share"": 0.968}, ""2"": {""best"": ""constant"", ""r2"": NaN, ""constant_value"": 0.0, ""nondecreasing_share"": 1.0}, ""3"": {""best"": ""cell sum"", ""r2"": 0.99999, ""constant_value"": null, ""nondecreasing_share"": 0.635}, ""4"": {""best"": ""current"", ""r2"": 1.0, ""constant_value"": null, ""nondecreasing_share"": 0.714}, ""5"": {""best"": ""volt_modepi"", ""r2"": 1.0, ""constant_value"": null, ""nondecreasing_share"": 0.625}, ""6"": {""best"": ""vin_3 col 0 (next row)"", ""r2"": 0.99978, ""constant_value"": null, ""nondecreasing_share"": 0.571}}",0.9077440098622488,0.8276379652902879,0.0004985539787301096,3.885865023758956e-05,
QAS,240,26836,23913,True,"{""vin_2 col 0"": {""best"": ""current"", ""r2"": 0.99312, ""joint_modepi_current_soc_r2"": 0.99453, ""median_abs_diff_to_modepi"": 0.0449}, ""vin_2 col 1"": {""best"": ""cell median"", ""r2"": 0.7191, ""joint_modepi_current_soc_r2"": 0.99648, ""median_abs_diff_to_modepi"": 0.2037}, ""vin_3 col 0"": {""best"": ""current"", ""r2"": 0.72976, ""joint_modepi_current_soc_r2"": 0.84501, ""median_abs_diff_to_modepi"": 2.973}, ""vin_3 col 1"": {""best"": ""current"", ""r2"": 0.73335, ""joint_modepi_current_soc_r2"": 0.82366, ""median_abs_diff_to_modepi"": 3.132}}","{""0"": {""best"": ""temperature"", ""r2"": 1.0, ""constant_value"": null, ""nondecreasing_share"": 0.974}, ""1"": {""best"": ""pack SOC"", ""r2"": 1.0, ""constant_value"": null, ""nondecreasing_share"": 0.971}, ""2"": {""best"": ""constant"", ""r2"": NaN, ""constant_value"": 0.0, ""nondecreasing_share"": 1.0}, ""3"": {""best"": ""cell sum"", ""r2"": 0.99999, ""constant_value"": null, ""nondecreasing_share"": 0.651}, ""4"": {""best"": ""current"", ""r2"": 1.0, ""constant_value"": null, ""nondecreasing_share"": 0.752}, ""5"": {""best"": ""volt_modepi"", ""r2"": 1.0, ""constant_value"": null, ""nondecreasing_share"": 0.638}, ""6"": {""best"": ""vin_3 col 0 (next row)"", ""r2"": 0.99977, ""constant_value"": null, ""nondecreasing_share"": 0.606}}",0.8999378531388674,0.7699458449830494,0.0004430733997395908,2.9682169184195345e-05,
QAS,239,31637,28209,True,"{""vin_2 col 0"": {""best"": ""current"", ""r2"": 0.00123, ""joint_modepi_current_soc_r2"": 0.00127, ""median_abs_diff_to_modepi"": 0.026}, ""vin_2 col 1"": {""best"": ""volt_modepi"", ""r2"": 0.64016, ""joint_modepi_current_soc_r2"": 0.99757, ""median_abs_diff_to_modepi"": 0.2504}, ""vin_3 col 0"": {""best"": ""current"", ""r2"": 0.47234, ""joint_modepi_current_soc_r2"": 0.48042, ""median_abs_diff_to_modepi"": 2.379}, ""vin_3 col 1"": {""best"": ""current"", ""r2"": 0.47534, ""joint_modepi_current_soc_r2"": 0.48393, ""median_abs_diff_to_modepi"": 2.338}}","{""0"": {""best"": ""temperature"", ""r2"": 1.0, ""constant_value"": null, ""nondecreasing_share"": 0.97}, ""1"": {""best"": ""pack SOC"", ""r2"": 1.0, ""constant_value"": null, ""nondecreasing_share"": 0.971}, ""2"": {""best"": ""constant"", ""r2"": NaN, ""constant_value"": 0.0, ""nondecreasing_share"": 1.0}, ""3"": {""best"": ""cell sum"", ""r2"": 0.99999, ""constant_value"": null, ""nondecreasing_share"": 0.674}, ""4"": {""best"": ""current"", ""r2"": 1.0, ""constant_value"": null, ""nondecreasing_share"": 0.805}, ""5"": {""best"": ""volt_modepi"", ""r2"": 1.0, ""constant_value"": null, ""nondecreasing_share"": 0.663}, ""6"": {""best"": ""vin_3 col 0 (next row)"", ""r2"": 0.99933, ""constant_value"": null, ""nondecreasing_share"": 0.548}}",0.999914767424297,0.9999067089082478,4.891612470768321,0.039260010378991184,
QAS,241,31497,27115,True,"{""vin_2 col 0"": {""best"": ""current"", ""r2"": 0.00094, ""joint_modepi_current_soc_r2"": 0.00102, ""median_abs_diff_to_modepi"": 0.04438}, ""vin_2 col 1"": {""best"": ""cell median"", ""r2"": 0.68199, ""joint_modepi_current_soc_r2"": 0.99736, ""median_abs_diff_to_modepi"": 0.2248}, ""vin_3 col 0"": {""best"": ""current"", ""r2"": 0.22565, ""joint_modepi_current_soc_r2"": 0.42998, ""median_abs_diff_to_modepi"": 2.992}, ""vin_3 col 1"": {""best"": ""current"", ""r2"": 0.24756, ""joint_modepi_current_soc_r2"": 0.39626, ""median_abs_diff_to_modepi"": 2.988}}","{""0"": {""best"": ""temperature"", ""r2"": 1.0, ""constant_value"": null, ""nondecreasing_share"": 0.973}, ""1"": {""best"": ""pack SOC"", ""r2"": 1.0, ""constant_value"": null, ""nondecreasing_share"": 0.964}, ""2"": {""best"": ""constant"", ""r2"": NaN, ""constant_value"": 0.0, ""nondecreasing_share"": 1.0}, ""3"": {""best"": ""cell sum"", ""r2"": 0.99999, ""constant_value"": null, ""nondecreasing_share"": 0.642}, ""4"": {""best"": ""current"", ""r2"": 1.0, ""constant_value"": null, ""nondecreasing_share"": 0.76}, ""5"": {""best"": ""volt_modepi"", ""r2"": 1.0, ""constant_value"": null, ""nondecreasing_share"": 0.631}, ""6"": {""best"": ""vin_3 col 0 (next row)"", ""r2"": 0.99987, ""constant_value"": null, ""nondecreasing_share"": 0.638}}",0.9828031457730712,0.979842034533399,0.00027151690975113496,8.365090284723103e-05,
QAS,242,34795,29511,True,"{""vin_2 col 0"": {""best"": ""current"", ""r2"": 0.99213, ""joint_modepi_current_soc_r2"": 0.9947, ""median_abs_diff_to_modepi"": 0.047}, ""vin_2 col 1"": {""best"": ""cell median"", ""r2"": 0.75089, ""joint_modepi_current_soc_r2"": 0.99801, ""median_abs_diff_to_modepi"": 0.2086}, ""vin_3 col 0"": {""best"": ""current"", ""r2"": 0.76756, ""joint_modepi_current_soc_r2"": 0.84305, ""median_abs_diff_to_modepi"": 2.973}, ""vin_3 col 1"": {""best"": ""current"", ""r2"": 0.77156, ""joint_modepi_current_soc_r2"": 0.81433, ""median_abs_diff_to_modepi"": 2.994}}","{""0"": {""best"": ""temperature"", ""r2"": 1.0, ""constant_value"": null, ""nondecreasing_share"": 0.975}, ""1"": {""best"": ""pack SOC"", ""r2"": 1.0, ""constant_value"": null, ""nondecreasing_share"": 0.96}, ""2"": {""best"": ""constant"", ""r2"": NaN, ""constant_value"": 0.0, ""nondecreasing_share"": 1.0}, ""3"": {""best"": ""cell sum"", ""r2"": 0.99996, ""constant_value"": null, ""nondecreasing_share"": 0.683}, ""4"": {""best"": ""current"", ""r2"": 1.0, ""constant_value"": null, ""nondecreasing_share"": 0.784}, ""5"": {""best"": ""volt_modepi"", ""r2"": 1.0, ""constant_value"": null, ""nondecreasing_share"": 0.672}, ""6"": {""best"": ""vin_3 col 0 (next row)"", ""r2"": 0.99978, ""constant_value"": null, ""nondecreasing_share"": 0.614}}",0.8776286692025967,0.47515498680458984,0.0004285561862333864,4.0387766016499626e-05,
QAS,243,30644,26843,True,"{""vin_2 col 0"": {""best"": ""current"", ""r2"": 0.96639, ""joint_modepi_current_soc_r2"": 0.96756, ""median_abs_diff_to_modepi"": 0.04718}, ""vin_2 col 1"": {""best"": ""cell median"", ""r2"": 0.7448, ""joint_modepi_current_soc_r2"": 0.99784, ""median_abs_diff_to_modepi"": 0.1854}, ""vin_3 col 0"": {""best"": ""current"", ""r2"": 0.76918, ""joint_modepi_current_soc_r2"": 0.83856, ""median_abs_diff_to_modepi"": 2.962}, ""vin_3 col 1"": {""best"": ""current"", ""r2"": 0.763, ""joint_modepi_current_soc_r2"": 0.8043, ""median_abs_diff_to_modepi"": 3.254}}","{""0"": {""best"": ""temperature"", ""r2"": 1.0, ""constant_value"": null, ""nondecreasing_share"": 0.979}, ""1"": {""best"": ""pack SOC"", ""r2"": 1.0, ""constant_value"": null, ""nondecreasing_share"": 0.969}, ""2"": {""best"": ""constant"", ""r2"": NaN, ""constant_value"": 0.0, ""nondecreasing_share"": 1.0}, ""3"": {""best"": ""cell sum"", ""r2"": 0.99999, ""constant_value"": null, ""nondecreasing_share"": 0.672}, ""4"": {""best"": ""current"", ""r2"": 1.0, ""constant_value"": null, ""nondecreasing_share"": 0.817}, ""5"": {""best"": ""volt_modepi"", ""r2"": 1.0, ""constant_value"": null, ""nondecreasing_share"": 0.657}, ""6"": {""best"": ""vin_3 col 0 (next row)"", ""r2"": 0.9998, ""constant_value"": null, ""nondecreasing_share"": 0.584}}",0.8561266907842826,0.770623497788181,0.0003527580804341124,3.158255298431402e-05,
QAS,244,33803,31351,True,"{""vin_2 col 0"": {""best"": ""cell max"", ""r2"": 0.00039, ""joint_modepi_current_soc_r2"": 0.00054, ""median_abs_diff_to_modepi"": 0.05011}, ""vin_2 col 1"": {""best"": ""cell mean"", ""r2"": 0.73069, ""joint_modepi_current_soc_r2"": 0.9957, ""median_abs_diff_to_modepi"": 0.3189}, ""vin_3 col 0"": {""best"": ""pack SOC"", ""r2"": 0.10732, ""joint_modepi_current_soc_r2"": 0.18745, ""median_abs_diff_to_modepi"": 2.939}, ""vin_3 col 1"": {""best"": ""pack SOC"", ""r2"": 0.09917, ""joint_modepi_current_soc_r2"": 0.17244, ""median_abs_diff_to_modepi"": 2.956}}","{""0"": {""best"": ""temperature"", ""r2"": 1.0, ""constant_value"": null, ""nondecreasing_share"": 0.971}, ""1"": {""best"": ""pack SOC"", ""r2"": 1.0, ""constant_value"": null, ""nondecreasing_share"": 0.966}, ""2"": {""best"": ""constant"", ""r2"": NaN, ""constant_value"": 0.0, ""nondecreasing_share"": 1.0}, ""3"": {""best"": ""cell sum"", ""r2"": 0.99999, ""constant_value"": null, ""nondecreasing_share"": 0.67}, ""4"": {""best"": ""current"", ""r2"": 1.0, ""constant_value"": null, ""nondecreasing_share"": 0.847}, ""5"": {""best"": ""volt_modepi"", ""r2"": 1.0, ""constant_value"": null, ""nondecreasing_share"": 0.656}, ""6"": {""best"": ""vin_3 col 0 (next row)"", ""r2"": 0.99973, ""constant_value"": null, ""nondecreasing_share"": 0.647}}",0.9926987406457551,0.9850430259057895,0.0006652858004010387,0.00017131771575362064,
QAS,245,26996,20094,True,"{""vin_2 col 0"": {""best"": ""current"", ""r2"": 0.00058, ""joint_modepi_current_soc_r2"": 0.00071, ""median_abs_diff_to_modepi"": 0.04694}, ""vin_2 col 1"": {""best"": ""current"", ""r2"": 0.66727, ""joint_modepi_current_soc_r2"": 0.99887, ""median_abs_diff_to_modepi"": 0.2121}, ""vin_3 col 0"": {""best"": ""current"", ""r2"": 0.77546, ""joint_modepi_current_soc_r2"": 0.86922, ""median_abs_diff_to_modepi"": 2.974}, ""vin_3 col 1"": {""best"": ""current"", ""r2"": 0.80227, ""joint_modepi_current_soc_r2"": 0.86119, ""median_abs_diff_to_modepi"": 3.376}}","{""0"": {""best"": ""temperature"", ""r2"": 1.0, ""constant_value"": null, ""nondecreasing_share"": 0.973}, ""1"": {""best"": ""pack SOC"", ""r2"": 1.0, ""constant_value"": null, ""nondecreasing_share"": 0.962}, ""2"": {""best"": ""constant"", ""r2"": NaN, ""constant_value"": 0.0, ""nondecreasing_share"": 1.0}, ""3"": {""best"": ""volt_modepi"", ""r2"": 0.99997, ""constant_value"": null, ""nondecreasing_share"": 0.688}, ""4"": {""best"": ""current"", ""r2"": 1.0, ""constant_value"": null, ""nondecreasing_share"": 0.77}, ""5"": {""best"": ""volt_modepi"", ""r2"": 1.0, ""constant_value"": null, ""nondecreasing_share"": 0.678}, ""6"": {""best"": ""vin_3 col 0 (next row)"", ""r2"": 0.99978, ""constant_value"": null, ""nondecreasing_share"": 0.642}}",0.9661463149989339,-0.6616562195067525,0.008168336794638797,0.00411620235678911,
QAS,246,30247,27659,True,"{""vin_2 col 0"": {""best"": ""current"", ""r2"": 0.93728, ""joint_modepi_current_soc_r2"": 0.94359, ""median_abs_diff_to_modepi"": 0.03378}, ""vin_2 col 1"": {""best"": ""cell median"", ""r2"": 0.72111, ""joint_modepi_current_soc_r2"": 0.99783, ""median_abs_diff_to_modepi"": 0.2377}, ""vin_3 col 0"": {""best"": ""current"", ""r2"": 0.3514, ""joint_modepi_current_soc_r2"": 0.38422, ""median_abs_diff_to_modepi"": 2.381}, ""vin_3 col 1"": {""best"": ""current"", ""r2"": 0.32426, ""joint_modepi_current_soc_r2"": 0.35525, ""median_abs_diff_to_modepi"": 2.372}}","{""0"": {""best"": ""temperature"", ""r2"": 1.0, ""constant_value"": null, ""nondecreasing_share"": 0.972}, ""1"": {""best"": ""pack SOC"", ""r2"": 1.0, ""constant_value"": null, ""nondecreasing_share"": 0.967}, ""2"": {""best"": ""constant"", ""r2"": NaN, ""constant_value"": 0.0, ""nondecreasing_share"": 1.0}, ""3"": {""best"": ""cell sum"", ""r2"": 0.99999, ""constant_value"": null, ""nondecreasing_share"": 0.658}, ""4"": {""best"": ""current"", ""r2"": 1.0, ""constant_value"": null, ""nondecreasing_share"": 0.749}, ""5"": {""best"": ""volt_modepi"", ""r2"": 1.0, ""constant_value"": null, ""nondecreasing_share"": 0.651}, ""6"": {""best"": ""vin_3 col 0 (next row)"", ""r2"": 0.99996, ""constant_value"": null, ""nondecreasing_share"": 0.52}}",0.9903204731037627,0.9407396466672772,0.0009192465008811546,0.0003390409146925308,
QAS,247,37785,35123,True,"{""vin_2 col 0"": {""best"": ""current"", ""r2"": 0.00014, ""joint_modepi_current_soc_r2"": 0.00017, ""median_abs_diff_to_modepi"": 0.01666}, ""vin_2 col 1"": {""best"": ""cell min"", ""r2"": 0.68632, ""joint_modepi_current_soc_r2"": 0.99762, ""median_abs_diff_to_modepi"": 0.2203}, ""vin_3 col 0"": {""best"": ""current"", ""r2"": 0.74279, ""joint_modepi_current_soc_r2"": 0.75163, ""median_abs_diff_to_modepi"": 2.37}, ""vin_3 col 1"": {""best"": ""current"", ""r2"": 0.7224, ""joint_modepi_current_soc_r2"": 0.73291, ""median_abs_diff_to_modepi"": 2.358}}","{""0"": {""best"": ""temperature"", ""r2"": 1.0, ""constant_value"": null, ""nondecreasing_share"": 0.979}, ""1"": {""best"": ""pack SOC"", ""r2"": 1.0, ""constant_value"": null, ""nondecreasing_share"": 0.97}, ""2"": {""best"": ""constant"", ""r2"": NaN, ""constant_value"": 0.0, ""nondecreasing_share"": 1.0}, ""3"": {""best"": ""cell sum"", ""r2"": 0.99998, ""constant_value"": null, ""nondecreasing_share"": 0.646}, ""4"": {""best"": ""current"", ""r2"": 1.0, ""constant_value"": null, ""nondecreasing_share"": 0.837}, ""5"": {""best"": ""volt_modepi"", ""r2"": 1.0, ""constant_value"": null, ""nondecreasing_share"": 0.631}, ""6"": {""best"": ""vin_3 col 0 (next row)"", ""r2"": 0.99996, ""constant_value"": null, ""nondecreasing_share"": 0.469}}",0.9915644750708252,0.8918728187139725,0.0005043720388440143,0.00015747994724426325,
QAS,248,31772,28245,True,"{""vin_2 col 0"": {""best"": ""current"", ""r2"": 0.95233, ""joint_modepi_current_soc_r2"": 0.96094, ""median_abs_diff_to_modepi"": 0.0211}, ""vin_2 col 1"": {""best"": ""volt_modepi"", ""r2"": 0.70238, ""joint_modepi_current_soc_r2"": 0.99698, ""median_abs_diff_to_modepi"": 0.2512}, ""vin_3 col 0"": {""best"": ""current"", ""r2"": 0.30902, ""joint_modepi_current_soc_r2"": 0.34373, ""median_abs_diff_to_modepi"": 2.374}, ""vin_3 col 1"": {""best"": ""current"", ""r2"": 0.28688, ""joint_modepi_current_soc_r2"": 0.3172, ""median_abs_diff_to_modepi"": 2.362}}","{""0"": {""best"": ""temperature"", ""r2"": 1.0, ""constant_value"": null, ""nondecreasing_share"": 0.971}, ""1"": {""best"": ""pack SOC"", ""r2"": 1.0, ""constant_value"": null, ""nondecreasing_share"": 0.976}, ""2"": {""best"": ""constant"", ""r2"": NaN, ""constant_value"": 0.0, ""nondecreasing_share"": 1.0}, ""3"": {""best"": ""cell sum"", ""r2"": 0.99998, ""constant_value"": null, ""nondecreasing_share"": 0.666}, ""4"": {""best"": ""current"", ""r2"": 1.0, ""constant_value"": null, ""nondecreasing_share"": 0.827}, ""5"": {""best"": ""volt_modepi"", ""r2"": 1.0, ""constant_value"": null, ""nondecreasing_share"": 0.653}, ""6"": {""best"": ""vin_3 col 0 (next row)"", ""r2"": 0.99997, ""constant_value"": null, ""nondecreasing_share"": 0.605}}",0.9692468254948851,0.8235307840109304,0.0005085589896398623,0.00017927838259820138,
QAS,250,30470,28461,True,"{""vin_2 col 0"": {""best"": ""current"", ""r2"": 0.00191, ""joint_modepi_current_soc_r2"": 0.00197, ""median_abs_diff_to_modepi"": 0.02074}, ""vin_2 col 1"": {""best"": ""volt_modepi"", ""r2"": 0.80319, ""joint_modepi_current_soc_r2"": 0.99612, ""median_abs_diff_to_modepi"": 0.2054}, ""vin_3 col 0"": {""best"": ""current"", ""r2"": 0.2293, ""joint_modepi_current_soc_r2"": 0.26531, ""median_abs_diff_to_modepi"": 2.381}, ""vin_3 col 1"": {""best"": ""current"", ""r2"": 0.21521, ""joint_modepi_current_soc_r2"": 0.2506, ""median_abs_diff_to_modepi"": 2.36}}","{""0"": {""best"": ""temperature"", ""r2"": 1.0, ""constant_value"": null, ""nondecreasing_share"": 0.977}, ""1"": {""best"": ""pack SOC"", ""r2"": 1.0, ""constant_value"": null, ""nondecreasing_share"": 0.97}, ""2"": {""best"": ""constant"", ""r2"": NaN, ""constant_value"": 0.0, ""nondecreasing_share"": 1.0}, ""3"": {""best"": ""cell sum"", ""r2"": 0.99999, ""constant_value"": null, ""nondecreasing_share"": 0.653}, ""4"": {""best"": ""current"", ""r2"": 1.0, ""constant_value"": null, ""nondecreasing_share"": 0.851}, ""5"": {""best"": ""volt_modepi"", ""r2"": 1.0, ""constant_value"": null, ""nondecreasing_share"": 0.641}, ""6"": {""best"": ""vin_3 col 0 (next row)"", ""r2"": 0.99939, ""constant_value"": null, ""nondecreasing_share"": 0.645}}",0.9794452580471731,0.8867684899396051,0.000575003752193215,0.0001964153819212251,
QAS,252,38683,28848,True,"{""vin_2 col 0"": {""best"": ""cell SOC mean"", ""r2"": 0.00087, ""joint_modepi_current_soc_r2"": 0.0007, ""median_abs_diff_to_modepi"": 0.01804}, ""vin_2 col 1"": {""best"": ""current"", ""r2"": 0.75253, ""joint_modepi_current_soc_r2"": 0.99896, ""median_abs_diff_to_modepi"": 0.2544}, ""vin_3 col 0"": {""best"": ""current"", ""r2"": 0.59949, ""joint_modepi_current_soc_r2"": 0.70117, ""median_abs_diff_to_modepi"": 2.368}, ""vin_3 col 1"": {""best"": ""current"", ""r2"": 0.58612, ""joint_modepi_current_soc_r2"": 0.6844, ""median_abs_diff_to_modepi"": 2.347}}","{""0"": {""best"": ""temperature"", ""r2"": 1.0, ""constant_value"": null, ""nondecreasing_share"": 0.978}, ""1"": {""best"": ""pack SOC"", ""r2"": 1.0, ""constant_value"": null, ""nondecreasing_share"": 0.973}, ""2"": {""best"": ""constant"", ""r2"": NaN, ""constant_value"": 0.0, ""nondecreasing_share"": 1.0}, ""3"": {""best"": ""cell sum"", ""r2"": 0.99999, ""constant_value"": null, ""nondecreasing_share"": 0.704}, ""4"": {""best"": ""current"", ""r2"": 1.0, ""constant_value"": null, ""nondecreasing_share"": 0.838}, ""5"": {""best"": ""volt_modepi"", ""r2"": 1.0, ""constant_value"": null, ""nondecreasing_share"": 0.694}, ""6"": {""best"": ""vin_3 col 0 (next row)"", ""r2"": 0.99996, ""constant_value"": null, ""nondecreasing_share"": 0.59}}",0.9630093194468327,0.7610828843498302,0.0016731965322804854,0.0009564129497355129,
QAS,251,42299,37562,True,"{""vin_2 col 0"": {""best"": ""current"", ""r2"": 0.03117, ""joint_modepi_current_soc_r2"": 0.03198, ""median_abs_diff_to_modepi"": 0.02496}, ""vin_2 col 1"": {""best"": ""cell median"", ""r2"": 0.73922, ""joint_modepi_current_soc_r2"": 0.99867, ""median_abs_diff_to_modepi"": 0.2325}, ""vin_3 col 0"": {""best"": ""current"", ""r2"": 0.58336, ""joint_modepi_current_soc_r2"": 0.62754, ""median_abs_diff_to_modepi"": 2.381}, ""vin_3 col 1"": {""best"": ""current"", ""r2"": 0.54971, ""joint_modepi_current_soc_r2"": 0.59262, ""median_abs_diff_to_modepi"": 2.381}}","{""0"": {""best"": ""temperature"", ""r2"": 1.0, ""constant_value"": null, ""nondecreasing_share"": 0.978}, ""1"": {""best"": ""pack SOC"", ""r2"": 1.0, ""constant_value"": null, ""nondecreasing_share"": 0.947}, ""2"": {""best"": ""constant"", ""r2"": NaN, ""constant_value"": 0.0, ""nondecreasing_share"": 1.0}, ""3"": {""best"": ""cell sum"", ""r2"": 0.99999, ""constant_value"": null, ""nondecreasing_share"": 0.656}, ""4"": {""best"": ""current"", ""r2"": 1.0, ""constant_value"": null, ""nondecreasing_share"": 0.822}, ""5"": {""best"": ""volt_modepi"", ""r2"": 1.0, ""constant_value"": null, ""nondecreasing_share"": 0.647}, ""6"": {""best"": ""vin_3 col 0 (next row)"", ""r2"": 0.99996, ""constant_value"": null, ""nondecreasing_share"": 0.575}}",0.6203775247494425,0.12080384656317347,0.0035238047256997973,0.000816027256114974,
QAS,253,32076,25917,True,"{""vin_2 col 0"": {""best"": ""current"", ""r2"": 0.98391, ""joint_modepi_current_soc_r2"": 0.98729, ""median_abs_diff_to_modepi"": 0.02334}, ""vin_2 col 1"": {""best"": ""cell min"", ""r2"": 0.67877, ""joint_modepi_current_soc_r2"": 0.99845, ""median_abs_diff_to_modepi"": 0.2189}, ""vin_3 col 0"": {""best"": ""current"", ""r2"": 0.60414, ""joint_modepi_current_soc_r2"": 0.60819, ""median_abs_diff_to_modepi"": 2.375}, ""vin_3 col 1"": {""best"": ""current"", ""r2"": 0.56333, ""joint_modepi_current_soc_r2"": 0.56717, ""median_abs_diff_to_modepi"": 2.372}}","{""0"": {""best"": ""temperature"", ""r2"": 1.0, ""constant_value"": null, ""nondecreasing_share"": 0.979}, ""1"": {""best"": ""pack SOC"", ""r2"": 1.0, ""constant_value"": null, ""nondecreasing_share"": 0.97}, ""2"": {""best"": ""constant"", ""r2"": NaN, ""constant_value"": 0.0, ""nondecreasing_share"": 1.0}, ""3"": {""best"": ""cell sum"", ""r2"": 0.99999, ""constant_value"": null, ""nondecreasing_share"": 0.683}, ""4"": {""best"": ""current"", ""r2"": 1.0, ""constant_value"": null, ""nondecreasing_share"": 0.845}, ""5"": {""best"": ""volt_modepi"", ""r2"": 1.0, ""constant_value"": null, ""nondecreasing_share"": 0.672}, ""6"": {""best"": ""vin_3 col 0 (next row)"", ""r2"": 0.99996, ""constant_value"": null, ""nondecreasing_share"": 0.571}}",0.99810869612733,0.9654059107646262,0.0008974906392362758,0.00043242610325748196,
QAS,249,60958,54794,True,"{""vin_2 col 0"": {""best"": ""current"", ""r2"": 0.97976, ""joint_modepi_current_soc_r2"": 0.98863, ""median_abs_diff_to_modepi"": 0.02144}, ""vin_2 col 1"": {""best"": ""volt_modepi"", ""r2"": 0.69966, ""joint_modepi_current_soc_r2"": 0.99801, ""median_abs_diff_to_modepi"": 0.2}, ""vin_3 col 0"": {""best"": ""current"", ""r2"": 0.76703, ""joint_modepi_current_soc_r2"": 0.7881, ""median_abs_diff_to_modepi"": 2.369}, ""vin_3 col 1"": {""best"": ""current"", ""r2"": 0.74681, ""joint_modepi_current_soc_r2"": 0.77398, ""median_abs_diff_to_modepi"": 2.352}}","{""0"": {""best"": ""temperature"", ""r2"": 1.0, ""constant_value"": null, ""nondecreasing_share"": 0.977}, ""1"": {""best"": ""pack SOC"", ""r2"": 1.0, ""constant_value"": null, ""nondecreasing_share"": 0.955}, ""2"": {""best"": ""constant"", ""r2"": NaN, ""constant_value"": 0.0, ""nondecreasing_share"": 1.0}, ""3"": {""best"": ""cell sum"", ""r2"": 0.99998, ""constant_value"": null, ""nondecreasing_share"": 0.622}, ""4"": {""best"": ""current"", ""r2"": 1.0, ""constant_value"": null, ""nondecreasing_share"": 0.79}, ""5"": {""best"": ""volt_modepi"", ""r2"": 1.0, ""constant_value"": null, ""nondecreasing_share"": 0.612}, ""6"": {""best"": ""vin_3 col 0 (next row)"", ""r2"": 0.99997, ""constant_value"": null, ""nondecreasing_share"": 0.528}}",0.9760459870184135,0.93260745000801,0.0005374125665260632,0.0002937030372331296,
QAS,254,36828,32133,True,"{""vin_2 col 0"": {""best"": ""current"", ""r2"": 0.27309, ""joint_modepi_current_soc_r2"": 0.27751, ""median_abs_diff_to_modepi"": 0.02028}, ""vin_2 col 1"": {""best"": ""cell median"", ""r2"": 0.73368, ""joint_modepi_current_soc_r2"": 0.99723, ""median_abs_diff_to_modepi"": 0.2279}, ""vin_3 col 0"": {""best"": ""current"", ""r2"": 0.5745, ""joint_modepi_current_soc_r2"": 0.58401, ""median_abs_diff_to_modepi"": 2.371}, ""vin_3 col 1"": {""best"": ""current"", ""r2"": 0.53224, ""joint_modepi_current_soc_r2"": 0.5409, ""median_abs_diff_to_modepi"": 2.38}}","{""0"": {""best"": ""temperature"", ""r2"": 1.0, ""constant_value"": null, ""nondecreasing_share"": 0.969}, ""1"": {""best"": ""pack SOC"", ""r2"": 1.0, ""constant_value"": null, ""nondecreasing_share"": 0.969}, ""2"": {""best"": ""constant"", ""r2"": NaN, ""constant_value"": 0.0, ""nondecreasing_share"": 1.0}, ""3"": {""best"": ""cell sum"", ""r2"": 0.99999, ""constant_value"": null, ""nondecreasing_share"": 0.666}, ""4"": {""best"": ""current"", ""r2"": 1.0, ""constant_value"": null, ""nondecreasing_share"": 0.867}, ""5"": {""best"": ""volt_modepi"", ""r2"": 1.0, ""constant_value"": null, ""nondecreasing_share"": 0.652}, ""6"": {""best"": ""vin_3 col 0 (next row)"", ""r2"": 0.99996, ""constant_value"": null, ""nondecreasing_share"": 0.569}}",0.9980292252045886,0.9862147699164165,0.0005584163166492129,0.00027029246969780945,
QAS,255,28627,23856,True,"{""vin_2 col 0"": {""best"": ""current"", ""r2"": 0.98633, ""joint_modepi_current_soc_r2"": 0.99115, ""median_abs_diff_to_modepi"": 0.02431}, ""vin_2 col 1"": {""best"": ""cell median"", ""r2"": 0.69982, ""joint_modepi_current_soc_r2"": 0.99851, ""median_abs_diff_to_modepi"": 0.195}, ""vin_3 col 0"": {""best"": ""current"", ""r2"": 0.71079, ""joint_modepi_current_soc_r2"": 0.72754, ""median_abs_diff_to_modepi"": 2.375}, ""vin_3 col 1"": {""best"": ""current"", ""r2"": 0.68207, ""joint_modepi_current_soc_r2"": 0.70231, ""median_abs_diff_to_modepi"": 2.369}}","{""0"": {""best"": ""temperature"", ""r2"": 1.0, ""constant_value"": null, ""nondecreasing_share"": 0.973}, ""1"": {""best"": ""pack SOC"", ""r2"": 1.0, ""constant_value"": null, ""nondecreasing_share"": 0.953}, ""2"": {""best"": ""constant"", ""r2"": NaN, ""constant_value"": 0.0, ""nondecreasing_share"": 1.0}, ""3"": {""best"": ""cell sum"", ""r2"": 0.99999, ""constant_value"": null, ""nondecreasing_share"": 0.629}, ""4"": {""best"": ""current"", ""r2"": 1.0, ""constant_value"": null, ""nondecreasing_share"": 0.762}, ""5"": {""best"": ""volt_modepi"", ""r2"": 1.0, ""constant_value"": null, ""nondecreasing_share"": 0.622}, ""6"": {""best"": ""vin_3 col 0 (next row)"", ""r2"": 0.99996, ""constant_value"": null, ""nondecreasing_share"": 0.588}}",0.9324123833029833,0.4321639420165359,0.0013838987048613305,0.0003686728611164287,
QAS,256,31529,29154,True,"{""vin_2 col 0"": {""best"": ""current"", ""r2"": 0.00247, ""joint_modepi_current_soc_r2"": 0.0025, ""median_abs_diff_to_modepi"": 0.02189}, ""vin_2 col 1"": {""best"": ""volt_modepi"", ""r2"": 0.73823, ""joint_modepi_current_soc_r2"": 0.99672, ""median_abs_diff_to_modepi"": 0.1801}, ""vin_3 col 0"": {""best"": ""current"", ""r2"": 0.24063, ""joint_modepi_current_soc_r2"": 0.30535, ""median_abs_diff_to_modepi"": 2.372}, ""vin_3 col 1"": {""best"": ""current"", ""r2"": 0.23297, ""joint_modepi_current_soc_r2"": 0.29961, ""median_abs_diff_to_modepi"": 2.348}}","{""0"": {""best"": ""temperature"", ""r2"": 1.0, ""constant_value"": null, ""nondecreasing_share"": 0.976}, ""1"": {""best"": ""pack SOC"", ""r2"": 1.0, ""constant_value"": null, ""nondecreasing_share"": 0.976}, ""2"": {""best"": ""constant"", ""r2"": NaN, ""constant_value"": 0.0, ""nondecreasing_share"": 1.0}, ""3"": {""best"": ""cell sum"", ""r2"": 0.99998, ""constant_value"": null, ""nondecreasing_share"": 0.661}, ""4"": {""best"": ""current"", ""r2"": 1.0, ""constant_value"": null, ""nondecreasing_share"": 0.817}, ""5"": {""best"": ""volt_modepi"", ""r2"": 1.0, ""constant_value"": null, ""nondecreasing_share"": 0.649}, ""6"": {""best"": ""vin_3 col 0 (next row)"", ""r2"": 0.99977, ""constant_value"": null, ""nondecreasing_share"": 0.577}}",0.9771453339513568,0.9057228247386065,0.0002455285011404573,8.058474565933609e-05,
QAS,258,30631,26401,True,"{""vin_2 col 0"": {""best"": ""current"", ""r2"": 0.77012, ""joint_modepi_current_soc_r2"": 0.77646, ""median_abs_diff_to_modepi"": 0.03995}, ""vin_2 col 1"": {""best"": ""cell mean"", ""r2"": 0.76014, ""joint_modepi_current_soc_r2"": 0.99815, ""median_abs_diff_to_modepi"": 0.2303}, ""vin_3 col 0"": {""best"": ""current"", ""r2"": 0.38961, ""joint_modepi_current_soc_r2"": 0.43416, ""median_abs_diff_to_modepi"": 2.633}, ""vin_3 col 1"": {""best"": ""current"", ""r2"": 0.35217, ""joint_modepi_current_soc_r2"": 0.39139, ""median_abs_diff_to_modepi"": 2.651}}","{""0"": {""best"": ""temperature"", ""r2"": 1.0, ""constant_value"": null, ""nondecreasing_share"": 0.977}, ""1"": {""best"": ""pack SOC"", ""r2"": 1.0, ""constant_value"": null, ""nondecreasing_share"": 0.951}, ""2"": {""best"": ""constant"", ""r2"": NaN, ""constant_value"": 0.0, ""nondecreasing_share"": 1.0}, ""3"": {""best"": ""volt_modepi"", ""r2"": 0.99998, ""constant_value"": null, ""nondecreasing_share"": 0.7}, ""4"": {""best"": ""current"", ""r2"": 1.0, ""constant_value"": null, ""nondecreasing_share"": 0.753}, ""5"": {""best"": ""volt_modepi"", ""r2"": 1.0, ""constant_value"": null, ""nondecreasing_share"": 0.691}, ""6"": {""best"": ""vin_3 col 0 (next row)"", ""r2"": 0.99995, ""constant_value"": null, ""nondecreasing_share"": 0.585}}",0.9702490379442367,0.8622534147620797,0.0005739853208002188,0.00027010099617893926,
QAS,257,42401,36509,True,"{""vin_2 col 0"": {""best"": ""current"", ""r2"": 0.99216, ""joint_modepi_current_soc_r2"": 0.99419, ""median_abs_diff_to_modepi"": 0.04515}, ""vin_2 col 1"": {""best"": ""cell median"", ""r2"": 0.70756, ""joint_modepi_current_soc_r2"": 0.99824, ""median_abs_diff_to_modepi"": 0.221}, ""vin_3 col 0"": {""best"": ""current"", ""r2"": 0.66819, ""joint_modepi_current_soc_r2"": 0.82333, ""median_abs_diff_to_modepi"": 2.974}, ""vin_3 col 1"": {""best"": ""current"", ""r2"": 0.70454, ""joint_modepi_current_soc_r2"": 0.82369, ""median_abs_diff_to_modepi"": 2.935}}","{""0"": {""best"": ""temperature"", ""r2"": 1.0, ""constant_value"": null, ""nondecreasing_share"": 0.97}, ""1"": {""best"": ""pack SOC"", ""r2"": 1.0, ""constant_value"": null, ""nondecreasing_share"": 0.966}, ""2"": {""best"": ""constant"", ""r2"": NaN, ""constant_value"": 0.0, ""nondecreasing_share"": 1.0}, ""3"": {""best"": ""cell sum"", ""r2"": 0.99997, ""constant_value"": null, ""nondecreasing_share"": 0.657}, ""4"": {""best"": ""current"", ""r2"": 1.0, ""constant_value"": null, ""nondecreasing_share"": 0.785}, ""5"": {""best"": ""volt_modepi"", ""r2"": 1.0, ""constant_value"": null, ""nondecreasing_share"": 0.646}, ""6"": {""best"": ""vin_3 col 0 (next row)"", ""r2"": 0.99974, ""constant_value"": null, ""nondecreasing_share"": 0.633}}",0.9468659477032011,0.9133374301453576,0.00020807312577164616,4.4475579215752506e-05,
QAS,261,26921,22424,True,"{""vin_2 col 0"": {""best"": ""cell min"", ""r2"": 0.00103, ""joint_modepi_current_soc_r2"": 0.00143, ""median_abs_diff_to_modepi"": 0.03667}, ""vin_2 col 1"": {""best"": ""volt_modepi"", ""r2"": 0.69317, ""joint_modepi_current_soc_r2"": 0.99856, ""median_abs_diff_to_modepi"": 0.3088}, ""vin_3 col 0"": {""best"": ""current"", ""r2"": 0.29545, ""joint_modepi_current_soc_r2"": 0.45559, ""median_abs_diff_to_modepi"": 2.395}, ""vin_3 col 1"": {""best"": ""current"", ""r2"": 0.27834, ""joint_modepi_current_soc_r2"": 0.43028, ""median_abs_diff_to_modepi"": 2.38}}","{""0"": {""best"": ""temperature"", ""r2"": 1.0, ""constant_value"": null, ""nondecreasing_share"": 0.974}, ""1"": {""best"": ""pack SOC"", ""r2"": 1.0, ""constant_value"": null, ""nondecreasing_share"": 0.959}, ""2"": {""best"": ""constant"", ""r2"": NaN, ""constant_value"": 0.0, ""nondecreasing_share"": 1.0}, ""3"": {""best"": ""cell sum"", ""r2"": 0.99999, ""constant_value"": null, ""nondecreasing_share"": 0.684}, ""4"": {""best"": ""current"", ""r2"": 1.0, ""constant_value"": null, ""nondecreasing_share"": 0.815}, ""5"": {""best"": ""volt_modepi"", ""r2"": 1.0, ""constant_value"": null, ""nondecreasing_share"": 0.674}, ""6"": {""best"": ""vin_3 col 0 (next row)"", ""r2"": 0.99976, ""constant_value"": null, ""nondecreasing_share"": 0.599}}",0.9772520096580839,0.9098555040617684,0.0006989698979598113,0.000254648243104826,
QAS,259,34327,30448,True,"{""vin_2 col 0"": {""best"": ""current"", ""r2"": 0.98427, ""joint_modepi_current_soc_r2"": 0.98849, ""median_abs_diff_to_modepi"": 0.04864}, ""vin_2 col 1"": {""best"": ""cell median"", ""r2"": 0.80815, ""joint_modepi_current_soc_r2"": 0.99773, ""median_abs_diff_to_modepi"": 0.1923}, ""vin_3 col 0"": {""best"": ""current"", ""r2"": 0.49968, ""joint_modepi_current_soc_r2"": 0.69307, ""median_abs_diff_to_modepi"": 2.982}, ""vin_3 col 1"": {""best"": ""current"", ""r2"": 0.495, ""joint_modepi_current_soc_r2"": 0.67466, ""median_abs_diff_to_modepi"": 3.147}}","{""0"": {""best"": ""temperature"", ""r2"": 1.0, ""constant_value"": null, ""nondecreasing_share"": 0.973}, ""1"": {""best"": ""pack SOC"", ""r2"": 1.0, ""constant_value"": null, ""nondecreasing_share"": 0.968}, ""2"": {""best"": ""constant"", ""r2"": NaN, ""constant_value"": 0.0, ""nondecreasing_share"": 1.0}, ""3"": {""best"": ""cell sum"", ""r2"": 0.99999, ""constant_value"": null, ""nondecreasing_share"": 0.651}, ""4"": {""best"": ""current"", ""r2"": 1.0, ""constant_value"": null, ""nondecreasing_share"": 0.798}, ""5"": {""best"": ""volt_modepi"", ""r2"": 1.0, ""constant_value"": null, ""nondecreasing_share"": 0.639}, ""6"": {""best"": ""vin_3 col 0 (next row)"", ""r2"": 0.99975, ""constant_value"": null, ""nondecreasing_share"": 0.606}}",0.9001235740757929,0.8321231414013668,0.0003308122754255294,4.060099417694053e-05,
QAS,263,26987,25789,True,"{""vin_2 col 0"": {""best"": ""current"", ""r2"": 0.0021, ""joint_modepi_current_soc_r2"": 0.00223, ""median_abs_diff_to_modepi"": 0.04044}, ""vin_2 col 1"": {""best"": ""cell median"", ""r2"": 0.73908, ""joint_modepi_current_soc_r2"": 0.99699, ""median_abs_diff_to_modepi"": 0.2299}, ""vin_3 col 0"": {""best"": ""pack SOC"", ""r2"": 0.14323, ""joint_modepi_current_soc_r2"": 0.28974, ""median_abs_diff_to_modepi"": 2.417}, ""vin_3 col 1"": {""best"": ""pack SOC"", ""r2"": 0.13895, ""joint_modepi_current_soc_r2"": 0.27707, ""median_abs_diff_to_modepi"": 2.376}}","{""0"": {""best"": ""temperature"", ""r2"": 1.0, ""constant_value"": null, ""nondecreasing_share"": 0.976}, ""1"": {""best"": ""pack SOC"", ""r2"": 1.0, ""constant_value"": null, ""nondecreasing_share"": 0.973}, ""2"": {""best"": ""constant"", ""r2"": NaN, ""constant_value"": 0.0, ""nondecreasing_share"": 1.0}, ""3"": {""best"": ""cell sum"", ""r2"": 0.99999, ""constant_value"": null, ""nondecreasing_share"": 0.639}, ""4"": {""best"": ""current"", ""r2"": 1.0, ""constant_value"": null, ""nondecreasing_share"": 0.73}, ""5"": {""best"": ""volt_modepi"", ""r2"": 1.0, ""constant_value"": null, ""nondecreasing_share"": 0.627}, ""6"": {""best"": ""vin_3 col 0 (next row)"", ""r2"": 0.99967, ""constant_value"": null, ""nondecreasing_share"": 0.567}}",0.967626937354928,0.9169885538284465,0.00023137937679762466,5.7147398357063766e-05,
QAS,260,51860,46921,True,"{""vin_2 col 0"": {""best"": ""current"", ""r2"": 0.94759, ""joint_modepi_current_soc_r2"": 0.95005, ""median_abs_diff_to_modepi"": 0.04539}, ""vin_2 col 1"": {""best"": ""volt_modepi"", ""r2"": 0.70168, ""joint_modepi_current_soc_r2"": 0.99733, ""median_abs_diff_to_modepi"": 0.2467}, ""vin_3 col 0"": {""best"": ""current"", ""r2"": 0.56357, ""joint_modepi_current_soc_r2"": 0.7371, ""median_abs_diff_to_modepi"": 2.959}, ""vin_3 col 1"": {""best"": ""current"", ""r2"": 0.62425, ""joint_modepi_current_soc_r2"": 0.67707, ""median_abs_diff_to_modepi"": 2.954}}","{""0"": {""best"": ""temperature"", ""r2"": 1.0, ""constant_value"": null, ""nondecreasing_share"": 0.976}, ""1"": {""best"": ""pack SOC"", ""r2"": 1.0, ""constant_value"": null, ""nondecreasing_share"": 0.979}, ""2"": {""best"": ""constant"", ""r2"": NaN, ""constant_value"": 0.0, ""nondecreasing_share"": 1.0}, ""3"": {""best"": ""cell sum"", ""r2"": 0.99998, ""constant_value"": null, ""nondecreasing_share"": 0.663}, ""4"": {""best"": ""current"", ""r2"": 1.0, ""constant_value"": null, ""nondecreasing_share"": 0.762}, ""5"": {""best"": ""volt_modepi"", ""r2"": 1.0, ""constant_value"": null, ""nondecreasing_share"": 0.654}, ""6"": {""best"": ""vin_3 col 0 (next row)"", ""r2"": 0.99647, ""constant_value"": null, ""nondecreasing_share"": 0.6}}",0.945815759521254,0.9344907415506025,0.0006103960508578865,2.8606246748101996e-05,
QAS,262,38320,33861,True,"{""vin_2 col 0"": {""best"": ""current"", ""r2"": 0.00204, ""joint_modepi_current_soc_r2"": 0.00206, ""median_abs_diff_to_modepi"": 0.03822}, ""vin_2 col 1"": {""best"": ""cell min"", ""r2"": 0.76523, ""joint_modepi_current_soc_r2"": 0.99807, ""median_abs_diff_to_modepi"": 0.2443}, ""vin_3 col 0"": {""best"": ""temperature"", ""r2"": 0.24221, ""joint_modepi_current_soc_r2"": 0.36467, ""median_abs_diff_to_modepi"": 2.746}, ""vin_3 col 1"": {""best"": ""temperature"", ""r2"": 0.24258, ""joint_modepi_current_soc_r2"": 0.34495, ""median_abs_diff_to_modepi"": 2.721}}","{""0"": {""best"": ""temperature"", ""r2"": 1.0, ""constant_value"": null, ""nondecreasing_share"": 0.976}, ""1"": {""best"": ""pack SOC"", ""r2"": 1.0, ""constant_value"": null, ""nondecreasing_share"": 0.965}, ""2"": {""best"": ""constant"", ""r2"": NaN, ""constant_value"": 0.0, ""nondecreasing_share"": 1.0}, ""3"": {""best"": ""cell sum"", ""r2"": 0.99999, ""constant_value"": null, ""nondecreasing_share"": 0.666}, ""4"": {""best"": ""current"", ""r2"": 1.0, ""constant_value"": null, ""nondecreasing_share"": 0.816}, ""5"": {""best"": ""volt_modepi"", ""r2"": 1.0, ""constant_value"": null, ""nondecreasing_share"": 0.654}, ""6"": {""best"": ""vin_3 col 0 (next row)"", ""r2"": 0.99993, ""constant_value"": null, ""nondecreasing_share"": 0.672}}",0.9913228286465774,0.9838725072160807,0.0002597209181633975,0.00019041959539123354,
QAS,264,28045,24603,True,"{""vin_2 col 0"": {""best"": ""current"", ""r2"": 0.00169, ""joint_modepi_current_soc_r2"": 0.00207, ""median_abs_diff_to_modepi"": 0.03344}, ""vin_2 col 1"": {""best"": ""cell median"", ""r2"": 0.72381, ""joint_modepi_current_soc_r2"": 0.9977, ""median_abs_diff_to_modepi"": 0.2142}, ""vin_3 col 0"": {""best"": ""current"", ""r2"": 0.23379, ""joint_modepi_current_soc_r2"": 0.30653, ""median_abs_diff_to_modepi"": 2.393}, ""vin_3 col 1"": {""best"": ""temperature"", ""r2"": 0.21695, ""joint_modepi_current_soc_r2"": 0.28562, ""median_abs_diff_to_modepi"": 2.376}}","{""0"": {""best"": ""temperature"", ""r2"": 1.0, ""constant_value"": null, ""nondecreasing_share"": 0.976}, ""1"": {""best"": ""pack SOC"", ""r2"": 1.0, ""constant_value"": null, ""nondecreasing_share"": 0.961}, ""2"": {""best"": ""constant"", ""r2"": NaN, ""constant_value"": 0.0, ""nondecreasing_share"": 1.0}, ""3"": {""best"": ""volt_modepi"", ""r2"": 0.99999, ""constant_value"": null, ""nondecreasing_share"": 0.664}, ""4"": {""best"": ""current"", ""r2"": 1.0, ""constant_value"": null, ""nondecreasing_share"": 0.752}, ""5"": {""best"": ""volt_modepi"", ""r2"": 1.0, ""constant_value"": null, ""nondecreasing_share"": 0.653}, ""6"": {""best"": ""vin_3 col 0 (next row)"", ""r2"": 0.99997, ""constant_value"": null, ""nondecreasing_share"": 0.615}}",0.9537203632429627,0.8559691433103886,0.0004808383229215618,0.00011910824448621167,
QAS,265,28667,25536,True,"{""vin_2 col 0"": {""best"": ""current"", ""r2"": 0.00209, ""joint_modepi_current_soc_r2"": 0.00213, ""median_abs_diff_to_modepi"": 0.04652}, ""vin_2 col 1"": {""best"": ""cell median"", ""r2"": 0.76458, ""joint_modepi_current_soc_r2"": 0.9974, ""median_abs_diff_to_modepi"": 0.2393}, ""vin_3 col 0"": {""best"": ""temperature"", ""r2"": 0.08818, ""joint_modepi_current_soc_r2"": 0.16156, ""median_abs_diff_to_modepi"": 2.961}, ""vin_3 col 1"": {""best"": ""temperature"", ""r2"": 0.08227, ""joint_modepi_current_soc_r2"": 0.14455, ""median_abs_diff_to_modepi"": 2.984}}","{""0"": {""best"": ""temperature"", ""r2"": 1.0, ""constant_value"": null, ""nondecreasing_share"": 0.977}, ""1"": {""best"": ""pack SOC"", ""r2"": 1.0, ""constant_value"": null, ""nondecreasing_share"": 0.972}, ""2"": {""best"": ""constant"", ""r2"": NaN, ""constant_value"": 0.0, ""nondecreasing_share"": 1.0}, ""3"": {""best"": ""cell sum"", ""r2"": 0.99999, ""constant_value"": null, ""nondecreasing_share"": 0.662}, ""4"": {""best"": ""current"", ""r2"": 1.0, ""constant_value"": null, ""nondecreasing_share"": 0.778}, ""5"": {""best"": ""volt_modepi"", ""r2"": 1.0, ""constant_value"": null, ""nondecreasing_share"": 0.649}, ""6"": {""best"": ""vin_3 col 0 (next row)"", ""r2"": 0.99998, ""constant_value"": null, ""nondecreasing_share"": 0.647}}",0.9292907024493322,0.834397477298992,0.0003918394869819597,7.317173287068486e-05,
QAS,266,29760,25453,True,"{""vin_2 col 0"": {""best"": ""current"", ""r2"": 0.00285, ""joint_modepi_current_soc_r2"": 0.00294, ""median_abs_diff_to_modepi"": 0.0451}, ""vin_2 col 1"": {""best"": ""volt_modepi"", ""r2"": 0.78106, ""joint_modepi_current_soc_r2"": 0.99662, ""median_abs_diff_to_modepi"": 0.2229}, ""vin_3 col 0"": {""best"": ""current"", ""r2"": 0.58327, ""joint_modepi_current_soc_r2"": 0.67279, ""median_abs_diff_to_modepi"": 2.975}, ""vin_3 col 1"": {""best"": ""current"", ""r2"": 0.62058, ""joint_modepi_current_soc_r2"": 0.64228, ""median_abs_diff_to_modepi"": 2.972}}","{""0"": {""best"": ""temperature"", ""r2"": 1.0, ""constant_value"": null, ""nondecreasing_share"": 0.976}, ""1"": {""best"": ""pack SOC"", ""r2"": 1.0, ""constant_value"": null, ""nondecreasing_share"": 0.972}, ""2"": {""best"": ""constant"", ""r2"": NaN, ""constant_value"": 0.0, ""nondecreasing_share"": 1.0}, ""3"": {""best"": ""cell sum"", ""r2"": 0.99999, ""constant_value"": null, ""nondecreasing_share"": 0.678}, ""4"": {""best"": ""current"", ""r2"": 1.0, ""constant_value"": null, ""nondecreasing_share"": 0.826}, ""5"": {""best"": ""volt_modepi"", ""r2"": 1.0, ""constant_value"": null, ""nondecreasing_share"": 0.664}, ""6"": {""best"": ""vin_3 col 0 (next row)"", ""r2"": 0.99976, ""constant_value"": null, ""nondecreasing_share"": 0.572}}",0.928901115768712,0.895171998702037,0.0004058340315213904,3.881727056176035e-05,
QAS,268,32170,27550,True,"{""vin_2 col 0"": {""best"": ""current"", ""r2"": 0.96893, ""joint_modepi_current_soc_r2"": 0.98082, ""median_abs_diff_to_modepi"": 0.0617}, ""vin_2 col 1"": {""best"": ""cell median"", ""r2"": 0.73452, ""joint_modepi_current_soc_r2"": 0.99778, ""median_abs_diff_to_modepi"": 0.2994}, ""vin_3 col 0"": {""best"": ""current"", ""r2"": 0.33616, ""joint_modepi_current_soc_r2"": 0.50066, ""median_abs_diff_to_modepi"": 2.99}, ""vin_3 col 1"": {""best"": ""current"", ""r2"": 0.29585, ""joint_modepi_current_soc_r2"": 0.44605, ""median_abs_diff_to_modepi"": 3.022}}","{""0"": {""best"": ""temperature"", ""r2"": 1.0, ""constant_value"": null, ""nondecreasing_share"": 0.967}, ""1"": {""best"": ""pack SOC"", ""r2"": 1.0, ""constant_value"": null, ""nondecreasing_share"": 0.942}, ""2"": {""best"": ""constant"", ""r2"": NaN, ""constant_value"": 0.0, ""nondecreasing_share"": 1.0}, ""3"": {""best"": ""volt_modepi"", ""r2"": 0.99998, ""constant_value"": null, ""nondecreasing_share"": 0.728}, ""4"": {""best"": ""current"", ""r2"": 1.0, ""constant_value"": null, ""nondecreasing_share"": 0.802}, ""5"": {""best"": ""volt_modepi"", ""r2"": 1.0, ""constant_value"": null, ""nondecreasing_share"": 0.716}, ""6"": {""best"": ""vin_3 col 0 (next row)"", ""r2"": 0.9998, ""constant_value"": null, ""nondecreasing_share"": 0.687}}",0.9063599603227683,0.9500725445751224,0.00030296783386929427,6.289199306586113e-05,
QAS,271,27656,23479,True,"{""vin_2 col 0"": {""best"": ""current"", ""r2"": 0.95199, ""joint_modepi_current_soc_r2"": 0.95532, ""median_abs_diff_to_modepi"": 0.0709}, ""vin_2 col 1"": {""best"": ""cell median"", ""r2"": 0.81197, ""joint_modepi_current_soc_r2"": 0.99787, ""median_abs_diff_to_modepi"": 0.1814}, ""vin_3 col 0"": {""best"": ""current"", ""r2"": 0.81846, ""joint_modepi_current_soc_r2"": 0.87344, ""median_abs_diff_to_modepi"": 2.981}, ""vin_3 col 1"": {""best"": ""current"", ""r2"": 0.81511, ""joint_modepi_current_soc_r2"": 0.83976, ""median_abs_diff_to_modepi"": 3.004}}","{""0"": {""best"": ""temperature"", ""r2"": 1.0, ""constant_value"": null, ""nondecreasing_share"": 0.974}, ""1"": {""best"": ""pack SOC"", ""r2"": 1.0, ""constant_value"": null, ""nondecreasing_share"": 0.962}, ""2"": {""best"": ""constant"", ""r2"": NaN, ""constant_value"": 0.0, ""nondecreasing_share"": 1.0}, ""3"": {""best"": ""cell sum"", ""r2"": 0.99999, ""constant_value"": null, ""nondecreasing_share"": 0.703}, ""4"": {""best"": ""current"", ""r2"": 1.0, ""constant_value"": null, ""nondecreasing_share"": 0.837}, ""5"": {""best"": ""volt_modepi"", ""r2"": 1.0, ""constant_value"": null, ""nondecreasing_share"": 0.69}, ""6"": {""best"": ""vin_3 col 0 (next row)"", ""r2"": 0.99983, ""constant_value"": null, ""nondecreasing_share"": 0.628}}",0.8165245873060385,0.6602638183836389,0.000579260092121725,2.86700870687406e-05,
QAS,269,30434,29728,True,"{""vin_2 col 0"": {""best"": ""current"", ""r2"": 0.49184, ""joint_modepi_current_soc_r2"": 0.51891, ""median_abs_diff_to_modepi"": 0.04541}, ""vin_2 col 1"": {""best"": ""cell median"", ""r2"": 0.91844, ""joint_modepi_current_soc_r2"": 0.99539, ""median_abs_diff_to_modepi"": 0.2645}, ""vin_3 col 0"": {""best"": ""pack SOC"", ""r2"": 0.44956, ""joint_modepi_current_soc_r2"": 0.56384, ""median_abs_diff_to_modepi"": 2.981}, ""vin_3 col 1"": {""best"": ""pack SOC"", ""r2"": 0.41952, ""joint_modepi_current_soc_r2"": 0.50763, ""median_abs_diff_to_modepi"": 3.017}}","{""0"": {""best"": ""temperature"", ""r2"": 1.0, ""constant_value"": null, ""nondecreasing_share"": 0.969}, ""1"": {""best"": ""pack SOC"", ""r2"": 1.0, ""constant_value"": null, ""nondecreasing_share"": 0.97}, ""2"": {""best"": ""constant"", ""r2"": NaN, ""constant_value"": 0.0, ""nondecreasing_share"": 1.0}, ""3"": {""best"": ""cell sum"", ""r2"": 0.99999, ""constant_value"": null, ""nondecreasing_share"": 0.674}, ""4"": {""best"": ""current"", ""r2"": 1.0, ""constant_value"": null, ""nondecreasing_share"": 0.837}, ""5"": {""best"": ""volt_modepi"", ""r2"": 1.0, ""constant_value"": null, ""nondecreasing_share"": 0.66}, ""6"": {""best"": ""vin_3 col 0 (next row)"", ""r2"": 0.99677, ""constant_value"": null, ""nondecreasing_share"": 0.624}}",0.8365175283674706,0.8401873391734653,0.0002557892421763963,3.0213065000958592e-05,
QAS,267,38363,33952,True,"{""vin_2 col 0"": {""best"": ""current"", ""r2"": 0.97909, ""joint_modepi_current_soc_r2"": 0.98365, ""median_abs_diff_to_modepi"": 0.03776}, ""vin_2 col 1"": {""best"": ""cell median"", ""r2"": 0.70391, ""joint_modepi_current_soc_r2"": 0.99871, ""median_abs_diff_to_modepi"": 0.2457}, ""vin_3 col 0"": {""best"": ""current"", ""r2"": 0.45896, ""joint_modepi_current_soc_r2"": 0.4975, ""median_abs_diff_to_modepi"": 2.366}, ""vin_3 col 1"": {""best"": ""current"", ""r2"": 0.43683, ""joint_modepi_current_soc_r2"": 0.47249, ""median_abs_diff_to_modepi"": 2.357}}","{""0"": {""best"": ""temperature"", ""r2"": 1.0, ""constant_value"": null, ""nondecreasing_share"": 0.973}, ""1"": {""best"": ""pack SOC"", ""r2"": 1.0, ""constant_value"": null, ""nondecreasing_share"": 0.968}, ""2"": {""best"": ""constant"", ""r2"": NaN, ""constant_value"": 0.0, ""nondecreasing_share"": 1.0}, ""3"": {""best"": ""cell sum"", ""r2"": 0.99999, ""constant_value"": null, ""nondecreasing_share"": 0.639}, ""4"": {""best"": ""current"", ""r2"": 1.0, ""constant_value"": null, ""nondecreasing_share"": 0.85}, ""5"": {""best"": ""volt_modepi"", ""r2"": 1.0, ""constant_value"": null, ""nondecreasing_share"": 0.613}, ""6"": {""best"": ""vin_3 col 0 (next row)"", ""r2"": 0.99996, ""constant_value"": null, ""nondecreasing_share"": 0.632}}",0.9966361241569637,0.996140985472364,0.0003882086566746601,9.74454897386228e-05,
QAS,270,35089,32565,True,"{""vin_2 col 0"": {""best"": ""current"", ""r2"": 0.97509, ""joint_modepi_current_soc_r2"": 0.9823, ""median_abs_diff_to_modepi"": 0.04468}, ""vin_2 col 1"": {""best"": ""volt_modepi"", ""r2"": 0.74731, ""joint_modepi_current_soc_r2"": 0.99707, ""median_abs_diff_to_modepi"": 0.242}, ""vin_3 col 0"": {""best"": ""current"", ""r2"": 0.36995, ""joint_modepi_current_soc_r2"": 0.67627, ""median_abs_diff_to_modepi"": 2.984}, ""vin_3 col 1"": {""best"": ""current"", ""r2"": 0.41266, ""joint_modepi_current_soc_r2"": 0.63526, ""median_abs_diff_to_modepi"": 3.141}}","{""0"": {""best"": ""temperature"", ""r2"": 1.0, ""constant_value"": null, ""nondecreasing_share"": 0.97}, ""1"": {""best"": ""pack SOC"", ""r2"": 1.0, ""constant_value"": null, ""nondecreasing_share"": 0.967}, ""2"": {""best"": ""constant"", ""r2"": NaN, ""constant_value"": 0.0, ""nondecreasing_share"": 1.0}, ""3"": {""best"": ""cell sum"", ""r2"": 0.99999, ""constant_value"": null, ""nondecreasing_share"": 0.66}, ""4"": {""best"": ""current"", ""r2"": 1.0, ""constant_value"": null, ""nondecreasing_share"": 0.733}, ""5"": {""best"": ""volt_modepi"", ""r2"": 1.0, ""constant_value"": null, ""nondecreasing_share"": 0.649}, ""6"": {""best"": ""vin_3 col 0 (next row)"", ""r2"": 0.99977, ""constant_value"": null, ""nondecreasing_share"": 0.628}}",0.915537715392833,0.8955232775900719,0.0003443838143191158,5.6944196916942275e-05,
QAS,272,39083,34903,True,"{""vin_2 col 0"": {""best"": ""current"", ""r2"": 0.96882, ""joint_modepi_current_soc_r2"": 0.97075, ""median_abs_diff_to_modepi"": 0.03622}, ""vin_2 col 1"": {""best"": ""volt_modepi"", ""r2"": 0.70308, ""joint_modepi_current_soc_r2"": 0.99847, ""median_abs_diff_to_modepi"": 0.164}, ""vin_3 col 0"": {""best"": ""current"", ""r2"": 0.60682, ""joint_modepi_current_soc_r2"": 0.84039, ""median_abs_diff_to_modepi"": 2.966}, ""vin_3 col 1"": {""best"": ""current"", ""r2"": 0.57771, ""joint_modepi_current_soc_r2"": 0.82576, ""median_abs_diff_to_modepi"": 3.099}}","{""0"": {""best"": ""temperature"", ""r2"": 1.0, ""constant_value"": null, ""nondecreasing_share"": 0.97}, ""1"": {""best"": ""pack SOC"", ""r2"": 1.0, ""constant_value"": null, ""nondecreasing_share"": 0.97}, ""2"": {""best"": ""constant"", ""r2"": NaN, ""constant_value"": 0.0, ""nondecreasing_share"": 1.0}, ""3"": {""best"": ""volt_modepi"", ""r2"": 0.99999, ""constant_value"": null, ""nondecreasing_share"": 0.641}, ""4"": {""best"": ""current"", ""r2"": 1.0, ""constant_value"": null, ""nondecreasing_share"": 0.736}, ""5"": {""best"": ""volt_modepi"", ""r2"": 1.0, ""constant_value"": null, ""nondecreasing_share"": 0.63}, ""6"": {""best"": ""vin_3 col 0 (next row)"", ""r2"": 0.99972, ""constant_value"": null, ""nondecreasing_share"": 0.572}}",0.9441466287495001,0.9041715939740156,0.0002520406078267978,6.496769080139833e-05,
QAS,275,31029,27714,True,"{""vin_2 col 0"": {""best"": ""current"", ""r2"": 0.95889, ""joint_modepi_current_soc_r2"": 0.96216, ""median_abs_diff_to_modepi"": 0.05265}, ""vin_2 col 1"": {""best"": ""cell median"", ""r2"": 0.77713, ""joint_modepi_current_soc_r2"": 0.99811, ""median_abs_diff_to_modepi"": 0.2021}, ""vin_3 col 0"": {""best"": ""current"", ""r2"": 0.80893, ""joint_modepi_current_soc_r2"": 0.87194, ""median_abs_diff_to_modepi"": 2.969}, ""vin_3 col 1"": {""best"": ""current"", ""r2"": 0.82665, ""joint_modepi_current_soc_r2"": 0.83371, ""median_abs_diff_to_modepi"": 2.97}}","{""0"": {""best"": ""temperature"", ""r2"": 1.0, ""constant_value"": null, ""nondecreasing_share"": 0.97}, ""1"": {""best"": ""pack SOC"", ""r2"": 1.0, ""constant_value"": null, ""nondecreasing_share"": 0.961}, ""2"": {""best"": ""constant"", ""r2"": NaN, ""constant_value"": 0.0, ""nondecreasing_share"": 1.0}, ""3"": {""best"": ""cell sum"", ""r2"": 0.99997, ""constant_value"": null, ""nondecreasing_share"": 0.669}, ""4"": {""best"": ""current"", ""r2"": 1.0, ""constant_value"": null, ""nondecreasing_share"": 0.785}, ""5"": {""best"": ""volt_modepi"", ""r2"": 1.0, ""constant_value"": null, ""nondecreasing_share"": 0.658}, ""6"": {""best"": ""vin_3 col 0 (next row)"", ""r2"": 0.99981, ""constant_value"": null, ""nondecreasing_share"": 0.578}}",0.7648545324846121,0.656210669735817,0.0007644485205031692,4.588104618520984e-05,
QAS,277,27022,23333,True,"{""vin_2 col 0"": {""best"": ""current"", ""r2"": 0.94522, ""joint_modepi_current_soc_r2"": 0.95058, ""median_abs_diff_to_modepi"": 0.03847}, ""vin_2 col 1"": {""best"": ""cell median"", ""r2"": 0.73015, ""joint_modepi_current_soc_r2"": 0.99633, ""median_abs_diff_to_modepi"": 0.2389}, ""vin_3 col 0"": {""best"": ""current"", ""r2"": 0.19379, ""joint_modepi_current_soc_r2"": 0.25954, ""median_abs_diff_to_modepi"": 2.39}, ""vin_3 col 1"": {""best"": ""current"", ""r2"": 0.17249, ""joint_modepi_current_soc_r2"": 0.23734, ""median_abs_diff_to_modepi"": 2.379}}","{""0"": {""best"": ""temperature"", ""r2"": 1.0, ""constant_value"": null, ""nondecreasing_share"": 0.978}, ""1"": {""best"": ""pack SOC"", ""r2"": 1.0, ""constant_value"": null, ""nondecreasing_share"": 0.962}, ""2"": {""best"": ""constant"", ""r2"": NaN, ""constant_value"": 0.0, ""nondecreasing_share"": 1.0}, ""3"": {""best"": ""cell sum"", ""r2"": 0.99999, ""constant_value"": null, ""nondecreasing_share"": 0.66}, ""4"": {""best"": ""current"", ""r2"": 1.0, ""constant_value"": null, ""nondecreasing_share"": 0.754}, ""5"": {""best"": ""volt_modepi"", ""r2"": 1.0, ""constant_value"": null, ""nondecreasing_share"": 0.649}, ""6"": {""best"": ""vin_3 col 0 (next row)"", ""r2"": 0.99998, ""constant_value"": null, ""nondecreasing_share"": 0.596}}",0.9819022177658331,0.8784690480327406,0.000497136677240384,0.00011529485859359777,
QAS,273,34937,31824,True,"{""vin_2 col 0"": {""best"": ""current"", ""r2"": 0.51084, ""joint_modepi_current_soc_r2"": 0.51439, ""median_abs_diff_to_modepi"": 0.02164}, ""vin_2 col 1"": {""best"": ""volt_modepi"", ""r2"": 0.73644, ""joint_modepi_current_soc_r2"": 0.9981, ""median_abs_diff_to_modepi"": 0.2237}, ""vin_3 col 0"": {""best"": ""current"", ""r2"": 0.54911, ""joint_modepi_current_soc_r2"": 0.60841, ""median_abs_diff_to_modepi"": 2.375}, ""vin_3 col 1"": {""best"": ""current"", ""r2"": 0.52103, ""joint_modepi_current_soc_r2"": 0.57814, ""median_abs_diff_to_modepi"": 2.367}}","{""0"": {""best"": ""temperature"", ""r2"": 1.0, ""constant_value"": null, ""nondecreasing_share"": 0.969}, ""1"": {""best"": ""pack SOC"", ""r2"": 1.0, ""constant_value"": null, ""nondecreasing_share"": 0.975}, ""2"": {""best"": ""constant"", ""r2"": NaN, ""constant_value"": 0.0, ""nondecreasing_share"": 1.0}, ""3"": {""best"": ""cell sum"", ""r2"": 0.99999, ""constant_value"": null, ""nondecreasing_share"": 0.631}, ""4"": {""best"": ""current"", ""r2"": 1.0, ""constant_value"": null, ""nondecreasing_share"": 0.741}, ""5"": {""best"": ""volt_modepi"", ""r2"": 1.0, ""constant_value"": null, ""nondecreasing_share"": 0.618}, ""6"": {""best"": ""vin_3 col 0 (next row)"", ""r2"": 0.99996, ""constant_value"": null, ""nondecreasing_share"": 0.502}}",0.9133542878053651,0.7520702238489118,0.0010818522575875011,0.00028615362648002284,
QAS,274,34980,31204,True,"{""vin_2 col 0"": {""best"": ""current"", ""r2"": 0.00153, ""joint_modepi_current_soc_r2"": 0.00153, ""median_abs_diff_to_modepi"": 0.02737}, ""vin_2 col 1"": {""best"": ""volt_modepi"", ""r2"": 0.66407, ""joint_modepi_current_soc_r2"": 0.99779, ""median_abs_diff_to_modepi"": 0.2956}, ""vin_3 col 0"": {""best"": ""current"", ""r2"": 0.27374, ""joint_modepi_current_soc_r2"": 0.36811, ""median_abs_diff_to_modepi"": 2.382}, ""vin_3 col 1"": {""best"": ""current"", ""r2"": 0.27241, ""joint_modepi_current_soc_r2"": 0.35094, ""median_abs_diff_to_modepi"": 2.345}}","{""0"": {""best"": ""temperature"", ""r2"": 1.0, ""constant_value"": null, ""nondecreasing_share"": 0.975}, ""1"": {""best"": ""pack SOC"", ""r2"": 1.0, ""constant_value"": null, ""nondecreasing_share"": 0.971}, ""2"": {""best"": ""constant"", ""r2"": NaN, ""constant_value"": 0.0, ""nondecreasing_share"": 1.0}, ""3"": {""best"": ""cell sum"", ""r2"": 0.99999, ""constant_value"": null, ""nondecreasing_share"": 0.677}, ""4"": {""best"": ""current"", ""r2"": 1.0, ""constant_value"": null, ""nondecreasing_share"": 0.802}, ""5"": {""best"": ""volt_modepi"", ""r2"": 1.0, ""constant_value"": null, ""nondecreasing_share"": 0.666}, ""6"": {""best"": ""vin_3 col 0 (next row)"", ""r2"": 0.99997, ""constant_value"": null, ""nondecreasing_share"": 0.584}}",0.9868779287460051,0.8948839273986233,0.0005608856040808519,0.0002831021177889495,
QAS,276,36677,31054,True,"{""vin_2 col 0"": {""best"": ""current"", ""r2"": 0.99143, ""joint_modepi_current_soc_r2"": 0.99361, ""median_abs_diff_to_modepi"": 0.0433}, ""vin_2 col 1"": {""best"": ""cell mean"", ""r2"": 0.78881, ""joint_modepi_current_soc_r2"": 0.99743, ""median_abs_diff_to_modepi"": 0.1742}, ""vin_3 col 0"": {""best"": ""current"", ""r2"": 0.60032, ""joint_modepi_current_soc_r2"": 0.77583, ""median_abs_diff_to_modepi"": 2.981}, ""vin_3 col 1"": {""best"": ""current"", ""r2"": 0.59315, ""joint_modepi_current_soc_r2"": 0.73822, ""median_abs_diff_to_modepi"": 3.006}}","{""0"": {""best"": ""temperature"", ""r2"": 1.0, ""constant_value"": null, ""nondecreasing_share"": 0.974}, ""1"": {""best"": ""pack SOC"", ""r2"": 1.0, ""constant_value"": null, ""nondecreasing_share"": 0.974}, ""2"": {""best"": ""constant"", ""r2"": NaN, ""constant_value"": 0.0, ""nondecreasing_share"": 1.0}, ""3"": {""best"": ""volt_modepi"", ""r2"": 0.99999, ""constant_value"": null, ""nondecreasing_share"": 0.668}, ""4"": {""best"": ""current"", ""r2"": 1.0, ""constant_value"": null, ""nondecreasing_share"": 0.809}, ""5"": {""best"": ""volt_modepi"", ""r2"": 1.0, ""constant_value"": null, ""nondecreasing_share"": 0.652}, ""6"": {""best"": ""vin_3 col 0 (next row)"", ""r2"": 0.99973, ""constant_value"": null, ""nondecreasing_share"": 0.617}}",0.8461216990103304,0.8052168264514258,0.0002719123860692729,3.782856262017489e-05,
QAS,278,32765,28856,True,"{""vin_2 col 0"": {""best"": ""current"", ""r2"": 0.00173, ""joint_modepi_current_soc_r2"": 0.00177, ""median_abs_diff_to_modepi"": 0.02643}, ""vin_2 col 1"": {""best"": ""volt_modepi"", ""r2"": 0.71162, ""joint_modepi_current_soc_r2"": 0.99844, ""median_abs_diff_to_modepi"": 0.2014}, ""vin_3 col 0"": {""best"": ""current"", ""r2"": 0.65269, ""joint_modepi_current_soc_r2"": 0.66174, ""median_abs_diff_to_modepi"": 2.377}, ""vin_3 col 1"": {""best"": ""current"", ""r2"": 0.6415, ""joint_modepi_current_soc_r2"": 0.65639, ""median_abs_diff_to_modepi"": 2.353}}","{""0"": {""best"": ""temperature"", ""r2"": 1.0, ""constant_value"": null, ""nondecreasing_share"": 0.973}, ""1"": {""best"": ""pack SOC"", ""r2"": 1.0, ""constant_value"": null, ""nondecreasing_share"": 0.972}, ""2"": {""best"": ""constant"", ""r2"": NaN, ""constant_value"": 0.0, ""nondecreasing_share"": 1.0}, ""3"": {""best"": ""volt_modepi"", ""r2"": 0.99999, ""constant_value"": null, ""nondecreasing_share"": 0.669}, ""4"": {""best"": ""current"", ""r2"": 1.0, ""constant_value"": null, ""nondecreasing_share"": 0.819}, ""5"": {""best"": ""volt_modepi"", ""r2"": 1.0, ""constant_value"": null, ""nondecreasing_share"": 0.657}, ""6"": {""best"": ""vin_3 col 0 (next row)"", ""r2"": 0.99929, ""constant_value"": null, ""nondecreasing_share"": 0.537}}",0.976926295452504,0.824126208408396,0.0007687311317612355,0.0002861300652673638,
QAS,282,28004,22121,True,"{""vin_2 col 0"": {""best"": ""current"", ""r2"": 0.00126, ""joint_modepi_current_soc_r2"": 0.00127, ""median_abs_diff_to_modepi"": 0.03001}, ""vin_2 col 1"": {""best"": ""cell median"", ""r2"": 0.65843, ""joint_modepi_current_soc_r2"": 0.99805, ""median_abs_diff_to_modepi"": 0.2489}, ""vin_3 col 0"": {""best"": ""current"", ""r2"": 0.23726, ""joint_modepi_current_soc_r2"": 0.32023, ""median_abs_diff_to_modepi"": 2.38}, ""vin_3 col 1"": {""best"": ""current"", ""r2"": 0.22441, ""joint_modepi_current_soc_r2"": 0.3028, ""median_abs_diff_to_modepi"": 2.357}}","{""0"": {""best"": ""temperature"", ""r2"": 1.0, ""constant_value"": null, ""nondecreasing_share"": 0.977}, ""1"": {""best"": ""pack SOC"", ""r2"": 1.0, ""constant_value"": null, ""nondecreasing_share"": 0.979}, ""2"": {""best"": ""constant"", ""r2"": NaN, ""constant_value"": 0.0, ""nondecreasing_share"": 1.0}, ""3"": {""best"": ""cell sum"", ""r2"": 0.99999, ""constant_value"": null, ""nondecreasing_share"": 0.678}, ""4"": {""best"": ""current"", ""r2"": 1.0, ""constant_value"": null, ""nondecreasing_share"": 0.857}, ""5"": {""best"": ""volt_modepi"", ""r2"": 1.0, ""constant_value"": null, ""nondecreasing_share"": 0.662}, ""6"": {""best"": ""vin_3 col 0 (next row)"", ""r2"": 0.99997, ""constant_value"": null, ""nondecreasing_share"": 0.576}}",0.9879584981853121,0.9242713074156688,0.0004430810021076592,0.00019313447568939233,
QAS,279,32229,28400,True,"{""vin_2 col 0"": {""best"": ""cell min"", ""r2"": 0.00116, ""joint_modepi_current_soc_r2"": 0.00124, ""median_abs_diff_to_modepi"": 0.02765}, ""vin_2 col 1"": {""best"": ""cell median"", ""r2"": 0.75472, ""joint_modepi_current_soc_r2"": 0.99776, ""median_abs_diff_to_modepi"": 0.2177}, ""vin_3 col 0"": {""best"": ""current"", ""r2"": 0.32631, ""joint_modepi_current_soc_r2"": 0.37503, ""median_abs_diff_to_modepi"": 2.377}, ""vin_3 col 1"": {""best"": ""current"", ""r2"": 0.30398, ""joint_modepi_current_soc_r2"": 0.35133, ""median_abs_diff_to_modepi"": 2.361}}","{""0"": {""best"": ""temperature"", ""r2"": 1.0, ""constant_value"": null, ""nondecreasing_share"": 0.981}, ""1"": {""best"": ""pack SOC"", ""r2"": 1.0, ""constant_value"": null, ""nondecreasing_share"": 0.956}, ""2"": {""best"": ""constant"", ""r2"": NaN, ""constant_value"": 0.0, ""nondecreasing_share"": 1.0}, ""3"": {""best"": ""volt_modepi"", ""r2"": 0.99999, ""constant_value"": null, ""nondecreasing_share"": 0.645}, ""4"": {""best"": ""current"", ""r2"": 1.0, ""constant_value"": null, ""nondecreasing_share"": 0.795}, ""5"": {""best"": ""volt_modepi"", ""r2"": 1.0, ""constant_value"": null, ""nondecreasing_share"": 0.636}, ""6"": {""best"": ""vin_3 col 0 (next row)"", ""r2"": 0.99997, ""constant_value"": null, ""nondecreasing_share"": 0.625}}",0.9922316649617567,0.9591097412695928,0.0010747009013243325,0.00033565370247868155,
QAS,280,33807,31504,True,"{""vin_2 col 0"": {""best"": ""current"", ""r2"": 0.00381, ""joint_modepi_current_soc_r2"": 0.00385, ""median_abs_diff_to_modepi"": 0.03238}, ""vin_2 col 1"": {""best"": ""cell mean"", ""r2"": 0.76972, ""joint_modepi_current_soc_r2"": 0.99584, ""median_abs_diff_to_modepi"": 0.26}, ""vin_3 col 0"": {""best"": ""pack SOC"", ""r2"": 0.21996, ""joint_modepi_current_soc_r2"": 0.32573, ""median_abs_diff_to_modepi"": 2.388}, ""vin_3 col 1"": {""best"": ""pack SOC"", ""r2"": 0.20946, ""joint_modepi_current_soc_r2"": 0.31048, ""median_abs_diff_to_modepi"": 2.347}}","{""0"": {""best"": ""temperature"", ""r2"": 1.0, ""constant_value"": null, ""nondecreasing_share"": 0.976}, ""1"": {""best"": ""pack SOC"", ""r2"": 1.0, ""constant_value"": null, ""nondecreasing_share"": 0.972}, ""2"": {""best"": ""constant"", ""r2"": NaN, ""constant_value"": 0.0, ""nondecreasing_share"": 1.0}, ""3"": {""best"": ""volt_modepi"", ""r2"": 0.99999, ""constant_value"": null, ""nondecreasing_share"": 0.653}, ""4"": {""best"": ""current"", ""r2"": 1.0, ""constant_value"": null, ""nondecreasing_share"": 0.837}, ""5"": {""best"": ""volt_modepi"", ""r2"": 1.0, ""constant_value"": null, ""nondecreasing_share"": 0.639}, ""6"": {""best"": ""vin_3 col 0 (next row)"", ""r2"": 0.99981, ""constant_value"": null, ""nondecreasing_share"": 0.593}}",0.9850069534030685,0.9882864051736766,0.00046626129822890944,0.00011229346115723302,
QAS,283,42924,29723,True,"{""vin_2 col 0"": {""best"": ""current"", ""r2"": 0.9807, ""joint_modepi_current_soc_r2"": 0.9873, ""median_abs_diff_to_modepi"": 0.02483}, ""vin_2 col 1"": {""best"": ""current"", ""r2"": 0.71558, ""joint_modepi_current_soc_r2"": 0.99841, ""median_abs_diff_to_modepi"": 0.2214}, ""vin_3 col 0"": {""best"": ""current"", ""r2"": 0.54762, ""joint_modepi_current_soc_r2"": 0.62754, ""median_abs_diff_to_modepi"": 2.385}, ""vin_3 col 1"": {""best"": ""current"", ""r2"": 0.51402, ""joint_modepi_current_soc_r2"": 0.59694, ""median_abs_diff_to_modepi"": 2.377}}","{""0"": {""best"": ""temperature"", ""r2"": 1.0, ""constant_value"": null, ""nondecreasing_share"": 0.975}, ""1"": {""best"": ""pack SOC"", ""r2"": 1.0, ""constant_value"": null, ""nondecreasing_share"": 0.97}, ""2"": {""best"": ""constant"", ""r2"": NaN, ""constant_value"": 0.0, ""nondecreasing_share"": 1.0}, ""3"": {""best"": ""cell sum"", ""r2"": 0.99999, ""constant_value"": null, ""nondecreasing_share"": 0.685}, ""4"": {""best"": ""current"", ""r2"": 1.0, ""constant_value"": null, ""nondecreasing_share"": 0.856}, ""5"": {""best"": ""volt_modepi"", ""r2"": 1.0, ""constant_value"": null, ""nondecreasing_share"": 0.674}, ""6"": {""best"": ""vin_3 col 0 (next row)"", ""r2"": 0.99996, ""constant_value"": null, ""nondecreasing_share"": 0.627}}",0.9967208149375034,0.9819776779209203,0.0007394766007531306,0.0002782197597796962,
QAS,281,42466,41839,True,"{""vin_2 col 0"": {""best"": ""current"", ""r2"": 0.74702, ""joint_modepi_current_soc_r2"": 0.79057, ""median_abs_diff_to_modepi"": 0.02042}, ""vin_2 col 1"": {""best"": ""cell median"", ""r2"": 0.89451, ""joint_modepi_current_soc_r2"": 0.9973, ""median_abs_diff_to_modepi"": 0.2451}, ""vin_3 col 0"": {""best"": ""pack SOC"", ""r2"": 0.17367, ""joint_modepi_current_soc_r2"": 0.2825, ""median_abs_diff_to_modepi"": 2.371}, ""vin_3 col 1"": {""best"": ""pack SOC"", ""r2"": 0.16863, ""joint_modepi_current_soc_r2"": 0.26544, ""median_abs_diff_to_modepi"": 2.359}}","{""0"": {""best"": ""temperature"", ""r2"": 1.0, ""constant_value"": null, ""nondecreasing_share"": 0.977}, ""1"": {""best"": ""pack SOC"", ""r2"": 1.0, ""constant_value"": null, ""nondecreasing_share"": 0.968}, ""2"": {""best"": ""constant"", ""r2"": NaN, ""constant_value"": 0.0, ""nondecreasing_share"": 1.0}, ""3"": {""best"": ""cell sum"", ""r2"": 0.99999, ""constant_value"": null, ""nondecreasing_share"": 0.649}, ""4"": {""best"": ""current"", ""r2"": 1.0, ""constant_value"": null, ""nondecreasing_share"": 0.732}, ""5"": {""best"": ""volt_modepi"", ""r2"": 1.0, ""constant_value"": null, ""nondecreasing_share"": 0.641}, ""6"": {""best"": ""vin_3 col 0 (next row)"", ""r2"": 0.99999, ""constant_value"": null, ""nondecreasing_share"": 0.509}}",0.9824689631323835,0.92080632307022,0.00043753919707345545,0.00021291256001861007,
QAS,284,41711,35874,True,"{""vin_2 col 0"": {""best"": ""current"", ""r2"": 0.86865, ""joint_modepi_current_soc_r2"": 0.87866, ""median_abs_diff_to_modepi"": 0.04112}, ""vin_2 col 1"": {""best"": ""cell median"", ""r2"": 0.73615, ""joint_modepi_current_soc_r2"": 0.99592, ""median_abs_diff_to_modepi"": 0.2427}, ""vin_3 col 0"": {""best"": ""pack SOC"", ""r2"": 0.12736, ""joint_modepi_current_soc_r2"": 0.21548, ""median_abs_diff_to_modepi"": 2.941}, ""vin_3 col 1"": {""best"": ""pack SOC"", ""r2"": 0.12297, ""joint_modepi_current_soc_r2"": 0.19665, ""median_abs_diff_to_modepi"": 2.959}}","{""0"": {""best"": ""temperature"", ""r2"": 1.0, ""constant_value"": null, ""nondecreasing_share"": 0.973}, ""1"": {""best"": ""pack SOC"", ""r2"": 1.0, ""constant_value"": null, ""nondecreasing_share"": 0.972}, ""2"": {""best"": ""constant"", ""r2"": NaN, ""constant_value"": 0.0, ""nondecreasing_share"": 1.0}, ""3"": {""best"": ""cell sum"", ""r2"": 0.99999, ""constant_value"": null, ""nondecreasing_share"": 0.644}, ""4"": {""best"": ""current"", ""r2"": 1.0, ""constant_value"": null, ""nondecreasing_share"": 0.848}, ""5"": {""best"": ""volt_modepi"", ""r2"": 1.0, ""constant_value"": null, ""nondecreasing_share"": 0.631}, ""6"": {""best"": ""vin_3 col 0 (next row)"", ""r2"": 0.99997, ""constant_value"": null, ""nondecreasing_share"": 0.627}}",0.9022471278465257,0.8807309381195727,0.00026022117076296425,7.299973676756739e-05,
QAS,285,29237,24845,True,"{""vin_2 col 0"": {""best"": ""current"", ""r2"": 0.00103, ""joint_modepi_current_soc_r2"": 0.00105, ""median_abs_diff_to_modepi"": 0.02783}, ""vin_2 col 1"": {""best"": ""volt_modepi"", ""r2"": 0.6657, ""joint_modepi_current_soc_r2"": 0.99848, ""median_abs_diff_to_modepi"": 0.2796}, ""vin_3 col 0"": {""best"": ""current"", ""r2"": 0.43355, ""joint_modepi_current_soc_r2"": 0.61091, ""median_abs_diff_to_modepi"": 2.381}, ""vin_3 col 1"": {""best"": ""current"", ""r2"": 0.44065, ""joint_modepi_current_soc_r2"": 0.59722, ""median_abs_diff_to_modepi"": 2.336}}","{""0"": {""best"": ""temperature"", ""r2"": 1.0, ""constant_value"": null, ""nondecreasing_share"": 0.975}, ""1"": {""best"": ""pack SOC"", ""r2"": 1.0, ""constant_value"": null, ""nondecreasing_share"": 0.962}, ""2"": {""best"": ""constant"", ""r2"": NaN, ""constant_value"": 0.0, ""nondecreasing_share"": 1.0}, ""3"": {""best"": ""cell sum"", ""r2"": 0.99997, ""constant_value"": null, ""nondecreasing_share"": 0.659}, ""4"": {""best"": ""current"", ""r2"": 1.0, ""constant_value"": null, ""nondecreasing_share"": 0.778}, ""5"": {""best"": ""volt_modepi"", ""r2"": 1.0, ""constant_value"": null, ""nondecreasing_share"": 0.65}, ""6"": {""best"": ""vin_3 col 0 (next row)"", ""r2"": 0.99947, ""constant_value"": null, ""nondecreasing_share"": 0.551}}",0.9729951158124788,0.808251175056854,0.0015258421409241052,0.0009387040319576276,
QAS,286,26764,23664,True,"{""vin_2 col 0"": {""best"": ""current"", ""r2"": 0.98678, ""joint_modepi_current_soc_r2"": 0.99061, ""median_abs_diff_to_modepi"": 0.05025}, ""vin_2 col 1"": {""best"": ""volt_modepi"", ""r2"": 0.84471, ""joint_modepi_current_soc_r2"": 0.99845, ""median_abs_diff_to_modepi"": 0.1462}, ""vin_3 col 0"": {""best"": ""current"", ""r2"": 0.55715, ""joint_modepi_current_soc_r2"": 0.75981, ""median_abs_diff_to_modepi"": 2.984}, ""vin_3 col 1"": {""best"": ""current"", ""r2"": 0.6182, ""joint_modepi_current_soc_r2"": 0.72823, ""median_abs_diff_to_modepi"": 2.967}}","{""0"": {""best"": ""temperature"", ""r2"": 1.0, ""constant_value"": null, ""nondecreasing_share"": 0.975}, ""1"": {""best"": ""pack SOC"", ""r2"": 1.0, ""constant_value"": null, ""nondecreasing_share"": 0.97}, ""2"": {""best"": ""constant"", ""r2"": NaN, ""constant_value"": 0.0, ""nondecreasing_share"": 1.0}, ""3"": {""best"": ""cell sum"", ""r2"": 0.99999, ""constant_value"": null, ""nondecreasing_share"": 0.66}, ""4"": {""best"": ""current"", ""r2"": 1.0, ""constant_value"": null, ""nondecreasing_share"": 0.837}, ""5"": {""best"": ""volt_modepi"", ""r2"": 1.0, ""constant_value"": null, ""nondecreasing_share"": 0.648}, ""6"": {""best"": ""vin_3 col 0 (next row)"", ""r2"": 0.99974, ""constant_value"": null, ""nondecreasing_share"": 0.616}}",0.9057114451550969,0.9123153873161352,0.00028395234508704625,4.075786002153981e-05,
QAS,287,30092,26963,True,"{""vin_2 col 0"": {""best"": ""current"", ""r2"": 0.98471, ""joint_modepi_current_soc_r2"": 0.98937, ""median_abs_diff_to_modepi"": 0.03767}, ""vin_2 col 1"": {""best"": ""volt_modepi"", ""r2"": 0.77877, ""joint_modepi_current_soc_r2"": 0.99764, ""median_abs_diff_to_modepi"": 0.1901}, ""vin_3 col 0"": {""best"": ""current"", ""r2"": 0.42647, ""joint_modepi_current_soc_r2"": 0.73769, ""median_abs_diff_to_modepi"": 2.961}, ""vin_3 col 1"": {""best"": ""current"", ""r2"": 0.4253, ""joint_modepi_current_soc_r2"": 0.71769, ""median_abs_diff_to_modepi"": 3.035}}","{""0"": {""best"": ""temperature"", ""r2"": 1.0, ""constant_value"": null, ""nondecreasing_share"": 0.969}, ""1"": {""best"": ""pack SOC"", ""r2"": 1.0, ""constant_value"": null, ""nondecreasing_share"": 0.971}, ""2"": {""best"": ""constant"", ""r2"": NaN, ""constant_value"": 0.0, ""nondecreasing_share"": 1.0}, ""3"": {""best"": ""cell sum"", ""r2"": 0.99999, ""constant_value"": null, ""nondecreasing_share"": 0.662}, ""4"": {""best"": ""current"", ""r2"": 1.0, ""constant_value"": null, ""nondecreasing_share"": 0.765}, ""5"": {""best"": ""volt_modepi"", ""r2"": 1.0, ""constant_value"": null, ""nondecreasing_share"": 0.652}, ""6"": {""best"": ""vin_3 col 0 (next row)"", ""r2"": 0.99977, ""constant_value"": null, ""nondecreasing_share"": 0.607}}",0.9786953841497621,0.9166401280657996,0.00023388228266973954,4.789810811639703e-05,
QAS,288,37823,34849,True,"{""vin_2 col 0"": {""best"": ""current"", ""r2"": 0.00867, ""joint_modepi_current_soc_r2"": 0.00872, ""median_abs_diff_to_modepi"": 0.04599}, ""vin_2 col 1"": {""best"": ""cell mean"", ""r2"": 0.8326, ""joint_modepi_current_soc_r2"": 0.9974, ""median_abs_diff_to_modepi"": 0.1843}, ""vin_3 col 0"": {""best"": ""current"", ""r2"": 0.51156, ""joint_modepi_current_soc_r2"": 0.69307, ""median_abs_diff_to_modepi"": 2.982}, ""vin_3 col 1"": {""best"": ""current"", ""r2"": 0.56961, ""joint_modepi_current_soc_r2"": 0.64686, ""median_abs_diff_to_modepi"": 2.964}}","{""0"": {""best"": ""temperature"", ""r2"": 1.0, ""constant_value"": null, ""nondecreasing_share"": 0.972}, ""1"": {""best"": ""pack SOC"", ""r2"": 1.0, ""constant_value"": null, ""nondecreasing_share"": 0.971}, ""2"": {""best"": ""constant"", ""r2"": NaN, ""constant_value"": 0.0, ""nondecreasing_share"": 1.0}, ""3"": {""best"": ""cell sum"", ""r2"": 0.99999, ""constant_value"": null, ""nondecreasing_share"": 0.667}, ""4"": {""best"": ""current"", ""r2"": 1.0, ""constant_value"": null, ""nondecreasing_share"": 0.769}, ""5"": {""best"": ""volt_modepi"", ""r2"": 1.0, ""constant_value"": null, ""nondecreasing_share"": 0.654}, ""6"": {""best"": ""vin_3 col 0 (next row)"", ""r2"": 0.99974, ""constant_value"": null, ""nondecreasing_share"": 0.629}}",0.9256386455852784,0.6898734696707202,0.0002526460967211541,3.1110561496598165e-05,
QAS,290,27387,23710,True,"{""vin_2 col 0"": {""best"": ""current"", ""r2"": 0.88451, ""joint_modepi_current_soc_r2"": 0.89311, ""median_abs_diff_to_modepi"": 0.04988}, ""vin_2 col 1"": {""best"": ""cell median"", ""r2"": 0.81647, ""joint_modepi_current_soc_r2"": 0.998, ""median_abs_diff_to_modepi"": 0.2256}, ""vin_3 col 0"": {""best"": ""current"", ""r2"": 0.34056, ""joint_modepi_current_soc_r2"": 0.63253, ""median_abs_diff_to_modepi"": 2.99}, ""vin_3 col 1"": {""best"": ""current"", ""r2"": 0.32234, ""joint_modepi_current_soc_r2"": 0.60096, ""median_abs_diff_to_modepi"": 3.116}}","{""0"": {""best"": ""temperature"", ""r2"": 1.0, ""constant_value"": null, ""nondecreasing_share"": 0.973}, ""1"": {""best"": ""pack SOC"", ""r2"": 1.0, ""constant_value"": null, ""nondecreasing_share"": 0.973}, ""2"": {""best"": ""constant"", ""r2"": NaN, ""constant_value"": 0.0, ""nondecreasing_share"": 1.0}, ""3"": {""best"": ""volt_modepi"", ""r2"": 0.99998, ""constant_value"": null, ""nondecreasing_share"": 0.668}, ""4"": {""best"": ""current"", ""r2"": 1.0, ""constant_value"": null, ""nondecreasing_share"": 0.819}, ""5"": {""best"": ""volt_modepi"", ""r2"": 1.0, ""constant_value"": null, ""nondecreasing_share"": 0.656}, ""6"": {""best"": ""vin_3 col 0 (next row)"", ""r2"": 0.99794, ""constant_value"": null, ""nondecreasing_share"": 0.615}}",0.9382283280518227,0.9351864224695214,0.0003764901615748162,4.673827587306289e-05,
QAS,289,37690,31137,True,"{""vin_2 col 0"": {""best"": ""current"", ""r2"": 0.00173, ""joint_modepi_current_soc_r2"": 0.00177, ""median_abs_diff_to_modepi"": 0.0484}, ""vin_2 col 1"": {""best"": ""cell median"", ""r2"": 0.78625, ""joint_modepi_current_soc_r2"": 0.99754, ""median_abs_diff_to_modepi"": 0.2203}, ""vin_3 col 0"": {""best"": ""current"", ""r2"": 0.3612, ""joint_modepi_current_soc_r2"": 0.69906, ""median_abs_diff_to_modepi"": 2.992}, ""vin_3 col 1"": {""best"": ""current"", ""r2"": 0.44736, ""joint_modepi_current_soc_r2"": 0.68108, ""median_abs_diff_to_modepi"": 2.948}}","{""0"": {""best"": ""temperature"", ""r2"": 1.0, ""constant_value"": null, ""nondecreasing_share"": 0.976}, ""1"": {""best"": ""pack SOC"", ""r2"": 1.0, ""constant_value"": null, ""nondecreasing_share"": 0.966}, ""2"": {""best"": ""constant"", ""r2"": NaN, ""constant_value"": 0.0, ""nondecreasing_share"": 1.0}, ""3"": {""best"": ""cell sum"", ""r2"": 0.99999, ""constant_value"": null, ""nondecreasing_share"": 0.654}, ""4"": {""best"": ""current"", ""r2"": 1.0, ""constant_value"": null, ""nondecreasing_share"": 0.788}, ""5"": {""best"": ""volt_modepi"", ""r2"": 1.0, ""constant_value"": null, ""nondecreasing_share"": 0.641}, ""6"": {""best"": ""vin_3 col 0 (next row)"", ""r2"": 0.99976, ""constant_value"": null, ""nondecreasing_share"": 0.651}}",0.9756252971490555,0.9773789876274473,0.00024543059412041046,8.243526453549578e-05,
QAS,292,32760,30840,True,"{""vin_2 col 0"": {""best"": ""current"", ""r2"": 0.21777, ""joint_modepi_current_soc_r2"": 0.21925, ""median_abs_diff_to_modepi"": 0.05003}, ""vin_2 col 1"": {""best"": ""cell min"", ""r2"": 0.843, ""joint_modepi_current_soc_r2"": 0.99789, ""median_abs_diff_to_modepi"": 0.2092}, ""vin_3 col 0"": {""best"": ""current"", ""r2"": 0.38253, ""joint_modepi_current_soc_r2"": 0.64491, ""median_abs_diff_to_modepi"": 2.987}, ""vin_3 col 1"": {""best"": ""current"", ""r2"": 0.37061, ""joint_modepi_current_soc_r2"": 0.58582, ""median_abs_diff_to_modepi"": 3.011}}","{""0"": {""best"": ""temperature"", ""r2"": 1.0, ""constant_value"": null, ""nondecreasing_share"": 0.965}, ""1"": {""best"": ""pack SOC"", ""r2"": 1.0, ""constant_value"": null, ""nondecreasing_share"": 0.973}, ""2"": {""best"": ""constant"", ""r2"": NaN, ""constant_value"": 0.0, ""nondecreasing_share"": 1.0}, ""3"": {""best"": ""volt_modepi"", ""r2"": 0.99999, ""constant_value"": null, ""nondecreasing_share"": 0.677}, ""4"": {""best"": ""current"", ""r2"": 1.0, ""constant_value"": null, ""nondecreasing_share"": 0.764}, ""5"": {""best"": ""volt_modepi"", ""r2"": 1.0, ""constant_value"": null, ""nondecreasing_share"": 0.664}, ""6"": {""best"": ""vin_3 col 0 (next row)"", ""r2"": 0.99491, ""constant_value"": null, ""nondecreasing_share"": 0.606}}",0.8981685925372965,0.8732874691499033,0.00034233317555698584,3.187915015630054e-05,
QAS,293,34484,30175,True,"{""vin_2 col 0"": {""best"": ""current"", ""r2"": 0.9379, ""joint_modepi_current_soc_r2"": 0.94177, ""median_abs_diff_to_modepi"": 0.04028}, ""vin_2 col 1"": {""best"": ""cell median"", ""r2"": 0.77983, ""joint_modepi_current_soc_r2"": 0.99792, ""median_abs_diff_to_modepi"": 0.1845}, ""vin_3 col 0"": {""best"": ""current"", ""r2"": 0.50794, ""joint_modepi_current_soc_r2"": 0.7553, ""median_abs_diff_to_modepi"": 2.974}, ""vin_3 col 1"": {""best"": ""current"", ""r2"": 0.4999, ""joint_modepi_current_soc_r2"": 0.73944, ""median_abs_diff_to_modepi"": 2.967}}","{""0"": {""best"": ""temperature"", ""r2"": 1.0, ""constant_value"": null, ""nondecreasing_share"": 0.978}, ""1"": {""best"": ""pack SOC"", ""r2"": 1.0, ""constant_value"": null, ""nondecreasing_share"": 0.964}, ""2"": {""best"": ""constant"", ""r2"": NaN, ""constant_value"": 0.0, ""nondecreasing_share"": 1.0}, ""3"": {""best"": ""cell sum"", ""r2"": 0.99999, ""constant_value"": null, ""nondecreasing_share"": 0.667}, ""4"": {""best"": ""current"", ""r2"": 1.0, ""constant_value"": null, ""nondecreasing_share"": 0.77}, ""5"": {""best"": ""volt_modepi"", ""r2"": 1.0, ""constant_value"": null, ""nondecreasing_share"": 0.656}, ""6"": {""best"": ""vin_3 col 0 (next row)"", ""r2"": 0.99936, ""constant_value"": null, ""nondecreasing_share"": 0.599}}",0.9777350975579321,0.9671643482058871,0.0007068932485720936,0.00015394544813980557,
QAS,291,43541,41658,True,"{""vin_2 col 0"": {""best"": ""current"", ""r2"": 0.00236, ""joint_modepi_current_soc_r2"": 0.00238, ""median_abs_diff_to_modepi"": 0.0479}, ""vin_2 col 1"": {""best"": ""cell median"", ""r2"": 0.87145, ""joint_modepi_current_soc_r2"": 0.99626, ""median_abs_diff_to_modepi"": 0.2281}, ""vin_3 col 0"": {""best"": ""pack SOC"", ""r2"": 0.3128, ""joint_modepi_current_soc_r2"": 0.60369, ""median_abs_diff_to_modepi"": 2.984}, ""vin_3 col 1"": {""best"": ""pack SOC"", ""r2"": 0.25391, ""joint_modepi_current_soc_r2"": 0.53695, ""median_abs_diff_to_modepi"": 3.003}}","{""0"": {""best"": ""temperature"", ""r2"": 1.0, ""constant_value"": null, ""nondecreasing_share"": 0.976}, ""1"": {""best"": ""pack SOC"", ""r2"": 1.0, ""constant_value"": null, ""nondecreasing_share"": 0.97}, ""2"": {""best"": ""constant"", ""r2"": NaN, ""constant_value"": 0.0, ""nondecreasing_share"": 1.0}, ""3"": {""best"": ""cell sum"", ""r2"": 0.99999, ""constant_value"": null, ""nondecreasing_share"": 0.644}, ""4"": {""best"": ""current"", ""r2"": 1.0, ""constant_value"": null, ""nondecreasing_share"": 0.807}, ""5"": {""best"": ""volt_modepi"", ""r2"": 1.0, ""constant_value"": null, ""nondecreasing_share"": 0.632}, ""6"": {""best"": ""vin_3 col 0 (next row)"", ""r2"": 0.99685, ""constant_value"": null, ""nondecreasing_share"": 0.622}}",0.8995526665945458,0.9068352912755706,0.0002585988188157362,3.53231916480945e-05,
QAS,294,28842,21726,True,"{""vin_2 col 0"": {""best"": ""current"", ""r2"": 0.00124, ""joint_modepi_current_soc_r2"": 0.00134, ""median_abs_diff_to_modepi"": 0.06155}, ""vin_2 col 1"": {""best"": ""cell median"", ""r2"": 0.76867, ""joint_modepi_current_soc_r2"": 0.99792, ""median_abs_diff_to_modepi"": 0.2044}, ""vin_3 col 0"": {""best"": ""current"", ""r2"": 0.79275, ""joint_modepi_current_soc_r2"": 0.85435, ""median_abs_diff_to_modepi"": 2.98}, ""vin_3 col 1"": {""best"": ""current"", ""r2"": 0.8221, ""joint_modepi_current_soc_r2"": 0.83143, ""median_abs_diff_to_modepi"": 2.981}}","{""0"": {""best"": ""temperature"", ""r2"": 1.0, ""constant_value"": null, ""nondecreasing_share"": 0.968}, ""1"": {""best"": ""pack SOC"", ""r2"": 1.0, ""constant_value"": null, ""nondecreasing_share"": 0.969}, ""2"": {""best"": ""constant"", ""r2"": NaN, ""constant_value"": 0.0, ""nondecreasing_share"": 1.0}, ""3"": {""best"": ""cell sum"", ""r2"": 0.99999, ""constant_value"": null, ""nondecreasing_share"": 0.639}, ""4"": {""best"": ""current"", ""r2"": 1.0, ""constant_value"": null, ""nondecreasing_share"": 0.823}, ""5"": {""best"": ""volt_modepi"", ""r2"": 1.0, ""constant_value"": null, ""nondecreasing_share"": 0.62}, ""6"": {""best"": ""vin_3 col 0 (next row)"", ""r2"": 0.99981, ""constant_value"": null, ""nondecreasing_share"": 0.598}}",0.8292132739408714,0.45131871367223303,0.00042274640301420696,2.61971290193012e-05,
QAS,295,28874,22858,True,"{""vin_2 col 0"": {""best"": ""current"", ""r2"": 0.00125, ""joint_modepi_current_soc_r2"": 0.00145, ""median_abs_diff_to_modepi"": 0.06669}, ""vin_2 col 1"": {""best"": ""cell median"", ""r2"": 0.76198, ""joint_modepi_current_soc_r2"": 0.9989, ""median_abs_diff_to_modepi"": 0.2233}, ""vin_3 col 0"": {""best"": ""current"", ""r2"": 0.8201, ""joint_modepi_current_soc_r2"": 0.89222, ""median_abs_diff_to_modepi"": 2.986}, ""vin_3 col 1"": {""best"": ""current"", ""r2"": 0.83222, ""joint_modepi_current_soc_r2"": 0.86455, ""median_abs_diff_to_modepi"": 3.379}}","{""0"": {""best"": ""temperature"", ""r2"": 1.0, ""constant_value"": null, ""nondecreasing_share"": 0.969}, ""1"": {""best"": ""pack SOC"", ""r2"": 1.0, ""constant_value"": null, ""nondecreasing_share"": 0.963}, ""2"": {""best"": ""constant"", ""r2"": NaN, ""constant_value"": 0.0, ""nondecreasing_share"": 1.0}, ""3"": {""best"": ""volt_modepi"", ""r2"": 0.99999, ""constant_value"": null, ""nondecreasing_share"": 0.687}, ""4"": {""best"": ""current"", ""r2"": 1.0, ""constant_value"": null, ""nondecreasing_share"": 0.834}, ""5"": {""best"": ""volt_modepi"", ""r2"": 1.0, ""constant_value"": null, ""nondecreasing_share"": 0.677}, ""6"": {""best"": ""vin_3 col 0 (next row)"", ""r2"": 0.99982, ""constant_value"": null, ""nondecreasing_share"": 0.62}}",0.837492907480734,0.8146141357841372,0.000805959182147653,5.105156530006991e-05,
QAS,296,34545,29126,True,"{""vin_2 col 0"": {""best"": ""current"", ""r2"": 0.20716, ""joint_modepi_current_soc_r2"": 0.20902, ""median_abs_diff_to_modepi"": 0.04237}, ""vin_2 col 1"": {""best"": ""cell min"", ""r2"": 0.71958, ""joint_modepi_current_soc_r2"": 0.99753, ""median_abs_diff_to_modepi"": 0.2282}, ""vin_3 col 0"": {""best"": ""current"", ""r2"": 0.4754, ""joint_modepi_current_soc_r2"": 0.74933, ""median_abs_diff_to_modepi"": 2.974}, ""vin_3 col 1"": {""best"": ""current"", ""r2"": 0.47217, ""joint_modepi_current_soc_r2"": 0.73231, ""median_abs_diff_to_modepi"": 3.063}}","{""0"": {""best"": ""temperature"", ""r2"": 1.0, ""constant_value"": null, ""nondecreasing_share"": 0.978}, ""1"": {""best"": ""pack SOC"", ""r2"": 1.0, ""constant_value"": null, ""nondecreasing_share"": 0.967}, ""2"": {""best"": ""constant"", ""r2"": NaN, ""constant_value"": 0.0, ""nondecreasing_share"": 1.0}, ""3"": {""best"": ""cell sum"", ""r2"": 0.99999, ""constant_value"": null, ""nondecreasing_share"": 0.662}, ""4"": {""best"": ""current"", ""r2"": 1.0, ""constant_value"": null, ""nondecreasing_share"": 0.837}, ""5"": {""best"": ""volt_modepi"", ""r2"": 1.0, ""constant_value"": null, ""nondecreasing_share"": 0.647}, ""6"": {""best"": ""vin_3 col 0 (next row)"", ""r2"": 0.99973, ""constant_value"": null, ""nondecreasing_share"": 0.669}}",0.9260586341663475,0.9304012769008589,0.000272127003918321,5.225460856819313e-05,
QAS,298,37042,32335,True,"{""vin_2 col 0"": {""best"": ""current"", ""r2"": 0.31074, ""joint_modepi_current_soc_r2"": 0.31267, ""median_abs_diff_to_modepi"": 0.04421}, ""vin_2 col 1"": {""best"": ""cell median"", ""r2"": 0.80097, ""joint_modepi_current_soc_r2"": 0.99799, ""median_abs_diff_to_modepi"": 0.1844}, ""vin_3 col 0"": {""best"": ""current"", ""r2"": 0.56486, ""joint_modepi_current_soc_r2"": 0.75874, ""median_abs_diff_to_modepi"": 2.981}, ""vin_3 col 1"": {""best"": ""current"", ""r2"": 0.56366, ""joint_modepi_current_soc_r2"": 0.73062, ""median_abs_diff_to_modepi"": 3.106}}","{""0"": {""best"": ""temperature"", ""r2"": 1.0, ""constant_value"": null, ""nondecreasing_share"": 0.972}, ""1"": {""best"": ""pack SOC"", ""r2"": 1.0, ""constant_value"": null, ""nondecreasing_share"": 0.96}, ""2"": {""best"": ""constant"", ""r2"": NaN, ""constant_value"": 0.0, ""nondecreasing_share"": 1.0}, ""3"": {""best"": ""cell sum"", ""r2"": 0.99999, ""constant_value"": null, ""nondecreasing_share"": 0.66}, ""4"": {""best"": ""current"", ""r2"": 1.0, ""constant_value"": null, ""nondecreasing_share"": 0.769}, ""5"": {""best"": ""volt_modepi"", ""r2"": 1.0, ""constant_value"": null, ""nondecreasing_share"": 0.648}, ""6"": {""best"": ""vin_3 col 0 (next row)"", ""r2"": 0.99972, ""constant_value"": null, ""nondecreasing_share"": 0.621}}",0.8888527171119271,0.7649710831971007,0.0002953588844438748,5.843769689428061e-05,
QAS,300,27240,24045,True,"{""vin_2 col 0"": {""best"": ""current"", ""r2"": 0.93796, ""joint_modepi_current_soc_r2"": 0.94424, ""median_abs_diff_to_modepi"": 0.03179}, ""vin_2 col 1"": {""best"": ""volt_modepi"", ""r2"": 0.72536, ""joint_modepi_current_soc_r2"": 0.99763, ""median_abs_diff_to_modepi"": 0.2394}, ""vin_3 col 0"": {""best"": ""current"", ""r2"": 0.36179, ""joint_modepi_current_soc_r2"": 0.40218, ""median_abs_diff_to_modepi"": 2.387}, ""vin_3 col 1"": {""best"": ""current"", ""r2"": 0.33505, ""joint_modepi_current_soc_r2"": 0.37373, ""median_abs_diff_to_modepi"": 2.372}}","{""0"": {""best"": ""temperature"", ""r2"": 1.0, ""constant_value"": null, ""nondecreasing_share"": 0.972}, ""1"": {""best"": ""pack SOC"", ""r2"": 1.0, ""constant_value"": null, ""nondecreasing_share"": 0.963}, ""2"": {""best"": ""constant"", ""r2"": NaN, ""constant_value"": 0.0, ""nondecreasing_share"": 1.0}, ""3"": {""best"": ""cell sum"", ""r2"": 0.99999, ""constant_value"": null, ""nondecreasing_share"": 0.67}, ""4"": {""best"": ""current"", ""r2"": 1.0, ""constant_value"": null, ""nondecreasing_share"": 0.749}, ""5"": {""best"": ""volt_modepi"", ""r2"": 1.0, ""constant_value"": null, ""nondecreasing_share"": 0.658}, ""6"": {""best"": ""vin_3 col 0 (next row)"", ""r2"": 0.99996, ""constant_value"": null, ""nondecreasing_share"": 0.537}}",0.9814403830857841,0.889444978624033,0.000910965404470998,0.00037118393993556154,
QAS,299,36513,33495,True,"{""vin_2 col 0"": {""best"": ""current"", ""r2"": 0.9315, ""joint_modepi_current_soc_r2"": 0.94317, ""median_abs_diff_to_modepi"": 0.02692}, ""vin_2 col 1"": {""best"": ""cell median"", ""r2"": 0.74182, ""joint_modepi_current_soc_r2"": 0.99739, ""median_abs_diff_to_modepi"": 0.2512}, ""vin_3 col 0"": {""best"": ""temperature"", ""r2"": 0.32949, ""joint_modepi_current_soc_r2"": 0.1569, ""median_abs_diff_to_modepi"": 2.393}, ""vin_3 col 1"": {""best"": ""temperature"", ""r2"": 0.32812, ""joint_modepi_current_soc_r2"": 0.14145, ""median_abs_diff_to_modepi"": 2.378}}","{""0"": {""best"": ""temperature"", ""r2"": 1.0, ""constant_value"": null, ""nondecreasing_share"": 0.973}, ""1"": {""best"": ""pack SOC"", ""r2"": 1.0, ""constant_value"": null, ""nondecreasing_share"": 0.971}, ""2"": {""best"": ""constant"", ""r2"": NaN, ""constant_value"": 0.0, ""nondecreasing_share"": 1.0}, ""3"": {""best"": ""cell sum"", ""r2"": 0.99998, ""constant_value"": null, ""nondecreasing_share"": 0.665}, ""4"": {""best"": ""current"", ""r2"": 1.0, ""constant_value"": null, ""nondecreasing_share"": 0.775}, ""5"": {""best"": ""volt_modepi"", ""r2"": 1.0, ""constant_value"": null, ""nondecreasing_share"": 0.654}, ""6"": {""best"": ""vin_3 col 0 (next row)"", ""r2"": 0.99998, ""constant_value"": null, ""nondecreasing_share"": 0.62}}",0.9376628002241307,0.8374276220553893,0.00047681703291679867,0.00010718086232600914,
QAS,301,37848,35136,True,"{""vin_2 col 0"": {""best"": ""cell min"", ""r2"": 0.00054, ""joint_modepi_current_soc_r2"": 0.001, ""median_abs_diff_to_modepi"": 0.05462}, ""vin_2 col 1"": {""best"": ""cell median"", ""r2"": 0.79918, ""joint_modepi_current_soc_r2"": 0.99861, ""median_abs_diff_to_modepi"": 0.2615}, ""vin_3 col 0"": {""best"": ""current"", ""r2"": 0.56403, ""joint_modepi_current_soc_r2"": 0.74315, ""median_abs_diff_to_modepi"": 2.984}, ""vin_3 col 1"": {""best"": ""current"", ""r2"": 0.57673, ""joint_modepi_current_soc_r2"": 0.69536, ""median_abs_diff_to_modepi"": 3.333}}","{""0"": {""best"": ""temperature"", ""r2"": 1.0, ""constant_value"": null, ""nondecreasing_share"": 0.978}, ""1"": {""best"": ""pack SOC"", ""r2"": 1.0, ""constant_value"": null, ""nondecreasing_share"": 0.948}, ""2"": {""best"": ""constant"", ""r2"": NaN, ""constant_value"": 0.0, ""nondecreasing_share"": 1.0}, ""3"": {""best"": ""cell sum"", ""r2"": 0.99999, ""constant_value"": null, ""nondecreasing_share"": 0.699}, ""4"": {""best"": ""current"", ""r2"": 1.0, ""constant_value"": null, ""nondecreasing_share"": 0.742}, ""5"": {""best"": ""volt_modepi"", ""r2"": 1.0, ""constant_value"": null, ""nondecreasing_share"": 0.69}, ""6"": {""best"": ""vin_3 col 0 (next row)"", ""r2"": 0.99974, ""constant_value"": null, ""nondecreasing_share"": 0.637}}",0.8042279332238941,0.644227937748814,0.0005168612252781646,5.690281818416836e-05,
QAS,302,34079,29756,True,"{""vin_2 col 0"": {""best"": ""current"", ""r2"": 0.98635, ""joint_modepi_current_soc_r2"": 0.991, ""median_abs_diff_to_modepi"": 0.05079}, ""vin_2 col 1"": {""best"": ""cell median"", ""r2"": 0.81627, ""joint_modepi_current_soc_r2"": 0.99777, ""median_abs_diff_to_modepi"": 0.1953}, ""vin_3 col 0"": {""best"": ""current"", ""r2"": 0.52618, ""joint_modepi_current_soc_r2"": 0.76433, ""median_abs_diff_to_modepi"": 2.984}, ""vin_3 col 1"": {""best"": ""current"", ""r2"": 0.53167, ""joint_modepi_current_soc_r2"": 0.74946, ""median_abs_diff_to_modepi"": 2.975}}","{""0"": {""best"": ""temperature"", ""r2"": 1.0, ""constant_value"": null, ""nondecreasing_share"": 0.977}, ""1"": {""best"": ""pack SOC"", ""r2"": 1.0, ""constant_value"": null, ""nondecreasing_share"": 0.966}, ""2"": {""best"": ""constant"", ""r2"": NaN, ""constant_value"": 0.0, ""nondecreasing_share"": 1.0}, ""3"": {""best"": ""cell sum"", ""r2"": 0.99999, ""constant_value"": null, ""nondecreasing_share"": 0.653}, ""4"": {""best"": ""current"", ""r2"": 1.0, ""constant_value"": null, ""nondecreasing_share"": 0.789}, ""5"": {""best"": ""volt_modepi"", ""r2"": 1.0, ""constant_value"": null, ""nondecreasing_share"": 0.642}, ""6"": {""best"": ""vin_3 col 0 (next row)"", ""r2"": 0.99973, ""constant_value"": null, ""nondecreasing_share"": 0.654}}",0.850108542178519,0.790882198975561,0.00028727953516294313,4.145565961063432e-05,
QAS,303,27595,24478,True,"{""vin_2 col 0"": {""best"": ""cell SOC mean"", ""r2"": 0.00021, ""joint_modepi_current_soc_r2"": 0.0001, ""median_abs_diff_to_modepi"": 0.02501}, ""vin_2 col 1"": {""best"": ""current"", ""r2"": 0.59385, ""joint_modepi_current_soc_r2"": 0.99851, ""median_abs_diff_to_modepi"": 0.219}, ""vin_3 col 0"": {""best"": ""current"", ""r2"": 0.74408, ""joint_modepi_current_soc_r2"": 0.7681, ""median_abs_diff_to_modepi"": 2.372}, ""vin_3 col 1"": {""best"": ""current"", ""r2"": 0.72434, ""joint_modepi_current_soc_r2"": 0.74807, ""median_abs_diff_to_modepi"": 2.358}}","{""0"": {""best"": ""temperature"", ""r2"": 1.0, ""constant_value"": null, ""nondecreasing_share"": 0.976}, ""1"": {""best"": ""pack SOC"", ""r2"": 1.0, ""constant_value"": null, ""nondecreasing_share"": 0.888}, ""2"": {""best"": ""constant"", ""r2"": NaN, ""constant_value"": 0.0, ""nondecreasing_share"": 1.0}, ""3"": {""best"": ""cell sum"", ""r2"": 0.99999, ""constant_value"": null, ""nondecreasing_share"": 0.593}, ""4"": {""best"": ""current"", ""r2"": 1.0, ""constant_value"": null, ""nondecreasing_share"": 0.646}, ""5"": {""best"": ""volt_modepi"", ""r2"": 1.0, ""constant_value"": null, ""nondecreasing_share"": 0.587}, ""6"": {""best"": ""vin_3 col 0 (next row)"", ""r2"": 0.99958, ""constant_value"": null, ""nondecreasing_share"": 0.426}}",0.9477225333783805,0.8595599941026705,0.00043530846302664017,0.0003423451662028245,
QAS,304,29983,27391,True,"{""vin_2 col 0"": {""best"": ""current"", ""r2"": 0.01644, ""joint_modepi_current_soc_r2"": 0.01758, ""median_abs_diff_to_modepi"": 0.0328}, ""vin_2 col 1"": {""best"": ""cell median"", ""r2"": 0.67028, ""joint_modepi_current_soc_r2"": 0.99842, ""median_abs_diff_to_modepi"": 0.2433}, ""vin_3 col 0"": {""best"": ""current"", ""r2"": 0.33811, ""joint_modepi_current_soc_r2"": 0.41724, ""median_abs_diff_to_modepi"": 2.383}, ""vin_3 col 1"": {""best"": ""current"", ""r2"": 0.30753, ""joint_modepi_current_soc_r2"": 0.38529, ""median_abs_diff_to_modepi"": 2.393}}","{""0"": {""best"": ""temperature"", ""r2"": 1.0, ""constant_value"": null, ""nondecreasing_share"": 0.972}, ""1"": {""best"": ""pack SOC"", ""r2"": 1.0, ""constant_value"": null, ""nondecreasing_share"": 0.949}, ""2"": {""best"": ""constant"", ""r2"": NaN, ""constant_value"": 0.0, ""nondecreasing_share"": 1.0}, ""3"": {""best"": ""cell sum"", ""r2"": 0.99999, ""constant_value"": null, ""nondecreasing_share"": 0.642}, ""4"": {""best"": ""current"", ""r2"": 1.0, ""constant_value"": null, ""nondecreasing_share"": 0.814}, ""5"": {""best"": ""volt_modepi"", ""r2"": 1.0, ""constant_value"": null, ""nondecreasing_share"": 0.631}, ""6"": {""best"": ""vin_3 col 0 (next row)"", ""r2"": 0.99996, ""constant_value"": null, ""nondecreasing_share"": 0.545}}",0.9448355422256552,0.8653251908842845,0.00042926360804629304,0.00018645650366723709,
QAS,297,75754,67963,True,"{""vin_2 col 0"": {""best"": ""current"", ""r2"": 0.0006, ""joint_modepi_current_soc_r2"": 0.00068, ""median_abs_diff_to_modepi"": 0.04975}, ""vin_2 col 1"": {""best"": ""cell median"", ""r2"": 0.7262, ""joint_modepi_current_soc_r2"": 0.99871, ""median_abs_diff_to_modepi"": 0.1782}, ""vin_3 col 0"": {""best"": ""current"", ""r2"": 0.85375, ""joint_modepi_current_soc_r2"": 0.90557, ""median_abs_diff_to_modepi"": 2.957}, ""vin_3 col 1"": {""best"": ""current"", ""r2"": 0.86349, ""joint_modepi_current_soc_r2"": 0.88797, ""median_abs_diff_to_modepi"": 3.373}}","{""0"": {""best"": ""temperature"", ""r2"": 1.0, ""constant_value"": null, ""nondecreasing_share"": 0.975}, ""1"": {""best"": ""pack SOC"", ""r2"": 1.0, ""constant_value"": null, ""nondecreasing_share"": 0.951}, ""2"": {""best"": ""constant"", ""r2"": NaN, ""constant_value"": 0.0, ""nondecreasing_share"": 1.0}, ""3"": {""best"": ""cell sum"", ""r2"": 0.99997, ""constant_value"": null, ""nondecreasing_share"": 0.671}, ""4"": {""best"": ""current"", ""r2"": 1.0, ""constant_value"": null, ""nondecreasing_share"": 0.776}, ""5"": {""best"": ""volt_modepi"", ""r2"": 1.0, ""constant_value"": null, ""nondecreasing_share"": 0.662}, ""6"": {""best"": ""vin_3 col 0 (next row)"", ""r2"": 0.99749, ""constant_value"": null, ""nondecreasing_share"": 0.529}}",0.6658898453944901,0.5036674937318999,0.0009692196292130362,0.0001052978354517027,
QAS,307,27812,24930,True,"{""vin_2 col 0"": {""best"": ""current"", ""r2"": 0.00364, ""joint_modepi_current_soc_r2"": 0.00371, ""median_abs_diff_to_modepi"": 0.02694}, ""vin_2 col 1"": {""best"": ""cell median"", ""r2"": 0.73458, ""joint_modepi_current_soc_r2"": 0.99857, ""median_abs_diff_to_modepi"": 0.2525}, ""vin_3 col 0"": {""best"": ""current"", ""r2"": 0.34256, ""joint_modepi_current_soc_r2"": 0.34772, ""median_abs_diff_to_modepi"": 2.378}, ""vin_3 col 1"": {""best"": ""current"", ""r2"": 0.33694, ""joint_modepi_current_soc_r2"": 0.3391, ""median_abs_diff_to_modepi"": 2.347}}","{""0"": {""best"": ""temperature"", ""r2"": 1.0, ""constant_value"": null, ""nondecreasing_share"": 0.971}, ""1"": {""best"": ""pack SOC"", ""r2"": 1.0, ""constant_value"": null, ""nondecreasing_share"": 0.976}, ""2"": {""best"": ""constant"", ""r2"": NaN, ""constant_value"": 0.0, ""nondecreasing_share"": 1.0}, ""3"": {""best"": ""cell sum"", ""r2"": 0.99999, ""constant_value"": null, ""nondecreasing_share"": 0.679}, ""4"": {""best"": ""current"", ""r2"": 1.0, ""constant_value"": null, ""nondecreasing_share"": 0.837}, ""5"": {""best"": ""volt_modepi"", ""r2"": 1.0, ""constant_value"": null, ""nondecreasing_share"": 0.669}, ""6"": {""best"": ""vin_3 col 0 (next row)"", ""r2"": 0.99997, ""constant_value"": null, ""nondecreasing_share"": 0.529}}",0.9957559224233252,0.958941504143505,0.0014309622639538944,0.0005820261178521289,
QAS,306,38678,35820,True,"{""vin_2 col 0"": {""best"": ""current"", ""r2"": 0.00714, ""joint_modepi_current_soc_r2"": 0.00716, ""median_abs_diff_to_modepi"": 0.02807}, ""vin_2 col 1"": {""best"": ""volt_modepi"", ""r2"": 0.71581, ""joint_modepi_current_soc_r2"": 0.99846, ""median_abs_diff_to_modepi"": 0.2076}, ""vin_3 col 0"": {""best"": ""current"", ""r2"": 0.71875, ""joint_modepi_current_soc_r2"": 0.75058, ""median_abs_diff_to_modepi"": 2.375}, ""vin_3 col 1"": {""best"": ""current"", ""r2"": 0.71059, ""joint_modepi_current_soc_r2"": 0.74756, ""median_abs_diff_to_modepi"": 2.342}}","{""0"": {""best"": ""temperature"", ""r2"": 1.0, ""constant_value"": null, ""nondecreasing_share"": 0.978}, ""1"": {""best"": ""pack SOC"", ""r2"": 1.0, ""constant_value"": null, ""nondecreasing_share"": 0.964}, ""2"": {""best"": ""constant"", ""r2"": NaN, ""constant_value"": 0.0, ""nondecreasing_share"": 1.0}, ""3"": {""best"": ""volt_modepi"", ""r2"": 0.99999, ""constant_value"": null, ""nondecreasing_share"": 0.624}, ""4"": {""best"": ""current"", ""r2"": 1.0, ""constant_value"": null, ""nondecreasing_share"": 0.763}, ""5"": {""best"": ""volt_modepi"", ""r2"": 1.0, ""constant_value"": null, ""nondecreasing_share"": 0.616}, ""6"": {""best"": ""vin_3 col 0 (next row)"", ""r2"": 0.99996, ""constant_value"": null, ""nondecreasing_share"": 0.504}}",0.6923762945402098,0.13576756087315528,0.001854384870636494,0.0008390972274837823,
QAS,308,31991,28078,True,"{""vin_2 col 0"": {""best"": ""current"", ""r2"": 0.00239, ""joint_modepi_current_soc_r2"": 0.00247, ""median_abs_diff_to_modepi"": 0.06829}, ""vin_2 col 1"": {""best"": ""cell median"", ""r2"": 0.75981, ""joint_modepi_current_soc_r2"": 0.997, ""median_abs_diff_to_modepi"": 0.2358}, ""vin_3 col 0"": {""best"": ""current"", ""r2"": 0.52529, ""joint_modepi_current_soc_r2"": 0.61922, ""median_abs_diff_to_modepi"": 2.986}, ""vin_3 col 1"": {""best"": ""current"", ""r2"": 0.59447, ""joint_modepi_current_soc_r2"": 0.6036, ""median_abs_diff_to_modepi"": 2.962}}","{""0"": {""best"": ""temperature"", ""r2"": 1.0, ""constant_value"": null, ""nondecreasing_share"": 0.975}, ""1"": {""best"": ""pack SOC"", ""r2"": 1.0, ""constant_value"": null, ""nondecreasing_share"": 0.968}, ""2"": {""best"": ""constant"", ""r2"": NaN, ""constant_value"": 0.0, ""nondecreasing_share"": 1.0}, ""3"": {""best"": ""cell sum"", ""r2"": 0.99998, ""constant_value"": null, ""nondecreasing_share"": 0.664}, ""4"": {""best"": ""current"", ""r2"": 1.0, ""constant_value"": null, ""nondecreasing_share"": 0.796}, ""5"": {""best"": ""volt_modepi"", ""r2"": 1.0, ""constant_value"": null, ""nondecreasing_share"": 0.654}, ""6"": {""best"": ""vin_3 col 0 (next row)"", ""r2"": 0.99979, ""constant_value"": null, ""nondecreasing_share"": 0.61}}",0.7647494447578911,0.753633752493363,0.0005224486693267139,3.444511949682763e-05,
QAS,310,28750,25027,True,"{""vin_2 col 0"": {""best"": ""cell SOC mean"", ""r2"": 0.00022, ""joint_modepi_current_soc_r2"": 0.00031, ""median_abs_diff_to_modepi"": 0.02668}, ""vin_2 col 1"": {""best"": ""cell median"", ""r2"": 0.68299, ""joint_modepi_current_soc_r2"": 0.99822, ""median_abs_diff_to_modepi"": 0.2348}, ""vin_3 col 0"": {""best"": ""current"", ""r2"": 0.268, ""joint_modepi_current_soc_r2"": 0.31535, ""median_abs_diff_to_modepi"": 2.397}, ""vin_3 col 1"": {""best"": ""current"", ""r2"": 0.25, ""joint_modepi_current_soc_r2"": 0.29636, ""median_abs_diff_to_modepi"": 2.38}}","{""0"": {""best"": ""temperature"", ""r2"": 1.0, ""constant_value"": null, ""nondecreasing_share"": 0.97}, ""1"": {""best"": ""pack SOC"", ""r2"": 1.0, ""constant_value"": null, ""nondecreasing_share"": 0.969}, ""2"": {""best"": ""constant"", ""r2"": NaN, ""constant_value"": 0.0, ""nondecreasing_share"": 1.0}, ""3"": {""best"": ""cell sum"", ""r2"": 0.99999, ""constant_value"": null, ""nondecreasing_share"": 0.656}, ""4"": {""best"": ""current"", ""r2"": 1.0, ""constant_value"": null, ""nondecreasing_share"": 0.811}, ""5"": {""best"": ""volt_modepi"", ""r2"": 1.0, ""constant_value"": null, ""nondecreasing_share"": 0.644}, ""6"": {""best"": ""vin_3 col 0 (next row)"", ""r2"": 0.99997, ""constant_value"": null, ""nondecreasing_share"": 0.635}}",0.9736809549034644,0.8265961121411777,0.0005763485095111598,0.00023983265968224664,
QAS,309,32965,29955,True,"{""vin_2 col 0"": {""best"": ""current"", ""r2"": 0.98608, ""joint_modepi_current_soc_r2"": 0.991, ""median_abs_diff_to_modepi"": 0.03024}, ""vin_2 col 1"": {""best"": ""cell median"", ""r2"": 0.71988, ""joint_modepi_current_soc_r2"": 0.9985, ""median_abs_diff_to_modepi"": 0.2}, ""vin_3 col 0"": {""best"": ""current"", ""r2"": 0.78642, ""joint_modepi_current_soc_r2"": 0.79694, ""median_abs_diff_to_modepi"": 2.38}, ""vin_3 col 1"": {""best"": ""current"", ""r2"": 0.76419, ""joint_modepi_current_soc_r2"": 0.77866, ""median_abs_diff_to_modepi"": 2.365}}","{""0"": {""best"": ""temperature"", ""r2"": 1.0, ""constant_value"": null, ""nondecreasing_share"": 0.975}, ""1"": {""best"": ""pack SOC"", ""r2"": 1.0, ""constant_value"": null, ""nondecreasing_share"": 0.952}, ""2"": {""best"": ""constant"", ""r2"": NaN, ""constant_value"": 0.0, ""nondecreasing_share"": 1.0}, ""3"": {""best"": ""cell sum"", ""r2"": 0.99999, ""constant_value"": null, ""nondecreasing_share"": 0.647}, ""4"": {""best"": ""current"", ""r2"": 1.0, ""constant_value"": null, ""nondecreasing_share"": 0.75}, ""5"": {""best"": ""volt_modepi"", ""r2"": 1.0, ""constant_value"": null, ""nondecreasing_share"": 0.637}, ""6"": {""best"": ""vin_3 col 0 (next row)"", ""r2"": 0.99997, ""constant_value"": null, ""nondecreasing_share"": 0.533}}",0.9645060693315523,0.6448556617300782,0.0008584827945248286,0.00024067211757816058,
QAS,305,70348,63781,True,"{""vin_2 col 0"": {""best"": ""current"", ""r2"": 0.93804, ""joint_modepi_current_soc_r2"": 0.95624, ""median_abs_diff_to_modepi"": 0.02059}, ""vin_2 col 1"": {""best"": ""volt_modepi"", ""r2"": 0.73346, ""joint_modepi_current_soc_r2"": 0.99733, ""median_abs_diff_to_modepi"": 0.2417}, ""vin_3 col 0"": {""best"": ""current"", ""r2"": 0.21314, ""joint_modepi_current_soc_r2"": 0.34536, ""median_abs_diff_to_modepi"": 2.376}, ""vin_3 col 1"": {""best"": ""current"", ""r2"": 0.18996, ""joint_modepi_current_soc_r2"": 0.32204, ""median_abs_diff_to_modepi"": 2.367}}","{""0"": {""best"": ""temperature"", ""r2"": 1.0, ""constant_value"": null, ""nondecreasing_share"": 0.975}, ""1"": {""best"": ""pack SOC"", ""r2"": 1.0, ""constant_value"": null, ""nondecreasing_share"": 0.97}, ""2"": {""best"": ""constant"", ""r2"": NaN, ""constant_value"": 0.0, ""nondecreasing_share"": 1.0}, ""3"": {""best"": ""cell sum"", ""r2"": 0.99999, ""constant_value"": null, ""nondecreasing_share"": 0.676}, ""4"": {""best"": ""current"", ""r2"": 1.0, ""constant_value"": null, ""nondecreasing_share"": 0.866}, ""5"": {""best"": ""volt_modepi"", ""r2"": 1.0, ""constant_value"": null, ""nondecreasing_share"": 0.663}, ""6"": {""best"": ""vin_3 col 0 (next row)"", ""r2"": 0.99998, ""constant_value"": null, ""nondecreasing_share"": 0.61}}",0.9944232338098218,0.9232766373691523,0.0006381151450027822,0.00019907814376365386,
QAS,312,30938,27891,True,"{""vin_2 col 0"": {""best"": ""current"", ""r2"": 0.00179, ""joint_modepi_current_soc_r2"": 0.00184, ""median_abs_diff_to_modepi"": 0.03214}, ""vin_2 col 1"": {""best"": ""volt_modepi"", ""r2"": 0.59925, ""joint_modepi_current_soc_r2"": 0.99841, ""median_abs_diff_to_modepi"": 0.3428}, ""vin_3 col 0"": {""best"": ""current"", ""r2"": 0.32955, ""joint_modepi_current_soc_r2"": 0.42847, ""median_abs_diff_to_modepi"": 2.386}, ""vin_3 col 1"": {""best"": ""current"", ""r2"": 0.33711, ""joint_modepi_current_soc_r2"": 0.41807, ""median_abs_diff_to_modepi"": 2.339}}","{""0"": {""best"": ""temperature"", ""r2"": 1.0, ""constant_value"": null, ""nondecreasing_share"": 0.971}, ""1"": {""best"": ""pack SOC"", ""r2"": 1.0, ""constant_value"": null, ""nondecreasing_share"": 0.962}, ""2"": {""best"": ""constant"", ""r2"": NaN, ""constant_value"": 0.0, ""nondecreasing_share"": 1.0}, ""3"": {""best"": ""cell sum"", ""r2"": 0.99998, ""constant_value"": null, ""nondecreasing_share"": 0.654}, ""4"": {""best"": ""current"", ""r2"": 1.0, ""constant_value"": null, ""nondecreasing_share"": 0.778}, ""5"": {""best"": ""volt_modepi"", ""r2"": 1.0, ""constant_value"": null, ""nondecreasing_share"": 0.645}, ""6"": {""best"": ""vin_3 col 0 (next row)"", ""r2"": 0.99997, ""constant_value"": null, ""nondecreasing_share"": 0.525}}",0.9771518400197596,0.8928061944490644,0.0006081245349882636,0.0003309667039113616,
QAS,313,29280,26430,True,"{""vin_2 col 0"": {""best"": ""current"", ""r2"": 0.9927, ""joint_modepi_current_soc_r2"": 0.99404, ""median_abs_diff_to_modepi"": 0.03789}, ""vin_2 col 1"": {""best"": ""volt_modepi"", ""r2"": 0.68006, ""joint_modepi_current_soc_r2"": 0.99749, ""median_abs_diff_to_modepi"": 0.1811}, ""vin_3 col 0"": {""best"": ""current"", ""r2"": 0.67594, ""joint_modepi_current_soc_r2"": 0.76161, ""median_abs_diff_to_modepi"": 2.944}, ""vin_3 col 1"": {""best"": ""current"", ""r2"": 0.65029, ""joint_modepi_current_soc_r2"": 0.72628, ""median_abs_diff_to_modepi"": 2.962}}","{""0"": {""best"": ""temperature"", ""r2"": 1.0, ""constant_value"": null, ""nondecreasing_share"": 0.975}, ""1"": {""best"": ""pack SOC"", ""r2"": 1.0, ""constant_value"": null, ""nondecreasing_share"": 0.974}, ""2"": {""best"": ""constant"", ""r2"": NaN, ""constant_value"": 0.0, ""nondecreasing_share"": 1.0}, ""3"": {""best"": ""cell sum"", ""r2"": 0.99999, ""constant_value"": null, ""nondecreasing_share"": 0.657}, ""4"": {""best"": ""current"", ""r2"": 1.0, ""constant_value"": null, ""nondecreasing_share"": 0.729}, ""5"": {""best"": ""volt_modepi"", ""r2"": 1.0, ""constant_value"": null, ""nondecreasing_share"": 0.647}, ""6"": {""best"": ""vin_3 col 0 (next row)"", ""r2"": 0.99975, ""constant_value"": null, ""nondecreasing_share"": 0.593}}",0.9412304461999963,0.9172702636924279,0.0005186474883376313,3.735066976600342e-05,
QAS,311,47356,42624,True,"{""vin_2 col 0"": {""best"": ""current"", ""r2"": 0.0011, ""joint_modepi_current_soc_r2"": 0.00117, ""median_abs_diff_to_modepi"": 0.0439}, ""vin_2 col 1"": {""best"": ""cell median"", ""r2"": 0.72733, ""joint_modepi_current_soc_r2"": 0.99813, ""median_abs_diff_to_modepi"": 0.2398}, ""vin_3 col 0"": {""best"": ""temperature"", ""r2"": 0.17218, ""joint_modepi_current_soc_r2"": 0.14308, ""median_abs_diff_to_modepi"": 2.954}, ""vin_3 col 1"": {""best"": ""temperature"", ""r2"": 0.17386, ""joint_modepi_current_soc_r2"": 0.14453, ""median_abs_diff_to_modepi"": 2.941}}","{""0"": {""best"": ""temperature"", ""r2"": 1.0, ""constant_value"": null, ""nondecreasing_share"": 0.972}, ""1"": {""best"": ""pack SOC"", ""r2"": 1.0, ""constant_value"": null, ""nondecreasing_share"": 0.949}, ""2"": {""best"": ""constant"", ""r2"": NaN, ""constant_value"": 0.0, ""nondecreasing_share"": 1.0}, ""3"": {""best"": ""cell sum"", ""r2"": 0.99996, ""constant_value"": null, ""nondecreasing_share"": 0.685}, ""4"": {""best"": ""current"", ""r2"": 1.0, ""constant_value"": null, ""nondecreasing_share"": 0.772}, ""5"": {""best"": ""volt_modepi"", ""r2"": 1.0, ""constant_value"": null, ""nondecreasing_share"": 0.676}, ""6"": {""best"": ""vin_3 col 0 (next row)"", ""r2"": 0.99996, ""constant_value"": null, ""nondecreasing_share"": 0.635}}",0.9107528368581305,0.8132955362380718,0.0007557925991541481,9.988923017433373e-05,
QAS,314,36102,32245,True,"{""vin_2 col 0"": {""best"": ""current"", ""r2"": 0.96723, ""joint_modepi_current_soc_r2"": 0.9769, ""median_abs_diff_to_modepi"": 0.01994}, ""vin_2 col 1"": {""best"": ""cell median"", ""r2"": 0.71208, ""joint_modepi_current_soc_r2"": 0.99784, ""median_abs_diff_to_modepi"": 0.2223}, ""vin_3 col 0"": {""best"": ""current"", ""r2"": 0.47726, ""joint_modepi_current_soc_r2"": 0.48984, ""median_abs_diff_to_modepi"": 2.373}, ""vin_3 col 1"": {""best"": ""current"", ""r2"": 0.44645, ""joint_modepi_current_soc_r2"": 0.45955, ""median_abs_diff_to_modepi"": 2.359}}","{""0"": {""best"": ""temperature"", ""r2"": 1.0, ""constant_value"": null, ""nondecreasing_share"": 0.975}, ""1"": {""best"": ""pack SOC"", ""r2"": 1.0, ""constant_value"": null, ""nondecreasing_share"": 0.971}, ""2"": {""best"": ""constant"", ""r2"": NaN, ""constant_value"": 0.0, ""nondecreasing_share"": 1.0}, ""3"": {""best"": ""cell sum"", ""r2"": 0.99999, ""constant_value"": null, ""nondecreasing_share"": 0.645}, ""4"": {""best"": ""current"", ""r2"": 1.0, ""constant_value"": null, ""nondecreasing_share"": 0.773}, ""5"": {""best"": ""volt_modepi"", ""r2"": 1.0, ""constant_value"": null, ""nondecreasing_share"": 0.633}, ""6"": {""best"": ""vin_3 col 0 (next row)"", ""r2"": 0.99996, ""constant_value"": null, ""nondecreasing_share"": 0.57}}",0.9963528960936222,0.9776213590274325,0.00040821455049089295,0.00014324183984600243,
QAS,315,36515,33326,True,"{""vin_2 col 0"": {""best"": ""current"", ""r2"": 0.00236, ""joint_modepi_current_soc_r2"": 0.00238, ""median_abs_diff_to_modepi"": 0.04996}, ""vin_2 col 1"": {""best"": ""cell mean"", ""r2"": 0.81299, ""joint_modepi_current_soc_r2"": 0.9983, ""median_abs_diff_to_modepi"": 0.2301}, ""vin_3 col 0"": {""best"": ""pack SOC"", ""r2"": 0.31703, ""joint_modepi_current_soc_r2"": 0.71793, ""median_abs_diff_to_modepi"": 2.994}, ""vin_3 col 1"": {""best"": ""current"", ""r2"": 0.31983, ""joint_modepi_current_soc_r2"": 0.6589, ""median_abs_diff_to_modepi"": 3.012}}","{""0"": {""best"": ""temperature"", ""r2"": 1.0, ""constant_value"": null, ""nondecreasing_share"": 0.978}, ""1"": {""best"": ""pack SOC"", ""r2"": 1.0, ""constant_value"": null, ""nondecreasing_share"": 0.967}, ""2"": {""best"": ""constant"", ""r2"": NaN, ""constant_value"": 0.0, ""nondecreasing_share"": 1.0}, ""3"": {""best"": ""cell sum"", ""r2"": 0.99999, ""constant_value"": null, ""nondecreasing_share"": 0.66}, ""4"": {""best"": ""current"", ""r2"": 1.0, ""constant_value"": null, ""nondecreasing_share"": 0.801}, ""5"": {""best"": ""volt_modepi"", ""r2"": 1.0, ""constant_value"": null, ""nondecreasing_share"": 0.647}, ""6"": {""best"": ""vin_3 col 0 (next row)"", ""r2"": 0.99979, ""constant_value"": null, ""nondecreasing_share"": 0.641}}",0.9075467304871174,0.9205799902613225,0.0002905781148530018,4.4513201057652256e-05,
QAS,316,33953,29999,True,"{""vin_2 col 0"": {""best"": ""current"", ""r2"": 0.35531, ""joint_modepi_current_soc_r2"": 0.35629, ""median_abs_diff_to_modepi"": 0.04407}, ""vin_2 col 1"": {""best"": ""cell median"", ""r2"": 0.78182, ""joint_modepi_current_soc_r2"": 0.99808, ""median_abs_diff_to_modepi"": 0.2033}, ""vin_3 col 0"": {""best"": ""current"", ""r2"": 0.71355, ""joint_modepi_current_soc_r2"": 0.83585, ""median_abs_diff_to_modepi"": 2.965}, ""vin_3 col 1"": {""best"": ""current"", ""r2"": 0.71515, ""joint_modepi_current_soc_r2"": 0.8142, ""median_abs_diff_to_modepi"": 3.089}}","{""0"": {""best"": ""temperature"", ""r2"": 1.0, ""constant_value"": null, ""nondecreasing_share"": 0.977}, ""1"": {""best"": ""pack SOC"", ""r2"": 1.0, ""constant_value"": null, ""nondecreasing_share"": 0.961}, ""2"": {""best"": ""constant"", ""r2"": NaN, ""constant_value"": 0.0, ""nondecreasing_share"": 1.0}, ""3"": {""best"": ""cell sum"", ""r2"": 0.99998, ""constant_value"": null, ""nondecreasing_share"": 0.67}, ""4"": {""best"": ""current"", ""r2"": 1.0, ""constant_value"": null, ""nondecreasing_share"": 0.766}, ""5"": {""best"": ""volt_modepi"", ""r2"": 1.0, ""constant_value"": null, ""nondecreasing_share"": 0.66}, ""6"": {""best"": ""vin_3 col 0 (next row)"", ""r2"": 0.99976, ""constant_value"": null, ""nondecreasing_share"": 0.649}}",0.8354152227439808,0.697845475365908,0.000448314289411611,4.6312595971296645e-05,
QAS,317,35878,32688,True,"{""vin_2 col 0"": {""best"": ""current"", ""r2"": 0.98726, ""joint_modepi_current_soc_r2"": 0.99015, ""median_abs_diff_to_modepi"": 0.06485}, ""vin_2 col 1"": {""best"": ""cell median"", ""r2"": 0.79404, ""joint_modepi_current_soc_r2"": 0.99747, ""median_abs_diff_to_modepi"": 0.1918}, ""vin_3 col 0"": {""best"": ""current"", ""r2"": 0.67861, ""joint_modepi_current_soc_r2"": 0.7785, ""median_abs_diff_to_modepi"": 2.981}, ""vin_3 col 1"": {""best"": ""current"", ""r2"": 0.71068, ""joint_modepi_current_soc_r2"": 0.74096, ""median_abs_diff_to_modepi"": 2.994}}","{""0"": {""best"": ""temperature"", ""r2"": 1.0, ""constant_value"": null, ""nondecreasing_share"": 0.974}, ""1"": {""best"": ""pack SOC"", ""r2"": 1.0, ""constant_value"": null, ""nondecreasing_share"": 0.969}, ""2"": {""best"": ""constant"", ""r2"": NaN, ""constant_value"": 0.0, ""nondecreasing_share"": 1.0}, ""3"": {""best"": ""cell sum"", ""r2"": 0.99998, ""constant_value"": null, ""nondecreasing_share"": 0.654}, ""4"": {""best"": ""current"", ""r2"": 1.0, ""constant_value"": null, ""nondecreasing_share"": 0.795}, ""5"": {""best"": ""volt_modepi"", ""r2"": 1.0, ""constant_value"": null, ""nondecreasing_share"": 0.642}, ""6"": {""best"": ""vin_3 col 0 (next row)"", ""r2"": 0.99976, ""constant_value"": null, ""nondecreasing_share"": 0.561}}",0.7842034440751411,0.6971437966592968,0.0005459724862790782,3.909680932727335e-05,
QAS,318,31967,29315,True,"{""vin_2 col 0"": {""best"": ""current"", ""r2"": 0.00205, ""joint_modepi_current_soc_r2"": 0.00228, ""median_abs_diff_to_modepi"": 0.04411}, ""vin_2 col 1"": {""best"": ""cell median"", ""r2"": 0.81154, ""joint_modepi_current_soc_r2"": 0.9977, ""median_abs_diff_to_modepi"": 0.1595}, ""vin_3 col 0"": {""best"": ""current"", ""r2"": 0.63009, ""joint_modepi_current_soc_r2"": 0.80087, ""median_abs_diff_to_modepi"": 2.975}, ""vin_3 col 1"": {""best"": ""current"", ""r2"": 0.63941, ""joint_modepi_current_soc_r2"": 0.77163, ""median_abs_diff_to_modepi"": 3.145}}","{""0"": {""best"": ""temperature"", ""r2"": 1.0, ""constant_value"": null, ""nondecreasing_share"": 0.974}, ""1"": {""best"": ""pack SOC"", ""r2"": 1.0, ""constant_value"": null, ""nondecreasing_share"": 0.972}, ""2"": {""best"": ""constant"", ""r2"": NaN, ""constant_value"": 0.0, ""nondecreasing_share"": 1.0}, ""3"": {""best"": ""volt_modepi"", ""r2"": 0.99999, ""constant_value"": null, ""nondecreasing_share"": 0.643}, ""4"": {""best"": ""current"", ""r2"": 1.0, ""constant_value"": null, ""nondecreasing_share"": 0.782}, ""5"": {""best"": ""volt_modepi"", ""r2"": 1.0, ""constant_value"": null, ""nondecreasing_share"": 0.629}, ""6"": {""best"": ""vin_3 col 0 (next row)"", ""r2"": 0.99685, ""constant_value"": null, ""nondecreasing_share"": 0.585}}",0.8499689894404766,0.6293797711791604,0.0004015169175251021,3.492793883497214e-05,
QAS,319,30777,24964,True,"{""vin_2 col 0"": {""best"": ""current"", ""r2"": 0.10318, ""joint_modepi_current_soc_r2"": 0.10481, ""median_abs_diff_to_modepi"": 0.02737}, ""vin_2 col 1"": {""best"": ""cell median"", ""r2"": 0.74268, ""joint_modepi_current_soc_r2"": 0.99831, ""median_abs_diff_to_modepi"": 0.2135}, ""vin_3 col 0"": {""best"": ""current"", ""r2"": 0.29597, ""joint_modepi_current_soc_r2"": 0.37632, ""median_abs_diff_to_modepi"": 2.389}, ""vin_3 col 1"": {""best"": ""current"", ""r2"": 0.26532, ""joint_modepi_current_soc_r2"": 0.34419, ""median_abs_diff_to_modepi"": 2.382}}","{""0"": {""best"": ""temperature"", ""r2"": 1.0, ""constant_value"": null, ""nondecreasing_share"": 0.975}, ""1"": {""best"": ""pack SOC"", ""r2"": 1.0, ""constant_value"": null, ""nondecreasing_share"": 0.969}, ""2"": {""best"": ""constant"", ""r2"": NaN, ""constant_value"": 0.0, ""nondecreasing_share"": 1.0}, ""3"": {""best"": ""cell sum"", ""r2"": 0.99999, ""constant_value"": null, ""nondecreasing_share"": 0.683}, ""4"": {""best"": ""current"", ""r2"": 1.0, ""constant_value"": null, ""nondecreasing_share"": 0.851}, ""5"": {""best"": ""volt_modepi"", ""r2"": 1.0, ""constant_value"": null, ""nondecreasing_share"": 0.668}, ""6"": {""best"": ""vin_3 col 0 (next row)"", ""r2"": 0.99985, ""constant_value"": null, ""nondecreasing_share"": 0.671}}",0.9736713866456044,0.9029578100850986,0.0004666707785538904,0.00017687515928306016,
QAS,320,29622,26001,True,"{""vin_2 col 0"": {""best"": ""current"", ""r2"": 0.56355, ""joint_modepi_current_soc_r2"": 0.5653, ""median_abs_diff_to_modepi"": 0.04963}, ""vin_2 col 1"": {""best"": ""volt_modepi"", ""r2"": 0.82637, ""joint_modepi_current_soc_r2"": 0.9972, ""median_abs_diff_to_modepi"": 0.1726}, ""vin_3 col 0"": {""best"": ""current"", ""r2"": 0.71959, ""joint_modepi_current_soc_r2"": 0.76742, ""median_abs_diff_to_modepi"": 2.967}, ""vin_3 col 1"": {""best"": ""current"", ""r2"": 0.69297, ""joint_modepi_current_soc_r2"": 0.71179, ""median_abs_diff_to_modepi"": 2.993}}","{""0"": {""best"": ""temperature"", ""r2"": 1.0, ""constant_value"": null, ""nondecreasing_share"": 0.976}, ""1"": {""best"": ""pack SOC"", ""r2"": 1.0, ""constant_value"": null, ""nondecreasing_share"": 0.959}, ""2"": {""best"": ""constant"", ""r2"": NaN, ""constant_value"": 0.0, ""nondecreasing_share"": 1.0}, ""3"": {""best"": ""cell sum"", ""r2"": 0.99999, ""constant_value"": null, ""nondecreasing_share"": 0.682}, ""4"": {""best"": ""current"", ""r2"": 1.0, ""constant_value"": null, ""nondecreasing_share"": 0.771}, ""5"": {""best"": ""volt_modepi"", ""r2"": 1.0, ""constant_value"": null, ""nondecreasing_share"": 0.671}, ""6"": {""best"": ""vin_3 col 0 (next row)"", ""r2"": 0.99976, ""constant_value"": null, ""nondecreasing_share"": 0.673}}",0.8203553359486926,0.8309245554398161,0.0007675852604351885,4.230842061040625e-05,
QAS,322,27374,24296,True,"{""vin_2 col 0"": {""best"": ""current"", ""r2"": 0.95359, ""joint_modepi_current_soc_r2"": 0.95603, ""median_abs_diff_to_modepi"": 0.04407}, ""vin_2 col 1"": {""best"": ""cell median"", ""r2"": 0.76963, ""joint_modepi_current_soc_r2"": 0.9974, ""median_abs_diff_to_modepi"": 0.204}, ""vin_3 col 0"": {""best"": ""current"", ""r2"": 0.52483, ""joint_modepi_current_soc_r2"": 0.72406, ""median_abs_diff_to_modepi"": 2.98}, ""vin_3 col 1"": {""best"": ""current"", ""r2"": 0.50384, ""joint_modepi_current_soc_r2"": 0.68039, ""median_abs_diff_to_modepi"": 3.008}}","{""0"": {""best"": ""temperature"", ""r2"": 1.0, ""constant_value"": null, ""nondecreasing_share"": 0.974}, ""1"": {""best"": ""pack SOC"", ""r2"": 1.0, ""constant_value"": null, ""nondecreasing_share"": 0.966}, ""2"": {""best"": ""constant"", ""r2"": NaN, ""constant_value"": 0.0, ""nondecreasing_share"": 1.0}, ""3"": {""best"": ""volt_modepi"", ""r2"": 0.99999, ""constant_value"": null, ""nondecreasing_share"": 0.653}, ""4"": {""best"": ""current"", ""r2"": 1.0, ""constant_value"": null, ""nondecreasing_share"": 0.806}, ""5"": {""best"": ""volt_modepi"", ""r2"": 1.0, ""constant_value"": null, ""nondecreasing_share"": 0.638}, ""6"": {""best"": ""vin_3 col 0 (next row)"", ""r2"": 0.99972, ""constant_value"": null, ""nondecreasing_share"": 0.624}}",0.9343426157024003,0.8523139250843708,0.00034367995621376046,6.89806470033557e-05,
QAS,321,31603,26938,True,"{""vin_2 col 0"": {""best"": ""current"", ""r2"": 0.008, ""joint_modepi_current_soc_r2"": 0.01046, ""median_abs_diff_to_modepi"": 0.03342}, ""vin_2 col 1"": {""best"": ""cell median"", ""r2"": 0.76549, ""joint_modepi_current_soc_r2"": 0.99746, ""median_abs_diff_to_modepi"": 0.2489}, ""vin_3 col 0"": {""best"": ""current"", ""r2"": 0.2059, ""joint_modepi_current_soc_r2"": 0.31022, ""median_abs_diff_to_modepi"": 2.388}, ""vin_3 col 1"": {""best"": ""current"", ""r2"": 0.18511, ""joint_modepi_current_soc_r2"": 0.28652, ""median_abs_diff_to_modepi"": 2.374}}","{""0"": {""best"": ""temperature"", ""r2"": 1.0, ""constant_value"": null, ""nondecreasing_share"": 0.973}, ""1"": {""best"": ""pack SOC"", ""r2"": 1.0, ""constant_value"": null, ""nondecreasing_share"": 0.967}, ""2"": {""best"": ""constant"", ""r2"": NaN, ""constant_value"": 0.0, ""nondecreasing_share"": 1.0}, ""3"": {""best"": ""cell sum"", ""r2"": 0.99999, ""constant_value"": null, ""nondecreasing_share"": 0.661}, ""4"": {""best"": ""current"", ""r2"": 1.0, ""constant_value"": null, ""nondecreasing_share"": 0.783}, ""5"": {""best"": ""volt_modepi"", ""r2"": 1.0, ""constant_value"": null, ""nondecreasing_share"": 0.651}, ""6"": {""best"": ""vin_3 col 0 (next row)"", ""r2"": 0.99997, ""constant_value"": null, ""nondecreasing_share"": 0.62}}",0.9896259278936598,0.9683363019462428,0.0007456241159378152,0.0003855308201914376,
QAS,324,32228,28501,True,"{""vin_2 col 0"": {""best"": ""current"", ""r2"": 0.89812, ""joint_modepi_current_soc_r2"": 0.90472, ""median_abs_diff_to_modepi"": 0.04635}, ""vin_2 col 1"": {""best"": ""cell mean"", ""r2"": 0.75917, ""joint_modepi_current_soc_r2"": 0.9979, ""median_abs_diff_to_modepi"": 0.2457}, ""vin_3 col 0"": {""best"": ""current"", ""r2"": 0.2973, ""joint_modepi_current_soc_r2"": 0.5412, ""median_abs_diff_to_modepi"": 2.982}, ""vin_3 col 1"": {""best"": ""current"", ""r2"": 0.26598, ""joint_modepi_current_soc_r2"": 0.48237, ""median_abs_diff_to_modepi"": 3.009}}","{""0"": {""best"": ""temperature"", ""r2"": 1.0, ""constant_value"": null, ""nondecreasing_share"": 0.977}, ""1"": {""best"": ""pack SOC"", ""r2"": 1.0, ""constant_value"": null, ""nondecreasing_share"": 0.967}, ""2"": {""best"": ""constant"", ""r2"": NaN, ""constant_value"": 0.0, ""nondecreasing_share"": 1.0}, ""3"": {""best"": ""cell sum"", ""r2"": 0.99999, ""constant_value"": null, ""nondecreasing_share"": 0.668}, ""4"": {""best"": ""current"", ""r2"": 1.0, ""constant_value"": null, ""nondecreasing_share"": 0.785}, ""5"": {""best"": ""volt_modepi"", ""r2"": 1.0, ""constant_value"": null, ""nondecreasing_share"": 0.657}, ""6"": {""best"": ""vin_3 col 0 (next row)"", ""r2"": 0.99981, ""constant_value"": null, ""nondecreasing_share"": 0.608}}",0.8647820761539191,0.8870477981248979,0.0003872452928332937,5.837927099794595e-05,
QAS,325,32644,28430,True,"{""vin_2 col 0"": {""best"": ""current"", ""r2"": 0.01726, ""joint_modepi_current_soc_r2"": 0.01837, ""median_abs_diff_to_modepi"": 0.02717}, ""vin_2 col 1"": {""best"": ""cell median"", ""r2"": 0.72038, ""joint_modepi_current_soc_r2"": 0.9984, ""median_abs_diff_to_modepi"": 0.2263}, ""vin_3 col 0"": {""best"": ""temperature"", ""r2"": 0.27328, ""joint_modepi_current_soc_r2"": 0.31641, ""median_abs_diff_to_modepi"": 2.38}, ""vin_3 col 1"": {""best"": ""temperature"", ""r2"": 0.27674, ""joint_modepi_current_soc_r2"": 0.29585, ""median_abs_diff_to_modepi"": 2.368}}","{""0"": {""best"": ""temperature"", ""r2"": 1.0, ""constant_value"": null, ""nondecreasing_share"": 0.976}, ""1"": {""best"": ""pack SOC"", ""r2"": 1.0, ""constant_value"": null, ""nondecreasing_share"": 0.973}, ""2"": {""best"": ""constant"", ""r2"": NaN, ""constant_value"": 0.0, ""nondecreasing_share"": 1.0}, ""3"": {""best"": ""cell sum"", ""r2"": 0.99999, ""constant_value"": null, ""nondecreasing_share"": 0.657}, ""4"": {""best"": ""current"", ""r2"": 1.0, ""constant_value"": null, ""nondecreasing_share"": 0.829}, ""5"": {""best"": ""volt_modepi"", ""r2"": 1.0, ""constant_value"": null, ""nondecreasing_share"": 0.644}, ""6"": {""best"": ""vin_3 col 0 (next row)"", ""r2"": 0.99979, ""constant_value"": null, ""nondecreasing_share"": 0.615}}",0.9927551415007335,0.9842353263249082,0.00046586515456525923,0.00017355913483951422,
QAS,323,38027,30350,True,"{""vin_2 col 0"": {""best"": ""current"", ""r2"": 0.0032, ""joint_modepi_current_soc_r2"": 0.00324, ""median_abs_diff_to_modepi"": 0.02945}, ""vin_2 col 1"": {""best"": ""current"", ""r2"": 0.66816, ""joint_modepi_current_soc_r2"": 0.99697, ""median_abs_diff_to_modepi"": 0.2289}, ""vin_3 col 0"": {""best"": ""current"", ""r2"": 0.26097, ""joint_modepi_current_soc_r2"": 0.30857, ""median_abs_diff_to_modepi"": 2.403}, ""vin_3 col 1"": {""best"": ""current"", ""r2"": 0.24591, ""joint_modepi_current_soc_r2"": 0.28841, ""median_abs_diff_to_modepi"": 2.376}}","{""0"": {""best"": ""temperature"", ""r2"": 1.0, ""constant_value"": null, ""nondecreasing_share"": 0.979}, ""1"": {""best"": ""pack SOC"", ""r2"": 1.0, ""constant_value"": null, ""nondecreasing_share"": 0.962}, ""2"": {""best"": ""constant"", ""r2"": NaN, ""constant_value"": 0.0, ""nondecreasing_share"": 1.0}, ""3"": {""best"": ""cell sum"", ""r2"": 0.99999, ""constant_value"": null, ""nondecreasing_share"": 0.656}, ""4"": {""best"": ""current"", ""r2"": 1.0, ""constant_value"": null, ""nondecreasing_share"": 0.758}, ""5"": {""best"": ""volt_modepi"", ""r2"": 1.0, ""constant_value"": null, ""nondecreasing_share"": 0.645}, ""6"": {""best"": ""vin_3 col 0 (next row)"", ""r2"": 0.99996, ""constant_value"": null, ""nondecreasing_share"": 0.601}}",0.9985183934168131,0.9921672739100376,0.0002936201336301014,0.00011171746201808253,
QAS,326,33215,30055,True,"{""vin_2 col 0"": {""best"": ""current"", ""r2"": 0.8388, ""joint_modepi_current_soc_r2"": 0.84776, ""median_abs_diff_to_modepi"": 0.02768}, ""vin_2 col 1"": {""best"": ""volt_modepi"", ""r2"": 0.75695, ""joint_modepi_current_soc_r2"": 0.99689, ""median_abs_diff_to_modepi"": 0.2431}, ""vin_3 col 0"": {""best"": ""current"", ""r2"": 0.1445, ""joint_modepi_current_soc_r2"": 0.15057, ""median_abs_diff_to_modepi"": 2.384}, ""vin_3 col 1"": {""best"": ""current"", ""r2"": 0.12997, ""joint_modepi_current_soc_r2"": 0.13469, ""median_abs_diff_to_modepi"": 2.368}}","{""0"": {""best"": ""temperature"", ""r2"": 1.0, ""constant_value"": null, ""nondecreasing_share"": 0.974}, ""1"": {""best"": ""pack SOC"", ""r2"": 1.0, ""constant_value"": null, ""nondecreasing_share"": 0.966}, ""2"": {""best"": ""constant"", ""r2"": NaN, ""constant_value"": 0.0, ""nondecreasing_share"": 1.0}, ""3"": {""best"": ""cell sum"", ""r2"": 0.99999, ""constant_value"": null, ""nondecreasing_share"": 0.668}, ""4"": {""best"": ""current"", ""r2"": 1.0, ""constant_value"": null, ""nondecreasing_share"": 0.853}, ""5"": {""best"": ""volt_modepi"", ""r2"": 1.0, ""constant_value"": null, ""nondecreasing_share"": 0.657}, ""6"": {""best"": ""vin_3 col 0 (next row)"", ""r2"": 0.99991, ""constant_value"": null, ""nondecreasing_share"": 0.61}}",0.882852345622743,0.900620609479211,0.00043604339822334026,0.00014953773157377675,
QAS,327,36099,33063,True,"{""vin_2 col 0"": {""best"": ""current"", ""r2"": 0.96495, ""joint_modepi_current_soc_r2"": 0.97327, ""median_abs_diff_to_modepi"": 0.02434}, ""vin_2 col 1"": {""best"": ""cell median"", ""r2"": 0.73448, ""joint_modepi_current_soc_r2"": 0.99794, ""median_abs_diff_to_modepi"": 0.2417}, ""vin_3 col 0"": {""best"": ""current"", ""r2"": 0.46152, ""joint_modepi_current_soc_r2"": 0.48732, ""median_abs_diff_to_modepi"": 2.374}, ""vin_3 col 1"": {""best"": ""current"", ""r2"": 0.43149, ""joint_modepi_current_soc_r2"": 0.45525, ""median_abs_diff_to_modepi"": 2.37}}","{""0"": {""best"": ""temperature"", ""r2"": 1.0, ""constant_value"": null, ""nondecreasing_share"": 0.979}, ""1"": {""best"": ""pack SOC"", ""r2"": 1.0, ""constant_value"": null, ""nondecreasing_share"": 0.959}, ""2"": {""best"": ""constant"", ""r2"": NaN, ""constant_value"": 0.0, ""nondecreasing_share"": 1.0}, ""3"": {""best"": ""cell sum"", ""r2"": 0.99999, ""constant_value"": null, ""nondecreasing_share"": 0.661}, ""4"": {""best"": ""current"", ""r2"": 1.0, ""constant_value"": null, ""nondecreasing_share"": 0.802}, ""5"": {""best"": ""volt_modepi"", ""r2"": 1.0, ""constant_value"": null, ""nondecreasing_share"": 0.652}, ""6"": {""best"": ""vin_3 col 0 (next row)"", ""r2"": 0.99996, ""constant_value"": null, ""nondecreasing_share"": 0.537}}",0.693264382955296,0.42416184593135403,0.0008864903178906758,0.00025834884148279966,
QAS,328,38531,32986,True,"{""vin_2 col 0"": {""best"": ""current"", ""r2"": 0.00069, ""joint_modepi_current_soc_r2"": 0.00079, ""median_abs_diff_to_modepi"": 0.02717}, ""vin_2 col 1"": {""best"": ""cell median"", ""r2"": 0.71272, ""joint_modepi_current_soc_r2"": 0.99847, ""median_abs_diff_to_modepi"": 0.2407}, ""vin_3 col 0"": {""best"": ""current"", ""r2"": 0.39239, ""joint_modepi_current_soc_r2"": 0.65508, ""median_abs_diff_to_modepi"": 2.391}, ""vin_3 col 1"": {""best"": ""current"", ""r2"": 0.38405, ""joint_modepi_current_soc_r2"": 0.63665, ""median_abs_diff_to_modepi"": 2.365}}","{""0"": {""best"": ""temperature"", ""r2"": 1.0, ""constant_value"": null, ""nondecreasing_share"": 0.973}, ""1"": {""best"": ""pack SOC"", ""r2"": 1.0, ""constant_value"": null, ""nondecreasing_share"": 0.956}, ""2"": {""best"": ""constant"", ""r2"": NaN, ""constant_value"": 0.0, ""nondecreasing_share"": 1.0}, ""3"": {""best"": ""cell sum"", ""r2"": 0.99999, ""constant_value"": null, ""nondecreasing_share"": 0.669}, ""4"": {""best"": ""current"", ""r2"": 1.0, ""constant_value"": null, ""nondecreasing_share"": 0.833}, ""5"": {""best"": ""volt_modepi"", ""r2"": 1.0, ""constant_value"": null, ""nondecreasing_share"": 0.657}, ""6"": {""best"": ""vin_3 col 0 (next row)"", ""r2"": 0.99996, ""constant_value"": null, ""nondecreasing_share"": 0.552}}",0.698725295503865,0.49279061098652827,0.0006585853509779582,0.00036273283703369154,
QAS,329,40403,35673,True,"{""vin_2 col 0"": {""best"": ""current"", ""r2"": 0.34366, ""joint_modepi_current_soc_r2"": 0.34644, ""median_abs_diff_to_modepi"": 0.02307}, ""vin_2 col 1"": {""best"": ""cell median"", ""r2"": 0.80492, ""joint_modepi_current_soc_r2"": 0.9983, ""median_abs_diff_to_modepi"": 0.2231}, ""vin_3 col 0"": {""best"": ""current"", ""r2"": 0.36102, ""joint_modepi_current_soc_r2"": 0.3891, ""median_abs_diff_to_modepi"": 2.377}, ""vin_3 col 1"": {""best"": ""current"", ""r2"": 0.32897, ""joint_modepi_current_soc_r2"": 0.35399, ""median_abs_diff_to_modepi"": 2.383}}","{""0"": {""best"": ""temperature"", ""r2"": 1.0, ""constant_value"": null, ""nondecreasing_share"": 0.974}, ""1"": {""best"": ""pack SOC"", ""r2"": 1.0, ""constant_value"": null, ""nondecreasing_share"": 0.963}, ""2"": {""best"": ""constant"", ""r2"": NaN, ""constant_value"": 0.0, ""nondecreasing_share"": 1.0}, ""3"": {""best"": ""cell sum"", ""r2"": 0.99999, ""constant_value"": null, ""nondecreasing_share"": 0.687}, ""4"": {""best"": ""current"", ""r2"": 1.0, ""constant_value"": null, ""nondecreasing_share"": 0.86}, ""5"": {""best"": ""volt_modepi"", ""r2"": 1.0, ""constant_value"": null, ""nondecreasing_share"": 0.675}, ""6"": {""best"": ""vin_3 col 0 (next row)"", ""r2"": 0.99997, ""constant_value"": null, ""nondecreasing_share"": 0.634}}",0.9943580353856596,0.9605523845237183,0.0008320355351529862,0.000383341969607017,
QAS,332,28302,24650,True,"{""vin_2 col 0"": {""best"": ""current"", ""r2"": 0.00306, ""joint_modepi_current_soc_r2"": 0.00312, ""median_abs_diff_to_modepi"": 0.0267}, ""vin_2 col 1"": {""best"": ""volt_modepi"", ""r2"": 0.64736, ""joint_modepi_current_soc_r2"": 0.99811, ""median_abs_diff_to_modepi"": 0.2146}, ""vin_3 col 0"": {""best"": ""current"", ""r2"": 0.34002, ""joint_modepi_current_soc_r2"": 0.42769, ""median_abs_diff_to_modepi"": 2.385}, ""vin_3 col 1"": {""best"": ""current"", ""r2"": 0.31127, ""joint_modepi_current_soc_r2"": 0.39981, ""median_abs_diff_to_modepi"": 2.382}}","{""0"": {""best"": ""temperature"", ""r2"": 1.0, ""constant_value"": null, ""nondecreasing_share"": 0.977}, ""1"": {""best"": ""pack SOC"", ""r2"": 1.0, ""constant_value"": null, ""nondecreasing_share"": 0.975}, ""2"": {""best"": ""constant"", ""r2"": NaN, ""constant_value"": 0.0, ""nondecreasing_share"": 1.0}, ""3"": {""best"": ""cell sum"", ""r2"": 0.99999, ""constant_value"": null, ""nondecreasing_share"": 0.667}, ""4"": {""best"": ""current"", ""r2"": 1.0, ""constant_value"": null, ""nondecreasing_share"": 0.831}, ""5"": {""best"": ""volt_modepi"", ""r2"": 1.0, ""constant_value"": null, ""nondecreasing_share"": 0.653}, ""6"": {""best"": ""vin_3 col 0 (next row)"", ""r2"": 0.99996, ""constant_value"": null, ""nondecreasing_share"": 0.567}}",0.8850275923964884,0.7840419548133917,0.0004960581262418717,0.00012767501300268197,
QAS,330,40018,35454,True,"{""vin_2 col 0"": {""best"": ""current"", ""r2"": 0.89103, ""joint_modepi_current_soc_r2"": 0.89991, ""median_abs_diff_to_modepi"": 0.024}, ""vin_2 col 1"": {""best"": ""volt_modepi"", ""r2"": 0.7076, ""joint_modepi_current_soc_r2"": 0.99721, ""median_abs_diff_to_modepi"": 0.2466}, ""vin_3 col 0"": {""best"": ""current"", ""r2"": 0.42737, ""joint_modepi_current_soc_r2"": 0.43905, ""median_abs_diff_to_modepi"": 2.375}, ""vin_3 col 1"": {""best"": ""current"", ""r2"": 0.40357, ""joint_modepi_current_soc_r2"": 0.41405, ""median_abs_diff_to_modepi"": 2.358}}","{""0"": {""best"": ""temperature"", ""r2"": 1.0, ""constant_value"": null, ""nondecreasing_share"": 0.974}, ""1"": {""best"": ""pack SOC"", ""r2"": 1.0, ""constant_value"": null, ""nondecreasing_share"": 0.971}, ""2"": {""best"": ""constant"", ""r2"": NaN, ""constant_value"": 0.0, ""nondecreasing_share"": 1.0}, ""3"": {""best"": ""cell sum"", ""r2"": 0.99999, ""constant_value"": null, ""nondecreasing_share"": 0.652}, ""4"": {""best"": ""current"", ""r2"": 1.0, ""constant_value"": null, ""nondecreasing_share"": 0.825}, ""5"": {""best"": ""volt_modepi"", ""r2"": 1.0, ""constant_value"": null, ""nondecreasing_share"": 0.642}, ""6"": {""best"": ""vin_3 col 0 (next row)"", ""r2"": 0.99996, ""constant_value"": null, ""nondecreasing_share"": 0.551}}",0.9719384151166776,0.8520682837772727,0.0006055883382320992,0.0002780223120660273,
QAS,333,39196,36488,True,"{""vin_2 col 0"": {""best"": ""current"", ""r2"": 0.96635, ""joint_modepi_current_soc_r2"": 0.97706, ""median_abs_diff_to_modepi"": 0.05899}, ""vin_2 col 1"": {""best"": ""cell median"", ""r2"": 0.86838, ""joint_modepi_current_soc_r2"": 0.99697, ""median_abs_diff_to_modepi"": 0.2307}, ""vin_3 col 0"": {""best"": ""current"", ""r2"": 0.29157, ""joint_modepi_current_soc_r2"": 0.62772, ""median_abs_diff_to_modepi"": 2.987}, ""vin_3 col 1"": {""best"": ""current"", ""r2"": 0.33586, ""joint_modepi_current_soc_r2"": 0.57797, ""median_abs_diff_to_modepi"": 2.968}}","{""0"": {""best"": ""temperature"", ""r2"": 1.0, ""constant_value"": null, ""nondecreasing_share"": 0.972}, ""1"": {""best"": ""pack SOC"", ""r2"": 1.0, ""constant_value"": null, ""nondecreasing_share"": 0.969}, ""2"": {""best"": ""constant"", ""r2"": NaN, ""constant_value"": 0.0, ""nondecreasing_share"": 1.0}, ""3"": {""best"": ""volt_modepi"", ""r2"": 0.99999, ""constant_value"": null, ""nondecreasing_share"": 0.694}, ""4"": {""best"": ""current"", ""r2"": 1.0, ""constant_value"": null, ""nondecreasing_share"": 0.846}, ""5"": {""best"": ""volt_modepi"", ""r2"": 1.0, ""constant_value"": null, ""nondecreasing_share"": 0.681}, ""6"": {""best"": ""vin_3 col 0 (next row)"", ""r2"": 0.99982, ""constant_value"": null, ""nondecreasing_share"": 0.632}}",0.8726949681468636,0.539512796359328,0.00027587077077151356,2.8309914909278346e-05,
QAS,331,55793,48771,True,"{""vin_2 col 0"": {""best"": ""current"", ""r2"": 0.95278, ""joint_modepi_current_soc_r2"": 0.96011, ""median_abs_diff_to_modepi"": 0.02489}, ""vin_2 col 1"": {""best"": ""cell median"", ""r2"": 0.70448, ""joint_modepi_current_soc_r2"": 0.99799, ""median_abs_diff_to_modepi"": 0.2316}, ""vin_3 col 0"": {""best"": ""current"", ""r2"": 0.41051, ""joint_modepi_current_soc_r2"": 0.45235, ""median_abs_diff_to_modepi"": 2.377}, ""vin_3 col 1"": {""best"": ""current"", ""r2"": 0.37846, ""joint_modepi_current_soc_r2"": 0.42014, ""median_abs_diff_to_modepi"": 2.368}}","{""0"": {""best"": ""temperature"", ""r2"": 1.0, ""constant_value"": null, ""nondecreasing_share"": 0.976}, ""1"": {""best"": ""pack SOC"", ""r2"": 1.0, ""constant_value"": null, ""nondecreasing_share"": 0.956}, ""2"": {""best"": ""constant"", ""r2"": NaN, ""constant_value"": 0.0, ""nondecreasing_share"": 1.0}, ""3"": {""best"": ""cell sum"", ""r2"": 0.99999, ""constant_value"": null, ""nondecreasing_share"": 0.657}, ""4"": {""best"": ""current"", ""r2"": 1.0, ""constant_value"": null, ""nondecreasing_share"": 0.81}, ""5"": {""best"": ""volt_modepi"", ""r2"": 1.0, ""constant_value"": null, ""nondecreasing_share"": 0.647}, ""6"": {""best"": ""vin_3 col 0 (next row)"", ""r2"": 0.99996, ""constant_value"": null, ""nondecreasing_share"": 0.606}}",0.9749024134897016,0.9025203430156031,0.0007609229149352359,0.0003175024026607076,
QAS,337,15968,15968,True,"{""vin_2 col 0"": {""best"": ""current"", ""r2"": 0.11235, ""joint_modepi_current_soc_r2"": 0.12232, ""median_abs_diff_to_modepi"": 0.04521}, ""vin_2 col 1"": {""best"": ""cell median"", ""r2"": 0.94661, ""joint_modepi_current_soc_r2"": 0.99692, ""median_abs_diff_to_modepi"": 0.03293}, ""vin_3 col 0"": {""best"": ""pack SOC"", ""r2"": 0.07183, ""joint_modepi_current_soc_r2"": 0.07855, ""median_abs_diff_to_modepi"": 2.956}, ""vin_3 col 1"": {""best"": ""pack SOC"", ""r2"": 0.05554, ""joint_modepi_current_soc_r2"": 0.06545, ""median_abs_diff_to_modepi"": 2.976}}","{""0"": {""best"": ""temperature"", ""r2"": 1.0, ""constant_value"": null, ""nondecreasing_share"": 0.968}, ""1"": {""best"": ""pack SOC"", ""r2"": 1.0, ""constant_value"": null, ""nondecreasing_share"": 0.936}, ""2"": {""best"": ""constant"", ""r2"": NaN, ""constant_value"": 0.0, ""nondecreasing_share"": 1.0}, ""3"": {""best"": ""cell sum"", ""r2"": 0.99998, ""constant_value"": null, ""nondecreasing_share"": 0.673}, ""4"": {""best"": ""current"", ""r2"": 1.0, ""constant_value"": null, ""nondecreasing_share"": 0.756}, ""5"": {""best"": ""volt_modepi"", ""r2"": 1.0, ""constant_value"": null, ""nondecreasing_share"": 0.662}, ""6"": {""best"": ""vin_3 col 0 (next row)"", ""r2"": 0.9978, ""constant_value"": null, ""nondecreasing_share"": 0.596}}",0.7588719660147448,0.7066107938294646,0.0003765154159292017,5.874195322255321e-05,
QAS,335,38519,38519,True,"{""vin_2 col 0"": {""best"": ""current"", ""r2"": 0.35283, ""joint_modepi_current_soc_r2"": 0.35788, ""median_abs_diff_to_modepi"": 0.04228}, ""vin_2 col 1"": {""best"": ""cell median"", ""r2"": 0.90211, ""joint_modepi_current_soc_r2"": 0.99604, ""median_abs_diff_to_modepi"": 0.03938}, ""vin_3 col 0"": {""best"": ""temperature"", ""r2"": 0.00777, ""joint_modepi_current_soc_r2"": 0.00376, ""median_abs_diff_to_modepi"": 2.943}, ""vin_3 col 1"": {""best"": ""temperature"", ""r2"": 0.00653, ""joint_modepi_current_soc_r2"": 0.00464, ""median_abs_diff_to_modepi"": 3.049}}","{""0"": {""best"": ""temperature"", ""r2"": 1.0, ""constant_value"": null, ""nondecreasing_share"": 0.971}, ""1"": {""best"": ""pack SOC"", ""r2"": 1.0, ""constant_value"": null, ""nondecreasing_share"": 0.915}, ""2"": {""best"": ""constant"", ""r2"": NaN, ""constant_value"": 0.0, ""nondecreasing_share"": 1.0}, ""3"": {""best"": ""cell sum"", ""r2"": 0.99986, ""constant_value"": null, ""nondecreasing_share"": 0.681}, ""4"": {""best"": ""current"", ""r2"": 1.0, ""constant_value"": null, ""nondecreasing_share"": 0.748}, ""5"": {""best"": ""volt_modepi"", ""r2"": 1.0, ""constant_value"": null, ""nondecreasing_share"": 0.671}, ""6"": {""best"": ""vin_3 col 0 (next row)"", ""r2"": 0.99945, ""constant_value"": null, ""nondecreasing_share"": 0.557}}",0.9359067939049179,0.9306617257451523,0.00092424782574696,0.00010231841830822845,
QAS,336,36661,30319,True,"{""vin_2 col 0"": {""best"": ""current"", ""r2"": 0.9307, ""joint_modepi_current_soc_r2"": 0.94642, ""median_abs_diff_to_modepi"": 0.01855}, ""vin_2 col 1"": {""best"": ""volt_modepi"", ""r2"": 0.71283, ""joint_modepi_current_soc_r2"": 0.9979, ""median_abs_diff_to_modepi"": 0.2109}, ""vin_3 col 0"": {""best"": ""current"", ""r2"": 0.64155, ""joint_modepi_current_soc_r2"": 0.68126, ""median_abs_diff_to_modepi"": 2.37}, ""vin_3 col 1"": {""best"": ""current"", ""r2"": 0.61164, ""joint_modepi_current_soc_r2"": 0.65345, ""median_abs_diff_to_modepi"": 2.365}}","{""0"": {""best"": ""temperature"", ""r2"": 1.0, ""constant_value"": null, ""nondecreasing_share"": 0.975}, ""1"": {""best"": ""pack SOC"", ""r2"": 1.0, ""constant_value"": null, ""nondecreasing_share"": 0.973}, ""2"": {""best"": ""constant"", ""r2"": NaN, ""constant_value"": 0.0, ""nondecreasing_share"": 1.0}, ""3"": {""best"": ""cell sum"", ""r2"": 0.99999, ""constant_value"": null, ""nondecreasing_share"": 0.662}, ""4"": {""best"": ""current"", ""r2"": 1.0, ""constant_value"": null, ""nondecreasing_share"": 0.805}, ""5"": {""best"": ""volt_modepi"", ""r2"": 1.0, ""constant_value"": null, ""nondecreasing_share"": 0.648}, ""6"": {""best"": ""vin_3 col 0 (next row)"", ""r2"": 0.99996, ""constant_value"": null, ""nondecreasing_share"": 0.536}}",0.9984496962684534,0.9266752513168609,0.00048676297061556184,0.0002527506263754388,
QAS,339,31320,31320,True,"{""vin_2 col 0"": {""best"": ""current"", ""r2"": 0.27177, ""joint_modepi_current_soc_r2"": 0.32879, ""median_abs_diff_to_modepi"": 0.02041}, ""vin_2 col 1"": {""best"": ""cell max"", ""r2"": 0.87164, ""joint_modepi_current_soc_r2"": 0.99826, ""median_abs_diff_to_modepi"": 0.05198}, ""vin_3 col 0"": {""best"": ""cell SOC mean"", ""r2"": 0.05654, ""joint_modepi_current_soc_r2"": 0.06019, ""median_abs_diff_to_modepi"": 2.36}, ""vin_3 col 1"": {""best"": ""pack SOC"", ""r2"": 0.0518, ""joint_modepi_current_soc_r2"": 0.0541, ""median_abs_diff_to_modepi"": 2.365}}","{""0"": {""best"": ""temperature"", ""r2"": 1.0, ""constant_value"": null, ""nondecreasing_share"": 0.974}, ""1"": {""best"": ""pack SOC"", ""r2"": 1.0, ""constant_value"": null, ""nondecreasing_share"": 0.928}, ""2"": {""best"": ""constant"", ""r2"": NaN, ""constant_value"": 0.0, ""nondecreasing_share"": 1.0}, ""3"": {""best"": ""cell sum"", ""r2"": 0.99999, ""constant_value"": null, ""nondecreasing_share"": 0.652}, ""4"": {""best"": ""current"", ""r2"": 1.0, ""constant_value"": null, ""nondecreasing_share"": 0.798}, ""5"": {""best"": ""volt_modepi"", ""r2"": 1.0, ""constant_value"": null, ""nondecreasing_share"": 0.643}, ""6"": {""best"": ""vin_3 col 0 (next row)"", ""r2"": 0.99849, ""constant_value"": null, ""nondecreasing_share"": 0.506}}",0.9969688362064921,0.9928692815353161,0.0003943710911915588,0.00024948994123163363,
QAS,338,43259,43259,True,"{""vin_2 col 0"": {""best"": ""cell min"", ""r2"": 0.17401, ""joint_modepi_current_soc_r2"": 0.20369, ""median_abs_diff_to_modepi"": 0.02141}, ""vin_2 col 1"": {""best"": ""cell max"", ""r2"": 0.92377, ""joint_modepi_current_soc_r2"": 0.99507, ""median_abs_diff_to_modepi"": 0.02906}, ""vin_3 col 0"": {""best"": ""pack SOC"", ""r2"": 0.07664, ""joint_modepi_current_soc_r2"": 0.09834, ""median_abs_diff_to_modepi"": 2.525}, ""vin_3 col 1"": {""best"": ""pack SOC"", ""r2"": 0.07548, ""joint_modepi_current_soc_r2"": 0.09571, ""median_abs_diff_to_modepi"": 2.539}}","{""0"": {""best"": ""temperature"", ""r2"": 1.0, ""constant_value"": null, ""nondecreasing_share"": 0.971}, ""1"": {""best"": ""pack SOC"", ""r2"": 1.0, ""constant_value"": null, ""nondecreasing_share"": 0.949}, ""2"": {""best"": ""constant"", ""r2"": NaN, ""constant_value"": 0.0, ""nondecreasing_share"": 1.0}, ""3"": {""best"": ""cell sum"", ""r2"": 0.99998, ""constant_value"": null, ""nondecreasing_share"": 0.655}, ""4"": {""best"": ""current"", ""r2"": 1.0, ""constant_value"": null, ""nondecreasing_share"": 0.754}, ""5"": {""best"": ""volt_modepi"", ""r2"": 1.0, ""constant_value"": null, ""nondecreasing_share"": 0.645}, ""6"": {""best"": ""vin_3 col 0 (next row)"", ""r2"": 0.99967, ""constant_value"": null, ""nondecreasing_share"": 0.569}}",0.943759513084763,0.8660197293786296,0.00019343379386693726,0.00013288062229044328,
QAS,341,27484,27484,True,"{""vin_2 col 0"": {""best"": ""current"", ""r2"": 0.18601, ""joint_modepi_current_soc_r2"": 0.1985, ""median_abs_diff_to_modepi"": 0.04553}, ""vin_2 col 1"": {""best"": ""cell median"", ""r2"": 0.9393, ""joint_modepi_current_soc_r2"": 0.99754, ""median_abs_diff_to_modepi"": 0.05727}, ""vin_3 col 0"": {""best"": ""pack SOC"", ""r2"": 0.07092, ""joint_modepi_current_soc_r2"": 0.09191, ""median_abs_diff_to_modepi"": 2.94}, ""vin_3 col 1"": {""best"": ""pack SOC"", ""r2"": 0.058, ""joint_modepi_current_soc_r2"": 0.07536, ""median_abs_diff_to_modepi"": 3.024}}","{""0"": {""best"": ""temperature"", ""r2"": 1.0, ""constant_value"": null, ""nondecreasing_share"": 0.971}, ""1"": {""best"": ""pack SOC"", ""r2"": 1.0, ""constant_value"": null, ""nondecreasing_share"": 0.924}, ""2"": {""best"": ""constant"", ""r2"": NaN, ""constant_value"": 0.0, ""nondecreasing_share"": 1.0}, ""3"": {""best"": ""cell sum"", ""r2"": 0.99999, ""constant_value"": null, ""nondecreasing_share"": 0.68}, ""4"": {""best"": ""current"", ""r2"": 1.0, ""constant_value"": null, ""nondecreasing_share"": 0.742}, ""5"": {""best"": ""volt_modepi"", ""r2"": 1.0, ""constant_value"": null, ""nondecreasing_share"": 0.672}, ""6"": {""best"": ""vin_3 col 0 (next row)"", ""r2"": 0.99948, ""constant_value"": null, ""nondecreasing_share"": 0.561}}",0.8687137585503745,0.8978109201041939,0.0008417958586224294,8.235222990064586e-05,
QAS,343,28565,24177,True,"{""vin_2 col 0"": {""best"": ""current"", ""r2"": 0.05454, ""joint_modepi_current_soc_r2"": 0.05473, ""median_abs_diff_to_modepi"": 0.02326}, ""vin_2 col 1"": {""best"": ""volt_modepi"", ""r2"": 0.67521, ""joint_modepi_current_soc_r2"": 0.99767, ""median_abs_diff_to_modepi"": 0.2279}, ""vin_3 col 0"": {""best"": ""current"", ""r2"": 0.31155, ""joint_modepi_current_soc_r2"": 0.31449, ""median_abs_diff_to_modepi"": 2.379}, ""vin_3 col 1"": {""best"": ""current"", ""r2"": 0.30561, ""joint_modepi_current_soc_r2"": 0.31167, ""median_abs_diff_to_modepi"": 2.349}}","{""0"": {""best"": ""temperature"", ""r2"": 1.0, ""constant_value"": null, ""nondecreasing_share"": 0.971}, ""1"": {""best"": ""pack SOC"", ""r2"": 1.0, ""constant_value"": null, ""nondecreasing_share"": 0.974}, ""2"": {""best"": ""constant"", ""r2"": NaN, ""constant_value"": 0.0, ""nondecreasing_share"": 1.0}, ""3"": {""best"": ""cell sum"", ""r2"": 0.99999, ""constant_value"": null, ""nondecreasing_share"": 0.664}, ""4"": {""best"": ""current"", ""r2"": 1.0, ""constant_value"": null, ""nondecreasing_share"": 0.85}, ""5"": {""best"": ""volt_modepi"", ""r2"": 1.0, ""constant_value"": null, ""nondecreasing_share"": 0.651}, ""6"": {""best"": ""vin_3 col 0 (next row)"", ""r2"": 0.99997, ""constant_value"": null, ""nondecreasing_share"": 0.61}}",0.9881313897013623,0.9468633904893281,0.0009048026019407018,0.0002797586761889113,
QAS,334,106621,94161,True,"{""vin_2 col 0"": {""best"": ""current"", ""r2"": 0.92973, ""joint_modepi_current_soc_r2"": 0.9359, ""median_abs_diff_to_modepi"": 0.01684}, ""vin_2 col 1"": {""best"": ""cell median"", ""r2"": 0.70131, ""joint_modepi_current_soc_r2"": 0.99825, ""median_abs_diff_to_modepi"": 0.2154}, ""vin_3 col 0"": {""best"": ""current"", ""r2"": 0.73516, ""joint_modepi_current_soc_r2"": 0.7671, ""median_abs_diff_to_modepi"": 2.375}, ""vin_3 col 1"": {""best"": ""current"", ""r2"": 0.70808, ""joint_modepi_current_soc_r2"": 0.73906, ""median_abs_diff_to_modepi"": 2.374}}","{""0"": {""best"": ""temperature"", ""r2"": 1.0, ""constant_value"": null, ""nondecreasing_share"": 0.976}, ""1"": {""best"": ""pack SOC"", ""r2"": 1.0, ""constant_value"": null, ""nondecreasing_share"": 0.977}, ""2"": {""best"": ""constant"", ""r2"": NaN, ""constant_value"": 0.0, ""nondecreasing_share"": 1.0}, ""3"": {""best"": ""volt_modepi"", ""r2"": 0.99999, ""constant_value"": null, ""nondecreasing_share"": 0.704}, ""4"": {""best"": ""current"", ""r2"": 1.0, ""constant_value"": null, ""nondecreasing_share"": 0.84}, ""5"": {""best"": ""volt_modepi"", ""r2"": 1.0, ""constant_value"": null, ""nondecreasing_share"": 0.693}, ""6"": {""best"": ""vin_3 col 0 (next row)"", ""r2"": 0.99945, ""constant_value"": null, ""nondecreasing_share"": 0.473}}",0.9851227245173803,0.5565728656706055,0.0009657566920751037,0.00029361599720306426,
QAS,342,62897,62897,True,"{""vin_2 col 0"": {""best"": ""cell min"", ""r2"": 0.42749, ""joint_modepi_current_soc_r2"": 0.48855, ""median_abs_diff_to_modepi"": 0.02126}, ""vin_2 col 1"": {""best"": ""cell max"", ""r2"": 0.89748, ""joint_modepi_current_soc_r2"": 0.99882, ""median_abs_diff_to_modepi"": 0.01663}, ""vin_3 col 0"": {""best"": ""pack SOC"", ""r2"": 0.16863, ""joint_modepi_current_soc_r2"": 0.21428, ""median_abs_diff_to_modepi"": 2.366}, ""vin_3 col 1"": {""best"": ""pack SOC"", ""r2"": 0.15977, ""joint_modepi_current_soc_r2"": 0.18232, ""median_abs_diff_to_modepi"": 2.766}}","{""0"": {""best"": ""temperature"", ""r2"": 1.0, ""constant_value"": null, ""nondecreasing_share"": 0.974}, ""1"": {""best"": ""pack SOC"", ""r2"": 1.0, ""constant_value"": null, ""nondecreasing_share"": 0.908}, ""2"": {""best"": ""constant"", ""r2"": NaN, ""constant_value"": 0.0, ""nondecreasing_share"": 1.0}, ""3"": {""best"": ""cell sum"", ""r2"": 0.99996, ""constant_value"": null, ""nondecreasing_share"": 0.671}, ""4"": {""best"": ""current"", ""r2"": 1.0, ""constant_value"": null, ""nondecreasing_share"": 0.723}, ""5"": {""best"": ""volt_modepi"", ""r2"": 1.0, ""constant_value"": null, ""nondecreasing_share"": 0.665}, ""6"": {""best"": ""vin_3 col 1"", ""r2"": 0.99119, ""constant_value"": null, ""nondecreasing_share"": 0.518}}",0.9577795286234101,0.8967374659885845,0.0004207324239386967,0.00025355745898098295,
QAS,345,40006,34881,True,"{""vin_2 col 0"": {""best"": ""current"", ""r2"": 0.98361, ""joint_modepi_current_soc_r2"": 0.98738, ""median_abs_diff_to_modepi"": 0.01902}, ""vin_2 col 1"": {""best"": ""volt_modepi"", ""r2"": 0.69885, ""joint_modepi_current_soc_r2"": 0.99753, ""median_abs_diff_to_modepi"": 0.1892}, ""vin_3 col 0"": {""best"": ""current"", ""r2"": 0.68005, ""joint_modepi_current_soc_r2"": 0.69804, ""median_abs_diff_to_modepi"": 2.374}, ""vin_3 col 1"": {""best"": ""current"", ""r2"": 0.66124, ""joint_modepi_current_soc_r2"": 0.67831, ""median_abs_diff_to_modepi"": 2.358}}","{""0"": {""best"": ""temperature"", ""r2"": 1.0, ""constant_value"": null, ""nondecreasing_share"": 0.974}, ""1"": {""best"": ""pack SOC"", ""r2"": 1.0, ""constant_value"": null, ""nondecreasing_share"": 0.981}, ""2"": {""best"": ""constant"", ""r2"": NaN, ""constant_value"": 0.0, ""nondecreasing_share"": 1.0}, ""3"": {""best"": ""cell sum"", ""r2"": 0.99998, ""constant_value"": null, ""nondecreasing_share"": 0.686}, ""4"": {""best"": ""current"", ""r2"": 1.0, ""constant_value"": null, ""nondecreasing_share"": 0.805}, ""5"": {""best"": ""volt_modepi"", ""r2"": 1.0, ""constant_value"": null, ""nondecreasing_share"": 0.672}, ""6"": {""best"": ""vin_3 col 0 (next row)"", ""r2"": 0.99996, ""constant_value"": null, ""nondecreasing_share"": 0.435}}",0.9735729961515576,0.4288084259261753,0.0005960971579703767,0.0002180713587522056,
QAS,346,31367,23449,True,"{""vin_2 col 0"": {""best"": ""current"", ""r2"": 0.00089, ""joint_modepi_current_soc_r2"": 0.001, ""median_abs_diff_to_modepi"": 0.02776}, ""vin_2 col 1"": {""best"": ""current"", ""r2"": 0.74835, ""joint_modepi_current_soc_r2"": 0.99918, ""median_abs_diff_to_modepi"": 0.2733}, ""vin_3 col 0"": {""best"": ""current"", ""r2"": 0.59616, ""joint_modepi_current_soc_r2"": 0.60662, ""median_abs_diff_to_modepi"": 2.383}, ""vin_3 col 1"": {""best"": ""current"", ""r2"": 0.6072, ""joint_modepi_current_soc_r2"": 0.61354, ""median_abs_diff_to_modepi"": 2.33}}","{""0"": {""best"": ""temperature"", ""r2"": 1.0, ""constant_value"": null, ""nondecreasing_share"": 0.972}, ""1"": {""best"": ""pack SOC"", ""r2"": 1.0, ""constant_value"": null, ""nondecreasing_share"": 0.962}, ""2"": {""best"": ""constant"", ""r2"": NaN, ""constant_value"": 0.0, ""nondecreasing_share"": 1.0}, ""3"": {""best"": ""volt_modepi"", ""r2"": 0.99999, ""constant_value"": null, ""nondecreasing_share"": 0.639}, ""4"": {""best"": ""current"", ""r2"": 1.0, ""constant_value"": null, ""nondecreasing_share"": 0.771}, ""5"": {""best"": ""volt_modepi"", ""r2"": 1.0, ""constant_value"": null, ""nondecreasing_share"": 0.629}, ""6"": {""best"": ""vin_3 col 0 (next row)"", ""r2"": 0.99996, ""constant_value"": null, ""nondecreasing_share"": 0.591}}",0.9706852822991544,0.593212343610158,0.0009579786072855256,0.000281291569437049,
QAS,344,64361,64361,True,"{""vin_2 col 0"": {""best"": ""current"", ""r2"": 0.54834, ""joint_modepi_current_soc_r2"": 0.62395, ""median_abs_diff_to_modepi"": 0.02583}, ""vin_2 col 1"": {""best"": ""volt_modepi"", ""r2"": 0.75605, ""joint_modepi_current_soc_r2"": 0.99655, ""median_abs_diff_to_modepi"": 0.06799}, ""vin_3 col 0"": {""best"": ""temperature"", ""r2"": 0.2338, ""joint_modepi_current_soc_r2"": 0.17284, ""median_abs_diff_to_modepi"": 2.689}, ""vin_3 col 1"": {""best"": ""temperature"", ""r2"": 0.24482, ""joint_modepi_current_soc_r2"": 0.15136, ""median_abs_diff_to_modepi"": 2.836}}","{""0"": {""best"": ""temperature"", ""r2"": 1.0, ""constant_value"": null, ""nondecreasing_share"": 0.957}, ""1"": {""best"": ""pack SOC"", ""r2"": 1.0, ""constant_value"": null, ""nondecreasing_share"": 0.908}, ""2"": {""best"": ""constant"", ""r2"": NaN, ""constant_value"": 0.0, ""nondecreasing_share"": 1.0}, ""3"": {""best"": ""cell sum"", ""r2"": 1.0, ""constant_value"": null, ""nondecreasing_share"": 0.658}, ""4"": {""best"": ""current"", ""r2"": 1.0, ""constant_value"": null, ""nondecreasing_share"": 0.586}, ""5"": {""best"": ""volt_modepi"", ""r2"": 1.0, ""constant_value"": null, ""nondecreasing_share"": 0.652}, ""6"": {""best"": ""vin_3 col 0 (next row)"", ""r2"": 0.99894, ""constant_value"": null, ""nondecreasing_share"": 0.587}}",0.9964794078689317,0.996618297655245,0.000173360124842592,0.0002073015818110115,
QAS,350,24122,24122,True,"{""vin_2 col 0"": {""best"": ""cell min"", ""r2"": 0.11437, ""joint_modepi_current_soc_r2"": 0.13553, ""median_abs_diff_to_modepi"": 0.02049}, ""vin_2 col 1"": {""best"": ""cell max"", ""r2"": 0.95723, ""joint_modepi_current_soc_r2"": 0.99471, ""median_abs_diff_to_modepi"": 0.003084}, ""vin_3 col 0"": {""best"": ""cell SOC mean"", ""r2"": 0.52892, ""joint_modepi_current_soc_r2"": 0.57598, ""median_abs_diff_to_modepi"": 2.353}, ""vin_3 col 1"": {""best"": ""pack SOC"", ""r2"": 0.57898, ""joint_modepi_current_soc_r2"": 0.63972, ""median_abs_diff_to_modepi"": 2.698}}","{""0"": {""best"": ""temperature"", ""r2"": 1.0, ""constant_value"": null, ""nondecreasing_share"": 0.97}, ""1"": {""best"": ""pack SOC"", ""r2"": 1.0, ""constant_value"": null, ""nondecreasing_share"": 0.95}, ""2"": {""best"": ""constant"", ""r2"": NaN, ""constant_value"": 0.0, ""nondecreasing_share"": 1.0}, ""3"": {""best"": ""cell sum"", ""r2"": 0.99999, ""constant_value"": null, ""nondecreasing_share"": 0.677}, ""4"": {""best"": ""current"", ""r2"": 1.0, ""constant_value"": null, ""nondecreasing_share"": 0.745}, ""5"": {""best"": ""volt_modepi"", ""r2"": 1.0, ""constant_value"": null, ""nondecreasing_share"": 0.664}, ""6"": {""best"": ""vin_3 col 1"", ""r2"": 0.99972, ""constant_value"": null, ""nondecreasing_share"": 0.462}}",0.9295699347725155,0.8123232334020627,0.00024408959075450376,0.00023093822086918834,
QAS,340,116641,116641,True,"{""vin_2 col 0"": {""best"": ""volt_modepi"", ""r2"": 0.39429, ""joint_modepi_current_soc_r2"": 0.45144, ""median_abs_diff_to_modepi"": 0.0141}, ""vin_2 col 1"": {""best"": ""cell median"", ""r2"": 0.95888, ""joint_modepi_current_soc_r2"": 0.99798, ""median_abs_diff_to_modepi"": 0.02183}, ""vin_3 col 0"": {""best"": ""cell SOC mean"", ""r2"": 0.24167, ""joint_modepi_current_soc_r2"": 0.31237, ""median_abs_diff_to_modepi"": 2.345}, ""vin_3 col 1"": {""best"": ""cell SOC mean"", ""r2"": 0.23484, ""joint_modepi_current_soc_r2"": 0.30646, ""median_abs_diff_to_modepi"": 2.48}}","{""0"": {""best"": ""temperature"", ""r2"": 1.0, ""constant_value"": null, ""nondecreasing_share"": 0.975}, ""1"": {""best"": ""pack SOC"", ""r2"": 1.0, ""constant_value"": null, ""nondecreasing_share"": 0.948}, ""2"": {""best"": ""constant"", ""r2"": NaN, ""constant_value"": 0.0, ""nondecreasing_share"": 1.0}, ""3"": {""best"": ""cell sum"", ""r2"": 0.99998, ""constant_value"": null, ""nondecreasing_share"": 0.694}, ""4"": {""best"": ""current"", ""r2"": 1.0, ""constant_value"": null, ""nondecreasing_share"": 0.76}, ""5"": {""best"": ""volt_modepi"", ""r2"": 1.0, ""constant_value"": null, ""nondecreasing_share"": 0.684}, ""6"": {""best"": ""vin_3 col 1 (next row)"", ""r2"": 0.99967, ""constant_value"": null, ""nondecreasing_share"": 0.401}}",0.9246247863707951,0.91514802265368,0.0003874036855338048,0.0004135693075392348,
QAS,348,43178,39947,True,"{""vin_2 col 0"": {""best"": ""current"", ""r2"": 0.88821, ""joint_modepi_current_soc_r2"": 0.91479, ""median_abs_diff_to_modepi"": 0.03446}, ""vin_2 col 1"": {""best"": ""cell median"", ""r2"": 0.79121, ""joint_modepi_current_soc_r2"": 0.99786, ""median_abs_diff_to_modepi"": 0.2375}, ""vin_3 col 0"": {""best"": ""temperature"", ""r2"": 0.21323, ""joint_modepi_current_soc_r2"": 0.24098, ""median_abs_diff_to_modepi"": 2.392}, ""vin_3 col 1"": {""best"": ""temperature"", ""r2"": 0.21553, ""joint_modepi_current_soc_r2"": 0.22957, ""median_abs_diff_to_modepi"": 2.369}}","{""0"": {""best"": ""temperature"", ""r2"": 1.0, ""constant_value"": null, ""nondecreasing_share"": 0.971}, ""1"": {""best"": ""pack SOC"", ""r2"": 1.0, ""constant_value"": null, ""nondecreasing_share"": 0.971}, ""2"": {""best"": ""constant"", ""r2"": NaN, ""constant_value"": 0.0, ""nondecreasing_share"": 1.0}, ""3"": {""best"": ""cell sum"", ""r2"": 0.99999, ""constant_value"": null, ""nondecreasing_share"": 0.663}, ""4"": {""best"": ""current"", ""r2"": 1.0, ""constant_value"": null, ""nondecreasing_share"": 0.782}, ""5"": {""best"": ""volt_modepi"", ""r2"": 1.0, ""constant_value"": null, ""nondecreasing_share"": 0.652}, ""6"": {""best"": ""vin_3 col 0 (next row)"", ""r2"": 0.99999, ""constant_value"": null, ""nondecreasing_share"": 0.606}}",0.9293139882858898,0.907827643360981,0.0003148393017122775,0.00013485262721583654,
QAS,351,30342,30342,True,"{""vin_2 col 0"": {""best"": ""cell max"", ""r2"": 0.42135, ""joint_modepi_current_soc_r2"": 0.45227, ""median_abs_diff_to_modepi"": 0.02517}, ""vin_2 col 1"": {""best"": ""volt_modepi"", ""r2"": 0.82063, ""joint_modepi_current_soc_r2"": 0.98756, ""median_abs_diff_to_modepi"": 0.02858}, ""vin_3 col 0"": {""best"": ""temperature"", ""r2"": 0.52515, ""joint_modepi_current_soc_r2"": 0.04175, ""median_abs_diff_to_modepi"": 2.403}, ""vin_3 col 1"": {""best"": ""temperature"", ""r2"": 0.51983, ""joint_modepi_current_soc_r2"": 0.04013, ""median_abs_diff_to_modepi"": 2.407}}","{""0"": {""best"": ""temperature"", ""r2"": 1.0, ""constant_value"": null, ""nondecreasing_share"": 0.964}, ""1"": {""best"": ""pack SOC"", ""r2"": 1.0, ""constant_value"": null, ""nondecreasing_share"": 0.882}, ""2"": {""best"": ""constant"", ""r2"": NaN, ""constant_value"": 0.0, ""nondecreasing_share"": 1.0}, ""3"": {""best"": ""cell sum"", ""r2"": 0.99998, ""constant_value"": null, ""nondecreasing_share"": 0.625}, ""4"": {""best"": ""current"", ""r2"": 1.0, ""constant_value"": null, ""nondecreasing_share"": 0.7}, ""5"": {""best"": ""volt_modepi"", ""r2"": 1.0, ""constant_value"": null, ""nondecreasing_share"": 0.617}, ""6"": {""best"": ""vin_3 col 0 (next row)"", ""r2"": 0.99996, ""constant_value"": null, ""nondecreasing_share"": 0.444}}",0.9843502052151392,0.9853959593327755,0.00026399766185947193,0.00018455577462221992,
QAS,349,56379,56379,True,"{""vin_2 col 0"": {""best"": ""current"", ""r2"": 0.47588, ""joint_modepi_current_soc_r2"": 0.55318, ""median_abs_diff_to_modepi"": 0.02149}, ""vin_2 col 1"": {""best"": ""cell median"", ""r2"": 0.94949, ""joint_modepi_current_soc_r2"": 0.99883, ""median_abs_diff_to_modepi"": 0.01185}, ""vin_3 col 0"": {""best"": ""cell SOC mean"", ""r2"": 0.59579, ""joint_modepi_current_soc_r2"": 0.61628, ""median_abs_diff_to_modepi"": 2.365}, ""vin_3 col 1"": {""best"": ""pack SOC"", ""r2"": 0.59524, ""joint_modepi_current_soc_r2"": 0.61186, ""median_abs_diff_to_modepi"": 2.653}}","{""0"": {""best"": ""temperature"", ""r2"": 1.0, ""constant_value"": null, ""nondecreasing_share"": 0.974}, ""1"": {""best"": ""pack SOC"", ""r2"": 1.0, ""constant_value"": null, ""nondecreasing_share"": 0.917}, ""2"": {""best"": ""constant"", ""r2"": NaN, ""constant_value"": 0.0, ""nondecreasing_share"": 1.0}, ""3"": {""best"": ""cell sum"", ""r2"": 0.99999, ""constant_value"": null, ""nondecreasing_share"": 0.661}, ""4"": {""best"": ""current"", ""r2"": 1.0, ""constant_value"": null, ""nondecreasing_share"": 0.799}, ""5"": {""best"": ""volt_modepi"", ""r2"": 1.0, ""constant_value"": null, ""nondecreasing_share"": 0.653}, ""6"": {""best"": ""vin_3 col 1"", ""r2"": 0.99486, ""constant_value"": null, ""nondecreasing_share"": 0.516}}",0.7687481920745446,0.7583057488283922,0.0010754537198323089,0.0008504886515599049,
QAS,353,31483,27976,True,"{""vin_2 col 0"": {""best"": ""current"", ""r2"": 0.0022, ""joint_modepi_current_soc_r2"": 0.00221, ""median_abs_diff_to_modepi"": 0.01933}, ""vin_2 col 1"": {""best"": ""cell median"", ""r2"": 0.78163, ""joint_modepi_current_soc_r2"": 0.99818, ""median_abs_diff_to_modepi"": 0.1835}, ""vin_3 col 0"": {""best"": ""current"", ""r2"": 0.45483, ""joint_modepi_current_soc_r2"": 0.49557, ""median_abs_diff_to_modepi"": 2.376}, ""vin_3 col 1"": {""best"": ""current"", ""r2"": 0.47861, ""joint_modepi_current_soc_r2"": 0.54083, ""median_abs_diff_to_modepi"": 2.329}}","{""0"": {""best"": ""temperature"", ""r2"": 1.0, ""constant_value"": null, ""nondecreasing_share"": 0.976}, ""1"": {""best"": ""pack SOC"", ""r2"": 1.0, ""constant_value"": null, ""nondecreasing_share"": 0.97}, ""2"": {""best"": ""constant"", ""r2"": NaN, ""constant_value"": 0.0, ""nondecreasing_share"": 1.0}, ""3"": {""best"": ""cell sum"", ""r2"": 0.99999, ""constant_value"": null, ""nondecreasing_share"": 0.604}, ""4"": {""best"": ""current"", ""r2"": 1.0, ""constant_value"": null, ""nondecreasing_share"": 0.669}, ""5"": {""best"": ""volt_modepi"", ""r2"": 1.0, ""constant_value"": null, ""nondecreasing_share"": 0.595}, ""6"": {""best"": ""vin_3 col 0 (next row)"", ""r2"": 0.99996, ""constant_value"": null, ""nondecreasing_share"": 0.605}}",0.9839200747420925,0.910745705099503,0.000510813191874071,0.0001569631962774032,
QAS,354,39448,35658,True,"{""vin_2 col 0"": {""best"": ""current"", ""r2"": 0.00532, ""joint_modepi_current_soc_r2"": 0.00552, ""median_abs_diff_to_modepi"": 0.02541}, ""vin_2 col 1"": {""best"": ""cell median"", ""r2"": 0.69168, ""joint_modepi_current_soc_r2"": 0.99738, ""median_abs_diff_to_modepi"": 0.2263}, ""vin_3 col 0"": {""best"": ""current"", ""r2"": 0.37853, ""joint_modepi_current_soc_r2"": 0.46799, ""median_abs_diff_to_modepi"": 2.372}, ""vin_3 col 1"": {""best"": ""current"", ""r2"": 0.35111, ""joint_modepi_current_soc_r2"": 0.4379, ""median_abs_diff_to_modepi"": 2.361}}","{""0"": {""best"": ""temperature"", ""r2"": 1.0, ""constant_value"": null, ""nondecreasing_share"": 0.969}, ""1"": {""best"": ""pack SOC"", ""r2"": 1.0, ""constant_value"": null, ""nondecreasing_share"": 0.968}, ""2"": {""best"": ""constant"", ""r2"": NaN, ""constant_value"": 0.0, ""nondecreasing_share"": 1.0}, ""3"": {""best"": ""cell sum"", ""r2"": 0.99999, ""constant_value"": null, ""nondecreasing_share"": 0.642}, ""4"": {""best"": ""current"", ""r2"": 1.0, ""constant_value"": null, ""nondecreasing_share"": 0.813}, ""5"": {""best"": ""volt_modepi"", ""r2"": 1.0, ""constant_value"": null, ""nondecreasing_share"": 0.629}, ""6"": {""best"": ""vin_3 col 0 (next row)"", ""r2"": 0.99981, ""constant_value"": null, ""nondecreasing_share"": 0.538}}",0.9691671955750251,0.7756402331255752,0.0007651055376014515,0.00018558598377060647,
QAS,356,19622,19622,True,"{""vin_2 col 0"": {""best"": ""cell max"", ""r2"": 0.14907, ""joint_modepi_current_soc_r2"": 0.18968, ""median_abs_diff_to_modepi"": 0.02973}, ""vin_2 col 1"": {""best"": ""cell median"", ""r2"": 0.96993, ""joint_modepi_current_soc_r2"": 0.99733, ""median_abs_diff_to_modepi"": 0.04725}, ""vin_3 col 0"": {""best"": ""cell SOC mean"", ""r2"": 0.68461, ""joint_modepi_current_soc_r2"": 0.69444, ""median_abs_diff_to_modepi"": 2.697}, ""vin_3 col 1"": {""best"": ""pack SOC"", ""r2"": 0.68508, ""joint_modepi_current_soc_r2"": 0.69476, ""median_abs_diff_to_modepi"": 2.746}}","{""0"": {""best"": ""temperature"", ""r2"": 1.0, ""constant_value"": null, ""nondecreasing_share"": 0.971}, ""1"": {""best"": ""pack SOC"", ""r2"": 1.0, ""constant_value"": null, ""nondecreasing_share"": 0.946}, ""2"": {""best"": ""constant"", ""r2"": NaN, ""constant_value"": 0.0, ""nondecreasing_share"": 1.0}, ""3"": {""best"": ""cell sum"", ""r2"": 0.99999, ""constant_value"": null, ""nondecreasing_share"": 0.653}, ""4"": {""best"": ""current"", ""r2"": 1.0, ""constant_value"": null, ""nondecreasing_share"": 0.737}, ""5"": {""best"": ""volt_modepi"", ""r2"": 1.0, ""constant_value"": null, ""nondecreasing_share"": 0.642}, ""6"": {""best"": ""vin_3 col 1 (next row)"", ""r2"": 0.99981, ""constant_value"": null, ""nondecreasing_share"": 0.609}}",0.961929890041032,0.9666098984186424,0.00018399882252917443,0.00016649300395776834,
QAS,355,33458,31069,True,"{""vin_2 col 0"": {""best"": ""current"", ""r2"": 0.79797, ""joint_modepi_current_soc_r2"": 0.81372, ""median_abs_diff_to_modepi"": 0.02667}, ""vin_2 col 1"": {""best"": ""cell median"", ""r2"": 0.77179, ""joint_modepi_current_soc_r2"": 0.99865, ""median_abs_diff_to_modepi"": 0.2816}, ""vin_3 col 0"": {""best"": ""temperature"", ""r2"": 0.34663, ""joint_modepi_current_soc_r2"": 0.33633, ""median_abs_diff_to_modepi"": 2.377}, ""vin_3 col 1"": {""best"": ""temperature"", ""r2"": 0.34235, ""joint_modepi_current_soc_r2"": 0.31114, ""median_abs_diff_to_modepi"": 2.367}}","{""0"": {""best"": ""temperature"", ""r2"": 1.0, ""constant_value"": null, ""nondecreasing_share"": 0.978}, ""1"": {""best"": ""pack SOC"", ""r2"": 1.0, ""constant_value"": null, ""nondecreasing_share"": 0.953}, ""2"": {""best"": ""constant"", ""r2"": NaN, ""constant_value"": 0.0, ""nondecreasing_share"": 1.0}, ""3"": {""best"": ""cell sum"", ""r2"": 0.99999, ""constant_value"": null, ""nondecreasing_share"": 0.664}, ""4"": {""best"": ""current"", ""r2"": 1.0, ""constant_value"": null, ""nondecreasing_share"": 0.802}, ""5"": {""best"": ""volt_modepi"", ""r2"": 1.0, ""constant_value"": null, ""nondecreasing_share"": 0.656}, ""6"": {""best"": ""vin_3 col 0 (next row)"", ""r2"": 0.99997, ""constant_value"": null, ""nondecreasing_share"": 0.585}}",0.9963844186011175,0.9915192104542169,0.0012840976556178774,0.0005414978507485206,
QAS,352,60421,60368,True,"{""vin_2 col 0"": {""best"": ""current"", ""r2"": 0.41809, ""joint_modepi_current_soc_r2"": 0.48508, ""median_abs_diff_to_modepi"": 0.02297}, ""vin_2 col 1"": {""best"": ""cell median"", ""r2"": 0.77313, ""joint_modepi_current_soc_r2"": 0.99815, ""median_abs_diff_to_modepi"": 0.04521}, ""vin_3 col 0"": {""best"": ""pack SOC"", ""r2"": 0.10878, ""joint_modepi_current_soc_r2"": 0.11009, ""median_abs_diff_to_modepi"": 2.361}, ""vin_3 col 1"": {""best"": ""pack SOC"", ""r2"": 0.09877, ""joint_modepi_current_soc_r2"": 0.09983, ""median_abs_diff_to_modepi"": 2.366}}","{""0"": {""best"": ""temperature"", ""r2"": 1.0, ""constant_value"": null, ""nondecreasing_share"": 0.974}, ""1"": {""best"": ""pack SOC"", ""r2"": 1.0, ""constant_value"": null, ""nondecreasing_share"": 0.916}, ""2"": {""best"": ""constant"", ""r2"": NaN, ""constant_value"": 0.0, ""nondecreasing_share"": 1.0}, ""3"": {""best"": ""cell sum"", ""r2"": 0.99998, ""constant_value"": null, ""nondecreasing_share"": 0.677}, ""4"": {""best"": ""current"", ""r2"": 1.0, ""constant_value"": null, ""nondecreasing_share"": 0.774}, ""5"": {""best"": ""volt_modepi"", ""r2"": 1.0, ""constant_value"": null, ""nondecreasing_share"": 0.669}, ""6"": {""best"": ""vin_3 col 0 (next row)"", ""r2"": 0.9982, ""constant_value"": null, ""nondecreasing_share"": 0.509}}",0.8550375549597308,0.8355990367499888,0.0004147202400119898,0.0003650968849778268,
QAS,347,116330,116305,True,"{""vin_2 col 0"": {""best"": ""current"", ""r2"": 0.26243, ""joint_modepi_current_soc_r2"": 0.2796, ""median_abs_diff_to_modepi"": 0.05149}, ""vin_2 col 1"": {""best"": ""cell max"", ""r2"": 0.88352, ""joint_modepi_current_soc_r2"": 0.99337, ""median_abs_diff_to_modepi"": 0.05457}, ""vin_3 col 0"": {""best"": ""temperature"", ""r2"": 0.0837, ""joint_modepi_current_soc_r2"": 0.01209, ""median_abs_diff_to_modepi"": 2.949}, ""vin_3 col 1"": {""best"": ""temperature"", ""r2"": 0.08577, ""joint_modepi_current_soc_r2"": 0.00956, ""median_abs_diff_to_modepi"": 3.144}}","{""0"": {""best"": ""temperature"", ""r2"": 1.0, ""constant_value"": null, ""nondecreasing_share"": 0.974}, ""1"": {""best"": ""pack SOC"", ""r2"": 1.0, ""constant_value"": null, ""nondecreasing_share"": 0.947}, ""2"": {""best"": ""constant"", ""r2"": NaN, ""constant_value"": 0.0, ""nondecreasing_share"": 1.0}, ""3"": {""best"": ""cell sum"", ""r2"": 0.99995, ""constant_value"": null, ""nondecreasing_share"": 0.695}, ""4"": {""best"": ""current"", ""r2"": 1.0, ""constant_value"": null, ""nondecreasing_share"": 0.744}, ""5"": {""best"": ""volt_modepi"", ""r2"": 1.0, ""constant_value"": null, ""nondecreasing_share"": 0.687}, ""6"": {""best"": ""vin_3 col 1"", ""r2"": 0.99954, ""constant_value"": null, ""nondecreasing_share"": 0.519}}",0.9435480248514473,0.7570176690137688,0.0005291025286153772,2.530209483434737e-05,
QAS,359,29246,29246,True,"{""vin_2 col 0"": {""best"": ""volt_modepi"", ""r2"": 0.22727, ""joint_modepi_current_soc_r2"": 0.2424, ""median_abs_diff_to_modepi"": 0.02005}, ""vin_2 col 1"": {""best"": ""cell mean"", ""r2"": 0.9291, ""joint_modepi_current_soc_r2"": 0.99738, ""median_abs_diff_to_modepi"": 0.01224}, ""vin_3 col 0"": {""best"": ""cell SOC mean"", ""r2"": 0.47733, ""joint_modepi_current_soc_r2"": 0.59332, ""median_abs_diff_to_modepi"": 2.361}, ""vin_3 col 1"": {""best"": ""pack SOC"", ""r2"": 0.51963, ""joint_modepi_current_soc_r2"": 0.65514, ""median_abs_diff_to_modepi"": 2.568}}","{""0"": {""best"": ""temperature"", ""r2"": 1.0, ""constant_value"": null, ""nondecreasing_share"": 0.976}, ""1"": {""best"": ""pack SOC"", ""r2"": 1.0, ""constant_value"": null, ""nondecreasing_share"": 0.945}, ""2"": {""best"": ""constant"", ""r2"": NaN, ""constant_value"": 0.0, ""nondecreasing_share"": 1.0}, ""3"": {""best"": ""volt_modepi"", ""r2"": 0.99995, ""constant_value"": null, ""nondecreasing_share"": 0.694}, ""4"": {""best"": ""current"", ""r2"": 1.0, ""constant_value"": null, ""nondecreasing_share"": 0.786}, ""5"": {""best"": ""volt_modepi"", ""r2"": 1.0, ""constant_value"": null, ""nondecreasing_share"": 0.683}, ""6"": {""best"": ""vin_3 col 1"", ""r2"": 0.99986, ""constant_value"": null, ""nondecreasing_share"": 0.518}}",0.7401583487137153,0.7654993644510462,0.00035169149656044674,0.00040173754764113155,
QAS,360,34809,31436,True,"{""vin_2 col 0"": {""best"": ""current"", ""r2"": 0.0019, ""joint_modepi_current_soc_r2"": 0.00192, ""median_abs_diff_to_modepi"": 0.02806}, ""vin_2 col 1"": {""best"": ""cell median"", ""r2"": 0.7476, ""joint_modepi_current_soc_r2"": 0.9984, ""median_abs_diff_to_modepi"": 0.2428}, ""vin_3 col 0"": {""best"": ""temperature"", ""r2"": 0.22387, ""joint_modepi_current_soc_r2"": 0.29186, ""median_abs_diff_to_modepi"": 2.379}, ""vin_3 col 1"": {""best"": ""temperature"", ""r2"": 0.22416, ""joint_modepi_current_soc_r2"": 0.26982, ""median_abs_diff_to_modepi"": 2.373}}","{""0"": {""best"": ""temperature"", ""r2"": 1.0, ""constant_value"": null, ""nondecreasing_share"": 0.975}, ""1"": {""best"": ""pack SOC"", ""r2"": 1.0, ""constant_value"": null, ""nondecreasing_share"": 0.974}, ""2"": {""best"": ""constant"", ""r2"": NaN, ""constant_value"": 0.0, ""nondecreasing_share"": 1.0}, ""3"": {""best"": ""cell sum"", ""r2"": 0.99999, ""constant_value"": null, ""nondecreasing_share"": 0.684}, ""4"": {""best"": ""current"", ""r2"": 1.0, ""constant_value"": null, ""nondecreasing_share"": 0.816}, ""5"": {""best"": ""volt_modepi"", ""r2"": 1.0, ""constant_value"": null, ""nondecreasing_share"": 0.672}, ""6"": {""best"": ""vin_3 col 0 (next row)"", ""r2"": 0.99998, ""constant_value"": null, ""nondecreasing_share"": 0.601}}",0.9701755171183043,0.7989697425026321,0.0006319849217830686,0.00019425548511986485,
QAS,361,27547,25393,True,"{""vin_2 col 0"": {""best"": ""current"", ""r2"": 0.00164, ""joint_modepi_current_soc_r2"": 0.00178, ""median_abs_diff_to_modepi"": 0.02999}, ""vin_2 col 1"": {""best"": ""cell median"", ""r2"": 0.76137, ""joint_modepi_current_soc_r2"": 0.99827, ""median_abs_diff_to_modepi"": 0.2565}, ""vin_3 col 0"": {""best"": ""current"", ""r2"": 0.35464, ""joint_modepi_current_soc_r2"": 0.37974, ""median_abs_diff_to_modepi"": 2.373}, ""vin_3 col 1"": {""best"": ""current"", ""r2"": 0.34394, ""joint_modepi_current_soc_r2"": 0.36342, ""median_abs_diff_to_modepi"": 2.344}}","{""0"": {""best"": ""temperature"", ""r2"": 1.0, ""constant_value"": null, ""nondecreasing_share"": 0.977}, ""1"": {""best"": ""pack SOC"", ""r2"": 1.0, ""constant_value"": null, ""nondecreasing_share"": 0.963}, ""2"": {""best"": ""constant"", ""r2"": NaN, ""constant_value"": 0.0, ""nondecreasing_share"": 1.0}, ""3"": {""best"": ""cell sum"", ""r2"": 0.99998, ""constant_value"": null, ""nondecreasing_share"": 0.661}, ""4"": {""best"": ""current"", ""r2"": 1.0, ""constant_value"": null, ""nondecreasing_share"": 0.806}, ""5"": {""best"": ""volt_modepi"", ""r2"": 1.0, ""constant_value"": null, ""nondecreasing_share"": 0.649}, ""6"": {""best"": ""vin_3 col 0 (next row)"", ""r2"": 0.9992, ""constant_value"": null, ""nondecreasing_share"": 0.579}}",0.9742810478239124,0.9031544094838588,0.0009204446121642284,0.0003112413694130559,
QAS,362,31041,27785,True,"{""vin_2 col 0"": {""best"": ""current"", ""r2"": 0.00098, ""joint_modepi_current_soc_r2"": 0.00099, ""median_abs_diff_to_modepi"": 0.02295}, ""vin_2 col 1"": {""best"": ""volt_modepi"", ""r2"": 0.77307, ""joint_modepi_current_soc_r2"": 0.99764, ""median_abs_diff_to_modepi"": 0.184}, ""vin_3 col 0"": {""best"": ""current"", ""r2"": 0.29912, ""joint_modepi_current_soc_r2"": 0.32908, ""median_abs_diff_to_modepi"": 2.373}, ""vin_3 col 1"": {""best"": ""current"", ""r2"": 0.27768, ""joint_modepi_current_soc_r2"": 0.31251, ""median_abs_diff_to_modepi"": 2.363}}","{""0"": {""best"": ""temperature"", ""r2"": 1.0, ""constant_value"": null, ""nondecreasing_share"": 0.973}, ""1"": {""best"": ""pack SOC"", ""r2"": 1.0, ""constant_value"": null, ""nondecreasing_share"": 0.977}, ""2"": {""best"": ""constant"", ""r2"": NaN, ""constant_value"": 0.0, ""nondecreasing_share"": 1.0}, ""3"": {""best"": ""cell sum"", ""r2"": 0.99999, ""constant_value"": null, ""nondecreasing_share"": 0.68}, ""4"": {""best"": ""current"", ""r2"": 1.0, ""constant_value"": null, ""nondecreasing_share"": 0.842}, ""5"": {""best"": ""volt_modepi"", ""r2"": 1.0, ""constant_value"": null, ""nondecreasing_share"": 0.668}, ""6"": {""best"": ""vin_3 col 0 (next row)"", ""r2"": 0.99997, ""constant_value"": null, ""nondecreasing_share"": 0.586}}",0.9864177541162719,0.8455429599110187,0.0007212390055044704,0.00018442330858278906,
QAS,357,61877,61877,True,"{""vin_2 col 0"": {""best"": ""current"", ""r2"": 0.34663, ""joint_modepi_current_soc_r2"": 0.38992, ""median_abs_diff_to_modepi"": 0.01963}, ""vin_2 col 1"": {""best"": ""cell median"", ""r2"": 0.86235, ""joint_modepi_current_soc_r2"": 0.99831, ""median_abs_diff_to_modepi"": 0.07497}, ""vin_3 col 0"": {""best"": ""temperature"", ""r2"": 0.22148, ""joint_modepi_current_soc_r2"": 0.05934, ""median_abs_diff_to_modepi"": 2.349}, ""vin_3 col 1"": {""best"": ""temperature"", ""r2"": 0.22335, ""joint_modepi_current_soc_r2"": 0.05409, ""median_abs_diff_to_modepi"": 2.369}}","{""0"": {""best"": ""temperature"", ""r2"": 1.0, ""constant_value"": null, ""nondecreasing_share"": 0.971}, ""1"": {""best"": ""pack SOC"", ""r2"": 1.0, ""constant_value"": null, ""nondecreasing_share"": 0.95}, ""2"": {""best"": ""constant"", ""r2"": NaN, ""constant_value"": 0.0, ""nondecreasing_share"": 1.0}, ""3"": {""best"": ""cell sum"", ""r2"": 0.99999, ""constant_value"": null, ""nondecreasing_share"": 0.69}, ""4"": {""best"": ""current"", ""r2"": 1.0, ""constant_value"": null, ""nondecreasing_share"": 0.744}, ""5"": {""best"": ""volt_modepi"", ""r2"": 1.0, ""constant_value"": null, ""nondecreasing_share"": 0.685}, ""6"": {""best"": ""vin_3 col 0 (next row)"", ""r2"": 0.99947, ""constant_value"": null, ""nondecreasing_share"": 0.43}}",0.9805138739000017,0.9432769638066648,0.00038925013743140724,0.00034939742451077656,
QAS,365,16556,16556,True,"{""vin_2 col 0"": {""best"": ""current"", ""r2"": 0.16278, ""joint_modepi_current_soc_r2"": 0.16388, ""median_abs_diff_to_modepi"": 0.0399}, ""vin_2 col 1"": {""best"": ""cell median"", ""r2"": 0.9756, ""joint_modepi_current_soc_r2"": 0.99822, ""median_abs_diff_to_modepi"": 0.004472}, ""vin_3 col 0"": {""best"": ""temperature"", ""r2"": 0.4935, ""joint_modepi_current_soc_r2"": 0.00387, ""median_abs_diff_to_modepi"": 2.933}, ""vin_3 col 1"": {""best"": ""temperature"", ""r2"": 0.47614, ""joint_modepi_current_soc_r2"": 0.0048, ""median_abs_diff_to_modepi"": 2.961}}","{""0"": {""best"": ""temperature"", ""r2"": 1.0, ""constant_value"": null, ""nondecreasing_share"": 0.968}, ""1"": {""best"": ""pack SOC"", ""r2"": 1.0, ""constant_value"": null, ""nondecreasing_share"": 0.93}, ""2"": {""best"": ""constant"", ""r2"": NaN, ""constant_value"": 0.0, ""nondecreasing_share"": 1.0}, ""3"": {""best"": ""cell sum"", ""r2"": 0.99998, ""constant_value"": null, ""nondecreasing_share"": 0.678}, ""4"": {""best"": ""current"", ""r2"": 1.0, ""constant_value"": null, ""nondecreasing_share"": 0.751}, ""5"": {""best"": ""volt_modepi"", ""r2"": 1.0, ""constant_value"": null, ""nondecreasing_share"": 0.668}, ""6"": {""best"": ""vin_3 col 0 (next row)"", ""r2"": 0.99945, ""constant_value"": null, ""nondecreasing_share"": 0.569}}",0.8880997911846561,0.8946785247159494,0.0003126334899545835,7.020347613379308e-05,
QAS,358,66559,66558,True,"{""vin_2 col 0"": {""best"": ""cell min"", ""r2"": 0.49123, ""joint_modepi_current_soc_r2"": 0.53134, ""median_abs_diff_to_modepi"": 0.02244}, ""vin_2 col 1"": {""best"": ""cell max"", ""r2"": 0.83502, ""joint_modepi_current_soc_r2"": 0.99864, ""median_abs_diff_to_modepi"": 0.0282}, ""vin_3 col 0"": {""best"": ""temperature"", ""r2"": 0.06067, ""joint_modepi_current_soc_r2"": 0.04519, ""median_abs_diff_to_modepi"": 2.367}, ""vin_3 col 1"": {""best"": ""temperature"", ""r2"": 0.06138, ""joint_modepi_current_soc_r2"": 0.03474, ""median_abs_diff_to_modepi"": 2.364}}","{""0"": {""best"": ""temperature"", ""r2"": 1.0, ""constant_value"": null, ""nondecreasing_share"": 0.971}, ""1"": {""best"": ""pack SOC"", ""r2"": 1.0, ""constant_value"": null, ""nondecreasing_share"": 0.92}, ""2"": {""best"": ""constant"", ""r2"": NaN, ""constant_value"": 0.0, ""nondecreasing_share"": 1.0}, ""3"": {""best"": ""volt_modepi"", ""r2"": 0.99996, ""constant_value"": null, ""nondecreasing_share"": 0.697}, ""4"": {""best"": ""current"", ""r2"": 1.0, ""constant_value"": null, ""nondecreasing_share"": 0.773}, ""5"": {""best"": ""volt_modepi"", ""r2"": 1.0, ""constant_value"": null, ""nondecreasing_share"": 0.688}, ""6"": {""best"": ""vin_3 col 0 (next row)"", ""r2"": 0.99933, ""constant_value"": null, ""nondecreasing_share"": 0.53}}",0.97689653849492,0.9293972359006499,0.00039019836682485654,0.0003759413346108085,
QAS,367,13423,13423,True,"{""vin_2 col 0"": {""best"": ""cell min"", ""r2"": 0.17516, ""joint_modepi_current_soc_r2"": 0.17078, ""median_abs_diff_to_modepi"": 0.02936}, ""vin_2 col 1"": {""best"": ""cell max"", ""r2"": 0.87432, ""joint_modepi_current_soc_r2"": 0.99481, ""median_abs_diff_to_modepi"": 0.01206}, ""vin_3 col 0"": {""best"": ""temperature"", ""r2"": 0.21877, ""joint_modepi_current_soc_r2"": 0.13889, ""median_abs_diff_to_modepi"": 2.37}, ""vin_3 col 1"": {""best"": ""temperature"", ""r2"": 0.21893, ""joint_modepi_current_soc_r2"": 0.13139, ""median_abs_diff_to_modepi"": 2.365}}","{""0"": {""best"": ""temperature"", ""r2"": 1.0, ""constant_value"": null, ""nondecreasing_share"": 0.973}, ""1"": {""best"": ""pack SOC"", ""r2"": 1.0, ""constant_value"": null, ""nondecreasing_share"": 0.926}, ""2"": {""best"": ""constant"", ""r2"": NaN, ""constant_value"": 0.0, ""nondecreasing_share"": 1.0}, ""3"": {""best"": ""volt_modepi"", ""r2"": 0.99999, ""constant_value"": null, ""nondecreasing_share"": 0.694}, ""4"": {""best"": ""current"", ""r2"": 1.0, ""constant_value"": null, ""nondecreasing_share"": 0.757}, ""5"": {""best"": ""volt_modepi"", ""r2"": 1.0, ""constant_value"": null, ""nondecreasing_share"": 0.685}, ""6"": {""best"": ""vin_3 col 1"", ""r2"": 0.99956, ""constant_value"": null, ""nondecreasing_share"": 0.481}}",0.8904908152597484,0.8717401270984213,0.00028461689966841064,0.00025090666001508573,
QAS,364,27782,25049,True,"{""vin_2 col 0"": {""best"": ""current"", ""r2"": 0.0016, ""joint_modepi_current_soc_r2"": 0.00162, ""median_abs_diff_to_modepi"": 0.03448}, ""vin_2 col 1"": {""best"": ""cell median"", ""r2"": 0.73876, ""joint_modepi_current_soc_r2"": 0.99852, ""median_abs_diff_to_modepi"": 0.2575}, ""vin_3 col 0"": {""best"": ""current"", ""r2"": 0.2229, ""joint_modepi_current_soc_r2"": 0.28219, ""median_abs_diff_to_modepi"": 2.384}, ""vin_3 col 1"": {""best"": ""current"", ""r2"": 0.20783, ""joint_modepi_current_soc_r2"": 0.26029, ""median_abs_diff_to_modepi"": 2.365}}","{""0"": {""best"": ""temperature"", ""r2"": 1.0, ""constant_value"": null, ""nondecreasing_share"": 0.972}, ""1"": {""best"": ""pack SOC"", ""r2"": 1.0, ""constant_value"": null, ""nondecreasing_share"": 0.957}, ""2"": {""best"": ""constant"", ""r2"": NaN, ""constant_value"": 0.0, ""nondecreasing_share"": 1.0}, ""3"": {""best"": ""volt_modepi"", ""r2"": 0.99999, ""constant_value"": null, ""nondecreasing_share"": 0.655}, ""4"": {""best"": ""current"", ""r2"": 1.0, ""constant_value"": null, ""nondecreasing_share"": 0.813}, ""5"": {""best"": ""volt_modepi"", ""r2"": 1.0, ""constant_value"": null, ""nondecreasing_share"": 0.645}, ""6"": {""best"": ""vin_3 col 0 (next row)"", ""r2"": 0.99976, ""constant_value"": null, ""nondecreasing_share"": 0.6}}",0.9951325298857742,0.98596330325541,0.0007681015729437135,0.0003277850893480438,
QAS,363,36247,36247,True,"{""vin_2 col 0"": {""best"": ""cell min"", ""r2"": 0.53233, ""joint_modepi_current_soc_r2"": 0.47972, ""median_abs_diff_to_modepi"": 0.02413}, ""vin_2 col 1"": {""best"": ""cell median"", ""r2"": 0.96003, ""joint_modepi_current_soc_r2"": 0.99251, ""median_abs_diff_to_modepi"": 0.03746}, ""vin_3 col 0"": {""best"": ""cell min"", ""r2"": 0.38567, ""joint_modepi_current_soc_r2"": 0.41386, ""median_abs_diff_to_modepi"": 2.51}, ""vin_3 col 1"": {""best"": ""cell min"", ""r2"": 0.36214, ""joint_modepi_current_soc_r2"": 0.38994, ""median_abs_diff_to_modepi"": 2.504}}","{""0"": {""best"": ""temperature"", ""r2"": 1.0, ""constant_value"": null, ""nondecreasing_share"": 0.98}, ""1"": {""best"": ""pack SOC"", ""r2"": 1.0, ""constant_value"": null, ""nondecreasing_share"": 0.956}, ""2"": {""best"": ""constant"", ""r2"": NaN, ""constant_value"": 0.0, ""nondecreasing_share"": 1.0}, ""3"": {""best"": ""cell sum"", ""r2"": 0.99997, ""constant_value"": null, ""nondecreasing_share"": 0.645}, ""4"": {""best"": ""current"", ""r2"": 1.0, ""constant_value"": null, ""nondecreasing_share"": 0.729}, ""5"": {""best"": ""volt_modepi"", ""r2"": 1.0, ""constant_value"": null, ""nondecreasing_share"": 0.636}, ""6"": {""best"": ""vin_3 col 0 (next row)"", ""r2"": 0.99934, ""constant_value"": null, ""nondecreasing_share"": 0.577}}",0.5549805581738463,-0.05304726808356688,0.0027121592008025885,0.00021889070366919687,
QAS,366,38328,33808,True,"{""vin_2 col 0"": {""best"": ""current"", ""r2"": 0.01576, ""joint_modepi_current_soc_r2"": 0.01642, ""median_abs_diff_to_modepi"": 0.02279}, ""vin_2 col 1"": {""best"": ""cell median"", ""r2"": 0.72424, ""joint_modepi_current_soc_r2"": 0.9981, ""median_abs_diff_to_modepi"": 0.2229}, ""vin_3 col 0"": {""best"": ""current"", ""r2"": 0.27, ""joint_modepi_current_soc_r2"": 0.374, ""median_abs_diff_to_modepi"": 2.376}, ""vin_3 col 1"": {""best"": ""current"", ""r2"": 0.24861, ""joint_modepi_current_soc_r2"": 0.35088, ""median_abs_diff_to_modepi"": 2.366}}","{""0"": {""best"": ""temperature"", ""r2"": 1.0, ""constant_value"": null, ""nondecreasing_share"": 0.973}, ""1"": {""best"": ""pack SOC"", ""r2"": 1.0, ""constant_value"": null, ""nondecreasing_share"": 0.975}, ""2"": {""best"": ""constant"", ""r2"": NaN, ""constant_value"": 0.0, ""nondecreasing_share"": 1.0}, ""3"": {""best"": ""volt_modepi"", ""r2"": 0.99974, ""constant_value"": null, ""nondecreasing_share"": 0.704}, ""4"": {""best"": ""current"", ""r2"": 1.0, ""constant_value"": null, ""nondecreasing_share"": 0.859}, ""5"": {""best"": ""volt_modepi"", ""r2"": 1.0, ""constant_value"": null, ""nondecreasing_share"": 0.678}, ""6"": {""best"": ""vin_3 col 0 (next row)"", ""r2"": 0.99996, ""constant_value"": null, ""nondecreasing_share"": 0.548}}",0.9186805842809549,0.5577105141496635,0.0005855808685120145,0.00018042814385450887,
QAS,369,18729,18608,True,"{""vin_2 col 0"": {""best"": ""current"", ""r2"": 0.10172, ""joint_modepi_current_soc_r2"": 0.10564, ""median_abs_diff_to_modepi"": 0.04294}, ""vin_2 col 1"": {""best"": ""cell median"", ""r2"": 0.95615, ""joint_modepi_current_soc_r2"": 0.99702, ""median_abs_diff_to_modepi"": 0.01706}, ""vin_3 col 0"": {""best"": ""pack SOC"", ""r2"": 0.40027, ""joint_modepi_current_soc_r2"": 0.41055, ""median_abs_diff_to_modepi"": 2.951}, ""vin_3 col 1"": {""best"": ""pack SOC"", ""r2"": 0.38922, ""joint_modepi_current_soc_r2"": 0.4014, ""median_abs_diff_to_modepi"": 2.954}}","{""0"": {""best"": ""temperature"", ""r2"": 1.0, ""constant_value"": null, ""nondecreasing_share"": 0.969}, ""1"": {""best"": ""pack SOC"", ""r2"": 1.0, ""constant_value"": null, ""nondecreasing_share"": 0.948}, ""2"": {""best"": ""constant"", ""r2"": NaN, ""constant_value"": 0.0, ""nondecreasing_share"": 1.0}, ""3"": {""best"": ""cell sum"", ""r2"": 0.99999, ""constant_value"": null, ""nondecreasing_share"": 0.653}, ""4"": {""best"": ""current"", ""r2"": 1.0, ""constant_value"": null, ""nondecreasing_share"": 0.766}, ""5"": {""best"": ""volt_modepi"", ""r2"": 1.0, ""constant_value"": null, ""nondecreasing_share"": 0.644}, ""6"": {""best"": ""vin_3 col 1"", ""r2"": 0.99929, ""constant_value"": null, ""nondecreasing_share"": 0.594}}",0.8813385183134468,0.91867349553152,0.0005974778121049518,7.83208309296823e-05,
QAS,370,20456,20456,True,"{""vin_2 col 0"": {""best"": ""volt_modepi"", ""r2"": 0.095, ""joint_modepi_current_soc_r2"": 0.11892, ""median_abs_diff_to_modepi"": 0.02485}, ""vin_2 col 1"": {""best"": ""cell max"", ""r2"": 0.85202, ""joint_modepi_current_soc_r2"": 0.99738, ""median_abs_diff_to_modepi"": 0.008695}, ""vin_3 col 0"": {""best"": ""temperature"", ""r2"": 0.23126, ""joint_modepi_current_soc_r2"": 0.03895, ""median_abs_diff_to_modepi"": 2.369}, ""vin_3 col 1"": {""best"": ""temperature"", ""r2"": 0.2319, ""joint_modepi_current_soc_r2"": 0.03524, ""median_abs_diff_to_modepi"": 2.369}}","{""0"": {""best"": ""temperature"", ""r2"": 1.0, ""constant_value"": null, ""nondecreasing_share"": 0.975}, ""1"": {""best"": ""pack SOC"", ""r2"": 1.0, ""constant_value"": null, ""nondecreasing_share"": 0.93}, ""2"": {""best"": ""constant"", ""r2"": NaN, ""constant_value"": 0.0, ""nondecreasing_share"": 1.0}, ""3"": {""best"": ""cell sum"", ""r2"": 0.99998, ""constant_value"": null, ""nondecreasing_share"": 0.669}, ""4"": {""best"": ""current"", ""r2"": 1.0, ""constant_value"": null, ""nondecreasing_share"": 0.769}, ""5"": {""best"": ""volt_modepi"", ""r2"": 1.0, ""constant_value"": null, ""nondecreasing_share"": 0.66}, ""6"": {""best"": ""vin_3 col 0 (next row)"", ""r2"": 0.99948, ""constant_value"": null, ""nondecreasing_share"": 0.518}}",0.9566249089258139,0.9043073907563275,0.0006324383587197335,0.00038613881439996116,
QAS,373,7548,7548,True,"{""vin_2 col 0"": {""best"": ""cell mean"", ""r2"": 0.07116, ""joint_modepi_current_soc_r2"": 0.0824, ""median_abs_diff_to_modepi"": 0.02842}, ""vin_2 col 1"": {""best"": ""cell median"", ""r2"": 0.91045, ""joint_modepi_current_soc_r2"": 0.99499, ""median_abs_diff_to_modepi"": 0.02139}, ""vin_3 col 0"": {""best"": ""cell SOC mean"", ""r2"": 0.54469, ""joint_modepi_current_soc_r2"": 0.54827, ""median_abs_diff_to_modepi"": 2.662}, ""vin_3 col 1"": {""best"": ""pack SOC"", ""r2"": 0.53627, ""joint_modepi_current_soc_r2"": 0.54329, ""median_abs_diff_to_modepi"": 2.69}}","{""0"": {""best"": ""temperature"", ""r2"": 1.0, ""constant_value"": null, ""nondecreasing_share"": 0.97}, ""1"": {""best"": ""pack SOC"", ""r2"": 1.0, ""constant_value"": null, ""nondecreasing_share"": 0.94}, ""2"": {""best"": ""constant"", ""r2"": NaN, ""constant_value"": 0.0, ""nondecreasing_share"": 1.0}, ""3"": {""best"": ""cell sum"", ""r2"": 0.99999, ""constant_value"": null, ""nondecreasing_share"": 0.681}, ""4"": {""best"": ""current"", ""r2"": 1.0, ""constant_value"": null, ""nondecreasing_share"": 0.736}, ""5"": {""best"": ""volt_modepi"", ""r2"": 1.0, ""constant_value"": null, ""nondecreasing_share"": 0.674}, ""6"": {""best"": ""vin_3 col 1"", ""r2"": 0.99958, ""constant_value"": null, ""nondecreasing_share"": 0.596}}",0.8656789509169367,0.8711407523035619,0.0003105033993215933,0.00011781509192201446,
QAS,368,50979,50979,True,"{""vin_2 col 0"": {""best"": ""current"", ""r2"": 0.24656, ""joint_modepi_current_soc_r2"": 0.25001, ""median_abs_diff_to_modepi"": 0.04578}, ""vin_2 col 1"": {""best"": ""cell median"", ""r2"": 0.97655, ""joint_modepi_current_soc_r2"": 0.99884, ""median_abs_diff_to_modepi"": 0.008396}, ""vin_3 col 0"": {""best"": ""temperature"", ""r2"": 0.23341, ""joint_modepi_current_soc_r2"": 0.14858, ""median_abs_diff_to_modepi"": 2.952}, ""vin_3 col 1"": {""best"": ""temperature"", ""r2"": 0.23939, ""joint_modepi_current_soc_r2"": 0.11753, ""median_abs_diff_to_modepi"": 3.052}}","{""0"": {""best"": ""temperature"", ""r2"": 1.0, ""constant_value"": null, ""nondecreasing_share"": 0.971}, ""1"": {""best"": ""pack SOC"", ""r2"": 1.0, ""constant_value"": null, ""nondecreasing_share"": 0.939}, ""2"": {""best"": ""constant"", ""r2"": NaN, ""constant_value"": 0.0, ""nondecreasing_share"": 1.0}, ""3"": {""best"": ""cell sum"", ""r2"": 0.99999, ""constant_value"": null, ""nondecreasing_share"": 0.681}, ""4"": {""best"": ""current"", ""r2"": 1.0, ""constant_value"": null, ""nondecreasing_share"": 0.763}, ""5"": {""best"": ""volt_modepi"", ""r2"": 1.0, ""constant_value"": null, ""nondecreasing_share"": 0.67}, ""6"": {""best"": ""vin_3 col 1 (next row)"", ""r2"": 0.99447, ""constant_value"": null, ""nondecreasing_share"": 0.507}}",0.819810698411414,0.833925777593284,0.0005186951874835977,5.416860804272619e-05,
QAS,374,24991,24991,True,"{""vin_2 col 0"": {""best"": ""volt_modepi"", ""r2"": 0.09689, ""joint_modepi_current_soc_r2"": 0.12642, ""median_abs_diff_to_modepi"": 0.02505}, ""vin_2 col 1"": {""best"": ""cell max"", ""r2"": 0.91409, ""joint_modepi_current_soc_r2"": 0.99894, ""median_abs_diff_to_modepi"": 0.01383}, ""vin_3 col 0"": {""best"": ""temperature"", ""r2"": 0.1754, ""joint_modepi_current_soc_r2"": 0.07713, ""median_abs_diff_to_modepi"": 2.359}, ""vin_3 col 1"": {""best"": ""temperature"", ""r2"": 0.17063, ""joint_modepi_current_soc_r2"": 0.07112, ""median_abs_diff_to_modepi"": 2.363}}","{""0"": {""best"": ""temperature"", ""r2"": 1.0, ""constant_value"": null, ""nondecreasing_share"": 0.975}, ""1"": {""best"": ""pack SOC"", ""r2"": 1.0, ""constant_value"": null, ""nondecreasing_share"": 0.945}, ""2"": {""best"": ""constant"", ""r2"": NaN, ""constant_value"": 0.0, ""nondecreasing_share"": 1.0}, ""3"": {""best"": ""cell sum"", ""r2"": 0.99999, ""constant_value"": null, ""nondecreasing_share"": 0.658}, ""4"": {""best"": ""current"", ""r2"": 1.0, ""constant_value"": null, ""nondecreasing_share"": 0.706}, ""5"": {""best"": ""volt_modepi"", ""r2"": 1.0, ""constant_value"": null, ""nondecreasing_share"": 0.65}, ""6"": {""best"": ""vin_3 col 0 (next row)"", ""r2"": 0.99962, ""constant_value"": null, ""nondecreasing_share"": 0.454}}",0.9262662606077658,0.9077068230875147,0.00023049994481461056,0.00015508868771909017,
QAS,376,20744,20744,True,"{""vin_2 col 0"": {""best"": ""cell min"", ""r2"": 0.16823, ""joint_modepi_current_soc_r2"": 0.18256, ""median_abs_diff_to_modepi"": 0.01881}, ""vin_2 col 1"": {""best"": ""cell max"", ""r2"": 0.93388, ""joint_modepi_current_soc_r2"": 0.99663, ""median_abs_diff_to_modepi"": 0.0314}, ""vin_3 col 0"": {""best"": ""cell SOC mean"", ""r2"": 0.44437, ""joint_modepi_current_soc_r2"": 0.48739, ""median_abs_diff_to_modepi"": 2.359}, ""vin_3 col 1"": {""best"": ""pack SOC"", ""r2"": 0.51751, ""joint_modepi_current_soc_r2"": 0.57729, ""median_abs_diff_to_modepi"": 2.748}}","{""0"": {""best"": ""temperature"", ""r2"": 1.0, ""constant_value"": null, ""nondecreasing_share"": 0.975}, ""1"": {""best"": ""pack SOC"", ""r2"": 1.0, ""constant_value"": null, ""nondecreasing_share"": 0.944}, ""2"": {""best"": ""constant"", ""r2"": NaN, ""constant_value"": 0.0, ""nondecreasing_share"": 1.0}, ""3"": {""best"": ""cell sum"", ""r2"": 0.99999, ""constant_value"": null, ""nondecreasing_share"": 0.638}, ""4"": {""best"": ""current"", ""r2"": 1.0, ""constant_value"": null, ""nondecreasing_share"": 0.826}, ""5"": {""best"": ""volt_modepi"", ""r2"": 1.0, ""constant_value"": null, ""nondecreasing_share"": 0.624}, ""6"": {""best"": ""vin_3 col 1"", ""r2"": 0.99954, ""constant_value"": null, ""nondecreasing_share"": 0.532}}",0.869057391421435,0.5904059934344796,0.0003607529466864712,0.0003126457054246898,
QAS,372,48882,48882,True,"{""vin_2 col 0"": {""best"": ""current"", ""r2"": 0.3358, ""joint_modepi_current_soc_r2"": 0.39726, ""median_abs_diff_to_modepi"": 0.02023}, ""vin_2 col 1"": {""best"": ""cell max"", ""r2"": 0.88657, ""joint_modepi_current_soc_r2"": 0.99864, ""median_abs_diff_to_modepi"": 0.005852}, ""vin_3 col 0"": {""best"": ""temperature"", ""r2"": 0.23586, ""joint_modepi_current_soc_r2"": 0.0423, ""median_abs_diff_to_modepi"": 2.363}, ""vin_3 col 1"": {""best"": ""temperature"", ""r2"": 0.23519, ""joint_modepi_current_soc_r2"": 0.03932, ""median_abs_diff_to_modepi"": 2.36}}","{""0"": {""best"": ""temperature"", ""r2"": 1.0, ""constant_value"": null, ""nondecreasing_share"": 0.976}, ""1"": {""best"": ""pack SOC"", ""r2"": 1.0, ""constant_value"": null, ""nondecreasing_share"": 0.942}, ""2"": {""best"": ""constant"", ""r2"": NaN, ""constant_value"": 0.0, ""nondecreasing_share"": 1.0}, ""3"": {""best"": ""cell sum"", ""r2"": 0.99998, ""constant_value"": null, ""nondecreasing_share"": 0.661}, ""4"": {""best"": ""current"", ""r2"": 1.0, ""constant_value"": null, ""nondecreasing_share"": 0.768}, ""5"": {""best"": ""volt_modepi"", ""r2"": 1.0, ""constant_value"": null, ""nondecreasing_share"": 0.652}, ""6"": {""best"": ""vin_3 col 0 (next row)"", ""r2"": 0.99937, ""constant_value"": null, ""nondecreasing_share"": 0.574}}",0.9846275039427943,0.9599667356031467,0.0005246699938552535,0.00045992440171586794,
QAS,377,10980,10980,True,"{""vin_2 col 0"": {""best"": ""cell median"", ""r2"": 0.0039, ""joint_modepi_current_soc_r2"": 0.00399, ""median_abs_diff_to_modepi"": 0.0262}, ""vin_2 col 1"": {""best"": ""cell median"", ""r2"": 0.9645, ""joint_modepi_current_soc_r2"": 0.9964, ""median_abs_diff_to_modepi"": 0.02943}, ""vin_3 col 0"": {""best"": ""temperature"", ""r2"": 0.36445, ""joint_modepi_current_soc_r2"": 0.03305, ""median_abs_diff_to_modepi"": 2.369}, ""vin_3 col 1"": {""best"": ""temperature"", ""r2"": 0.36952, ""joint_modepi_current_soc_r2"": 0.02766, ""median_abs_diff_to_modepi"": 2.365}}","{""0"": {""best"": ""temperature"", ""r2"": 1.0, ""constant_value"": null, ""nondecreasing_share"": 0.969}, ""1"": {""best"": ""pack SOC"", ""r2"": 1.0, ""constant_value"": null, ""nondecreasing_share"": 0.95}, ""2"": {""best"": ""constant"", ""r2"": NaN, ""constant_value"": 0.0, ""nondecreasing_share"": 1.0}, ""3"": {""best"": ""cell sum"", ""r2"": 0.99999, ""constant_value"": null, ""nondecreasing_share"": 0.649}, ""4"": {""best"": ""current"", ""r2"": 1.0, ""constant_value"": null, ""nondecreasing_share"": 0.745}, ""5"": {""best"": ""volt_modepi"", ""r2"": 1.0, ""constant_value"": null, ""nondecreasing_share"": 0.642}, ""6"": {""best"": ""vin_3 col 1"", ""r2"": 0.99917, ""constant_value"": null, ""nondecreasing_share"": 0.515}}",0.9052941466358464,0.8114320506070453,0.0008494673738779213,0.0005619153105866732,
QAS,371,58300,58300,True,"{""vin_2 col 0"": {""best"": ""cell min"", ""r2"": 0.252, ""joint_modepi_current_soc_r2"": 0.23769, ""median_abs_diff_to_modepi"": 0.04285}, ""vin_2 col 1"": {""best"": ""cell median"", ""r2"": 0.84294, ""joint_modepi_current_soc_r2"": 0.97461, ""median_abs_diff_to_modepi"": 0.05793}, ""vin_3 col 0"": {""best"": ""temperature"", ""r2"": 0.50127, ""joint_modepi_current_soc_r2"": 0.00895, ""median_abs_diff_to_modepi"": 2.922}, ""vin_3 col 1"": {""best"": ""temperature"", ""r2"": 0.50109, ""joint_modepi_current_soc_r2"": 0.00793, ""median_abs_diff_to_modepi"": 2.931}}","{""0"": {""best"": ""temperature"", ""r2"": 1.0, ""constant_value"": null, ""nondecreasing_share"": 0.971}, ""1"": {""best"": ""pack SOC"", ""r2"": 1.0, ""constant_value"": null, ""nondecreasing_share"": 0.917}, ""2"": {""best"": ""constant"", ""r2"": NaN, ""constant_value"": 0.0, ""nondecreasing_share"": 1.0}, ""3"": {""best"": ""cell sum"", ""r2"": 0.99887, ""constant_value"": null, ""nondecreasing_share"": 0.681}, ""4"": {""best"": ""current"", ""r2"": 1.0, ""constant_value"": null, ""nondecreasing_share"": 0.749}, ""5"": {""best"": ""volt_modepi"", ""r2"": 1.0, ""constant_value"": null, ""nondecreasing_share"": 0.671}, ""6"": {""best"": ""vin_3 col 0 (next row)"", ""r2"": 0.99983, ""constant_value"": null, ""nondecreasing_share"": 0.544}}",0.8828378477323802,0.9033441250087444,0.00044303607716944526,8.670267872251856e-05,
QAS,379,20621,20621,True,"{""vin_2 col 0"": {""best"": ""current"", ""r2"": 0.15368, ""joint_modepi_current_soc_r2"": 0.18342, ""median_abs_diff_to_modepi"": 0.02317}, ""vin_2 col 1"": {""best"": ""cell max"", ""r2"": 0.89735, ""joint_modepi_current_soc_r2"": 0.99709, ""median_abs_diff_to_modepi"": 0.006937}, ""vin_3 col 0"": {""best"": ""cell SOC mean"", ""r2"": 0.4371, ""joint_modepi_current_soc_r2"": 0.49067, ""median_abs_diff_to_modepi"": 2.362}, ""vin_3 col 1"": {""best"": ""pack SOC"", ""r2"": 0.47558, ""joint_modepi_current_soc_r2"": 0.54949, ""median_abs_diff_to_modepi"": 2.777}}","{""0"": {""best"": ""temperature"", ""r2"": 1.0, ""constant_value"": null, ""nondecreasing_share"": 0.97}, ""1"": {""best"": ""pack SOC"", ""r2"": 1.0, ""constant_value"": null, ""nondecreasing_share"": 0.936}, ""2"": {""best"": ""constant"", ""r2"": NaN, ""constant_value"": 0.0, ""nondecreasing_share"": 1.0}, ""3"": {""best"": ""cell sum"", ""r2"": 0.99995, ""constant_value"": null, ""nondecreasing_share"": 0.65}, ""4"": {""best"": ""current"", ""r2"": 1.0, ""constant_value"": null, ""nondecreasing_share"": 0.765}, ""5"": {""best"": ""volt_modepi"", ""r2"": 1.0, ""constant_value"": null, ""nondecreasing_share"": 0.636}, ""6"": {""best"": ""vin_3 col 1"", ""r2"": 0.99976, ""constant_value"": null, ""nondecreasing_share"": 0.436}}",0.9685586670217342,0.9113654588025656,0.0005763055698047026,0.00030888207117003375,
QAS,378,22755,22755,True,"{""vin_2 col 0"": {""best"": ""cell min"", ""r2"": 0.20056, ""joint_modepi_current_soc_r2"": 0.21845, ""median_abs_diff_to_modepi"": 0.02181}, ""vin_2 col 1"": {""best"": ""cell median"", ""r2"": 0.95275, ""joint_modepi_current_soc_r2"": 0.9977, ""median_abs_diff_to_modepi"": 0.04123}, ""vin_3 col 0"": {""best"": ""cell SOC mean"", ""r2"": 0.50868, ""joint_modepi_current_soc_r2"": 0.51526, ""median_abs_diff_to_modepi"": 2.348}, ""vin_3 col 1"": {""best"": ""pack SOC"", ""r2"": 0.58159, ""joint_modepi_current_soc_r2"": 0.61007, ""median_abs_diff_to_modepi"": 2.611}}","{""0"": {""best"": ""temperature"", ""r2"": 1.0, ""constant_value"": null, ""nondecreasing_share"": 0.971}, ""1"": {""best"": ""pack SOC"", ""r2"": 1.0, ""constant_value"": null, ""nondecreasing_share"": 0.929}, ""2"": {""best"": ""constant"", ""r2"": NaN, ""constant_value"": 0.0, ""nondecreasing_share"": 1.0}, ""3"": {""best"": ""cell sum"", ""r2"": 0.99999, ""constant_value"": null, ""nondecreasing_share"": 0.649}, ""4"": {""best"": ""current"", ""r2"": 1.0, ""constant_value"": null, ""nondecreasing_share"": 0.714}, ""5"": {""best"": ""volt_modepi"", ""r2"": 1.0, ""constant_value"": null, ""nondecreasing_share"": 0.641}, ""6"": {""best"": ""vin_3 col 1"", ""r2"": 0.9998, ""constant_value"": null, ""nondecreasing_share"": 0.415}}",0.9816854714274538,0.9606369501576151,0.00017845144531625223,0.00019781230054522478,
QAS,380,15391,15391,True,"{""vin_2 col 0"": {""best"": ""cell min"", ""r2"": 0.00452, ""joint_modepi_current_soc_r2"": 0.00902, ""median_abs_diff_to_modepi"": 0.03689}, ""vin_2 col 1"": {""best"": ""cell min"", ""r2"": 0.7771, ""joint_modepi_current_soc_r2"": 0.98512, ""median_abs_diff_to_modepi"": 0.07982}, ""vin_3 col 0"": {""best"": ""temperature"", ""r2"": 0.26934, ""joint_modepi_current_soc_r2"": 0.31034, ""median_abs_diff_to_modepi"": 2.71}, ""vin_3 col 1"": {""best"": ""temperature"", ""r2"": 0.27837, ""joint_modepi_current_soc_r2"": 0.29206, ""median_abs_diff_to_modepi"": 2.7}}","{""0"": {""best"": ""temperature"", ""r2"": 1.0, ""constant_value"": null, ""nondecreasing_share"": 0.977}, ""1"": {""best"": ""pack SOC"", ""r2"": 1.0, ""constant_value"": null, ""nondecreasing_share"": 0.908}, ""2"": {""best"": ""constant"", ""r2"": NaN, ""constant_value"": 0.0, ""nondecreasing_share"": 1.0}, ""3"": {""best"": ""cell sum"", ""r2"": 0.99999, ""constant_value"": null, ""nondecreasing_share"": 0.674}, ""4"": {""best"": ""current"", ""r2"": 1.0, ""constant_value"": null, ""nondecreasing_share"": 0.773}, ""5"": {""best"": ""volt_modepi"", ""r2"": 1.0, ""constant_value"": null, ""nondecreasing_share"": 0.662}, ""6"": {""best"": ""vin_3 col 1"", ""r2"": 0.99927, ""constant_value"": null, ""nondecreasing_share"": 0.644}}",0.9832214141850235,0.3557241382911688,0.0006366791013028283,0.000142364439081634,
QAS,375,56253,51090,True,"{""vin_2 col 0"": {""best"": ""current"", ""r2"": 0.92706, ""joint_modepi_current_soc_r2"": 0.93586, ""median_abs_diff_to_modepi"": 0.0224}, ""vin_2 col 1"": {""best"": ""volt_modepi"", ""r2"": 0.73211, ""joint_modepi_current_soc_r2"": 0.99819, ""median_abs_diff_to_modepi"": 0.2509}, ""vin_3 col 0"": {""best"": ""current"", ""r2"": 0.29536, ""joint_modepi_current_soc_r2"": 0.30069, ""median_abs_diff_to_modepi"": 2.377}, ""vin_3 col 1"": {""best"": ""current"", ""r2"": 0.26989, ""joint_modepi_current_soc_r2"": 0.27377, ""median_abs_diff_to_modepi"": 2.372}}","{""0"": {""best"": ""temperature"", ""r2"": 1.0, ""constant_value"": null, ""nondecreasing_share"": 0.977}, ""1"": {""best"": ""pack SOC"", ""r2"": 1.0, ""constant_value"": null, ""nondecreasing_share"": 0.967}, ""2"": {""best"": ""constant"", ""r2"": NaN, ""constant_value"": 0.0, ""nondecreasing_share"": 1.0}, ""3"": {""best"": ""cell sum"", ""r2"": 0.99998, ""constant_value"": null, ""nondecreasing_share"": 0.677}, ""4"": {""best"": ""current"", ""r2"": 1.0, ""constant_value"": null, ""nondecreasing_share"": 0.8}, ""5"": {""best"": ""volt_modepi"", ""r2"": 1.0, ""constant_value"": null, ""nondecreasing_share"": 0.664}, ""6"": {""best"": ""vin_3 col 0 (next row)"", ""r2"": 0.99997, ""constant_value"": null, ""nondecreasing_share"": 0.637}}",0.9797851545469756,0.925242554458315,0.0005788158375406027,0.00022354544614253553,
QAS,381,21354,21354,True,"{""vin_2 col 0"": {""best"": ""cell min"", ""r2"": 0.12489, ""joint_modepi_current_soc_r2"": 0.15223, ""median_abs_diff_to_modepi"": 0.02142}, ""vin_2 col 1"": {""best"": ""cell median"", ""r2"": 0.9149, ""joint_modepi_current_soc_r2"": 0.99613, ""median_abs_diff_to_modepi"": 0.04452}, ""vin_3 col 0"": {""best"": ""temperature"", ""r2"": 0.62421, ""joint_modepi_current_soc_r2"": 0.03557, ""median_abs_diff_to_modepi"": 2.392}, ""vin_3 col 1"": {""best"": ""temperature"", ""r2"": 0.62485, ""joint_modepi_current_soc_r2"": 0.03531, ""median_abs_diff_to_modepi"": 2.393}}","{""0"": {""best"": ""temperature"", ""r2"": 1.0, ""constant_value"": null, ""nondecreasing_share"": 0.971}, ""1"": {""best"": ""pack SOC"", ""r2"": 1.0, ""constant_value"": null, ""nondecreasing_share"": 0.954}, ""2"": {""best"": ""constant"", ""r2"": NaN, ""constant_value"": 0.0, ""nondecreasing_share"": 1.0}, ""3"": {""best"": ""cell sum"", ""r2"": 0.99999, ""constant_value"": null, ""nondecreasing_share"": 0.654}, ""4"": {""best"": ""current"", ""r2"": 1.0, ""constant_value"": null, ""nondecreasing_share"": 0.774}, ""5"": {""best"": ""volt_modepi"", ""r2"": 1.0, ""constant_value"": null, ""nondecreasing_share"": 0.645}, ""6"": {""best"": ""vin_3 col 0 (next row)"", ""r2"": 1.0, ""constant_value"": null, ""nondecreasing_share"": 0.525}}",0.8256936510091479,0.7479461283806712,0.0003397924831727295,0.0003446645917203734,
QAS,382,19120,19120,True,"{""vin_2 col 0"": {""best"": ""current"", ""r2"": 0.16887, ""joint_modepi_current_soc_r2"": 0.20123, ""median_abs_diff_to_modepi"": 0.01873}, ""vin_2 col 1"": {""best"": ""cell max"", ""r2"": 0.89903, ""joint_modepi_current_soc_r2"": 0.99849, ""median_abs_diff_to_modepi"": 0.01363}, ""vin_3 col 0"": {""best"": ""cell SOC mean"", ""r2"": 0.41814, ""joint_modepi_current_soc_r2"": 0.45659, ""median_abs_diff_to_modepi"": 2.362}, ""vin_3 col 1"": {""best"": ""cell SOC mean"", ""r2"": 0.50078, ""joint_modepi_current_soc_r2"": 0.59199, ""median_abs_diff_to_modepi"": 2.881}}","{""0"": {""best"": ""temperature"", ""r2"": 1.0, ""constant_value"": null, ""nondecreasing_share"": 0.971}, ""1"": {""best"": ""pack SOC"", ""r2"": 1.0, ""constant_value"": null, ""nondecreasing_share"": 0.946}, ""2"": {""best"": ""constant"", ""r2"": NaN, ""constant_value"": 0.0, ""nondecreasing_share"": 1.0}, ""3"": {""best"": ""cell sum"", ""r2"": 0.99999, ""constant_value"": null, ""nondecreasing_share"": 0.7}, ""4"": {""best"": ""current"", ""r2"": 1.0, ""constant_value"": null, ""nondecreasing_share"": 0.85}, ""5"": {""best"": ""volt_modepi"", ""r2"": 1.0, ""constant_value"": null, ""nondecreasing_share"": 0.687}, ""6"": {""best"": ""vin_3 col 1"", ""r2"": 0.99945, ""constant_value"": null, ""nondecreasing_share"": 0.531}}",0.7203511433510765,0.3450771854825196,0.0031292383522556477,0.001845445105617363,
QAS,387,29268,23470,True,"{""vin_2 col 0"": {""best"": ""current"", ""r2"": 0.97756, ""joint_modepi_current_soc_r2"": 0.98156, ""median_abs_diff_to_modepi"": 0.02562}, ""vin_2 col 1"": {""best"": ""volt_modepi"", ""r2"": 0.7367, ""joint_modepi_current_soc_r2"": 0.99827, ""median_abs_diff_to_modepi"": 0.2234}, ""vin_3 col 0"": {""best"": ""current"", ""r2"": 0.46453, ""joint_modepi_current_soc_r2"": 0.46546, ""median_abs_diff_to_modepi"": 2.378}, ""vin_3 col 1"": {""best"": ""current"", ""r2"": 0.43293, ""joint_modepi_current_soc_r2"": 0.43483, ""median_abs_diff_to_modepi"": 2.369}}","{""0"": {""best"": ""temperature"", ""r2"": 1.0, ""constant_value"": null, ""nondecreasing_share"": 0.971}, ""1"": {""best"": ""pack SOC"", ""r2"": 1.0, ""constant_value"": null, ""nondecreasing_share"": 0.969}, ""2"": {""best"": ""constant"", ""r2"": NaN, ""constant_value"": 0.0, ""nondecreasing_share"": 1.0}, ""3"": {""best"": ""cell sum"", ""r2"": 0.99998, ""constant_value"": null, ""nondecreasing_share"": 0.669}, ""4"": {""best"": ""current"", ""r2"": 1.0, ""constant_value"": null, ""nondecreasing_share"": 0.844}, ""5"": {""best"": ""volt_modepi"", ""r2"": 1.0, ""constant_value"": null, ""nondecreasing_share"": 0.659}, ""6"": {""best"": ""vin_3 col 0 (next row)"", ""r2"": 0.99996, ""constant_value"": null, ""nondecreasing_share"": 0.586}}",0.9825383839279416,0.920588193709299,0.0005608932002107991,0.0002922642904890136,
QAS,384,66384,66384,True,"{""vin_2 col 0"": {""best"": ""cell min"", ""r2"": 0.00744, ""joint_modepi_current_soc_r2"": 0.0036, ""median_abs_diff_to_modepi"": 0.01885}, ""vin_2 col 1"": {""best"": ""cell median"", ""r2"": 0.97774, ""joint_modepi_current_soc_r2"": 0.99686, ""median_abs_diff_to_modepi"": 0.0178}, ""vin_3 col 0"": {""best"": ""temperature"", ""r2"": 0.28362, ""joint_modepi_current_soc_r2"": 0.11915, ""median_abs_diff_to_modepi"": 2.689}, ""vin_3 col 1"": {""best"": ""temperature"", ""r2"": 0.28478, ""joint_modepi_current_soc_r2"": 0.12391, ""median_abs_diff_to_modepi"": 2.692}}","{""0"": {""best"": ""temperature"", ""r2"": 1.0, ""constant_value"": null, ""nondecreasing_share"": 0.964}, ""1"": {""best"": ""pack SOC"", ""r2"": 1.0, ""constant_value"": null, ""nondecreasing_share"": 0.878}, ""2"": {""best"": ""constant"", ""r2"": NaN, ""constant_value"": 0.0, ""nondecreasing_share"": 1.0}, ""3"": {""best"": ""cell sum"", ""r2"": 0.99999, ""constant_value"": null, ""nondecreasing_share"": 0.611}, ""4"": {""best"": ""current"", ""r2"": 1.0, ""constant_value"": null, ""nondecreasing_share"": 0.623}, ""5"": {""best"": ""volt_modepi"", ""r2"": 1.0, ""constant_value"": null, ""nondecreasing_share"": 0.607}, ""6"": {""best"": ""vin_3 col 0 (next row)"", ""r2"": 0.99979, ""constant_value"": null, ""nondecreasing_share"": 0.426}}",0.9949904950464343,0.9950055612379821,0.0004684629941635876,0.0008934602050690139,
QAS,383,67561,67561,True,"{""vin_2 col 0"": {""best"": ""current"", ""r2"": 0.52598, ""joint_modepi_current_soc_r2"": 0.57826, ""median_abs_diff_to_modepi"": 0.02342}, ""vin_2 col 1"": {""best"": ""cell median"", ""r2"": 0.84135, ""joint_modepi_current_soc_r2"": 0.99667, ""median_abs_diff_to_modepi"": 0.04072}, ""vin_3 col 0"": {""best"": ""pack SOC"", ""r2"": 0.08477, ""joint_modepi_current_soc_r2"": 0.08863, ""median_abs_diff_to_modepi"": 2.69}, ""vin_3 col 1"": {""best"": ""pack SOC"", ""r2"": 0.08007, ""joint_modepi_current_soc_r2"": 0.08428, ""median_abs_diff_to_modepi"": 2.709}}","{""0"": {""best"": ""temperature"", ""r2"": 1.0, ""constant_value"": null, ""nondecreasing_share"": 0.971}, ""1"": {""best"": ""pack SOC"", ""r2"": 1.0, ""constant_value"": null, ""nondecreasing_share"": 0.897}, ""2"": {""best"": ""constant"", ""r2"": NaN, ""constant_value"": 0.0, ""nondecreasing_share"": 1.0}, ""3"": {""best"": ""cell sum"", ""r2"": 1.0, ""constant_value"": null, ""nondecreasing_share"": 0.642}, ""4"": {""best"": ""current"", ""r2"": 1.0, ""constant_value"": null, ""nondecreasing_share"": 0.583}, ""5"": {""best"": ""volt_modepi"", ""r2"": 1.0, ""constant_value"": null, ""nondecreasing_share"": 0.638}, ""6"": {""best"": ""vin_3 col 0 (next row)"", ""r2"": 0.99948, ""constant_value"": null, ""nondecreasing_share"": 0.534}}",0.9957304845782702,0.9951470835747687,0.00026710893542625236,0.0002833581801667558,
QAS,386,72191,63784,True,"{""vin_2 col 0"": {""best"": ""current"", ""r2"": 0.00023, ""joint_modepi_current_soc_r2"": 0.00039, ""median_abs_diff_to_modepi"": 0.0262}, ""vin_2 col 1"": {""best"": ""cell median"", ""r2"": 0.68306, ""joint_modepi_current_soc_r2"": 0.99849, ""median_abs_diff_to_modepi"": 0.2141}, ""vin_3 col 0"": {""best"": ""current"", ""r2"": 0.50927, ""joint_modepi_current_soc_r2"": 0.60688, ""median_abs_diff_to_modepi"": 2.379}, ""vin_3 col 1"": {""best"": ""current"", ""r2"": 0.50693, ""joint_modepi_current_soc_r2"": 0.59901, ""median_abs_diff_to_modepi"": 2.349}}","{""0"": {""best"": ""temperature"", ""r2"": 1.0, ""constant_value"": null, ""nondecreasing_share"": 0.972}, ""1"": {""best"": ""pack SOC"", ""r2"": 1.0, ""constant_value"": null, ""nondecreasing_share"": 0.972}, ""2"": {""best"": ""constant"", ""r2"": NaN, ""constant_value"": 0.0, ""nondecreasing_share"": 1.0}, ""3"": {""best"": ""cell sum"", ""r2"": 0.99999, ""constant_value"": null, ""nondecreasing_share"": 0.689}, ""4"": {""best"": ""current"", ""r2"": 1.0, ""constant_value"": null, ""nondecreasing_share"": 0.821}, ""5"": {""best"": ""volt_modepi"", ""r2"": 1.0, ""constant_value"": null, ""nondecreasing_share"": 0.677}, ""6"": {""best"": ""vin_3 col 0 (next row)"", ""r2"": 0.99996, ""constant_value"": null, ""nondecreasing_share"": 0.556}}",0.9924471706868009,0.97414430253912,0.000400483687761799,0.00030151136310842497,
QAS,388,64738,64738,True,"{""vin_2 col 0"": {""best"": ""current"", ""r2"": 0.5231, ""joint_modepi_current_soc_r2"": 0.58872, ""median_abs_diff_to_modepi"": 0.01928}, ""vin_2 col 1"": {""best"": ""cell median"", ""r2"": 0.78685, ""joint_modepi_current_soc_r2"": 0.99735, ""median_abs_diff_to_modepi"": 0.03314}, ""vin_3 col 0"": {""best"": ""temperature"", ""r2"": 0.04908, ""joint_modepi_current_soc_r2"": 0.10131, ""median_abs_diff_to_modepi"": 2.678}, ""vin_3 col 1"": {""best"": ""temperature"", ""r2"": 0.04799, ""joint_modepi_current_soc_r2"": 0.08838, ""median_abs_diff_to_modepi"": 2.986}}","{""0"": {""best"": ""temperature"", ""r2"": 1.0, ""constant_value"": null, ""nondecreasing_share"": 0.969}, ""1"": {""best"": ""pack SOC"", ""r2"": 1.0, ""constant_value"": null, ""nondecreasing_share"": 0.921}, ""2"": {""best"": ""constant"", ""r2"": NaN, ""constant_value"": 0.0, ""nondecreasing_share"": 1.0}, ""3"": {""best"": ""cell sum"", ""r2"": 0.99996, ""constant_value"": null, ""nondecreasing_share"": 0.696}, ""4"": {""best"": ""current"", ""r2"": 1.0, ""constant_value"": null, ""nondecreasing_share"": 0.747}, ""5"": {""best"": ""volt_modepi"", ""r2"": 1.0, ""constant_value"": null, ""nondecreasing_share"": 0.687}, ""6"": {""best"": ""vin_3 col 0 (next row)"", ""r2"": 0.99962, ""constant_value"": null, ""nondecreasing_share"": 0.66}}",0.6968054393941938,0.69031196771931,0.0005200208923883398,0.000529513960345017,
QAS,391,16259,16259,True,"{""vin_2 col 0"": {""best"": ""current"", ""r2"": 0.13402, ""joint_modepi_current_soc_r2"": 0.1522, ""median_abs_diff_to_modepi"": 0.02934}, ""vin_2 col 1"": {""best"": ""cell median"", ""r2"": 0.93266, ""joint_modepi_current_soc_r2"": 0.99797, ""median_abs_diff_to_modepi"": 0.03514}, ""vin_3 col 0"": {""best"": ""temperature"", ""r2"": 0.13118, ""joint_modepi_current_soc_r2"": 0.06739, ""median_abs_diff_to_modepi"": 2.359}, ""vin_3 col 1"": {""best"": ""temperature"", ""r2"": 0.13493, ""joint_modepi_current_soc_r2"": 0.06484, ""median_abs_diff_to_modepi"": 2.366}}","{""0"": {""best"": ""temperature"", ""r2"": 1.0, ""constant_value"": null, ""nondecreasing_share"": 0.968}, ""1"": {""best"": ""pack SOC"", ""r2"": 1.0, ""constant_value"": null, ""nondecreasing_share"": 0.937}, ""2"": {""best"": ""constant"", ""r2"": NaN, ""constant_value"": 0.0, ""nondecreasing_share"": 1.0}, ""3"": {""best"": ""cell sum"", ""r2"": 1.0, ""constant_value"": null, ""nondecreasing_share"": 0.592}, ""4"": {""best"": ""current"", ""r2"": 1.0, ""constant_value"": null, ""nondecreasing_share"": 0.577}, ""5"": {""best"": ""volt_modepi"", ""r2"": 1.0, ""constant_value"": null, ""nondecreasing_share"": 0.585}, ""6"": {""best"": ""vin_3 col 1"", ""r2"": 0.99861, ""constant_value"": null, ""nondecreasing_share"": 0.446}}",0.9884373497102654,0.9895549497914179,0.00013092241862278087,9.120639186464035e-05,
QAS,390,26253,24610,True,"{""vin_2 col 0"": {""best"": ""current"", ""r2"": 0.94257, ""joint_modepi_current_soc_r2"": 0.95737, ""median_abs_diff_to_modepi"": 0.03851}, ""vin_2 col 1"": {""best"": ""cell mean"", ""r2"": 0.70778, ""joint_modepi_current_soc_r2"": 0.99653, ""median_abs_diff_to_modepi"": 0.262}, ""vin_3 col 0"": {""best"": ""current"", ""r2"": 0.16899, ""joint_modepi_current_soc_r2"": 0.40697, ""median_abs_diff_to_modepi"": 2.381}, ""vin_3 col 1"": {""best"": ""current"", ""r2"": 0.14844, ""joint_modepi_current_soc_r2"": 0.38756, ""median_abs_diff_to_modepi"": 2.377}}","{""0"": {""best"": ""temperature"", ""r2"": 1.0, ""constant_value"": null, ""nondecreasing_share"": 0.978}, ""1"": {""best"": ""pack SOC"", ""r2"": 1.0, ""constant_value"": null, ""nondecreasing_share"": 0.965}, ""2"": {""best"": ""constant"", ""r2"": NaN, ""constant_value"": 0.0, ""nondecreasing_share"": 1.0}, ""3"": {""best"": ""cell sum"", ""r2"": 0.99998, ""constant_value"": null, ""nondecreasing_share"": 0.644}, ""4"": {""best"": ""current"", ""r2"": 1.0, ""constant_value"": null, ""nondecreasing_share"": 0.813}, ""5"": {""best"": ""volt_modepi"", ""r2"": 1.0, ""constant_value"": null, ""nondecreasing_share"": 0.633}, ""6"": {""best"": ""vin_3 col 0 (next row)"", ""r2"": 0.99998, ""constant_value"": null, ""nondecreasing_share"": 0.583}}",0.913391430650724,0.92232220692484,0.0004180214138869154,0.00013939355666132839,
QAS,392,23309,23309,True,"{""vin_2 col 0"": {""best"": ""current"", ""r2"": 0.5481, ""joint_modepi_current_soc_r2"": 0.55934, ""median_abs_diff_to_modepi"": 0.02015}, ""vin_2 col 1"": {""best"": ""cell median"", ""r2"": 0.84496, ""joint_modepi_current_soc_r2"": 0.99743, ""median_abs_diff_to_modepi"": 0.04137}, ""vin_3 col 0"": {""best"": ""cell SOC mean"", ""r2"": 0.488, ""joint_modepi_current_soc_r2"": 0.49057, ""median_abs_diff_to_modepi"": 2.336}, ""vin_3 col 1"": {""best"": ""pack SOC"", ""r2"": 0.54999, ""joint_modepi_current_soc_r2"": 0.56259, ""median_abs_diff_to_modepi"": 2.815}}","{""0"": {""best"": ""temperature"", ""r2"": 1.0, ""constant_value"": null, ""nondecreasing_share"": 0.963}, ""1"": {""best"": ""pack SOC"", ""r2"": 1.0, ""constant_value"": null, ""nondecreasing_share"": 0.857}, ""2"": {""best"": ""constant"", ""r2"": NaN, ""constant_value"": 0.0, ""nondecreasing_share"": 1.0}, ""3"": {""best"": ""cell sum"", ""r2"": 0.99999, ""constant_value"": null, ""nondecreasing_share"": 0.602}, ""4"": {""best"": ""current"", ""r2"": 1.0, ""constant_value"": null, ""nondecreasing_share"": 0.633}, ""5"": {""best"": ""volt_modepi"", ""r2"": 1.0, ""constant_value"": null, ""nondecreasing_share"": 0.596}, ""6"": {""best"": ""vin_3 col 1"", ""r2"": 0.99962, ""constant_value"": null, ""nondecreasing_share"": 0.377}}",0.9965570291898124,0.9931450097231674,0.00017929216532341918,0.00019250855918915031,
QAS,385,104623,104623,True,"{""vin_2 col 0"": {""best"": ""current"", ""r2"": 0.48719, ""joint_modepi_current_soc_r2"": 0.57242, ""median_abs_diff_to_modepi"": 0.02354}, ""vin_2 col 1"": {""best"": ""cell max"", ""r2"": 0.90078, ""joint_modepi_current_soc_r2"": 0.99732, ""median_abs_diff_to_modepi"": 0.03423}, ""vin_3 col 0"": {""best"": ""cell SOC mean"", ""r2"": 0.73103, ""joint_modepi_current_soc_r2"": 0.73348, ""median_abs_diff_to_modepi"": 2.681}, ""vin_3 col 1"": {""best"": ""pack SOC"", ""r2"": 0.72464, ""joint_modepi_current_soc_r2"": 0.72664, ""median_abs_diff_to_modepi"": 2.71}}","{""0"": {""best"": ""temperature"", ""r2"": 1.0, ""constant_value"": null, ""nondecreasing_share"": 0.969}, ""1"": {""best"": ""pack SOC"", ""r2"": 1.0, ""constant_value"": null, ""nondecreasing_share"": 0.927}, ""2"": {""best"": ""constant"", ""r2"": NaN, ""constant_value"": 0.0, ""nondecreasing_share"": 1.0}, ""3"": {""best"": ""cell sum"", ""r2"": 0.99998, ""constant_value"": null, ""nondecreasing_share"": 0.691}, ""4"": {""best"": ""current"", ""r2"": 1.0, ""constant_value"": null, ""nondecreasing_share"": 0.751}, ""5"": {""best"": ""volt_modepi"", ""r2"": 1.0, ""constant_value"": null, ""nondecreasing_share"": 0.683}, ""6"": {""best"": ""vin_3 col 1"", ""r2"": 0.99969, ""constant_value"": null, ""nondecreasing_share"": 0.634}}",0.9374820201498583,0.9487638945238497,0.00022451119443589462,0.00019361167845209393,
QAS,389,183585,183450,True,"{""vin_2 col 0"": {""best"": ""volt_modepi"", ""r2"": 0.49604, ""joint_modepi_current_soc_r2"": 0.61743, ""median_abs_diff_to_modepi"": 0.01931}, ""vin_2 col 1"": {""best"": ""cell mean"", ""r2"": 0.95275, ""joint_modepi_current_soc_r2"": 0.99775, ""median_abs_diff_to_modepi"": 0.03079}, ""vin_3 col 0"": {""best"": ""pack SOC"", ""r2"": 0.1676, ""joint_modepi_current_soc_r2"": 0.17013, ""median_abs_diff_to_modepi"": 2.361}, ""vin_3 col 1"": {""best"": ""pack SOC"", ""r2"": 0.15965, ""joint_modepi_current_soc_r2"": 0.16315, ""median_abs_diff_to_modepi"": 2.526}}","{""0"": {""best"": ""temperature"", ""r2"": 1.0, ""constant_value"": null, ""nondecreasing_share"": 0.977}, ""1"": {""best"": ""pack SOC"", ""r2"": 1.0, ""constant_value"": null, ""nondecreasing_share"": 0.946}, ""2"": {""best"": ""constant"", ""r2"": NaN, ""constant_value"": 0.0, ""nondecreasing_share"": 1.0}, ""3"": {""best"": ""cell sum"", ""r2"": 0.99991, ""constant_value"": null, ""nondecreasing_share"": 0.684}, ""4"": {""best"": ""current"", ""r2"": 1.0, ""constant_value"": null, ""nondecreasing_share"": 0.793}, ""5"": {""best"": ""volt_modepi"", ""r2"": 1.0, ""constant_value"": null, ""nondecreasing_share"": 0.676}, ""6"": {""best"": ""vin_3 col 1"", ""r2"": 0.99903, ""constant_value"": null, ""nondecreasing_share"": 0.547}}",0.6336700697811062,0.5180856241061977,0.0004623060320769757,0.0003997096383314731,
