brand,vehicle,n_rows,width,constant_count,constant_indices,near_constant_count,near_constant_indices,leading,cells,deviations,trailing,zeros,sentinels,invalid_row_count,worst_invalid_score,seconds
DTI,0,74,175,0,[],0,[],"{""min"": 0.0, ""median"": 1828.0656901941363, ""max"": 3669.1335007421117}","{""min"": 3326.0, ""median"": 3661.0, ""max"": 3706.0}","{""min"": 0.0, ""median"": 0.09999999999999964, ""max"": 0.09999999999999964}","{""min"": 0.0, ""median"": 4.0, ""max"": 132.70000000000005}",137,0,0,0,0.02661120006814599
DTI,1,55320,175,0,[],85,"[87, 88, 89, 90, 91, 92, 93, 94, 95, 96, 97, 98, 99, 100, 101, 102, 103, 104, 105, 106, 107, 108, 109, 110, 111, 112, 113, 114, 115, 116, 117, 118, 119, 120, 121, 122, 123, 124, 125, 126, 127, 128, 129, 130, 131, 132, 133, 134, 135, 136, 137, 138, 139, 140, 141, 142, 143, 144, 145, 146, 147, 148, 149, 150, 151, 152, 153, 154, 155, 156, 157, 158, 159, 160, 161, 162, 163, 164, 165, 166, 167, 168, 169, 170, 171]","{""min"": 0.0, ""median"": 1985.632276728126, ""max"": 4365.497118175256}","{""min"": 3429.0, ""median"": 3851.0, ""max"": 4165.0}","{""min"": 0.0, ""median"": 0.09999789999999964, ""max"": 0.10048599999999965}","{""min"": -162.0, ""median"": 24.125, ""max"": 172.40000000000006}",3845,0,0,0,0.7136152000166476
DTI,2,53738,175,0,[],85,"[87, 88, 89, 90, 91, 92, 93, 94, 95, 96, 97, 98, 99, 100, 101, 102, 103, 104, 105, 106, 107, 108, 109, 110, 111, 112, 113, 114, 115, 116, 117, 118, 119, 120, 121, 122, 123, 124, 125, 126, 127, 128, 129, 130, 131, 132, 133, 134, 135, 136, 137, 138, 139, 140, 141, 142, 143, 144, 145, 146, 147, 148, 149, 150, 151, 152, 153, 154, 155, 156, 157, 158, 159, 160, 161, 162, 163, 164, 165, 166, 167, 168, 169, 170, 171]","{""min"": 0.0, ""median"": 1954.7869535382656, ""max"": 4325.850486297042}","{""min"": 3416.0, ""median"": 3819.0, ""max"": 4165.0}","{""min"": 0.0, ""median"": 0.09999789999999964, ""max"": 0.10048479999999964}","{""min"": -161.5999999999999, ""median"": 20.375, ""max"": 224.6000000000001}",4935,0,0,0,0.7218475999543443
DTI,3,60448,175,0,[],85,"[87, 88, 89, 90, 91, 92, 93, 94, 95, 96, 97, 98, 99, 100, 101, 102, 103, 104, 105, 106, 107, 108, 109, 110, 111, 112, 113, 114, 115, 116, 117, 118, 119, 120, 121, 122, 123, 124, 125, 126, 127, 128, 129, 130, 131, 132, 133, 134, 135, 136, 137, 138, 139, 140, 141, 142, 143, 144, 145, 146, 147, 148, 149, 150, 151, 152, 153, 154, 155, 156, 157, 158, 159, 160, 161, 162, 163, 164, 165, 166, 167, 168, 169, 170, 171]","{""min"": 0.0, ""median"": 1943.799776047296, ""max"": 4351.851453858578}","{""min"": 3390.0, ""median"": 3790.0, ""max"": 4165.0}","{""min"": 0.0, ""median"": 0.09999759999999965, ""max"": 0.10048449999999964}","{""min"": -161.5, ""median"": 14.84375, ""max"": 201.30000000000007}",5682,0,0,0,0.8343134999740869
DTI,4,70,175,0,[],0,[],"{""min"": 0.0, ""median"": 1832.6977044634168, ""max"": 3673.471222362256}","{""min"": 3563.0, ""median"": 3653.5, ""max"": 3677.0}","{""min"": 0.0, ""median"": 0.09999609999999964, ""max"": 0.10028409999999964}","{""min"": -94.69999999999992, ""median"": 15.0, ""max"": 120.80000000000008}",117,0,0,0,0.025444300030358136
DTI,5,60,175,0,[],0,[],"{""min"": 0.0, ""median"": 1841.6922243467993, ""max"": 3719.5871037220245}","{""min"": 3213.0, ""median"": 3644.0, ""max"": 3721.0}","{""min"": 0.0, ""median"": 0.09999999999999964, ""max"": 0.10026999999999965}","{""min"": -90.0, ""median"": 20.0, ""max"": 68.30000000000007}",117,0,0,0,0.014457999961450696
DTI,6,521,175,0,[],3,"[1, 6, 8]","{""min"": 0.0, ""median"": 1814.9406282198465, ""max"": 3637.5171237199224}","{""min"": 3590.0, ""median"": 3628.0, ""max"": 3645.0}","{""min"": 0.0, ""median"": 0.09999639999999964, ""max"": 0.09999999999999964}","{""min"": 0.0, ""median"": 29.0, ""max"": 113.70000000000005}",241,0,0,0,0.04037679999601096
DTI,7,54366,175,0,[],85,"[87, 88, 89, 90, 91, 92, 93, 94, 95, 96, 97, 98, 99, 100, 101, 102, 103, 104, 105, 106, 107, 108, 109, 110, 111, 112, 113, 114, 115, 116, 117, 118, 119, 120, 121, 122, 123, 124, 125, 126, 127, 128, 129, 130, 131, 132, 133, 134, 135, 136, 137, 138, 139, 140, 141, 142, 143, 144, 145, 146, 147, 148, 149, 150, 151, 152, 153, 154, 155, 156, 157, 158, 159, 160, 161, 162, 163, 164, 165, 166, 167, 168, 169, 170, 171]","{""min"": 0.0, ""median"": 1930.2797732449953, ""max"": 4364.087151994566}","{""min"": 3456.0, ""median"": 3761.0, ""max"": 4165.0}","{""min"": 0.0, ""median"": 0.09999789999999964, ""max"": 0.10048479999999964}","{""min"": -161.5999999999999, ""median"": 33.53125, ""max"": 163.4000000000001}",4307,0,0,0,0.7598776000086218
DTI,8,59338,175,0,[],85,"[87, 88, 89, 90, 91, 92, 93, 94, 95, 96, 97, 98, 99, 100, 101, 102, 103, 104, 105, 106, 107, 108, 109, 110, 111, 112, 113, 114, 115, 116, 117, 118, 119, 120, 121, 122, 123, 124, 125, 126, 127, 128, 129, 130, 131, 132, 133, 134, 135, 136, 137, 138, 139, 140, 141, 142, 143, 144, 145, 146, 147, 148, 149, 150, 151, 152, 153, 154, 155, 156, 157, 158, 159, 160, 161, 162, 163, 164, 165, 166, 167, 168, 169, 170, 171]","{""min"": 0.0, ""median"": 1930.3720453170135, ""max"": 4363.606613083929}","{""min"": 3344.0, ""median"": 3778.0, ""max"": 4165.0}","{""min"": 0.0, ""median"": 0.09999759999999965, ""max"": 0.10048449999999964}","{""min"": -161.5, ""median"": 30.40625, ""max"": 238.29999999999995}",3759,0,0,0,0.8094401999842376
DTI,9,56580,175,0,[],85,"[87, 88, 89, 90, 91, 92, 93, 94, 95, 96, 97, 98, 99, 100, 101, 102, 103, 104, 105, 106, 107, 108, 109, 110, 111, 112, 113, 114, 115, 116, 117, 118, 119, 120, 121, 122, 123, 124, 125, 126, 127, 128, 129, 130, 131, 132, 133, 134, 135, 136, 137, 138, 139, 140, 141, 142, 143, 144, 145, 146, 147, 148, 149, 150, 151, 152, 153, 154, 155, 156, 157, 158, 159, 160, 161, 162, 163, 164, 165, 166, 167, 168, 169, 170, 171]","{""min"": 0.0, ""median"": 1963.4850454974583, ""max"": 4396.213496240855}","{""min"": 3340.0, ""median"": 3798.0, ""max"": 4165.0}","{""min"": 0.0, ""median"": 0.09999759999999965, ""max"": 0.10048359999999965}","{""min"": -161.1999999999999, ""median"": 12.5625, ""max"": 177.30000000000007}",3508,0,0,0,0.7647850000066683
DTI,10,62469,175,0,[],85,"[87, 88, 89, 90, 91, 92, 93, 94, 95, 96, 97, 98, 99, 100, 101, 102, 103, 104, 105, 106, 107, 108, 109, 110, 111, 112, 113, 114, 115, 116, 117, 118, 119, 120, 121, 122, 123, 124, 125, 126, 127, 128, 129, 130, 131, 132, 133, 134, 135, 136, 137, 138, 139, 140, 141, 142, 143, 144, 145, 146, 147, 148, 149, 150, 151, 152, 153, 154, 155, 156, 157, 158, 159, 160, 161, 162, 163, 164, 165, 166, 167, 168, 169, 170, 171]","{""min"": 0.0, ""median"": 1922.228823237909, ""max"": 4426.150589629764}","{""min"": 2665.0, ""median"": 3762.0, ""max"": 4165.0}","{""min"": 0.0, ""median"": 0.09999999999999964, ""max"": 0.10047549999999965}","{""min"": -158.5, ""median"": 30.90625, ""max"": 336.7000000000001}",3518,0,0,0,0.8312194000463933
DTI,11,52125,175,0,[],85,"[87, 88, 89, 90, 91, 92, 93, 94, 95, 96, 97, 98, 99, 100, 101, 102, 103, 104, 105, 106, 107, 108, 109, 110, 111, 112, 113, 114, 115, 116, 117, 118, 119, 120, 121, 122, 123, 124, 125, 126, 127, 128, 129, 130, 131, 132, 133, 134, 135, 136, 137, 138, 139, 140, 141, 142, 143, 144, 145, 146, 147, 148, 149, 150, 151, 152, 153, 154, 155, 156, 157, 158, 159, 160, 161, 162, 163, 164, 165, 166, 167, 168, 169, 170, 171]","{""min"": 0.0, ""median"": 1901.8617964847508, ""max"": 4383.612001825472}","{""min"": 2893.0, ""median"": 3735.0, ""max"": 4165.0}","{""min"": 0.0, ""median"": 0.09999819999999965, ""max"": 0.10043319999999964}","{""min"": -144.39999999999995, ""median"": 27.15625, ""max"": 310.0}",2995,0,0,0,0.6982145999791101
DTI,12,54008,175,0,[],85,"[87, 88, 89, 90, 91, 92, 93, 94, 95, 96, 97, 98, 99, 100, 101, 102, 103, 104, 105, 106, 107, 108, 109, 110, 111, 112, 113, 114, 115, 116, 117, 118, 119, 120, 121, 122, 123, 124, 125, 126, 127, 128, 129, 130, 131, 132, 133, 134, 135, 136, 137, 138, 139, 140, 141, 142, 143, 144, 145, 146, 147, 148, 149, 150, 151, 152, 153, 154, 155, 156, 157, 158, 159, 160, 161, 162, 163, 164, 165, 166, 167, 168, 169, 170, 171]","{""min"": 0.0, ""median"": 1961.7029562172993, ""max"": 4468.549299665019}","{""min"": 2729.0, ""median"": 3776.0, ""max"": 4165.0}","{""min"": 0.0, ""median"": 0.09999789999999964, ""max"": 0.10051599999999965}","{""min"": -172.0, ""median"": 21.0, ""max"": 299.7999999999999}",3396,0,0,0,0.7455406000372022
DTI,13,7227,175,0,[],0,[],"{""min"": 0.0, ""median"": 1972.2587095436243, ""max"": 4416.46854017627}","{""min"": 3400.0, ""median"": 3814.0, ""max"": 4164.0}","{""min"": 0.0, ""median"": 0.09999789999999964, ""max"": 0.10048029999999965}","{""min"": -160.0999999999999, ""median"": 12.9375, ""max"": 153.9000000000001}",1599,0,0,0,0.12447549996431917
DTI,14,37473,175,0,[],85,"[87, 88, 89, 90, 91, 92, 93, 94, 95, 96, 97, 98, 99, 100, 101, 102, 103, 104, 105, 106, 107, 108, 109, 110, 111, 112, 113, 114, 115, 116, 117, 118, 119, 120, 121, 122, 123, 124, 125, 126, 127, 128, 129, 130, 131, 132, 133, 134, 135, 136, 137, 138, 139, 140, 141, 142, 143, 144, 145, 146, 147, 148, 149, 150, 151, 152, 153, 154, 155, 156, 157, 158, 159, 160, 161, 162, 163, 164, 165, 166, 167, 168, 169, 170, 171]","{""min"": 0.0, ""median"": 1939.6038911925361, ""max"": 4329.563011986354}","{""min"": 3292.0, ""median"": 3813.0, ""max"": 4165.0}","{""min"": 0.0, ""median"": 0.09999759999999965, ""max"": 0.10048419999999965}","{""min"": -161.39999999999995, ""median"": 21.0, ""max"": 325.60000000000014}",3354,0,0,0,0.570659700082615
DTI,15,51298,175,0,[],85,"[87, 88, 89, 90, 91, 92, 93, 94, 95, 96, 97, 98, 99, 100, 101, 102, 103, 104, 105, 106, 107, 108, 109, 110, 111, 112, 113, 114, 115, 116, 117, 118, 119, 120, 121, 122, 123, 124, 125, 126, 127, 128, 129, 130, 131, 132, 133, 134, 135, 136, 137, 138, 139, 140, 141, 142, 143, 144, 145, 146, 147, 148, 149, 150, 151, 152, 153, 154, 155, 156, 157, 158, 159, 160, 161, 162, 163, 164, 165, 166, 167, 168, 169, 170, 171]","{""min"": 0.0, ""median"": 1942.0916169379577, ""max"": 4374.818444303711}","{""min"": 3308.0, ""median"": 3794.0, ""max"": 4165.0}","{""min"": 0.0, ""median"": 0.09999789999999964, ""max"": 0.10048449999999964}","{""min"": -161.5, ""median"": 26.09375, ""max"": 243.1000000000001}",3631,0,0,0,0.7169539999449626
DTI,16,52316,175,0,[],85,"[87, 88, 89, 90, 91, 92, 93, 94, 95, 96, 97, 98, 99, 100, 101, 102, 103, 104, 105, 106, 107, 108, 109, 110, 111, 112, 113, 114, 115, 116, 117, 118, 119, 120, 121, 122, 123, 124, 125, 126, 127, 128, 129, 130, 131, 132, 133, 134, 135, 136, 137, 138, 139, 140, 141, 142, 143, 144, 145, 146, 147, 148, 149, 150, 151, 152, 153, 154, 155, 156, 157, 158, 159, 160, 161, 162, 163, 164, 165, 166, 167, 168, 169, 170, 171]","{""min"": 0.0, ""median"": 1920.5805615304018, ""max"": 4428.310294293952}","{""min"": 3243.0, ""median"": 3753.0, ""max"": 4165.0}","{""min"": 0.0, ""median"": 0.09999999999999964, ""max"": 0.10048389999999964}","{""min"": -161.29999999999995, ""median"": 31.71875, ""max"": 246.20000000000005}",3943,0,0,0,0.7093733999645337
DTI,17,62922,175,0,[],85,"[87, 88, 89, 90, 91, 92, 93, 94, 95, 96, 97, 98, 99, 100, 101, 102, 103, 104, 105, 106, 107, 108, 109, 110, 111, 112, 113, 114, 115, 116, 117, 118, 119, 120, 121, 122, 123, 124, 125, 126, 127, 128, 129, 130, 131, 132, 133, 134, 135, 136, 137, 138, 139, 140, 141, 142, 143, 144, 145, 146, 147, 148, 149, 150, 151, 152, 153, 154, 155, 156, 157, 158, 159, 160, 161, 162, 163, 164, 165, 166, 167, 168, 169, 170, 171]","{""min"": 0.0, ""median"": 1904.701700448077, ""max"": 4417.886437043026}","{""min"": 3130.0, ""median"": 3721.0, ""max"": 4165.0}","{""min"": 0.0, ""median"": 0.09999999999999964, ""max"": 0.10048449999999964}","{""min"": -161.5, ""median"": 34.40625, ""max"": 278.29999999999995}",4122,0,0,0,0.8551942000631243
DTI,18,51875,175,0,[],85,"[87, 88, 89, 90, 91, 92, 93, 94, 95, 96, 97, 98, 99, 100, 101, 102, 103, 104, 105, 106, 107, 108, 109, 110, 111, 112, 113, 114, 115, 116, 117, 118, 119, 120, 121, 122, 123, 124, 125, 126, 127, 128, 129, 130, 131, 132, 133, 134, 135, 136, 137, 138, 139, 140, 141, 142, 143, 144, 145, 146, 147, 148, 149, 150, 151, 152, 153, 154, 155, 156, 157, 158, 159, 160, 161, 162, 163, 164, 165, 166, 167, 168, 169, 170, 171]","{""min"": 0.0, ""median"": 1907.1601707710247, ""max"": 4448.8937982310035}","{""min"": 2851.0, ""median"": 3711.0, ""max"": 4166.0}","{""min"": 0.0, ""median"": 0.10000149999999965, ""max"": 0.10047999999999964}","{""min"": -160.0, ""median"": 35.28125, ""max"": 286.9000000000001}",3030,0,0,0,0.701726800063625
DTI,19,36478,175,0,[],85,"[87, 88, 89, 90, 91, 92, 93, 94, 95, 96, 97, 98, 99, 100, 101, 102, 103, 104, 105, 106, 107, 108, 109, 110, 111, 112, 113, 114, 115, 116, 117, 118, 119, 120, 121, 122, 123, 124, 125, 126, 127, 128, 129, 130, 131, 132, 133, 134, 135, 136, 137, 138, 139, 140, 141, 142, 143, 144, 145, 146, 147, 148, 149, 150, 151, 152, 153, 154, 155, 156, 157, 158, 159, 160, 161, 162, 163, 164, 165, 166, 167, 168, 169, 170, 171]","{""min"": 0.0, ""median"": 1916.1830246364389, ""max"": 4438.733778729773}","{""min"": 2664.0, ""median"": 3722.0, ""max"": 4165.0}","{""min"": 0.0, ""median"": 0.10003794999999965, ""max"": 0.10048089999999965}","{""min"": -160.29999999999995, ""median"": 38.3125, ""max"": 288.2999999999999}",2130,0,0,0,0.5274116999935359
DTI,20,58445,175,0,[],85,"[87, 88, 89, 90, 91, 92, 93, 94, 95, 96, 97, 98, 99, 100, 101, 102, 103, 104, 105, 106, 107, 108, 109, 110, 111, 112, 113, 114, 115, 116, 117, 118, 119, 120, 121, 122, 123, 124, 125, 126, 127, 128, 129, 130, 131, 132, 133, 134, 135, 136, 137, 138, 139, 140, 141, 142, 143, 144, 145, 146, 147, 148, 149, 150, 151, 152, 153, 154, 155, 156, 157, 158, 159, 160, 161, 162, 163, 164, 165, 166, 167, 168, 169, 170, 171]","{""min"": 0.0, ""median"": 1908.7675374323967, ""max"": 4441.9436209092555}","{""min"": 2896.0, ""median"": 3741.0, ""max"": 4165.0}","{""min"": 0.0, ""median"": 0.10000149999999965, ""max"": 0.10043769999999964}","{""min"": -145.89999999999995, ""median"": 34.125, ""max"": 309.0}",2616,0,0,0,0.7867240000050515
DTI,21,48397,175,0,[],85,"[87, 88, 89, 90, 91, 92, 93, 94, 95, 96, 97, 98, 99, 100, 101, 102, 103, 104, 105, 106, 107, 108, 109, 110, 111, 112, 113, 114, 115, 116, 117, 118, 119, 120, 121, 122, 123, 124, 125, 126, 127, 128, 129, 130, 131, 132, 133, 134, 135, 136, 137, 138, 139, 140, 141, 142, 143, 144, 145, 146, 147, 148, 149, 150, 151, 152, 153, 154, 155, 156, 157, 158, 159, 160, 161, 162, 163, 164, 165, 166, 167, 168, 169, 170, 171]","{""min"": 0.0, ""median"": 1908.2468855355412, ""max"": 4395.207667197207}","{""min"": 2805.0, ""median"": 3745.0, ""max"": 4165.0}","{""min"": 0.0, ""median"": 0.09999789999999964, ""max"": 0.10042989999999964}","{""min"": -143.29999999999995, ""median"": 21.75, ""max"": 285.0}",2505,0,0,0,0.669176600058563
DTI,22,24148,175,0,[],85,"[87, 88, 89, 90, 91, 92, 93, 94, 95, 96, 97, 98, 99, 100, 101, 102, 103, 104, 105, 106, 107, 108, 109, 110, 111, 112, 113, 114, 115, 116, 117, 118, 119, 120, 121, 122, 123, 124, 125, 126, 127, 128, 129, 130, 131, 132, 133, 134, 135, 136, 137, 138, 139, 140, 141, 142, 143, 144, 145, 146, 147, 148, 149, 150, 151, 152, 153, 154, 155, 156, 157, 158, 159, 160, 161, 162, 163, 164, 165, 166, 167, 168, 169, 170, 171]","{""min"": 0.0, ""median"": 1931.590044970919, ""max"": 4380.046506456323}","{""min"": 2930.0, ""median"": 3791.0, ""max"": 4165.0}","{""min"": 0.0, ""median"": 0.09999819999999965, ""max"": 0.10043529999999964}","{""min"": -145.0999999999999, ""median"": 24.25, ""max"": 288.0}",2267,0,0,0,0.3477462000446394
DTI,23,17812,175,0,[],85,"[87, 88, 89, 90, 91, 92, 93, 94, 95, 96, 97, 98, 99, 100, 101, 102, 103, 104, 105, 106, 107, 108, 109, 110, 111, 112, 113, 114, 115, 116, 117, 118, 119, 120, 121, 122, 123, 124, 125, 126, 127, 128, 129, 130, 131, 132, 133, 134, 135, 136, 137, 138, 139, 140, 141, 142, 143, 144, 145, 146, 147, 148, 149, 150, 151, 152, 153, 154, 155, 156, 157, 158, 159, 160, 161, 162, 163, 164, 165, 166, 167, 168, 169, 170, 171]","{""min"": 0.0, ""median"": 1908.1352968121892, ""max"": 4384.22874402888}","{""min"": 3191.0, ""median"": 3752.0, ""max"": 4165.0}","{""min"": 0.0, ""median"": 0.09999999999999964, ""max"": 0.10032219999999964}","{""min"": -107.39999999999998, ""median"": 16.0625, ""max"": 192.5}",3576,0,0,0,0.25858079991303384
DTI,24,11431,175,0,[],85,"[87, 88, 89, 90, 91, 92, 93, 94, 95, 96, 97, 98, 99, 100, 101, 102, 103, 104, 105, 106, 107, 108, 109, 110, 111, 112, 113, 114, 115, 116, 117, 118, 119, 120, 121, 122, 123, 124, 125, 126, 127, 128, 129, 130, 131, 132, 133, 134, 135, 136, 137, 138, 139, 140, 141, 142, 143, 144, 145, 146, 147, 148, 149, 150, 151, 152, 153, 154, 155, 156, 157, 158, 159, 160, 161, 162, 163, 164, 165, 166, 167, 168, 169, 170, 171]","{""min"": 0.0, ""median"": 1921.0943719279426, ""max"": 4298.406244593848}","{""min"": 3318.0, ""median"": 3800.0, ""max"": 4165.0}","{""min"": 0.0, ""median"": 0.10002129999999965, ""max"": 0.10032159999999965}","{""min"": -107.19999999999992, ""median"": 18.875, ""max"": 244.70000000000005}",1588,0,0,0,0.1647209000075236
DTI,25,46381,175,0,[],85,"[87, 88, 89, 90, 91, 92, 93, 94, 95, 96, 97, 98, 99, 100, 101, 102, 103, 104, 105, 106, 107, 108, 109, 110, 111, 112, 113, 114, 115, 116, 117, 118, 119, 120, 121, 122, 123, 124, 125, 126, 127, 128, 129, 130, 131, 132, 133, 134, 135, 136, 137, 138, 139, 140, 141, 142, 143, 144, 145, 146, 147, 148, 149, 150, 151, 152, 153, 154, 155, 156, 157, 158, 159, 160, 161, 162, 163, 164, 165, 166, 167, 168, 169, 170, 171]","{""min"": 0.0, ""median"": 1964.845991155731, ""max"": 4315.097767759109}","{""min"": 3475.0, ""median"": 3858.0, ""max"": 4150.0}","{""min"": 0.0, ""median"": 0.10002189999999965, ""max"": 0.10031409999999964}","{""min"": -104.69999999999992, ""median"": 21.78125, ""max"": 169.10000000000005}",4308,0,0,0,0.6461548999650404
DTI,26,36484,175,0,[],85,"[87, 88, 89, 90, 91, 92, 93, 94, 95, 96, 97, 98, 99, 100, 101, 102, 103, 104, 105, 106, 107, 108, 109, 110, 111, 112, 113, 114, 115, 116, 117, 118, 119, 120, 121, 122, 123, 124, 125, 126, 127, 128, 129, 130, 131, 132, 133, 134, 135, 136, 137, 138, 139, 140, 141, 142, 143, 144, 145, 146, 147, 148, 149, 150, 151, 152, 153, 154, 155, 156, 157, 158, 159, 160, 161, 162, 163, 164, 165, 166, 167, 168, 169, 170, 171]","{""min"": 0.0, ""median"": 1984.004984166124, ""max"": 4372.984343138029}","{""min"": 3442.0, ""median"": 3834.0, ""max"": 4150.0}","{""min"": 0.0, ""median"": 0.09999789999999964, ""max"": 0.10036479999999964}","{""min"": -121.59999999999992, ""median"": 18.625, ""max"": 102.20000000000005}",2752,0,0,0,0.5279171000001952
DTI,27,62501,175,0,[],85,"[87, 88, 89, 90, 91, 92, 93, 94, 95, 96, 97, 98, 99, 100, 101, 102, 103, 104, 105, 106, 107, 108, 109, 110, 111, 112, 113, 114, 115, 116, 117, 118, 119, 120, 121, 122, 123, 124, 125, 126, 127, 128, 129, 130, 131, 132, 133, 134, 135, 136, 137, 138, 139, 140, 141, 142, 143, 144, 145, 146, 147, 148, 149, 150, 151, 152, 153, 154, 155, 156, 157, 158, 159, 160, 161, 162, 163, 164, 165, 166, 167, 168, 169, 170, 171]","{""min"": 0.0, ""median"": 1964.5756781914051, ""max"": 4338.230093132211}","{""min"": 3453.0, ""median"": 3807.0, ""max"": 4150.0}","{""min"": 0.0, ""median"": 0.09999789999999964, ""max"": 0.10050789999999965}","{""min"": -169.29999999999995, ""median"": 14.21875, ""max"": 147.0}",4721,0,0,0,0.8799481999594718
DTI,28,20,175,0,[],87,"[1, 2, 3, 4, 5, 6, 7, 8, 9, 10, 11, 12, 13, 14, 15, 16, 17, 18, 19, 20, 21, 22, 23, 24, 25, 26, 27, 28, 29, 30, 31, 32, 33, 34, 35, 36, 37, 38, 39, 40, 41, 42, 43, 44, 45, 46, 47, 48, 49, 50, 51, 52, 53, 54, 55, 56, 57, 58, 59, 60, 61, 62, 63, 64, 65, 66, 67, 68, 69, 70, 71, 72, 73, 74, 75, 76, 77, 78, 79, 80, 81, 82, 83, 84, 85, 86, 173]","{""min"": 0.0, ""median"": 1853.9998406944392, ""max"": 3658.538600501671}","{""min"": 3636.0, ""median"": 3659.0, ""max"": 3662.0}","{""min"": 0.0, ""median"": 0.09999999999999964, ""max"": 0.09999999999999964}","{""min"": 0.0, ""median"": 25.96875, ""max"": 47.2}",102,0,0,0,0.016093699960038066
DTI,29,6540,175,0,[],0,[],"{""min"": 0.0, ""median"": 1896.0383078213547, ""max"": 4332.980204212851}","{""min"": 3477.0, ""median"": 3718.0, ""max"": 4150.0}","{""min"": 0.0, ""median"": 0.10002249999999964, ""max"": 0.10027479999999965}","{""min"": -91.59999999999992, ""median"": 27.25, ""max"": 108.90000000000008}",1622,0,0,0,0.09549810003954917
DTI,30,48095,175,0,[],85,"[87, 88, 89, 90, 91, 92, 93, 94, 95, 96, 97, 98, 99, 100, 101, 102, 103, 104, 105, 106, 107, 108, 109, 110, 111, 112, 113, 114, 115, 116, 117, 118, 119, 120, 121, 122, 123, 124, 125, 126, 127, 128, 129, 130, 131, 132, 133, 134, 135, 136, 137, 138, 139, 140, 141, 142, 143, 144, 145, 146, 147, 148, 149, 150, 151, 152, 153, 154, 155, 156, 157, 158, 159, 160, 161, 162, 163, 164, 165, 166, 167, 168, 169, 170, 171]","{""min"": 0.0, ""median"": 1955.0615711131597, ""max"": 4345.170047071297}","{""min"": 3457.0, ""median"": 3804.0, ""max"": 4150.0}","{""min"": 0.0, ""median"": 0.09999789999999964, ""max"": 0.10036209999999965}","{""min"": -120.69999999999992, ""median"": 13.28125, ""max"": 124.30000000000008}",3875,0,0,0,0.760007300064899
DTI,31,56873,175,0,[],85,"[87, 88, 89, 90, 91, 92, 93, 94, 95, 96, 97, 98, 99, 100, 101, 102, 103, 104, 105, 106, 107, 108, 109, 110, 111, 112, 113, 114, 115, 116, 117, 118, 119, 120, 121, 122, 123, 124, 125, 126, 127, 128, 129, 130, 131, 132, 133, 134, 135, 136, 137, 138, 139, 140, 141, 142, 143, 144, 145, 146, 147, 148, 149, 150, 151, 152, 153, 154, 155, 156, 157, 158, 159, 160, 161, 162, 163, 164, 165, 166, 167, 168, 169, 170, 171]","{""min"": 0.0, ""median"": 1968.58909982129, ""max"": 4353.294110961038}","{""min"": 3332.0, ""median"": 3827.0, ""max"": 4150.0}","{""min"": 0.0, ""median"": 0.09999789999999964, ""max"": 0.10050939999999964}","{""min"": -169.79999999999995, ""median"": 25.3125, ""max"": 157.4000000000001}",4476,0,0,0,0.8785726999631152
DTI,32,60048,175,0,[],85,"[87, 88, 89, 90, 91, 92, 93, 94, 95, 96, 97, 98, 99, 100, 101, 102, 103, 104, 105, 106, 107, 108, 109, 110, 111, 112, 113, 114, 115, 116, 117, 118, 119, 120, 121, 122, 123, 124, 125, 126, 127, 128, 129, 130, 131, 132, 133, 134, 135, 136, 137, 138, 139, 140, 141, 142, 143, 144, 145, 146, 147, 148, 149, 150, 151, 152, 153, 154, 155, 156, 157, 158, 159, 160, 161, 162, 163, 164, 165, 166, 167, 168, 169, 170, 171]","{""min"": 0.0, ""median"": 1992.0806475246393, ""max"": 4359.3697547203055}","{""min"": 3374.0, ""median"": 3856.0, ""max"": 4150.0}","{""min"": 0.0, ""median"": 0.09999789999999964, ""max"": 0.10050969999999965}","{""min"": -169.89999999999995, ""median"": 21.46875, ""max"": 149.0}",4511,0,0,0,0.8925669000018388
DTI,33,59690,175,0,[],85,"[87, 88, 89, 90, 91, 92, 93, 94, 95, 96, 97, 98, 99, 100, 101, 102, 103, 104, 105, 106, 107, 108, 109, 110, 111, 112, 113, 114, 115, 116, 117, 118, 119, 120, 121, 122, 123, 124, 125, 126, 127, 128, 129, 130, 131, 132, 133, 134, 135, 136, 137, 138, 139, 140, 141, 142, 143, 144, 145, 146, 147, 148, 149, 150, 151, 152, 153, 154, 155, 156, 157, 158, 159, 160, 161, 162, 163, 164, 165, 166, 167, 168, 169, 170, 171]","{""min"": 0.0, ""median"": 1975.9978138354452, ""max"": 4333.031678397058}","{""min"": 3381.0, ""median"": 3838.0, ""max"": 4150.0}","{""min"": 0.0, ""median"": 0.09999789999999964, ""max"": 0.10051059999999964}","{""min"": -170.1999999999999, ""median"": 15.53125, ""max"": 168.5}",4586,0,0,0,0.9008563000243157
DTI,34,61228,175,0,[],85,"[87, 88, 89, 90, 91, 92, 93, 94, 95, 96, 97, 98, 99, 100, 101, 102, 103, 104, 105, 106, 107, 108, 109, 110, 111, 112, 113, 114, 115, 116, 117, 118, 119, 120, 121, 122, 123, 124, 125, 126, 127, 128, 129, 130, 131, 132, 133, 134, 135, 136, 137, 138, 139, 140, 141, 142, 143, 144, 145, 146, 147, 148, 149, 150, 151, 152, 153, 154, 155, 156, 157, 158, 159, 160, 161, 162, 163, 164, 165, 166, 167, 168, 169, 170, 171]","{""min"": 0.0, ""median"": 1997.4627693924579, ""max"": 4371.484744438289}","{""min"": 3440.0, ""median"": 3850.0, ""max"": 4150.0}","{""min"": 0.0, ""median"": 0.09999789999999964, ""max"": 0.10046049999999965}","{""min"": -153.5, ""median"": 13.25, ""max"": 112.10000000000002}",5029,0,0,0,0.9323640000075102
DTI,35,61341,175,0,[],85,"[87, 88, 89, 90, 91, 92, 93, 94, 95, 96, 97, 98, 99, 100, 101, 102, 103, 104, 105, 106, 107, 108, 109, 110, 111, 112, 113, 114, 115, 116, 117, 118, 119, 120, 121, 122, 123, 124, 125, 126, 127, 128, 129, 130, 131, 132, 133, 134, 135, 136, 137, 138, 139, 140, 141, 142, 143, 144, 145, 146, 147, 148, 149, 150, 151, 152, 153, 154, 155, 156, 157, 158, 159, 160, 161, 162, 163, 164, 165, 166, 167, 168, 169, 170, 171]","{""min"": 0.0, ""median"": 2024.1070791337017, ""max"": 4386.097733311785}","{""min"": 3475.0, ""median"": 3892.0, ""max"": 4150.0}","{""min"": 0.0, ""median"": 0.09999789999999964, ""max"": 0.10050999999999964}","{""min"": -170.0, ""median"": 18.875, ""max"": 113.10000000000002}",5622,0,0,0,0.8583135000662878
DTI,36,62592,175,0,[],85,"[87, 88, 89, 90, 91, 92, 93, 94, 95, 96, 97, 98, 99, 100, 101, 102, 103, 104, 105, 106, 107, 108, 109, 110, 111, 112, 113, 114, 115, 116, 117, 118, 119, 120, 121, 122, 123, 124, 125, 126, 127, 128, 129, 130, 131, 132, 133, 134, 135, 136, 137, 138, 139, 140, 141, 142, 143, 144, 145, 146, 147, 148, 149, 150, 151, 152, 153, 154, 155, 156, 157, 158, 159, 160, 161, 162, 163, 164, 165, 166, 167, 168, 169, 170, 171]","{""min"": 0.0, ""median"": 1999.4615295251538, ""max"": 4382.257697431812}","{""min"": 3496.0, ""median"": 3864.0, ""max"": 4150.0}","{""min"": 0.0, ""median"": 0.09999789999999964, ""max"": 0.10050939999999964}","{""min"": -169.79999999999995, ""median"": 24.0625, ""max"": 131.10000000000002}",6097,0,0,0,0.8745662999572232
DTI,37,64399,175,0,[],85,"[87, 88, 89, 90, 91, 92, 93, 94, 95, 96, 97, 98, 99, 100, 101, 102, 103, 104, 105, 106, 107, 108, 109, 110, 111, 112, 113, 114, 115, 116, 117, 118, 119, 120, 121, 122, 123, 124, 125, 126, 127, 128, 129, 130, 131, 132, 133, 134, 135, 136, 137, 138, 139, 140, 141, 142, 143, 144, 145, 146, 147, 148, 149, 150, 151, 152, 153, 154, 155, 156, 157, 158, 159, 160, 161, 162, 163, 164, 165, 166, 167, 168, 169, 170, 171]","{""min"": 0.0, ""median"": 1998.2534122499442, ""max"": 4409.237866497035}","{""min"": 3475.0, ""median"": 3847.0, ""max"": 4151.0}","{""min"": 0.0, ""median"": 0.09999789999999964, ""max"": 0.10051389999999964}","{""min"": -171.29999999999995, ""median"": 27.125, ""max"": 116.70000000000005}",5000,0,0,0,0.9542242999887094
DTI,38,71449,175,0,[],85,"[87, 88, 89, 90, 91, 92, 93, 94, 95, 96, 97, 98, 99, 100, 101, 102, 103, 104, 105, 106, 107, 108, 109, 110, 111, 112, 113, 114, 115, 116, 117, 118, 119, 120, 121, 122, 123, 124, 125, 126, 127, 128, 129, 130, 131, 132, 133, 134, 135, 136, 137, 138, 139, 140, 141, 142, 143, 144, 145, 146, 147, 148, 149, 150, 151, 152, 153, 154, 155, 156, 157, 158, 159, 160, 161, 162, 163, 164, 165, 166, 167, 168, 169, 170, 171]","{""min"": 0.0, ""median"": 1967.2552754956992, ""max"": 4370.66576722128}","{""min"": 3508.0, ""median"": 3822.0, ""max"": 4150.0}","{""min"": 0.0, ""median"": 0.09999789999999964, ""max"": 0.10051029999999965}","{""min"": -170.0999999999999, ""median"": 30.3125, ""max"": 140.70000000000005}",4875,0,0,0,1.0454195000929758
DTI,39,73711,175,0,[],85,"[87, 88, 89, 90, 91, 92, 93, 94, 95, 96, 97, 98, 99, 100, 101, 102, 103, 104, 105, 106, 107, 108, 109, 110, 111, 112, 113, 114, 115, 116, 117, 118, 119, 120, 121, 122, 123, 124, 125, 126, 127, 128, 129, 130, 131, 132, 133, 134, 135, 136, 137, 138, 139, 140, 141, 142, 143, 144, 145, 146, 147, 148, 149, 150, 151, 152, 153, 154, 155, 156, 157, 158, 159, 160, 161, 162, 163, 164, 165, 166, 167, 168, 169, 170, 171]","{""min"": 0.0, ""median"": 1977.359398633639, ""max"": 4399.099576504027}","{""min"": 3516.0, ""median"": 3834.0, ""max"": 4151.0}","{""min"": 0.0, ""median"": 0.09999759999999965, ""max"": 0.10050999999999964}","{""min"": -170.0, ""median"": 34.40625, ""max"": 132.4000000000001}",4127,0,0,0,1.0559336000587791
DTI,40,63768,175,0,[],85,"[87, 88, 89, 90, 91, 92, 93, 94, 95, 96, 97, 98, 99, 100, 101, 102, 103, 104, 105, 106, 107, 108, 109, 110, 111, 112, 113, 114, 115, 116, 117, 118, 119, 120, 121, 122, 123, 124, 125, 126, 127, 128, 129, 130, 131, 132, 133, 134, 135, 136, 137, 138, 139, 140, 141, 142, 143, 144, 145, 146, 147, 148, 149, 150, 151, 152, 153, 154, 155, 156, 157, 158, 159, 160, 161, 162, 163, 164, 165, 166, 167, 168, 169, 170, 171]","{""min"": 0.0, ""median"": 1984.9761303388243, ""max"": 4381.870441309131}","{""min"": 3523.0, ""median"": 3846.0, ""max"": 4150.0}","{""min"": 0.0, ""median"": 0.09999459999999964, ""max"": 0.10050969999999965}","{""min"": -169.89999999999995, ""median"": 35.90625, ""max"": 128.0}",3829,0,0,0,0.8993718000128865
DTI,41,63363,175,0,[],85,"[87, 88, 89, 90, 91, 92, 93, 94, 95, 96, 97, 98, 99, 100, 101, 102, 103, 104, 105, 106, 107, 108, 109, 110, 111, 112, 113, 114, 115, 116, 117, 118, 119, 120, 121, 122, 123, 124, 125, 126, 127, 128, 129, 130, 131, 132, 133, 134, 135, 136, 137, 138, 139, 140, 141, 142, 143, 144, 145, 146, 147, 148, 149, 150, 151, 152, 153, 154, 155, 156, 157, 158, 159, 160, 161, 162, 163, 164, 165, 166, 167, 168, 169, 170, 171]","{""min"": 0.0, ""median"": 1981.2311979802187, ""max"": 4368.7968967226425}","{""min"": 3462.0, ""median"": 3833.0, ""max"": 4150.0}","{""min"": 0.0, ""median"": 0.09999789999999964, ""max"": 0.10050909999999964}","{""min"": -169.6999999999999, ""median"": 30.1875, ""max"": 123.30000000000008}",4053,0,0,0,0.8380485000088811
DTI,42,40305,175,0,[],85,"[87, 88, 89, 90, 91, 92, 93, 94, 95, 96, 97, 98, 99, 100, 101, 102, 103, 104, 105, 106, 107, 108, 109, 110, 111, 112, 113, 114, 115, 116, 117, 118, 119, 120, 121, 122, 123, 124, 125, 126, 127, 128, 129, 130, 131, 132, 133, 134, 135, 136, 137, 138, 139, 140, 141, 142, 143, 144, 145, 146, 147, 148, 149, 150, 151, 152, 153, 154, 155, 156, 157, 158, 159, 160, 161, 162, 163, 164, 165, 166, 167, 168, 169, 170, 171]","{""min"": 0.0, ""median"": 1983.4929919141612, ""max"": 4336.39374696222}","{""min"": 3308.0, ""median"": 3849.0, ""max"": 4150.0}","{""min"": 0.0, ""median"": 0.09999819999999965, ""max"": 0.10050639999999965}","{""min"": -168.79999999999995, ""median"": 14.65625, ""max"": 166.3000000000001}",3778,0,0,0,0.6358940999489278
DTI,43,52869,175,0,[],85,"[87, 88, 89, 90, 91, 92, 93, 94, 95, 96, 97, 98, 99, 100, 101, 102, 103, 104, 105, 106, 107, 108, 109, 110, 111, 112, 113, 114, 115, 116, 117, 118, 119, 120, 121, 122, 123, 124, 125, 126, 127, 128, 129, 130, 131, 132, 133, 134, 135, 136, 137, 138, 139, 140, 141, 142, 143, 144, 145, 146, 147, 148, 149, 150, 151, 152, 153, 154, 155, 156, 157, 158, 159, 160, 161, 162, 163, 164, 165, 166, 167, 168, 169, 170, 171]","{""min"": 0.0, ""median"": 1968.2910673957456, ""max"": 4365.027828667694}","{""min"": 3222.0, ""median"": 3837.0, ""max"": 4166.0}","{""min"": 0.0, ""median"": 0.09999819999999965, ""max"": 0.10043109999999965}","{""min"": -143.6999999999999, ""median"": 24.875, ""max"": 194.5}",4033,0,0,0,0.7400816000299528
DTI,44,48026,175,0,[],85,"[87, 88, 89, 90, 91, 92, 93, 94, 95, 96, 97, 98, 99, 100, 101, 102, 103, 104, 105, 106, 107, 108, 109, 110, 111, 112, 113, 114, 115, 116, 117, 118, 119, 120, 121, 122, 123, 124, 125, 126, 127, 128, 129, 130, 131, 132, 133, 134, 135, 136, 137, 138, 139, 140, 141, 142, 143, 144, 145, 146, 147, 148, 149, 150, 151, 152, 153, 154, 155, 156, 157, 158, 159, 160, 161, 162, 163, 164, 165, 166, 167, 168, 169, 170, 171]","{""min"": 0.0, ""median"": 1970.4852775270485, ""max"": 4362.769093529374}","{""min"": 3352.0, ""median"": 3840.0, ""max"": 4165.0}","{""min"": 0.0, ""median"": 0.09999789999999964, ""max"": 0.10043409999999964}","{""min"": -144.6999999999999, ""median"": 22.125, ""max"": 205.6}",2694,0,0,0,0.7238300000317395
DTI,45,56956,175,0,[],85,"[87, 88, 89, 90, 91, 92, 93, 94, 95, 96, 97, 98, 99, 100, 101, 102, 103, 104, 105, 106, 107, 108, 109, 110, 111, 112, 113, 114, 115, 116, 117, 118, 119, 120, 121, 122, 123, 124, 125, 126, 127, 128, 129, 130, 131, 132, 133, 134, 135, 136, 137, 138, 139, 140, 141, 142, 143, 144, 145, 146, 147, 148, 149, 150, 151, 152, 153, 154, 155, 156, 157, 158, 159, 160, 161, 162, 163, 164, 165, 166, 167, 168, 169, 170, 171]","{""min"": 0.0, ""median"": 1956.3257467016863, ""max"": 4348.590415052815}","{""min"": 3304.0, ""median"": 3810.0, ""max"": 4165.0}","{""min"": 0.0, ""median"": 0.09999789999999964, ""max"": 0.10037769999999964}","{""min"": -125.89999999999998, ""median"": 16.0, ""max"": 184.9000000000001}",2783,0,0,0,0.8429055999731645
DTI,46,16752,175,0,[],85,"[87, 88, 89, 90, 91, 92, 93, 94, 95, 96, 97, 98, 99, 100, 101, 102, 103, 104, 105, 106, 107, 108, 109, 110, 111, 112, 113, 114, 115, 116, 117, 118, 119, 120, 121, 122, 123, 124, 125, 126, 127, 128, 129, 130, 131, 132, 133, 134, 135, 136, 137, 138, 139, 140, 141, 142, 143, 144, 145, 146, 147, 148, 149, 150, 151, 152, 153, 154, 155, 156, 157, 158, 159, 160, 161, 162, 163, 164, 165, 166, 167, 168, 169, 170, 171]","{""min"": 0.0, ""median"": 1988.763361425995, ""max"": 4308.102901441092}","{""min"": 3458.0, ""median"": 3875.0, ""max"": 4150.0}","{""min"": 0.0, ""median"": 0.09999819999999965, ""max"": 0.10050729999999965}","{""min"": -169.0999999999999, ""median"": 17.3125, ""max"": 180.9000000000001}",1624,0,0,0,0.2564621000783518
DTI,47,56128,175,0,[],85,"[87, 88, 89, 90, 91, 92, 93, 94, 95, 96, 97, 98, 99, 100, 101, 102, 103, 104, 105, 106, 107, 108, 109, 110, 111, 112, 113, 114, 115, 116, 117, 118, 119, 120, 121, 122, 123, 124, 125, 126, 127, 128, 129, 130, 131, 132, 133, 134, 135, 136, 137, 138, 139, 140, 141, 142, 143, 144, 145, 146, 147, 148, 149, 150, 151, 152, 153, 154, 155, 156, 157, 158, 159, 160, 161, 162, 163, 164, 165, 166, 167, 168, 169, 170, 171]","{""min"": 0.0, ""median"": 2000.6895013758287, ""max"": 4361.880230598677}","{""min"": 3299.0, ""median"": 3864.0, ""max"": 4152.0}","{""min"": 0.0, ""median"": 0.09999789999999964, ""max"": 0.10050819999999965}","{""min"": -169.39999999999995, ""median"": 20.25, ""max"": 150.60000000000005}",4026,0,0,0,0.8033545000944287
DTI,48,66542,175,0,[],85,"[87, 88, 89, 90, 91, 92, 93, 94, 95, 96, 97, 98, 99, 100, 101, 102, 103, 104, 105, 106, 107, 108, 109, 110, 111, 112, 113, 114, 115, 116, 117, 118, 119, 120, 121, 122, 123, 124, 125, 126, 127, 128, 129, 130, 131, 132, 133, 134, 135, 136, 137, 138, 139, 140, 141, 142, 143, 144, 145, 146, 147, 148, 149, 150, 151, 152, 153, 154, 155, 156, 157, 158, 159, 160, 161, 162, 163, 164, 165, 166, 167, 168, 169, 170, 171]","{""min"": 0.0, ""median"": 1959.924368658508, ""max"": 4328.665535019261}","{""min"": 3177.0, ""median"": 3816.0, ""max"": 4159.0}","{""min"": 0.0, ""median"": 0.09999789999999964, ""max"": 0.10051119999999965}","{""min"": -170.39999999999995, ""median"": 23.15625, ""max"": 204.20000000000005}",3721,0,0,0,1.0052936999127269
DTI,49,61842,175,0,[],85,"[87, 88, 89, 90, 91, 92, 93, 94, 95, 96, 97, 98, 99, 100, 101, 102, 103, 104, 105, 106, 107, 108, 109, 110, 111, 112, 113, 114, 115, 116, 117, 118, 119, 120, 121, 122, 123, 124, 125, 126, 127, 128, 129, 130, 131, 132, 133, 134, 135, 136, 137, 138, 139, 140, 141, 142, 143, 144, 145, 146, 147, 148, 149, 150, 151, 152, 153, 154, 155, 156, 157, 158, 159, 160, 161, 162, 163, 164, 165, 166, 167, 168, 169, 170, 171]","{""min"": 0.0, ""median"": 1988.3179945206537, ""max"": 4367.303592499678}","{""min"": 3435.0, ""median"": 3839.0, ""max"": 4162.0}","{""min"": 0.0, ""median"": 0.09999789999999964, ""max"": 0.10051059999999964}","{""min"": -170.1999999999999, ""median"": 29.125, ""max"": 141.60000000000005}",3963,0,0,0,0.8546754999551922
DTI,50,53700,175,0,[],85,"[87, 88, 89, 90, 91, 92, 93, 94, 95, 96, 97, 98, 99, 100, 101, 102, 103, 104, 105, 106, 107, 108, 109, 110, 111, 112, 113, 114, 115, 116, 117, 118, 119, 120, 121, 122, 123, 124, 125, 126, 127, 128, 129, 130, 131, 132, 133, 134, 135, 136, 137, 138, 139, 140, 141, 142, 143, 144, 145, 146, 147, 148, 149, 150, 151, 152, 153, 154, 155, 156, 157, 158, 159, 160, 161, 162, 163, 164, 165, 166, 167, 168, 169, 170, 171]","{""min"": 0.0, ""median"": 1985.177684048683, ""max"": 4341.343444291391}","{""min"": 3416.0, ""median"": 3853.0, ""max"": 4151.0}","{""min"": 0.0, ""median"": 0.09999759999999965, ""max"": 0.10051029999999965}","{""min"": -170.0999999999999, ""median"": 30.875, ""max"": 174.90000000000006}",3540,0,0,0,0.7799252000404522
DTI,51,60716,175,0,[],85,"[87, 88, 89, 90, 91, 92, 93, 94, 95, 96, 97, 98, 99, 100, 101, 102, 103, 104, 105, 106, 107, 108, 109, 110, 111, 112, 113, 114, 115, 116, 117, 118, 119, 120, 121, 122, 123, 124, 125, 126, 127, 128, 129, 130, 131, 132, 133, 134, 135, 136, 137, 138, 139, 140, 141, 142, 143, 144, 145, 146, 147, 148, 149, 150, 151, 152, 153, 154, 155, 156, 157, 158, 159, 160, 161, 162, 163, 164, 165, 166, 167, 168, 169, 170, 171]","{""min"": 0.0, ""median"": 1972.2477280961702, ""max"": 4375.216524950157}","{""min"": 3254.0, ""median"": 3817.0, ""max"": 4150.0}","{""min"": 0.0, ""median"": 0.09999759999999965, ""max"": 0.10050969999999965}","{""min"": -169.89999999999995, ""median"": 31.34375, ""max"": 143.5}",3620,0,0,0,0.8834418000187725
DTI,52,66890,175,0,[],85,"[87, 88, 89, 90, 91, 92, 93, 94, 95, 96, 97, 98, 99, 100, 101, 102, 103, 104, 105, 106, 107, 108, 109, 110, 111, 112, 113, 114, 115, 116, 117, 118, 119, 120, 121, 122, 123, 124, 125, 126, 127, 128, 129, 130, 131, 132, 133, 134, 135, 136, 137, 138, 139, 140, 141, 142, 143, 144, 145, 146, 147, 148, 149, 150, 151, 152, 153, 154, 155, 156, 157, 158, 159, 160, 161, 162, 163, 164, 165, 166, 167, 168, 169, 170, 171]","{""min"": 0.0, ""median"": 1977.0392474229131, ""max"": 4381.8443265399155}","{""min"": 3468.0, ""median"": 3832.0, ""max"": 4165.0}","{""min"": 0.0, ""median"": 0.09999699999999964, ""max"": 0.10049919999999965}","{""min"": -166.39999999999995, ""median"": 36.59375, ""max"": 162.5}",3029,0,0,0,0.9654867000645027
DTI,53,58813,175,0,[],85,"[87, 88, 89, 90, 91, 92, 93, 94, 95, 96, 97, 98, 99, 100, 101, 102, 103, 104, 105, 106, 107, 108, 109, 110, 111, 112, 113, 114, 115, 116, 117, 118, 119, 120, 121, 122, 123, 124, 125, 126, 127, 128, 129, 130, 131, 132, 133, 134, 135, 136, 137, 138, 139, 140, 141, 142, 143, 144, 145, 146, 147, 148, 149, 150, 151, 152, 153, 154, 155, 156, 157, 158, 159, 160, 161, 162, 163, 164, 165, 166, 167, 168, 169, 170, 171]","{""min"": 0.0, ""median"": 1983.6716790659505, ""max"": 4370.132570120838}","{""min"": 3376.0, ""median"": 3867.0, ""max"": 4165.0}","{""min"": 0.0, ""median"": 0.09999789999999964, ""max"": 0.10042989999999964}","{""min"": -143.29999999999995, ""median"": 28.625, ""max"": 186.30000000000007}",3115,0,0,0,0.8456101000774652
DTI,54,56057,175,0,[],85,"[87, 88, 89, 90, 91, 92, 93, 94, 95, 96, 97, 98, 99, 100, 101, 102, 103, 104, 105, 106, 107, 108, 109, 110, 111, 112, 113, 114, 115, 116, 117, 118, 119, 120, 121, 122, 123, 124, 125, 126, 127, 128, 129, 130, 131, 132, 133, 134, 135, 136, 137, 138, 139, 140, 141, 142, 143, 144, 145, 146, 147, 148, 149, 150, 151, 152, 153, 154, 155, 156, 157, 158, 159, 160, 161, 162, 163, 164, 165, 166, 167, 168, 169, 170, 171]","{""min"": 0.0, ""median"": 1951.4050925333145, ""max"": 4342.035830124987}","{""min"": 3336.0, ""median"": 3813.0, ""max"": 4165.0}","{""min"": 0.0, ""median"": 0.09999819999999965, ""max"": 0.10034439999999964}","{""min"": -114.79999999999995, ""median"": 14.6875, ""max"": 173.60000000000005}",3094,0,0,0,0.7851330999983475
DTI,55,10210,175,0,[],85,"[87, 88, 89, 90, 91, 92, 93, 94, 95, 96, 97, 98, 99, 100, 101, 102, 103, 104, 105, 106, 107, 108, 109, 110, 111, 112, 113, 114, 115, 116, 117, 118, 119, 120, 121, 122, 123, 124, 125, 126, 127, 128, 129, 130, 131, 132, 133, 134, 135, 136, 137, 138, 139, 140, 141, 142, 143, 144, 145, 146, 147, 148, 149, 150, 151, 152, 153, 154, 155, 156, 157, 158, 159, 160, 161, 162, 163, 164, 165, 166, 167, 168, 169, 170, 171]","{""min"": 0.0, ""median"": 1965.5242316274787, ""max"": 4322.40850928141}","{""min"": 3422.0, ""median"": 3854.0, ""max"": 4164.0}","{""min"": 0.0, ""median"": 0.09999819999999965, ""max"": 0.10048029999999965}","{""min"": -160.0999999999999, ""median"": 31.0, ""max"": 259.5}",1748,0,0,0,0.16075099993031472
DTI,56,32375,175,0,[],85,"[87, 88, 89, 90, 91, 92, 93, 94, 95, 96, 97, 98, 99, 100, 101, 102, 103, 104, 105, 106, 107, 108, 109, 110, 111, 112, 113, 114, 115, 116, 117, 118, 119, 120, 121, 122, 123, 124, 125, 126, 127, 128, 129, 130, 131, 132, 133, 134, 135, 136, 137, 138, 139, 140, 141, 142, 143, 144, 145, 146, 147, 148, 149, 150, 151, 152, 153, 154, 155, 156, 157, 158, 159, 160, 161, 162, 163, 164, 165, 166, 167, 168, 169, 170, 171]","{""min"": 0.0, ""median"": 1917.2519918116639, ""max"": 4327.163112192638}","{""min"": 3426.0, ""median"": 3781.0, ""max"": 4165.0}","{""min"": 0.0, ""median"": 0.09999669999999965, ""max"": 0.10048029999999965}","{""min"": -160.0999999999999, ""median"": 28.5625, ""max"": 268.9000000000001}",5544,0,0,0,0.49573900003451854
DTI,57,52083,175,0,[],85,"[87, 88, 89, 90, 91, 92, 93, 94, 95, 96, 97, 98, 99, 100, 101, 102, 103, 104, 105, 106, 107, 108, 109, 110, 111, 112, 113, 114, 115, 116, 117, 118, 119, 120, 121, 122, 123, 124, 125, 126, 127, 128, 129, 130, 131, 132, 133, 134, 135, 136, 137, 138, 139, 140, 141, 142, 143, 144, 145, 146, 147, 148, 149, 150, 151, 152, 153, 154, 155, 156, 157, 158, 159, 160, 161, 162, 163, 164, 165, 166, 167, 168, 169, 170, 171]","{""min"": 0.0, ""median"": 1897.4688120065166, ""max"": 4354.137882080517}","{""min"": 3361.0, ""median"": 3749.0, ""max"": 4165.0}","{""min"": 0.0, ""median"": 0.09999549999999964, ""max"": 0.10048239999999964}","{""min"": -160.79999999999995, ""median"": 25.96875, ""max"": 302.5}",6264,0,0,0,0.7374567000661045
DTI,58,16,175,0,[],86,"[1, 2, 3, 4, 5, 6, 7, 8, 9, 10, 11, 12, 13, 14, 15, 16, 17, 18, 19, 20, 21, 22, 23, 24, 25, 26, 27, 28, 29, 30, 31, 32, 33, 34, 35, 36, 37, 38, 39, 40, 41, 42, 43, 44, 45, 46, 47, 48, 49, 50, 51, 52, 53, 54, 55, 56, 57, 58, 59, 60, 61, 62, 63, 64, 65, 66, 67, 68, 69, 70, 71, 72, 73, 74, 75, 76, 77, 78, 79, 80, 81, 82, 83, 84, 85, 86]","{""min"": 0.0, ""median"": 1873.983722503452, ""max"": 3651.705868524524}","{""min"": 3631.0, ""median"": 3650.0, ""max"": 3658.0}","{""min"": 0.0, ""median"": 0.09998529999999964, ""max"": 0.09999999999999964}","{""min"": 0.0, ""median"": 33.3125, ""max"": 41.7}",95,0,0,0,0.015298399957828224
DTI,59,4,175,1,[172],88,"[1, 2, 3, 4, 5, 6, 7, 8, 9, 10, 11, 12, 13, 14, 15, 16, 17, 18, 19, 20, 21, 22, 23, 24, 25, 26, 27, 28, 29, 30, 31, 32, 33, 34, 35, 36, 37, 38, 39, 40, 41, 42, 43, 44, 45, 46, 47, 48, 49, 50, 51, 52, 53, 54, 55, 56, 57, 58, 59, 60, 61, 62, 63, 64, 65, 66, 67, 68, 69, 70, 71, 72, 73, 74, 75, 76, 77, 78, 79, 80, 81, 82, 83, 84, 85, 86, 172, 173]","{""min"": 0.0, ""median"": 2018.8751034077015, ""max"": 3650.487246302063}","{""min"": 3641.0, ""median"": 3651.0, ""max"": 3654.0}","{""min"": 0.0, ""median"": 0.09999294999999964, ""max"": 0.09999999999999964}","{""min"": 0.0, ""median"": 27.0, ""max"": 41.1}",90,0,0,0,0.014622699934989214
DTI,60,2112,175,0,[],0,[],"{""min"": 0.0, ""median"": 1981.0974245394184, ""max"": 4314.4291554923275}","{""min"": 3631.0, ""median"": 3895.0, ""max"": 4164.0}","{""min"": 0.0, ""median"": 0.10002339999999965, ""max"": 0.10027869999999965}","{""min"": -92.89999999999998, ""median"": 32.3125, ""max"": 118.5}",605,0,0,0,0.043217799975536764
DTI,61,47605,175,0,[],85,"[87, 88, 89, 90, 91, 92, 93, 94, 95, 96, 97, 98, 99, 100, 101, 102, 103, 104, 105, 106, 107, 108, 109, 110, 111, 112, 113, 114, 115, 116, 117, 118, 119, 120, 121, 122, 123, 124, 125, 126, 127, 128, 129, 130, 131, 132, 133, 134, 135, 136, 137, 138, 139, 140, 141, 142, 143, 144, 145, 146, 147, 148, 149, 150, 151, 152, 153, 154, 155, 156, 157, 158, 159, 160, 161, 162, 163, 164, 165, 166, 167, 168, 169, 170, 171]","{""min"": 0.0, ""median"": 1900.5687119438571, ""max"": 4310.067798610218}","{""min"": 3451.0, ""median"": 3750.0, ""max"": 4165.0}","{""min"": 0.0, ""median"": 0.09999549999999964, ""max"": 0.10048029999999965}","{""min"": -160.0999999999999, ""median"": 24.625, ""max"": 275.4000000000001}",5595,0,0,0,0.688365500071086
DTI,62,30432,175,0,[],85,"[87, 88, 89, 90, 91, 92, 93, 94, 95, 96, 97, 98, 99, 100, 101, 102, 103, 104, 105, 106, 107, 108, 109, 110, 111, 112, 113, 114, 115, 116, 117, 118, 119, 120, 121, 122, 123, 124, 125, 126, 127, 128, 129, 130, 131, 132, 133, 134, 135, 136, 137, 138, 139, 140, 141, 142, 143, 144, 145, 146, 147, 148, 149, 150, 151, 152, 153, 154, 155, 156, 157, 158, 159, 160, 161, 162, 163, 164, 165, 166, 167, 168, 169, 170, 171]","{""min"": 0.0, ""median"": 1981.016808886303, ""max"": 4440.542075536731}","{""min"": 3399.0, ""median"": 3843.0, ""max"": 4165.0}","{""min"": 0.0, ""median"": 0.09999189999999965, ""max"": 0.10048029999999965}","{""min"": -160.0999999999999, ""median"": 29.78125, ""max"": 184.70000000000005}",2860,0,0,0,0.466010499978438
DTI,63,27803,175,0,[],85,"[87, 88, 89, 90, 91, 92, 93, 94, 95, 96, 97, 98, 99, 100, 101, 102, 103, 104, 105, 106, 107, 108, 109, 110, 111, 112, 113, 114, 115, 116, 117, 118, 119, 120, 121, 122, 123, 124, 125, 126, 127, 128, 129, 130, 131, 132, 133, 134, 135, 136, 137, 138, 139, 140, 141, 142, 143, 144, 145, 146, 147, 148, 149, 150, 151, 152, 153, 154, 155, 156, 157, 158, 159, 160, 161, 162, 163, 164, 165, 166, 167, 168, 169, 170, 171]","{""min"": 0.0, ""median"": 1992.4997960812334, ""max"": 4360.10687031226}","{""min"": 3410.0, ""median"": 3881.0, ""max"": 4165.0}","{""min"": 0.0, ""median"": 0.09999369999999964, ""max"": 0.10047969999999964}","{""min"": -159.89999999999995, ""median"": 28.53125, ""max"": 218.6}",3073,0,0,0,0.3784144999226555
DTI,64,46625,175,0,[],85,"[87, 88, 89, 90, 91, 92, 93, 94, 95, 96, 97, 98, 99, 100, 101, 102, 103, 104, 105, 106, 107, 108, 109, 110, 111, 112, 113, 114, 115, 116, 117, 118, 119, 120, 121, 122, 123, 124, 125, 126, 127, 128, 129, 130, 131, 132, 133, 134, 135, 136, 137, 138, 139, 140, 141, 142, 143, 144, 145, 146, 147, 148, 149, 150, 151, 152, 153, 154, 155, 156, 157, 158, 159, 160, 161, 162, 163, 164, 165, 166, 167, 168, 169, 170, 171]","{""min"": 0.0, ""median"": 2036.0654962037893, ""max"": 4343.948014554587}","{""min"": 3465.0, ""median"": 3959.0, ""max"": 4165.0}","{""min"": 0.0, ""median"": 0.09999759999999965, ""max"": 0.10048059999999964}","{""min"": -160.1999999999999, ""median"": 24.6875, ""max"": 223.5}",3540,0,0,0,0.6795558000449091
DTI,65,27171,175,0,[],85,"[87, 88, 89, 90, 91, 92, 93, 94, 95, 96, 97, 98, 99, 100, 101, 102, 103, 104, 105, 106, 107, 108, 109, 110, 111, 112, 113, 114, 115, 116, 117, 118, 119, 120, 121, 122, 123, 124, 125, 126, 127, 128, 129, 130, 131, 132, 133, 134, 135, 136, 137, 138, 139, 140, 141, 142, 143, 144, 145, 146, 147, 148, 149, 150, 151, 152, 153, 154, 155, 156, 157, 158, 159, 160, 161, 162, 163, 164, 165, 166, 167, 168, 169, 170, 171]","{""min"": 0.0, ""median"": 1942.9445860797966, ""max"": 4385.3541570949565}","{""min"": 3423.0, ""median"": 3801.0, ""max"": 4165.0}","{""min"": 0.0, ""median"": 0.09999669999999965, ""max"": 0.10047999999999964}","{""min"": -160.0, ""median"": 23.09375, ""max"": 215.80000000000007}",3555,0,0,0,0.39489630004391074
DTI,66,34142,175,0,[],85,"[87, 88, 89, 90, 91, 92, 93, 94, 95, 96, 97, 98, 99, 100, 101, 102, 103, 104, 105, 106, 107, 108, 109, 110, 111, 112, 113, 114, 115, 116, 117, 118, 119, 120, 121, 122, 123, 124, 125, 126, 127, 128, 129, 130, 131, 132, 133, 134, 135, 136, 137, 138, 139, 140, 141, 142, 143, 144, 145, 146, 147, 148, 149, 150, 151, 152, 153, 154, 155, 156, 157, 158, 159, 160, 161, 162, 163, 164, 165, 166, 167, 168, 169, 170, 171]","{""min"": 0.0, ""median"": 1949.6761051928663, ""max"": 4336.33873828869}","{""min"": 3464.0, ""median"": 3815.0, ""max"": 4165.0}","{""min"": 0.0, ""median"": 0.09999579999999965, ""max"": 0.10047939999999965}","{""min"": -159.79999999999995, ""median"": 25.0625, ""max"": 208.20000000000005}",4177,0,0,0,0.48452589998487383
DTI,67,35166,175,0,[],85,"[87, 88, 89, 90, 91, 92, 93, 94, 95, 96, 97, 98, 99, 100, 101, 102, 103, 104, 105, 106, 107, 108, 109, 110, 111, 112, 113, 114, 115, 116, 117, 118, 119, 120, 121, 122, 123, 124, 125, 126, 127, 128, 129, 130, 131, 132, 133, 134, 135, 136, 137, 138, 139, 140, 141, 142, 143, 144, 145, 146, 147, 148, 149, 150, 151, 152, 153, 154, 155, 156, 157, 158, 159, 160, 161, 162, 163, 164, 165, 166, 167, 168, 169, 170, 171]","{""min"": 0.0, ""median"": 1943.2428767871916, ""max"": 4314.12951353012}","{""min"": 3424.0, ""median"": 3825.0, ""max"": 4165.0}","{""min"": 0.0, ""median"": 0.09999369999999964, ""max"": 0.10048029999999965}","{""min"": -160.0999999999999, ""median"": 26.09375, ""max"": 298.7000000000001}",4363,0,0,0,0.5651546999579296
DTI,68,33589,175,0,[],85,"[87, 88, 89, 90, 91, 92, 93, 94, 95, 96, 97, 98, 99, 100, 101, 102, 103, 104, 105, 106, 107, 108, 109, 110, 111, 112, 113, 114, 115, 116, 117, 118, 119, 120, 121, 122, 123, 124, 125, 126, 127, 128, 129, 130, 131, 132, 133, 134, 135, 136, 137, 138, 139, 140, 141, 142, 143, 144, 145, 146, 147, 148, 149, 150, 151, 152, 153, 154, 155, 156, 157, 158, 159, 160, 161, 162, 163, 164, 165, 166, 167, 168, 169, 170, 171]","{""min"": 0.0, ""median"": 1960.9205047622959, ""max"": 4348.147657309679}","{""min"": 3474.0, ""median"": 3833.0, ""max"": 4165.0}","{""min"": 0.0, ""median"": 0.09999069999999964, ""max"": 0.10048629999999964}","{""min"": -162.0999999999999, ""median"": 31.15625, ""max"": 217.5}",3681,0,0,0,0.48592020000796765
DTI,69,36172,175,0,[],85,"[87, 88, 89, 90, 91, 92, 93, 94, 95, 96, 97, 98, 99, 100, 101, 102, 103, 104, 105, 106, 107, 108, 109, 110, 111, 112, 113, 114, 115, 116, 117, 118, 119, 120, 121, 122, 123, 124, 125, 126, 127, 128, 129, 130, 131, 132, 133, 134, 135, 136, 137, 138, 139, 140, 141, 142, 143, 144, 145, 146, 147, 148, 149, 150, 151, 152, 153, 154, 155, 156, 157, 158, 159, 160, 161, 162, 163, 164, 165, 166, 167, 168, 169, 170, 171]","{""min"": 0.0, ""median"": 1950.352059798928, ""max"": 4353.513662540482}","{""min"": 3478.0, ""median"": 3818.0, ""max"": 4165.0}","{""min"": 0.0, ""median"": 0.09998889999999964, ""max"": 0.10048569999999965}","{""min"": -161.89999999999995, ""median"": 34.6875, ""max"": 218.20000000000005}",3764,0,0,0,0.5240145999705419
DTI,70,28365,175,0,[],85,"[87, 88, 89, 90, 91, 92, 93, 94, 95, 96, 97, 98, 99, 100, 101, 102, 103, 104, 105, 106, 107, 108, 109, 110, 111, 112, 113, 114, 115, 116, 117, 118, 119, 120, 121, 122, 123, 124, 125, 126, 127, 128, 129, 130, 131, 132, 133, 134, 135, 136, 137, 138, 139, 140, 141, 142, 143, 144, 145, 146, 147, 148, 149, 150, 151, 152, 153, 154, 155, 156, 157, 158, 159, 160, 161, 162, 163, 164, 165, 166, 167, 168, 169, 170, 171]","{""min"": 0.0, ""median"": 1945.5544661582528, ""max"": 4346.629308396603}","{""min"": 3475.0, ""median"": 3803.0, ""max"": 4165.0}","{""min"": 0.0, ""median"": 0.09998889999999964, ""max"": 0.10047969999999964}","{""min"": -159.89999999999995, ""median"": 35.25, ""max"": 187.80000000000007}",3266,0,0,0,0.40724289999343455
DTI,71,37692,175,0,[],85,"[87, 88, 89, 90, 91, 92, 93, 94, 95, 96, 97, 98, 99, 100, 101, 102, 103, 104, 105, 106, 107, 108, 109, 110, 111, 112, 113, 114, 115, 116, 117, 118, 119, 120, 121, 122, 123, 124, 125, 126, 127, 128, 129, 130, 131, 132, 133, 134, 135, 136, 137, 138, 139, 140, 141, 142, 143, 144, 145, 146, 147, 148, 149, 150, 151, 152, 153, 154, 155, 156, 157, 158, 159, 160, 161, 162, 163, 164, 165, 166, 167, 168, 169, 170, 171]","{""min"": 0.0, ""median"": 1971.8024180514715, ""max"": 4332.519216978781}","{""min"": 3435.0, ""median"": 3877.0, ""max"": 4165.0}","{""min"": 0.0, ""median"": 0.09998949999999965, ""max"": 0.10047939999999965}","{""min"": -159.79999999999995, ""median"": 36.03125, ""max"": 325.0}",3069,0,0,0,0.5937662000069395
DTI,72,34093,175,0,[],85,"[87, 88, 89, 90, 91, 92, 93, 94, 95, 96, 97, 98, 99, 100, 101, 102, 103, 104, 105, 106, 107, 108, 109, 110, 111, 112, 113, 114, 115, 116, 117, 118, 119, 120, 121, 122, 123, 124, 125, 126, 127, 128, 129, 130, 131, 132, 133, 134, 135, 136, 137, 138, 139, 140, 141, 142, 143, 144, 145, 146, 147, 148, 149, 150, 151, 152, 153, 154, 155, 156, 157, 158, 159, 160, 161, 162, 163, 164, 165, 166, 167, 168, 169, 170, 171]","{""min"": 0.0, ""median"": 1981.996533926278, ""max"": 4386.398042352068}","{""min"": 3456.0, ""median"": 3858.0, ""max"": 4165.0}","{""min"": 0.0, ""median"": 0.09998979999999964, ""max"": 0.10048029999999965}","{""min"": -160.0999999999999, ""median"": 33.3125, ""max"": 193.30000000000007}",3699,0,0,0,0.4782415999798104
DTI,73,46461,175,0,[],85,"[87, 88, 89, 90, 91, 92, 93, 94, 95, 96, 97, 98, 99, 100, 101, 102, 103, 104, 105, 106, 107, 108, 109, 110, 111, 112, 113, 114, 115, 116, 117, 118, 119, 120, 121, 122, 123, 124, 125, 126, 127, 128, 129, 130, 131, 132, 133, 134, 135, 136, 137, 138, 139, 140, 141, 142, 143, 144, 145, 146, 147, 148, 149, 150, 151, 152, 153, 154, 155, 156, 157, 158, 159, 160, 161, 162, 163, 164, 165, 166, 167, 168, 169, 170, 171]","{""min"": 0.0, ""median"": 2012.2093218802665, ""max"": 4351.599123517077}","{""min"": 3443.0, ""median"": 3911.0, ""max"": 4165.0}","{""min"": 0.0, ""median"": 0.09999759999999965, ""max"": 0.10048239999999964}","{""min"": -160.79999999999995, ""median"": 22.84375, ""max"": 210.5}",3754,0,0,0,0.6563311999198049
DTI,74,39152,175,0,[],85,"[87, 88, 89, 90, 91, 92, 93, 94, 95, 96, 97, 98, 99, 100, 101, 102, 103, 104, 105, 106, 107, 108, 109, 110, 111, 112, 113, 114, 115, 116, 117, 118, 119, 120, 121, 122, 123, 124, 125, 126, 127, 128, 129, 130, 131, 132, 133, 134, 135, 136, 137, 138, 139, 140, 141, 142, 143, 144, 145, 146, 147, 148, 149, 150, 151, 152, 153, 154, 155, 156, 157, 158, 159, 160, 161, 162, 163, 164, 165, 166, 167, 168, 169, 170, 171]","{""min"": 0.0, ""median"": 2026.9164448516456, ""max"": 4345.956332864021}","{""min"": 3485.0, ""median"": 3938.0, ""max"": 4165.0}","{""min"": 0.0, ""median"": 0.09999759999999965, ""max"": 0.10048029999999965}","{""min"": -160.0999999999999, ""median"": 25.5, ""max"": 193.4000000000001}",4103,0,0,0,0.5789447000715882
DTI,75,45145,175,0,[],85,"[87, 88, 89, 90, 91, 92, 93, 94, 95, 96, 97, 98, 99, 100, 101, 102, 103, 104, 105, 106, 107, 108, 109, 110, 111, 112, 113, 114, 115, 116, 117, 118, 119, 120, 121, 122, 123, 124, 125, 126, 127, 128, 129, 130, 131, 132, 133, 134, 135, 136, 137, 138, 139, 140, 141, 142, 143, 144, 145, 146, 147, 148, 149, 150, 151, 152, 153, 154, 155, 156, 157, 158, 159, 160, 161, 162, 163, 164, 165, 166, 167, 168, 169, 170, 171]","{""min"": 0.0, ""median"": 2025.713166186135, ""max"": 4355.8277426884015}","{""min"": 3430.0, ""median"": 3937.0, ""max"": 4165.0}","{""min"": 0.0, ""median"": 0.09999759999999965, ""max"": 0.10048209999999964}","{""min"": -160.6999999999999, ""median"": 26.90625, ""max"": 224.4000000000001}",6702,0,0,0,0.6534433999331668
DTI,76,48179,175,0,[],85,"[87, 88, 89, 90, 91, 92, 93, 94, 95, 96, 97, 98, 99, 100, 101, 102, 103, 104, 105, 106, 107, 108, 109, 110, 111, 112, 113, 114, 115, 116, 117, 118, 119, 120, 121, 122, 123, 124, 125, 126, 127, 128, 129, 130, 131, 132, 133, 134, 135, 136, 137, 138, 139, 140, 141, 142, 143, 144, 145, 146, 147, 148, 149, 150, 151, 152, 153, 154, 155, 156, 157, 158, 159, 160, 161, 162, 163, 164, 165, 166, 167, 168, 169, 170, 171]","{""min"": 0.0, ""median"": 2026.9240675030628, ""max"": 4343.7267021551115}","{""min"": 3475.0, ""median"": 3943.0, ""max"": 4165.0}","{""min"": 0.0, ""median"": 0.09999669999999965, ""max"": 0.10048269999999965}","{""min"": -160.89999999999995, ""median"": 29.625, ""max"": 204.70000000000005}",6694,0,0,0,0.7035356999840587
DTI,77,12891,175,0,[],85,"[87, 88, 89, 90, 91, 92, 93, 94, 95, 96, 97, 98, 99, 100, 101, 102, 103, 104, 105, 106, 107, 108, 109, 110, 111, 112, 113, 114, 115, 116, 117, 118, 119, 120, 121, 122, 123, 124, 125, 126, 127, 128, 129, 130, 131, 132, 133, 134, 135, 136, 137, 138, 139, 140, 141, 142, 143, 144, 145, 146, 147, 148, 149, 150, 151, 152, 153, 154, 155, 156, 157, 158, 159, 160, 161, 162, 163, 164, 165, 166, 167, 168, 169, 170, 171]","{""min"": 0.0, ""median"": 1882.225432644302, ""max"": 4270.668887438652}","{""min"": 3341.0, ""median"": 3754.0, ""max"": 4164.0}","{""min"": 0.0, ""median"": 0.10002099999999964, ""max"": 0.10019829999999964}","{""min"": -66.09999999999991, ""median"": 25.90625, ""max"": 205.0}",2240,0,0,0,0.17088659992441535
DTI,78,8983,175,0,[],0,[],"{""min"": 0.0, ""median"": 1943.8695684013035, ""max"": 4291.209351172913}","{""min"": 3431.0, ""median"": 3812.0, ""max"": 4165.0}","{""min"": 0.0, ""median"": 0.09999789999999964, ""max"": 0.10033749999999965}","{""min"": -112.5, ""median"": 17.09375, ""max"": 165.10000000000005}",571,0,0,0,0.14167549996636808
DTI,79,57789,175,0,[],85,"[87, 88, 89, 90, 91, 92, 93, 94, 95, 96, 97, 98, 99, 100, 101, 102, 103, 104, 105, 106, 107, 108, 109, 110, 111, 112, 113, 114, 115, 116, 117, 118, 119, 120, 121, 122, 123, 124, 125, 126, 127, 128, 129, 130, 131, 132, 133, 134, 135, 136, 137, 138, 139, 140, 141, 142, 143, 144, 145, 146, 147, 148, 149, 150, 151, 152, 153, 154, 155, 156, 157, 158, 159, 160, 161, 162, 163, 164, 165, 166, 167, 168, 169, 170, 171]","{""min"": 0.0, ""median"": 2039.7518898715994, ""max"": 4369.141934900726}","{""min"": 0.0, ""median"": 3959.0, ""max"": 4165.0}","{""min"": 0.0, ""median"": 0.09999279999999965, ""max"": 0.10048359999999965}","{""min"": -161.1999999999999, ""median"": 36.15625, ""max"": 218.6}",5636,0,1,1,0.791665600030683
GIS,0,5168,90,0,[],0,[],"{""min"": -12.285646783138414, ""median"": -3.593324215692214, ""max"": 4.3251925174251475}","{""min"": null, ""median"": null, ""max"": null}","{""min"": null, ""median"": null, ""max"": null}","{""min"": 0.0, ""median"": 0.06991599999999965, ""max"": 11168.0}",87,0,0,0,0.0457649000454694
GIS,1,5913,90,0,[],0,[],"{""min"": -12.877003191916337, ""median"": -3.5686773022271794, ""max"": 4.268147575691045}","{""min"": null, ""median"": null, ""max"": null}","{""min"": null, ""median"": null, ""max"": null}","{""min"": 0.0, ""median"": 0.06995799999999965, ""max"": 11779.0}",87,0,0,0,0.04572680010460317
GIS,2,7255,90,0,[],0,[],"{""min"": -12.525460746284246, ""median"": -3.628743162104155, ""max"": 4.238449797704424}","{""min"": null, ""median"": null, ""max"": null}","{""min"": null, ""median"": null, ""max"": null}","{""min"": 0.0, ""median"": 0.06995799999999965, ""max"": 11336.0}",87,0,0,0,0.052731200004927814
GIS,3,6757,90,0,[],0,[],"{""min"": -12.705167372279448, ""median"": -3.5635293193373903, ""max"": 4.24910570775337}","{""min"": null, ""median"": null, ""max"": null}","{""min"": null, ""median"": null, ""max"": null}","{""min"": 0.0, ""median"": 0.06995499999999964, ""max"": 11617.0}",87,0,0,0,0.057236499967984855
GIS,4,4109,90,0,[],0,[],"{""min"": -12.463758475063402, ""median"": -3.5368496944560297, ""max"": 4.31278361674475}","{""min"": null, ""median"": null, ""max"": null}","{""min"": null, ""median"": null, ""max"": null}","{""min"": 0.0, ""median"": 0.07051299999999965, ""max"": 11251.0}",87,0,0,0,0.042661799932830036
GIS,5,24936,90,0,[],0,[],"{""min"": -13.546753650749665, ""median"": -3.6456543274948956, ""max"": 4.36780477889105}","{""min"": null, ""median"": null, ""max"": null}","{""min"": null, ""median"": null, ""max"": null}","{""min"": 0.0, ""median"": 0.06991299999999964, ""max"": 12489.0}",87,0,0,0,0.18116100004408509
GIS,6,25163,90,0,[],0,[],"{""min"": -13.697255432462283, ""median"": -3.6150143710696003, ""max"": 4.391361066835849}","{""min"": null, ""median"": null, ""max"": null}","{""min"": null, ""median"": null, ""max"": null}","{""min"": 0.0, ""median"": 0.06990699999999964, ""max"": 12327.0}",87,0,0,0,0.19374110002536327
GIS,7,28811,90,0,[],0,[],"{""min"": -13.341313591779935, ""median"": -3.635662122572067, ""max"": 4.384681484226003}","{""min"": null, ""median"": null, ""max"": null}","{""min"": null, ""median"": null, ""max"": null}","{""min"": 0.0, ""median"": 0.06990999999999964, ""max"": 12150.0}",87,0,0,0,0.2121655000373721
GIS,8,18458,90,0,[],0,[],"{""min"": -13.326080370091502, ""median"": -3.636322920686133, ""max"": 4.37673660274463}","{""min"": null, ""median"": null, ""max"": null}","{""min"": null, ""median"": null, ""max"": null}","{""min"": 0.0, ""median"": 0.06990699999999964, ""max"": 12166.0}",87,0,0,0,0.1431082000490278
GIS,9,4983,90,0,[],0,[],"{""min"": -13.579446301242912, ""median"": -3.691108343203276, ""max"": 4.283467193652958}","{""min"": null, ""median"": null, ""max"": null}","{""min"": null, ""median"": null, ""max"": null}","{""min"": 0.0, ""median"": 0.06990999999999964, ""max"": 12453.0}",87,0,0,0,0.043041200027801096
GIS,10,6910,90,0,[],0,[],"{""min"": -12.685884121112824, ""median"": -3.450556367326674, ""max"": 4.258487401114228}","{""min"": null, ""median"": null, ""max"": null}","{""min"": null, ""median"": null, ""max"": null}","{""min"": 0.0, ""median"": 0.07029699999999964, ""max"": 11452.0}",87,0,0,0,0.05459519999567419
GIS,11,1785,90,0,[],0,[],"{""min"": -13.553370483880311, ""median"": -3.6480065482524817, ""max"": 4.173338867354101}","{""min"": null, ""median"": null, ""max"": null}","{""min"": null, ""median"": null, ""max"": null}","{""min"": 0.0, ""median"": 0.06987099999999964, ""max"": 12457.0}",87,0,0,0,0.023097699973732233
GIS,12,8827,90,0,[],0,[],"{""min"": -13.132682359546193, ""median"": -3.522088930674609, ""max"": 4.214382571032762}","{""min"": null, ""median"": null, ""max"": null}","{""min"": null, ""median"": null, ""max"": null}","{""min"": 0.0, ""median"": 0.07018299999999965, ""max"": 11979.0}",87,0,0,0,0.06607420009095222
GIS,13,9388,90,0,[],0,[],"{""min"": -12.585223267507024, ""median"": -3.415192872374843, ""max"": 4.275810384325792}","{""min"": null, ""median"": null, ""max"": null}","{""min"": null, ""median"": null, ""max"": null}","{""min"": 0.0, ""median"": 0.07027299999999964, ""max"": 11386.0}",87,0,0,0,0.06584950000979006
GIS,14,2464,90,0,[],0,[],"{""min"": -13.803048679221725, ""median"": -3.594156967181976, ""max"": 4.205365415145828}","{""min"": null, ""median"": null, ""max"": null}","{""min"": null, ""median"": null, ""max"": null}","{""min"": 0.0, ""median"": 0.06984699999999965, ""max"": 12465.0}",87,0,0,0,0.02988970000296831
GIS,15,4741,90,0,[],0,[],"{""min"": -12.890367897643031, ""median"": -3.531243303126173, ""max"": 4.374846304573856}","{""min"": null, ""median"": null, ""max"": null}","{""min"": null, ""median"": null, ""max"": null}","{""min"": 0.0, ""median"": 0.07022799999999965, ""max"": 11727.0}",87,0,0,0,0.040423300000838935
GIS,16,705,90,0,[],0,[],"{""min"": -12.277085611656624, ""median"": -3.8036156454996752, ""max"": 3.7015929485145738}","{""min"": null, ""median"": null, ""max"": null}","{""min"": null, ""median"": null, ""max"": null}","{""min"": 0.0, ""median"": 0.06980199999999964, ""max"": 11112.0}",87,0,0,0,0.015321900020353496
GIS,17,5395,90,0,[],0,[],"{""min"": -12.73818032423698, ""median"": -3.4992649551383153, ""max"": 4.418658353947927}","{""min"": null, ""median"": null, ""max"": null}","{""min"": null, ""median"": null, ""max"": null}","{""min"": 0.0, ""median"": 0.07026099999999964, ""max"": 11580.0}",87,0,0,0,0.038021599990315735
GIS,18,6078,90,0,[],0,[],"{""min"": -12.526915509806656, ""median"": -3.4715434361519413, ""max"": 4.434762789765816}","{""min"": null, ""median"": null, ""max"": null}","{""min"": null, ""median"": null, ""max"": null}","{""min"": 0.0, ""median"": 0.07025499999999965, ""max"": 11410.0}",87,0,0,0,0.044892100035212934
GIS,19,19013,90,0,[],0,[],"{""min"": -13.750195153604196, ""median"": -3.64254755532373, ""max"": 4.290504287707311}","{""min"": null, ""median"": null, ""max"": null}","{""min"": null, ""median"": null, ""max"": null}","{""min"": 0.0, ""median"": 0.06990099999999964, ""max"": 12575.0}",87,0,0,0,0.1394834000384435
GIS,20,30005,90,0,[],0,[],"{""min"": -14.147486690019761, ""median"": -3.6777240558677518, ""max"": 4.260417130536101}","{""min"": null, ""median"": null, ""max"": null}","{""min"": null, ""median"": null, ""max"": null}","{""min"": 0.0, ""median"": 0.06990399999999965, ""max"": 12930.0}",87,0,0,0,0.23457750002853572
GIS,21,19319,90,0,[],0,[],"{""min"": -13.772548086989488, ""median"": -3.682090299664879, ""max"": 4.24607981584437}","{""min"": null, ""median"": null, ""max"": null}","{""min"": null, ""median"": null, ""max"": null}","{""min"": 0.0, ""median"": 0.06992199999999965, ""max"": 12571.0}",87,0,0,0,0.14655609999317676
GIS,22,17546,90,0,[],0,[],"{""min"": -14.257156070813654, ""median"": -3.6872484647426793, ""max"": 4.243568397423354}","{""min"": null, ""median"": null, ""max"": null}","{""min"": null, ""median"": null, ""max"": null}","{""min"": 0.0, ""median"": 0.06990699999999964, ""max"": 12905.0}",87,0,0,0,0.13078559993300587
GIS,23,5053,90,0,[],0,[],"{""min"": -13.437791723305565, ""median"": -3.6571893957209674, ""max"": 4.247178651150103}","{""min"": null, ""median"": null, ""max"": null}","{""min"": null, ""median"": null, ""max"": null}","{""min"": 0.0, ""median"": 0.06992799999999964, ""max"": 12135.0}",87,0,0,0,0.03895930002909154
GIS,24,6753,90,0,[],0,[],"{""min"": -12.65828160277474, ""median"": -3.628082869549524, ""max"": 4.07986073823708}","{""min"": null, ""median"": null, ""max"": null}","{""min"": null, ""median"": null, ""max"": null}","{""min"": 0.0, ""median"": 0.07004199999999965, ""max"": 11435.0}",87,0,0,0,0.05568790005054325
GIS,25,8457,90,0,[],0,[],"{""min"": -12.282708999321159, ""median"": -3.5968466882269383, ""max"": 4.0666196510368735}","{""min"": null, ""median"": null, ""max"": null}","{""min"": null, ""median"": null, ""max"": null}","{""min"": 0.0, ""median"": 0.07011999999999964, ""max"": 11150.0}",87,0,0,0,0.06398470001295209
GIS,26,6741,90,0,[],0,[],"{""min"": -12.834089237616672, ""median"": -3.5968576828160326, ""max"": 4.088522231593158}","{""min"": null, ""median"": null, ""max"": null}","{""min"": null, ""median"": null, ""max"": null}","{""min"": 0.0, ""median"": 0.07025499999999965, ""max"": 11510.0}",87,0,0,0,0.05387699999846518
GIS,27,6104,90,0,[],0,[],"{""min"": -12.357635932486598, ""median"": -3.6172201648396056, ""max"": 4.0594802858293235}","{""min"": null, ""median"": null, ""max"": null}","{""min"": null, ""median"": null, ""max"": null}","{""min"": 0.0, ""median"": 0.07008399999999965, ""max"": 10976.0}",87,0,0,0,0.047164599993266165
GIS,28,2039,90,0,[],0,[],"{""min"": -12.171091624318109, ""median"": -3.492066941416847, ""max"": 4.039194370350374}","{""min"": null, ""median"": null, ""max"": null}","{""min"": null, ""median"": null, ""max"": null}","{""min"": 0.0, ""median"": 0.07051899999999964, ""max"": 10953.0}",87,0,0,0,0.029271600069478154
GIS,29,45186,90,0,[],0,[],"{""min"": -13.42404962958602, ""median"": -3.632958967101114, ""max"": 4.408951846528637}","{""min"": null, ""median"": null, ""max"": null}","{""min"": null, ""median"": null, ""max"": null}","{""min"": 0.0, ""median"": 0.06989799999999964, ""max"": 12329.0}",87,0,0,0,0.312680899980478
GIS,30,34235,90,0,[],0,[],"{""min"": -13.697097559471715, ""median"": -3.6480295781093193, ""max"": 4.414031865713155}","{""min"": null, ""median"": null, ""max"": null}","{""min"": null, ""median"": null, ""max"": null}","{""min"": 0.0, ""median"": 0.06989499999999965, ""max"": 12594.0}",87,0,0,0,0.24626589997205883
GIS,31,14957,90,0,[],0,[],"{""min"": -13.406744402381058, ""median"": -3.6805570257980977, ""max"": 4.360892226402292}","{""min"": null, ""median"": null, ""max"": null}","{""min"": null, ""median"": null, ""max"": null}","{""min"": 0.0, ""median"": 0.06998199999999964, ""max"": 12316.0}",87,0,0,0,0.10946729988791049
GIS,32,8767,90,0,[],0,[],"{""min"": -14.402593419451998, ""median"": -3.584133743644478, ""max"": 4.315910005121279}","{""min"": null, ""median"": null, ""max"": null}","{""min"": null, ""median"": null, ""max"": null}","{""min"": 0.0, ""median"": 0.07041999999999965, ""max"": 13082.0}",87,0,0,0,0.06803779990877956
GIS,33,6520,90,0,[],0,[],"{""min"": -12.852268983217147, ""median"": -3.562054328532267, ""max"": 4.2769837382542795}","{""min"": null, ""median"": null, ""max"": null}","{""min"": null, ""median"": null, ""max"": null}","{""min"": 0.0, ""median"": 0.06999999999999965, ""max"": 11769.0}",87,0,0,0,0.048016599961556494
GIS,34,6271,90,0,[],0,[],"{""min"": -13.217669646723802, ""median"": -3.6438527176057462, ""max"": 4.219848421794059}","{""min"": null, ""median"": null, ""max"": null}","{""min"": null, ""median"": null, ""max"": null}","{""min"": 0.0, ""median"": 0.06998199999999964, ""max"": 12035.0}",87,0,0,0,0.04912969993893057
GIS,35,5262,90,0,[],0,[],"{""min"": -13.413853632333623, ""median"": -3.5056877429388233, ""max"": 4.22540464793644}","{""min"": null, ""median"": null, ""max"": null}","{""min"": null, ""median"": null, ""max"": null}","{""min"": 0.0, ""median"": 0.07052799999999965, ""max"": 12257.0}",87,0,0,0,0.0396770000224933
GIS,36,45357,90,0,[],0,[],"{""min"": -13.291130463384274, ""median"": -3.6385393524315433, ""max"": 4.269094192362842}","{""min"": null, ""median"": null, ""max"": null}","{""min"": null, ""median"": null, ""max"": null}","{""min"": 0.0, ""median"": 0.06990099999999964, ""max"": 12195.0}",87,0,0,0,0.3165991000132635
GIS,37,28560,90,0,[],0,[],"{""min"": -13.139303817976632, ""median"": -3.624882915963097, ""max"": 4.291384257037919}","{""min"": null, ""median"": null, ""max"": null}","{""min"": null, ""median"": null, ""max"": null}","{""min"": 0.0, ""median"": 0.06990099999999964, ""max"": 11978.0}",87,0,0,0,0.22928319999482483
GIS,38,33605,90,0,[],0,[],"{""min"": -13.486728760283093, ""median"": -3.61476417831644, ""max"": 4.307297417318681}","{""min"": null, ""median"": null, ""max"": null}","{""min"": null, ""median"": null, ""max"": null}","{""min"": 0.0, ""median"": 0.06989799999999964, ""max"": 12234.0}",87,0,0,0,0.2549056999851018
GIS,39,32534,90,0,[],0,[],"{""min"": -14.620530562575764, ""median"": -3.64653232581602, ""max"": 4.226363408441561}","{""min"": null, ""median"": null, ""max"": null}","{""min"": null, ""median"": null, ""max"": null}","{""min"": 0.0, ""median"": 0.06990099999999964, ""max"": 13513.0}",87,0,0,0,0.22111120005138218
GIS,40,11555,90,0,[],0,[],"{""min"": -14.32497774847981, ""median"": -3.6125069972015282, ""max"": 4.190024065761795}","{""min"": null, ""median"": null, ""max"": null}","{""min"": null, ""median"": null, ""max"": null}","{""min"": 0.0, ""median"": 0.06991599999999965, ""max"": 13276.0}",87,0,0,0,0.09335910005029291
QAS,0,43546,225,0,[],0,[],"{""min"": 0.0, ""median"": 3.4671019922643285, ""max"": 4.340035455241052}","{""min"": 2.767, ""median"": 3.336, ""max"": 3.649}","{""min"": -0.7327743958282562, ""median"": 2.268355914453983e-05, ""max"": 0.10301440000000009}","{""min"": -1004.8, ""median"": 20.0, ""max"": 188.70000000000005}",4417,983,3103,1,1.0364197999006137
QAS,1,37203,225,0,[],0,[],"{""min"": -7.7635280788507295, ""median"": 3.4095539088780193, ""max"": 4.691559321289589}","{""min"": 2.785, ""median"": 3.351, ""max"": 3.4210000000000003}","{""min"": -92.0158747347746, ""median"": -1.1313215737506225e-05, ""max"": 0.10301500000000009}","{""min"": -1005.0, ""median"": 23.0, ""max"": 165.5999999999999}",1972,817,4351,1,0.9244666999438778
QAS,2,26608,225,0,[],0,[],"{""min"": -11.503839387392462, ""median"": 3.4126338879442457, ""max"": 4.700828335720383}","{""min"": 2.809, ""median"": 3.33525, ""max"": 3.4210000000000003}","{""min"": -1771.094568932192, ""median"": 1.129561263787528e-05, ""max"": 0.10301440000000009}","{""min"": -1004.8, ""median"": 17.0, ""max"": 137.5}",2994,799,2279,1,0.6651266999542713
QAS,3,28475,225,0,[],0,[],"{""min"": -144823776.18425828, ""median"": 3.451448147243961, ""max"": 4.524949082006032}","{""min"": 2.898, ""median"": 3.334, ""max"": 3.649}","{""min"": -108640081.58089237, ""median"": 3.3195359507535327e-06, ""max"": 0.1030102000000001}","{""min"": -1003.4, ""median"": 18.0, ""max"": 100.0}",2704,641,2312,2,0.7190909999189898
QAS,4,29874,225,0,[],0,[],"{""min"": -7.930826183020711, ""median"": 3.4444015889268482, ""max"": 4.701237082429806}","{""min"": 2.914, ""median"": 3.358, ""max"": 3.649}","{""min"": -16.592168759221508, ""median"": -1.1796409702805704e-05, ""max"": 0.10300480000000009}","{""min"": -1004.2, ""median"": 18.0, ""max"": 155.9000000000001}",2392,750,2473,1,0.7011247999034822
QAS,5,46310,225,0,[],0,[],"{""min"": -26725.06939747752, ""median"": 3.3965151359472645, ""max"": 4.4052685740529505}","{""min"": 2.895, ""median"": 3.332, ""max"": 3.4130000000000003}","{""min"": -19625.282578638165, ""median"": 9.211884016555088e-06, ""max"": 0.1030078000000001}","{""min"": -1004.2, ""median"": 20.0, ""max"": 160.20000000000005}",2520,618,5282,2,1.06036350002978
QAS,6,40735,225,0,[],0,[],"{""min"": -22.08547769198038, ""median"": 3.4142368804071968, ""max"": 4.741135899827217}","{""min"": 2.859, ""median"": 3.303, ""max"": 3.528}","{""min"": -812.933959163384, ""median"": 1.852630242606645e-05, ""max"": 0.10301230000000008}","{""min"": -1007.1, ""median"": 22.0, ""max"": 144.5}",3710,2226,1784,1,1.0213529999600723
QAS,7,27273,225,0,[],0,[],"{""min"": -35.339129660047846, ""median"": 3.428831723352225, ""max"": 4.237941608452609}","{""min"": 2.975, ""median"": 3.326, ""max"": 3.649}","{""min"": -25.950053783589198, ""median"": -3.659524655278705e-05, ""max"": 0.10301230000000008}","{""min"": -1004.4, ""median"": 19.0, ""max"": 150.0}",3175,1368,2502,1,0.688495000009425
QAS,8,29444,225,0,[],0,[],"{""min"": -1127714134.6956882, ""median"": 3.445132559172464, ""max"": 4.782310110891043}","{""min"": 2.9170000000000003, ""median"": 3.346, ""max"": 3.649}","{""min"": -30493893947.076298, ""median"": -0.000165406337981795, ""max"": 0.10301380000000009}","{""min"": -1006.6, ""median"": 19.0, ""max"": 167.0999999999999}",2623,603,1827,1,0.721366300014779
QAS,9,27174,225,0,[],0,[],"{""min"": -192298.15225582675, ""median"": 3.4177101468156854, ""max"": 4.4961551973899265}","{""min"": 2.991, ""median"": 3.3200000000000003, ""max"": 3.649}","{""min"": -253840.88405838623, ""median"": 5.884421701285987e-06, ""max"": 0.10300420000000009}","{""min"": -1004.5, ""median"": 18.0, ""max"": 109.70000000000005}",3836,1591,2505,2,0.6479182000039145
QAS,10,33059,225,0,[],0,[],"{""min"": -239220.28715593938, ""median"": 3.4527370036676786, ""max"": 4.551909199427078}","{""min"": 2.782, ""median"": 3.332, ""max"": 3.528}","{""min"": -1650277.7092807777, ""median"": 1.7768350739454776e-05, ""max"": 0.10300330000000009}","{""min"": -1004.7, ""median"": 17.0, ""max"": 159.5999999999999}",3215,881,4062,1,0.79705189995002
QAS,11,33908,225,0,[],0,[],"{""min"": -1941.8164208093986, ""median"": 3.409000390811112, ""max"": 4.285648123999151}","{""min"": 2.829, ""median"": 3.325, ""max"": 3.447}","{""min"": -917.6941842337344, ""median"": 5.227130598426662e-05, ""max"": 0.1030141000000001}","{""min"": -1004.7, ""median"": 18.0, ""max"": 142.29999999999995}",3390,1290,2574,1,0.8599021000554785
QAS,12,34202,225,0,[],0,[],"{""min"": -116955.08051254888, ""median"": 3.4372967818392572, ""max"": 4.491487578463096}","{""min"": 3.016, ""median"": 3.356, ""max"": 3.649}","{""min"": -100126.48273847987, ""median"": -3.044085539923827e-06, ""max"": 0.10301349999999432}","{""min"": -1004.5, ""median"": 17.0, ""max"": 100.0}",1917,859,3612,1,0.825422199908644
QAS,13,36656,225,0,[],0,[],"{""min"": -9828317233.739344, ""median"": 3.415011595340348, ""max"": 4.746248245750206}","{""min"": 2.891, ""median"": 3.351, ""max"": 3.42}","{""min"": -21220203275.645653, ""median"": -3.984742686557098e-06, ""max"": 0.10301050000000009}","{""min"": -1004.8, ""median"": 20.0, ""max"": 165.29999999999995}",2696,645,2797,2,0.894414099981077
QAS,14,26891,225,0,[],0,[],"{""min"": -991.2320285241224, ""median"": 3.4932392954332245, ""max"": 4.67880221600825}","{""min"": 2.574, ""median"": 3.343, ""max"": 3.649}","{""min"": -1992.5099015295543, ""median"": 4.110602001652294e-05, ""max"": 0.10301500000000009}","{""min"": -1005.1, ""median"": 19.0, ""max"": 169.0}",2754,618,2293,1,0.6613613000372425
QAS,15,28435,225,0,[],0,[],"{""min"": -41129584.58117225, ""median"": 3.4017054919576335, ""max"": 4.671470763535343}","{""min"": 2.9090000000000003, ""median"": 3.338, ""max"": 3.411}","{""min"": -34287530.111470394, ""median"": 1.3419870531114386e-06, ""max"": 0.10300240000000009}","{""min"": -1003.0, ""median"": 16.0, ""max"": 149.70000000000005}",2650,672,2780,2,0.6464426000602543
QAS,16,35973,225,0,[],0,[],"{""min"": -74.3070812430069, ""median"": 3.4011456112678102, ""max"": 4.3532063438798945}","{""min"": 2.9090000000000003, ""median"": 3.329, ""max"": 3.42}","{""min"": -0.4969503904470428, ""median"": 1.0764279450977569e-05, ""max"": 0.10301350000000009}","{""min"": -1004.9, ""median"": 20.0, ""max"": 129.5999999999999}",3154,1114,3984,1,0.880893100053072
QAS,17,26609,225,0,[],0,[],"{""min"": -763203.056815279, ""median"": 3.3847086905806023, ""max"": 4.617371204922942}","{""min"": 2.999, ""median"": 3.327, ""max"": 3.499}","{""min"": -6124144.616540123, ""median"": -1.8682163982570048e-06, ""max"": 0.1030117000000001}","{""min"": -1003.9, ""median"": 25.0, ""max"": 111.70000000000005}",3196,691,1419,2,0.6474449000088498
QAS,18,34611,225,0,[],0,[],"{""min"": -24.298517114771, ""median"": 3.4422942512467487, ""max"": 4.695376486553226}","{""min"": 2.858, ""median"": 3.326, ""max"": 3.648}","{""min"": -300.1629191237303, ""median"": 1.2029275140434947e-06, ""max"": 0.10301230000000008}","{""min"": -1004.4, ""median"": 18.0, ""max"": 142.4000000000001}",3588,1399,3757,1,0.8591791000217199
QAS,19,34181,225,0,[],0,[],"{""min"": -345.9577156009924, ""median"": 3.4148638607019293, ""max"": 4.641155165532739}","{""min"": 2.945, ""median"": 3.3120000000000003, ""max"": 3.649}","{""min"": -687.600941158029, ""median"": -2.024279472491344e-06, ""max"": 0.10301320000000008}","{""min"": -1005.3, ""median"": 28.0, ""max"": 137.4000000000001}",4042,1506,341,1,0.8551591000286862
QAS,20,36882,225,0,[],0,[],"{""min"": -5.544183631105592, ""median"": 3.4507690772160915, ""max"": 4.703846934114051}","{""min"": 2.85, ""median"": 3.325, ""max"": 3.649}","{""min"": -12.021976139048345, ""median"": -1.7300121114669536e-05, ""max"": 0.10300150000000009}","{""min"": -1004.9, ""median"": 18.0, ""max"": 126.40000000000009}",3362,1122,3809,1,0.9081868999637663
QAS,21,36578,225,0,[],0,[],"{""min"": 0.0, ""median"": 3.4079451984866203, ""max"": 4.297316114242036}","{""min"": 2.9290000000000003, ""median"": 3.326, ""max"": 3.524}","{""min"": -0.8744582027053062, ""median"": -2.691887696327939e-06, ""max"": 0.10300000000000009}","{""min"": -1004.8, ""median"": 20.0, ""max"": 146.20000000000005}",2585,330,1745,1,0.8791680000722408
QAS,22,32774,225,0,[],0,[],"{""min"": -20.064937475676015, ""median"": 3.4233055765923304, ""max"": 4.264376597514543}","{""min"": 2.928, ""median"": 3.329, ""max"": 3.648}","{""min"": -0.2556042043481007, ""median"": -1.7732789174753404e-05, ""max"": 0.1030069000000001}","{""min"": -1003.5, ""median"": 24.0, ""max"": 140.29999999999995}",2294,832,2481,1,0.8220948999514803
QAS,23,27671,225,0,[],0,[],"{""min"": -1965582747.295129, ""median"": 3.373289063007375, ""max"": 4.616072179319208}","{""min"": 3.0260000000000002, ""median"": 3.318, ""max"": 3.41}","{""min"": -4295164117.656367, ""median"": -2.9791649837995067e-06, ""max"": 0.10300630000000009}","{""min"": -1002.4, ""median"": 17.0, ""max"": 100.0}",3419,1583,886,1,0.7089625999797136
QAS,24,33215,225,0,[],0,[],"{""min"": -1179.8368775145238, ""median"": 3.4306973931193996, ""max"": 4.625480329735602}","{""min"": 2.8770000000000002, ""median"": 3.301, ""max"": 3.649}","{""min"": -5454.333968366109, ""median"": -3.7440756730352636e-05, ""max"": 0.10302100000000008}","{""min"": -1008.1, ""median"": 23.0, ""max"": 144.70000000000005}",3521,1142,994,1,0.8560168000403792
QAS,25,29393,225,0,[],0,[],"{""min"": -10.316488528613315, ""median"": 3.4441450590681297, ""max"": 4.769823614963267}","{""min"": 2.556, ""median"": 3.332, ""max"": 3.649}","{""min"": -104.66558996615834, ""median"": 9.408515064075573e-06, ""max"": 0.10301080000000008}","{""min"": -1004.8, ""median"": 22.0, ""max"": 133.5}",2677,807,1042,1,0.7461732999654487
QAS,26,27811,225,0,[],0,[],"{""min"": -12047.797862777403, ""median"": 3.4785965908339334, ""max"": 4.66986456247036}","{""min"": 2.775, ""median"": 3.338, ""max"": 3.649}","{""min"": -14275.756741206456, ""median"": 3.513603721290936e-05, ""max"": 0.10301440000000009}","{""min"": -1008.1, ""median"": 18.0, ""max"": 140.5}",2469,702,2637,1,0.660385400056839
QAS,27,35925,225,0,[],0,[],"{""min"": -1569405022.5127213, ""median"": 3.4210314998047493, ""max"": 4.609010950916831}","{""min"": 2.813, ""median"": 3.3280000000000003, ""max"": 3.4210000000000003}","{""min"": -1292596602.6755357, ""median"": 1.720584217637756e-05, ""max"": 0.10301380000000009}","{""min"": -1004.9, ""median"": 18.0, ""max"": 134.79999999999995}",3901,1001,2949,2,0.7975323999999091
QAS,28,39894,225,0,[],0,[],"{""min"": -3.9499049893928744, ""median"": 3.4363516980624933, ""max"": 4.503618605877686}","{""min"": 2.944, ""median"": 3.325, ""max"": 3.649}","{""min"": -92.55210021826721, ""median"": 1.4721942307509579e-05, ""max"": 0.10301290000000009}","{""min"": -1004.3, ""median"": 18.0, ""max"": 100.0}",4460,3065,3175,1,0.9253496000310406
QAS,29,38133,225,0,[],0,[],"{""min"": -4359.570230403884, ""median"": 3.399615091849397, ""max"": 4.640418923713883}","{""min"": 2.9250000000000003, ""median"": 3.327, ""max"": 3.41}","{""min"": -8774.304728841184, ""median"": 8.392208679432457e-06, ""max"": 0.10301350000000009}","{""min"": -1004.5, ""median"": 19.0, ""max"": 127.90000000000009}",3968,1247,2561,1,0.9068446999881417
QAS,30,26648,225,0,[],0,[],"{""min"": -63091286.16717042, ""median"": 3.447377340829319, ""max"": 4.6663075903022}","{""min"": 2.969, ""median"": 3.351, ""max"": 3.649}","{""min"": -49485102.555407494, ""median"": -0.0003902534422871737, ""max"": 0.10301320000000008}","{""min"": -1004.4, ""median"": 14.0, ""max"": 115.90000000000009}",1705,1505,3567,2,0.6388354999944568
QAS,31,30549,225,0,[],0,[],"{""min"": -40415.93422380207, ""median"": 3.47227053409435, ""max"": 4.662083287061745}","{""min"": 2.81, ""median"": 3.33, ""max"": 3.649}","{""min"": -161687.03920308946, ""median"": -0.0002982531455801272, ""max"": 0.10301200000000009}","{""min"": -1005.0, ""median"": 17.0, ""max"": 136.70000000000005}",2545,1464,2652,1,0.721119400113821
QAS,32,29556,225,0,[],0,[],"{""min"": -284.5618043301912, ""median"": 3.4609081777602215, ""max"": 4.759368864985326}","{""min"": 2.767, ""median"": 3.323, ""max"": 3.649}","{""min"": -1409.025797272044, ""median"": 1.3785520117480274e-06, ""max"": 0.10301320000000008}","{""min"": -1004.8, ""median"": 21.0, ""max"": 172.20000000000005}",2814,1058,1488,1,0.7166906000347808
QAS,33,43373,225,0,[],0,[],"{""min"": -31.395087254444356, ""median"": 3.4526472166759117, ""max"": 4.249491359658319}","{""min"": 2.805, ""median"": 3.34, ""max"": 3.649}","{""min"": -884.3570566821212, ""median"": -4.2950990962214346e-05, ""max"": 0.1030102000000001}","{""min"": -1003.8, ""median"": 20.0, ""max"": 160.9000000000001}",2974,861,291,1,1.0842618000460789
QAS,34,36707,225,0,[],0,[],"{""min"": -168.64585504108612, ""median"": 3.442283873815164, ""max"": 4.624847103290867}","{""min"": 2.902, ""median"": 3.33, ""max"": 3.649}","{""min"": -193.49983035502078, ""median"": -9.838444898232438e-05, ""max"": 0.10301290000000009}","{""min"": -1004.8, ""median"": 19.0, ""max"": 151.9000000000001}",2818,1152,3559,1,0.8725708000129089
QAS,35,34612,225,0,[],0,[],"{""min"": -2.2493424457818803, ""median"": 3.4258748897666482, ""max"": 4.70714242850078}","{""min"": 2.795, ""median"": 3.327, ""max"": 3.4210000000000003}","{""min"": -33.674111960904895, ""median"": 9.530544908779887e-06, ""max"": 0.10300900000000009}","{""min"": -1004.7, ""median"": 20.0, ""max"": 129.79999999999995}",3891,1126,1671,1,0.8525401999941096
QAS,36,29995,225,0,[],0,[],"{""min"": -246574436570.32886, ""median"": 3.395349780973728, ""max"": 4.689038901239301}","{""min"": 2.961, ""median"": 3.344, ""max"": 3.4090000000000003}","{""min"": -1171501896197.9988, ""median"": 3.1563627679546477e-06, ""max"": 0.10301530000000009}","{""min"": -1005.1, ""median"": 20.0, ""max"": 124.20000000000005}",1758,481,3231,2,0.7108181000221521
QAS,37,26705,225,0,[],0,[],"{""min"": -0.6641709570145579, ""median"": 3.394116942634343, ""max"": 4.2947014031443205}","{""min"": 2.948, ""median"": 3.327, ""max"": 3.41}","{""min"": -1.6157646478467016, ""median"": 1.439664897146798e-06, ""max"": 0.10300840000000008}","{""min"": -1003.1, ""median"": 18.0, ""max"": 111.90000000000009}",2693,572,2123,1,0.6510541999014094
QAS,38,28332,225,0,[],0,[],"{""min"": -2484.082688841582, ""median"": 3.4302182524206972, ""max"": 4.75366661998881}","{""min"": 2.783, ""median"": 3.332, ""max"": 3.411}","{""min"": -1778.828903185165, ""median"": 4.5568985131262e-06, ""max"": 0.10301380000000009}","{""min"": -1004.9, ""median"": 18.0, ""max"": 159.70000000000005}",2945,1227,2679,1,0.6705602000001818
QAS,39,26948,225,0,[],0,[],"{""min"": -16.57982466908552, ""median"": 3.409732140384245, ""max"": 4.2385981241115545}","{""min"": 2.849, ""median"": 3.325, ""max"": 3.476}","{""min"": -2.146122337396881, ""median"": 1.0616272468537615e-05, ""max"": 0.1030102000000001}","{""min"": -1003.7, ""median"": 20.0, ""max"": 152.70000000000005}",4633,835,968,1,0.6491922000423074
QAS,40,27200,225,0,[],0,[],"{""min"": -1481012.1036747778, ""median"": 3.4549151688524415, ""max"": 4.672688473981122}","{""min"": 2.868, ""median"": 3.329, ""max"": 3.649}","{""min"": -944611.4888798005, ""median"": -3.060466301260232e-05, ""max"": 0.10300750000000009}","{""min"": -1005.0, ""median"": 16.0, ""max"": 137.0}",4232,906,1713,1,0.6272904999786988
QAS,41,28199,225,0,[],0,[],"{""min"": -1041.9938072641926, ""median"": 3.4523130772409147, ""max"": 4.564001496822859}","{""min"": 2.873, ""median"": 3.329, ""max"": 3.649}","{""min"": -7587.1886617659275, ""median"": -7.73628560038719e-05, ""max"": 0.10300510000000009}","{""min"": -1004.6, ""median"": 20.0, ""max"": 154.5999999999999}",3714,1128,2952,1,0.671089000068605
QAS,42,39716,225,0,[],0,[],"{""min"": -19.709387797640847, ""median"": 3.381932381634714, ""max"": 4.743205024175199}","{""min"": 2.994, ""median"": 3.329, ""max"": 3.41}","{""min"": -341.9810581879688, ""median"": 1.1141784213404266e-06, ""max"": 0.10300960000000009}","{""min"": -1004.6, ""median"": 16.0, ""max"": 107.79999999999995}",4373,1515,4342,1,0.980936500011012
QAS,43,41306,225,0,[],0,[],"{""min"": -591946.7608371467, ""median"": 3.410058704261961, ""max"": 4.689750264299866}","{""min"": 2.922, ""median"": 3.335, ""max"": 3.517}","{""min"": -789708.3237798797, ""median"": -1.0638648572790799e-05, ""max"": 0.10300900000000009}","{""min"": -1007.4, ""median"": 16.0, ""max"": 159.70000000000005}",3050,1046,3719,1,1.0568569999886677
QAS,44,29017,225,0,[],0,[],"{""min"": -5.405731169195565, ""median"": 3.3777450445353496, ""max"": 4.242080054003848}","{""min"": 2.948, ""median"": 3.315, ""max"": 3.407}","{""min"": -5.46501745823642, ""median"": 1.2868254346970219e-05, ""max"": 0.1030102000000001}","{""min"": -1004.9, ""median"": 21.0, ""max"": 151.0999999999999}",2484,916,443,1,0.6699136999668553
QAS,45,29318,225,0,[],0,[],"{""min"": -15.21645001379888, ""median"": 3.444795961143789, ""max"": 4.214590422261669}","{""min"": 2.785, ""median"": 3.307, ""max"": 3.649}","{""min"": -0.16171549539895713, ""median"": -2.378872792226531e-06, ""max"": 0.10301260000000009}","{""min"": -1004.5, ""median"": 19.0, ""max"": 168.0}",2508,2035,463,1,0.8088428000919521
QAS,46,44517,225,0,[],0,[],"{""min"": -5.794252919300098, ""median"": 3.424869880205244, ""max"": 4.606926859206553}","{""min"": 2.801, ""median"": 3.333, ""max"": 3.4290000000000003}","{""min"": -55.89166176794716, ""median"": -6.661121310645231e-07, ""max"": 0.10300810000000009}","{""min"": -1004.9, ""median"": 16.0, ""max"": 177.4000000000001}",2882,866,3055,1,1.160221099969931
QAS,47,31874,225,0,[],0,[],"{""min"": 0.0, ""median"": 3.4071771056315123, ""max"": 4.655353044669754}","{""min"": 2.903, ""median"": 3.334, ""max"": 3.41}","{""min"": -8.35633628301235, ""median"": 4.860413418360451e-06, ""max"": 0.10301050000000009}","{""min"": -1004.6, ""median"": 17.0, ""max"": 129.5}",2960,807,2293,1,0.8644290999509394
QAS,48,28123,225,0,[],0,[],"{""min"": -1956409124.9991963, ""median"": 3.436764001412364, ""max"": 4.770599125960289}","{""min"": 2.953, ""median"": 3.338, ""max"": 3.649}","{""min"": -49789929840.85894, ""median"": 0.00030805321529318196, ""max"": 0.10301290000000009}","{""min"": -1004.3, ""median"": 18.0, ""max"": 160.70000000000005}",2577,582,1912,2,0.7417147000087425
QAS,49,34126,225,0,[],0,[],"{""min"": -0.6398943898409584, ""median"": 3.384570393089122, ""max"": 4.662847305337362}","{""min"": 3.005, ""median"": 3.319, ""max"": 3.41}","{""min"": -30.08922858805833, ""median"": -2.210438740407426e-06, ""max"": 0.10300420000000009}","{""min"": -1002.8, ""median"": 18.0, ""max"": 100.0}",4279,1643,1327,1,0.881653800024651
QAS,50,27397,225,0,[],0,[],"{""min"": -79.0318508089605, ""median"": 3.4122130180437003, ""max"": 4.508632758002122}","{""min"": 2.957, ""median"": 3.3185000000000002, ""max"": 3.649}","{""min"": -32.33021950224464, ""median"": 7.890188829435355e-09, ""max"": 0.10301380000000009}","{""min"": -1004.7, ""median"": 17.0, ""max"": 155.70000000000005}",2172,1372,3323,1,0.7149388000834733
QAS,51,29335,225,0,[],0,[],"{""min"": -3.989637155406914, ""median"": 3.4385859698460273, ""max"": 4.64939217778981}","{""min"": 2.759, ""median"": 3.34, ""max"": 3.411}","{""min"": -82.36665260457791, ""median"": 3.2499492033913668e-06, ""max"": 0.10300630000000009}","{""min"": -1004.5, ""median"": 19.0, ""max"": 154.79999999999995}",2579,880,3035,1,0.7841249000048265
QAS,52,30399,225,0,[],0,[],"{""min"": -7.887074918505939, ""median"": 3.402215988749381, ""max"": 4.305305893635588}","{""min"": 2.873, ""median"": 3.329, ""max"": 3.4090000000000003}","{""min"": -0.13753064445953408, ""median"": 6.476035880940202e-06, ""max"": 0.10300150000000009}","{""min"": -1003.9, ""median"": 18.0, ""max"": 160.70000000000005}",1991,867,3719,1,0.7514472999610007
QAS,53,35374,225,0,[],0,[],"{""min"": -517681331118.84, ""median"": 3.438702508133434, ""max"": 4.767801558982858}","{""min"": 2.958, ""median"": 3.33, ""max"": 3.649}","{""min"": -4309328345279.634, ""median"": -1.0491347212310615e-05, ""max"": 0.10301080000000008}","{""min"": -1004.6, ""median"": 17.0, ""max"": 108.70000000000005}",3201,749,1804,2,0.820030500064604
QAS,54,28951,225,0,[],0,[],"{""min"": -362.5703672852591, ""median"": 3.375052136434537, ""max"": 4.213798062234836}","{""min"": 3.025, ""median"": 3.3280000000000003, ""max"": 3.434}","{""min"": -10.473302652228043, ""median"": 5.289852371180871e-06, ""max"": 0.10300570000000009}","{""min"": -1003.1, ""median"": 18.0, ""max"": 100.0}",3647,1071,3413,1,0.6762549000559375
QAS,55,32554,225,0,[],0,[],"{""min"": -319.7707390574817, ""median"": 3.4542483628838325, ""max"": 4.228441367586392}","{""min"": 2.861, ""median"": 3.332, ""max"": 3.649}","{""min"": -150.00111012922733, ""median"": 1.2978621800597951e-06, ""max"": 0.10301260000000009}","{""min"": -1004.6, ""median"": 20.0, ""max"": 126.79999999999995}",2706,1138,3453,1,0.7910112999379635
QAS,56,30723,225,0,[],0,[],"{""min"": -24.105311125926647, ""median"": 3.4496828042974554, ""max"": 4.228211559019867}","{""min"": 2.946, ""median"": 3.341, ""max"": 3.648}","{""min"": -27.7531130156767, ""median"": 1.5897973378181575e-05, ""max"": 0.10301320000000008}","{""min"": -1004.7, ""median"": 15.0, ""max"": 109.0}",1870,675,4116,1,0.754386999993585
QAS,57,34138,225,0,[],0,[],"{""min"": -961805757.2271179, ""median"": 3.4659217628399213, ""max"": 4.605792503350035}","{""min"": 2.857, ""median"": 3.34, ""max"": 3.649}","{""min"": -782303455.3217312, ""median"": -2.850635340491962e-05, ""max"": 0.10301470000000008}","{""min"": -1005.0, ""median"": 19.0, ""max"": 137.4000000000001}",2105,883,3649,2,0.8500467999838293
QAS,58,30422,225,0,[],0,[],"{""min"": 0.0, ""median"": 3.4321965450520535, ""max"": 4.610654253341168}","{""min"": 2.765, ""median"": 3.325, ""max"": 3.41}","{""min"": -251.95633451809223, ""median"": 2.4640457304771816e-06, ""max"": 0.10300390000000009}","{""min"": -1001.5, ""median"": 15.0, ""max"": 148.29999999999995}",3606,1030,2376,1,0.7585725999670103
QAS,59,47357,225,0,[],0,[],"{""min"": -20.33081405205399, ""median"": 3.464710971836827, ""max"": 4.740857635887817}","{""min"": 2.841, ""median"": 3.34, ""max"": 3.649}","{""min"": -312.88291865907416, ""median"": -4.3614906019349175e-06, ""max"": 0.10301470000000008}","{""min"": -1005.0, ""median"": 17.0, ""max"": 138.29999999999995}",2327,570,4476,1,1.1794302000198513
QAS,60,39238,225,0,[],0,[],"{""min"": -319.2091360259719, ""median"": 3.448361608124247, ""max"": 4.219570298563896}","{""min"": 2.904, ""median"": 3.325, ""max"": 3.649}","{""min"": -36.823323327531334, ""median"": -6.94959666984226e-05, ""max"": 0.1030030000000001}","{""min"": -1001.2, ""median"": 18.0, ""max"": 113.40000000000009}",3479,1555,3552,1,0.948867000057362
QAS,61,31699,225,0,[],0,[],"{""min"": -22.251049814127878, ""median"": 3.4343183646546733, ""max"": 4.264376512793817}","{""min"": 2.7680000000000002, ""median"": 3.341, ""max"": 3.4210000000000003}","{""min"": -0.17211662954225748, ""median"": 1.7493133223895996e-05, ""max"": 0.10301500000000009}","{""min"": -1005.0, ""median"": 20.0, ""max"": 166.4000000000001}",2329,461,3230,1,0.8249869999708608
QAS,62,27434,225,0,[],0,[],"{""min"": -6332.390031574051, ""median"": 3.437493211484848, ""max"": 4.660218898361254}","{""min"": 2.724, ""median"": 3.321, ""max"": 3.527}","{""min"": -8966.80798434112, ""median"": 1.3160217733324501e-05, ""max"": 0.10301320000000008}","{""min"": -1004.7, ""median"": 18.0, ""max"": 168.0}",2387,1712,2075,1,0.7047005000058562
QAS,63,29842,225,0,[],0,[],"{""min"": -147.43006800452895, ""median"": 3.428226078585302, ""max"": 4.663098113829393}","{""min"": 2.774, ""median"": 3.33, ""max"": 3.423}","{""min"": -334.90889420528197, ""median"": 1.9776381659697085e-06, ""max"": 0.1030093000000001}","{""min"": -1003.3, ""median"": 18.0, ""max"": 163.4000000000001}",3380,863,2980,1,0.7610336999641731
QAS,64,43827,225,0,[],0,[],"{""min"": -7.503914632681544, ""median"": 3.397949920515055, ""max"": 4.750643999708306}","{""min"": 2.936, ""median"": 3.3280000000000003, ""max"": 3.414}","{""min"": -27.290215433030856, ""median"": -3.4080349765324035e-07, ""max"": 0.10300150000000009}","{""min"": -1004.6, ""median"": 18.0, ""max"": 130.79999999999995}",3963,1273,2666,1,1.1206068999599665
QAS,65,83584,225,0,[],0,[],"{""min"": 0.0, ""median"": 3.410007879927212, ""max"": 4.242558206860527}","{""min"": 2.883, ""median"": 3.322, ""max"": 3.6390000000000002}","{""min"": -0.7525955007473812, ""median"": -1.8112792224555263e-05, ""max"": 0.10301320000000008}","{""min"": -1004.4, ""median"": 22.0, ""max"": 162.5999999999999}",2430,4108,4477,1,2.2106320000020787
QAS,66,32545,225,0,[],0,[],"{""min"": -6150075485.0663595, ""median"": 3.4577226298042136, ""max"": 4.645031501713301}","{""min"": 2.845, ""median"": 3.34, ""max"": 3.649}","{""min"": -2588722689.6246934, ""median"": -1.2286003024081481e-05, ""max"": 0.10301260000000009}","{""min"": -1005.0, ""median"": 18.0, ""max"": 162.29999999999995}",2787,1093,4318,2,0.9091639999533072
QAS,67,38841,225,0,[],0,[],"{""min"": -1.4946250533416987, ""median"": 3.4483947916342848, ""max"": 4.747624288641699}","{""min"": 2.908, ""median"": 3.353, ""max"": 3.649}","{""min"": -54.82225094821729, ""median"": -0.00022024981096090466, ""max"": 0.10301350000000009}","{""min"": -1004.8, ""median"": 21.0, ""max"": 154.0999999999999}",1942,1064,3792,1,1.0715182999847457
QAS,68,36821,225,0,[],0,[],"{""min"": -3302906815.709367, ""median"": 3.445471163886389, ""max"": 4.599862164033531}","{""min"": 2.965, ""median"": 3.358, ""max"": 3.649}","{""min"": -9582166313.89049, ""median"": 3.7005348339476986e-07, ""max"": 0.10301080000000008}","{""min"": -1003.7, ""median"": 18.0, ""max"": 119.79999999999995}",1893,462,3871,2,0.9431781999301165
QAS,69,29095,225,0,[],0,[],"{""min"": 0.0, ""median"": 3.4220610602412354, ""max"": 4.305631291724076}","{""min"": 2.984, ""median"": 3.329, ""max"": 3.649}","{""min"": -0.17192547138123856, ""median"": -8.814774396920767e-07, ""max"": 0.10300330000000009}","{""min"": -1004.6, ""median"": 19.0, ""max"": 168.20000000000005}",2659,828,1125,1,0.7618864999385551
QAS,70,28410,225,0,[],0,[],"{""min"": -7.807499390826699, ""median"": 3.414046929290413, ""max"": 4.715327638009391}","{""min"": 2.866, ""median"": 3.33, ""max"": 3.4210000000000003}","{""min"": -58.939547632692324, ""median"": 8.27160611489012e-06, ""max"": 0.1030102000000001}","{""min"": -1004.7, ""median"": 18.0, ""max"": 154.29999999999995}",3444,907,1286,1,0.7135756000643596
QAS,71,30776,225,0,[],0,[],"{""min"": -12676889019.806538, ""median"": 3.4156521819879426, ""max"": 4.751071540444281}","{""min"": 2.821, ""median"": 3.329, ""max"": 3.41}","{""min"": -14935867666.095694, ""median"": 1.0923503316934073e-05, ""max"": 0.10301109999999432}","{""min"": -1005.0, ""median"": 19.0, ""max"": 155.5999999999999}",2169,1175,2611,2,0.7440952999750152
QAS,72,30360,225,0,[],0,[],"{""min"": -153090.630945747, ""median"": 3.378841079016044, ""max"": 4.484009779815974}","{""min"": 2.9210000000000003, ""median"": 3.307, ""max"": 3.424}","{""min"": -133034.3297194968, ""median"": 1.1485045923502696e-05, ""max"": 0.10301470000000008}","{""min"": -1005.0, ""median"": 23.0, ""max"": 159.0}",3246,1015,396,2,0.8527490999549627
QAS,73,38927,225,0,[],0,[],"{""min"": -17646.744513635673, ""median"": 3.4135937668836998, ""max"": 4.6201799300818704}","{""min"": 2.888, ""median"": 3.334, ""max"": 3.511}","{""min"": -15949.156224190452, ""median"": -1.2177292803353793e-05, ""max"": 0.10301140000000009}","{""min"": -1007.0, ""median"": 18.0, ""max"": 160.9000000000001}",3128,1185,4424,1,0.9533729999093339
QAS,74,30709,225,0,[],0,[],"{""min"": -3.55407420489229, ""median"": 3.384655800313741, ""max"": 4.652358100306022}","{""min"": 2.9330000000000003, ""median"": 3.319, ""max"": 3.41}","{""min"": -9.180750051976213, ""median"": -5.8059967050215e-06, ""max"": 0.10300390000000009}","{""min"": -1002.8, ""median"": 18.0, ""max"": 154.5999999999999}",2270,1092,2293,1,0.7949274000711739
QAS,75,31006,225,0,[],0,[],"{""min"": -1056018397.9926311, ""median"": 3.445600582974089, ""max"": 4.603023773649426}","{""min"": 2.876, ""median"": 3.327, ""max"": 3.649}","{""min"": -607373690.6948593, ""median"": -1.762126710741707e-05, ""max"": 0.10300900000000009}","{""min"": -1004.8, ""median"": 17.0, ""max"": 153.4000000000001}",4426,1516,1944,2,0.8255203999578953
QAS,76,50142,225,0,[],0,[],"{""min"": 0.0, ""median"": 3.440697009948756, ""max"": 4.2050711700003305}","{""min"": 2.811, ""median"": 3.3280000000000003, ""max"": 3.649}","{""min"": -4.329834138420661, ""median"": 1.6098481214702703e-05, ""max"": 0.1030069000000001}","{""min"": -1004.8, ""median"": 19.0, ""max"": 174.0}",2566,2146,7172,1,1.3061172000598162
QAS,77,84840,225,0,[],0,[],"{""min"": -23.377427987617597, ""median"": 3.4498484100840923, ""max"": 4.69308113287372}","{""min"": 2.907, ""median"": 3.351, ""max"": 3.649}","{""min"": -153.83205845445252, ""median"": -6.530957626930892e-05, ""max"": 0.10301080000000008}","{""min"": -1006.8, ""median"": 22.0, ""max"": 164.29999999999995}",3677,1015,9524,1,2.135784599930048
QAS,78,30733,225,0,[],0,[],"{""min"": 0.0, ""median"": 3.4093555965942306, ""max"": 4.115024998847252}","{""min"": 2.84, ""median"": 3.3240000000000003, ""max"": 3.485}","{""min"": -0.14846607902340772, ""median"": 7.768392521607183e-06, ""max"": 0.10301200000000009}","{""min"": -1004.8, ""median"": 21.0, ""max"": 166.5}",2989,981,2580,1,0.9068683000514284
QAS,79,32578,225,0,[],0,[],"{""min"": -617.8062299393632, ""median"": 3.4052694456978525, ""max"": 4.773911318455756}","{""min"": 2.9170000000000003, ""median"": 3.325, ""max"": 3.512}","{""min"": -1183.6918440383215, ""median"": 1.9496467613162866e-05, ""max"": 0.10301050000000009}","{""min"": -1006.9, ""median"": 19.0, ""max"": 157.5999999999999}",2498,728,1570,1,0.8261532000033185
QAS,80,34510,225,0,[],0,[],"{""min"": -6752.525686334963, ""median"": 3.446258495348297, ""max"": 4.5949005141658175}","{""min"": 2.855, ""median"": 3.3280000000000003, ""max"": 3.649}","{""min"": -22532.51360019742, ""median"": -1.935609897017446e-06, ""max"": 0.10301350000000009}","{""min"": -1006.8, ""median"": 19.0, ""max"": 171.29999999999995}",2100,1283,3242,1,0.8870948000112548
QAS,81,48548,225,0,[],0,[],"{""min"": -284.60305250395226, ""median"": 3.426920025663803, ""max"": 4.65632113734838}","{""min"": 2.85, ""median"": 3.323, ""max"": 3.6430000000000002}","{""min"": -3008.4188378149997, ""median"": 3.579652191875383e-06, ""max"": 0.10301320000000008}","{""min"": -1004.7, ""median"": 19.0, ""max"": 115.79999999999995}",3029,2286,3764,1,1.2983460000250489
QAS,82,28927,225,0,[],0,[],"{""min"": -7.80777667235271, ""median"": 3.386960777564461, ""max"": 4.706320111509387}","{""min"": 2.974, ""median"": 3.325, ""max"": 3.41}","{""min"": -43.73345205040217, ""median"": 6.288267365840965e-06, ""max"": 0.10300840000000008}","{""min"": -1004.9, ""median"": 17.0, ""max"": 100.0}",2927,1324,2677,1,0.7169904999900609
QAS,83,27627,225,0,[],0,[],"{""min"": -2.7750233714400894, ""median"": 3.407028192143142, ""max"": 4.325230793603417}","{""min"": 3.024, ""median"": 3.329, ""max"": 3.649}","{""min"": -9.419246298293151, ""median"": -0.00013614377299358995, ""max"": 0.10300270000000009}","{""min"": -1007.2, ""median"": 27.0, ""max"": 137.20000000000005}",994,989,6868,1,0.7050937000894919
QAS,84,29778,225,0,[],0,[],"{""min"": -324134.57465150254, ""median"": 3.4422719054224387, ""max"": 4.6557180516100285}","{""min"": 2.928, ""median"": 3.3280000000000003, ""max"": 3.649}","{""min"": -304590.39729056705, ""median"": -6.0944023220952435e-05, ""max"": 0.10301440000000009}","{""min"": -1004.8, ""median"": 22.0, ""max"": 146.9000000000001}",5283,1249,2056,1,0.7316326000727713
QAS,85,31785,225,0,[],0,[],"{""min"": -102.5852127574404, ""median"": 3.4359054462929137, ""max"": 4.290767145649001}","{""min"": 2.973, ""median"": 3.3280000000000003, ""max"": 3.649}","{""min"": -12.654456047438075, ""median"": 1.8974130400925448e-06, ""max"": 0.10300180000000142}","{""min"": -1001.1, ""median"": 19.0, ""max"": 100.0}",2990,582,2022,1,0.7914900999749079
QAS,86,42751,225,0,[],0,[],"{""min"": -56581.07112566706, ""median"": 3.4246075578486135, ""max"": 4.596427332101688}","{""min"": 2.994, ""median"": 3.331, ""max"": 3.648}","{""min"": -78958.84053673892, ""median"": -6.263563022835969e-07, ""max"": 0.10301230000000008}","{""min"": -1004.7, ""median"": 21.0, ""max"": 133.70000000000005}",2578,528,4277,2,1.0726964001078159
QAS,87,26656,225,0,[],0,[],"{""min"": -7.17204101791981, ""median"": 3.4571338974949555, ""max"": 4.271174157844978}","{""min"": 2.845, ""median"": 3.33, ""max"": 3.649}","{""min"": -6.0816066687020935, ""median"": -3.0284941132168227e-06, ""max"": 0.10301380000000009}","{""min"": -1004.9, ""median"": 16.0, ""max"": 138.9000000000001}",2326,1153,3528,1,0.6796048000687733
QAS,88,26814,225,0,[],0,[],"{""min"": -231.29991171383193, ""median"": 3.4404693057582296, ""max"": 4.662884448045469}","{""min"": 2.942, ""median"": 3.3280000000000003, ""max"": 3.649}","{""min"": -415.5051786208134, ""median"": -4.8175216830818185e-05, ""max"": 0.10300330000000009}","{""min"": -1001.2, ""median"": 21.0, ""max"": 144.0999999999999}",2264,614,1514,1,0.6941568000474945
QAS,89,27067,225,0,[],0,[],"{""min"": -10655264.438223386, ""median"": 3.43170148540431, ""max"": 4.5512320580386785}","{""min"": 2.922, ""median"": 3.3265000000000002, ""max"": 3.649}","{""min"": -8611595.451764567, ""median"": 5.618677557818729e-06, ""max"": 0.10301500000000009}","{""min"": -1005.0, ""median"": 16.0, ""max"": 136.4000000000001}",2543,1284,2607,2,0.6763034000759944
QAS,90,30684,225,0,[],0,[],"{""min"": -37299631.76379875, ""median"": 3.4089632317652425, ""max"": 4.5250559793524925}","{""min"": 2.904, ""median"": 3.326, ""max"": 3.505}","{""min"": -26328653.63303393, ""median"": 5.794678525119665e-06, ""max"": 0.10301440000000009}","{""min"": -1005.0, ""median"": 17.0, ""max"": 140.9000000000001}",2231,821,2136,2,0.75927529996261
QAS,91,33124,225,0,[],0,[],"{""min"": -27891158599.89088, ""median"": 3.4227254229267716, ""max"": 4.696335394887187}","{""min"": 2.938, ""median"": 3.3200000000000003, ""max"": 3.649}","{""min"": -59431666728.92512, ""median"": -6.286821061207447e-05, ""max"": 0.10300390000000009}","{""min"": -1001.3, ""median"": 21.0, ""max"": 116.59999999999991}",1160,2936,4758,1,0.8686152000445873
QAS,92,39485,225,0,[],0,[],"{""min"": 0.0, ""median"": 3.4163967158882595, ""max"": 4.662537361973568}","{""min"": 2.8120000000000003, ""median"": 3.323, ""max"": 3.41}","{""min"": -223.8617524552113, ""median"": 4.267868434121937e-06, ""max"": 0.10301290000000009}","{""min"": -1004.8, ""median"": 17.0, ""max"": 158.20000000000005}",3426,2463,1805,1,0.9698989000171423
QAS,93,33626,225,0,[],0,[],"{""min"": -9.221785546057575, ""median"": 3.414776782962023, ""max"": 4.69831815097474}","{""min"": 2.918, ""median"": 3.364, ""max"": 3.4090000000000003}","{""min"": -71.10904634763773, ""median"": -1.2466923840269715e-05, ""max"": 0.10301320000000008}","{""min"": -1004.9, ""median"": 19.0, ""max"": 152.5}",2169,665,2571,1,0.8241399000398815
QAS,94,32392,225,0,[],0,[],"{""min"": -0.30132348405738507, ""median"": 3.4221218689853004, ""max"": 4.273126238398701}","{""min"": 2.866, ""median"": 3.335, ""max"": 3.4210000000000003}","{""min"": -2.3875209290365396, ""median"": -6.181358879523003e-06, ""max"": 0.10300360000000008}","{""min"": -1004.4, ""median"": 15.0, ""max"": 119.79999999999995}",3811,785,2332,1,0.8236106999684125
QAS,95,31663,225,0,[],0,[],"{""min"": -21637.357548975928, ""median"": 3.385337545705259, ""max"": 4.674096204547113}","{""min"": 3.0, ""median"": 3.3240000000000003, ""max"": 3.494}","{""min"": -22725.584364967868, ""median"": 2.030635358393084e-06, ""max"": 0.10300900000000009}","{""min"": -1007.0, ""median"": 19.0, ""max"": 155.0}",2334,992,3054,2,0.7794007000047714
QAS,96,33677,225,0,[],0,[],"{""min"": 0.0, ""median"": 3.4383050069419885, ""max"": 4.283377990018128}","{""min"": 2.68, ""median"": 3.3280000000000003, ""max"": 3.41}","{""min"": -0.19589127003582443, ""median"": 7.076406276537057e-06, ""max"": 0.10301230000000008}","{""min"": -1004.9, ""median"": 19.0, ""max"": 176.70000000000005}",3079,874,4047,1,0.8195488000055775
QAS,97,35125,225,0,[],0,[],"{""min"": -20.85691573356051, ""median"": 3.4012488653715254, ""max"": 4.747420478855931}","{""min"": 2.965, ""median"": 3.352, ""max"": 3.422}","{""min"": -183.7325850767787, ""median"": -2.6064865383984483e-05, ""max"": 0.10300000000000142}","{""min"": -1004.9, ""median"": 22.0, ""max"": 149.70000000000005}",1666,796,4170,1,0.8490216000936925
QAS,98,33371,225,0,[],0,[],"{""min"": -56.378930444221425, ""median"": 3.403703688881186, ""max"": 4.237212499460049}","{""min"": 2.767, ""median"": 3.2920000000000003, ""max"": 3.4210000000000003}","{""min"": -32.04257073679209, ""median"": 5.408044070930344e-06, ""max"": 0.10301080000000008}","{""min"": -1003.6, ""median"": 21.0, ""max"": 162.0}",1746,400,708,1,0.7769935000687838
QAS,99,35410,225,0,[],0,[],"{""min"": -9.161088055372938, ""median"": 3.413632269403991, ""max"": 4.698454648480718}","{""min"": 2.904, ""median"": 3.345, ""max"": 3.411}","{""min"": -517.4019446039437, ""median"": 9.108942300434621e-06, ""max"": 0.1030141000000001}","{""min"": -1004.7, ""median"": 18.0, ""max"": 103.79999999999995}",1834,538,3912,1,0.858160600066185
QAS,100,36090,225,0,[],0,[],"{""min"": -38173533.96219918, ""median"": 3.417425773930373, ""max"": 4.6590574141106345}","{""min"": 2.956, ""median"": 3.357, ""max"": 3.649}","{""min"": -42901394.641261786, ""median"": 4.640126650421308e-06, ""max"": 0.10300480000000009}","{""min"": -1002.9, ""median"": 18.0, ""max"": 114.20000000000005}",2574,788,3019,2,0.8528650000225753
QAS,101,38748,225,0,[],0,[],"{""min"": -86.4629084811795, ""median"": 3.4286059850976884, ""max"": 4.6066104362274665}","{""min"": 2.799, ""median"": 3.331, ""max"": 3.418}","{""min"": -363.1945183017535, ""median"": -2.417855703075702e-06, ""max"": 0.10300900000000009}","{""min"": -1003.3, ""median"": 18.0, ""max"": 300.0}",2966,918,4042,1,0.8862016999628395
QAS,102,41283,225,0,[],0,[],"{""min"": -4854.391440245003, ""median"": 3.405362133713881, ""max"": 4.660868222000528}","{""min"": 2.936, ""median"": 3.338, ""max"": 3.499}","{""min"": -5256.825375237041, ""median"": 7.356397830125019e-06, ""max"": 0.10300990000000008}","{""min"": -1003.8, ""median"": 21.0, ""max"": 132.5}",2539,623,4710,1,1.0192265000659972
QAS,103,60752,225,0,[],0,[],"{""min"": -2649223841981.06, ""median"": 3.461715229212706, ""max"": 4.716903011033488}","{""min"": 2.793, ""median"": 3.342, ""max"": 3.649}","{""min"": -3344640944098.287, ""median"": 2.201405958334973e-05, ""max"": 0.10309765625}","{""min"": -1005.0, ""median"": 21.0, ""max"": 172.79999999999995}",2310,1231,4106,2,1.6304081999696791
QAS,104,29651,225,0,[],0,[],"{""min"": -50.15946998855813, ""median"": 3.4741947324831557, ""max"": 4.694359921612566}","{""min"": 2.7800000000000002, ""median"": 3.349, ""max"": 3.649}","{""min"": -477.7145118767124, ""median"": -1.1791159144385113e-06, ""max"": 0.10301380000000009}","{""min"": -1004.8, ""median"": 17.0, ""max"": 167.70000000000005}",2217,870,2659,1,0.7051082999678329
QAS,105,32540,225,0,[],0,[],"{""min"": -103.83888902176045, ""median"": 3.4213061831981366, ""max"": 4.203278687516408}","{""min"": 2.782, ""median"": 3.331, ""max"": 3.4210000000000003}","{""min"": -70.75097245538873, ""median"": 2.3755467853444885e-05, ""max"": 0.1030102000000001}","{""min"": -1004.8, ""median"": 20.0, ""max"": 159.0}",2387,1034,3041,1,0.8370031000813469
QAS,106,29404,225,0,[],0,[],"{""min"": -225.17278292848323, ""median"": 3.428672213111265, ""max"": 4.189584284106285}","{""min"": 2.807, ""median"": 3.332, ""max"": 3.513}","{""min"": -52.14574035096574, ""median"": 1.3044557589241976e-05, ""max"": 0.10302100000000008}","{""min"": -1007.0, ""median"": 21.0, ""max"": 158.70000000000005}",1482,799,4449,1,0.7449527999851853
QAS,107,40663,225,0,[],0,[],"{""min"": -155640814.01451305, ""median"": 3.4471730302331967, ""max"": 4.775368000053275}","{""min"": 2.946, ""median"": 3.352, ""max"": 3.649}","{""min"": -12646005130.645554, ""median"": -0.0001448831211243247, ""max"": 0.10301260000000009}","{""min"": -1004.5, ""median"": 17.0, ""max"": 143.20000000000005}",2568,1005,2569,1,1.051405799924396
QAS,108,27818,225,0,[],0,[],"{""min"": -109.82301238983256, ""median"": 3.461010553972615, ""max"": 4.55382783194221}","{""min"": 2.694, ""median"": 3.351, ""max"": 3.41}","{""min"": -136.34608786779674, ""median"": 7.994862932013889e-06, ""max"": 0.1030102000000001}","{""min"": -1004.8, ""median"": 18.0, ""max"": 149.0999999999999}",2060,660,2875,1,0.7067351000150666
QAS,109,40704,225,0,[],0,[],"{""min"": -864.1642354165778, ""median"": 3.4058806307712137, ""max"": 4.2794026537707754}","{""min"": 2.9090000000000003, ""median"": 3.356, ""max"": 3.4250000000000003}","{""min"": -369.79012530305886, ""median"": -6.314245852490499e-05, ""max"": 0.10301050000000009}","{""min"": -1004.7, ""median"": 19.0, ""max"": 173.29999999999995}",4955,1355,3448,1,1.0515727000311017
QAS,110,28888,225,0,[],0,[],"{""min"": -162697450.71704087, ""median"": 3.3844040800822723, ""max"": 4.658734308117984}","{""min"": 3.009, ""median"": 3.337, ""max"": 3.41}","{""min"": -185829035.4206649, ""median"": 1.0796714209370748e-06, ""max"": 0.10300840000000008}","{""min"": -1004.5, ""median"": 18.0, ""max"": 100.0}",3119,672,2702,1,0.7452792000258341
QAS,111,36178,225,0,[],0,[],"{""min"": -461.52366593917577, ""median"": 3.4029427122615568, ""max"": 4.564513963759429}","{""min"": 2.8120000000000003, ""median"": 3.3080000000000003, ""max"": 3.416}","{""min"": -941.5789346739017, ""median"": 7.65863937449116e-06, ""max"": 0.10301350000000009}","{""min"": -1004.5, ""median"": 22.0, ""max"": 113.20000000000005}",4522,898,2106,1,0.9536679000593722
QAS,112,26906,225,0,[],0,[],"{""min"": -1992.7378448142151, ""median"": 3.4177216632138454, ""max"": 4.8007310644293355}","{""min"": 2.858, ""median"": 3.336, ""max"": 3.428}","{""min"": -4589.117942436487, ""median"": 8.02211749059974e-06, ""max"": 0.10301290000000009}","{""min"": -1004.6, ""median"": 18.0, ""max"": 135.0999999999999}",2662,575,1690,1,0.6912464000051841
QAS,113,39436,225,0,[],0,[],"{""min"": -533960.9966467151, ""median"": 3.431697269992905, ""max"": 4.7565659200047445}","{""min"": 2.868, ""median"": 3.329, ""max"": 3.649}","{""min"": -6992215.884513709, ""median"": 3.957805016460667e-06, ""max"": 0.10301440000000009}","{""min"": -1004.8, ""median"": 19.0, ""max"": 118.59999999999991}",3377,1472,3878,1,0.9787340000038967
QAS,114,31193,225,0,[],0,[],"{""min"": -24937.68254246859, ""median"": 3.4252048862092757, ""max"": 4.376587253646852}","{""min"": 3.02, ""median"": 3.323, ""max"": 3.6470000000000002}","{""min"": -58353.500870706666, ""median"": -1.0529732118160723e-05, ""max"": 0.10300360000000008}","{""min"": -1001.2, ""median"": 17.0, ""max"": 100.0}",2954,911,2344,2,0.8285266000311822
QAS,115,62372,225,0,[],0,[],"{""min"": -569587.1939512478, ""median"": 3.419607937254527, ""max"": 4.449800957973672}","{""min"": 2.976, ""median"": 3.322, ""max"": 3.649}","{""min"": -1349785.479236706, ""median"": 9.223187017560107e-06, ""max"": 0.10300360000000008}","{""min"": -1001.2, ""median"": 19.0, ""max"": 132.29999999999995}",1227,4380,8599,2,1.501104800030589
QAS,116,33715,225,0,[],0,[],"{""min"": -3057.783327343521, ""median"": 3.44798507225012, ""max"": 4.496537612285826}","{""min"": 2.876, ""median"": 3.323, ""max"": 3.649}","{""min"": -2688.391711761045, ""median"": -8.901012619963126e-06, ""max"": 0.10301500000000009}","{""min"": -1005.0, ""median"": 18.0, ""max"": 137.29999999999995}",3324,1276,1673,1,0.8069888999452814
QAS,117,33109,225,0,[],0,[],"{""min"": -170.4561200381283, ""median"": 3.4171845728463905, ""max"": 4.268097813497703}","{""min"": 2.999, ""median"": 3.3280000000000003, ""max"": 3.649}","{""min"": -83.73039236528966, ""median"": -1.6678732937934437e-05, ""max"": 0.10300150000000143}","{""min"": -1005.0, ""median"": 20.0, ""max"": 123.29999999999995}",2497,877,5064,1,0.8131286998977885
QAS,118,32612,225,0,[],0,[],"{""min"": -13.526853461134685, ""median"": 3.4222214528853434, ""max"": 4.696988763678866}","{""min"": 3.032, ""median"": 3.3280000000000003, ""max"": 3.649}","{""min"": -174.27384402409965, ""median"": -4.7754018611754255e-06, ""max"": 0.1030030000000001}","{""min"": -1001.2, ""median"": 19.0, ""max"": 100.0}",3314,1266,2506,1,0.818069800036028
QAS,119,28652,225,0,[],0,[],"{""min"": -168.36647733609018, ""median"": 3.4108902028114585, ""max"": 4.247894438976865}","{""min"": 2.895, ""median"": 3.329, ""max"": 3.4210000000000003}","{""min"": -0.5971231653223518, ""median"": -4.681032770011755e-05, ""max"": 0.10300360000000008}","{""min"": -1001.3, ""median"": 19.0, ""max"": 141.4000000000001}",4041,1138,1945,1,0.7494158999761567
QAS,120,29667,225,0,[],0,[],"{""min"": -157.73453094464588, ""median"": 3.439642063728041, ""max"": 4.249758406760209}","{""min"": 2.918, ""median"": 3.327, ""max"": 3.649}","{""min"": -73.4390737682054, ""median"": 5.897566131084716e-06, ""max"": 0.1030117000000001}","{""min"": -1003.9, ""median"": 22.0, ""max"": 146.20000000000005}",3712,285,38,1,0.7274613999761641
QAS,121,41238,225,0,[],0,[],"{""min"": -85814.07943601854, ""median"": 3.4275472986156563, ""max"": 4.714876474285814}","{""min"": 3.0220000000000002, ""median"": 3.32825, ""max"": 3.649}","{""min"": -170781.9313823724, ""median"": -0.00027942617753109794, ""max"": 0.10301260000000009}","{""min"": -1004.2, ""median"": 15.0, ""max"": 109.70000000000005}",4943,1856,2750,1,1.0402910999255255
QAS,122,39780,225,0,[],0,[],"{""min"": -128037684.54205735, ""median"": 3.4049856150786852, ""max"": 4.658861476650139}","{""min"": 2.926, ""median"": 3.349, ""max"": 3.41}","{""min"": -102330911.8147436, ""median"": -7.475918605877112e-06, ""max"": 0.10300390000000009}","{""min"": -1001.3, ""median"": 20.0, ""max"": 150.20000000000005}",3240,703,1001,1,0.9618744000326842
QAS,123,62508,225,0,[],0,[],"{""min"": -2.522349801619237, ""median"": 3.465054307111127, ""max"": 4.704405336322454}","{""min"": 2.835, ""median"": 3.349, ""max"": 3.649}","{""min"": -9.504759788269553, ""median"": -0.00013000962041776176, ""max"": 0.10301500000000009}","{""min"": -1005.0, ""median"": 19.0, ""max"": 160.4000000000001}",3182,1408,5844,1,1.6043940000236034
QAS,124,31254,225,0,[],0,[],"{""min"": -14.394869479203468, ""median"": 3.393506523505342, ""max"": 4.70522639366205}","{""min"": 2.959, ""median"": 3.326, ""max"": 3.435}","{""min"": -119.70214603745868, ""median"": 6.3551792366141e-08, ""max"": 0.10300420000000009}","{""min"": -1003.6, ""median"": 17.0, ""max"": 125.90000000000009}",2627,800,1869,1,0.7686664999928325
QAS,125,39910,225,0,[],0,[],"{""min"": -23806677824.61175, ""median"": 3.4152819727584522, ""max"": 4.67217318176818}","{""min"": 2.839, ""median"": 3.33, ""max"": 3.4210000000000003}","{""min"": -9335185578.725826, ""median"": 1.3016540239257354e-06, ""max"": 0.1030093000000001}","{""min"": -1003.5, ""median"": 19.0, ""max"": 157.0999999999999}",3356,1090,2431,2,1.095952200004831
QAS,126,37421,225,0,[],0,[],"{""min"": -22846.758722014238, ""median"": 3.4785676627475937, ""max"": 4.659392571305228}","{""min"": 2.765, ""median"": 3.366, ""max"": 3.649}","{""min"": -134211.55784738754, ""median"": 6.663757050474291e-05, ""max"": 0.10301470000000008}","{""min"": -1004.9, ""median"": 20.0, ""max"": 171.4000000000001}",2166,661,4830,1,1.0107865000609308
QAS,127,41955,225,0,[],0,[],"{""min"": -525.7013399155736, ""median"": 3.4120470309629023, ""max"": 4.498630747411112}","{""min"": 2.848, ""median"": 3.332, ""max"": 3.4210000000000003}","{""min"": -293.0167037519981, ""median"": -5.5578727138877754e-06, ""max"": 0.10301050000000009}","{""min"": -1003.7, ""median"": 25.0, ""max"": 175.20000000000005}",850,1071,6061,1,1.121250499971211
QAS,128,32634,225,0,[],0,[],"{""min"": -5.553290376287144, ""median"": 3.435667990597597, ""max"": 4.359165558563492}","{""min"": 3.015, ""median"": 3.348, ""max"": 3.649}","{""min"": -1.411920567617542, ""median"": -4.008122708224667e-05, ""max"": 0.10300720000000009}","{""min"": -1004.3, ""median"": 17.0, ""max"": 100.0}",2496,682,3230,1,0.9246054999530315
QAS,129,28773,225,0,[],0,[],"{""min"": -14617293.764343226, ""median"": 3.430928845574899, ""max"": 4.622539085312782}","{""min"": 3.023, ""median"": 3.329, ""max"": 3.649}","{""min"": -58469091.52041442, ""median"": -2.2248664071091185e-06, ""max"": 0.10301320000000008}","{""min"": -1004.5, ""median"": 18.0, ""max"": 100.0}",4006,901,1380,2,0.7663034000433981
QAS,130,26851,225,0,[],0,[],"{""min"": -146308655862.6693, ""median"": 3.368927905782119, ""max"": 4.743185916586399}","{""min"": 3.017, ""median"": 3.313, ""max"": 3.41}","{""min"": -804738393233.3126, ""median"": -7.649642929506824e-06, ""max"": 0.1030078000000001}","{""min"": -1002.6, ""median"": 16.0, ""max"": 100.0}",4255,1336,1919,2,0.7023541999515146
QAS,131,40119,225,0,[],0,[],"{""min"": -605294.2410742417, ""median"": 3.4293780987597997, ""max"": 4.571913776739812}","{""min"": 2.9410000000000003, ""median"": 3.358, ""max"": 3.649}","{""min"": -14688293.115519442, ""median"": -4.620357075208969e-07, ""max"": 0.10301380000000009}","{""min"": -1004.6, ""median"": 18.0, ""max"": 151.20000000000005}",3078,1152,4368,1,1.0365183999529108
QAS,132,35296,225,0,[],0,[],"{""min"": 0.0, ""median"": 3.4607338574189086, ""max"": 4.646091828612323}","{""min"": 2.939, ""median"": 3.365, ""max"": 3.648}","{""min"": -16.15621793233178, ""median"": -7.3329675889537215e-06, ""max"": 0.10301470000000008}","{""min"": -1004.9, ""median"": 17.0, ""max"": 127.09999999999991}",2347,732,4096,1,0.9142268999712542
QAS,133,41592,225,0,[],0,[],"{""min"": -82799296000.13324, ""median"": 3.4057981086880402, ""max"": 4.6759393119892225}","{""min"": 2.854, ""median"": 3.333, ""max"": 3.41}","{""min"": -145717122909.8437, ""median"": 1.7225759463774752e-06, ""max"": 0.10301320000000008}","{""min"": -1004.4, ""median"": 18.0, ""max"": 156.0999999999999}",3007,986,5582,1,1.1326091999653727
QAS,134,31364,225,0,[],0,[],"{""min"": -31716.726490570643, ""median"": 3.4297666396085567, ""max"": 4.714664805838672}","{""min"": 2.785, ""median"": 3.335, ""max"": 3.529}","{""min"": -35129.74633646775, ""median"": 8.696958610276071e-06, ""max"": 0.10301260000000009}","{""min"": -1004.4, ""median"": 17.0, ""max"": 300.0}",1936,506,2768,2,0.7888532999204472
QAS,135,27811,225,0,[],0,[],"{""min"": -153.61241078194956, ""median"": 3.4453557806619455, ""max"": 4.563639126013435}","{""min"": 2.875, ""median"": 3.338, ""max"": 3.649}","{""min"": -2945.2271062043906, ""median"": 3.5638785424455075e-05, ""max"": 0.10300960000000009}","{""min"": -1003.4, ""median"": 17.0, ""max"": 139.4000000000001}",1818,827,4739,1,0.7402038999134675
QAS,136,33411,225,0,[],0,[],"{""min"": -47.98402513373574, ""median"": 3.41958063265304, ""max"": 4.400018050694042}","{""min"": 2.834, ""median"": 3.338, ""max"": 3.41}","{""min"": -58.18653709653689, ""median"": 9.246224786549959e-06, ""max"": 0.10301530000000009}","{""min"": -1005.1, ""median"": 17.0, ""max"": 121.5}",2526,832,4035,1,0.8852686000755057
QAS,137,33339,225,0,[],0,[],"{""min"": -14927.458387136661, ""median"": 3.446031620642712, ""max"": 4.625150422720384}","{""min"": 2.918, ""median"": 3.335, ""max"": 3.649}","{""min"": -117267.0602352689, ""median"": -1.7571022102312102e-06, ""max"": 0.10301350000000009}","{""min"": -1004.5, ""median"": 16.0, ""max"": 114.40000000000009}",2807,943,3091,1,0.86741550010629
QAS,138,33511,225,0,[],0,[],"{""min"": -2690.6252610123142, ""median"": 3.411940529157084, ""max"": 4.642092461969925}","{""min"": 2.911, ""median"": 3.3335, ""max"": 3.499}","{""min"": -6505.222087508911, ""median"": 4.01827105772162e-06, ""max"": 0.10300150000002274}","{""min"": -1004.5, ""median"": 17.0, ""max"": 107.70000000000005}",2585,928,3982,1,0.8491568000754341
QAS,139,42635,225,0,[],0,[],"{""min"": -23065960.339737404, ""median"": 3.4428935731801675, ""max"": 4.6193219339105305}","{""min"": 2.923, ""median"": 3.342, ""max"": 3.648}","{""min"": -150082228.13521692, ""median"": -6.0279277574602704e-05, ""max"": 0.10300750000000009}","{""min"": -1004.8, ""median"": 20.0, ""max"": 144.9000000000001}",3029,876,3025,2,1.1121100999880582
QAS,140,34747,225,0,[],0,[],"{""min"": 0.0, ""median"": 3.4267810325113928, ""max"": 4.280439735132786}","{""min"": 2.7760000000000002, ""median"": 3.329, ""max"": 3.4090000000000003}","{""min"": -1.5426638060633908, ""median"": 1.0743848373785712e-05, ""max"": 0.1030102000000001}","{""min"": -1003.6, ""median"": 18.0, ""max"": 179.70000000000005}",3743,1025,3950,1,0.8845972999697551
QAS,141,36215,225,0,[],0,[],"{""min"": -156.6122644649337, ""median"": 3.4369012750362473, ""max"": 4.267963266635912}","{""min"": 2.912, ""median"": 3.327, ""max"": 3.649}","{""min"": -0.4147102621648965, ""median"": 2.2303728309435085e-06, ""max"": 0.10300960000000009}","{""min"": -1003.2, ""median"": 18.0, ""max"": 158.29999999999995}",2695,1538,3061,1,0.941285099950619
QAS,142,42674,225,0,[],0,[],"{""min"": -48.730102560160915, ""median"": 3.470914913272271, ""max"": 4.649602212587365}","{""min"": 2.727, ""median"": 3.3335, ""max"": 3.649}","{""min"": -212.00040404286557, ""median"": 2.6456294748581145e-05, ""max"": 0.10301110000000009}","{""min"": -1004.8, ""median"": 19.0, ""max"": 170.0999999999999}",2209,1123,3916,1,1.0645976000232622
QAS,143,40183,225,0,[],0,[],"{""min"": -148.96543243725938, ""median"": 3.424605421606646, ""max"": 4.671100735128663}","{""min"": 2.84, ""median"": 3.349, ""max"": 3.4210000000000003}","{""min"": -261.04562728773317, ""median"": -2.452088131200098e-06, ""max"": 0.10301260000000009}","{""min"": -1004.8, ""median"": 20.0, ""max"": 168.70000000000005}",2483,528,2898,1,1.014642999973148
QAS,144,31567,225,0,[],0,[],"{""min"": 0.0, ""median"": 3.450807849221115, ""max"": 4.278078447006041}","{""min"": 2.6710000000000003, ""median"": 3.338, ""max"": 3.4210000000000003}","{""min"": -1.5172211524462604, ""median"": 1.9638835537290334e-05, ""max"": 0.10301470000000008}","{""min"": -1005.0, ""median"": 21.0, ""max"": 171.5}",3112,601,3097,1,0.8286736999871209
QAS,145,33451,225,0,[],0,[],"{""min"": -22177128950.32658, ""median"": 3.4344708037595266, ""max"": 4.68989671246203}","{""min"": 2.9170000000000003, ""median"": 3.327, ""max"": 3.649}","{""min"": -33030869936.190365, ""median"": -4.6793283509665625e-05, ""max"": 0.10301230000000008}","{""min"": -1004.8, ""median"": 20.0, ""max"": 150.5}",3610,956,3090,1,0.8889679999556392
QAS,146,41890,225,0,[],0,[],"{""min"": -248.2343614387094, ""median"": 3.421295740706748, ""max"": 4.310379875455259}","{""min"": 3.037, ""median"": 3.325, ""max"": 3.649}","{""min"": -121.22740116646705, ""median"": 8.045686006403935e-07, ""max"": 0.10300270000000009}","{""min"": -1002.4, ""median"": 17.0, ""max"": 100.0}",4827,1220,1705,1,1.0782918001059443
QAS,147,31104,225,0,[],0,[],"{""min"": -88631949.78312372, ""median"": 3.4337498341502624, ""max"": 4.520198123093012}","{""min"": 2.704, ""median"": 3.33, ""max"": 3.41}","{""min"": -6392536111.906246, ""median"": 1.1228151122124587e-05, ""max"": 0.10300870000000009}","{""min"": -1003.2, ""median"": 17.0, ""max"": 180.0}",2958,1092,2239,1,0.8071118999505416
QAS,148,31560,225,0,[],0,[],"{""min"": -5394.256392345878, ""median"": 3.449835181056538, ""max"": 4.722643112973276}","{""min"": 2.872, ""median"": 3.34, ""max"": 3.649}","{""min"": -6140.414492265303, ""median"": 3.732310471479169e-05, ""max"": 0.10301380000000009}","{""min"": -1004.7, ""median"": 23.0, ""max"": 161.0}",1682,1522,1966,1,0.8037119000218809
QAS,149,29373,225,0,[],0,[],"{""min"": -12.195603640841172, ""median"": 3.4114812638757126, ""max"": 4.55916311161768}","{""min"": 3.0, ""median"": 3.314, ""max"": 3.649}","{""min"": -522.2847967044138, ""median"": 3.7569600626205786e-06, ""max"": 0.1030117000000001}","{""min"": -1004.8, ""median"": 20.0, ""max"": 100.0}",2389,999,1087,1,0.7651347999926656
QAS,150,29059,225,0,[],0,[],"{""min"": 0.0, ""median"": 3.424658325866394, ""max"": 4.56222893661717}","{""min"": 2.974, ""median"": 3.317, ""max"": 3.649}","{""min"": -3.4198524937452017, ""median"": -1.512142243129881e-05, ""max"": 0.10300240000000009}","{""min"": -1001.2, ""median"": 20.0, ""max"": 100.0}",2704,758,2102,1,0.7656783000566065
QAS,151,30174,225,0,[],0,[],"{""min"": -4.21821094365147, ""median"": 3.4050012543397, ""max"": 4.299593399589312}","{""min"": 2.942, ""median"": 3.34, ""max"": 3.414}","{""min"": -0.18778005293937522, ""median"": 2.2374757974250627e-06, ""max"": 0.10301260000000009}","{""min"": -1004.9, ""median"": 19.0, ""max"": 135.4000000000001}",3591,1056,1966,1,0.8009025999344885
QAS,152,40653,225,0,[],0,[],"{""min"": -50505128.88473977, ""median"": 3.419229428227763, ""max"": 4.670073439695072}","{""min"": 2.892, ""median"": 3.329, ""max"": 3.527}","{""min"": -45917734.55188216, ""median"": -1.085025750037005e-06, ""max"": 0.10301380000000009}","{""min"": -1007.1, ""median"": 18.0, ""max"": 136.9000000000001}",3026,1236,4010,2,1.0482100999215618
QAS,153,37825,225,0,[],0,[],"{""min"": 0.0, ""median"": 3.447937081866592, ""max"": 4.707382868231014}","{""min"": 3.0100000000000002, ""median"": 3.358, ""max"": 3.649}","{""min"": -2.040794184377329, ""median"": -0.0003085746302989148, ""max"": 0.10300150000000009}","{""min"": -1001.2, ""median"": 20.0, ""max"": 114.70000000000005}",3579,800,3586,1,0.9614383999723941
QAS,154,34311,225,0,[],0,[],"{""min"": -10.258167348900386, ""median"": 3.4480001211826785, ""max"": 4.6980010108832335}","{""min"": 2.953, ""median"": 3.327, ""max"": 3.648}","{""min"": -56.355053570420424, ""median"": -0.00029940263997089934, ""max"": 0.10300330000000009}","{""min"": -1001.2, ""median"": 17.0, ""max"": 100.0}",2707,1620,3467,1,0.8758948999457061
QAS,155,50568,225,0,[],0,[],"{""min"": -1639.3499469271526, ""median"": 3.390809977802364, ""max"": 4.690894793809155}","{""min"": 2.9370000000000003, ""median"": 3.3280000000000003, ""max"": 3.414}","{""min"": -2199.6298372980214, ""median"": -2.5466201774666318e-05, ""max"": 0.10300150000002274}","{""min"": -1005.0, ""median"": 24.0, ""max"": 161.20000000000005}",3226,3375,5624,1,1.2635744999861345
QAS,156,30229,225,0,[],0,[],"{""min"": -108.76514299639518, ""median"": 3.4438984410322084, ""max"": 4.219952752478994}","{""min"": 2.682, ""median"": 3.334, ""max"": 3.41}","{""min"": -20.802866619043048, ""median"": 1.1169683631404638e-05, ""max"": 0.10301470000000008}","{""min"": -1004.9, ""median"": 17.0, ""max"": 182.5}",3380,1053,3621,1,0.7976825999794528
QAS,157,34164,225,0,[],0,[],"{""min"": -6954.054639944383, ""median"": 3.4288197347076577, ""max"": 4.614413461411479}","{""min"": 2.848, ""median"": 3.339, ""max"": 3.507}","{""min"": -5644.851060217955, ""median"": 7.410086221977153e-06, ""max"": 0.1030078000000001}","{""min"": -1003.3, ""median"": 20.0, ""max"": 129.9000000000001}",1713,558,3757,1,0.8485182999866083
QAS,158,28208,225,0,[],0,[],"{""min"": -1132762.119083062, ""median"": 3.4335430250430936, ""max"": 4.625756374919436}","{""min"": 2.734, ""median"": 3.333, ""max"": 3.41}","{""min"": -2450772.1140451133, ""median"": 9.85335822937897e-06, ""max"": 0.10301440000000009}","{""min"": -1004.8, ""median"": 17.0, ""max"": 172.70000000000005}",2653,688,1844,2,0.6642564999638125
QAS,159,50543,225,0,[],0,[],"{""min"": 0.0, ""median"": 3.413026788443295, ""max"": 4.3400078892272465}","{""min"": 2.841, ""median"": 3.325, ""max"": 3.4130000000000003}","{""min"": -0.15830221799568572, ""median"": -3.6682104990893823e-06, ""max"": 0.1030078000000001}","{""min"": -1004.7, ""median"": 25.0, ""max"": 169.4000000000001}",3396,1448,1819,1,1.3687544000567868
QAS,160,34985,225,0,[],0,[],"{""min"": -4.092094643279369, ""median"": 3.3832174558458292, ""max"": 4.697959045114903}","{""min"": 2.977, ""median"": 3.3280000000000003, ""max"": 3.4130000000000003}","{""min"": -26.467763303596232, ""median"": 5.26711308421929e-06, ""max"": 0.1030078000000001}","{""min"": -1004.9, ""median"": 22.0, ""max"": 155.0999999999999}",2786,960,3137,1,0.9266789999091998
QAS,161,26893,225,0,[],0,[],"{""min"": -1599.1807014434112, ""median"": 3.4294530367780482, ""max"": 4.505800864074873}","{""min"": 2.9130000000000003, ""median"": 3.333, ""max"": 3.649}","{""min"": -452.3654622757447, ""median"": 4.822946226081242e-06, ""max"": 0.10300900000000009}","{""min"": -1003.2, ""median"": 20.0, ""max"": 131.29999999999995}",2152,596,863,1,0.7198256000410765
QAS,162,44257,225,0,[],0,[],"{""min"": -332198156.0943262, ""median"": 3.4339386997536296, ""max"": 4.65010041381446}","{""min"": 2.932, ""median"": 3.327, ""max"": 3.649}","{""min"": -430943918.7344389, ""median"": -0.00011184727745720789, ""max"": 0.10301440000000009}","{""min"": -1004.8, ""median"": 18.0, ""max"": 168.70000000000005}",3024,1642,3019,2,1.2409679000265896
QAS,163,27514,225,0,[],0,[],"{""min"": -3815253.7599383136, ""median"": 3.4151805809093907, ""max"": 4.771793186422018}","{""min"": 2.846, ""median"": 3.3280000000000003, ""max"": 3.412}","{""min"": -36613831.58986844, ""median"": 6.786960998111582e-06, ""max"": 0.10300000009313226}","{""min"": -1004.4, ""median"": 18.0, ""max"": 143.0999999999999}",3039,222,71,1,0.7545760000357404
QAS,164,34897,225,0,[],0,[],"{""min"": -20.856614752491215, ""median"": 3.399030867369392, ""max"": 4.333612262791453}","{""min"": 2.9330000000000003, ""median"": 3.326, ""max"": 3.4090000000000003}","{""min"": -0.34424696265629307, ""median"": 8.37841751346366e-06, ""max"": 0.10300720000000009}","{""min"": -1002.8, ""median"": 19.0, ""max"": 130.5999999999999}",3585,1096,1603,1,0.9182649001013488
QAS,165,92992,225,0,[],0,[],"{""min"": -4967742.085330976, ""median"": 3.433949941474026, ""max"": 4.6288900600127825}","{""min"": 2.934, ""median"": 3.323, ""max"": 3.649}","{""min"": -965473.7787105279, ""median"": -6.535036216379158e-05, ""max"": 0.10300660000000009}","{""min"": -1004.2, ""median"": 23.0, ""max"": 156.0999999999999}",3724,2868,2831,1,2.462218499975279
QAS,166,29741,225,0,[],0,[],"{""min"": -17.262788327461195, ""median"": 3.433666188196856, ""max"": 4.224390462138047}","{""min"": 2.969, ""median"": 3.326, ""max"": 3.649}","{""min"": -0.34717062289210887, ""median"": -7.443055156688219e-06, ""max"": 0.1030102000000001}","{""min"": -1004.5, ""median"": 17.0, ""max"": 100.0}",2993,1159,2941,1,0.7643594000255689
QAS,167,31565,225,0,[],0,[],"{""min"": -1097.1300136648933, ""median"": 3.444374885564925, ""max"": 4.2139012200823425}","{""min"": 2.938, ""median"": 3.335, ""max"": 3.649}","{""min"": -141.6239251080597, ""median"": -1.5702207000699215e-05, ""max"": 0.10300900000000009}","{""min"": -1003.3, ""median"": 18.0, ""max"": 124.79999999999995}",2208,828,3741,1,0.790577600011602
QAS,168,31192,225,0,[],0,[],"{""min"": 0.0, ""median"": 3.3937752023090253, ""max"": 4.3336203815937315}","{""min"": 2.964, ""median"": 3.329, ""max"": 3.428}","{""min"": -3.015633626356984, ""median"": 3.5391803089518703e-06, ""max"": 0.10300150000000009}","{""min"": -1004.9, ""median"": 18.0, ""max"": 116.0}",2560,723,2763,1,0.835205200011842
QAS,169,59864,225,0,[],0,[],"{""min"": -183.6582146392462, ""median"": 3.4458302787502015, ""max"": 4.199111453844347}","{""min"": 2.825, ""median"": 3.321, ""max"": 3.649}","{""min"": -100.0253122768827, ""median"": 1.9575994109005704e-06, ""max"": 0.10301380000000009}","{""min"": -1006.8, ""median"": 25.0, ""max"": 153.29999999999995}",2715,1531,4602,1,1.6004678000463173
QAS,170,29180,225,0,[],0,[],"{""min"": -312.9100082413434, ""median"": 3.4230518061679183, ""max"": 4.294603731918656}","{""min"": 2.981, ""median"": 3.329, ""max"": 3.648}","{""min"": -74.35572588137468, ""median"": -2.474245346289993e-05, ""max"": 0.10301320000000008}","{""min"": -1004.4, ""median"": 26.0, ""max"": 153.20000000000005}",3543,705,2148,1,0.8283043999690562
QAS,171,27751,225,0,[],0,[],"{""min"": -92874.29325265849, ""median"": 3.38513170340361, ""max"": 4.6741642888894}","{""min"": 2.989, ""median"": 3.325, ""max"": 3.419}","{""min"": -45713.345222880336, ""median"": 1.5831160419270076e-05, ""max"": 0.1030141000000001}","{""min"": -1004.7, ""median"": 18.0, ""max"": 100.40000000000009}",3793,1362,2545,1,0.6599034999962896
QAS,172,47058,225,0,[],0,[],"{""min"": -22.02035696290001, ""median"": 3.4494706524767977, ""max"": 4.742192864621812}","{""min"": 2.828, ""median"": 3.326, ""max"": 3.649}","{""min"": -144.09694637418164, ""median"": 6.167981499754972e-06, ""max"": 0.10301320000000008}","{""min"": -1004.9, ""median"": 21.0, ""max"": 173.4000000000001}",3214,1261,3054,1,1.3318281000247225
QAS,173,41017,225,0,[],0,[],"{""min"": -2576643985.0577526, ""median"": 3.376149469826373, ""max"": 4.573062902315658}","{""min"": 3.0340000000000003, ""median"": 3.319, ""max"": 3.4210000000000003}","{""min"": -4636454425.667055, ""median"": -1.898754016122581e-06, ""max"": 0.1030078000000001}","{""min"": -1004.8, ""median"": 17.0, ""max"": 100.0}",4064,1693,2417,2,1.0726429999340326
QAS,174,30279,225,0,[],0,[],"{""min"": -110.68827846542838, ""median"": 3.411343013168481, ""max"": 4.285352372686877}","{""min"": 2.859, ""median"": 3.331, ""max"": 3.414}","{""min"": -55.748308576528174, ""median"": 1.1328746156821097e-05, ""max"": 0.10300150000000009}","{""min"": -1004.6, ""median"": 16.0, ""max"": 116.70000000000005}",2344,507,3308,1,0.7566393000306562
QAS,175,45486,225,0,[],0,[],"{""min"": -6.914335006675555, ""median"": 3.443267520589009, ""max"": 4.304755319229781}","{""min"": 2.915, ""median"": 3.337, ""max"": 3.649}","{""min"": -40.84169044646348, ""median"": 1.042373347474191e-05, ""max"": 0.10301470000000008}","{""min"": -1005.1, ""median"": 25.0, ""max"": 158.5999999999999}",1810,452,3351,1,1.1423009999562055
QAS,176,31966,225,0,[],0,[],"{""min"": -51867118.67231255, ""median"": 3.423131392062184, ""max"": 4.638856029860716}","{""min"": 2.918, ""median"": 3.3240000000000003, ""max"": 3.6470000000000002}","{""min"": -29256713.274986375, ""median"": 1.375696086285697e-05, ""max"": 0.1030102000000001}","{""min"": -1003.5, ""median"": 19.0, ""max"": 156.5}",3967,1084,1668,1,0.7703522000228986
QAS,177,34935,225,0,[],0,[],"{""min"": -43.95400260499368, ""median"": 3.414238482227778, ""max"": 4.256967842634581}","{""min"": 2.793, ""median"": 3.322, ""max"": 3.408}","{""min"": -23.064631433182516, ""median"": -6.8171789110361945e-06, ""max"": 0.10300480000000009}","{""min"": -1003.0, ""median"": 20.0, ""max"": 173.29999999999995}",3721,1861,2782,1,0.8868273999541998
QAS,178,38044,225,0,[],0,[],"{""min"": -1171.5703677812392, ""median"": 3.4566107540657223, ""max"": 4.653510425954569}","{""min"": 2.94, ""median"": 3.365, ""max"": 3.649}","{""min"": -1286.1937967630345, ""median"": -0.00019140909045529839, ""max"": 0.1030141000000001}","{""min"": -1004.9, ""median"": 19.0, ""max"": 155.5}",3928,870,4003,1,0.9958657999522984
QAS,179,33411,225,0,[],0,[],"{""min"": -2.168051660471863, ""median"": 3.399698900757736, ""max"": 4.698684227325687}","{""min"": 2.892, ""median"": 3.332, ""max"": 3.411}","{""min"": -118.97142077111127, ""median"": -8.827436199478852e-06, ""max"": 0.10301530000000009}","{""min"": -1005.1, ""median"": 29.0, ""max"": 160.79999999999995}",2855,420,4552,1,0.9159528999589384
QAS,180,33782,225,0,[],0,[],"{""min"": -202128.5981684514, ""median"": 3.3811442425211427, ""max"": 4.559466341504482}","{""min"": 2.916, ""median"": 3.314, ""max"": 3.42}","{""min"": -289997.7363344506, ""median"": -3.505963182800912e-06, ""max"": 0.1030141000000001}","{""min"": -1004.9, ""median"": 19.0, ""max"": 136.5999999999999}",3277,1251,3671,1,0.8952634000452235
QAS,181,58734,225,0,[],0,[],"{""min"": -5284771.52601976, ""median"": 3.427221172187574, ""max"": 4.697789643993752}","{""min"": 2.8080000000000003, ""median"": 3.331, ""max"": 3.5180000000000002}","{""min"": -289109656.5664475, ""median"": -1.1465010044092162e-06, ""max"": 0.10301530000000009}","{""min"": -1005.1, ""median"": 21.0, ""max"": 165.79999999999995}",3141,843,4978,2,1.5192133999662474
QAS,182,33276,225,0,[],0,[],"{""min"": 0.0, ""median"": 3.4555897797644826, ""max"": 4.653954949340941}","{""min"": 2.827, ""median"": 3.33, ""max"": 3.648}","{""min"": -65.94646178308382, ""median"": 9.335630361792937e-06, ""max"": 0.10301350000000009}","{""min"": -1004.5, ""median"": 18.0, ""max"": 167.70000000000005}",3796,1095,3010,1,0.8465663000242785
QAS,183,28843,225,0,[],0,[],"{""min"": -21.763246546839607, ""median"": 3.4287942010108994, ""max"": 4.744197085414007}","{""min"": 2.984, ""median"": 3.326, ""max"": 3.649}","{""min"": -72.05004462337052, ""median"": -0.00011282222306583998, ""max"": 0.10301440000000009}","{""min"": -1004.8, ""median"": 23.0, ""max"": 144.0999999999999}",2245,115,17,1,0.7444128999486566
QAS,184,30304,225,0,[],0,[],"{""min"": -10305.810077333465, ""median"": 3.4533962203003625, ""max"": 4.622654782029257}","{""min"": 2.912, ""median"": 3.364, ""max"": 3.649}","{""min"": -3719.5732933152103, ""median"": 1.3960508632724413e-05, ""max"": 0.10301500000000009}","{""min"": -1005.0, ""median"": 20.0, ""max"": 130.0}",2125,417,2114,1,0.7388036999618635
QAS,185,30016,225,0,[],0,[],"{""min"": -5077.6154830663445, ""median"": 3.4432851982892334, ""max"": 4.660020632711135}","{""min"": 2.95, ""median"": 3.337, ""max"": 3.649}","{""min"": -5483.248766350799, ""median"": -0.00020864824022422487, ""max"": 0.1030141000000001}","{""min"": -1004.8, ""median"": 20.0, ""max"": 140.79999999999995}",1671,825,3095,1,0.7861807000590488
QAS,186,35043,225,0,[],0,[],"{""min"": 0.0, ""median"": 3.4138139404874486, ""max"": 4.296494970640011}","{""min"": 2.969, ""median"": 3.3080000000000003, ""max"": 3.648}","{""min"": -1.5684490999981666, ""median"": -0.00037466948433862053, ""max"": 0.10301350000000009}","{""min"": -1006.9, ""median"": 22.0, ""max"": 141.0}",3084,1741,903,1,0.9502032999880612
QAS,187,32597,225,0,[],0,[],"{""min"": -3.871729208633258, ""median"": 3.4593830763612257, ""max"": 4.183917242869645}","{""min"": 2.906, ""median"": 3.362, ""max"": 3.649}","{""min"": -9.541868636443615, ""median"": 1.595852078642579e-06, ""max"": 0.10301290000000009}","{""min"": -1004.3, ""median"": 19.0, ""max"": 130.70000000000005}",2451,594,2100,1,0.8053724999772385
QAS,188,30990,225,0,[],0,[],"{""min"": -28.65494887280491, ""median"": 3.438531893508048, ""max"": 4.7373290670567485}","{""min"": 2.959, ""median"": 3.321, ""max"": 3.649}","{""min"": -316.0072429900889, ""median"": -7.397797652060976e-05, ""max"": 0.10300360000000008}","{""min"": -1001.3, ""median"": 18.0, ""max"": 112.59999999999991}",1910,1077,600,1,0.7778070999775082
QAS,189,32649,225,0,[],0,[],"{""min"": 0.0, ""median"": 3.3912916120073757, ""max"": 4.597322373153522}","{""min"": 2.974, ""median"": 3.336, ""max"": 3.41}","{""min"": -69.44327100834391, ""median"": 9.888922058594288e-07, ""max"": 0.10300390000000009}","{""min"": -1001.3, ""median"": 18.0, ""max"": 128.29999999999995}",1854,795,2653,1,0.7902595000341535
QAS,190,26757,225,0,[],0,[],"{""min"": -98.7760645860418, ""median"": 3.4389628302758632, ""max"": 4.6215535633650795}","{""min"": 2.9170000000000003, ""median"": 3.3240000000000003, ""max"": 3.649}","{""min"": -911.6517387560764, ""median"": -8.669630470551652e-06, ""max"": 0.10301470000000008}","{""min"": -1004.9, ""median"": 20.0, ""max"": 120.0}",2279,1255,1816,1,0.6623667000094429
QAS,191,30402,225,0,[],0,[],"{""min"": -7.044812184316445, ""median"": 3.4458330013047647, ""max"": 4.752627418840634}","{""min"": 2.742, ""median"": 3.338, ""max"": 3.428}","{""min"": -82.70615944455149, ""median"": 1.848680725097782e-05, ""max"": 0.10301320000000008}","{""min"": -1005.0, ""median"": 22.0, ""max"": 169.4000000000001}",2295,226,125,1,0.7261587999528274
QAS,192,37068,225,0,[],0,[],"{""min"": -2777137134.8090544, ""median"": 3.462793500917349, ""max"": 4.6848656578956405}","{""min"": 2.831, ""median"": 3.348, ""max"": 3.649}","{""min"": -6123893240.0746565, ""median"": -8.643720061685826e-06, ""max"": 0.10301350000000009}","{""min"": -1004.9, ""median"": 18.0, ""max"": 159.20000000000005}",1595,625,4921,2,0.9294603000162169
QAS,193,28539,225,0,[],0,[],"{""min"": -2751587006.9780173, ""median"": 3.413734877930385, ""max"": 4.70803184227692}","{""min"": 2.826, ""median"": 3.321, ""max"": 3.508}","{""min"": -11912328284.384485, ""median"": 1.4316374661674387e-05, ""max"": 0.10301350000000009}","{""min"": -1004.8, ""median"": 20.0, ""max"": 160.0}",2016,1264,1962,2,0.7426933000097051
QAS,194,31438,225,0,[],0,[],"{""min"": -109838.4471052226, ""median"": 3.4520370788264296, ""max"": 4.5978662007972}","{""min"": 2.8770000000000002, ""median"": 3.336, ""max"": 3.649}","{""min"": -2171126.2990912036, ""median"": -4.667036888063194e-06, ""max"": 0.10301320000000008}","{""min"": -1004.6, ""median"": 17.0, ""max"": 135.29999999999995}",3374,734,1576,1,0.7563483999110758
QAS,195,27956,225,0,[],0,[],"{""min"": -263.73177758746283, ""median"": 3.441575557995583, ""max"": 4.501387152083099}","{""min"": 2.695, ""median"": 3.332, ""max"": 3.4410000000000003}","{""min"": -72.23841069466177, ""median"": 1.1267022935553712e-05, ""max"": 0.10301440000000009}","{""min"": -1005.0, ""median"": 24.0, ""max"": 170.9000000000001}",3316,747,1689,1,0.6757654000539333
QAS,196,28386,225,0,[],0,[],"{""min"": -84606.93779823287, ""median"": 3.413496103277935, ""max"": 4.67343275857199}","{""min"": 2.7920000000000003, ""median"": 3.319, ""max"": 3.43}","{""min"": -119929.48853129854, ""median"": 1.018352780603081e-05, ""max"": 0.10300510000000009}","{""min"": -1004.9, ""median"": 20.0, ""max"": 125.09999999999991}",1865,940,2153,2,0.7203233999898657
QAS,197,29863,225,0,[],0,[],"{""min"": -4434883991.69166, ""median"": 3.38854140073559, ""max"": 4.610432740078625}","{""min"": 2.965, ""median"": 3.3240000000000003, ""max"": 3.415}","{""min"": -3168187864.41753, ""median"": 9.504992020284575e-06, ""max"": 0.10301290000000009}","{""min"": -1004.4, ""median"": 16.0, ""max"": 100.0}",2896,888,1292,1,0.7216846999945119
QAS,198,29810,225,0,[],0,[],"{""min"": -256.67140780996624, ""median"": 3.3951097930334577, ""max"": 4.649654153374323}","{""min"": 2.853, ""median"": 3.323, ""max"": 3.41}","{""min"": -12446.182805936132, ""median"": 1.2700867942980254e-05, ""max"": 0.10301260000000009}","{""min"": -1004.2, ""median"": 15.0, ""max"": 164.20000000000005}",4184,855,3174,1,0.75994380004704
QAS,199,39407,225,0,[],0,[],"{""min"": -24.369145272368975, ""median"": 3.466692987957046, ""max"": 4.247278281283883}","{""min"": 2.82, ""median"": 3.341, ""max"": 3.649}","{""min"": -0.13484274984331454, ""median"": 9.900414432463606e-06, ""max"": 0.10301050000000009}","{""min"": -1007.1, ""median"": 18.0, ""max"": 157.20000000000005}",3165,689,2949,1,0.9764492999529466
QAS,200,33245,225,0,[],0,[],"{""min"": -21.850778119923447, ""median"": 3.4099207491988643, ""max"": 4.694921163665557}","{""min"": 2.934, ""median"": 3.337, ""max"": 3.517}","{""min"": -173.0609502956963, ""median"": 6.096202744441172e-06, ""max"": 0.1030093000000001}","{""min"": -1006.9, ""median"": 23.0, ""max"": 147.0}",2068,541,2652,1,0.8100565000204369
QAS,201,98855,225,0,[],0,[],"{""min"": -19.96540412643038, ""median"": 3.4379052098407543, ""max"": 4.7367035097638235}","{""min"": 2.8850000000000002, ""median"": 3.333, ""max"": 3.649}","{""min"": -1058.0953747179494, ""median"": 4.07004680476382e-06, ""max"": 0.10301200000000009}","{""min"": -1005.0, ""median"": 24.0, ""max"": 163.9000000000001}",2445,1310,7310,1,2.608570099924691
QAS,202,40023,225,0,[],0,[],"{""min"": -47.98179886058796, ""median"": 3.387453713144283, ""max"": 4.274517884376376}","{""min"": 2.96, ""median"": 3.326, ""max"": 3.426}","{""min"": -65.57565959829685, ""median"": -2.3522927209121746e-06, ""max"": 0.10300150000000009}","{""min"": -1004.3, ""median"": 17.0, ""max"": 148.70000000000005}",3393,1191,3532,1,1.010173499933444
QAS,203,28266,225,0,[],0,[],"{""min"": -18.10981902104494, ""median"": 3.467750317170754, ""max"": 4.564475748974351}","{""min"": 2.678, ""median"": 3.325, ""max"": 3.649}","{""min"": -74.53800889730454, ""median"": -1.3665051442091672e-05, ""max"": 0.10301470000000008}","{""min"": -1007.1, ""median"": 20.0, ""max"": 159.4000000000001}",3144,1390,5467,1,0.7039439999498427
QAS,204,38689,225,0,[],0,[],"{""min"": -106.25076936345005, ""median"": 3.447187885024235, ""max"": 4.214799276042551}","{""min"": 2.894, ""median"": 3.336, ""max"": 3.649}","{""min"": -4.481279144127274, ""median"": 1.3899450227632144e-05, ""max"": 0.10301230000000008}","{""min"": -1004.7, ""median"": 19.0, ""max"": 124.5}",2462,1176,4998,1,1.0394071999471635
QAS,205,31041,225,0,[],0,[],"{""min"": -144.01627724467647, ""median"": 3.3868289208150824, ""max"": 4.6763338190571915}","{""min"": 2.999, ""median"": 3.326, ""max"": 3.419}","{""min"": -366.5317370725655, ""median"": 7.359566758402735e-06, ""max"": 0.10301320000000008}","{""min"": -1004.7, ""median"": 18.0, ""max"": 100.0}",3556,980,1677,1,0.7880335999652743
QAS,206,29293,225,0,[],0,[],"{""min"": -13646.55834400959, ""median"": 3.400720657958085, ""max"": 4.670113974266273}","{""min"": 2.944, ""median"": 3.333, ""max"": 3.42}","{""min"": -17488.86486544855, ""median"": -2.7313160843141585e-06, ""max"": 0.1030027000003638}","{""min"": -1005.0, ""median"": 17.0, ""max"": 102.5}",2073,760,1794,2,0.7749328999780118
QAS,207,37624,225,0,[],0,[],"{""min"": 0.0, ""median"": 3.404708090573144, ""max"": 4.114017695331935}","{""min"": 2.895, ""median"": 3.33, ""max"": 3.41}","{""min"": -1.2157531042471965, ""median"": -1.3672590691354631e-06, ""max"": 0.10300030000000009}","{""min"": -1003.0, ""median"": 18.0, ""max"": 146.20000000000005}",3292,1087,3390,1,0.9746719000395387
QAS,208,32873,225,0,[],0,[],"{""min"": -853.284861680185, ""median"": 3.4521798612683443, ""max"": 4.563687882383344}","{""min"": 2.96, ""median"": 3.357, ""max"": 3.649}","{""min"": -1072.9885716665665, ""median"": 7.283410191038172e-06, ""max"": 0.10301500000000009}","{""min"": -1005.0, ""median"": 21.0, ""max"": 134.20000000000005}",1420,342,254,1,0.8466140000382438
QAS,209,31892,225,0,[],0,[],"{""min"": -178924900.61061144, ""median"": 3.4209078283991525, ""max"": 4.656031192178701}","{""min"": 2.802, ""median"": 3.329, ""max"": 3.418}","{""min"": -1287627140.5628939, ""median"": 1.3232227321127865e-05, ""max"": 0.10301350000000009}","{""min"": -1004.9, ""median"": 18.0, ""max"": 162.29999999999995}",2921,696,1454,1,0.810696900007315
QAS,210,35881,225,0,[],0,[],"{""min"": -8.809811712467205, ""median"": 3.466561968192289, ""max"": 4.340549772760372}","{""min"": 2.806, ""median"": 3.349, ""max"": 3.649}","{""min"": -0.27786462294796044, ""median"": -2.104437756824234e-05, ""max"": 0.10301350000000009}","{""min"": -1004.9, ""median"": 18.0, ""max"": 170.20000000000005}",2743,649,3399,1,0.9233252999838442
QAS,211,40560,225,0,[],0,[],"{""min"": -17.26654345959916, ""median"": 3.4075328854665283, ""max"": 4.706192341192143}","{""min"": 2.882, ""median"": 3.329, ""max"": 3.41}","{""min"": -163.92205174082216, ""median"": 5.973169112152262e-06, ""max"": 0.10301320000000008}","{""min"": -1004.4, ""median"": 19.0, ""max"": 146.4000000000001}",2176,1391,3449,1,1.0248907000059262
QAS,212,27758,225,0,[],0,[],"{""min"": -861.3218089284516, ""median"": 3.422172799260104, ""max"": 4.668651775693953}","{""min"": 2.986, ""median"": 3.323, ""max"": 3.649}","{""min"": -818.5414892670755, ""median"": 1.3193097769806967e-05, ""max"": 0.10301200000000009}","{""min"": -1004.0, ""median"": 17.0, ""max"": 132.29999999999995}",3251,939,1350,1,0.74479489994701
QAS,213,27229,225,0,[],0,[],"{""min"": -38986953.790691145, ""median"": 3.449020318715438, ""max"": 4.626245194466628}","{""min"": 3.0, ""median"": 3.3525, ""max"": 3.649}","{""min"": -347261901.418265, ""median"": -0.0003065970358645094, ""max"": 0.10301140000000009}","{""min"": -1007.9, ""median"": 19.0, ""max"": 127.0}",1811,896,2111,1,0.7132100999588147
QAS,214,26896,225,0,[],0,[],"{""min"": 0.0, ""median"": 3.4253398230678194, ""max"": 4.602590979659942}","{""min"": 2.9330000000000003, ""median"": 3.315, ""max"": 3.649}","{""min"": -142.55984429993032, ""median"": 3.6287099653298466e-06, ""max"": 0.10300990000000008}","{""min"": -1004.9, ""median"": 18.0, ""max"": 114.5}",2258,1441,2323,1,0.6806496999925002
QAS,215,55695,225,0,[],0,[],"{""min"": -765513.9418060675, ""median"": 3.4682068246477726, ""max"": 4.683613900978643}","{""min"": 2.89, ""median"": 3.359, ""max"": 3.649}","{""min"": -1967646.6940947007, ""median"": -0.00035901359213926626, ""max"": 0.10300360000000008}","{""min"": -1001.2, ""median"": 20.0, ""max"": 144.79999999999995}",3634,1244,6235,2,1.4069893999258056
QAS,216,30064,225,0,[],0,[],"{""min"": -246.15916192703742, ""median"": 3.4397647157042206, ""max"": 4.753600803031529}","{""min"": 2.938, ""median"": 3.321, ""max"": 3.648}","{""min"": -9257.740779897045, ""median"": 7.211283360613261e-07, ""max"": 0.1030156000000001}","{""min"": -1005.2, ""median"": 18.0, ""max"": 100.0}",2839,900,1255,1,0.7542033999925479
QAS,217,29213,225,0,[],0,[],"{""min"": -23.43242151790196, ""median"": 3.433610712522636, ""max"": 4.7104155052914045}","{""min"": 3.0020000000000002, ""median"": 3.325, ""max"": 3.649}","{""min"": -107.43134014039968, ""median"": 8.038406252914569e-06, ""max"": 0.10301050000000009}","{""min"": -1003.5, ""median"": 13.0, ""max"": 100.0}",3208,1039,1710,1,0.8304744000779465
QAS,218,63169,225,0,[],0,[],"{""min"": -2.4130894818752835, ""median"": 3.4036021036180424, ""max"": 4.286048391404791}","{""min"": 2.884, ""median"": 3.319, ""max"": 3.499}","{""min"": -3.974097691493591, ""median"": -4.089839290461554e-06, ""max"": 0.10301200000000009}","{""min"": -1004.3, ""median"": 16.0, ""max"": 150.9000000000001}",2743,1680,4757,1,1.601263799937442
QAS,219,29590,225,0,[],0,[],"{""min"": -12.255950668011765, ""median"": 3.3743006293587294, ""max"": 4.65151297883922}","{""min"": 3.0, ""median"": 3.3040000000000003, ""max"": 3.4210000000000003}","{""min"": -176.17262247347074, ""median"": -2.7450244219919285e-06, ""max"": 0.10300720000000009}","{""min"": -1002.4, ""median"": 15.0, ""max"": 100.0}",3226,1553,923,1,0.8300532000139356
QAS,220,29261,225,0,[],0,[],"{""min"": -3.945465891438871, ""median"": 3.4644841290958253, ""max"": 4.201973484213207}","{""min"": 2.734, ""median"": 3.31, ""max"": 3.6470000000000002}","{""min"": -10.641356090600105, ""median"": -1.324350553852389e-05, ""max"": 0.10300270000000009}","{""min"": -1007.0, ""median"": 19.0, ""max"": 166.29999999999995}",4116,1473,1421,1,0.7672504999209195
QAS,221,44023,225,0,[],0,[],"{""min"": -24.673090088768024, ""median"": 3.40859054743218, ""max"": 4.704604561224492}","{""min"": 2.874, ""median"": 3.329, ""max"": 3.41}","{""min"": -124.09613535372327, ""median"": -2.012958745304701e-06, ""max"": 0.10300840000000008}","{""min"": -1003.0, ""median"": 20.0, ""max"": 156.4000000000001}",2622,1034,2173,1,1.0901144000235945
QAS,222,31916,225,0,[],0,[],"{""min"": 0.0, ""median"": 3.375362139915039, ""max"": 4.247424944573047}","{""min"": 3.051, ""median"": 3.332, ""max"": 3.414}","{""min"": -1.1642518067253607, ""median"": 7.113093890406233e-06, ""max"": 0.10300480000000009}","{""min"": -1004.7, ""median"": 17.0, ""max"": 100.0}",2815,794,4364,1,0.8035448000300676
QAS,223,34349,225,0,[],0,[],"{""min"": -16708891467.670872, ""median"": 3.4221425998228963, ""max"": 4.637850978593088}","{""min"": 2.832, ""median"": 3.337, ""max"": 3.416}","{""min"": -104319734061.84581, ""median"": 4.675926955601056e-06, ""max"": 0.10301440000000009}","{""min"": -1004.8, ""median"": 17.0, ""max"": 124.5}",3228,819,3564,2,0.8722045000176877
QAS,224,32784,225,0,[],0,[],"{""min"": -142516210.45447263, ""median"": 3.416458544767658, ""max"": 4.658349329010842}","{""min"": 2.868, ""median"": 3.333, ""max"": 3.5}","{""min"": -160976719.9689551, ""median"": 1.6026986997588038e-06, ""max"": 0.10300900000000009}","{""min"": -1004.9, ""median"": 17.0, ""max"": 162.29999999999995}",2516,1032,3021,2,0.8025748999789357
QAS,225,29008,225,0,[],0,[],"{""min"": -3177101.159893573, ""median"": 3.409500558973268, ""max"": 4.669410527324098}","{""min"": 2.91, ""median"": 3.333, ""max"": 3.4210000000000003}","{""min"": -27950530.636800554, ""median"": 9.50214464496002e-06, ""max"": 0.10301380000000009}","{""min"": -1004.8, ""median"": 17.0, ""max"": 146.5}",3772,789,910,2,0.7792482000077143
QAS,226,27072,225,0,[],0,[],"{""min"": -1627.5975545639958, ""median"": 3.398152932223632, ""max"": 4.3974464689618475}","{""min"": 2.936, ""median"": 3.329, ""max"": 3.411}","{""min"": -1668.254005200413, ""median"": -5.789609085778211e-06, ""max"": 0.10301440000000009}","{""min"": -1004.8, ""median"": 19.0, ""max"": 140.5999999999999}",2433,812,725,1,0.6640353000257164
QAS,227,28438,225,0,[],0,[],"{""min"": -931.1255560020433, ""median"": 3.4144448707799517, ""max"": 4.192405967676338}","{""min"": 2.84, ""median"": 3.333, ""max"": 3.41}","{""min"": -365.7491296952989, ""median"": 1.1134912952003518e-05, ""max"": 0.10300990000000008}","{""min"": -1003.5, ""median"": 17.0, ""max"": 155.70000000000005}",2782,290,1469,1,0.7367749999975786
QAS,228,27169,225,0,[],0,[],"{""min"": -931.5053451615474, ""median"": 3.395918311819518, ""max"": 4.493156767556219}","{""min"": 2.871, ""median"": 3.3280000000000003, ""max"": 3.431}","{""min"": -826.8729878790634, ""median"": 8.492003188672499e-06, ""max"": 0.10301380000000009}","{""min"": -1005.0, ""median"": 17.0, ""max"": 152.29999999999995}",2482,1845,4251,1,0.6768451000098139
QAS,229,30673,225,0,[],0,[],"{""min"": -0.11087282255244979, ""median"": 3.4285671269360884, ""max"": 4.286299982103784}","{""min"": 2.757, ""median"": 3.3240000000000003, ""max"": 3.507}","{""min"": -2.3807275751940966, ""median"": 4.127376208115876e-06, ""max"": 0.10300810000000009}","{""min"": -1004.6, ""median"": 18.0, ""max"": 168.0}",2832,995,3142,1,0.7571349999634549
QAS,230,40486,225,0,[],0,[],"{""min"": -397018930593.94006, ""median"": 3.444160137201207, ""max"": 4.651611544429635}","{""min"": 2.823, ""median"": 3.338, ""max"": 3.649}","{""min"": -718108939293.6384, ""median"": 3.659569268175716e-06, ""max"": 0.10301470000000008}","{""min"": -1004.9, ""median"": 20.0, ""max"": 132.20000000000005}",2313,743,2965,2,0.9984826999716461
QAS,231,37746,225,0,[],0,[],"{""min"": -642591.6894028216, ""median"": 3.4471051991082797, ""max"": 4.62584383476714}","{""min"": 2.8930000000000002, ""median"": 3.34725, ""max"": 3.649}","{""min"": -3003013.8580813245, ""median"": -8.061279981550067e-05, ""max"": 0.10301380000000009}","{""min"": -1004.7, ""median"": 20.0, ""max"": 173.79999999999995}",2853,764,2466,1,0.9446100998902693
QAS,232,48785,225,0,[],0,[],"{""min"": -24.15074848312244, ""median"": 3.417888540667544, ""max"": 4.73127678885231}","{""min"": 2.84, ""median"": 3.323, ""max"": 3.52}","{""min"": -132.2467367452099, ""median"": 4.4941171397147174e-07, ""max"": 0.10300240000000009}","{""min"": -1007.2, ""median"": 24.0, ""max"": 149.79999999999995}",3739,1556,1865,1,1.2954086000099778
QAS,233,42698,225,0,[],0,[],"{""min"": -1380.4810164683076, ""median"": 3.3849037591941755, ""max"": 4.404066745789443}","{""min"": 2.954, ""median"": 3.327, ""max"": 3.41}","{""min"": -2487.216145574413, ""median"": 1.2414019894497657e-05, ""max"": 0.10300900000000009}","{""min"": -1003.0, ""median"": 18.0, ""max"": 156.0}",3787,1349,4598,1,1.053481499897316
QAS,234,31377,225,0,[],0,[],"{""min"": -88101426.88246007, ""median"": 3.4017253675882975, ""max"": 4.652383837334447}","{""min"": 2.8770000000000002, ""median"": 3.318, ""max"": 3.41}","{""min"": -430712324.37200016, ""median"": 1.431758945478361e-05, ""max"": 0.10300750000000009}","{""min"": -1003.0, ""median"": 19.0, ""max"": 104.5}",3922,1208,1485,1,0.7760078000137582
QAS,235,36336,225,0,[],0,[],"{""min"": -28.843014387410555, ""median"": 3.418415631582057, ""max"": 4.261309999612021}","{""min"": 2.896, ""median"": 3.338, ""max"": 3.5}","{""min"": -0.5803775867498379, ""median"": 4.057954600737105e-06, ""max"": 0.10301050000000009}","{""min"": -1007.0, ""median"": 18.0, ""max"": 139.20000000000005}",3200,824,3235,1,0.9414147000061348
QAS,236,38721,225,0,[],0,[],"{""min"": -4419.885166665188, ""median"": 3.4048226217092, ""max"": 4.62744747207793}","{""min"": 2.969, ""median"": 3.332, ""max"": 3.5}","{""min"": -2908.1985511503794, ""median"": 3.156887880515541e-06, ""max"": 0.10300150000000009}","{""min"": -1004.6, ""median"": 19.0, ""max"": 114.0}",1913,390,2159,1,0.9771361000603065
QAS,237,28652,225,0,[],0,[],"{""min"": -10.021550057067413, ""median"": 3.394789871606563, ""max"": 4.273925019799792}","{""min"": 2.954, ""median"": 3.334, ""max"": 3.4210000000000003}","{""min"": -0.10008684918311733, ""median"": 6.919457297155659e-06, ""max"": 0.10300720000000009}","{""min"": -1003.5, ""median"": 18.0, ""max"": 114.20000000000005}",2287,741,3397,1,0.7639395999722183
QAS,238,30831,225,0,[],0,[],"{""min"": -2279899.374408569, ""median"": 3.4093789993609214, ""max"": 4.662646682555129}","{""min"": 2.826, ""median"": 3.321, ""max"": 3.4210000000000003}","{""min"": -2873471.149873024, ""median"": -2.28095092294663e-06, ""max"": 0.10301290000000009}","{""min"": -1004.9, ""median"": 18.0, ""max"": 169.79999999999995}",2605,1149,2510,2,0.7424653000198305
QAS,239,31637,225,0,[],0,[],"{""min"": -122688443.82707977, ""median"": 3.4658856445547634, ""max"": 4.735706083406442}","{""min"": 2.884, ""median"": 3.363, ""max"": 3.649}","{""min"": -97881180.99941504, ""median"": 0.10001440000000009, ""max"": 0.10301440000000009}","{""min"": -1004.8, ""median"": 16.0, ""max"": 150.0999999999999}",3254,838,2600,2,0.668491700082086
QAS,240,26836,225,0,[],0,[],"{""min"": -24.473223246988155, ""median"": 3.406288661754189, ""max"": 4.296292975561967}","{""min"": 2.868, ""median"": 3.329, ""max"": 3.415}","{""min"": -0.08056981648121181, ""median"": 3.208947576267995e-06, ""max"": 0.10300150000000143}","{""min"": -1004.8, ""median"": 16.0, ""max"": 156.5999999999999}",2764,908,2016,1,0.6640287999762222
QAS,241,31497,225,0,[],0,[],"{""min"": -5335446269.469248, ""median"": 3.4042337601787525, ""max"": 4.576836354023412}","{""min"": 2.834, ""median"": 3.3200000000000003, ""max"": 3.649}","{""min"": -3373413709.133238, ""median"": -2.2916256857067195e-07, ""max"": 0.10300720000000009}","{""min"": -1004.9, ""median"": 17.0, ""max"": 156.5}",3155,1362,3032,1,0.8099095999496058
QAS,242,34795,225,0,[],0,[],"{""min"": -165.34701075218462, ""median"": 3.407419173791568, ""max"": 4.6634552754945515}","{""min"": 2.856, ""median"": 3.331, ""max"": 3.4210000000000003}","{""min"": -370.37628735918275, ""median"": 1.0070892550290069e-05, ""max"": 0.10301320000000008}","{""min"": -1005.0, ""median"": 19.0, ""max"": 166.20000000000005}",2458,1222,4062,1,0.878950500045903
QAS,243,30644,225,0,[],0,[],"{""min"": -40.370437385160926, ""median"": 3.393252590484796, ""max"": 4.342481731112015}","{""min"": 2.9170000000000003, ""median"": 3.327, ""max"": 3.406}","{""min"": -0.3817607921419507, ""median"": 5.786746217252088e-06, ""max"": 0.1030093000000001}","{""min"": -1003.6, ""median"": 25.0, ""max"": 156.29999999999995}",3746,735,3066,1,0.7633243999443948
QAS,244,33803,225,0,[],0,[],"{""min"": -8165.079831920617, ""median"": 3.475445437766491, ""max"": 4.745404723513639}","{""min"": 2.706, ""median"": 3.34, ""max"": 3.649}","{""min"": -8434.56154750054, ""median"": 1.3810524949847434e-05, ""max"": 0.10301470000000008}","{""min"": -1005.0, ""median"": 19.0, ""max"": 158.9000000000001}",3193,1130,1322,1,0.8520149000687525
QAS,245,26996,225,0,[],0,[],"{""min"": -177675635.61906052, ""median"": 3.3919670151403833, ""max"": 4.728745051609653}","{""min"": 2.8770000000000002, ""median"": 3.322, ""max"": 3.5060000000000002}","{""min"": -85615614.31723507, ""median"": 0.039208596822925976, ""max"": 0.10302070000000009}","{""min"": -1006.9, ""median"": 18.0, ""max"": 144.20000000000005}",1383,2865,4043,2,0.6129609000636265
QAS,246,30247,225,0,[],0,[],"{""min"": 0.0, ""median"": 3.441931825945546, ""max"": 4.6526438174356874}","{""min"": 2.8770000000000002, ""median"": 3.325, ""max"": 3.649}","{""min"": -56.29495689021136, ""median"": -4.608499074016112e-05, ""max"": 0.10300750000000009}","{""min"": -1002.8, ""median"": 17.0, ""max"": 156.5}",2512,954,1634,1,0.7413372000446543
QAS,247,37785,225,0,[],0,[],"{""min"": -1244.6582946721517, ""median"": 3.4358345191035964, ""max"": 4.742637078247932}","{""min"": 2.953, ""median"": 3.325, ""max"": 3.649}","{""min"": -11783.54942865845, ""median"": -3.4443041514337956e-05, ""max"": 0.10301260000000009}","{""min"": -1005.0, ""median"": 18.0, ""max"": 138.0}",2406,1182,1480,1,1.0287275000009686
QAS,248,31772,225,0,[],0,[],"{""min"": -226.06982612725213, ""median"": 3.452042790107864, ""max"": 4.281228006231329}","{""min"": 2.875, ""median"": 3.329, ""max"": 3.649}","{""min"": -93.32737489789875, ""median"": 1.518812824942043e-05, ""max"": 0.10301290000000009}","{""min"": -1004.7, ""median"": 17.0, ""max"": 125.40000000000009}",4669,1122,2405,1,0.7866917999926955
QAS,249,60958,225,0,[],0,[],"{""min"": -3122.951568947967, ""median"": 3.4253144276128613, ""max"": 4.266145493030414}","{""min"": 3.004, ""median"": 3.3280000000000003, ""max"": 3.649}","{""min"": -3557.9662400512548, ""median"": -4.2480484734606105e-05, ""max"": 0.10300270000002273}","{""min"": -1006.8, ""median"": 24.0, ""max"": 123.79999999999995}",3684,1944,4223,1,1.5828501000069082
QAS,250,30470,225,0,[],0,[],"{""min"": -72245.01178514138, ""median"": 3.4293590015056497, ""max"": 4.595545074766732}","{""min"": 2.991, ""median"": 3.33, ""max"": 3.649}","{""min"": -79700.13265039024, ""median"": -4.025202023033117e-06, ""max"": 0.10301440000000009}","{""min"": -1004.8, ""median"": 21.0, ""max"": 122.09999999999991}",2626,554,1460,1,0.7461281000869349
QAS,251,42299,225,0,[],0,[],"{""min"": -119.28137427511803, ""median"": 3.4444941035974823, ""max"": 4.7662507630142406}","{""min"": 2.936, ""median"": 3.336, ""max"": 3.649}","{""min"": -405.7703888744439, ""median"": -0.00047501965341074904, ""max"": 0.10301440000000009}","{""min"": -1005.2, ""median"": 23.0, ""max"": 145.79999999999995}",2252,890,3853,1,1.088507300009951
QAS,252,38683,225,0,[],0,[],"{""min"": -12824.794115929495, ""median"": 3.4567344944841727, ""max"": 4.635110582901705}","{""min"": 2.863, ""median"": 3.33, ""max"": 3.649}","{""min"": -3745.3943681032038, ""median"": 0.00022795932291973264, ""max"": 0.10301440000000009}","{""min"": -1004.8, ""median"": 17.0, ""max"": 150.20000000000005}",1071,4381,5455,2,0.9364504999248311
QAS,253,32076,225,0,[],0,[],"{""min"": 0.0, ""median"": 3.4400329718478195, ""max"": 4.712456590773649}","{""min"": 2.994, ""median"": 3.355, ""max"": 3.649}","{""min"": -2.3882221113277518, ""median"": -0.00016599002094167464, ""max"": 0.10300150000000009}","{""min"": -1001.2, ""median"": 16.0, ""max"": 114.20000000000005}",2159,876,5283,1,0.8112302999943495
QAS,254,36828,225,0,[],0,[],"{""min"": -24.249342924124782, ""median"": 3.4471230182223334, ""max"": 4.266214280321856}","{""min"": 2.968, ""median"": 3.351, ""max"": 3.649}","{""min"": -1.1829027579535996, ""median"": -2.3756206980282727e-05, ""max"": 0.10301320000000008}","{""min"": -1004.4, ""median"": 21.0, ""max"": 141.20000000000005}",3419,756,3939,1,0.9421884000767022
QAS,255,28627,225,0,[],0,[],"{""min"": -72.86565261705186, ""median"": 3.4134606292778726, ""max"": 4.669744703617872}","{""min"": 2.979, ""median"": 3.323, ""max"": 3.649}","{""min"": -65.08792956775778, ""median"": -3.541582576373608e-05, ""max"": 0.10301080000000008}","{""min"": -1004.7, ""median"": 24.0, ""max"": 137.70000000000005}",621,1724,3047,1,0.7639431999996305
QAS,256,31529,225,0,[],0,[],"{""min"": -6717130.352618101, ""median"": 3.411170677899645, ""max"": 4.619541230502116}","{""min"": 3.013, ""median"": 3.323, ""max"": 3.646}","{""min"": -6588343.965489147, ""median"": 5.804809842956416e-06, ""max"": 0.10300660000000009}","{""min"": -1002.8, ""median"": 23.0, ""max"": 117.0}",3062,966,1415,1,0.7726601000176743
QAS,257,42401,225,0,[],0,[],"{""min"": -31461299.166865915, ""median"": 3.409701725940272, ""max"": 4.556034665072642}","{""min"": 2.843, ""median"": 3.326, ""max"": 3.5140000000000002}","{""min"": -49115360.82143694, ""median"": 7.196379889212097e-06, ""max"": 0.10301440000000009}","{""min"": -1004.8, ""median"": 21.0, ""max"": 174.20000000000005}",3559,1211,4685,2,1.0878752000862733
QAS,258,30631,225,0,[],0,[],"{""min"": -7.91352357855349, ""median"": 3.4458320904571456, ""max"": 4.596879637050906}","{""min"": 2.876, ""median"": 3.359, ""max"": 3.649}","{""min"": -7.474323597683959, ""median"": -4.118318763577469e-05, ""max"": 0.10301290000000009}","{""min"": -1004.7, ""median"": 17.0, ""max"": 119.79999999999995}",2394,748,3482,1,0.7638547000242397
QAS,259,34327,225,0,[],0,[],"{""min"": -240.36496555345877, ""median"": 3.401914975338898, ""max"": 4.235007151305467}","{""min"": 2.952, ""median"": 3.332, ""max"": 3.524}","{""min"": -3.7648945122817112, ""median"": 5.393571656648788e-06, ""max"": 0.10301080000000008}","{""min"": -1004.8, ""median"": 18.0, ""max"": 114.09999999999991}",2862,1154,2726,1,0.8976363999536261
QAS,260,51860,225,0,[],0,[],"{""min"": -2494410647.467739, ""median"": 3.4258328910379903, ""max"": 4.615715360122794}","{""min"": 2.785, ""median"": 3.323, ""max"": 3.41}","{""min"": -38256711563.67435, ""median"": 6.488321573964398e-06, ""max"": 0.1030102000000001}","{""min"": -1003.4, ""median"": 19.0, ""max"": 134.20000000000005}",3441,1894,3056,2,1.4133643000386655
QAS,261,26921,225,0,[],0,[],"{""min"": -10798.336189874679, ""median"": 3.47854784789189, ""max"": 4.246702916035682}","{""min"": 2.748, ""median"": 3.337, ""max"": 3.648}","{""min"": -14471.569411486607, ""median"": -5.079050597022584e-06, ""max"": 0.10301290000000009}","{""min"": -1004.8, ""median"": 17.0, ""max"": 142.5}",1771,1189,3310,1,0.7045475000049919
QAS,262,38320,225,0,[],0,[],"{""min"": -848487.6602364703, ""median"": 3.441499665905071, ""max"": 4.611354271499932}","{""min"": 2.794, ""median"": 3.336, ""max"": 3.5300000000000002}","{""min"": -5956344.833789247, ""median"": 7.903333558858591e-06, ""max"": 0.10301440000000009}","{""min"": -1004.8, ""median"": 17.0, ""max"": 195.0999999999999}",2753,679,3786,2,1.1090897000394762
QAS,263,26987,225,0,[],0,[],"{""min"": -1443982.724814736, ""median"": 3.4339304874252052, ""max"": 4.6265713499116385}","{""min"": 2.906, ""median"": 3.3240000000000003, ""max"": 3.648}","{""min"": -3738628.166370086, ""median"": 4.148483469890055e-07, ""max"": 0.10300660000000009}","{""min"": -1002.6, ""median"": 19.0, ""max"": 147.0999999999999}",3216,1013,189,2,0.7656709000002593
QAS,264,28045,225,0,[],0,[],"{""min"": -259.34139966103623, ""median"": 3.430599011145219, ""max"": 4.2138449990899165}","{""min"": 2.965, ""median"": 3.33, ""max"": 3.649}","{""min"": -99.75079551293737, ""median"": 1.4773942427175086e-05, ""max"": 0.10300990000000008}","{""min"": -1004.7, ""median"": 17.0, ""max"": 121.29999999999995}",2796,817,2625,1,0.7889048000797629
QAS,265,28667,225,0,[],0,[],"{""min"": -7185.963807954916, ""median"": 3.428232144307198, ""max"": 4.605894527415142}","{""min"": 2.9010000000000002, ""median"": 3.332, ""max"": 3.649}","{""min"": -23320.57015742335, ""median"": 7.5439202271072925e-06, ""max"": 0.10301320000000008}","{""min"": -1004.9, ""median"": 21.0, ""max"": 120.90000000000009}",2614,765,2367,1,0.7509940000018105
QAS,266,29760,225,0,[],0,[],"{""min"": -9137272.752662705, ""median"": 3.4127207250445615, ""max"": 4.635069810492791}","{""min"": 2.8000000000000003, ""median"": 3.329, ""max"": 3.41}","{""min"": -17300330.693914745, ""median"": 8.789275854227654e-06, ""max"": 0.10301110000000009}","{""min"": -1003.9, ""median"": 19.0, ""max"": 157.4000000000001}",2295,676,3636,2,0.7650557000888512
QAS,267,38363,225,0,[],0,[],"{""min"": -53176.27591998958, ""median"": 3.4241346919509454, ""max"": 4.573852218233785}","{""min"": 2.862, ""median"": 3.321, ""max"": 3.649}","{""min"": -452482.53120264655, ""median"": 1.1660525281947116e-06, ""max"": 0.1030156000000001}","{""min"": -1005.2, ""median"": 21.0, ""max"": 161.29999999999995}",1439,675,3738,2,0.9796987000154331
QAS,268,32170,225,0,[],0,[],"{""min"": -6.758928401709006, ""median"": 3.4597402598985587, ""max"": 4.754716949319233}","{""min"": 2.714, ""median"": 3.344, ""max"": 3.52}","{""min"": -128.44718739157634, ""median"": 1.8728386999032112e-05, ""max"": 0.1030117000000001}","{""min"": -1004.8, ""median"": 17.0, ""max"": 162.4000000000001}",2303,450,4171,1,0.8023019999964163
QAS,269,30434,225,0,[],0,[],"{""min"": -0.6699831302156625, ""median"": 3.437757487553528, ""max"": 4.683777595276036}","{""min"": 2.7560000000000002, ""median"": 3.33, ""max"": 3.408}","{""min"": -305.6373032326441, ""median"": 8.079636235537848e-06, ""max"": 0.10301530000000009}","{""min"": -1005.1, ""median"": 19.0, ""max"": 150.29999999999995}",2897,178,528,1,0.7839037000667304
QAS,270,35089,225,0,[],0,[],"{""min"": -356707.57601381064, ""median"": 3.4255382341666007, ""max"": 4.576485978318169}","{""min"": 2.736, ""median"": 3.327, ""max"": 3.4210000000000003}","{""min"": -1621672.388251466, ""median"": 1.4659483406761553e-05, ""max"": 0.10301290000000009}","{""min"": -1004.3, ""median"": 15.0, ""max"": 147.9000000000001}",3040,913,1611,2,0.9196337000466883
QAS,271,27656,225,0,[],0,[],"{""min"": -122.89900570196878, ""median"": 3.404114127226795, ""max"": 4.65064919461814}","{""min"": 2.969, ""median"": 3.354, ""max"": 3.416}","{""min"": -161.9894897043691, ""median"": -1.8118683993307623e-06, ""max"": 0.10301290000000009}","{""min"": -1004.9, ""median"": 24.0, ""max"": 129.29999999999995}",2067,603,3574,1,0.7586680999957025
QAS,272,39083,225,0,[],0,[],"{""min"": 0.0, ""median"": 3.3688778617353083, ""max"": 4.289728953707036}","{""min"": 3.025, ""median"": 3.307, ""max"": 3.528}","{""min"": -0.11195824833610214, ""median"": 6.946592315754742e-06, ""max"": 0.10300000000000009}","{""min"": -1004.6, ""median"": 18.0, ""max"": 104.59999999999991}",3770,1650,2530,1,0.9521096999524161
QAS,273,34937,225,0,[],0,[],"{""min"": -16.118010723025026, ""median"": 3.4343524185359384, ""max"": 4.7058724997580486}","{""min"": 2.946, ""median"": 3.321, ""max"": 3.649}","{""min"": -40.574869967778284, ""median"": -1.0939319399502096e-05, ""max"": 0.10300750000000009}","{""min"": -1004.6, ""median"": 18.0, ""max"": 128.29999999999995}",5263,1414,1699,1,0.918388899997808
QAS,274,34980,225,0,[],0,[],"{""min"": -17030691.854440156, ""median"": 3.4859576605767466, ""max"": 4.660463030460668}","{""min"": 2.782, ""median"": 3.362, ""max"": 3.649}","{""min"": -21360919.33046761, ""median"": 8.938033844600582e-06, ""max"": 0.10301260000000009}","{""min"": -1004.7, ""median"": 16.0, ""max"": 146.0999999999999}",2500,614,3168,2,0.9019802999682724
QAS,275,31029,225,0,[],0,[],"{""min"": -88803776.42372112, ""median"": 3.410019707664806, ""max"": 4.623295866583322}","{""min"": 2.884, ""median"": 3.334, ""max"": 3.4210000000000003}","{""min"": -73065444.06957269, ""median"": -1.1938158890235428e-05, ""max"": 0.10301380000000009}","{""min"": -1004.6, ""median"": 17.0, ""max"": 166.9000000000001}",3383,1236,2088,1,0.7931235999567434
QAS,276,36677,225,0,[],0,[],"{""min"": -2.791551936419071, ""median"": 3.3913433626504847, ""max"": 4.706345312747211}","{""min"": 2.891, ""median"": 3.3280000000000003, ""max"": 3.41}","{""min"": -15.609341093922765, ""median"": 2.0387473477853177e-06, ""max"": 0.10300870000000009}","{""min"": -1004.7, ""median"": 17.0, ""max"": 300.0}",2748,2008,3615,1,0.8816385000245646
QAS,277,27022,225,0,[],0,[],"{""min"": -18.488754947363525, ""median"": 3.4326285577959124, ""max"": 4.567848929270498}","{""min"": 2.887, ""median"": 3.325, ""max"": 3.649}","{""min"": -102.3552986148602, ""median"": 7.737790476221903e-06, ""max"": 0.10301440000000009}","{""min"": -1005.1, ""median"": 19.0, ""max"": 162.9000000000001}",2351,816,2876,1,0.6819258000468835
QAS,278,32765,225,0,[],0,[],"{""min"": -176461945.4104386, ""median"": 3.429986546059614, ""max"": 4.6518835602871}","{""min"": 3.0220000000000002, ""median"": 3.345, ""max"": 3.649}","{""min"": -292035191.65707415, ""median"": -5.681539790732699e-06, ""max"": 0.10301290000000009}","{""min"": -1004.6, ""median"": 17.0, ""max"": 106.59999999999991}",3324,957,2961,1,0.7995289000682533
QAS,279,32229,225,0,[],0,[],"{""min"": -6630.271888375918, ""median"": 3.43489350869583, ""max"": 4.659648207144518}","{""min"": 2.954, ""median"": 3.331, ""max"": 3.649}","{""min"": -8335.28681990457, ""median"": 8.293962233582249e-06, ""max"": 0.10301350000000009}","{""min"": -1004.9, ""median"": 21.0, ""max"": 131.29999999999995}",2902,855,2977,1,0.8129420999903232
QAS,280,33807,225,0,[],0,[],"{""min"": -160296239.64513755, ""median"": 3.443178601499376, ""max"": 4.658468408106239}","{""min"": 2.849, ""median"": 3.315, ""max"": 3.649}","{""min"": -201419034.9887775, ""median"": 2.186297015783027e-06, ""max"": 0.10300360000000008}","{""min"": -1001.2, ""median"": 21.0, ""max"": 143.4000000000001}",2908,1019,1293,1,0.8793008000357077
QAS,281,42466,225,0,[],0,[],"{""min"": -108.28857426902182, ""median"": 3.453529121175866, ""max"": 4.716444556132245}","{""min"": 2.856, ""median"": 3.334, ""max"": 3.649}","{""min"": -131.97851304944194, ""median"": -1.4892814745411981e-05, ""max"": 0.10301290000000009}","{""min"": -1004.5, ""median"": 16.0, ""max"": 108.59999999999991}",3690,103,524,1,1.0797291001072153
QAS,282,28004,225,0,[],0,[],"{""min"": -40436.19695605716, ""median"": 3.443691779333789, ""max"": 4.606323537392311}","{""min"": 2.863, ""median"": 3.323, ""max"": 3.649}","{""min"": -80194.63522963994, ""median"": 3.1550766217427796e-06, ""max"": 0.10300900000000009}","{""min"": -1004.7, ""median"": 16.0, ""max"": 141.5}",1787,2702,3182,2,0.7510369999799877
QAS,283,42924,225,0,[],0,[],"{""min"": -9.554251267370526, ""median"": 3.434618766557708, ""max"": 4.274406855157519}","{""min"": 2.974, ""median"": 3.334, ""max"": 3.649}","{""min"": -7.1593095448750725, ""median"": 5.295558616754022e-06, ""max"": 0.10301200000000009}","{""min"": -1004.7, ""median"": 16.0, ""max"": 113.20000000000005}",1432,1427,11774,1,1.045441999915056
QAS,284,41711,225,0,[],0,[],"{""min"": -16.041413245223474, ""median"": 3.4268279359762857, ""max"": 4.553928654328943}","{""min"": 2.884, ""median"": 3.3280000000000003, ""max"": 3.649}","{""min"": -474.29433851379986, ""median"": 7.612910008527023e-06, ""max"": 0.10300360000000008}","{""min"": -1001.2, ""median"": 21.0, ""max"": 124.0}",3580,1134,4703,1,1.008665900095366
QAS,285,29237,225,0,[],0,[],"{""min"": -475902505.6589219, ""median"": 3.4722006955676497, ""max"": 4.62123951599909}","{""min"": 2.82, ""median"": 3.339, ""max"": 3.649}","{""min"": -1160208756.5125682, ""median"": -0.0005168624194990166, ""max"": 0.10301470000000008}","{""min"": -1005.0, ""median"": 16.0, ""max"": 140.5999999999999}",3310,1766,2635,2,0.7483104999409989
QAS,286,26764,225,0,[],0,[],"{""min"": -5379443873.3334255, ""median"": 3.3789844317049518, ""max"": 4.708879517343947}","{""min"": 3.021, ""median"": 3.334, ""max"": 3.418}","{""min"": -7202993507.043902, ""median"": 1.028212305170406e-05, ""max"": 0.10300188146972657}","{""min"": -1004.8, ""median"": 18.0, ""max"": 140.20000000000005}",1612,481,2621,2,0.6314913000678644
QAS,287,30092,225,0,[],0,[],"{""min"": -17.817349672984527, ""median"": 3.3849616092949715, ""max"": 4.255281271231131}","{""min"": 2.918, ""median"": 3.311, ""max"": 3.4210000000000003}","{""min"": -2.2324134292538416, ""median"": -2.343363388784738e-06, ""max"": 0.10300810000000009}","{""min"": -1004.6, ""median"": 17.0, ""max"": 131.0}",3606,1455,1674,1,0.7786147000733763
QAS,288,37823,225,0,[],0,[],"{""min"": -144209110.32057953, ""median"": 3.3986977228929485, ""max"": 4.660017192834923}","{""min"": 2.896, ""median"": 3.33, ""max"": 3.415}","{""min"": -91736797.04200459, ""median"": 5.6713679093139434e-06, ""max"": 0.10301350000000009}","{""min"": -1004.5, ""median"": 17.0, ""max"": 144.0999999999999}",2298,517,2466,1,0.9417563000461087
QAS,289,37690,225,0,[],0,[],"{""min"": -51581933241.237175, ""median"": 3.4133340666572396, ""max"": 4.627099911290694}","{""min"": 2.81, ""median"": 3.332, ""max"": 3.41}","{""min"": -16549351831.56318, ""median"": 1.4519289195842788e-05, ""max"": 0.10301380000000009}","{""min"": -1005.1, ""median"": 18.0, ""max"": 152.0}",2452,1100,5469,1,0.9639837999129668
QAS,290,27387,225,0,[],0,[],"{""min"": 0.0, ""median"": 3.4142609509670008, ""max"": 4.112393662776144}","{""min"": 2.861, ""median"": 3.329, ""max"": 3.455}","{""min"": -0.3900324942990102, ""median"": 1.1972047921477896e-05, ""max"": 0.10301320000000008}","{""min"": -1004.9, ""median"": 15.0, ""max"": 118.70000000000005}",3101,1064,2614,1,0.7227497999556363
QAS,291,43541,225,0,[],0,[],"{""min"": -4783.748331547169, ""median"": 3.420277626092677, ""max"": 4.597867374766066}","{""min"": 2.826, ""median"": 3.33, ""max"": 3.42}","{""min"": -34677.042782315286, ""median"": 8.801766151017489e-06, ""max"": 0.10301320000000008}","{""min"": -1004.5, ""median"": 19.0, ""max"": 164.5999999999999}",3828,376,1507,1,1.131139300065115
QAS,292,32760,225,0,[],0,[],"{""min"": -113.12377827776332, ""median"": 3.410327057860136, ""max"": 4.640719563396872}","{""min"": 2.915, ""median"": 3.3280000000000003, ""max"": 3.4210000000000003}","{""min"": -153.1043470531086, ""median"": 4.088000206139114e-06, ""max"": 0.10301080000000008}","{""min"": -1004.7, ""median"": 16.0, ""max"": 103.40000000000009}",4238,962,958,1,0.8190545999677852
QAS,293,34484,225,0,[],0,[],"{""min"": 0.0, ""median"": 3.382395374950984, ""max"": 4.2721593647128575}","{""min"": 2.903, ""median"": 3.3160000000000003, ""max"": 3.4210000000000003}","{""min"": -1.371931417414519, ""median"": 6.27275382234752e-05, ""max"": 0.10300900000000009}","{""min"": -1004.9, ""median"": 18.0, ""max"": 129.0999999999999}",3901,1314,2996,1,0.9271633999887854
QAS,294,28842,225,0,[],0,[],"{""min"": -21258901.036836654, ""median"": 3.403477581433239, ""max"": 4.539286957962519}","{""min"": 2.8770000000000002, ""median"": 3.33, ""max"": 3.412}","{""min"": -8383137.773365377, ""median"": -2.45937564930415e-07, ""max"": 0.10301350000000009}","{""min"": -1004.7, ""median"": 20.0, ""max"": 152.9000000000001}",1649,3416,3707,1,0.7073609000071883
QAS,295,28874,225,0,[],0,[],"{""min"": -19506.39824420309, ""median"": 3.4166260144068246, ""max"": 4.707646892352864}","{""min"": 2.838, ""median"": 3.349, ""max"": 3.414}","{""min"": -31917.73953332562, ""median"": 8.456952040946248e-07, ""max"": 0.10301530000000009}","{""min"": -1005.1, ""median"": 20.0, ""max"": 162.0999999999999}",1760,683,5334,1,0.7023943000240251
QAS,296,34545,225,0,[],0,[],"{""min"": -38.472295306872404, ""median"": 3.412561926967935, ""max"": 4.240450424501666}","{""min"": 2.828, ""median"": 3.327, ""max"": 3.484}","{""min"": -1.7384664960356138, ""median"": 3.16868488540689e-06, ""max"": 0.10301470000000008}","{""min"": -1007.3, ""median"": 20.0, ""max"": 166.79999999999995}",3783,857,4562,1,0.9237085999920964
QAS,297,75754,225,0,[],0,[],"{""min"": -124710155.97376281, ""median"": 3.392014962827948, ""max"": 4.744499259533878}","{""min"": 2.944, ""median"": 3.33, ""max"": 3.471}","{""min"": -173134271.2875692, ""median"": -5.147664349475268e-05, ""max"": 0.1030141000000001}","{""min"": -1007.1, ""median"": 31.0, ""max"": 168.9000000000001}",2079,881,6916,2,1.996390899992548
QAS,298,37042,225,0,[],0,[],"{""min"": -29.585878086846183, ""median"": 3.3935789268944574, ""max"": 4.558397739916533}","{""min"": 2.952, ""median"": 3.329, ""max"": 3.4210000000000003}","{""min"": -459.90049653397807, ""median"": 3.1903170993983143e-06, ""max"": 0.1030141000000001}","{""min"": -1004.8, ""median"": 19.0, ""max"": 126.29999999999995}",3061,802,3906,1,0.9809343999950215
QAS,299,36513,225,0,[],0,[],"{""min"": -11.438940331201056, ""median"": 3.447714353359186, ""max"": 4.263199396478742}","{""min"": 2.847, ""median"": 3.329, ""max"": 3.649}","{""min"": -8.38979505300301, ""median"": 1.4003042223760161e-05, ""max"": 0.10301050000000009}","{""min"": -1004.8, ""median"": 20.0, ""max"": 157.79999999999995}",2207,473,2548,1,0.9615175999933854
QAS,300,27240,225,0,[],0,[],"{""min"": -14.648527213330915, ""median"": 3.44259487520113, ""max"": 4.741432609725998}","{""min"": 2.891, ""median"": 3.327, ""max"": 3.649}","{""min"": -44.68177754714733, ""median"": -7.597646624897148e-05, ""max"": 0.1030078000000001}","{""min"": -1004.6, ""median"": 18.0, ""max"": 156.4000000000001}",3088,907,2288,1,0.7246035999851301
QAS,301,37848,225,0,[],0,[],"{""min"": -1619.4011560262318, ""median"": 3.4376046173137844, ""max"": 4.59160561110025}","{""min"": 2.7560000000000002, ""median"": 3.335, ""max"": 3.4210000000000003}","{""min"": -772.1852127656148, ""median"": 1.3414230357253886e-05, ""max"": 0.1030156000000001}","{""min"": -1005.2, ""median"": 22.0, ""max"": 173.20000000000005}",2385,534,2178,1,0.9376184000866488
QAS,302,34079,225,0,[],0,[],"{""min"": -21.755541654703006, ""median"": 3.4054302450627496, ""max"": 4.284103784883678}","{""min"": 2.8850000000000002, ""median"": 3.333, ""max"": 3.41}","{""min"": -19.038641944486034, ""median"": 1.1459775444781798e-05, ""max"": 0.10300150000000143}","{""min"": -1004.8, ""median"": 16.0, ""max"": 128.29999999999995}",2221,650,3674,1,0.883053999976255
QAS,303,27595,225,0,[],0,[],"{""min"": -1493.2953908404504, ""median"": 3.41574894740432, ""max"": 4.731699031483443}","{""min"": 2.922, ""median"": 3.313, ""max"": 3.649}","{""min"": -1827.798163963313, ""median"": -4.7285649435747305e-05, ""max"": 0.1030189000000001}","{""min"": -1007.2, ""median"": 28.0, ""max"": 160.5999999999999}",1688,693,2425,1,0.7540543999057263
QAS,304,29983,225,0,[],0,[],"{""min"": -187.05970918937376, ""median"": 3.4432374930422505, ""max"": 4.652311730994425}","{""min"": 2.717, ""median"": 3.323, ""max"": 3.649}","{""min"": -361.3623634514482, ""median"": 1.536787752784329e-05, ""max"": 0.10301380000000009}","{""min"": -1006.9, ""median"": 16.0, ""max"": 140.9000000000001}",2271,1380,1213,1,0.7615780000342056
QAS,305,70348,225,0,[],0,[],"{""min"": 0.0, ""median"": 3.446771716829259, ""max"": 4.5025892990443435}","{""min"": 2.9170000000000003, ""median"": 3.3280000000000003, ""max"": 3.649}","{""min"": -1.0451728921625876, ""median"": 4.366084976021128e-06, ""max"": 0.10300240000000009}","{""min"": -1004.4, ""median"": 20.0, ""max"": 142.20000000000005}",2567,1372,5195,1,1.8211146999383345
QAS,306,38678,225,0,[],0,[],"{""min"": -20704823.813381445, ""median"": 3.429623185528336, ""max"": 4.636518620194116}","{""min"": 3.0140000000000002, ""median"": 3.3280000000000003, ""max"": 3.649}","{""min"": -4054516.504446267, ""median"": -0.0005307718089586535, ""max"": 0.10300330000000009}","{""min"": -1001.2, ""median"": 21.0, ""max"": 100.0}",3406,696,2169,1,0.9907921999692917
QAS,307,27812,225,0,[],0,[],"{""min"": -13211555.613546979, ""median"": 3.458421125250591, ""max"": 4.642279409141599}","{""min"": 2.914, ""median"": 3.359, ""max"": 3.649}","{""min"": -68636487.03233932, ""median"": -0.00016559635713434337, ""max"": 0.10301230000000008}","{""min"": -1004.4, ""median"": 15.0, ""max"": 114.70000000000005}",2671,709,2179,2,0.7214764999225736
QAS,308,31991,225,0,[],0,[],"{""min"": -1283578410045.3862, ""median"": 3.423854950419525, ""max"": 4.717673247793193}","{""min"": 2.782, ""median"": 3.347, ""max"": 3.418}","{""min"": -2347656203444.6387, ""median"": -5.08115455476684e-06, ""max"": 0.10307515625}","{""min"": -1004.5, ""median"": 20.0, ""max"": 161.79999999999995}",2277,947,2979,2,0.7721963999792933
QAS,309,32965,225,0,[],0,[],"{""min"": -126.88486019714945, ""median"": 3.4235478144051994, ""max"": 4.249207555305651}","{""min"": 2.972, ""median"": 3.326, ""max"": 3.649}","{""min"": -15.547067382814056, ""median"": 2.979930899947133e-06, ""max"": 0.1030117000000001}","{""min"": -1004.7, ""median"": 21.0, ""max"": 144.5}",3237,1500,1510,1,0.8866273999447003
QAS,310,28750,225,0,[],0,[],"{""min"": -2614.6855436974656, ""median"": 3.446000586570998, ""max"": 4.751152801759671}","{""min"": 2.924, ""median"": 3.336, ""max"": 3.649}","{""min"": -3052.4908734559317, ""median"": 2.1112898623780494e-05, ""max"": 0.10301380000000009}","{""min"": -1004.6, ""median"": 19.0, ""max"": 144.0}",1725,999,2724,1,0.7089892999501899
QAS,311,47356,225,0,[],0,[],"{""min"": -380260188.89181906, ""median"": 3.4281411127468036, ""max"": 4.73182763489082}","{""min"": 2.85, ""median"": 3.333, ""max"": 3.649}","{""min"": -164855879.63697013, ""median"": -2.663203999853463e-07, ""max"": 0.1030141000000001}","{""min"": -1004.7, ""median"": 20.0, ""max"": 158.5}",2636,1516,3222,2,1.1930064000189304
QAS,312,30938,225,0,[],0,[],"{""min"": -1998056014.871059, ""median"": 3.497996280191755, ""max"": 4.620039524951182}","{""min"": 2.628, ""median"": 3.331, ""max"": 3.649}","{""min"": -1493312904.9960124, ""median"": -8.465666224541424e-06, ""max"": 0.1030141000000001}","{""min"": -1004.7, ""median"": 18.0, ""max"": 170.5}",3029,920,2134,2,0.8172436999157071
QAS,313,29280,225,0,[],0,[],"{""min"": 0.0, ""median"": 3.381179841815966, ""max"": 4.703750073688173}","{""min"": 2.981, ""median"": 3.314, ""max"": 3.505}","{""min"": -16.349286745243948, ""median"": 9.080101785074477e-06, ""max"": 0.10300270000000009}","{""min"": -1003.1, ""median"": 23.0, ""max"": 131.5}",3498,1504,1346,1,0.7662857000250369
QAS,314,36102,225,0,[],0,[],"{""min"": 0.0, ""median"": 3.438180280055998, ""max"": 4.71228105625616}","{""min"": 2.915, ""median"": 3.33, ""max"": 3.649}","{""min"": -0.9779157290630879, ""median"": -8.929246774147543e-07, ""max"": 0.10300150000000009}","{""min"": -1004.6, ""median"": 18.0, ""max"": 157.0999999999999}",3601,1125,2732,1,0.9126637999434024
QAS,315,36515,225,0,[],0,[],"{""min"": -36337.000406429135, ""median"": 3.4217812481879086, ""max"": 4.625202284990322}","{""min"": 2.844, ""median"": 3.333, ""max"": 3.419}","{""min"": -92286.25178744167, ""median"": 1.165805863710392e-05, ""max"": 0.10300750000000009}","{""min"": -1004.3, ""median"": 17.0, ""max"": 132.29999999999995}",2538,922,2269,1,0.8961767998989671
QAS,316,33953,225,0,[],0,[],"{""min"": -27.57635809445541, ""median"": 3.405131706845192, ""max"": 4.5679519296622555}","{""min"": 2.878, ""median"": 3.326, ""max"": 3.423}","{""min"": -578.517172398922, ""median"": 7.500752510655957e-06, ""max"": 0.10300630000000009}","{""min"": -1004.7, ""median"": 17.0, ""max"": 165.0999999999999}",3135,1142,2812,1,0.8472406000364572
QAS,317,35878,225,0,[],0,[],"{""min"": -5739113.4183291495, ""median"": 3.4037493737381723, ""max"": 4.674205124776556}","{""min"": 2.927, ""median"": 3.338, ""max"": 3.411}","{""min"": -37024427.613610476, ""median"": -1.6127905775021813e-06, ""max"": 0.10300840000000008}","{""min"": -1004.7, ""median"": 21.0, ""max"": 125.79999999999995}",2088,778,2412,2,0.8843484999379143
QAS,318,31967,225,0,[],0,[],"{""min"": -222.93221074176398, ""median"": 3.382728663643026, ""max"": 4.338588768970541}","{""min"": 2.961, ""median"": 3.327, ""max"": 3.41}","{""min"": -3.9850437561219927, ""median"": 6.474650133773991e-06, ""max"": 0.1030093000000001}","{""min"": -1003.1, ""median"": 20.0, ""max"": 141.0}",3521,872,1780,1,0.763479100074619
QAS,319,30777,225,0,[],0,[],"{""min"": -54.9261393905472, ""median"": 3.4331993227930337, ""max"": 4.210262328571192}","{""min"": 2.957, ""median"": 3.331, ""max"": 3.649}","{""min"": -32.44149053418743, ""median"": 1.5732308791801416e-05, ""max"": 0.1030054000000001}","{""min"": -1004.7, ""median"": 20.0, ""max"": 166.0}",1845,1316,4497,1,0.7371229999698699
QAS,320,29622,225,0,[],0,[],"{""min"": -12.172271518833446, ""median"": 3.392861317682165, ""max"": 4.703230585285051}","{""min"": 2.974, ""median"": 3.333, ""max"": 3.4210000000000003}","{""min"": -412.02912801224517, ""median"": -2.3170106462752348e-06, ""max"": 0.10301050000000009}","{""min"": -1003.7, ""median"": 19.0, ""max"": 138.4000000000001}",3222,970,2651,1,0.7406559999799356
QAS,321,31603,225,0,[],0,[],"{""min"": -213.33568328501866, ""median"": 3.454751214950955, ""max"": 4.579448688439}","{""min"": 2.9, ""median"": 3.358, ""max"": 3.649}","{""min"": -245.70892359516952, ""median"": 1.801037850975111e-05, ""max"": 0.1030054000000001}","{""min"": -1002.2, ""median"": 17.0, ""max"": 133.4000000000001}",2103,954,3711,1,0.8269674000330269
QAS,322,27374,225,0,[],0,[],"{""min"": -10.945812667770648, ""median"": 3.4044994796225456, ""max"": 4.703052214029978}","{""min"": 2.878, ""median"": 3.326, ""max"": 3.41}","{""min"": -30.325313049888837, ""median"": 4.968140781044127e-06, ""max"": 0.10301440000000009}","{""min"": -1004.8, ""median"": 18.0, ""max"": 122.40000000000009}",3082,1089,1990,1,0.7030060000251979
QAS,323,38027,225,0,[],0,[],"{""min"": -1231.3071024089181, ""median"": 3.4308275870779044, ""max"": 4.4945121200881335}","{""min"": 2.84, ""median"": 3.3285, ""max"": 3.507}","{""min"": -976.8966448134721, ""median"": -4.817183005609337e-06, ""max"": 0.1030117000000001}","{""min"": -1004.8, ""median"": 24.0, ""max"": 165.0999999999999}",1404,1250,6428,1,1.0616147000109777
QAS,324,32228,225,0,[],0,[],"{""min"": -13.175852070111594, ""median"": 3.4217196093333753, ""max"": 4.774226110103333}","{""min"": 2.856, ""median"": 3.326, ""max"": 3.513}","{""min"": -38.619385070597744, ""median"": 6.8489603749210344e-06, ""max"": 0.10300720000000009}","{""min"": -1004.5, ""median"": 19.0, ""max"": 139.4000000000001}",2500,1226,2501,1,0.8577855000039563
QAS,325,32644,225,0,[],0,[],"{""min"": -144.3097502561404, ""median"": 3.4373106292504962, ""max"": 4.701420209740138}","{""min"": 2.955, ""median"": 3.33, ""max"": 3.649}","{""min"": -359.6456534966335, ""median"": 2.1288943374473204e-06, ""max"": 0.10301200000000009}","{""min"": -1004.0, ""median"": 19.0, ""max"": 115.40000000000009}",3438,968,3246,1,0.7957320000277832
QAS,326,33215,225,0,[],0,[],"{""min"": -225.24421096646546, ""median"": 3.448509118141314, ""max"": 4.56918272368493}","{""min"": 2.898, ""median"": 3.334, ""max"": 3.649}","{""min"": -466.86758210286683, ""median"": 7.1471639533315e-06, ""max"": 0.10300330000000009}","{""min"": -1001.1, ""median"": 18.0, ""max"": 124.40000000000009}",2316,650,2510,1,0.8421473000198603
QAS,327,36099,225,0,[],0,[],"{""min"": -22.058491743129927, ""median"": 3.4451463585159128, ""max"": 4.741608244377734}","{""min"": 2.9050000000000002, ""median"": 3.3280000000000003, ""max"": 3.648}","{""min"": -28.164780416945394, ""median"": -3.1727195279415925e-05, ""max"": 0.10301440000000009}","{""min"": -1004.8, ""median"": 22.0, ""max"": 148.79999999999995}",2321,959,2080,1,0.9291730999248102
QAS,328,38531,225,0,[],0,[],"{""min"": -12731096.107007457, ""median"": 3.4468718271392422, ""max"": 4.634529811954005}","{""min"": 2.896, ""median"": 3.335, ""max"": 3.649}","{""min"": -157809084.1771172, ""median"": -2.1171253347843956e-05, ""max"": 0.10301440000000009}","{""min"": -1004.9, ""median"": 16.0, ""max"": 141.20000000000005}",2390,1384,4170,1,1.052534900023602
QAS,329,40403,225,0,[],0,[],"{""min"": -98.6904438701746, ""median"": 3.4551517539264562, ""max"": 4.272149780476515}","{""min"": 2.97, ""median"": 3.361, ""max"": 3.649}","{""min"": -26.560891497793325, ""median"": -1.7002600624967443e-05, ""max"": 0.10300330000000009}","{""min"": -1001.1, ""median"": 17.0, ""max"": 131.0}",2099,786,3944,1,1.0263768000295386
QAS,330,40018,225,0,[],0,[],"{""min"": -63.41443395879034, ""median"": 3.4518081930613285, ""max"": 4.223465585130081}","{""min"": 2.883, ""median"": 3.3375000000000004, ""max"": 3.649}","{""min"": -0.22524286520096382, ""median"": -8.552118038622895e-06, ""max"": 0.10301440000000009}","{""min"": -1004.8, ""median"": 18.0, ""max"": 121.0}",3716,839,3727,1,1.072917400044389
QAS,331,55793,225,0,[],0,[],"{""min"": -13.634894053137524, ""median"": 3.4401445363414433, ""max"": 4.688123832822506}","{""min"": 2.918, ""median"": 3.33, ""max"": 3.649}","{""min"": -36.0787897219827, ""median"": -3.5045983539838685e-05, ""max"": 0.10301470000000008}","{""min"": -1005.0, ""median"": 22.0, ""max"": 132.9000000000001}",3420,1491,5533,1,1.4211861999938264
QAS,332,28302,225,0,[],0,[],"{""min"": -267.3702436348661, ""median"": 3.430769563972005, ""max"": 4.586158934023783}","{""min"": 2.947, ""median"": 3.326, ""max"": 3.649}","{""min"": -5519.1986338088755, ""median"": 1.239045525038685e-05, ""max"": 0.10300810000000009}","{""min"": -1008.3, ""median"": 16.0, ""max"": 127.40000000000009}",2885,1340,2312,1,0.7355208999942988
QAS,333,39196,225,0,[],0,[],"{""min"": -166675.20877176174, ""median"": 3.4240539693722694, ""max"": 4.56630227318013}","{""min"": 2.831, ""median"": 3.343, ""max"": 3.43}","{""min"": -245339.52225327404, ""median"": 7.754376491284489e-06, ""max"": 0.10300870000000009}","{""min"": -1004.4, ""median"": 18.0, ""max"": 122.90000000000009}",2533,595,2116,1,1.046763899968937
QAS,334,106621,225,0,[],0,[],"{""min"": -19.855700057812232, ""median"": 3.4329724288377257, ""max"": 4.326201430025721}","{""min"": 2.966, ""median"": 3.323, ""max"": 3.649}","{""min"": -0.15095069430777627, ""median"": -9.748944675974991e-05, ""max"": 0.10301110000000009}","{""min"": -1004.9, ""median"": 17.0, ""max"": 127.09999999999991}",1679,7638,4824,1,2.8307329999515787
QAS,335,38519,225,0,[],0,[],"{""min"": 0.0, ""median"": 3.3196512171820807, ""max"": 3.564572576897469}","{""min"": 2.908, ""median"": 3.323, ""max"": 3.6430000000000002}","{""min"": -0.05487925130758172, ""median"": -1.2075022014093379e-05, ""max"": 0.10013020000000009}","{""min"": -82.20000000000005, ""median"": 29.0, ""max"": 160.29999999999995}",2382,0,0,0,1.0501771999988705
QAS,336,36661,225,0,[],0,[],"{""min"": 0.0, ""median"": 3.4366023444111775, ""max"": 4.202038653197599}","{""min"": 2.975, ""median"": 3.351, ""max"": 3.649}","{""min"": -0.41412031791737186, ""median"": -3.039042062711985e-05, ""max"": 0.10300030000000009}","{""min"": -1000.8, ""median"": 20.0, ""max"": 145.9000000000001}",2536,903,5439,1,0.9760374000761658
QAS,337,15968,225,0,[],0,[],"{""min"": 0.0, ""median"": 3.3188319474548633, ""max"": 3.4532401328278994}","{""min"": 2.775, ""median"": 3.327, ""max"": 3.6470000000000002}","{""min"": -2.276720524823415, ""median"": 4.506219745968845e-07, ""max"": 0.10005970000000008}","{""min"": -51.200000000000045, ""median"": 24.0, ""max"": 148.9000000000001}",2123,0,0,0,0.4643146999878809
QAS,338,43259,225,0,[],0,[],"{""min"": 0.0, ""median"": 3.3322945107168565, ""max"": 3.663134305108975}","{""min"": 2.922, ""median"": 3.321, ""max"": 3.646}","{""min"": -1.4989315093064428, ""median"": 8.168048198890802e-06, ""max"": 0.10007140000000009}","{""min"": -68.39999999999998, ""median"": 27.0, ""max"": 152.5999999999999}",3487,0,0,0,1.1156454000156373
QAS,339,31320,225,0,[],0,[],"{""min"": 0.0, ""median"": 3.348061789779523, ""max"": 3.7143428564665943}","{""min"": 2.335, ""median"": 3.325, ""max"": 3.648}","{""min"": -0.23061689869582086, ""median"": -0.00010722655847896633, ""max"": 0.10000660000000008}","{""min"": -78.70000000000005, ""median"": 29.0, ""max"": 125.0}",3006,0,0,0,0.8442174000665545
QAS,340,116641,225,0,[],53,"[125, 126, 128, 129, 130, 131, 132, 133, 134, 149, 152, 155, 158, 164, 165, 166, 167, 168, 169, 170, 174, 175, 176, 178, 179, 180, 181, 185, 186, 187, 189, 191, 192, 193, 194, 197, 198, 199, 200, 201, 202, 204, 205, 206, 210, 211, 213, 214, 216, 217, 218, 220, 221]","{""min"": 0.0, ""median"": 3.332569953523933, ""max"": 3.430837897398816}","{""min"": 2.9370000000000003, ""median"": 3.323, ""max"": 3.414}","{""min"": -0.022933577282303677, ""median"": 0.00013525177503912248, ""max"": 0.1000234000000001}","{""min"": -47.200000000000045, ""median"": 26.0, ""max"": 163.4000000000001}",3839,0,0,0,3.2702356000663713
QAS,341,27484,225,0,[],66,"[112, 114, 116, 117, 120, 124, 125, 126, 127, 129, 130, 131, 132, 133, 134, 135, 136, 137, 138, 139, 140, 142, 144, 145, 146, 147, 148, 150, 151, 152, 153, 154, 155, 156, 157, 158, 159, 160, 163, 168, 169, 171, 172, 174, 175, 179, 180, 181, 183, 197, 198, 199, 200, 201, 202, 204, 207, 208, 209, 210, 211, 213, 214, 216, 217, 219]","{""min"": 0.0, ""median"": 3.329624151413859, ""max"": 3.5113213537219172}","{""min"": 2.072, ""median"": 3.319, ""max"": 3.649}","{""min"": -1.1438362444665886, ""median"": -6.584715972939421e-06, ""max"": 0.06450492908725516}","{""min"": -69.79999999999995, ""median"": 26.0, ""max"": 111.20000000000005}",3798,0,0,0,0.7603128999471664
QAS,342,62897,225,0,[],0,[],"{""min"": 0.0, ""median"": 3.3302422640589144, ""max"": 3.668263655907091}","{""min"": 2.136, ""median"": 3.3240000000000003, ""max"": 3.649}","{""min"": -0.022152623769996056, ""median"": -3.830888236555899e-05, ""max"": 0.10006750000000009}","{""min"": -63.700000000000045, ""median"": 29.0, ""max"": 156.4000000000001}",1429,0,0,0,1.6838367000455037
QAS,343,28565,225,0,[],0,[],"{""min"": -750601.871991609, ""median"": 3.4397020272264927, ""max"": 4.6664490299081125}","{""min"": 2.944, ""median"": 3.33, ""max"": 3.648}","{""min"": -93179.6951915822, ""median"": -2.3658608473924406e-06, ""max"": 0.10300330000000009}","{""min"": -1001.1, ""median"": 17.0, ""max"": 122.70000000000005}",2709,984,3409,1,0.8033829999621958
QAS,344,64361,225,0,[],0,[],"{""min"": 0.0, ""median"": 3.352292221976381, ""max"": 3.6677698008041673}","{""min"": 2.007, ""median"": 3.327, ""max"": 3.649}","{""min"": -0.028334971463436803, ""median"": 7.033720137490093e-06, ""max"": 0.1000147000000001}","{""min"": -86.70000000000005, ""median"": 32.0, ""max"": 157.5}",2318,0,0,0,1.7804191000759602
QAS,345,40006,225,0,[],0,[],"{""min"": -145.73247668359937, ""median"": 3.4149690705718863, ""max"": 4.705320294618071}","{""min"": 2.904, ""median"": 3.319, ""max"": 3.649}","{""min"": -245.13724379390945, ""median"": -6.312414252911424e-06, ""max"": 0.10300000000000142}","{""min"": -1003.1, ""median"": 19.0, ""max"": 300.0}",1387,3907,1218,1,1.1131173999747261
QAS,346,31367,225,0,[],0,[],"{""min"": -21625879207.363888, ""median"": 3.4566574473068448, ""max"": 4.705191487896489}","{""min"": 2.797, ""median"": 3.337, ""max"": 3.649}","{""min"": -17779506843.40645, ""median"": -3.643612381503585e-06, ""max"": 0.1030141000000001}","{""min"": -1004.8, ""median"": 19.0, ""max"": 155.79999999999995}",2771,1140,6792,2,0.9089409000007436
QAS,347,116330,225,0,[],82,"[112, 113, 114, 115, 116, 117, 118, 119, 120, 121, 122, 123, 124, 125, 126, 127, 128, 129, 130, 131, 132, 133, 134, 137, 138, 139, 140, 141, 142, 143, 144, 145, 147, 149, 150, 151, 152, 153, 154, 155, 156, 157, 158, 161, 162, 163, 164, 165, 166, 167, 168, 169, 170, 174, 177, 178, 180, 181, 197, 198, 199, 200, 201, 202, 203, 204, 205, 206, 207, 208, 209, 210, 211, 212, 213, 214, 215, 216, 217, 218, 220, 221]","{""min"": 0.0, ""median"": 3.3283396185001877, ""max"": 3.498149480642088}","{""min"": 0.0, ""median"": 3.329, ""max"": 3.504}","{""min"": -0.2800244952651117, ""median"": -3.287978706115381e-07, ""max"": 0.009856449692714124}","{""min"": -68.5, ""median"": 31.0, ""max"": 128.9000000000001}",3676,0,25,1,3.2020145999267697
QAS,348,43178,225,0,[],0,[],"{""min"": -42483.65300851295, ""median"": 3.444309043984279, ""max"": 4.369638599282871}","{""min"": 2.916, ""median"": 3.335, ""max"": 3.649}","{""min"": -1100650.7077195612, ""median"": 1.4756530538343696e-05, ""max"": 0.10300660000000009}","{""min"": -1004.9, ""median"": 18.0, ""max"": 137.0}",3476,1037,2194,2,1.215050800004974
QAS,349,56379,225,0,[],0,[],"{""min"": 0.0, ""median"": 3.322839290097268, ""max"": 3.667668890464119}","{""min"": 1.5010000000000001, ""median"": 3.331, ""max"": 3.649}","{""min"": -0.04060496957275017, ""median"": -0.0005186263350693292, ""max"": 0.1001488000000001}","{""min"": -71.20000000000005, ""median"": 28.0, ""max"": 300.0}",4526,0,0,0,1.507568100001663
QAS,350,24122,225,0,[],2,"[127, 211]","{""min"": 0.0, ""median"": 3.324954971845064, ""max"": 3.627308335423068}","{""min"": 3.005, ""median"": 3.325, ""max"": 3.649}","{""min"": -0.023286191657174823, ""median"": -7.162039058383914e-05, ""max"": 0.1000195000000001}","{""min"": -45.39999999999998, ""median"": 26.0, ""max"": 144.9000000000001}",5374,0,0,0,0.6994163000490516
QAS,351,30342,225,0,[],16,"[113, 115, 117, 120, 131, 132, 133, 150, 156, 157, 175, 181, 202, 204, 215, 221]","{""min"": 0.0, ""median"": 3.3135493659311326, ""max"": 3.6077020252231677}","{""min"": 1.9180000000000001, ""median"": 3.3005000000000004, ""max"": 3.649}","{""min"": -0.03813976634879989, ""median"": -1.87729419391016e-06, ""max"": 0.10000630000000009}","{""min"": -70.29999999999995, ""median"": 31.0, ""max"": 147.0999999999999}",4761,0,0,0,0.7878082999959588
QAS,352,60421,225,0,[],0,[],"{""min"": 0.0, ""median"": 3.343784327409879, ""max"": 3.707281024850715}","{""min"": 0.0, ""median"": 3.323, ""max"": 3.649}","{""min"": -3.3581295870756342, ""median"": -0.00014354267370774874, ""max"": 0.10020670000000009}","{""min"": -69.60000000000002, ""median"": 31.0, ""max"": 129.0}",4144,0,53,1,1.6326156000141054
QAS,353,31483,225,0,[],0,[],"{""min"": -2569763485374.056, ""median"": 3.4175158036614404, ""max"": 4.717763336190764}","{""min"": 3.04, ""median"": 3.329, ""max"": 3.649}","{""min"": -5085330266786.128, ""median"": 1.3343403166792029e-05, ""max"": 0.10309405625}","{""min"": -1004.9, ""median"": 23.0, ""max"": 108.70000000000005}",2753,693,2829,2,0.8104542000219226
QAS,354,39448,225,0,[],0,[],"{""min"": -232.65578802511752, ""median"": 3.435918928650998, ""max"": 4.219356294162805}","{""min"": 2.951, ""median"": 3.325, ""max"": 3.649}","{""min"": -26.366735559703983, ""median"": -1.8769259401698007e-05, ""max"": 0.10300330000000009}","{""min"": -1004.7, ""median"": 18.0, ""max"": 123.59999999999991}",3487,1453,2337,1,1.0190101000480354
QAS,355,33458,225,0,[],0,[],"{""min"": -345.3077253935751, ""median"": 3.4694300540963203, ""max"": 4.568671566564564}","{""min"": 2.85, ""median"": 3.334, ""max"": 3.649}","{""min"": -984.8956992034057, ""median"": -0.0002882235074972284, ""max"": 0.10301050000000009}","{""min"": -1004.9, ""median"": 22.0, ""max"": 134.20000000000005}",2381,773,1616,1,0.8239282000577077
QAS,356,19622,225,0,[],99,"[113, 114, 115, 116, 117, 118, 119, 120, 121, 122, 123, 125, 126, 127, 128, 129, 130, 131, 132, 133, 134, 135, 137, 138, 139, 140, 141, 142, 143, 144, 145, 146, 147, 148, 149, 150, 151, 152, 154, 156, 157, 159, 160, 161, 162, 163, 164, 165, 166, 167, 168, 169, 170, 173, 174, 175, 176, 177, 178, 179, 180, 181, 182, 183, 185, 186, 187, 188, 189, 191, 192, 193, 194, 195, 196, 197, 198, 199, 200, 201, 203, 204, 205, 206, 207, 208, 209, 210, 211, 212, 213, 214, 215, 216, 217, 218, 219, 220, 221]","{""min"": 0.0, ""median"": 3.3448675881407697, ""max"": 3.5174248617087285}","{""min"": 2.8040000000000003, ""median"": 3.329, ""max"": 3.434}","{""min"": -0.03294664759956244, ""median"": -2.279473040074336e-06, ""max"": 0.009264509422380248}","{""min"": -69.0, ""median"": 27.0, ""max"": 161.20000000000005}",2569,0,0,0,0.4840208999812603
QAS,357,61877,225,0,[],0,[],"{""min"": 0.0, ""median"": 3.359542275927871, ""max"": 3.7305543922698083}","{""min"": 2.54, ""median"": 3.321, ""max"": 3.649}","{""min"": -0.04791787689787087, ""median"": -0.00015667827842308338, ""max"": 0.10007410000000008}","{""min"": -80.10000000000002, ""median"": 23.0, ""max"": 100.0}",2773,0,0,0,1.6140368999913335
QAS,358,66559,225,0,[],0,[],"{""min"": 0.0, ""median"": 3.3439716400173642, ""max"": 3.6853853026383856}","{""min"": 0.0, ""median"": 3.333, ""max"": 3.649}","{""min"": -638.0066986508688, ""median"": -0.00010873186285713615, ""max"": 0.10014760000000009}","{""min"": -67.5, ""median"": 29.0, ""max"": 163.20000000000005}",4980,0,1,1,1.7073989000637084
QAS,359,29246,225,0,[],59,"[113, 114, 115, 116, 117, 118, 119, 120, 122, 123, 136, 137, 140, 143, 145, 146, 147, 148, 149, 150, 152, 155, 157, 158, 159, 160, 161, 164, 167, 170, 171, 173, 174, 175, 176, 179, 180, 181, 182, 183, 184, 185, 186, 188, 191, 195, 208, 209, 211, 212, 213, 214, 215, 216, 217, 218, 219, 220, 221]","{""min"": 0.0, ""median"": 3.3316613944374533, ""max"": 3.4838130296220893}","{""min"": 2.97, ""median"": 3.329, ""max"": 3.649}","{""min"": -0.022970497710201182, ""median"": -0.00021974244693826522, ""max"": 0.10004440000000009}","{""min"": -34.5, ""median"": 29.0, ""max"": 118.09999999999991}",3524,0,0,0,0.7963199999649078
QAS,360,34809,225,0,[],0,[],"{""min"": -4685.863369398199, ""median"": 3.448537468413165, ""max"": 4.665367040899273}","{""min"": 2.923, ""median"": 3.333, ""max"": 3.649}","{""min"": -24919.45320986404, ""median"": -9.964720484246641e-07, ""max"": 0.10301380000000009}","{""min"": -1004.6, ""median"": 16.0, ""max"": 100.0}",3028,524,2849,1,0.9168022000230849
QAS,361,27547,225,0,[],0,[],"{""min"": -750265.791865347, ""median"": 3.452274664542859, ""max"": 4.632311793345706}","{""min"": 2.861, ""median"": 3.325, ""max"": 3.649}","{""min"": -4049002.4685972496, ""median"": -1.0228516484035252e-05, ""max"": 0.10301440000000009}","{""min"": -1004.8, ""median"": 19.0, ""max"": 139.0999999999999}",3355,907,1252,2,0.7440498999785632
QAS,362,31041,225,0,[],0,[],"{""min"": -2309.2157993322844, ""median"": 3.4169154889656035, ""max"": 4.601927490430295}","{""min"": 3.0580000000000003, ""median"": 3.325, ""max"": 3.649}","{""min"": -3931.2947337819182, ""median"": -7.940095017098997e-06, ""max"": 0.10300330000000009}","{""min"": -1001.2, ""median"": 18.0, ""max"": 100.0}",2946,1483,1773,1,0.7530238999752328
QAS,363,36247,225,0,[],0,[],"{""min"": 0.0, ""median"": 3.339823284507785, ""max"": 3.4496669001551123}","{""min"": 1.996, ""median"": 3.325, ""max"": 3.495}","{""min"": -4.319124276395728, ""median"": -6.701129678683759e-05, ""max"": 0.10000000000000009}","{""min"": -60.60000000000002, ""median"": 26.0, ""max"": 126.29999999999995}",2969,0,0,0,0.9431180000538006
QAS,364,27782,225,0,[],0,[],"{""min"": -44747.048370539844, ""median"": 3.4565357742440233, ""max"": 4.499155296525652}","{""min"": 2.896, ""median"": 3.335, ""max"": 3.649}","{""min"": -44545.475845340356, ""median"": -4.037572217097479e-05, ""max"": 0.10300330000000009}","{""min"": -1007.9, ""median"": 18.0, ""max"": 131.79999999999995}",2635,1063,1672,1,0.7204679000424221
QAS,365,16556,225,0,[],0,[],"{""min"": 0.0, ""median"": 3.3069611677686273, ""max"": 3.562779066300081}","{""min"": 2.5, ""median"": 3.326, ""max"": 3.499}","{""min"": -0.2756206986418512, ""median"": 1.8932460834391382e-06, ""max"": 0.10010890000000008}","{""min"": -68.5, ""median"": 25.0, ""max"": 300.0}",2542,0,0,0,0.46869320003315806
QAS,366,38328,225,0,[],0,[],"{""min"": -477.8114801482378, ""median"": 3.4305854078997733, ""max"": 4.2593700521522155}","{""min"": 2.916, ""median"": 3.322, ""max"": 3.649}","{""min"": -20771.579347842187, ""median"": 9.357350515159241e-06, ""max"": 0.1030117000000001}","{""min"": -1003.9, ""median"": 17.0, ""max"": 104.40000000000009}",2644,1727,2793,1,1.039747599978
QAS,367,13423,225,0,[],0,[],"{""min"": 0.0, ""median"": 3.330482578928447, ""max"": 3.6291669822383485}","{""min"": 2.323, ""median"": 3.3280000000000003, ""max"": 3.6470000000000002}","{""min"": -379.77362495526114, ""median"": -5.629965223791486e-06, ""max"": 0.10001890000000009}","{""min"": -47.700000000000045, ""median"": 25.0, ""max"": 157.5}",1763,0,0,0,0.35158170002978295
QAS,368,50979,225,0,[],93,"[112, 113, 114, 115, 116, 117, 118, 120, 121, 122, 123, 124, 125, 126, 127, 128, 129, 130, 131, 132, 133, 134, 135, 136, 137, 138, 139, 140, 141, 142, 143, 144, 145, 146, 147, 148, 149, 150, 151, 152, 153, 154, 155, 156, 157, 158, 159, 160, 161, 162, 163, 164, 166, 167, 168, 169, 170, 171, 173, 174, 175, 176, 177, 178, 179, 180, 181, 182, 183, 185, 186, 187, 188, 189, 190, 191, 193, 194, 196, 197, 198, 199, 200, 201, 202, 203, 204, 206, 207, 208, 209, 215, 220]","{""min"": 0.0, ""median"": 3.3046441681953223, ""max"": 3.5949914495654833}","{""min"": 1.97, ""median"": 3.325, ""max"": 3.6470000000000002}","{""min"": -0.2858132134833631, ""median"": -1.1825835522518135e-05, ""max"": 0.02139728099717895}","{""min"": -49.299999999999955, ""median"": 28.0, ""max"": 300.0}",5533,0,0,0,1.2671345999697223
QAS,369,18729,225,0,[],64,"[136, 137, 138, 139, 141, 143, 144, 145, 146, 147, 148, 149, 150, 151, 152, 153, 154, 156, 157, 158, 159, 160, 161, 162, 163, 164, 165, 166, 167, 169, 171, 175, 176, 177, 179, 180, 182, 183, 184, 185, 186, 187, 188, 189, 191, 192, 193, 195, 196, 197, 201, 202, 204, 205, 207, 209, 210, 211, 213, 214, 216, 217, 219, 220]","{""min"": 0.0, ""median"": 3.3091106497216867, ""max"": 3.432402258850201}","{""min"": 0.0, ""median"": 3.3240000000000003, ""max"": 3.41}","{""min"": -553.894223638484, ""median"": -1.600093097712375e-06, ""max"": 0.024256393825439402}","{""min"": -40.799999999999955, ""median"": 27.0, ""max"": 119.40000000000009}",2128,0,121,1,0.5002805000403896
QAS,370,20456,225,0,[],0,[],"{""min"": -1.3245304556647743, ""median"": 3.325250115563158, ""max"": 3.6782086741595927}","{""min"": 1.685, ""median"": 3.326, ""max"": 3.649}","{""min"": -12.860238872325914, ""median"": -0.00011327039735591605, ""max"": 0.10012090000000008}","{""min"": -49.299999999999955, ""median"": 30.0, ""max"": 139.0}",2513,0,0,0,0.5266674000304192
QAS,371,58300,225,0,[],0,[],"{""min"": 0.0, ""median"": 3.3318034119231856, ""max"": 3.534462660729466}","{""min"": 2.109, ""median"": 3.327, ""max"": 3.493}","{""min"": -30.383195849589775, ""median"": -3.453512198329152e-05, ""max"": 0.10000000000000009}","{""min"": -72.29999999999995, ""median"": 31.0, ""max"": 163.0}",4959,0,0,0,1.500741200055927
QAS,372,48882,225,0,[],0,[],"{""min"": 0.0, ""median"": 3.341903113816386, ""max"": 3.6700599034273313}","{""min"": 2.472, ""median"": 3.352, ""max"": 3.649}","{""min"": -3.047648872577286, ""median"": -2.6429222346761805e-05, ""max"": 0.10006180000000009}","{""min"": -50.700000000000045, ""median"": 28.0, ""max"": 165.0}",4041,0,0,0,1.2703436999581754
QAS,373,7548,225,0,[],101,"[112, 113, 114, 115, 116, 117, 118, 119, 120, 121, 122, 124, 126, 127, 128, 129, 130, 131, 132, 133, 134, 135, 137, 138, 139, 140, 141, 142, 143, 144, 145, 146, 147, 149, 150, 151, 152, 153, 154, 155, 156, 157, 158, 159, 161, 162, 163, 164, 165, 166, 167, 168, 169, 170, 172, 173, 174, 175, 176, 177, 178, 179, 180, 181, 182, 185, 186, 187, 188, 189, 190, 191, 192, 193, 194, 196, 197, 198, 199, 200, 201, 202, 203, 204, 205, 206, 207, 208, 209, 210, 211, 212, 213, 214, 215, 216, 217, 218, 219, 220, 221]","{""min"": 0.0, ""median"": 3.336070671347904, ""max"": 3.4364006904309687}","{""min"": 1.676, ""median"": 3.3280000000000003, ""max"": 3.6350000000000002}","{""min"": -0.013071688242094143, ""median"": 8.972453162670035e-07, ""max"": 0.015573031771204825}","{""min"": -36.799999999999955, ""median"": 22.0, ""max"": 159.0}",1864,0,0,0,0.23078680003527552
QAS,374,24991,225,0,[],0,[],"{""min"": 0.0, ""median"": 3.326674402600138, ""max"": 3.65712877099564}","{""min"": 2.781, ""median"": 3.317, ""max"": 3.649}","{""min"": -7.879906819216963, ""median"": 2.523116433169787e-05, ""max"": 0.10005220000000009}","{""min"": -45.89999999999998, ""median"": 27.0, ""max"": 157.20000000000005}",3794,0,0,0,0.6896172999404371
QAS,375,56253,225,0,[],0,[],"{""min"": -6.052622984596262, ""median"": 3.452917827215754, ""max"": 4.699829566720123}","{""min"": 2.83, ""median"": 3.333, ""max"": 3.649}","{""min"": -11.372451054409765, ""median"": -2.398212643110014e-06, ""max"": 0.10301380000000009}","{""min"": -1005.1, ""median"": 19.0, ""max"": 164.9000000000001}",2825,718,4447,1,1.4013392999768257
QAS,376,20744,225,0,[],0,[],"{""min"": 0.0, ""median"": 3.340624106516848, ""max"": 3.6623946419271487}","{""min"": 2.934, ""median"": 3.3280000000000003, ""max"": 3.648}","{""min"": -0.02282115073078252, ""median"": -0.00010008954150560794, ""max"": 0.10001410000000009}","{""min"": -69.70000000000005, ""median"": 32.0, ""max"": 113.09999999999991}",2141,0,0,0,0.6137409000657499
QAS,377,10980,225,0,[],0,[],"{""min"": -99.6453330746284, ""median"": 3.3083499747902385, ""max"": 3.6102856624157513}","{""min"": 2.8970000000000002, ""median"": 3.327, ""max"": 3.649}","{""min"": -259.9316473057756, ""median"": 0.0001179016874643587, ""max"": 0.10002970000000008}","{""min"": -43.299999999999955, ""median"": 26.0, ""max"": 300.0}",1605,0,0,0,0.30072800000198185
QAS,378,22755,225,0,[],99,"[112, 113, 114, 115, 116, 117, 118, 119, 120, 121, 122, 123, 124, 125, 126, 127, 128, 129, 130, 131, 132, 133, 134, 135, 136, 138, 139, 140, 141, 142, 143, 144, 145, 146, 147, 148, 149, 150, 151, 154, 155, 156, 157, 158, 159, 160, 161, 162, 163, 164, 167, 168, 169, 170, 171, 174, 176, 177, 178, 179, 180, 181, 182, 183, 185, 186, 187, 188, 189, 191, 192, 193, 194, 195, 197, 198, 199, 200, 201, 202, 203, 204, 205, 206, 207, 208, 209, 210, 211, 212, 213, 214, 215, 216, 217, 218, 219, 220, 221]","{""min"": 0.0, ""median"": 3.3452994374550684, ""max"": 3.4799457316308278}","{""min"": 2.9130000000000003, ""median"": 3.326, ""max"": 3.508}","{""min"": -0.018981757541368473, ""median"": -3.712691688178114e-05, ""max"": 0.022434998325201086}","{""min"": -69.5, ""median"": 26.0, ""max"": 141.4000000000001}",2641,0,0,0,0.591704799910076
QAS,379,20621,225,0,[],0,[],"{""min"": 0.0, ""median"": 3.326821852036076, ""max"": 3.6494556236579747}","{""min"": 2.016, ""median"": 3.322, ""max"": 3.649}","{""min"": -0.02341626219942616, ""median"": 5.022314265324792e-05, ""max"": 0.10000960000000009}","{""min"": -46.700000000000045, ""median"": 26.0, ""max"": 162.70000000000005}",3103,0,0,0,0.5043899000156671
QAS,380,15391,225,0,[],0,[],"{""min"": -188.26614947908575, ""median"": 3.3572032428858716, ""max"": 3.6720877344747795}","{""min"": 2.016, ""median"": 3.33, ""max"": 3.642}","{""min"": -248.8065336502355, ""median"": -3.742618692820658e-07, ""max"": 0.10020880000000008}","{""min"": -75.60000000000002, ""median"": 27.0, ""max"": 149.20000000000005}",1236,0,0,0,0.39225859998259693
QAS,381,21354,225,0,[],0,[],"{""min"": 0.0, ""median"": 3.3393779836648383, ""max"": 3.6654402444351457}","{""min"": 3.033, ""median"": 3.322, ""max"": 3.649}","{""min"": -152.01089339418183, ""median"": -3.163193932240256e-05, ""max"": 0.10000000000000009}","{""min"": -70.60000000000002, ""median"": 27.0, ""max"": 101.20000000000005}",3539,0,0,0,0.5596262000035495
QAS,382,19120,225,0,[],0,[],"{""min"": 0.0, ""median"": 3.35079070153386, ""max"": 3.67824416216973}","{""min"": 1.556, ""median"": 3.355, ""max"": 3.649}","{""min"": -0.022887673163028758, ""median"": -0.0016275272113081122, ""max"": 0.10001290000000009}","{""min"": -47.799999999999955, ""median"": 25.0, ""max"": 143.79999999999995}",3184,0,0,0,0.48962100001517683
QAS,383,67561,225,0,[],0,[],"{""min"": 0.0, ""median"": 3.3269844998172213, ""max"": 3.6484687575208894}","{""min"": 2.68, ""median"": 3.311, ""max"": 3.648}","{""min"": -0.14581752105239948, ""median"": 9.609502688430696e-05, ""max"": 0.10021780000000009}","{""min"": -75.29999999999995, ""median"": 30.0, ""max"": 151.20000000000005}",1799,0,0,0,1.736589299980551
QAS,384,66384,225,0,[],0,[],"{""min"": -179.2592372089669, ""median"": 3.2894825548966637, ""max"": 3.5447807844895642}","{""min"": 2.189, ""median"": 3.297, ""max"": 3.649}","{""min"": -331.5999074032646, ""median"": 0.00043353416358911525, ""max"": 0.10000000000000142}","{""min"": -69.39999999999998, ""median"": 30.0, ""max"": 300.0}",5902,0,0,0,1.8358676000498235
QAS,385,104623,225,0,[],87,"[113, 114, 115, 116, 117, 118, 119, 120, 121, 122, 123, 124, 126, 127, 128, 129, 130, 131, 132, 133, 135, 136, 137, 138, 139, 140, 141, 142, 143, 144, 145, 146, 147, 148, 149, 150, 151, 152, 153, 154, 155, 156, 157, 158, 159, 161, 162, 163, 164, 165, 166, 167, 168, 169, 170, 173, 174, 175, 176, 177, 178, 179, 180, 182, 185, 186, 187, 188, 189, 190, 191, 192, 193, 194, 197, 198, 199, 200, 201, 202, 203, 204, 205, 206, 207, 220, 221]","{""min"": 0.0, ""median"": 3.337605889333438, ""max"": 3.5003552081022655}","{""min"": 1.5010000000000001, ""median"": 3.3280000000000003, ""max"": 3.5}","{""min"": -0.03665952931254657, ""median"": 8.620247415212749e-05, ""max"": 0.009315456932952677}","{""min"": -68.79999999999995, ""median"": 28.0, ""max"": 169.5}",5889,0,0,0,2.725930399959907
QAS,386,72191,225,0,[],0,[],"{""min"": -8390379.543333236, ""median"": 3.4343896713829047, ""max"": 4.766859827525547}","{""min"": 2.956, ""median"": 3.34, ""max"": 3.649}","{""min"": -1633006818.2105176, ""median"": -3.2138470004797854e-05, ""max"": 0.10300480000000009}","{""min"": -1003.4, ""median"": 21.0, ""max"": 149.9000000000001}",3787,1457,6957,1,1.897556999931112
QAS,387,29268,225,0,[],0,[],"{""min"": -11.492181073873242, ""median"": 3.444371194026977, ""max"": 4.28491724399506}","{""min"": 2.966, ""median"": 3.362, ""max"": 3.649}","{""min"": -0.16331473000282276, ""median"": -7.850687330218278e-06, ""max"": 0.10300960000000009}","{""min"": -1004.9, ""median"": 16.0, ""max"": 116.59999999999991}",1453,614,5185,1,0.8016520999372005
QAS,388,64738,225,0,[],0,[],"{""min"": 0.0, ""median"": 3.335513550038174, ""max"": 3.602448817687891}","{""min"": 1.6560000000000001, ""median"": 3.3240000000000003, ""max"": 3.649}","{""min"": -0.06959862684562833, ""median"": -0.0003402320300983304, ""max"": 0.10000000000000009}","{""min"": -72.0, ""median"": 31.0, ""max"": 162.29999999999995}",1846,0,0,0,1.7645759000442922
QAS,389,183585,225,0,[],0,[],"{""min"": 0.0, ""median"": 3.3058942949550056, ""max"": 3.63098533468527}","{""min"": 0.0, ""median"": 3.323, ""max"": 3.649}","{""min"": -0.0680383461753773, ""median"": -5.470643413022975e-05, ""max"": 0.10014580000000009}","{""min"": -50.10000000000002, ""median"": 31.0, ""max"": 300.0}",2493,0,135,1,4.380918000009842
QAS,390,26253,225,0,[],0,[],"{""min"": 0.0, ""median"": 3.45170746400387, ""max"": 4.31754511718213}","{""min"": 2.845, ""median"": 3.323, ""max"": 3.649}","{""min"": -19.428881246316145, ""median"": 9.442440794976619e-06, ""max"": 0.10300720000000009}","{""min"": -1004.9, ""median"": 18.0, ""max"": 129.79999999999995}",2304,1071,572,1,0.7005119000095874
QAS,391,16259,225,0,[],0,[],"{""min"": 0.0, ""median"": 3.333683308811019, ""max"": 3.62758287239376}","{""min"": 2.967, ""median"": 3.3080000000000003, ""max"": 3.648}","{""min"": -0.7293405485222023, ""median"": -2.2642582540815964e-05, ""max"": 0.10004860000000008}","{""min"": -73.89999999999998, ""median"": 26.0, ""max"": 141.29999999999995}",2015,0,0,0,0.42295609996654093
QAS,392,23309,225,0,[],0,[],"{""min"": 0.0, ""median"": 3.3330718064999685, ""max"": 3.656830750434423}","{""min"": 1.685, ""median"": 3.3080000000000003, ""max"": 3.63}","{""min"": -0.021920132793019537, ""median"": -4.3829920246169763e-05, ""max"": 0.10020730000000008}","{""min"": -77.79999999999995, ""median"": 29.0, ""max"": 149.20000000000005}",3891,0,0,0,0.6451975000090897
