date,bms_power_dc_W_bms,bms_current_A_bms,bms_voltage_bat_V_bms,bms_soc_pct_bms,bsc_power_ac_kW_bsc,bsc_temperature_degC_bsc,bsc_voltage_bat_V_bsc,bsc_flag_cmd_fullcharge_daily_max
2017-05-15 00:00:00+00:00,0.0,0.0,621.0,48.0,0.0,18.399999618530273,621.0999755859375,0
2017-05-16 00:00:00+00:00,0.0,0.0,634.0,58.0,0.0,20.100000381469727,634.9000244140625,0
2017-05-17 00:00:00+00:00,0.0,0.0,633.0,71.0,0.0,20.100000381469727,633.0,0
2017-05-18 00:00:00+00:00,0.0,0.0,631.0,71.0,0.0,18.799999237060547,631.7999877929688,0
2017-05-19 00:00:00+00:00,0.0,0.0,631.0,71.0,0.0,18.5,631.2999877929688,1
2017-05-20 00:00:00+00:00,1.0,2.0,602.5,60.0,0.0,19.799999237060547,602.4000244140625,0
2017-05-21 00:00:00+00:00,0.0,0.0,602.0,10.0,0.0,19.700000762939453,602.2000122070312,0
2017-05-22 00:00:00+00:00,0.0,0.0,602.0,10.0,0.0,18.799999237060547,602.4000244140625,0
2017-05-23 00:00:00+00:00,0.0,0.0,602.0,10.0,0.0,18.5,602.4000244140625,0
2017-05-24 00:00:00+00:00,1.0,3.0,622.0,53.0,0.0,23.799999237060547,622.7000122070312,0
2017-05-25 00:00:00+00:00,3.0,5.0,629.0,70.0,1.0,23.700000762939453,629.9000244140625,0
2017-05-26 00:00:00+00:00,2.0,4.0,627.0,68.0,0.0,21.5,627.2000122070312,1
2017-05-27 00:00:00+00:00,1.0,3.0,630.0,95.0,0.0,20.200000762939453,630.7999877929688,0
2017-05-28 00:00:00+00:00,0.0,0.0,631.0,94.0,0.0,18.799999237060547,631.0,0
2017-05-29 00:00:00+00:00,0.0,0.0,630.0,94.0,0.0,18.299999237060547,630.7000122070312,0
2017-05-30 00:00:00+00:00,0.0,0.0,630.0,94.0,0.0,18.200000762939453,630.4000244140625,0
2017-05-31 00:00:00+00:00,0.0,0.0,630.0,94.0,0.0,18.200000762939453,630.4000244140625,0
2017-06-01 00:00:00+00:00,0.0,0.0,630.0,94.0,0.0,18.200000762939453,630.0999755859375,0
2017-06-02 00:00:00+00:00,1.0,3.0,614.0,21.0,0.0,23.399999618530273,614.2999877929688,1
2017-06-03 00:00:00+00:00,0.0,0.0,637.0,81.0,0.0,24.899999618530273,637.9000244140625,1
2017-06-04 00:00:00+00:00,0.0,0.0,635.0,81.0,0.0,20.0,635.7999877929688,0
2017-06-05 00:00:00+00:00,0.0,0.0,635.0,81.0,0.0,18.799999237060547,635.4000244140625,0
2017-06-06 00:00:00+00:00,0.0,0.0,634.0,81.0,0.0,18.399999618530273,634.7999877929688,0
2017-06-07 00:00:00+00:00,0.0,0.0,634.0,81.0,0.0,18.299999237060547,634.4000244140625,1
2017-06-08 00:00:00+00:00,3.0,5.0,628.0,96.0,1.0,20.600000381469727,628.2999877929688,0
2017-06-09 00:00:00+00:00,0.0,0.0,638.0,81.0,0.0,26.700000762939453,638.2000122070312,0
2017-06-10 00:00:00+00:00,0.0,0.0,634.0,81.0,0.0,21.700000762939453,634.7999877929688,0
2017-06-11 00:00:00+00:00,0.0,0.0,634.0,81.0,0.0,19.5,634.0,0
2017-06-12 00:00:00+00:00,0.0,0.0,633.0,81.0,0.0,18.899999618530273,633.5,0
2017-06-13 00:00:00+00:00,1.0,3.0,623.0,55.0,0.0,19.200000762939453,623.7999877929688,0
2017-06-14 00:00:00+00:00,1.0,3.0,616.0,36.0,0.0,19.0,616.9000244140625,0
2017-06-15 00:00:00+00:00,0.0,0.0,627.0,43.0,0.0,22.299999237060547,627.0999755859375,0
2017-06-16 00:00:00+00:00,0.0,0.0,625.0,43.0,0.0,19.399999618530273,625.5999755859375,0
2017-06-17 00:00:00+00:00,0.0,0.0,625.0,43.0,0.0,18.700000762939453,625.0,0
2017-06-18 00:00:00+00:00,0.0,0.0,624.0,43.0,0.0,18.399999618530273,624.7000122070312,0
2017-06-19 00:00:00+00:00,0.0,0.0,624.0,43.0,0.0,18.200000762939453,624.5999755859375,0
2017-06-20 00:00:00+00:00,0.0,0.0,624.0,43.0,0.0,18.200000762939453,624.2000122070312,0
2017-06-21 00:00:00+00:00,0.0,0.0,624.0,43.0,0.0,18.100000381469727,624.2000122070312,0
2017-06-22 00:00:00+00:00,0.0,0.0,624.0,43.0,0.0,18.100000381469727,624.0999755859375,0
2017-06-23 00:00:00+00:00,0.0,0.0,624.0,43.0,0.0,18.100000381469727,624.0,0
2017-06-24 00:00:00+00:00,0.0,0.0,624.0,43.0,0.0,18.100000381469727,624.0,0
2017-06-25 00:00:00+00:00,0.0,0.0,623.0,43.0,0.0,18.100000381469727,623.5999755859375,0
2017-06-26 00:00:00+00:00,0.0,0.0,623.0,43.0,0.0,18.200000762939453,623.5999755859375,1
2017-06-27 00:00:00+00:00,0.0,0.0,637.0,69.0,0.0,20.399999618530273,637.4000244140625,0
2017-06-28 00:00:00+00:00,0.0,0.0,636.0,69.0,0.0,19.0,636.0,0
2017-06-29 00:00:00+00:00,0.0,0.0,635.0,69.0,0.0,18.5,635.4000244140625,1
2017-06-30 00:00:00+00:00,0.0,0.0,634.0,70.0,0.0,18.299999237060547,634.7999877929688,0
2017-07-01 00:00:00+00:00,0.0,0.0,634.0,70.0,0.0,18.299999237060547,634.4000244140625,0
2017-07-02 00:00:00+00:00,0.0,0.0,634.0,70.0,0.0,18.299999237060547,634.2000122070312,0
2017-07-03 00:00:00+00:00,0.0,0.0,634.0,70.0,0.0,18.299999237060547,634.0,0
2017-07-04 00:00:00+00:00,0.0,0.0,633.0,70.0,0.0,18.299999237060547,633.7000122070312,0
2017-07-05 00:00:00+00:00,1.0,3.0,628.0,66.0,0.0,18.5,628.7999877929688,0
2017-07-06 00:00:00+00:00,1.0,3.0,626.0,62.0,0.0,18.200000762939453,626.4000244140625,0
2017-07-07 00:00:00+00:00,1.0,3.0,624.0,58.0,0.0,18.100000381469727,624.0999755859375,0
2017-07-08 00:00:00+00:00,1.0,3.0,622.0,54.0,0.0,18.100000381469727,622.5999755859375,0
2017-07-09 00:00:00+00:00,1.0,3.0,621.0,51.0,0.0,18.100000381469727,621.2000122070312,0
2017-07-10 00:00:00+00:00,1.0,3.0,620.0,47.0,0.0,18.100000381469727,620.2000122070312,0
2017-07-11 00:00:00+00:00,1.0,3.0,623.0,48.0,0.0,20.0,623.2000122070312,0
2017-07-12 00:00:00+00:00,1.0,3.0,620.0,45.0,0.0,18.799999237060547,620.2000122070312,0
2017-07-13 00:00:00+00:00,1.0,3.0,618.0,41.0,0.0,18.399999618530273,618.7000122070312,0
2017-07-14 00:00:00+00:00,1.0,3.0,617.0,37.0,0.0,18.299999237060547,617.2000122070312,0
2017-07-15 00:00:00+00:00,1.0,3.0,616.0,33.0,0.0,18.799999237060547,616.2000122070312,0
2017-07-16 00:00:00+00:00,1.0,3.0,615.0,29.0,0.0,19.299999237060547,615.0,0
2017-07-17 00:00:00+00:00,1.0,3.0,613.0,26.0,0.0,19.700000762939453,613.7999877929688,0
2017-07-18 00:00:00+00:00,1.0,3.0,612.0,22.0,0.0,20.0,612.4000244140625,0
2017-07-19 00:00:00+00:00,1.0,3.0,611.0,18.0,0.0,20.200000762939453,611.5999755859375,0
2017-07-20 00:00:00+00:00,0.0,0.0,613.0,17.0,0.0,20.299999237060547,613.9000244140625,0
2017-07-21 00:00:00+00:00,0.0,0.0,613.0,17.0,0.0,20.399999618530273,613.9000244140625,0
2017-07-22 00:00:00+00:00,0.0,0.0,613.0,17.0,0.0,20.5,613.7999877929688,0
2017-07-23 00:00:00+00:00,0.0,0.0,613.0,17.0,0.0,20.5,613.7999877929688,0
2017-07-24 00:00:00+00:00,0.0,0.0,613.0,17.0,0.0,20.600000381469727,613.4000244140625,0
2017-07-25 00:00:00+00:00,0.0,0.0,613.0,17.0,0.0,20.600000381469727,613.4000244140625,0
2017-07-26 00:00:00+00:00,0.0,0.0,613.0,17.0,0.0,20.600000381469727,613.4000244140625,0
2017-07-27 00:00:00+00:00,0.0,0.0,613.0,17.0,0.0,20.700000762939453,613.2999877929688,0
2017-07-28 00:00:00+00:00,0.0,0.0,609.0,4.0,-3.0,20.5,609.2000122070312,0
2017-07-29 00:00:00+00:00,0.0,-1.0,608.0,4.0,-3.0,20.399999618530273,608.7999877929688,0
2017-07-30 00:00:00+00:00,0.0,0.0,608.0,4.0,-3.0,20.299999237060547,608.5,0
2017-07-31 00:00:00+00:00,0.0,0.0,608.0,4.0,-3.0,20.299999237060547,608.5,0
2017-08-01 00:00:00+00:00,0.0,0.0,608.0,5.0,0.0,20.399999618530273,608.5,0
2017-08-02 00:00:00+00:00,1.0,3.0,615.0,60.0,0.0,22.100000381469727,615.0,0
2017-08-03 00:00:00+00:00,1.0,3.0,612.0,52.0,0.0,21.899999618530273,612.2000122070312,0
2017-08-04 00:00:00+00:00,1.0,3.0,625.0,69.0,0.0,26.5,625.2999877929688,0
2017-08-05 00:00:00+00:00,1.0,3.0,621.0,71.0,0.0,22.299999237060547,621.2000122070312,0
2017-08-06 00:00:00+00:00,1.0,3.0,619.0,67.0,0.0,21.0,619.7999877929688,0
2017-08-07 00:00:00+00:00,0.0,0.0,620.0,66.0,0.0,20.799999237060547,620.2000122070312,0
2017-08-08 00:00:00+00:00,1.0,3.0,618.0,61.0,0.0,21.200000762939453,618.7999877929688,0
2017-08-09 00:00:00+00:00,1.0,3.0,617.0,57.0,0.0,21.600000381469727,617.7999877929688,0
2017-08-10 00:00:00+00:00,1.0,3.0,612.0,46.0,0.0,21.799999237060547,612.7000122070312,0
2017-08-11 00:00:00+00:00,1.0,3.0,619.0,44.0,0.0,23.5,620.0,1
2017-08-12 00:00:00+00:00,1.0,3.0,632.0,67.0,0.0,28.200000762939453,632.5,1
2017-08-13 00:00:00+00:00,1.0,3.0,633.0,61.0,0.0,24.200000762939453,633.0999755859375,0
2017-08-14 00:00:00+00:00,1.0,3.0,627.0,62.0,0.0,23.299999237060547,627.0999755859375,0
2017-08-15 00:00:00+00:00,1.0,3.0,616.0,36.0,0.0,22.399999618530273,616.5999755859375,0
2017-08-16 00:00:00+00:00,1.0,3.0,621.0,43.0,0.0,22.600000381469727,621.7000122070312,0
2017-08-17 00:00:00+00:00,1.0,3.0,620.0,33.0,0.0,22.700000762939453,620.2000122070312,0
2017-08-18 00:00:00+00:00,1.0,3.0,620.0,39.0,0.0,22.700000762939453,620.7999877929688,0
2017-08-19 00:00:00+00:00,2.0,4.0,624.5,52.0,0.0,22.899999618530273,624.5999755859375,0
2017-08-20 00:00:00+00:00,1.0,3.0,630.0,57.0,0.0,22.600000381469727,630.4000244140625,0
2017-08-21 00:00:00+00:00,1.0,3.0,616.0,46.0,0.0,22.299999237060547,616.7999877929688,1
2017-08-22 00:00:00+00:00,1.0,3.0,617.0,33.0,0.0,23.799999237060547,617.4000244140625,1
2017-08-23 00:00:00+00:00,1.0,3.0,620.0,36.0,0.0,23.200000762939453,620.4000244140625,1
2017-08-24 00:00:00+00:00,0.0,0.0,626.0,65.0,0.0,25.299999237060547,626.4000244140625,1
2017-08-25 00:00:00+00:00,1.0,3.0,629.0,48.0,0.0,26.100000381469727,629.5999755859375,1
2017-08-26 00:00:00+00:00,0.0,0.0,637.0,89.0,0.0,27.799999237060547,637.9000244140625,1
2017-08-27 00:00:00+00:00,0.0,0.0,635.0,89.0,0.0,22.700000762939453,635.5,0
2017-08-28 00:00:00+00:00,0.0,0.0,634.0,89.0,0.0,21.0,634.9000244140625,0
2017-08-29 00:00:00+00:00,0.0,0.0,634.0,89.0,0.0,20.600000381469727,634.5999755859375,0
2017-08-30 00:00:00+00:00,0.0,0.0,634.0,89.0,0.0,20.5,634.2999877929688,0
2017-08-31 00:00:00+00:00,0.0,0.0,634.0,89.0,0.0,20.5,634.2000122070312,0
2017-09-01 00:00:00+00:00,0.0,0.0,633.0,89.0,0.0,20.5,633.7000122070312,1
2017-09-02 00:00:00+00:00,-12.0,-19.0,637.0,38.0,-14.0,25.200000762939453,637.0,1
2017-09-03 00:00:00+00:00,0.0,0.0,638.0,100.0,0.0,25.5,638.4000244140625,1
2017-09-04 00:00:00+00:00,0.0,0.0,635.0,100.0,0.0,22.299999237060547,635.5999755859375,0
2017-09-05 00:00:00+00:00,6.0,10.0,620.0,53.0,4.0,22.799999237060547,620.2999877929688,0
2017-09-06 00:00:00+00:00,6.0,10.0,622.0,49.0,4.0,23.5,621.7000122070312,0
2017-09-07 00:00:00+00:00,5.0,9.0,617.0,38.0,3.0,23.600000381469727,617.5999755859375,0
2017-09-08 00:00:00+00:00,2.0,4.0,621.0,41.0,0.0,24.0,621.0999755859375,0
2017-09-09 00:00:00+00:00,1.0,2.0,621.0,39.0,-2.0,23.799999237060547,621.0999755859375,0
2017-09-10 00:00:00+00:00,1.0,3.0,620.0,37.0,0.0,24.0,620.4000244140625,0
2017-09-11 00:00:00+00:00,0.0,0.0,615.0,33.0,0.0,24.200000762939453,615.0999755859375,0
2017-09-12 00:00:00+00:00,-76.0,-117.5,640.0,58.0,-79.5,25.0,640.7999877929688,0
2017-09-13 00:00:00+00:00,2.0,4.0,629.0,66.0,0.0,25.299999237060547,629.7999877929688,1
2017-09-14 00:00:00+00:00,0.0,0.0,637.0,93.0,0.0,27.600000381469727,637.5999755859375,1
2017-09-15 00:00:00+00:00,0.0,0.0,635.0,93.0,0.0,22.399999618530273,635.5,0
2017-09-16 00:00:00+00:00,0.0,0.0,634.0,93.0,0.0,21.399999618530273,634.9000244140625,0
2017-09-17 00:00:00+00:00,0.0,0.0,634.0,93.0,0.0,21.100000381469727,634.5999755859375,0
2017-09-18 00:00:00+00:00,0.0,0.0,634.0,93.0,0.0,21.100000381469727,634.2999877929688,0
2017-09-19 00:00:00+00:00,0.0,0.0,634.0,93.0,0.0,20.899999618530273,634.2000122070312,0
2017-09-20 00:00:00+00:00,1.0,3.0,615.0,35.0,0.0,22.100000381469727,614.5999755859375,0
2017-09-21 00:00:00+00:00,-53.0,-83.0,639.0,58.0,-60.0,23.899999618530273,639.5999755859375,0
2017-09-22 00:00:00+00:00,1.0,3.0,617.0,55.0,0.0,23.200000762939453,617.2999877929688,0
2017-09-23 00:00:00+00:00,1.0,3.0,613.0,29.0,0.0,22.399999618530273,613.2999877929688,0
2017-09-24 00:00:00+00:00,1.0,3.0,617.0,34.0,0.0,22.700000762939453,617.4000244140625,0
2017-09-25 00:00:00+00:00,1.0,3.0,618.0,37.0,0.0,22.899999618530273,618.2000122070312,0
2017-09-26 00:00:00+00:00,1.0,3.0,615.0,26.0,0.0,22.0,615.2000122070312,0
2017-09-27 00:00:00+00:00,1.0,3.0,611.0,32.0,0.0,21.600000381469727,611.4000244140625,0
2017-09-28 00:00:00+00:00,1.0,3.0,613.0,33.0,0.0,22.5,613.4000244140625,0
2017-09-29 00:00:00+00:00,1.0,3.0,610.0,22.0,0.0,21.700000762939453,610.7999877929688,0
2017-09-30 00:00:00+00:00,0.0,0.0,613.0,32.0,0.0,21.700000762939453,613.0,0
2017-10-01 00:00:00+00:00,0.0,0.0,612.0,32.0,0.0,21.0,612.2000122070312,0
2017-10-02 00:00:00+00:00,0.0,0.0,612.0,32.0,0.0,20.799999237060547,612.0,1
2017-10-03 00:00:00+00:00,4.0,7.0,623.0,94.0,2.0,22.600000381469727,623.0,0
2017-10-04 00:00:00+00:00,3.0,5.0,618.0,86.0,1.0,21.200000762939453,618.7999877929688,0
2017-10-05 00:00:00+00:00,0.0,0.0,618.0,82.0,0.0,20.799999237060547,618.2000122070312,0
2017-10-06 00:00:00+00:00,1.0,3.0,615.0,73.0,0.0,20.899999618530273,615.7000122070312,0
2017-10-07 00:00:00+00:00,0.0,0.0,622.0,73.0,0.0,21.700000762939453,622.7999877929688,0
2017-10-08 00:00:00+00:00,0.0,0.0,621.0,73.0,0.0,21.0,621.2000122070312,0
2017-10-09 00:00:00+00:00,0.0,0.0,621.0,73.0,0.0,20.799999237060547,621.0,0
2017-10-10 00:00:00+00:00,0.0,0.0,620.0,73.0,0.0,20.600000381469727,620.5999755859375,0
2017-10-11 00:00:00+00:00,0.0,0.0,620.0,73.0,0.0,20.5,620.4000244140625,0
2017-10-12 00:00:00+00:00,0.0,0.0,620.0,73.0,0.0,20.399999618530273,620.4000244140625,0
2017-10-13 00:00:00+00:00,0.0,0.0,620.0,73.0,0.0,20.399999618530273,620.0,0
2017-10-14 00:00:00+00:00,0.0,0.0,620.0,73.0,0.0,20.399999618530273,620.0,0
2017-10-15 00:00:00+00:00,0.0,0.0,620.0,73.0,0.0,20.399999618530273,620.0,0
2017-10-16 00:00:00+00:00,0.0,0.0,619.0,73.0,0.0,20.399999618530273,619.9000244140625,0
2017-10-17 00:00:00+00:00,0.0,0.0,621.0,74.0,0.0,20.600000381469727,621.7999877929688,0
2017-10-18 00:00:00+00:00,0.0,0.0,620.0,71.0,0.0,20.600000381469727,620.5999755859375,0
2017-10-19 00:00:00+00:00,0.0,0.0,622.0,66.0,0.0,21.0,622.2000122070312,0
2017-10-20 00:00:00+00:00,0.0,0.0,624.0,72.0,0.0,21.399999618530273,624.2999877929688,0
2017-10-21 00:00:00+00:00,4.0,7.0,619.0,70.0,2.0,22.100000381469727,619.9000244140625,0
2017-10-22 00:00:00+00:00,3.0,6.0,615.0,63.0,2.0,20.899999618530273,615.0999755859375,0
2017-10-23 00:00:00+00:00,0.0,0.0,619.0,60.0,0.0,23.299999237060547,619.7999877929688,0
2017-10-24 00:00:00+00:00,0.0,0.0,613.0,48.0,0.0,22.399999618530273,613.9000244140625,0
2017-10-25 00:00:00+00:00,0.0,0.0,613.0,48.0,0.0,21.100000381469727,613.2999877929688,0
2017-10-26 00:00:00+00:00,0.0,0.0,613.0,48.0,0.0,20.700000762939453,613.2000122070312,0
2017-10-27 00:00:00+00:00,0.0,0.0,612.0,48.0,0.0,20.600000381469727,612.7999877929688,1
2017-10-28 00:00:00+00:00,0.0,0.0,635.0,99.0,0.0,24.5,635.5,0
2017-10-29 00:00:00+00:00,0.0,0.0,634.0,99.0,0.0,21.600000381469727,634.0,0
2017-10-30 00:00:00+00:00,0.0,0.0,633.0,99.0,0.0,20.799999237060547,633.2000122070312,0
2017-10-31 00:00:00+00:00,0.0,0.0,632.0,99.0,0.0,20.399999618530273,632.7999877929688,0
2017-11-01 00:00:00+00:00,0.0,0.0,632.0,99.0,0.0,20.100000381469727,632.5999755859375,0
2017-11-02 00:00:00+00:00,0.0,0.0,632.0,99.0,0.0,20.0,632.4000244140625,0
2017-11-03 00:00:00+00:00,0.0,0.0,632.0,99.0,0.0,19.899999618530273,632.2000122070312,0
2017-11-04 00:00:00+00:00,0.0,0.0,632.0,99.0,0.0,19.899999618530273,632.0,0
2017-11-05 00:00:00+00:00,0.0,0.0,631.0,99.0,0.0,19.799999237060547,631.9000244140625,0
2017-11-06 00:00:00+00:00,0.0,0.0,631.0,99.0,0.0,19.799999237060547,631.7999877929688,1
2017-11-07 00:00:00+00:00,0.0,0.0,632.0,99.0,0.0,20.299999237060547,632.0,0
2017-11-08 00:00:00+00:00,0.0,0.0,623.0,45.0,0.0,25.200000762939453,623.7000122070312,0
2017-11-09 00:00:00+00:00,0.0,0.0,621.0,44.0,0.0,21.899999618530273,621.2000122070312,0
2017-11-10 00:00:00+00:00,0.0,0.0,620.0,40.0,0.0,21.200000762939453,620.4000244140625,1
2017-11-11 00:00:00+00:00,2.0,4.0,595.0,16.0,0.0,24.600000381469727,595.5,1
2017-11-12 00:00:00+00:00,0.0,0.0,599.0,6.0,0.0,22.200000762939453,599.2000122070312,0
2017-11-13 00:00:00+00:00,0.0,0.0,598.0,6.0,0.0,21.399999618530273,598.9000244140625,0
2017-11-14 00:00:00+00:00,-93.0,-147.0,633.0,20.0,-99.0,25.799999237060547,633.5999755859375,0
2017-11-15 00:00:00+00:00,5.0,8.0,622.0,44.0,3.0,26.799999237060547,622.0999755859375,0
2017-11-16 00:00:00+00:00,0.0,0.0,625.0,36.0,-2.5,24.700000762939453,625.5,0
2017-11-17 00:00:00+00:00,0.0,-0.5,632.5,40.0,-3.0,24.399999618530273,633.0999755859375,0
2017-11-18 00:00:00+00:00,2.0,4.0,618.0,60.0,0.5,24.200000762939453,618.4000244140625,1
2017-11-19 00:00:00+00:00,2.0,4.0,624.0,73.0,0.3333333432674408,24.5,624.9000244140625,0
2017-11-20 00:00:00+00:00,2.5,5.0,618.0,65.0,1.0,24.5,618.2999877929688,0
2017-11-21 00:00:00+00:00,1.0,3.0,606.0,33.0,0.0,24.100000381469727,606.2000122070312,0
2017-11-22 00:00:00+00:00,-2.0,-4.0,614.0,41.0,-4.0,24.600000381469727,614.2000122070312,0
2017-11-23 00:00:00+00:00,-11.0,-18.66666603088379,618.0,43.0,-13.5,24.299999237060547,618.2000122070312,0
2017-11-24 00:00:00+00:00,3.0,5.0,614.0,46.0,1.0,24.299999237060547,614.175048828125,0
2017-11-25 00:00:00+00:00,0.0,0.0,610.0,42.0,0.0,24.600000381469727,610.7999877929688,1
2017-11-26 00:00:00+00:00,0.0,0.0,606.0,42.0,0.0,22.700000762939453,606.7999877929688,0
2017-11-27 00:00:00+00:00,0.0,0.0,606.0,42.0,0.0,20.899999618530273,606.0999755859375,0
2017-11-28 00:00:00+00:00,0.0,0.0,605.0,42.0,0.0,19.899999618530273,605.7999877929688,0
2017-11-29 00:00:00+00:00,0.0,0.0,605.0,42.0,0.0,19.399999618530273,605.5,0
2017-11-30 00:00:00+00:00,0.0,0.0,602.0,28.0,0.0,19.100000381469727,602.5999755859375,0
2017-12-01 00:00:00+00:00,0.0,0.0,606.0,34.0,0.0,19.600000381469727,606.7000122070312,0
2017-12-02 00:00:00+00:00,0.0,0.0,606.0,34.0,0.0,19.299999237060547,606.0999755859375,0
2017-12-03 00:00:00+00:00,0.0,0.0,605.0,34.0,0.0,18.5,605.4000244140625,0
2017-12-04 00:00:00+00:00,0.0,0.0,605.0,34.0,0.0,17.899999618530273,605.0,0
2017-12-05 00:00:00+00:00,0.0,0.0,604.0,34.0,0.0,17.5,604.7999877929688,0
2017-12-06 00:00:00+00:00,0.0,0.0,604.0,34.0,0.0,17.399999618530273,604.7999877929688,0
2017-12-07 00:00:00+00:00,0.0,0.0,604.0,34.0,0.0,17.5,604.5999755859375,0
2017-12-08 00:00:00+00:00,0.0,0.0,604.0,34.0,0.0,17.600000381469727,604.4000244140625,0
2017-12-09 00:00:00+00:00,0.0,0.0,604.0,34.0,0.0,17.200000762939453,604.2999877929688,0
2017-12-10 00:00:00+00:00,0.0,0.0,604.0,34.0,0.0,16.799999237060547,604.2000122070312,0
2017-12-11 00:00:00+00:00,0.0,0.0,604.0,34.0,0.0,16.700000762939453,604.2000122070312,0
2017-12-12 00:00:00+00:00,0.0,0.0,603.0,34.0,0.0,16.5,603.7999877929688,0
2017-12-13 00:00:00+00:00,0.0,0.0,603.0,34.0,0.0,16.200000762939453,603.7000122070312,0
2017-12-14 00:00:00+00:00,0.0,0.0,603.0,34.0,0.0,16.200000762939453,603.7000122070312,0
2017-12-15 00:00:00+00:00,0.0,0.0,603.0,34.0,0.0,16.0,603.5999755859375,0
2017-12-16 00:00:00+00:00,0.0,0.0,603.0,34.0,0.0,16.0,603.5999755859375,0
2017-12-17 00:00:00+00:00,0.0,0.0,603.0,34.0,0.0,16.0,603.4000244140625,0
2017-12-18 00:00:00+00:00,0.0,0.0,603.0,34.0,0.0,15.899999618530273,603.2000122070312,0
2017-12-19 00:00:00+00:00,0.0,0.0,603.0,34.0,0.0,16.0,603.2000122070312,0
2017-12-20 00:00:00+00:00,0.0,0.0,603.0,34.0,0.0,16.100000381469727,603.2000122070312,0
2017-12-21 00:00:00+00:00,0.0,0.0,603.0,34.0,0.0,16.5,603.2000122070312,0
2017-12-22 00:00:00+00:00,0.0,0.0,603.0,34.0,0.0,17.0,603.2000122070312,0
2017-12-23 00:00:00+00:00,0.0,0.0,603.0,34.0,0.0,17.299999237060547,603.2000122070312,0
2017-12-24 00:00:00+00:00,0.0,0.0,603.0,34.0,0.0,17.600000381469727,603.2000122070312,0
2017-12-25 00:00:00+00:00,0.0,0.0,603.0,34.0,0.0,17.899999618530273,603.2000122070312,0
2017-12-26 00:00:00+00:00,0.0,0.0,603.0,34.0,0.0,17.899999618530273,603.0999755859375,0
2017-12-27 00:00:00+00:00,0.0,0.0,603.0,34.0,0.0,17.899999618530273,603.0999755859375,0
2017-12-28 00:00:00+00:00,0.0,0.0,603.0,34.0,0.0,17.799999237060547,603.0,0
2017-12-29 00:00:00+00:00,0.0,0.0,602.0,34.0,0.0,17.399999618530273,602.7999877929688,0
2017-12-30 00:00:00+00:00,0.0,0.0,602.0,34.0,0.0,17.200000762939453,602.5999755859375,0
2017-12-31 00:00:00+00:00,0.0,0.0,602.0,34.0,0.0,17.5,602.5999755859375,0
2018-01-01 00:00:00+00:00,0.0,0.0,602.0,34.0,0.0,17.799999237060547,602.5999755859375,0
2018-01-02 00:00:00+00:00,0.0,0.0,602.0,34.0,0.0,17.799999237060547,602.5,0
2018-01-03 00:00:00+00:00,0.0,0.0,602.0,34.0,0.0,17.899999618530273,602.5,0
2018-01-04 00:00:00+00:00,0.0,0.0,602.0,34.0,0.0,17.899999618530273,602.5,0
2018-01-05 00:00:00+00:00,0.0,0.0,602.0,34.0,0.0,18.100000381469727,602.4000244140625,0
2018-01-06 00:00:00+00:00,0.0,0.0,602.0,34.0,0.0,18.100000381469727,602.4000244140625,0
2018-01-07 00:00:00+00:00,0.0,0.0,602.0,34.0,0.0,18.100000381469727,602.4000244140625,0
2018-01-08 00:00:00+00:00,0.0,0.0,602.0,34.0,0.0,17.799999237060547,602.0,0
2018-01-09 00:00:00+00:00,0.0,0.0,602.0,34.0,0.0,17.5,602.0,0
2018-01-10 00:00:00+00:00,0.0,0.0,632.0,42.0,0.0,21.600000381469727,632.5,1
2018-01-11 00:00:00+00:00,0.0,0.0,630.0,99.0,0.0,24.200000762939453,630.7999877929688,0
2018-01-12 00:00:00+00:00,0.0,0.0,604.0,42.0,0.0,23.200000762939453,604.2000122070312,0
2018-01-13 00:00:00+00:00,0.0,0.0,604.0,42.0,0.0,21.299999237060547,604.2000122070312,0
2018-01-14 00:00:00+00:00,0.0,0.0,604.0,42.0,0.0,20.299999237060547,604.0,0
2018-01-15 00:00:00+00:00,0.0,0.0,603.0,42.0,0.0,19.5,603.7999877929688,0
2018-01-16 00:00:00+00:00,0.0,0.0,603.0,42.0,0.0,19.0,603.7999877929688,0
2018-01-17 00:00:00+00:00,0.0,0.0,603.0,42.0,0.0,18.399999618530273,603.7000122070312,0
2018-01-18 00:00:00+00:00,0.0,0.0,603.0,42.0,0.0,18.100000381469727,603.7000122070312,0
2018-01-19 00:00:00+00:00,0.0,0.0,603.0,42.0,0.0,17.899999618530273,603.7000122070312,0
2018-01-20 00:00:00+00:00,0.0,0.0,603.0,42.0,0.0,17.5,603.5999755859375,0
2018-01-21 00:00:00+00:00,0.0,0.0,603.0,42.0,0.0,17.100000381469727,603.5999755859375,0
2018-01-22 00:00:00+00:00,0.0,0.0,603.0,42.0,0.0,17.0,603.4000244140625,0
2018-01-23 00:00:00+00:00,0.0,0.0,603.0,42.0,0.0,17.200000762939453,603.5999755859375,0
2018-01-24 00:00:00+00:00,0.0,0.0,603.0,37.0,0.0,21.200000762939453,603.5999755859375,0
2018-01-25 00:00:00+00:00,0.0,0.0,602.0,15.0,0.0,23.799999237060547,605.5,0
2018-01-26 00:00:00+00:00,0.0,0.0,631.0,97.0,0.0,31.399999618530273,631.0999755859375,0
2018-01-27 00:00:00+00:00,0.0,0.0,629.0,98.0,0.0,27.0,629.2000122070312,0
2018-01-28 00:00:00+00:00,0.0,0.0,627.0,98.0,0.0,22.299999237060547,627.7999877929688,0
2018-01-29 00:00:00+00:00,0.0,0.0,627.0,98.0,0.0,20.899999618530273,627.4000244140625,0
2018-01-30 00:00:00+00:00,0.0,0.0,627.0,98.0,0.0,20.200000762939453,627.0999755859375,0
2018-01-31 00:00:00+00:00,0.0,0.0,627.0,98.0,0.0,20.100000381469727,627.0,0
2018-02-01 00:00:00+00:00,1.0,3.0,623.0,97.0,0.0,20.200000762939453,623.7999877929688,0
2018-02-02 00:00:00+00:00,1.0,3.0,597.0,28.0,0.0,21.399999618530273,597.7000122070312,0
2018-02-03 00:00:00+00:00,1.0,3.0,595.0,24.0,0.0,20.100000381469727,595.7999877929688,0
2018-02-04 00:00:00+00:00,1.0,3.0,594.0,20.0,0.0,19.100000381469727,594.0,0
2018-02-05 00:00:00+00:00,1.0,3.0,592.0,17.0,0.0,18.0,592.2000122070312,0
2018-02-06 00:00:00+00:00,1.0,3.0,590.0,13.0,0.0,17.100000381469727,590.4000244140625,0
2018-02-07 00:00:00+00:00,1.0,3.0,588.0,9.0,0.0,16.399999618530273,588.4000244140625,0
2018-02-08 00:00:00+00:00,0.0,0.0,589.0,7.0,-3.5,16.0,589.9000244140625,0
2018-02-09 00:00:00+00:00,-11.0,-16.0,673.5,99.0,-13.0,20.799999237060547,673.9000244140625,0
2018-02-10 00:00:00+00:00,-3.0,-5.0,674.0,99.0,-6.0,18.600000381469727,674.0999755859375,0
2018-02-11 00:00:00+00:00,-3.0,-4.0,674.0,99.0,-5.0,17.700000762939453,674.2000122070312,0
2018-02-12 00:00:00+00:00,-2.0,-3.0,674.0,99.0,-4.5,17.600000381469727,674.2999877929688,0
2018-02-13 00:00:00+00:00,0.0,0.0,636.0,99.0,0.0,17.399999618530273,636.7000122070312,0
2018-02-14 00:00:00+00:00,0.0,0.0,634.0,99.0,0.0,22.700000762939453,634.5999755859375,0
2018-02-15 00:00:00+00:00,0.0,0.0,603.0,18.0,-3.0,29.600000381469727,603.2000122070312,0
2018-02-16 00:00:00+00:00,0.0,-2.0,604.0,19.0,-3.0,22.799999237060547,604.2000122070312,0
2018-02-17 00:00:00+00:00,0.0,0.0,604.0,20.0,-3.0,20.600000381469727,604.2999877929688,0
2018-02-18 00:00:00+00:00,0.0,-2.0,605.0,21.0,-3.0,20.100000381469727,605.2000122070312,0
2018-02-19 00:00:00+00:00,0.0,-2.0,596.0,12.0,-3.0,21.799999237060547,596.7999877929688,0
2018-02-20 00:00:00+00:00,0.0,-0.6666666865348816,613.0,29.0,-3.5,23.700000762939453,614.0,1
2018-02-21 00:00:00+00:00,0.0,0.0,613.0,31.0,-3.0,24.0,613.0999755859375,1
2018-02-22 00:00:00+00:00,0.0,0.0,612.0,30.0,-3.0,23.899999618530273,612.425048828125,1
2018-02-23 00:00:00+00:00,0.0,0.0,605.0,28.0,0.0,23.899999618530273,605.5,1
2018-02-24 00:00:00+00:00,0.0,0.0,604.0,28.0,0.0,20.299999237060547,604.5999755859375,0
2018-02-25 00:00:00+00:00,0.0,0.0,604.0,28.0,0.0,18.600000381469727,604.2999877929688,0
2018-02-26 00:00:00+00:00,0.0,0.0,604.0,28.0,0.0,17.700000762939453,604.0,0
2018-02-27 00:00:00+00:00,0.0,0.0,604.0,28.0,0.0,17.100000381469727,604.0,0
2018-02-28 00:00:00+00:00,0.0,0.0,603.0,28.0,0.0,16.600000381469727,603.7000122070312,0
2018-03-01 00:00:00+00:00,0.0,0.0,592.0,1.0,0.0,28.700000762939453,592.7999877929688,0
2018-03-02 00:00:00+00:00,0.0,0.0,606.0,8.0,0.0,25.100000381469727,606.7999877929688,0
2018-03-03 00:00:00+00:00,0.0,0.0,605.0,28.0,0.0,21.700000762939453,605.5,0
2018-03-04 00:00:00+00:00,0.0,0.0,605.0,28.0,0.0,20.399999618530273,605.0,0
2018-03-05 00:00:00+00:00,0.0,0.0,604.0,28.0,0.0,19.700000762939453,604.9000244140625,0
2018-03-06 00:00:00+00:00,0.0,0.0,604.0,28.0,0.0,19.399999618530273,604.7999877929688,0
2018-03-07 00:00:00+00:00,0.0,0.0,604.0,28.0,0.0,19.200000762939453,604.5999755859375,0
2018-03-08 00:00:00+00:00,0.0,0.0,604.0,28.0,0.0,19.100000381469727,604.5999755859375,0
2018-03-09 00:00:00+00:00,0.0,0.0,604.0,28.0,0.0,19.0,604.2999877929688,0
2018-03-10 00:00:00+00:00,0.0,0.0,604.0,28.0,0.0,19.0,604.2999877929688,0
2018-03-11 00:00:00+00:00,0.0,0.0,604.0,28.0,0.0,19.100000381469727,604.2999877929688,0
2018-03-12 00:00:00+00:00,0.0,0.0,604.0,28.0,0.0,19.299999237060547,604.2999877929688,0
2018-03-13 00:00:00+00:00,0.0,0.0,604.0,28.0,0.0,19.700000762939453,604.2000122070312,0
2018-03-14 00:00:00+00:00,0.0,0.0,604.0,28.0,0.0,19.899999618530273,604.2000122070312,0
2018-03-15 00:00:00+00:00,0.0,0.0,597.0,10.0,0.0,27.399999618530273,597.4000244140625,0
2018-03-16 00:00:00+00:00,-96.0,-140.0,648.0,55.0,-101.0,28.299999237060547,648.9000244140625,0
2018-03-17 00:00:00+00:00,-3.0,-4.0,674.0,99.0,-5.5,23.5,674.4000244140625,0
2018-03-18 00:00:00+00:00,-2.0,-3.0,674.0,99.0,-5.0,21.100000381469727,674.2999877929688,0
2018-03-19 00:00:00+00:00,-2.0,-3.0,674.0,99.0,-4.5,20.600000381469727,674.5,0
2018-03-20 00:00:00+00:00,-2.0,-3.0,674.0,99.0,-4.0,20.700000762939453,674.5,0
2018-03-21 00:00:00+00:00,0.0,-2.0,674.0,99.0,-4.0,20.5,674.5,0
2018-03-22 00:00:00+00:00,0.0,0.0,634.0,99.0,0.0,20.399999618530273,634.9000244140625,0
2018-03-23 00:00:00+00:00,-2.0,-3.0,674.0,99.0,-4.5,20.399999618530273,674.2999877929688,0
2018-03-24 00:00:00+00:00,-1.0,-2.5,674.0,99.0,-4.0,20.200000762939453,674.2999877929688,0
2018-03-25 00:00:00+00:00,0.0,-2.0,674.0,99.0,-4.0,20.100000381469727,674.2999877929688,0
2018-03-26 00:00:00+00:00,0.0,-2.0,674.0,99.0,-4.0,20.100000381469727,674.4000244140625,0
2018-03-27 00:00:00+00:00,0.0,-2.0,674.0,99.0,-4.0,20.100000381469727,674.4000244140625,0
2018-03-28 00:00:00+00:00,0.0,-2.0,674.0,99.0,-4.0,19.899999618530273,674.5,0
2018-03-29 00:00:00+00:00,0.0,0.0,640.0,99.0,0.0,19.899999618530273,639.7999877929688,0
2018-03-30 00:00:00+00:00,0.0,0.0,634.0,99.0,0.0,19.799999237060547,634.4000244140625,0
2018-03-31 00:00:00+00:00,0.0,0.0,634.0,99.0,0.0,19.700000762939453,634.2000122070312,0
2018-04-01 00:00:00+00:00,0.0,0.0,633.0,99.0,0.0,19.700000762939453,633.4000244140625,0
2018-04-02 00:00:00+00:00,0.0,0.0,633.0,99.0,0.0,19.5,633.2000122070312,0
2018-04-03 00:00:00+00:00,0.0,0.0,633.0,99.0,0.0,19.399999618530273,633.0999755859375,1
2018-04-04 00:00:00+00:00,0.0,0.0,596.0,2.0,0.0,24.100000381469727,596.2000122070312,1
2018-04-05 00:00:00+00:00,-3.0,-4.0,674.0,99.0,-5.0,25.799999237060547,674.0999755859375,0
2018-04-06 00:00:00+00:00,0.0,0.0,631.0,90.0,0.0,21.600000381469727,631.7000122070312,0
2018-04-07 00:00:00+00:00,0.0,0.0,631.0,90.0,0.0,20.399999618530273,631.5999755859375,0
2018-04-08 00:00:00+00:00,0.0,0.0,631.0,90.0,0.0,20.0,631.5,0
2018-04-09 00:00:00+00:00,0.0,0.0,631.0,90.0,0.0,19.799999237060547,631.0999755859375,0
2018-04-10 00:00:00+00:00,0.0,0.0,631.0,90.0,0.0,19.700000762939453,631.0,1
2018-04-11 00:00:00+00:00,0.0,0.0,618.0,56.0,0.0,21.0,618.7000122070312,0
2018-04-12 00:00:00+00:00,0.0,0.0,613.0,47.0,0.0,22.799999237060547,613.7000122070312,0
2018-04-13 00:00:00+00:00,0.0,0.0,620.0,41.0,0.0,23.700000762939453,620.7999877929688,0
2018-04-14 00:00:00+00:00,-3.0,-4.0,674.0,99.0,-5.5,24.200000762939453,674.0999755859375,0
2018-04-15 00:00:00+00:00,-2.0,-3.0,674.0,99.0,-4.5,21.200000762939453,674.2000122070312,0
2018-04-16 00:00:00+00:00,0.0,-2.0,674.0,99.0,-4.0,20.200000762939453,674.2000122070312,0
2018-04-17 00:00:00+00:00,0.0,-2.0,674.0,99.0,-4.0,19.899999618530273,674.2000122070312,0
2018-04-18 00:00:00+00:00,0.0,0.0,615.0,40.0,0.0,23.100000381469727,615.0999755859375,1
2018-04-19 00:00:00+00:00,0.0,0.0,612.0,40.0,0.0,22.0,612.7999877929688,0
2018-04-20 00:00:00+00:00,5.0,9.0,604.0,26.0,2.0,22.200000762939453,604.7999877929688,0
2018-04-21 00:00:00+00:00,0.5,1.5,603.0,18.0,0.0,20.399999618530273,603.0,1
2018-04-22 00:00:00+00:00,8.5,14.0,626.0,76.0,6.0,24.200000762939453,626.6500244140625,1
2018-04-23 00:00:00+00:00,1.0,2.0,619.0,52.0,0.0,21.700000762939453,619.7000122070312,1
2018-04-24 00:00:00+00:00,0.0,0.0,616.0,44.0,0.0,22.200000762939453,616.9000244140625,0
2018-04-25 00:00:00+00:00,0.0,0.0,613.0,50.0,0.0,24.600000381469727,613.0,0
2018-04-26 00:00:00+00:00,0.0,0.0,603.0,17.0,0.0,22.700000762939453,603.7999877929688,0
2018-04-27 00:00:00+00:00,0.0,0.0,608.0,21.0,0.0,23.0,608.2000122070312,0
2018-04-28 00:00:00+00:00,0.0,0.0,609.0,23.0,0.0,23.100000381469727,609.4000244140625,0
2018-04-29 00:00:00+00:00,0.0,0.0,610.0,30.0,0.0,23.0,610.9000244140625,0
2018-04-30 00:00:00+00:00,0.0,0.0,630.0,72.0,0.0,24.5,630.2000122070312,0
2018-05-01 00:00:00+00:00,0.0,0.0,628.0,77.0,0.0,24.299999237060547,628.4000244140625,0
2018-05-02 00:00:00+00:00,0.0,0.0,613.0,63.0,0.0,24.200000762939453,613.9000244140625,0
2018-05-03 00:00:00+00:00,0.0,0.0,613.0,49.0,0.0,21.299999237060547,613.5999755859375,0
2018-05-04 00:00:00+00:00,0.0,0.0,613.0,49.0,0.0,20.399999618530273,613.4000244140625,0
2018-05-05 00:00:00+00:00,0.0,0.0,613.0,49.0,0.0,20.0,613.4000244140625,0
2018-05-06 00:00:00+00:00,0.0,0.0,613.0,49.0,0.0,19.899999618530273,613.4000244140625,0
2018-05-07 00:00:00+00:00,0.0,0.0,613.0,49.0,0.0,19.899999618530273,613.4000244140625,0
2018-05-08 00:00:00+00:00,-5.0,-8.666666984558105,621.0,31.0,-10.5,24.600000381469727,621.7999877929688,0
2018-05-09 00:00:00+00:00,0.0,0.0,611.0,44.0,0.0,24.899999618530273,611.5,0
2018-05-10 00:00:00+00:00,0.0,0.0,601.0,18.0,0.0,22.100000381469727,601.4000244140625,0
2018-05-11 00:00:00+00:00,0.0,0.0,611.0,31.0,0.0,22.399999618530273,611.625,0
2018-05-12 00:00:00+00:00,0.0,0.0,632.0,76.0,0.0,24.200000762939453,632.5,0
2018-05-13 00:00:00+00:00,0.0,0.0,620.0,67.0,0.0,22.299999237060547,620.5,0
2018-05-14 00:00:00+00:00,0.0,0.0,606.0,36.0,0.0,21.600000381469727,606.5999755859375,0
2018-05-15 00:00:00+00:00,0.0,0.0,608.5,39.0,0.0,24.299999237060547,609.0,0
2018-05-16 00:00:00+00:00,7.0,12.0,605.0,37.0,3.5,26.100000381469727,605.7999877929688,0
2018-05-17 00:00:00+00:00,0.0,-2.0,623.0,45.0,-5.0,25.5,623.7999877929688,0
2018-05-18 00:00:00+00:00,0.0,0.0,622.0,66.0,0.0,22.100000381469727,622.5999755859375,0
2018-05-19 00:00:00+00:00,-5.0,-8.0,674.0,99.0,-8.0,21.950000762939453,674.2000122070312,0
2018-05-20 00:00:00+00:00,-2.0,-3.0,674.0,99.0,-5.0,20.0,674.0999755859375,0
2018-05-21 00:00:00+00:00,-2.0,-3.0,674.0,99.0,-4.5,19.299999237060547,674.0499877929688,0
2018-05-22 00:00:00+00:00,0.0,-2.0,674.0,99.0,-4.0,19.100000381469727,674.0,1
2018-05-23 00:00:00+00:00,0.0,0.0,606.0,29.0,0.0,22.200000762939453,606.0,0
2018-05-24 00:00:00+00:00,0.0,0.0,612.0,30.0,0.0,22.299999237060547,612.5999755859375,0
2018-05-25 00:00:00+00:00,0.0,0.0,613.0,39.0,0.0,22.899999618530273,613.0,0
2018-05-26 00:00:00+00:00,0.0,0.0,611.0,30.0,0.0,21.200000762939453,611.7999877929688,0
2018-05-27 00:00:00+00:00,0.0,0.0,615.0,41.0,0.0,21.200000762939453,615.7000122070312,1
2018-05-28 00:00:00+00:00,0.0,0.0,620.0,53.0,0.0,22.200000762939453,620.7999877929688,1
2018-05-29 00:00:00+00:00,0.0,0.0,628.0,81.0,0.0,25.5,628.5999755859375,1
2018-05-30 00:00:00+00:00,0.0,0.0,627.0,81.0,0.0,22.100000381469727,627.7999877929688,0
2018-05-31 00:00:00+00:00,0.0,0.0,602.0,16.0,0.0,22.0,602.5999755859375,0
2018-06-01 00:00:00+00:00,0.0,0.0,619.0,51.0,0.0,22.799999237060547,619.0,0
2018-06-02 00:00:00+00:00,0.0,0.0,624.0,62.0,0.0,22.200000762939453,624.7000122070312,0
2018-06-03 00:00:00+00:00,0.0,0.0,622.0,71.0,0.0,24.0,622.7999877929688,1
2018-06-04 00:00:00+00:00,-47.0,-73.0,636.0,66.0,-50.0,22.899999618530273,635.2000122070312,0
2018-06-05 00:00:00+00:00,-3.0,-5.0,674.0,99.0,-6.5,22.399999618530273,674.0,0
2018-06-06 00:00:00+00:00,0.0,-2.0,673.0,99.0,-4.0,20.5,673.9000244140625,0
2018-06-07 00:00:00+00:00,0.0,-2.0,625.0,99.0,0.0,20.200000762939453,625.5999755859375,0
2018-06-08 00:00:00+00:00,-3.0,-5.0,673.0,99.0,-6.0,22.100000381469727,673.9000244140625,0
2018-06-09 00:00:00+00:00,-2.0,-3.0,673.0,99.0,-4.5,20.100000381469727,673.9000244140625,0
2018-06-10 00:00:00+00:00,-2.0,-3.0,673.0,99.0,-4.5,19.399999618530273,673.9000244140625,0
2018-06-11 00:00:00+00:00,-1.0,-2.0,673.0,99.0,-4.0,19.200000762939453,673.9000244140625,0
2018-06-12 00:00:00+00:00,0.0,-2.0,674.0,99.0,-4.0,19.100000381469727,674.0999755859375,0
2018-06-13 00:00:00+00:00,0.0,-2.0,673.0,99.0,-4.0,19.100000381469727,673.9000244140625,1
2018-06-14 00:00:00+00:00,0.0,0.0,613.0,37.0,0.0,26.600000381469727,614.0,1
2018-06-15 00:00:00+00:00,0.0,0.0,618.0,46.0,0.0,25.299999237060547,618.7999877929688,0
2018-06-16 00:00:00+00:00,0.0,0.0,610.0,37.0,0.0,23.200000762939453,610.2999877929688,0
2018-06-17 00:00:00+00:00,0.0,0.0,631.0,63.0,0.0,24.299999237060547,631.4500122070312,0
2018-06-18 00:00:00+00:00,0.0,0.0,606.0,34.0,0.0,25.200000762939453,606.7999877929688,1
2018-06-19 00:00:00+00:00,0.0,0.0,605.0,22.0,0.0,23.899999618530273,605.5,0
2018-06-20 00:00:00+00:00,0.0,0.0,613.0,32.0,0.0,23.899999618530273,613.5999755859375,0
2018-06-21 00:00:00+00:00,0.0,0.0,625.0,51.0,0.0,24.600000381469727,625.7999877929688,1
2018-06-22 00:00:00+00:00,0.0,0.0,635.0,77.0,0.0,26.399999618530273,635.2000122070312,0
2018-06-23 00:00:00+00:00,0.0,0.0,614.0,46.0,0.0,24.700000762939453,614.2000122070312,0
2018-06-24 00:00:00+00:00,0.0,0.0,609.0,26.0,0.0,24.0,609.7000122070312,0
2018-06-25 00:00:00+00:00,0.0,0.0,604.0,22.0,0.0,23.899999618530273,604.2999877929688,1
2018-06-26 00:00:00+00:00,0.0,0.0,607.0,20.0,0.0,23.899999618530273,607.9000244140625,0
2018-06-27 00:00:00+00:00,0.0,0.0,615.0,23.0,0.0,24.600000381469727,615.7000122070312,0
2018-06-28 00:00:00+00:00,0.0,0.0,617.0,40.0,0.0,28.600000381469727,618.0999755859375,1
2018-06-29 00:00:00+00:00,0.0,0.0,618.0,31.0,0.0,26.399999618530273,618.0999755859375,0
2018-06-30 00:00:00+00:00,0.0,0.0,618.0,30.0,0.0,26.0,618.25,1
2018-07-01 00:00:00+00:00,0.0,0.0,628.0,72.0,0.0,30.0,628.5999755859375,1
2018-07-02 00:00:00+00:00,0.0,0.0,608.0,54.0,0.0,25.5,608.2999877929688,0
2018-07-03 00:00:00+00:00,0.0,0.0,603.0,18.0,0.0,23.600000381469727,603.7999877929688,0
2018-07-04 00:00:00+00:00,0.0,0.0,612.0,31.0,0.0,23.700000762939453,612.7000122070312,0
2018-07-05 00:00:00+00:00,-18.0,-30.0,612.0,22.0,-21.0,24.100000381469727,611.7999877929688,0
2018-07-06 00:00:00+00:00,-18.0,-30.0,626.0,43.0,-21.0,21.5,626.9000244140625,0
2018-07-07 00:00:00+00:00,-18.0,-29.0,643.0,72.0,-21.0,20.700000762939453,643.0,0
2018-07-08 00:00:00+00:00,-15.0,-22.0,673.0,99.0,-17.0,20.5,673.7000122070312,0
2018-07-09 00:00:00+00:00,-3.0,-4.0,673.5,99.0,-5.0,19.899999618530273,673.933349609375,0
2018-07-10 00:00:00+00:00,-1.0,-2.0,673.0,91.0,-4.0,19.600000381469727,673.7000122070312,1
2018-07-11 00:00:00+00:00,1.0,3.0,629.0,60.0,0.0,25.299999237060547,629.0,0
2018-07-12 00:00:00+00:00,-14.0,-23.0,634.0,70.0,-18.0,27.0,633.9500122070312,0
2018-07-13 00:00:00+00:00,-28.0,-45.0,629.0,63.0,-32.0,27.200000762939453,629.7999877929688,1
2018-07-14 00:00:00+00:00,0.0,0.0,629.0,73.0,0.0,28.299999237060547,629.7999877929688,1
2018-07-15 00:00:00+00:00,0.0,0.0,631.0,78.0,0.0,26.299999237060547,631.7999877929688,0
2018-07-16 00:00:00+00:00,-14.0,-22.0,634.0,75.0,-18.0,26.700000762939453,634.0999755859375,0
2018-07-17 00:00:00+00:00,-7.0,-12.0,630.0,70.0,-11.0,27.299999237060547,630.2999877929688,0
2018-07-18 00:00:00+00:00,0.0,0.0,627.0,74.0,0.0,27.0,627.5999755859375,1
2018-07-19 00:00:00+00:00,12.0,21.0,607.0,27.0,9.0,27.200000762939453,607.25,1
2018-07-20 00:00:00+00:00,0.0,0.0,613.0,27.0,-2.6666667461395264,27.299999237060547,613.4000244140625,1
2018-07-21 00:00:00+00:00,-34.0,-54.0,640.0,63.0,-39.0,28.399999618530273,640.2999877929688,1
2018-07-22 00:00:00+00:00,0.0,0.0,629.5,79.0,0.0,26.200000762939453,629.7999877929688,1
2018-07-23 00:00:00+00:00,-2.0,-3.0,628.0,68.0,-6.0,26.399999618530273,628.7000122070312,0
2018-07-24 00:00:00+00:00,1.0,2.0,608.0,40.0,0.0,25.700000762939453,608.4000244140625,0
2018-07-25 00:00:00+00:00,0.0,0.0,614.0,19.0,0.0,25.5,614.8499755859375,0
2018-07-26 00:00:00+00:00,-4.0,-6.0,619.0,30.0,-8.0,26.200000762939453,619.2000122070312,0
2018-07-27 00:00:00+00:00,0.0,0.0,616.0,76.0,0.0,25.700000762939453,616.0,1
2018-07-28 00:00:00+00:00,0.0,0.0,615.0,76.0,0.0,20.899999618530273,615.2000122070312,0
2018-07-29 00:00:00+00:00,0.0,0.0,615.0,76.0,0.0,19.5,615.0,0
2018-07-30 00:00:00+00:00,0.0,0.0,615.0,76.0,0.0,19.100000381469727,615.0,0
2018-07-31 00:00:00+00:00,0.0,0.0,614.0,76.0,0.0,18.899999618530273,614.5999755859375,0
2018-08-01 00:00:00+00:00,0.0,0.0,614.0,76.0,0.0,18.799999237060547,614.5999755859375,0
2018-08-02 00:00:00+00:00,0.0,0.0,614.0,76.0,0.0,18.799999237060547,614.5999755859375,0
2018-08-03 00:00:00+00:00,0.0,0.0,614.0,76.0,0.0,18.799999237060547,614.5,0
2018-08-04 00:00:00+00:00,0.0,0.0,614.0,76.0,0.0,18.799999237060547,614.4000244140625,0
2018-08-05 00:00:00+00:00,0.0,0.0,614.0,76.0,0.0,18.799999237060547,614.4000244140625,0
2018-08-06 00:00:00+00:00,0.0,0.0,614.0,76.0,0.0,18.799999237060547,614.4000244140625,0
2018-08-07 00:00:00+00:00,0.0,0.0,614.0,76.0,0.0,18.799999237060547,614.2000122070312,0
2018-08-08 00:00:00+00:00,0.0,0.0,614.0,76.0,0.0,18.799999237060547,614.0,0
2018-08-09 00:00:00+00:00,0.0,0.0,614.0,76.0,0.0,19.200000762939453,614.0,0
2018-08-10 00:00:00+00:00,0.0,0.0,614.0,76.0,0.0,19.600000381469727,614.0,0
2018-08-11 00:00:00+00:00,0.0,0.0,613.0,76.0,0.0,19.700000762939453,613.9000244140625,0
2018-08-12 00:00:00+00:00,0.0,0.0,613.0,76.0,0.0,19.799999237060547,613.9000244140625,0
2018-08-13 00:00:00+00:00,0.0,0.0,613.0,76.0,0.0,19.899999618530273,613.9000244140625,0
2018-08-14 00:00:00+00:00,0.0,0.0,613.0,76.0,0.0,19.799999237060547,613.5999755859375,0
2018-08-15 00:00:00+00:00,0.0,0.0,613.0,76.0,0.0,19.600000381469727,613.5999755859375,0
2018-08-16 00:00:00+00:00,0.0,0.0,613.0,76.0,0.0,19.5,613.5,0
2018-08-17 00:00:00+00:00,0.0,0.0,613.0,76.0,0.0,19.5,613.2999877929688,0
2018-08-18 00:00:00+00:00,0.0,0.0,613.0,76.0,0.0,19.600000381469727,613.2999877929688,0
2018-08-19 00:00:00+00:00,0.0,0.0,613.0,76.0,0.0,19.700000762939453,613.2999877929688,0
2018-08-20 00:00:00+00:00,0.0,0.0,613.0,76.0,0.0,19.799999237060547,613.2999877929688,0
2018-08-21 00:00:00+00:00,0.0,0.0,613.0,56.0,0.0,21.100000381469727,613.0999755859375,1
2018-08-22 00:00:00+00:00,-67.0,-91.0,650.0,52.0,-72.0,27.600000381469727,649.5999755859375,1
2018-08-23 00:00:00+00:00,0.0,0.0,634.0,78.0,0.0,29.100000381469727,634.5999755859375,0
2018-08-24 00:00:00+00:00,0.0,0.0,622.0,69.0,0.0,24.549999237060547,622.0999755859375,0
2018-08-25 00:00:00+00:00,0.0,0.0,616.0,45.0,0.0,22.799999237060547,616.2999877929688,0
2018-08-26 00:00:00+00:00,0.0,0.0,625.0,61.0,0.0,26.600000381469727,625.9000244140625,1
2018-08-27 00:00:00+00:00,0.0,0.0,630.0,78.0,0.0,26.299999237060547,630.7999877929688,0
2018-08-28 00:00:00+00:00,0.0,0.0,620.0,64.0,0.0,23.799999237060547,620.7000122070312,0
2018-08-29 00:00:00+00:00,0.0,0.0,622.0,64.0,0.0,24.799999237060547,622.0,0
2018-08-30 00:00:00+00:00,0.0,0.0,618.0,56.0,0.0,23.899999618530273,618.7000122070312,1
2018-08-31 00:00:00+00:00,0.0,0.0,611.0,52.0,0.0,25.200000762939453,611.7000122070312,0
2018-09-01 00:00:00+00:00,0.0,0.0,610.0,42.0,0.0,22.200000762939453,610.4000244140625,0
2018-09-02 00:00:00+00:00,0.0,0.0,609.0,34.0,0.0,21.799999237060547,609.4000244140625,0
2018-09-03 00:00:00+00:00,0.0,0.0,608.0,27.0,0.0,24.200000762939453,608.5,1
2018-09-04 00:00:00+00:00,0.0,0.0,613.0,29.0,0.0,26.0,613.9000244140625,1
2018-09-05 00:00:00+00:00,0.0,0.0,615.0,29.0,0.0,25.299999237060547,615.0999755859375,1
2018-09-06 00:00:00+00:00,0.0,0.0,612.0,32.0,0.0,25.0,612.5,1
2018-09-07 00:00:00+00:00,0.0,0.0,611.0,22.0,0.0,24.700000762939453,611.2999877929688,1
2018-09-08 00:00:00+00:00,0.0,0.0,630.0,82.0,0.0,27.100000381469727,630.2000122070312,1
2018-09-09 00:00:00+00:00,0.0,0.0,622.0,75.0,0.0,24.399999618530273,622.7000122070312,0
2018-09-10 00:00:00+00:00,0.0,0.0,613.0,45.0,0.0,23.0,613.2999877929688,0
2018-09-11 00:00:00+00:00,0.0,0.0,607.0,26.0,0.0,23.299999237060547,607.9000244140625,0
2018-09-12 00:00:00+00:00,0.0,0.0,605.0,23.0,0.0,24.0,605.0,1
2018-09-13 00:00:00+00:00,0.0,0.0,630.0,71.0,0.0,27.0,630.4000244140625,1
2018-09-14 00:00:00+00:00,0.0,0.0,627.5,78.0,0.0,25.299999237060547,628.0,1
2018-09-15 00:00:00+00:00,0.0,0.0,620.0,70.0,0.0,23.299999237060547,620.2999877929688,1
2018-09-16 00:00:00+00:00,0.0,0.0,638.0,99.0,0.0,25.899999618530273,638.0,1
2018-09-17 00:00:00+00:00,0.0,0.0,636.0,99.0,0.0,21.0,636.0,0
2018-09-18 00:00:00+00:00,0.0,0.0,635.0,99.0,0.0,19.5,635.4000244140625,0
2018-09-19 00:00:00+00:00,0.0,0.0,635.0,99.0,0.0,19.200000762939453,635.2000122070312,1
2018-09-20 00:00:00+00:00,0.0,0.0,627.0,42.0,0.0,23.899999618530273,627.5999755859375,1
2018-09-21 00:00:00+00:00,0.0,0.0,624.0,68.0,0.0,25.600000381469727,624.0999755859375,0
2018-09-22 00:00:00+00:00,0.0,0.0,635.0,77.0,0.0,26.700000762939453,635.0999755859375,0
2018-09-23 00:00:00+00:00,15.0,24.5,621.0,66.0,11.0,26.399999618530273,621.4000244140625,0
2018-09-24 00:00:00+00:00,0.0,0.0,630.0,83.0,0.0,28.5,630.7000122070312,1
2018-09-25 00:00:00+00:00,0.0,0.0,623.0,73.0,0.0,22.700000762939453,623.7999877929688,0
2018-09-26 00:00:00+00:00,0.0,0.0,607.0,33.0,0.0,21.200000762939453,607.7999877929688,0
2018-09-27 00:00:00+00:00,0.0,0.0,613.0,37.0,0.0,20.0,612.7999877929688,0
2018-09-28 00:00:00+00:00,0.0,0.0,606.0,24.0,0.0,22.700000762939453,606.0999755859375,1
2018-09-29 00:00:00+00:00,0.0,0.0,619.0,52.0,0.0,25.100000381469727,619.7999877929688,1
2018-09-30 00:00:00+00:00,1.0,2.0,617.0,47.0,0.0,26.0,616.9000244140625,1
2018-10-01 00:00:00+00:00,0.0,0.0,609.0,42.0,0.0,26.5,609.4000244140625,1
2018-10-02 00:00:00+00:00,0.0,0.0,628.0,68.0,0.0,27.899999618530273,628.7999877929688,1
2018-10-03 00:00:00+00:00,0.0,0.0,606.0,50.0,0.0,26.299999237060547,606.7999877929688,1
2018-10-04 00:00:00+00:00,0.0,0.0,604.0,44.0,0.0,21.100000381469727,604.2000122070312,0
2018-10-05 00:00:00+00:00,-47.0,-74.0,626.0,41.0,-51.0,20.200000762939453,626.7000122070312,0
2018-10-06 00:00:00+00:00,-26.0,-39.0,673.0,99.0,-29.0,21.600000381469727,673.7999877929688,0
2018-10-07 00:00:00+00:00,-3.0,-5.0,674.0,99.0,-6.0,20.399999618530273,674.0,0
2018-10-08 00:00:00+00:00,-2.5,-3.5,674.0,99.0,-5.0,19.5,674.2000122070312,0
2018-10-09 00:00:00+00:00,-2.0,-3.0,674.0,99.0,-4.5,19.299999237060547,674.2000122070312,0
2018-10-10 00:00:00+00:00,0.0,0.0,673.0,99.0,-3.5,27.399999618530273,673.9000244140625,0
2018-10-11 00:00:00+00:00,0.0,0.0,637.0,99.0,0.0,26.899999618530273,637.9000244140625,1
2018-10-12 00:00:00+00:00,0.0,0.0,620.0,58.0,0.0,22.100000381469727,620.2000122070312,0
2018-10-13 00:00:00+00:00,0.0,0.0,617.0,51.0,0.0,19.899999618530273,617.2000122070312,0
2018-10-14 00:00:00+00:00,0.0,0.0,614.0,41.0,0.0,19.399999618530273,614.5999755859375,1
2018-10-15 00:00:00+00:00,0.0,0.0,608.0,28.0,0.0,25.100000381469727,608.0,1
2018-10-16 00:00:00+00:00,0.0,0.0,625.0,65.0,0.0,25.5,625.9000244140625,1
2018-10-17 00:00:00+00:00,0.0,0.0,630.0,85.0,0.0,23.200000762939453,630.0999755859375,0
2018-10-18 00:00:00+00:00,0.0,0.0,619.0,64.0,0.0,20.399999618530273,620.0,0
2018-10-19 00:00:00+00:00,0.0,0.0,612.0,42.0,0.0,19.799999237060547,612.2000122070312,0
2018-10-20 00:00:00+00:00,0.0,0.0,620.0,54.0,0.0,21.799999237060547,620.0,1
2018-10-21 00:00:00+00:00,0.0,0.0,622.0,75.0,0.0,23.100000381469727,622.5999755859375,0
2018-10-22 00:00:00+00:00,0.0,0.0,622.0,69.0,0.0,20.299999237060547,622.2000122070312,0
2018-10-23 00:00:00+00:00,0.0,0.0,608.0,36.0,0.0,19.899999618530273,608.5,0
2018-10-24 00:00:00+00:00,0.0,0.0,612.0,41.0,0.0,24.799999237060547,613.0,1
2018-10-25 00:00:00+00:00,0.0,0.0,621.0,57.0,0.0,23.399999618530273,621.0999755859375,0
2018-10-26 00:00:00+00:00,0.0,0.0,617.0,61.0,0.0,20.799999237060547,617.4000244140625,0
2018-10-27 00:00:00+00:00,0.0,0.0,612.0,45.0,0.0,19.899999618530273,612.0,0
2018-10-28 00:00:00+00:00,0.0,0.0,607.0,57.0,0.0,23.600000381469727,607.2999877929688,1
2018-10-29 00:00:00+00:00,0.0,0.0,605.0,31.0,0.0,22.799999237060547,605.2000122070312,0
2018-10-30 00:00:00+00:00,0.0,0.0,614.0,40.0,0.0,22.0,614.5,0
2018-10-31 00:00:00+00:00,0.0,0.0,625.0,55.0,0.0,22.700000762939453,625.9000244140625,1
2018-11-01 00:00:00+00:00,0.0,0.0,619.0,75.0,0.0,22.200000762939453,619.5999755859375,0
2018-11-02 00:00:00+00:00,0.0,0.0,616.0,57.0,0.0,20.100000381469727,616.4000244140625,0
2018-11-03 00:00:00+00:00,0.0,0.0,618.0,59.0,0.0,19.600000381469727,618.0999755859375,0
2018-11-04 00:00:00+00:00,0.0,0.0,623.0,65.0,0.0,19.399999618530273,623.5999755859375,1
2018-11-05 00:00:00+00:00,0.0,0.0,639.0,99.0,0.0,23.700000762939453,639.7000122070312,0
2018-11-06 00:00:00+00:00,0.0,0.0,630.0,94.0,0.0,24.899999618530273,629.7999877929688,0
2018-11-07 00:00:00+00:00,0.0,0.0,622.0,64.0,0.0,26.299999237060547,622.4000244140625,0
2018-11-08 00:00:00+00:00,0.0,0.0,616.0,50.0,0.0,27.399999618530273,616.2999877929688,1
2018-11-09 00:00:00+00:00,0.0,0.0,616.8333740234375,69.0,0.0,32.099998474121094,617.2000122070312,1
2018-11-10 00:00:00+00:00,0.0,0.0,614.0,25.0,0.0,29.399999618530273,614.0,0
2018-11-11 00:00:00+00:00,0.0,0.0,623.0,61.0,0.0,28.5,623.5999755859375,0
2018-11-12 00:00:00+00:00,0.0,0.0,619.0,58.0,0.0,26.600000381469727,619.2000122070312,0
2018-11-13 00:00:00+00:00,1.0,3.0,623.0,69.0,0.0,30.799999237060547,623.0,1
2018-11-14 00:00:00+00:00,1.0,3.0,620.0,66.0,0.0,26.299999237060547,620.2000122070312,0
2018-11-15 00:00:00+00:00,1.0,3.0,617.0,62.0,0.0,21.700000762939453,617.2999877929688,0
2018-11-16 00:00:00+00:00,0.0,0.0,615.0,60.0,0.0,23.399999618530273,615.9000244140625,1
2018-11-17 00:00:00+00:00,0.0,0.0,615.0,55.0,0.0,21.5,615.0999755859375,0
2018-11-18 00:00:00+00:00,0.0,0.0,606.0,29.0,0.0,20.200000762939453,606.2000122070312,0
2018-11-19 00:00:00+00:00,0.0,0.0,611.0,37.0,0.0,19.899999618530273,611.7000122070312,0
2018-11-20 00:00:00+00:00,0.0,0.0,610.0,42.0,0.0,24.0,610.4000244140625,1
2018-11-21 00:00:00+00:00,0.0,0.0,609.0,39.0,0.0,20.799999237060547,609.2000122070312,0
2018-11-22 00:00:00+00:00,0.0,0.0,608.0,39.0,0.0,19.600000381469727,608.5999755859375,0
2018-11-23 00:00:00+00:00,0.0,0.0,621.0,55.0,0.0,20.600000381469727,621.0,0
2018-11-24 00:00:00+00:00,0.0,0.0,617.0,60.0,0.0,23.100000381469727,617.5,1
2018-11-25 00:00:00+00:00,0.0,0.0,605.0,29.0,0.0,21.0,605.4000244140625,0
2018-11-26 00:00:00+00:00,0.0,0.0,616.0,52.0,0.0,21.100000381469727,616.9000244140625,0
2018-11-27 00:00:00+00:00,0.0,0.0,607.0,57.0,0.0,21.799999237060547,608.2000122070312,0
2018-11-28 00:00:00+00:00,0.0,0.0,598.0,41.0,0.0,21.0,598.9000244140625,0
2018-11-29 00:00:00+00:00,0.0,0.0,598.0,41.0,0.0,19.799999237060547,598.5999755859375,0
2018-11-30 00:00:00+00:00,0.0,0.0,598.0,41.0,0.0,19.399999618530273,598.5999755859375,0
2018-12-01 00:00:00+00:00,0.0,0.0,598.0,41.0,0.0,19.299999237060547,598.4000244140625,0
2018-12-02 00:00:00+00:00,0.0,0.0,598.0,41.0,0.0,19.200000762939453,598.4000244140625,0
2018-12-03 00:00:00+00:00,0.0,0.0,598.0,41.0,0.0,19.200000762939453,598.4000244140625,0
2018-12-04 00:00:00+00:00,0.0,0.0,598.0,41.0,0.0,19.100000381469727,598.2999877929688,0
2018-12-05 00:00:00+00:00,0.0,0.0,598.0,41.0,0.0,19.100000381469727,598.2000122070312,0
2018-12-06 00:00:00+00:00,0.0,0.0,598.0,41.0,0.0,19.100000381469727,598.2000122070312,0
2018-12-07 00:00:00+00:00,0.0,0.0,598.0,41.0,0.0,19.100000381469727,598.2000122070312,0
2018-12-08 00:00:00+00:00,0.0,0.0,598.0,41.0,0.0,19.0,598.0,0
2018-12-09 00:00:00+00:00,0.0,0.0,597.0,41.0,0.0,19.0,597.7999877929688,0
2018-12-10 00:00:00+00:00,0.0,0.0,597.0,41.0,0.0,19.0,597.7999877929688,0
2018-12-11 00:00:00+00:00,0.0,0.0,604.0,41.0,0.0,19.0,601.7999877929688,1
2018-12-12 00:00:00+00:00,-24.0,-35.0,684.0,92.0,-27.0,24.799999237060547,684.0999755859375,1
2018-12-13 00:00:00+00:00,0.0,0.0,618.0,54.0,0.0,28.600000381469727,618.4000244140625,1
2018-12-14 00:00:00+00:00,0.0,0.0,616.0,48.0,0.0,21.799999237060547,616.5999755859375,0
2018-12-15 00:00:00+00:00,0.0,0.0,616.0,48.0,0.0,19.899999618530273,616.2999877929688,0
2018-12-16 00:00:00+00:00,0.0,0.0,616.0,47.0,0.0,19.5,616.2999877929688,1
2018-12-17 00:00:00+00:00,0.0,0.0,638.0,97.0,0.0,21.5,638.7000122070312,0
2018-12-18 00:00:00+00:00,0.0,0.0,637.0,97.0,0.0,20.0,637.0,0
2018-12-19 00:00:00+00:00,0.0,0.0,636.0,97.0,0.0,19.5,636.4000244140625,0
2018-12-20 00:00:00+00:00,0.0,0.0,635.0,97.0,0.0,19.5,635.7999877929688,0
2018-12-21 00:00:00+00:00,0.0,0.0,635.0,97.0,0.0,19.299999237060547,635.4000244140625,0
2018-12-22 00:00:00+00:00,0.0,0.0,635.0,97.0,0.0,19.200000762939453,635.2000122070312,0
2018-12-23 00:00:00+00:00,0.0,0.0,634.0,97.0,0.0,19.100000381469727,634.9000244140625,0
2018-12-24 00:00:00+00:00,0.0,0.0,634.0,97.0,0.0,19.100000381469727,634.7999877929688,0
2018-12-25 00:00:00+00:00,0.0,0.0,634.0,97.0,0.0,19.100000381469727,634.4000244140625,0
2018-12-26 00:00:00+00:00,0.0,0.0,634.0,97.0,0.0,18.899999618530273,634.2000122070312,0
2018-12-27 00:00:00+00:00,0.0,0.0,634.0,97.0,0.0,19.0,634.2000122070312,0
2018-12-28 00:00:00+00:00,0.0,0.0,634.0,97.0,0.0,19.100000381469727,634.0,0
2018-12-29 00:00:00+00:00,0.0,0.0,633.0,97.0,0.0,19.200000762939453,633.7000122070312,0
2018-12-30 00:00:00+00:00,0.0,0.0,633.0,97.0,0.0,19.200000762939453,633.5999755859375,0
2018-12-31 00:00:00+00:00,0.0,0.0,633.0,97.0,0.0,19.100000381469727,633.4000244140625,0
2019-01-01 00:00:00+00:00,0.0,0.0,633.0,97.0,0.0,19.100000381469727,633.4000244140625,0
2019-01-02 00:00:00+00:00,0.0,0.0,633.0,97.0,0.0,19.100000381469727,633.2000122070312,0
2019-01-03 00:00:00+00:00,0.0,0.0,633.0,97.0,0.0,19.100000381469727,633.0999755859375,0
2019-01-04 00:00:00+00:00,0.0,0.0,633.0,97.0,0.0,19.100000381469727,633.0,0
2019-01-05 00:00:00+00:00,0.0,0.0,632.0,97.0,0.0,19.100000381469727,632.7999877929688,0
2019-01-06 00:00:00+00:00,0.0,0.0,632.0,97.0,0.0,19.0,632.7999877929688,0
2019-01-07 00:00:00+00:00,0.0,0.0,632.0,97.0,0.0,19.0,632.5999755859375,0
2019-01-08 00:00:00+00:00,0.0,0.0,632.0,97.0,0.0,19.0,632.5999755859375,0
2019-01-09 00:00:00+00:00,0.0,0.0,632.0,97.0,0.0,19.100000381469727,632.5,0
2019-01-10 00:00:00+00:00,0.0,0.0,632.0,97.0,0.0,19.100000381469727,632.4000244140625,0
2019-01-11 00:00:00+00:00,0.0,0.0,632.0,97.0,0.0,19.100000381469727,632.4000244140625,0
2019-01-12 00:00:00+00:00,0.0,0.0,632.0,97.0,0.0,19.299999237060547,632.4000244140625,0
2019-01-13 00:00:00+00:00,0.0,0.0,632.0,97.0,0.0,19.299999237060547,632.2000122070312,0
2019-01-14 00:00:00+00:00,0.0,0.0,632.0,97.0,0.0,19.299999237060547,632.0,0
2019-01-15 00:00:00+00:00,0.0,0.0,632.0,97.0,0.0,19.299999237060547,632.0,0
2019-01-16 00:00:00+00:00,0.0,0.0,631.0,97.0,0.0,19.299999237060547,631.9000244140625,0
2019-01-17 00:00:00+00:00,1.0,3.0,625.0,65.0,0.0,22.799999237060547,625.2000122070312,0
2019-01-18 00:00:00+00:00,0.0,0.0,607.0,35.0,0.0,22.700000762939453,607.7999877929688,1
2019-01-19 00:00:00+00:00,0.0,0.0,607.0,28.0,0.0,21.600000381469727,607.7999877929688,0
2019-01-20 00:00:00+00:00,0.0,0.0,615.0,44.0,0.0,21.399999618530273,615.7000122070312,1
2019-01-21 00:00:00+00:00,0.0,0.0,607.0,32.0,0.0,21.899999618530273,607.2999877929688,1
2019-01-22 00:00:00+00:00,0.0,0.0,606.0,29.0,0.0,22.899999618530273,606.0,1
2019-01-23 00:00:00+00:00,0.0,0.0,608.0,37.0,0.0,26.399999618530273,608.5999755859375,1
2019-01-24 00:00:00+00:00,0.0,0.0,604.0,24.0,0.0,24.0,604.2000122070312,1
2019-01-25 00:00:00+00:00,0.0,0.0,608.0,25.0,0.0,21.700000762939453,609.0,1
2019-01-26 00:00:00+00:00,0.0,0.0,636.0,70.0,0.0,23.200000762939453,636.2000122070312,0
2019-01-27 00:00:00+00:00,0.0,0.0,624.0,67.0,0.0,22.5,624.7000122070312,0
2019-01-28 00:00:00+00:00,0.0,0.0,623.0,64.0,0.0,21.799999237060547,623.5999755859375,0
2019-01-29 00:00:00+00:00,0.0,0.0,627.0,58.0,0.0,26.700000762939453,627.5999755859375,1
2019-01-30 00:00:00+00:00,0.0,0.0,614.0,54.0,0.0,30.200000762939453,614.5,1
2019-01-31 00:00:00+00:00,-6.0,-9.0,669.0,65.0,-9.0,27.899999618530273,669.2999877929688,0
2019-02-01 00:00:00+00:00,0.0,-2.0,661.0,99.0,-4.0,24.0,661.7000122070312,0
2019-02-02 00:00:00+00:00,0.0,0.0,637.0,98.0,0.0,20.299999237060547,637.5999755859375,0
2019-02-03 00:00:00+00:00,0.0,0.0,634.0,90.0,0.0,19.700000762939453,634.0,1
2019-02-04 00:00:00+00:00,0.0,0.0,612.0,62.0,0.0,26.299999237060547,612.9000244140625,1
2019-02-05 00:00:00+00:00,0.0,0.0,616.0,36.0,0.0,22.0,616.2999877929688,0
2019-02-06 00:00:00+00:00,0.0,0.0,617.0,41.0,0.0,20.299999237060547,617.2000122070312,0
2019-02-07 00:00:00+00:00,0.0,0.0,615.0,41.0,0.0,19.799999237060547,615.4000244140625,1
2019-02-08 00:00:00+00:00,-60.0,-90.0,657.0,88.0,-64.0,24.600000381469727,657.0999755859375,1
2019-02-09 00:00:00+00:00,-60.0,-79.0,660.0,90.0,-64.0,25.100000381469727,660.2000122070312,1
2019-02-10 00:00:00+00:00,0.0,0.0,632.0,83.0,0.0,23.299999237060547,632.574951171875,0
2019-02-11 00:00:00+00:00,0.0,0.0,614.0,40.0,0.0,22.100000381469727,614.2000122070312,0
2019-02-12 00:00:00+00:00,0.0,0.0,615.0,41.0,0.0,20.399999618530273,615.2999877929688,0
2019-02-13 00:00:00+00:00,0.0,0.0,613.0,42.0,0.0,21.200000762939453,613.5,1
2019-02-14 00:00:00+00:00,0.0,0.0,625.0,61.0,0.0,26.100000381469727,625.5999755859375,1
2019-02-15 00:00:00+00:00,0.0,0.0,614.0,44.0,0.0,26.100000381469727,614.5,1
2019-02-16 00:00:00+00:00,-60.0,-79.0,655.0,75.0,-64.0,28.200000762939453,655.0999755859375,1
2019-02-17 00:00:00+00:00,0.0,0.0,636.0,77.0,0.0,24.299999237060547,636.0999755859375,0
2019-02-18 00:00:00+00:00,0.0,0.0,619.0,59.0,0.0,23.200000762939453,619.0999755859375,0
2019-02-19 00:00:00+00:00,0.0,0.0,615.0,35.0,0.0,21.0,615.7999877929688,1
2019-02-20 00:00:00+00:00,0.0,0.0,619.0,43.0,0.0,25.0,619.5,1
2019-02-21 00:00:00+00:00,0.0,0.0,621.0,56.0,0.0,23.0,621.9000244140625,0
2019-02-22 00:00:00+00:00,0.0,0.0,620.0,56.0,0.0,20.299999237060547,620.9000244140625,0
2019-02-23 00:00:00+00:00,0.0,0.0,620.0,56.0,0.0,19.299999237060547,620.5,0
2019-02-24 00:00:00+00:00,0.0,0.0,620.0,56.0,0.0,19.100000381469727,620.2000122070312,0
2019-02-25 00:00:00+00:00,0.0,0.0,620.0,56.0,0.0,19.0,620.0,0
2019-02-26 00:00:00+00:00,0.0,0.0,620.0,56.0,0.0,19.0,620.0,0
2019-02-27 00:00:00+00:00,0.0,0.0,619.0,56.0,0.0,18.899999618530273,619.9000244140625,0
2019-02-28 00:00:00+00:00,0.0,0.0,619.0,56.0,0.0,18.899999618530273,619.7999877929688,0
2019-03-01 00:00:00+00:00,0.0,0.0,619.0,56.0,0.0,18.799999237060547,619.5999755859375,0
2019-03-02 00:00:00+00:00,0.0,0.0,619.0,56.0,0.0,18.899999618530273,619.5999755859375,0
2019-03-03 00:00:00+00:00,0.0,0.0,619.0,56.0,0.0,19.0,619.4000244140625,0
2019-03-04 00:00:00+00:00,0.0,0.0,619.0,56.0,0.0,19.0,619.2999877929688,0
2019-03-05 00:00:00+00:00,0.0,0.0,619.0,56.0,0.0,19.0,619.2999877929688,0
2019-03-06 00:00:00+00:00,0.0,0.0,619.0,56.0,0.0,19.0,619.2000122070312,0
2019-03-07 00:00:00+00:00,0.0,0.0,619.0,56.0,0.0,18.899999618530273,619.0,0
2019-03-08 00:00:00+00:00,0.0,0.0,619.0,56.0,0.0,19.200000762939453,619.0,1
2019-03-09 00:00:00+00:00,0.0,0.0,605.0,21.0,0.0,21.799999237060547,605.7999877929688,1
2019-03-10 00:00:00+00:00,0.0,0.0,609.0,28.0,0.0,23.0,609.2000122070312,1
2019-03-11 00:00:00+00:00,0.0,0.0,610.0,58.0,0.0,25.799999237060547,610.5999755859375,1
2019-03-12 00:00:00+00:00,0.0,0.0,611.0,34.0,0.0,23.299999237060547,611.9000244140625,1
2019-03-13 00:00:00+00:00,0.0,0.0,621.0,44.0,0.0,23.100000381469727,621.0999755859375,1
2019-03-14 00:00:00+00:00,0.0,0.0,615.0,38.0,0.0,25.399999618530273,615.5,1
2019-03-15 00:00:00+00:00,0.0,0.0,613.0,36.0,0.0,21.600000381469727,613.5,0
2019-03-16 00:00:00+00:00,0.0,0.0,612.0,29.0,0.0,20.5,612.7000122070312,0
2019-03-17 00:00:00+00:00,0.0,0.0,633.0,62.0,0.0,22.600000381469727,633.0,0
2019-03-18 00:00:00+00:00,0.0,0.0,625.0,59.0,0.0,23.299999237060547,625.4000244140625,1
2019-03-19 00:00:00+00:00,25.0,42.0,606.0,74.0,22.0,26.299999237060547,606.0999755859375,1
2019-03-20 00:00:00+00:00,,,,,,,,
2019-03-21 00:00:00+00:00,,,,,,,,
2019-03-22 00:00:00+00:00,,,,,,,,
2019-03-23 00:00:00+00:00,,,,,,,,
2019-03-24 00:00:00+00:00,,,,,,,,
2019-03-25 00:00:00+00:00,0.0,0.0,624.0,57.0,0.0,23.0,624.7000122070312,0
2019-03-26 00:00:00+00:00,0.0,0.0,617.0,56.0,0.0,24.100000381469727,617.9000244140625,1
2019-03-27 00:00:00+00:00,0.0,0.0,615.0,35.0,0.0,21.600000381469727,615.7000122070312,1
2019-03-28 00:00:00+00:00,0.0,0.0,618.0,55.0,0.0,25.899999618530273,618.9000244140625,1
2019-03-29 00:00:00+00:00,0.0,0.0,615.0,31.0,0.0,22.299999237060547,615.7000122070312,0
2019-03-30 00:00:00+00:00,0.0,0.0,618.0,36.0,0.0,20.700000762939453,618.4000244140625,0
2019-03-31 00:00:00+00:00,0.0,0.0,626.0,54.0,0.0,20.700000762939453,626.5,0
2019-04-01 00:00:00+00:00,0.0,0.0,622.0,51.0,0.0,21.600000381469727,622.0999755859375,0
2019-04-02 00:00:00+00:00,0.0,0.0,626.0,51.0,0.0,22.399999618530273,626.4000244140625,0
2019-04-03 00:00:00+00:00,0.0,0.0,608.0,32.0,0.0,21.200000762939453,608.7999877929688,0
2019-04-04 00:00:00+00:00,0.0,0.0,613.0,31.0,0.0,20.899999618530273,613.5999755859375,0
2019-04-05 00:00:00+00:00,0.0,0.0,616.0,36.0,0.0,21.299999237060547,616.0,0
2019-04-06 00:00:00+00:00,0.0,0.0,613.0,29.0,0.0,20.899999618530273,613.0,1
2019-04-07 00:00:00+00:00,0.0,0.0,618.0,38.0,0.0,20.600000381469727,619.0,0
2019-04-08 00:00:00+00:00,0.0,0.0,612.0,33.0,0.0,20.200000762939453,612.7000122070312,0
2019-04-09 00:00:00+00:00,0.0,0.0,613.0,28.0,0.0,20.100000381469727,613.0,1
2019-04-10 00:00:00+00:00,0.0,0.0,617.0,42.0,0.0,20.700000762939453,617.2999877929688,0
2019-04-11 00:00:00+00:00,0.0,0.0,622.0,50.0,0.0,20.399999618530273,622.2999877929688,0
2019-04-12 00:00:00+00:00,0.0,0.0,623.0,54.0,0.0,21.100000381469727,623.2000122070312,0
2019-04-13 00:00:00+00:00,0.0,0.0,611.0,33.0,0.0,21.0,611.5,0
2019-04-14 00:00:00+00:00,0.0,0.0,616.0,39.0,0.0,20.700000762939453,616.2999877929688,0
2019-04-15 00:00:00+00:00,0.0,0.0,616.0,36.0,0.0,20.899999618530273,616.9000244140625,1
2019-04-16 00:00:00+00:00,0.0,0.0,610.0,39.0,0.0,24.700000762939453,610.0,1
2019-04-17 00:00:00+00:00,0.0,0.0,618.0,48.0,0.0,24.5,618.0999755859375,1
2019-04-18 00:00:00+00:00,0.0,0.0,631.0,58.0,0.0,22.799999237060547,631.7999877929688,1
2019-04-19 00:00:00+00:00,0.0,0.0,623.0,65.0,0.0,24.799999237060547,623.7999877929688,0
2019-04-20 00:00:00+00:00,0.0,0.0,615.0,60.0,0.0,24.600000381469727,615.4000244140625,0
2019-04-21 00:00:00+00:00,0.0,0.0,609.0,30.0,0.0,21.899999618530273,609.7000122070312,0
2019-04-22 00:00:00+00:00,0.0,0.0,613.0,34.0,0.0,21.200000762939453,613.9000244140625,0
2019-04-23 00:00:00+00:00,0.0,0.0,614.0,41.0,0.0,21.200000762939453,614.9000244140625,0
2019-04-24 00:00:00+00:00,0.0,0.0,621.0,38.0,0.0,20.799999237060547,621.0999755859375,0
2019-04-25 00:00:00+00:00,-5.0,-8.0,702.0,99.0,-8.0,23.799999237060547,702.0999755859375,0
2019-04-26 00:00:00+00:00,-5.0,-8.0,676.5,56.0,-8.0,28.200000762939453,677.0,0
2019-04-27 00:00:00+00:00,0.0,-1.0,668.0,99.0,-3.0,24.100000381469727,668.0,0
2019-04-28 00:00:00+00:00,0.0,-1.0,672.0,99.0,-3.0,20.399999618530273,672.2999877929688,0
2019-04-29 00:00:00+00:00,0.0,-1.0,674.0,99.0,-3.0,19.700000762939453,674.2000122070312,0
2019-04-30 00:00:00+00:00,0.0,0.0,616.0,41.0,0.0,20.299999237060547,616.5999755859375,0
2019-05-01 00:00:00+00:00,0.0,0.0,622.0,41.0,0.0,20.600000381469727,622.9000244140625,0
2019-05-02 00:00:00+00:00,0.0,0.0,633.0,63.0,0.0,23.399999618530273,633.0,0
2019-05-03 00:00:00+00:00,0.0,0.0,632.0,61.0,0.0,24.600000381469727,632.5,0
2019-05-04 00:00:00+00:00,-4.0,-7.0,634.0,63.0,-10.0,25.299999237060547,634.0250244140625,0
2019-05-05 00:00:00+00:00,0.0,0.0,615.0,52.0,0.0,25.0,615.4000244140625,0
2019-05-06 00:00:00+00:00,0.0,0.0,616.0,38.0,0.0,21.200000762939453,616.0999755859375,0
2019-05-07 00:00:00+00:00,0.0,0.0,618.0,43.0,0.0,20.600000381469727,618.5,0
2019-05-08 00:00:00+00:00,0.0,0.0,619.0,44.0,0.0,20.299999237060547,619.7000122070312,0
2019-05-09 00:00:00+00:00,0.0,0.0,620.0,48.0,0.0,20.600000381469727,620.7000122070312,0
2019-05-10 00:00:00+00:00,0.0,0.0,616.0,44.0,0.0,20.100000381469727,616.9000244140625,0
2019-05-11 00:00:00+00:00,0.0,0.0,616.0,32.0,0.0,20.25,616.5,0
2019-05-12 00:00:00+00:00,0.0,0.0,624.0,46.0,0.0,21.100000381469727,624.0999755859375,0
2019-05-13 00:00:00+00:00,0.0,0.0,615.0,52.0,0.0,22.100000381469727,615.9000244140625,0
2019-05-14 00:00:00+00:00,0.0,0.0,616.0,39.0,0.0,20.600000381469727,616.7000122070312,0
2019-05-15 00:00:00+00:00,0.0,0.0,614.0,33.0,0.0,22.0,614.2000122070312,0
2019-05-16 00:00:00+00:00,0.0,0.0,612.0,28.0,0.0,21.100000381469727,612.7000122070312,1
2019-05-17 00:00:00+00:00,0.0,0.0,612.0,28.0,0.0,20.5,612.0999755859375,1
2019-05-18 00:00:00+00:00,0.0,0.0,618.0,38.0,0.0,21.200000762939453,618.7000122070312,1
2019-05-19 00:00:00+00:00,0.0,0.0,620.0,48.0,0.0,20.5,620.7999877929688,0
2019-05-20 00:00:00+00:00,0.0,0.0,618.0,47.0,0.0,20.5,618.4000244140625,1
2019-05-21 00:00:00+00:00,0.0,0.0,617.0,36.0,0.0,20.600000381469727,617.5,1
2019-05-22 00:00:00+00:00,0.0,0.0,618.0,39.0,0.0,20.100000381469727,618.0999755859375,0
2019-05-23 00:00:00+00:00,0.0,0.0,617.0,45.0,0.0,20.0,617.7999877929688,1
2019-05-24 00:00:00+00:00,0.0,0.0,618.0,47.0,0.0,21.100000381469727,618.7000122070312,1
2019-05-25 00:00:00+00:00,-36.0,-57.5,634.0,65.0,-42.0,26.299999237060547,634.5999755859375,1
2019-05-26 00:00:00+00:00,0.0,0.0,623.0,29.0,0.0,25.0,624.0,0
2019-05-27 00:00:00+00:00,0.0,0.0,623.0,31.0,0.0,22.700000762939453,623.9000244140625,0
2019-05-28 00:00:00+00:00,0.0,0.0,628.0,37.0,0.0,21.299999237060547,628.3499755859375,0
2019-05-29 00:00:00+00:00,0.0,0.0,631.0,43.0,0.0,20.5,631.4000244140625,0
2019-05-30 00:00:00+00:00,0.0,0.0,626.0,39.0,0.0,19.799999237060547,626.4000244140625,0
2019-05-31 00:00:00+00:00,0.0,0.0,625.0,38.0,0.0,19.200000762939453,625.2000122070312,0
2019-06-01 00:00:00+00:00,0.0,0.0,628.0,40.0,0.0,19.200000762939453,628.2999877929688,0
2019-06-02 00:00:00+00:00,0.0,0.0,625.0,39.0,0.0,19.0,625.7999877929688,0
2019-06-03 00:00:00+00:00,0.0,0.0,623.0,35.0,0.0,19.399999618530273,623.2000122070312,1
2019-06-04 00:00:00+00:00,0.0,0.0,619.0,46.0,0.0,23.600000381469727,619.9000244140625,1
2019-06-05 00:00:00+00:00,0.0,0.0,615.0,39.0,0.0,22.100000381469727,615.4000244140625,0
2019-06-06 00:00:00+00:00,0.0,0.0,613.0,35.0,0.0,20.899999618530273,613.9000244140625,0
2019-06-07 00:00:00+00:00,0.0,0.0,621.0,52.0,0.0,21.5,621.7000122070312,1
2019-06-08 00:00:00+00:00,-19.0,-31.0,635.0,80.0,-25.5,24.700000762939453,636.0,1
2019-06-09 00:00:00+00:00,0.0,0.0,610.0,32.0,0.0,22.100000381469727,610.0999755859375,0
2019-06-10 00:00:00+00:00,0.0,0.0,610.0,30.0,0.0,20.600000381469727,610.7999877929688,0
2019-06-11 00:00:00+00:00,0.0,0.0,614.0,34.0,0.0,20.5,614.2000122070312,0
2019-06-12 00:00:00+00:00,0.0,0.0,618.0,43.0,0.0,20.700000762939453,618.7000122070312,0
2019-06-13 00:00:00+00:00,0.0,0.0,616.0,39.0,0.0,20.899999618530273,616.5999755859375,1
2019-06-14 00:00:00+00:00,0.0,0.0,612.0,36.0,0.0,21.0,612.5,1
2019-06-15 00:00:00+00:00,0.0,0.0,610.0,30.0,0.0,20.100000381469727,610.2000122070312,1
2019-06-16 00:00:00+00:00,0.0,0.0,620.0,44.0,0.0,20.5,620.4000244140625,0
2019-06-17 00:00:00+00:00,0.0,0.0,618.0,46.0,0.0,20.100000381469727,618.0,0
2019-06-18 00:00:00+00:00,0.0,0.0,612.0,35.0,0.0,20.200000762939453,612.0999755859375,0
2019-06-19 00:00:00+00:00,0.0,0.0,613.0,29.0,0.0,20.200000762939453,613.2999877929688,1
2019-06-20 00:00:00+00:00,0.0,0.0,612.0,29.0,0.0,20.299999237060547,612.0999755859375,0
2019-06-21 00:00:00+00:00,0.0,0.0,619.0,44.0,0.0,20.600000381469727,619.0,0
2019-06-22 00:00:00+00:00,0.0,0.0,645.5,83.0,0.0,22.200000762939453,646.0,0
2019-06-23 00:00:00+00:00,0.0,0.0,615.0,48.0,0.0,22.5,615.2999877929688,1
2019-06-24 00:00:00+00:00,0.0,0.0,613.0,43.0,0.0,20.899999618530273,613.5999755859375,0
2019-06-25 00:00:00+00:00,0.0,0.0,613.0,36.0,0.0,20.200000762939453,613.0,0
2019-06-26 00:00:00+00:00,0.0,0.0,612.0,38.0,0.0,20.0,612.7000122070312,0
2019-06-27 00:00:00+00:00,0.0,0.0,634.0,69.0,0.0,22.0,634.2999877929688,0
2019-06-28 00:00:00+00:00,0.0,0.0,631.0,70.0,0.0,24.100000381469727,631.5999755859375,0
2019-06-29 00:00:00+00:00,0.0,0.0,619.0,68.0,0.0,24.899999618530273,619.5,0
2019-06-30 00:00:00+00:00,0.0,0.0,628.0,66.0,0.0,23.299999237060547,628.9000244140625,0
2019-07-01 00:00:00+00:00,0.0,0.0,630.0,67.0,0.0,25.100000381469727,630.0999755859375,0
2019-07-02 00:00:00+00:00,0.0,0.0,615.0,60.0,0.0,23.100000381469727,615.0999755859375,0
2019-07-03 00:00:00+00:00,0.0,0.0,615.0,44.0,0.0,21.200000762939453,615.0,0
2019-07-04 00:00:00+00:00,0.0,0.0,623.0,61.0,0.0,22.5,623.7999877929688,0
2019-07-05 00:00:00+00:00,0.0,0.0,617.0,58.0,0.0,22.5,617.2000122070312,0
2019-07-06 00:00:00+00:00,0.0,0.0,608.0,38.0,0.0,20.399999618530273,608.5999755859375,0
2019-07-07 00:00:00+00:00,0.0,0.0,622.0,49.0,0.0,20.399999618530273,622.2999877929688,0
2019-07-08 00:00:00+00:00,0.0,0.0,612.0,57.0,0.0,23.299999237060547,612.0999755859375,0
2019-07-09 00:00:00+00:00,0.0,0.0,613.0,45.0,0.0,20.5,613.2999877929688,0
2019-07-10 00:00:00+00:00,0.0,0.0,619.0,59.0,0.0,21.799999237060547,619.7000122070312,0
2019-07-11 00:00:00+00:00,0.0,0.0,622.0,63.0,0.0,22.799999237060547,622.9000244140625,1
2019-07-12 00:00:00+00:00,0.0,0.0,612.0,55.0,0.0,21.600000381469727,612.7000122070312,0
2019-07-13 00:00:00+00:00,0.0,0.0,608.0,40.0,0.0,20.0,608.4000244140625,0
2019-07-14 00:00:00+00:00,0.0,0.0,616.0,48.0,0.0,20.100000381469727,616.5999755859375,0
2019-07-15 00:00:00+00:00,0.0,0.0,622.0,58.0,0.0,21.100000381469727,622.9000244140625,0
2019-07-16 00:00:00+00:00,0.0,0.0,629.0,68.0,0.0,23.0,629.4000244140625,0
2019-07-17 00:00:00+00:00,0.0,0.0,609.0,53.0,0.0,23.5,609.0999755859375,0
2019-07-18 00:00:00+00:00,0.0,0.0,607.0,35.0,0.0,21.5,607.4000244140625,0
2019-07-19 00:00:00+00:00,0.0,0.0,611.0,41.0,0.0,21.0,611.2000122070312,0
2019-07-20 00:00:00+00:00,0.0,0.0,614.0,43.0,0.0,20.100000381469727,614.7999877929688,0
2019-07-21 00:00:00+00:00,0.0,0.0,618.0,55.0,0.0,20.700000762939453,618.7999877929688,0
2019-07-22 00:00:00+00:00,0.0,0.0,627.0,70.0,0.0,23.100000381469727,627.175048828125,0
2019-07-23 00:00:00+00:00,0.0,0.0,626.0,71.0,0.0,23.600000381469727,626.4000244140625,0
2019-07-24 00:00:00+00:00,0.0,0.0,623.0,67.0,0.0,23.100000381469727,623.2000122070312,0
2019-07-25 00:00:00+00:00,-58.5,-79.0,648.0,77.0,-63.0,24.100000381469727,660.0999755859375,1
2019-07-26 00:00:00+00:00,0.0,0.0,615.0,50.0,0.0,22.899999618530273,615.9000244140625,0
2019-07-27 00:00:00+00:00,0.0,0.0,612.0,30.0,0.0,22.399999618530273,612.5999755859375,0
2019-07-28 00:00:00+00:00,0.0,0.0,622.0,46.0,0.0,24.100000381469727,622.7000122070312,0
2019-07-29 00:00:00+00:00,0.0,0.0,622.0,60.0,0.0,23.600000381469727,621.7999877929688,1
2019-07-30 00:00:00+00:00,0.0,0.0,627.0,52.0,0.0,22.100000381469727,627.0,0
2019-07-31 00:00:00+00:00,0.0,0.0,636.0,74.0,0.0,23.5,636.5999755859375,0
2019-08-01 00:00:00+00:00,0.0,0.0,624.0,64.0,0.0,23.299999237060547,624.7000122070312,0
2019-08-02 00:00:00+00:00,0.0,0.0,631.0,68.0,0.0,23.200000762939453,631.7999877929688,0
2019-08-03 00:00:00+00:00,0.0,0.0,607.5,50.0,0.0,22.200000762939453,607.9000244140625,0
2019-08-04 00:00:00+00:00,0.0,0.0,621.0,42.0,0.0,21.100000381469727,621.2000122070312,0
2019-08-05 00:00:00+00:00,0.0,0.0,635.0,71.0,0.0,23.399999618530273,635.4000244140625,0
2019-08-06 00:00:00+00:00,0.0,0.0,620.0,60.0,0.0,23.0,620.9000244140625,0
2019-08-07 00:00:00+00:00,0.0,0.0,610.0,43.0,0.0,20.799999237060547,610.5999755859375,0
2019-08-08 00:00:00+00:00,0.0,0.0,617.0,52.0,0.0,21.399999618530273,617.5,0
2019-08-09 00:00:00+00:00,0.0,0.0,613.0,45.0,0.0,20.100000381469727,613.2999877929688,0
2019-08-10 00:00:00+00:00,0.0,0.0,611.0,42.0,0.0,19.399999618530273,611.7999877929688,0
2019-08-11 00:00:00+00:00,0.0,0.0,613.0,39.0,0.0,19.899999618530273,613.2000122070312,0
2019-08-12 00:00:00+00:00,0.0,0.0,616.0,44.0,0.0,20.299999237060547,616.2999877929688,0
2019-08-13 00:00:00+00:00,0.0,0.0,618.0,50.0,0.0,21.0,618.7999877929688,0
2019-08-14 00:00:00+00:00,0.0,0.0,612.0,46.0,0.0,20.299999237060547,612.7000122070312,0
2019-08-15 00:00:00+00:00,0.0,0.0,620.0,43.0,0.0,20.799999237060547,620.0,0
2019-08-16 00:00:00+00:00,0.0,0.0,610.0,42.0,0.0,21.899999618530273,610.2999877929688,0
2019-08-17 00:00:00+00:00,0.0,0.0,613.0,39.0,0.0,20.799999237060547,613.0,0
2019-08-18 00:00:00+00:00,0.0,0.0,611.0,39.0,0.0,20.200000762939453,611.2000122070312,0
2019-08-19 00:00:00+00:00,0.0,0.0,617.0,50.0,0.0,21.100000381469727,617.7999877929688,0
2019-08-20 00:00:00+00:00,0.0,0.0,612.0,40.0,0.0,20.899999618530273,612.4000244140625,0
2019-08-21 00:00:00+00:00,0.0,0.0,609.0,38.0,0.0,20.200000762939453,609.7999877929688,0
2019-08-22 00:00:00+00:00,0.0,0.0,614.0,37.0,0.0,20.299999237060547,615.0,0
2019-08-23 00:00:00+00:00,0.0,0.0,616.0,55.0,0.0,21.200000762939453,616.0,0
2019-08-24 00:00:00+00:00,0.0,0.0,612.0,46.0,0.0,19.899999618530273,612.2000122070312,0
2019-08-25 00:00:00+00:00,0.0,0.0,632.0,69.0,0.0,21.0,632.0,0
2019-08-26 00:00:00+00:00,0.0,0.0,611.0,58.0,0.0,21.700000762939453,611.7000122070312,0
2019-08-27 00:00:00+00:00,0.0,0.0,607.0,33.0,0.0,20.5,607.5999755859375,1
2019-08-28 00:00:00+00:00,0.0,0.0,604.0,31.0,0.0,21.600000381469727,604.7999877929688,1
2019-08-29 00:00:00+00:00,0.0,0.0,614.0,37.0,0.0,21.700000762939453,614.0,0
2019-08-30 00:00:00+00:00,0.0,0.0,625.0,72.0,0.0,23.0,625.2000122070312,0
2019-08-31 00:00:00+00:00,0.0,0.0,615.0,61.0,0.0,21.799999237060547,615.7000122070312,0
2019-09-01 00:00:00+00:00,0.0,0.0,610.0,46.0,0.0,20.0,610.2000122070312,0
2019-09-02 00:00:00+00:00,0.0,0.0,615.0,48.0,0.0,20.100000381469727,615.0999755859375,0
2019-09-03 00:00:00+00:00,0.0,0.0,611.0,44.0,0.0,20.100000381469727,611.5,0
2019-09-04 00:00:00+00:00,0.0,0.0,619.0,50.0,0.0,20.200000762939453,619.4000244140625,0
2019-09-05 00:00:00+00:00,0.0,0.0,619.0,63.0,0.0,21.0,619.9000244140625,0
2019-09-06 00:00:00+00:00,0.0,0.0,615.0,59.0,0.0,20.700000762939453,615.2999877929688,0
2019-09-07 00:00:00+00:00,0.0,0.0,619.0,61.0,0.0,21.0,619.5999755859375,0
2019-09-08 00:00:00+00:00,0.0,0.0,614.0,60.0,0.0,21.5,614.7999877929688,0
2019-09-09 00:00:00+00:00,0.0,0.0,607.0,35.0,0.0,24.5,607.4000244140625,1
2019-09-10 00:00:00+00:00,-37.0,-53.0,658.0,77.0,-40.0,27.0,658.9000244140625,1
2019-09-11 00:00:00+00:00,0.0,0.0,604.0,28.0,0.0,23.0,604.9000244140625,1
2019-09-12 00:00:00+00:00,0.0,0.0,609.0,28.0,0.0,21.899999618530273,609.4000244140625,1
2019-09-13 00:00:00+00:00,0.0,0.0,621.0,51.0,0.0,22.299999237060547,621.0999755859375,0
2019-09-14 00:00:00+00:00,0.0,0.0,627.0,61.0,0.0,22.600000381469727,627.7000122070312,1
2019-09-15 00:00:00+00:00,0.0,0.0,629.0,65.0,0.0,23.899999618530273,629.2999877929688,1
2019-09-16 00:00:00+00:00,0.0,0.0,620.0,65.0,0.0,24.399999618530273,620.7999877929688,1
2019-09-17 00:00:00+00:00,0.0,0.0,613.0,50.0,0.0,25.5,613.5,1
2019-09-18 00:00:00+00:00,0.0,0.0,628.0,75.0,0.0,25.299999237060547,628.2000122070312,1
2019-09-19 00:00:00+00:00,0.0,0.0,625.0,63.0,0.0,24.200000762939453,625.2000122070312,0
2019-09-20 00:00:00+00:00,0.0,0.0,604.0,39.0,0.0,23.0,604.7999877929688,0
2019-09-21 00:00:00+00:00,0.0,0.0,603.0,23.0,0.0,20.600000381469727,603.5999755859375,1
2019-09-22 00:00:00+00:00,0.0,0.0,616.0,40.0,0.0,21.0,616.2000122070312,0
2019-09-23 00:00:00+00:00,0.0,0.0,617.0,47.0,0.0,21.100000381469727,617.2000122070312,0
2019-09-24 00:00:00+00:00,0.0,0.0,612.0,46.0,0.0,21.0,612.4000244140625,0
2019-09-25 00:00:00+00:00,0.0,0.0,605.0,31.0,0.0,20.0,605.7999877929688,1
2019-09-26 00:00:00+00:00,0.0,0.0,606.0,32.0,0.0,22.799999237060547,606.7999877929688,1
2019-09-27 00:00:00+00:00,0.0,0.0,612.0,32.0,0.0,22.100000381469727,612.4000244140625,1
2019-09-28 00:00:00+00:00,0.0,0.0,606.0,33.0,0.0,24.700000762939453,606.2000122070312,0
2019-09-29 00:00:00+00:00,0.0,0.0,606.0,33.0,0.0,20.399999618530273,606.0,0
2019-09-30 00:00:00+00:00,0.0,0.0,612.0,42.0,0.0,20.0,612.2000122070312,0
2019-10-01 00:00:00+00:00,0.0,0.0,607.0,34.0,0.0,20.399999618530273,607.0,0
2019-10-02 00:00:00+00:00,0.0,0.0,605.0,32.0,0.0,19.899999618530273,605.5999755859375,0
2019-10-03 00:00:00+00:00,0.0,0.0,613.0,45.0,0.0,20.299999237060547,613.9000244140625,0
2019-10-04 00:00:00+00:00,0.0,0.0,606.0,35.0,0.0,19.799999237060547,606.0,0
2019-10-05 00:00:00+00:00,0.0,0.0,604.0,27.0,0.0,19.5,604.2000122070312,0
2019-10-06 00:00:00+00:00,0.0,0.0,602.0,24.0,0.0,19.399999618530273,602.0,0
2019-10-07 00:00:00+00:00,0.0,0.0,604.0,24.0,0.0,19.5,604.7999877929688,0
2019-10-08 00:00:00+00:00,0.0,0.0,627.0,61.0,0.0,23.299999237060547,627.2000122070312,1
2019-10-09 00:00:00+00:00,0.0,0.0,616.0,60.0,0.0,23.700000762939453,616.5999755859375,0
2019-10-10 00:00:00+00:00,0.0,0.0,616.0,51.0,0.0,21.399999618530273,616.5999755859375,0
2019-10-11 00:00:00+00:00,0.0,0.0,622.0,60.0,0.0,22.5,622.5999755859375,0
2019-10-12 00:00:00+00:00,0.0,0.0,603.0,48.0,0.0,24.799999237060547,603.5999755859375,1
2019-10-13 00:00:00+00:00,0.0,0.0,616.0,54.0,0.0,22.399999618530273,616.2999877929688,1
2019-10-14 00:00:00+00:00,0.0,0.0,618.0,81.0,0.0,24.299999237060547,618.0999755859375,1
2019-10-15 00:00:00+00:00,0.0,0.0,626.0,68.0,0.0,23.799999237060547,626.7999877929688,1
2019-10-16 00:00:00+00:00,0.0,0.0,616.0,67.0,0.0,24.299999237060547,616.7000122070312,1
2019-10-17 00:00:00+00:00,0.0,0.0,608.0,46.0,0.0,22.299999237060547,608.5999755859375,0
2019-10-18 00:00:00+00:00,0.0,0.0,607.0,44.0,0.0,20.100000381469727,607.2000122070312,0
2019-10-19 00:00:00+00:00,0.0,0.0,604.0,38.0,0.0,19.5,604.7999877929688,0
2019-10-20 00:00:00+00:00,0.0,0.0,607.0,37.0,0.0,19.5,607.9000244140625,0
2019-10-21 00:00:00+00:00,0.0,0.0,605.0,34.0,0.0,19.600000381469727,605.4000244140625,0
2019-10-22 00:00:00+00:00,0.0,0.0,608.0,40.0,0.0,19.600000381469727,608.0,1
2019-10-23 00:00:00+00:00,0.0,0.0,610.0,36.0,0.0,25.600000381469727,610.7999877929688,1
2019-10-24 00:00:00+00:00,0.0,0.0,642.0,62.0,0.0,25.0,642.5999755859375,0
2019-10-25 00:00:00+00:00,0.0,0.0,639.0,90.0,0.0,22.700000762939453,639.2000122070312,0
2019-10-26 00:00:00+00:00,0.0,0.0,621.0,85.0,0.0,22.200000762939453,621.7999877929688,1
2019-10-27 00:00:00+00:00,0.0,0.0,607.0,10.0,0.0,22.0,607.7999877929688,1
2019-10-28 00:00:00+00:00,0.0,0.0,618.0,37.0,0.0,24.100000381469727,618.7000122070312,1
2019-10-29 00:00:00+00:00,0.0,0.0,621.0,45.0,0.0,24.600000381469727,621.0999755859375,1
2019-10-30 00:00:00+00:00,0.0,0.0,619.0,45.0,0.0,21.600000381469727,619.9000244140625,0
2019-10-31 00:00:00+00:00,0.0,0.0,648.0,82.0,0.0,23.200000762939453,648.5,0
2019-11-01 00:00:00+00:00,0.0,0.0,641.0,90.0,0.0,22.100000381469727,641.4000244140625,1
2019-11-02 00:00:00+00:00,-53.0,-83.0,646.0,90.0,-59.0,26.0,646.5999755859375,1
2019-11-03 00:00:00+00:00,-4.0,-7.0,641.0,90.0,-7.0,22.399999618530273,641.5,0
2019-11-04 00:00:00+00:00,0.0,0.0,619.0,82.0,0.0,21.700000762939453,619.9000244140625,0
2019-11-05 00:00:00+00:00,0.0,0.0,614.0,51.0,0.0,20.799999237060547,614.2000122070312,0
2019-11-06 00:00:00+00:00,0.0,0.0,623.0,60.0,0.0,24.399999618530273,623.5,1
2019-11-07 00:00:00+00:00,0.0,0.0,631.0,78.0,0.0,25.899999618530273,631.2000122070312,1
2019-11-08 00:00:00+00:00,-53.0,-83.41667175292969,640.0,83.0,-60.0,25.200000762939453,640.2000122070312,1
2019-11-09 00:00:00+00:00,0.0,0.0,620.0,76.0,0.0,24.399999618530273,620.0,1
2019-11-10 00:00:00+00:00,0.0,0.0,610.0,48.0,0.0,25.299999237060547,610.4000244140625,1
2019-11-11 00:00:00+00:00,0.0,0.0,603.0,34.0,0.0,24.5,603.7999877929688,1
2019-11-12 00:00:00+00:00,0.0,0.0,600.0,33.0,0.0,22.299999237060547,600.0999755859375,1
2019-11-13 00:00:00+00:00,0.0,0.0,603.0,32.0,0.0,22.399999618530273,603.5999755859375,1
2019-11-14 00:00:00+00:00,0.0,0.0,606.0,34.0,0.0,20.399999618530273,606.7000122070312,1
2019-11-15 00:00:00+00:00,0.0,0.0,610.0,39.0,0.0,20.5,610.2999877929688,1
2019-11-16 00:00:00+00:00,0.0,0.0,606.0,37.0,0.0,20.200000762939453,606.7000122070312,1
2019-11-17 00:00:00+00:00,0.0,0.0,605.0,37.0,0.0,19.399999618530273,605.2000122070312,0
2019-11-18 00:00:00+00:00,0.0,0.0,604.0,37.0,0.0,19.200000762939453,604.9000244140625,1
2019-11-19 00:00:00+00:00,0.0,0.0,618.0,64.0,0.0,24.399999618530273,618.2000122070312,1
2019-11-20 00:00:00+00:00,0.0,0.0,626.6666870117188,86.0,0.0,23.5,626.7999877929688,0
2019-11-21 00:00:00+00:00,1.0,3.0,601.0,29.0,0.0,21.299999237060547,601.9000244140625,0
2019-11-22 00:00:00+00:00,0.0,0.0,607.0,29.0,0.0,20.5,608.2000122070312,0
2019-11-23 00:00:00+00:00,0.0,0.0,601.0,27.0,0.0,20.399999618530273,601.2999877929688,0
2019-11-24 00:00:00+00:00,0.0,0.0,599.0,23.0,0.0,19.399999618530273,599.4000244140625,0
2019-11-25 00:00:00+00:00,0.0,0.0,601.0,26.0,0.0,19.399999618530273,601.9000244140625,0
2019-11-26 00:00:00+00:00,0.0,0.0,608.5,28.0,0.0,19.899999618530273,609.0999755859375,0
2019-11-27 00:00:00+00:00,0.0,0.0,606.0,29.0,0.0,20.100000381469727,606.0499877929688,0
2019-11-28 00:00:00+00:00,0.0,0.0,610.0,33.0,0.0,20.200000762939453,610.2000122070312,0
2019-11-29 00:00:00+00:00,0.0,0.0,625.0,63.0,0.0,23.299999237060547,626.0,0
2019-11-30 00:00:00+00:00,0.0,0.0,628.0,76.0,0.0,22.5,628.2000122070312,0
2019-12-01 00:00:00+00:00,0.0,0.0,637.0,81.0,0.0,22.299999237060547,637.0999755859375,0
2019-12-02 00:00:00+00:00,-37.0,-58.0,639.0,80.0,-41.0,22.5,639.5,1
2019-12-03 00:00:00+00:00,0.0,0.0,606.0,35.0,0.0,25.100000381469727,606.5999755859375,1
2019-12-04 00:00:00+00:00,0.0,0.0,606.0,35.0,0.0,21.600000381469727,606.0,1
2019-12-05 00:00:00+00:00,0.0,0.0,611.0,61.0,0.0,23.700000762939453,611.7999877929688,0
2019-12-06 00:00:00+00:00,0.0,0.0,610.0,49.0,0.0,20.200000762939453,610.9000244140625,0
2019-12-07 00:00:00+00:00,-57.0,-86.0,646.0,87.0,-62.5,21.799999237060547,646.0999755859375,0
2019-12-08 00:00:00+00:00,0.0,0.0,634.0,91.0,0.0,20.799999237060547,634.5999755859375,1
2019-12-09 00:00:00+00:00,2.0,4.0,618.0,71.0,0.0,22.700000762939453,618.4000244140625,1
2019-12-10 00:00:00+00:00,4.0,7.0,614.0,61.0,1.0,19.600000381469727,614.2999877929688,0
2019-12-11 00:00:00+00:00,0.0,0.0,614.0,55.0,0.0,19.100000381469727,614.5999755859375,0
2019-12-12 00:00:00+00:00,4.0,7.0,608.0,43.0,1.0,18.899999618530273,608.5,1
2019-12-13 00:00:00+00:00,4.0,8.0,605.0,37.0,1.5,19.0,605.7999877929688,1
2019-12-14 00:00:00+00:00,4.333333492279053,8.0,617.0,60.0,2.0,19.700000762939453,617.25,0
2019-12-15 00:00:00+00:00,5.0,8.666666984558105,611.0,50.0,2.0,18.5,611.2999877929688,0
2019-12-16 00:00:00+00:00,4.0,8.0,606.0,41.0,2.0,18.200000762939453,606.0999755859375,0
2019-12-17 00:00:00+00:00,5.0,9.0,601.0,31.0,2.0,18.0,601.2000122070312,0
2019-12-18 00:00:00+00:00,0.0,0.0,602.0,26.0,0.0,19.899999618530273,602.5999755859375,1
2019-12-19 00:00:00+00:00,0.0,0.0,602.0,23.0,0.0,19.100000381469727,602.5,0
2019-12-20 00:00:00+00:00,0.0,0.0,610.0,37.0,0.0,19.5,610.2000122070312,1
2019-12-21 00:00:00+00:00,-47.0,-74.0,641.0,68.0,-56.0,25.0,642.0999755859375,1
2019-12-22 00:00:00+00:00,0.0,0.0,634.0,82.0,-2.0,24.700000762939453,634.5999755859375,1
2019-12-23 00:00:00+00:00,0.0,0.0,620.0,71.0,0.0,23.399999618530273,621.0,1
2019-12-24 00:00:00+00:00,0.0,0.0,604.0,35.0,0.0,22.899999618530273,604.2999877929688,0
2019-12-25 00:00:00+00:00,-5.0,-9.0,636.0,65.0,-12.333333015441895,22.899999618530273,636.2000122070312,0
2019-12-26 00:00:00+00:00,0.0,0.0,631.0,81.0,0.0,22.700000762939453,631.4000244140625,0
2019-12-27 00:00:00+00:00,0.0,0.0,633.0,77.0,0.0,22.899999618530273,632.9000244140625,1
2019-12-28 00:00:00+00:00,0.0,0.0,606.0,59.0,0.0,23.600000381469727,606.4000244140625,1
2019-12-29 00:00:00+00:00,0.0,0.0,605.0,34.0,0.0,19.899999618530273,605.4000244140625,0
2019-12-30 00:00:00+00:00,0.0,0.0,606.0,32.0,0.0,18.899999618530273,606.7000122070312,0
2019-12-31 00:00:00+00:00,0.0,0.0,608.0,34.0,0.0,18.600000381469727,608.5,1
2020-01-01 00:00:00+00:00,-59.0,-85.0,646.0,82.0,-63.0,23.100000381469727,646.5999755859375,1
2020-01-02 00:00:00+00:00,2.0,4.0,626.0,77.0,0.0,22.399999618530273,626.2999877929688,0
2020-01-03 00:00:00+00:00,0.0,0.0,606.0,37.0,0.0,21.899999618530273,606.0,0
2020-01-04 00:00:00+00:00,6.0,10.0,622.0,67.0,2.0,23.399999618530273,622.9000244140625,0
2020-01-05 00:00:00+00:00,0.0,0.0,633.0,78.0,0.0,23.299999237060547,633.0,0
2020-01-06 00:00:00+00:00,0.0,0.0,637.0,98.0,0.0,23.600000381469727,637.0,1
2020-01-07 00:00:00+00:00,0.0,0.0,635.0,98.0,0.0,19.799999237060547,635.5,0
2020-01-08 00:00:00+00:00,6.0,10.0,626.0,89.0,2.5,18.799999237060547,626.5,0
2020-01-09 00:00:00+00:00,4.0,8.0,620.0,62.0,1.5,21.0,620.2999877929688,1
2020-01-10 00:00:00+00:00,5.0,8.0,633.0,96.0,1.5,22.700000762939453,633.4000244140625,1
2020-01-11 00:00:00+00:00,7.0,12.0,625.0,86.0,3.6666667461395264,19.5,625.2999877929688,0
2020-01-12 00:00:00+00:00,6.0,10.0,620.0,74.0,3.0,18.5,620.7999877929688,0
2020-01-13 00:00:00+00:00,6.0,10.0,616.0,62.0,3.0,18.200000762939453,616.0,0
2020-01-14 00:00:00+00:00,4.0,8.0,632.0,82.0,1.5,20.700000762939453,632.5,1
2020-01-15 00:00:00+00:00,-41.0,-64.0,638.0,83.0,-37.0,20.399999618530273,638.2000122070312,1
2020-01-16 00:00:00+00:00,6.0,10.0,629.0,92.0,3.0,20.899999618530273,629.0,0
2020-01-17 00:00:00+00:00,6.0,10.0,623.0,84.0,3.0,18.799999237060547,623.9000244140625,0
2020-01-18 00:00:00+00:00,5.0,9.0,621.0,76.0,2.5,18.399999618530273,621.0999755859375,0
2020-01-19 00:00:00+00:00,4.0,8.0,635.0,90.0,1.5,20.899999618530273,635.7000122070312,1
2020-01-20 00:00:00+00:00,5.0,9.0,630.5,93.0,2.0,20.399999618530273,630.9000244140625,0
2020-01-21 00:00:00+00:00,0.0,1.0,618.0,53.0,0.0,19.399999618530273,618.0999755859375,0
2020-01-22 00:00:00+00:00,0.0,0.0,618.0,53.0,0.0,19.0,618.0999755859375,0
2020-01-23 00:00:00+00:00,0.0,0.0,646.0,83.0,0.0,21.399999618530273,646.9000244140625,1
2020-01-24 00:00:00+00:00,6.0,10.0,631.0,94.0,2.5,21.299999237060547,631.2000122070312,0
2020-01-25 00:00:00+00:00,6.0,10.0,625.0,84.0,3.0,18.899999618530273,625.5999755859375,0
2020-01-26 00:00:00+00:00,6.0,11.0,620.0,72.0,3.0,18.299999237060547,620.7000122070312,0
2020-01-27 00:00:00+00:00,8.0,13.0,621.0,65.0,5.0,19.100000381469727,621.7000122070312,1
2020-01-28 00:00:00+00:00,7.0,13.0,616.0,59.0,4.0,18.799999237060547,616.2000122070312,1
2020-01-29 00:00:00+00:00,6.0,11.0,612.0,47.0,2.0,18.299999237060547,612.4000244140625,0
2020-01-30 00:00:00+00:00,0.0,0.0,615.0,46.0,0.0,18.299999237060547,615.0999755859375,0
2020-01-31 00:00:00+00:00,0.0,0.0,615.0,46.0,0.0,18.200000762939453,615.0999755859375,0
2020-02-01 00:00:00+00:00,0.0,0.0,608.0,29.0,0.0,18.100000381469727,608.5999755859375,0
2020-02-02 00:00:00+00:00,0.0,0.0,636.0,83.0,0.0,24.399999618530273,636.2000122070312,1
2020-02-03 00:00:00+00:00,9.0,15.0,627.0,89.0,6.0,21.0,627.7000122070312,0
2020-02-04 00:00:00+00:00,12.0,20.0,618.0,69.0,8.5,18.799999237060547,618.7999877929688,0
2020-02-05 00:00:00+00:00,9.0,16.0,611.0,50.0,6.0,18.200000762939453,611.5,0
2020-02-06 00:00:00+00:00,9.0,16.0,603.0,33.0,6.0,18.100000381469727,603.7999877929688,0
2020-02-07 00:00:00+00:00,9.0,16.0,595.0,15.0,6.0,18.0,595.5999755859375,0
2020-02-08 00:00:00+00:00,0.0,0.0,595.0,0.0,0.0,18.0,595.0,0
2020-02-09 00:00:00+00:00,0.0,0.0,595.0,0.0,0.0,18.100000381469727,595.0,0
2020-02-10 00:00:00+00:00,0.0,0.0,595.0,0.0,0.0,18.100000381469727,595.2000122070312,0
2020-02-11 00:00:00+00:00,0.0,0.0,595.0,0.0,0.0,18.100000381469727,595.0,0
2020-02-12 00:00:00+00:00,0.0,0.0,595.0,1.0,0.0,20.299999237060547,595.2999877929688,0
2020-02-13 00:00:00+00:00,0.0,0.0,596.0,1.0,0.0,19.299999237060547,596.9000244140625,0
2020-02-14 00:00:00+00:00,-3.0,-5.0,605.0,5.0,-5.0,18.600000381469727,605.5,0
2020-02-15 00:00:00+00:00,-3.0,-5.0,607.0,10.0,-5.0,18.299999237060547,607.4000244140625,0
2020-02-16 00:00:00+00:00,-3.0,-5.0,609.0,16.0,-5.0,18.200000762939453,609.5999755859375,0
2020-02-17 00:00:00+00:00,0.0,0.0,607.0,21.0,0.0,18.200000762939453,607.7999877929688,0
2020-02-18 00:00:00+00:00,0.0,0.0,604.0,21.0,0.0,18.200000762939453,604.4000244140625,0
2020-02-19 00:00:00+00:00,0.0,0.0,603.0,21.0,0.0,18.200000762939453,603.7999877929688,0
2020-02-20 00:00:00+00:00,0.0,0.0,603.0,21.0,0.0,18.200000762939453,603.5999755859375,1
2020-02-21 00:00:00+00:00,0.0,0.0,603.0,21.0,0.0,18.200000762939453,603.4000244140625,0
2020-02-22 00:00:00+00:00,0.0,0.0,603.0,21.0,0.0,18.200000762939453,603.2000122070312,0
2020-02-23 00:00:00+00:00,0.0,0.0,603.0,21.0,0.0,18.200000762939453,603.0999755859375,0
2020-02-24 00:00:00+00:00,0.0,0.0,603.0,21.0,0.0,18.200000762939453,603.0,0
2020-02-25 00:00:00+00:00,0.0,0.0,603.0,21.0,0.0,18.200000762939453,603.0,0
2020-02-26 00:00:00+00:00,0.0,0.0,602.0,21.0,0.0,18.200000762939453,602.5999755859375,0
2020-02-27 00:00:00+00:00,0.0,0.0,602.0,21.0,0.0,18.200000762939453,602.5999755859375,1
2020-02-28 00:00:00+00:00,0.0,0.0,635.0,97.0,0.0,22.200000762939453,635.2999877929688,1
2020-02-29 00:00:00+00:00,0.0,0.0,631.0,91.0,0.0,19.299999237060547,631.7999877929688,0
2020-03-01 00:00:00+00:00,19.0,31.0,615.0,68.0,16.5,18.399999618530273,615.4000244140625,0
2020-03-02 00:00:00+00:00,17.0,29.0,607.0,51.0,15.0,18.200000762939453,607.2999877929688,0
2020-03-03 00:00:00+00:00,0.0,0.0,607.0,35.0,0.0,18.100000381469727,607.4000244140625,0
2020-03-04 00:00:00+00:00,0.0,0.0,607.0,35.0,0.0,18.100000381469727,607.4000244140625,0
2020-03-05 00:00:00+00:00,0.0,0.0,607.0,35.0,0.0,18.100000381469727,607.5999755859375,0
2020-03-06 00:00:00+00:00,0.0,0.0,607.0,35.0,0.0,18.100000381469727,607.5999755859375,1
2020-03-07 00:00:00+00:00,24.0,41.0,600.5,30.0,22.0,22.200000762939453,601.0,1
2020-03-08 00:00:00+00:00,0.0,0.0,604.0,27.0,0.0,19.299999237060547,604.9000244140625,0
2020-03-09 00:00:00+00:00,0.0,0.0,604.0,27.0,0.0,18.5,604.9000244140625,0
2020-03-10 00:00:00+00:00,0.0,0.0,605.0,27.0,0.0,18.200000762939453,605.0,0
2020-03-11 00:00:00+00:00,0.0,0.0,605.0,27.0,0.0,18.100000381469727,605.2000122070312,0
2020-03-12 00:00:00+00:00,0.0,0.0,605.0,27.0,0.0,18.100000381469727,605.2000122070312,0
2020-03-13 00:00:00+00:00,0.0,0.0,605.0,27.0,0.0,18.100000381469727,605.2000122070312,0
2020-03-14 00:00:00+00:00,0.0,0.0,605.0,27.0,0.0,18.100000381469727,605.2000122070312,0
2020-03-15 00:00:00+00:00,0.0,0.0,605.0,27.0,0.0,18.100000381469727,605.2000122070312,0
2020-03-16 00:00:00+00:00,0.0,0.0,605.0,27.0,0.0,18.0,605.2000122070312,0
2020-03-17 00:00:00+00:00,0.0,0.0,605.0,27.0,0.0,18.100000381469727,605.2000122070312,1
2020-03-18 00:00:00+00:00,0.0,0.0,608.0,30.0,0.0,18.200000762939453,608.0,0
2020-03-19 00:00:00+00:00,0.0,0.0,607.0,30.0,0.0,18.100000381469727,607.2000122070312,0
2020-03-20 00:00:00+00:00,0.0,0.0,606.0,30.0,0.0,18.0,606.7999877929688,0
2020-03-21 00:00:00+00:00,0.0,0.0,606.0,30.0,0.0,18.100000381469727,606.7000122070312,0
2020-03-22 00:00:00+00:00,0.0,0.0,606.0,30.0,0.0,18.100000381469727,606.4000244140625,0
2020-03-23 00:00:00+00:00,0.0,0.0,606.0,30.0,0.0,18.100000381469727,606.4000244140625,0
2020-03-24 00:00:00+00:00,0.0,0.0,606.0,30.0,0.0,18.100000381469727,606.2000122070312,0
2020-03-25 00:00:00+00:00,0.0,0.0,606.0,30.0,0.0,18.100000381469727,606.0999755859375,0
2020-03-26 00:00:00+00:00,0.0,0.0,613.0,41.0,0.0,21.200000762939453,613.5999755859375,1
2020-03-27 00:00:00+00:00,0.0,0.0,612.0,41.0,0.0,19.5,612.0999755859375,0
2020-03-28 00:00:00+00:00,0.0,0.0,613.0,34.0,0.0,19.700000762939453,613.4000244140625,0
2020-03-29 00:00:00+00:00,0.0,0.0,619.0,56.0,0.0,21.899999618530273,619.9000244140625,0
2020-03-30 00:00:00+00:00,0.0,0.0,609.0,38.0,0.0,20.0,609.2000122070312,0
2020-03-31 00:00:00+00:00,0.0,0.0,607.0,28.0,0.0,19.399999618530273,607.2000122070312,0
2020-04-01 00:00:00+00:00,0.0,0.0,606.0,30.0,0.0,19.0,606.0999755859375,0
2020-04-02 00:00:00+00:00,0.0,0.0,604.0,22.0,0.0,18.899999618530273,604.0,0
2020-04-03 00:00:00+00:00,0.0,0.0,626.0,70.0,0.0,22.399999618530273,626.0,0
2020-04-04 00:00:00+00:00,0.0,0.0,633.0,72.0,0.0,21.899999618530273,633.4000244140625,0
2020-04-05 00:00:00+00:00,0.0,0.0,643.0,87.0,0.0,22.5,643.2000122070312,0
2020-04-06 00:00:00+00:00,0.0,0.0,634.0,83.0,0.0,21.700000762939453,634.4000244140625,0
2020-04-07 00:00:00+00:00,0.0,0.0,626.0,81.0,0.0,20.399999618530273,626.5999755859375,0
2020-04-08 00:00:00+00:00,0.0,0.0,628.0,83.0,0.0,20.899999618530273,628.0,0
2020-04-09 00:00:00+00:00,0.0,0.0,602.0,2.0,0.0,21.5,602.7999877929688,1
2020-04-10 00:00:00+00:00,0.0,0.0,633.0,58.0,0.0,22.700000762939453,633.0,0
2020-04-11 00:00:00+00:00,0.0,0.0,607.0,17.0,0.0,22.0,607.2999877929688,0
2020-04-12 00:00:00+00:00,0.0,0.0,606.0,17.0,0.0,20.600000381469727,606.7000122070312,1
2020-04-13 00:00:00+00:00,0.0,0.0,641.0,91.0,0.0,26.299999237060547,641.4000244140625,1
2020-04-14 00:00:00+00:00,0.0,0.0,618.0,55.0,0.0,21.5,618.7999877929688,0
2020-04-15 00:00:00+00:00,0.0,0.0,618.0,55.0,0.0,20.0,618.5999755859375,0
2020-04-16 00:00:00+00:00,0.0,0.0,607.0,23.0,0.0,21.700000762939453,607.7999877929688,0
2020-04-17 00:00:00+00:00,0.0,0.0,612.0,28.0,0.0,20.0,612.5999755859375,1
2020-04-18 00:00:00+00:00,0.0,0.0,606.0,22.0,0.0,20.100000381469727,606.0,1
2020-04-19 00:00:00+00:00,-23.0,-36.0,651.0,73.0,-26.0,24.299999237060547,650.9000244140625,1
2020-04-20 00:00:00+00:00,0.0,0.0,637.0,80.0,0.0,22.5,637.2999877929688,0
2020-04-21 00:00:00+00:00,0.0,0.0,624.0,77.0,0.0,22.100000381469727,624.2999877929688,0
2020-04-22 00:00:00+00:00,0.0,0.0,618.0,21.0,0.0,21.299999237060547,618.0,0
2020-04-23 00:00:00+00:00,0.0,0.0,626.0,41.0,0.0,23.799999237060547,626.0,1
2020-04-24 00:00:00+00:00,0.0,0.0,607.0,33.0,0.0,21.5,607.5999755859375,1
2020-04-25 00:00:00+00:00,0.0,0.0,619.0,60.0,0.0,22.799999237060547,619.5999755859375,1
2020-04-26 00:00:00+00:00,0.0,0.0,604.0,65.0,0.0,24.799999237060547,604.2000122070312,1
2020-04-27 00:00:00+00:00,0.0,0.0,605.0,22.0,0.0,24.200000762939453,605.2000122070312,0
2020-04-28 00:00:00+00:00,0.0,0.0,628.0,67.0,0.0,24.799999237060547,628.9000244140625,0
2020-04-29 00:00:00+00:00,0.0,0.0,603.0,22.0,0.0,22.0,603.0,1
2020-04-30 00:00:00+00:00,0.0,0.0,612.0,29.0,0.0,24.5,611.7999877929688,1
2020-05-01 00:00:00+00:00,0.0,0.0,622.0,58.0,0.0,26.299999237060547,622.2000122070312,1
2020-05-02 00:00:00+00:00,0.0,0.0,609.0,12.0,0.0,23.600000381469727,609.7000122070312,1
2020-05-03 00:00:00+00:00,0.0,0.0,619.0,34.0,0.0,24.399999618530273,619.4000244140625,1
2020-05-04 00:00:00+00:00,0.0,0.0,615.0,37.0,0.0,22.600000381469727,615.5,1
2020-05-05 00:00:00+00:00,0.0,0.0,609.0,17.0,0.0,23.200000762939453,609.5999755859375,0
2020-05-06 00:00:00+00:00,0.0,0.0,615.0,26.0,0.0,20.299999237060547,615.7000122070312,1
2020-05-07 00:00:00+00:00,0.0,0.0,613.0,28.0,0.0,19.299999237060547,613.5999755859375,1
2020-05-08 00:00:00+00:00,0.0,0.0,613.0,24.0,0.0,18.600000381469727,613.0,1
2020-05-09 00:00:00+00:00,0.0,0.0,617.0,25.0,0.0,18.5,617.0,1
2020-05-10 00:00:00+00:00,0.0,0.0,644.0,67.0,-0.5,23.299999237060547,644.5,1
2020-05-11 00:00:00+00:00,0.0,0.0,630.0,86.0,0.0,22.399999618530273,630.7999877929688,1
2020-05-12 00:00:00+00:00,0.0,0.0,602.0,27.0,0.0,21.600000381469727,602.0,0
2020-05-13 00:00:00+00:00,0.0,0.0,602.0,19.0,0.0,19.399999618530273,602.0,0
2020-05-14 00:00:00+00:00,0.0,0.0,611.0,29.0,0.0,19.299999237060547,611.5999755859375,0
2020-05-15 00:00:00+00:00,0.0,0.0,607.0,33.0,0.0,23.566667556762695,607.4000244140625,1
2020-05-16 00:00:00+00:00,0.0,0.0,611.0,40.0,0.0,23.600000381469727,611.7999877929688,1
2020-05-17 00:00:00+00:00,0.0,0.0,624.0,51.0,0.0,23.700000762939453,624.5,1
2020-05-18 00:00:00+00:00,0.0,0.0,606.0,31.0,0.0,24.299999237060547,606.7000122070312,1
2020-05-19 00:00:00+00:00,0.0,0.0,616.0,41.0,0.0,21.799999237060547,616.4000244140625,1
2020-05-20 00:00:00+00:00,0.0,0.0,608.0,35.0,0.0,24.5,608.4000244140625,1
2020-05-21 00:00:00+00:00,-64.0,-94.0,649.0,78.0,-68.0,24.5,649.7000122070312,1
2020-05-22 00:00:00+00:00,-22.0,-36.0,634.0,80.0,-27.5,23.299999237060547,634.2999877929688,1
2020-05-23 00:00:00+00:00,0.0,0.0,624.0,61.0,0.0,22.799999237060547,624.4000244140625,0
2020-05-24 00:00:00+00:00,0.0,0.0,612.0,71.0,0.0,23.100000381469727,612.0,0
2020-05-25 00:00:00+00:00,0.0,0.0,616.0,49.0,0.0,22.399999618530273,616.9000244140625,1
2020-05-26 00:00:00+00:00,0.0,0.0,606.0,34.0,0.0,22.399999618530273,606.5999755859375,1
2020-05-27 00:00:00+00:00,0.0,0.0,607.0,35.0,0.0,24.0,607.2000122070312,1
2020-05-28 00:00:00+00:00,0.0,0.0,603.0,29.0,0.0,20.600000381469727,603.4000244140625,1
2020-05-29 00:00:00+00:00,0.0,0.0,610.0,39.0,0.0,21.0,610.2999877929688,1
2020-05-30 00:00:00+00:00,0.0,0.0,609.0,40.0,0.0,21.700000762939453,609.0,1
2020-05-31 00:00:00+00:00,0.0,0.0,612.0,57.0,0.0,24.700000762939453,612.9000244140625,1
2020-06-01 00:00:00+00:00,0.0,0.0,602.0,29.0,0.0,22.0,602.4000244140625,1
2020-06-02 00:00:00+00:00,0.0,0.0,607.0,30.0,0.0,20.0,607.0,1
2020-06-03 00:00:00+00:00,0.0,0.0,612.0,47.0,0.0,21.299999237060547,612.6500244140625,1
2020-06-04 00:00:00+00:00,0.0,0.0,599.0,25.0,0.0,20.100000381469727,599.2000122070312,1
2020-06-05 00:00:00+00:00,0.0,0.0,602.0,25.0,0.0,19.399999618530273,602.5,1
2020-06-06 00:00:00+00:00,0.0,0.0,604.0,28.0,0.0,18.899999618530273,604.2999877929688,0
2020-06-07 00:00:00+00:00,0.0,0.0,608.0,32.0,0.0,18.700000762939453,607.9000244140625,0
2020-06-08 00:00:00+00:00,0.0,0.0,603.0,30.0,0.0,18.700000762939453,603.5999755859375,1
2020-06-09 00:00:00+00:00,0.0,0.0,610.0,36.0,0.0,20.600000381469727,610.4000244140625,1
2020-06-10 00:00:00+00:00,0.0,0.0,602.0,29.0,0.0,20.399999618530273,602.2000122070312,1
2020-06-11 00:00:00+00:00,0.0,0.0,615.5,55.0,0.0,23.100000381469727,615.9500122070312,0
2020-06-12 00:00:00+00:00,0.0,0.0,612.0,53.0,0.0,20.600000381469727,612.4000244140625,0
2020-06-13 00:00:00+00:00,0.0,0.0,609.0,46.0,0.0,19.0,609.0999755859375,0
2020-06-14 00:00:00+00:00,-2.0,-4.0,639.0,80.0,-7.5,22.266666412353516,639.4000244140625,0
2020-06-15 00:00:00+00:00,-42.0,-67.0,630.0,74.0,-47.0,22.200000762939453,631.0,1
2020-06-16 00:00:00+00:00,0.0,0.0,607.0,37.0,0.0,22.399999618530273,607.4000244140625,0
2020-06-17 00:00:00+00:00,0.0,0.0,626.0,63.0,0.0,22.799999237060547,626.7999877929688,0
2020-06-18 00:00:00+00:00,0.0,0.0,614.0,56.0,0.0,22.100000381469727,614.7999877929688,0
2020-06-19 00:00:00+00:00,0.0,0.0,611.0,45.0,0.0,21.5,611.7999877929688,1
2020-06-20 00:00:00+00:00,0.0,0.0,604.0,28.0,0.0,20.700000762939453,604.2000122070312,1
2020-06-21 00:00:00+00:00,0.0,0.0,601.0,25.0,0.0,20.299999237060547,601.5999755859375,1
2020-06-22 00:00:00+00:00,0.0,0.0,604.0,25.0,0.0,19.100000381469727,604.7999877929688,0
2020-06-23 00:00:00+00:00,-59.0,-84.0,646.0,71.0,-63.0,22.700000762939453,646.9000244140625,1
2020-06-24 00:00:00+00:00,0.0,0.0,609.0,53.0,0.0,23.100000381469727,609.2000122070312,0
2020-06-25 00:00:00+00:00,0.0,0.0,614.0,51.0,0.0,19.200000762939453,614.4000244140625,0
2020-06-26 00:00:00+00:00,0.0,0.0,603.0,32.0,0.0,18.200000762939453,603.5999755859375,0
2020-06-27 00:00:00+00:00,0.0,0.0,601.0,27.0,0.0,17.399999618530273,601.2000122070312,0
2020-06-28 00:00:00+00:00,0.0,0.0,626.5,48.0,0.0,18.899999618530273,627.0,0
2020-06-29 00:00:00+00:00,0.0,0.0,610.0,63.0,0.0,21.600000381469727,610.9000244140625,0
2020-06-30 00:00:00+00:00,0.0,0.0,613.0,41.0,0.0,19.600000381469727,613.4000244140625,0
2020-07-01 00:00:00+00:00,0.0,0.0,607.0,48.0,0.0,21.399999618530273,607.7999877929688,0
2020-07-02 00:00:00+00:00,0.0,0.0,615.0,52.0,0.0,20.299999237060547,615.0999755859375,0
2020-07-03 00:00:00+00:00,0.0,0.0,614.0,50.0,0.0,20.399999618530273,614.2000122070312,0
2020-07-04 00:00:00+00:00,0.0,0.0,634.0,77.0,-1.0,22.299999237060547,634.2000122070312,0
2020-07-05 00:00:00+00:00,0.0,0.0,624.0,74.0,0.0,22.799999237060547,624.9000244140625,0
2020-07-06 00:00:00+00:00,0.0,0.0,605.0,38.0,0.0,21.0,605.4000244140625,0
2020-07-07 00:00:00+00:00,0.0,0.0,608.0,40.0,0.0,18.5,608.5999755859375,0
2020-07-08 00:00:00+00:00,0.0,0.0,609.0,42.0,0.0,17.700000762939453,609.2000122070312,0
2020-07-09 00:00:00+00:00,0.0,0.0,610.0,44.0,0.0,17.299999237060547,610.0,0
2020-07-10 00:00:00+00:00,0.0,0.0,609.0,44.0,0.0,17.100000381469727,609.0,0
2020-07-11 00:00:00+00:00,0.0,0.0,628.0,71.0,0.0,20.399999618530273,628.5999755859375,0
2020-07-12 00:00:00+00:00,0.0,0.0,624.0,82.0,0.0,19.799999237060547,624.9000244140625,0
2020-07-13 00:00:00+00:00,0.0,0.0,624.0,82.0,0.0,17.899999618530273,624.0999755859375,0
2020-07-14 00:00:00+00:00,0.0,0.0,623.0,82.0,0.0,17.399999618530273,623.7999877929688,0
2020-07-15 00:00:00+00:00,0.0,0.0,622.0,82.0,0.0,17.299999237060547,621.5,0
2020-07-16 00:00:00+00:00,0.0,0.0,604.0,40.0,0.0,17.799999237060547,604.9000244140625,0
2020-07-17 00:00:00+00:00,0.0,0.0,618.0,61.0,0.0,20.299999237060547,618.4000244140625,0
2020-07-18 00:00:00+00:00,-38.5,-61.0,640.0,80.0,-44.0,21.700000762939453,640.4000244140625,0
2020-07-19 00:00:00+00:00,0.0,0.0,640.0,91.0,0.0,20.899999618530273,640.2999877929688,0
2020-07-20 00:00:00+00:00,0.0,0.0,619.0,72.0,0.0,20.200000762939453,619.9000244140625,0
2020-07-21 00:00:00+00:00,0.0,0.0,603.0,47.0,0.0,20.799999237060547,603.7999877929688,0
2020-07-22 00:00:00+00:00,0.0,0.0,600.0,38.0,0.0,18.5,600.4000244140625,0
2020-07-23 00:00:00+00:00,0.0,0.0,598.0,34.0,0.0,17.700000762939453,598.9000244140625,0
2020-07-24 00:00:00+00:00,0.0,0.0,603.0,36.0,0.0,17.899999618530273,603.0,0
2020-07-25 00:00:00+00:00,0.0,0.0,610.0,38.0,0.0,18.100000381469727,610.5999755859375,0
2020-07-26 00:00:00+00:00,0.0,0.0,612.0,55.0,0.0,19.399999618530273,612.4000244140625,0
2020-07-27 00:00:00+00:00,-38.0,-54.0,663.0,59.0,-41.0,19.799999237060547,662.7999877929688,0
2020-07-28 00:00:00+00:00,0.0,0.0,600.0,23.0,0.0,22.100000381469727,600.0999755859375,0
2020-07-29 00:00:00+00:00,0.0,0.0,599.0,0.0,0.0,18.799999237060547,599.7999877929688,0
2020-07-30 00:00:00+00:00,-18.0,-26.0,661.0,33.0,-33.0,20.600000381469727,664.0,0
2020-07-31 00:00:00+00:00,0.0,0.0,630.0,79.0,0.0,21.200000762939453,630.2000122070312,0
2020-08-01 00:00:00+00:00,0.0,0.0,629.0,79.0,0.0,18.399999618530273,629.4000244140625,0
2020-08-02 00:00:00+00:00,0.0,0.0,629.0,79.0,0.0,17.5,629.0,0
2020-08-03 00:00:00+00:00,0.0,0.0,628.0,79.0,0.0,17.200000762939453,628.7999877929688,0
2020-08-04 00:00:00+00:00,0.0,0.0,628.0,79.0,0.0,17.200000762939453,628.5999755859375,0
2020-08-05 00:00:00+00:00,0.0,0.0,628.0,79.0,0.0,17.299999237060547,628.2999877929688,0
2020-08-06 00:00:00+00:00,0.0,0.0,628.0,79.0,0.0,17.200000762939453,628.2999877929688,0
2020-08-07 00:00:00+00:00,0.0,0.0,628.0,79.0,0.0,17.100000381469727,628.2000122070312,0
2020-08-08 00:00:00+00:00,0.0,0.0,628.0,79.0,0.0,17.0,628.0,0
2020-08-09 00:00:00+00:00,0.0,0.0,627.0,79.0,0.0,17.0,627.7999877929688,0
2020-08-10 00:00:00+00:00,0.0,0.0,627.0,79.0,0.0,16.899999618530273,627.7000122070312,0
2020-08-11 00:00:00+00:00,0.0,0.0,627.0,79.0,0.0,17.100000381469727,627.5999755859375,0
2020-08-12 00:00:00+00:00,0.0,0.0,630.0,80.0,0.0,17.200000762939453,630.0,0
2020-08-13 00:00:00+00:00,0.0,0.0,628.0,80.0,0.0,17.100000381469727,628.2000122070312,0
2020-08-14 00:00:00+00:00,0.0,0.0,627.0,80.0,0.0,17.0,627.5999755859375,0
2020-08-15 00:00:00+00:00,0.0,0.0,627.0,80.0,0.0,17.0,627.4000244140625,0
2020-08-16 00:00:00+00:00,0.0,0.0,627.0,80.0,0.0,16.899999618530273,627.2000122070312,0
2020-08-17 00:00:00+00:00,0.0,0.0,624.0,77.0,0.0,17.0,623.7999877929688,0
2020-08-18 00:00:00+00:00,0.0,0.0,614.0,47.0,0.0,17.5,614.2000122070312,0
2020-08-19 00:00:00+00:00,0.0,0.0,622.0,49.0,0.0,19.100000381469727,622.5999755859375,0
2020-08-20 00:00:00+00:00,0.0,0.0,619.0,63.0,0.0,21.200000762939453,619.5999755859375,0
2020-08-21 00:00:00+00:00,0.0,0.0,610.0,41.0,0.0,18.5,610.7999877929688,0
2020-08-22 00:00:00+00:00,0.0,0.0,604.0,26.0,0.0,17.600000381469727,604.2000122070312,0
2020-08-23 00:00:00+00:00,0.0,0.0,604.0,25.0,0.0,17.399999618530273,604.2999877929688,0
2020-08-24 00:00:00+00:00,0.0,0.0,609.0,43.0,0.0,19.200000762939453,609.4000244140625,0
2020-08-25 00:00:00+00:00,0.0,0.0,608.0,34.0,0.0,17.899999618530273,608.7999877929688,0
2020-08-26 00:00:00+00:00,0.0,0.0,609.0,32.0,0.0,17.399999618530273,609.2000122070312,0
2020-08-27 00:00:00+00:00,0.0,0.0,619.0,37.0,0.0,17.600000381469727,619.2000122070312,0
2020-08-28 00:00:00+00:00,0.0,0.0,624.0,63.0,0.0,18.600000381469727,624.7000122070312,0
2020-08-29 00:00:00+00:00,0.0,0.0,628.0,73.0,0.0,18.100000381469727,628.2999877929688,0
2020-08-30 00:00:00+00:00,0.0,0.0,635.0,82.0,0.0,17.899999618530273,635.2000122070312,0
2020-08-31 00:00:00+00:00,0.0,0.0,628.0,80.0,0.0,17.600000381469727,628.2000122070312,0
2020-09-01 00:00:00+00:00,0.0,0.0,628.0,80.0,0.0,17.5,628.7999877929688,0
2020-09-02 00:00:00+00:00,0.0,0.0,629.0,82.0,0.0,17.700000762939453,629.5999755859375,0
2020-09-03 00:00:00+00:00,0.0,0.0,628.0,78.0,0.0,17.5,628.2999877929688,0
2020-09-04 00:00:00+00:00,0.0,0.0,634.0,84.0,0.0,18.0,634.9000244140625,0
2020-09-05 00:00:00+00:00,0.0,0.0,629.0,81.0,0.0,17.899999618530273,629.4000244140625,0
2020-09-06 00:00:00+00:00,0.0,0.0,622.0,75.0,0.0,17.700000762939453,622.9000244140625,0
2020-09-07 00:00:00+00:00,0.0,0.0,618.0,62.0,0.0,17.600000381469727,618.4000244140625,0
2020-09-08 00:00:00+00:00,0.0,0.0,620.0,40.0,0.0,19.100000381469727,620.0999755859375,0
2020-09-09 00:00:00+00:00,0.0,0.0,640.0,61.0,0.0,22.299999237060547,640.0,0
2020-09-10 00:00:00+00:00,0.0,0.0,634.0,93.0,0.0,19.799999237060547,634.7000122070312,0
2020-09-11 00:00:00+00:00,0.0,0.0,623.0,70.0,0.0,19.200000762939453,623.7999877929688,0
2020-09-12 00:00:00+00:00,0.0,0.0,621.0,56.0,0.0,18.899999618530273,621.0,0
2020-09-13 00:00:00+00:00,0.0,0.0,619.0,55.0,0.0,19.200000762939453,619.4000244140625,0
2020-09-14 00:00:00+00:00,0.0,0.0,636.0,76.0,0.0,20.0,636.7000122070312,0
2020-09-15 00:00:00+00:00,0.0,0.0,622.0,58.0,0.0,21.0,622.7000122070312,0
2020-09-16 00:00:00+00:00,0.0,0.0,623.0,62.0,0.0,20.399999618530273,623.2000122070312,0
2020-09-17 00:00:00+00:00,0.0,0.0,627.0,71.0,0.0,19.399999618530273,628.2000122070312,0
2020-09-18 00:00:00+00:00,0.0,0.0,621.0,68.0,0.0,19.5,621.0999755859375,0
2020-09-19 00:00:00+00:00,0.0,0.0,625.0,69.0,0.0,18.700000762939453,625.7999877929688,0
2020-09-20 00:00:00+00:00,0.0,0.0,629.0,71.0,0.0,18.600000381469727,629.5,0
2020-09-21 00:00:00+00:00,0.0,0.0,620.0,64.0,0.0,19.0,620.5,0
2020-09-22 00:00:00+00:00,0.0,0.0,623.0,57.0,0.0,20.5,623.5,0
2020-09-23 00:00:00+00:00,0.0,0.0,621.0,61.0,0.0,20.799999237060547,621.0999755859375,0
2020-09-24 00:00:00+00:00,0.0,0.0,624.0,45.0,0.0,20.600000381469727,624.5999755859375,0
2020-09-25 00:00:00+00:00,0.0,0.0,630.0,40.0,0.0,23.5,630.5999755859375,0
2020-09-26 00:00:00+00:00,0.0,0.0,628.0,82.0,0.0,20.299999237060547,628.0,0
2020-09-27 00:00:00+00:00,0.0,0.0,625.0,79.0,0.0,18.299999237060547,625.7999877929688,0
2020-09-28 00:00:00+00:00,0.0,0.0,620.0,69.0,0.0,17.899999618530273,620.7999877929688,0
2020-09-29 00:00:00+00:00,0.0,0.0,612.0,40.0,0.0,19.200000762939453,612.0,0
2020-09-30 00:00:00+00:00,0.0,0.0,610.0,40.0,0.0,18.399999618530273,610.5999755859375,0
2020-10-01 00:00:00+00:00,0.0,0.0,611.0,41.0,0.0,17.899999618530273,611.5999755859375,0
2020-10-02 00:00:00+00:00,0.0,0.0,619.0,60.0,0.0,18.399999618530273,619.5999755859375,0
2020-10-03 00:00:00+00:00,0.0,0.0,618.0,60.0,0.0,17.700000762939453,618.4000244140625,0
2020-10-04 00:00:00+00:00,0.0,0.0,620.0,58.0,0.0,19.133333206176758,620.2000122070312,0
2020-10-05 00:00:00+00:00,0.0,0.0,619.0,59.0,0.0,20.299999237060547,619.5,0
2020-10-06 00:00:00+00:00,0.0,0.0,620.0,64.0,0.0,22.299999237060547,620.2000122070312,0
2020-10-07 00:00:00+00:00,0.0,0.0,615.0,50.0,0.0,19.899999618530273,615.0,0
2020-10-08 00:00:00+00:00,0.0,0.0,614.0,50.0,0.0,18.399999618530273,614.0,0
2020-10-09 00:00:00+00:00,0.0,0.0,614.0,50.0,0.0,17.799999237060547,614.5,0
2020-10-10 00:00:00+00:00,0.0,0.0,616.0,53.0,0.0,17.5,616.0,0
2020-10-11 00:00:00+00:00,0.0,0.0,619.0,60.0,0.0,17.600000381469727,619.4000244140625,0
2020-10-12 00:00:00+00:00,0.0,0.0,617.0,58.0,0.0,17.399999618530273,617.7999877929688,0
2020-10-13 00:00:00+00:00,0.0,0.0,618.0,50.0,0.0,18.5,618.5999755859375,0
2020-10-14 00:00:00+00:00,0.0,0.0,619.0,31.0,0.0,22.399999618530273,619.9000244140625,0
2020-10-15 00:00:00+00:00,4.0,7.0,624.5,28.0,1.0,24.600000381469727,625.0,0
2020-10-16 00:00:00+00:00,3.0,6.0,629.0,34.0,0.5,24.899999618530273,629.5999755859375,0
2020-10-17 00:00:00+00:00,0.0,0.0,631.0,42.0,0.0,24.600000381469727,631.7999877929688,0
2020-10-18 00:00:00+00:00,4.0,7.5,635.0,46.0,2.0,24.399999618530273,635.4000244140625,0
2020-10-19 00:00:00+00:00,0.0,0.0,629.0,39.0,0.0,22.5,629.4000244140625,0
2020-10-20 00:00:00+00:00,0.0,0.0,619.0,26.0,0.0,22.399999618530273,619.5999755859375,0
2020-10-21 00:00:00+00:00,0.0,0.0,625.0,41.0,0.0,24.100000381469727,626.2000122070312,0
2020-10-22 00:00:00+00:00,0.0,0.0,628.0,43.0,0.0,23.200000762939453,628.7999877929688,0
2020-10-23 00:00:00+00:00,0.0,0.0,631.0,50.0,0.0,22.5,631.9000244140625,0
2020-10-24 00:00:00+00:00,0.0,0.0,636.0,64.0,0.0,20.100000381469727,636.5,0
2020-10-25 00:00:00+00:00,0.0,0.0,620.0,75.0,0.0,18.399999618530273,620.4000244140625,0
2020-10-26 00:00:00+00:00,0.0,0.0,615.0,69.0,0.0,17.799999237060547,616.0,0
2020-10-27 00:00:00+00:00,0.0,0.0,610.0,48.0,0.0,18.0,610.9000244140625,0
2020-10-28 00:00:00+00:00,0.0,0.0,611.0,50.0,0.0,18.100000381469727,611.5,1
2020-10-29 00:00:00+00:00,0.0,0.0,619.0,59.0,0.0,18.5,619.0,0
2020-10-30 00:00:00+00:00,0.0,0.0,623.0,75.0,0.0,18.799999237060547,623.5999755859375,0
2020-10-31 00:00:00+00:00,0.0,0.0,614.0,64.0,0.0,18.100000381469727,614.5999755859375,0
2020-11-01 00:00:00+00:00,0.0,0.0,613.0,53.0,0.0,18.200000762939453,613.5999755859375,0
2020-11-02 00:00:00+00:00,0.0,0.0,612.0,49.0,0.0,18.299999237060547,612.5999755859375,0
2020-11-03 00:00:00+00:00,0.0,0.0,610.0,50.0,0.0,18.5,610.5999755859375,0
2020-11-04 00:00:00+00:00,0.0,0.0,612.0,50.0,0.0,18.200000762939453,612.0999755859375,1
2020-11-05 00:00:00+00:00,0.0,0.0,630.0,50.0,0.0,25.0,630.5499877929688,1
2020-11-06 00:00:00+00:00,0.0,0.0,626.0,78.0,0.0,23.899999618530273,626.7999877929688,0
2020-11-07 00:00:00+00:00,0.0,0.0,622.0,70.0,0.0,19.299999237060547,622.9000244140625,0
2020-11-08 00:00:00+00:00,0.0,0.0,620.0,61.0,0.0,18.100000381469727,620.2000122070312,0
2020-11-09 00:00:00+00:00,0.0,0.0,621.0,47.0,0.0,19.399999618530273,621.4000244140625,0
2020-11-10 00:00:00+00:00,0.0,0.0,639.0,49.0,0.0,23.200000762939453,639.5,0
2020-11-11 00:00:00+00:00,0.0,0.0,616.0,50.0,0.0,23.100000381469727,616.9000244140625,0
2020-11-12 00:00:00+00:00,0.0,0.0,628.0,63.0,0.0,22.5,628.7999877929688,0
2020-11-13 00:00:00+00:00,0.0,0.0,626.0,75.0,0.0,19.600000381469727,626.4000244140625,0
2020-11-14 00:00:00+00:00,0.0,0.0,625.0,75.0,0.0,17.899999618530273,625.2000122070312,0
2020-11-15 00:00:00+00:00,0.0,0.0,616.0,58.0,0.0,17.5,616.4000244140625,0
2020-11-16 00:00:00+00:00,0.0,0.0,615.0,56.0,0.0,17.299999237060547,615.7999877929688,0
2020-11-17 00:00:00+00:00,0.0,0.0,615.0,56.0,0.0,17.399999618530273,615.7000122070312,1
2020-11-18 00:00:00+00:00,0.0,0.0,614.0,60.0,0.0,20.299999237060547,614.5,0
2020-11-19 00:00:00+00:00,0.0,0.0,612.0,53.0,0.0,18.299999237060547,612.2000122070312,0
2020-11-20 00:00:00+00:00,0.0,0.0,611.0,50.0,0.0,17.899999618530273,611.5999755859375,0
2020-11-21 00:00:00+00:00,0.0,0.0,613.0,51.0,0.0,17.700000762939453,613.4000244140625,0
2020-11-22 00:00:00+00:00,0.0,0.0,611.0,50.0,0.0,17.399999618530273,611.5999755859375,0
2020-11-23 00:00:00+00:00,0.0,0.0,611.0,50.0,0.0,17.299999237060547,611.5,0
2020-11-24 00:00:00+00:00,0.0,0.0,614.0,50.0,0.0,17.5,614.5,0
2020-11-25 00:00:00+00:00,0.0,0.0,615.0,50.0,0.0,18.200000762939453,615.5999755859375,0
2020-11-26 00:00:00+00:00,0.0,0.0,619.0,56.0,0.0,19.200000762939453,619.7999877929688,0
2020-11-27 00:00:00+00:00,0.0,0.0,617.0,54.0,0.0,18.899999618530273,617.2000122070312,0
2020-11-28 00:00:00+00:00,0.0,0.0,613.0,50.0,0.0,18.5,613.4000244140625,0
2020-11-29 00:00:00+00:00,0.0,0.0,626.0,69.0,0.0,19.200000762939453,626.5,0
2020-11-30 00:00:00+00:00,0.0,0.0,624.0,75.0,0.0,18.5,624.0,0
2020-12-01 00:00:00+00:00,0.0,0.0,621.0,72.0,0.0,17.799999237060547,621.7999877929688,0
2020-12-02 00:00:00+00:00,0.0,0.0,612.0,52.0,0.0,17.399999618530273,612.0,0
2020-12-03 00:00:00+00:00,0.0,0.0,611.0,52.0,0.0,17.299999237060547,611.5999755859375,0
2020-12-04 00:00:00+00:00,0.0,0.0,623.0,62.0,0.0,17.899999618530273,623.5999755859375,0
2020-12-05 00:00:00+00:00,0.0,0.0,620.0,65.0,0.0,17.700000762939453,620.5999755859375,0
2020-12-06 00:00:00+00:00,0.0,0.0,613.0,56.0,0.0,17.600000381469727,613.9000244140625,0
2020-12-07 00:00:00+00:00,0.0,0.0,618.0,53.0,0.0,17.5,618.0,0
2020-12-08 00:00:00+00:00,0.0,0.0,618.0,59.0,0.0,17.899999618530273,618.0,0
2020-12-09 00:00:00+00:00,0.0,0.0,614.0,53.0,0.0,17.899999618530273,614.5999755859375,0
2020-12-10 00:00:00+00:00,0.0,0.0,612.0,52.0,0.0,17.899999618530273,612.4000244140625,0
2020-12-11 00:00:00+00:00,0.0,0.0,616.0,57.0,0.0,17.799999237060547,616.7999877929688,0
2020-12-12 00:00:00+00:00,0.0,0.0,612.0,50.0,0.0,17.600000381469727,612.4000244140625,0
2020-12-13 00:00:00+00:00,0.0,0.0,612.0,50.0,0.0,18.200000762939453,612.7999877929688,0
2020-12-14 00:00:00+00:00,0.0,0.0,619.0,56.0,0.0,18.200000762939453,619.4000244140625,0
2020-12-15 00:00:00+00:00,0.0,0.0,619.0,64.0,0.0,18.0,619.2999877929688,1
2020-12-16 00:00:00+00:00,0.0,0.0,610.0,49.0,0.0,17.899999618530273,610.2000122070312,0
2020-12-17 00:00:00+00:00,0.0,0.0,609.0,49.0,0.0,17.899999618530273,609.5999755859375,0
2020-12-18 00:00:00+00:00,0.0,0.0,616.0,58.0,0.0,18.299999237060547,616.7999877929688,0
2020-12-19 00:00:00+00:00,0.0,0.0,616.0,61.0,0.0,17.700000762939453,616.7999877929688,0
2020-12-20 00:00:00+00:00,0.0,0.0,615.0,61.0,0.0,17.200000762939453,615.0999755859375,0
2020-12-21 00:00:00+00:00,0.0,0.0,612.0,56.0,0.0,17.100000381469727,612.7999877929688,0
2020-12-22 00:00:00+00:00,0.0,0.0,614.0,56.0,0.0,17.100000381469727,615.2000122070312,0
2021-01-07 00:00:00+00:00,0.0,0.0,616.0,59.0,0.0,17.299999237060547,616.2000122070312,0
2021-01-08 00:00:00+00:00,0.0,0.0,613.0,59.0,0.0,17.200000762939453,613.7999877929688,0
2021-01-09 00:00:00+00:00,0.0,0.0,612.0,59.0,0.0,17.200000762939453,612.7999877929688,0
2021-01-10 00:00:00+00:00,0.0,0.0,611.0,58.0,0.0,17.100000381469727,611.5999755859375,0
2021-01-11 00:00:00+00:00,0.0,0.0,611.0,58.0,0.0,17.100000381469727,610.9000244140625,0
2021-01-12 00:00:00+00:00,0.0,0.0,613.0,57.0,0.0,18.5,613.9000244140625,0
2021-01-13 00:00:00+00:00,0.0,0.0,612.0,57.0,0.0,17.799999237060547,612.4000244140625,0
2021-01-14 00:00:00+00:00,0.0,0.0,606.0,45.0,0.0,17.799999237060547,606.2000122070312,0
2021-01-15 00:00:00+00:00,0.0,0.0,606.0,45.0,0.0,17.700000762939453,606.0,0
2021-01-16 00:00:00+00:00,0.0,0.0,614.0,60.0,0.0,18.100000381469727,615.0,0
2021-01-17 00:00:00+00:00,0.0,0.0,614.0,60.0,0.0,17.5,614.0,0
2021-01-18 00:00:00+00:00,0.0,0.0,613.0,60.0,0.0,17.299999237060547,613.5999755859375,0
2021-01-19 00:00:00+00:00,0.0,0.0,613.0,60.0,0.0,17.100000381469727,613.2999877929688,0
2021-01-20 00:00:00+00:00,0.0,0.0,610.0,55.0,0.0,17.200000762939453,610.9000244140625,0
2021-01-21 00:00:00+00:00,0.0,0.0,610.0,52.0,0.0,18.0,610.5999755859375,0
2021-01-22 00:00:00+00:00,0.0,0.0,630.0,51.0,0.0,23.399999618530273,630.7000122070312,0
2021-01-23 00:00:00+00:00,1.0,3.0,611.0,18.0,0.0,22.0,611.5,0
2021-01-24 00:00:00+00:00,1.0,3.0,611.0,17.0,0.0,19.200000762939453,611.7999877929688,0
2021-01-25 00:00:00+00:00,0.0,0.0,635.0,39.0,0.0,21.299999237060547,635.0,0
2021-01-26 00:00:00+00:00,0.0,0.0,628.0,50.0,0.0,23.600000381469727,628.2000122070312,0
2021-01-27 00:00:00+00:00,17.0,29.0,621.0,26.0,13.5,22.799999237060547,621.5999755859375,0
2021-01-28 00:00:00+00:00,16.0,27.33333396911621,620.0,23.0,13.0,23.899999618530273,620.4000244140625,0
2021-01-29 00:00:00+00:00,0.0,0.0,631.0,42.0,0.0,24.700000762939453,631.0,0
2021-01-30 00:00:00+00:00,0.0,0.0,630.0,29.0,0.0,25.100000381469727,630.7999877929688,0
2021-01-31 00:00:00+00:00,0.0,0.0,627.0,50.0,0.0,21.5,627.5999755859375,0
2021-02-01 00:00:00+00:00,0.0,0.0,629.0,50.0,0.0,19.0,629.7999877929688,0
2021-02-02 00:00:00+00:00,0.0,0.0,628.0,53.0,0.0,18.600000381469727,628.0,0
2021-02-03 00:00:00+00:00,0.0,0.0,626.0,53.0,0.0,20.0,626.9000244140625,0
2021-02-04 00:00:00+00:00,0.0,0.0,626.0,53.0,0.0,20.700000762939453,626.5,0
2021-02-05 00:00:00+00:00,0.0,0.0,623.0,29.0,0.0,20.399999618530273,623.2999877929688,0
2021-02-06 00:00:00+00:00,0.0,0.0,628.0,27.0,0.0,24.700000762939453,628.4000244140625,0
2021-02-07 00:00:00+00:00,0.0,0.0,630.0,58.0,0.0,21.799999237060547,630.2000122070312,0
2021-02-08 00:00:00+00:00,0.0,0.0,628.0,58.0,0.0,18.600000381469727,628.0,0
2021-02-09 00:00:00+00:00,0.0,0.0,613.0,64.0,0.0,18.299999237060547,613.9000244140625,0
2021-02-10 00:00:00+00:00,0.0,0.0,616.0,63.0,0.0,17.799999237060547,616.2999877929688,0
2021-02-11 00:00:00+00:00,0.0,0.0,617.0,61.0,0.0,19.600000381469727,617.5,0
2021-02-12 00:00:00+00:00,0.0,0.0,630.0,42.0,0.0,25.100000381469727,630.7999877929688,0
2021-02-13 00:00:00+00:00,0.0,0.0,632.0,49.0,0.0,22.399999618530273,632.4000244140625,0
2021-02-14 00:00:00+00:00,0.0,0.0,634.0,48.0,0.0,22.899999618530273,634.4000244140625,0
2021-02-15 00:00:00+00:00,0.0,0.0,634.0,54.0,0.0,20.5,634.5999755859375,0
2021-02-16 00:00:00+00:00,0.0,0.0,632.0,52.0,0.0,19.399999618530273,632.7999877929688,0
2021-02-17 00:00:00+00:00,0.0,0.0,615.0,70.0,0.0,18.899999618530273,615.7999877929688,0
2021-02-18 00:00:00+00:00,-18.0,-29.0,640.5,33.0,-26.5,25.0,641.2999877929688,0
2021-02-19 00:00:00+00:00,-17.0,-25.0,667.0,51.0,-20.0,22.399999618530273,667.7999877929688,1
2021-02-20 00:00:00+00:00,-7.0,-11.0,704.0,81.0,-10.0,21.100000381469727,704.7999877929688,0
2021-02-21 00:00:00+00:00,0.0,0.0,640.0,85.0,0.0,18.899999618530273,640.0,0
2021-02-22 00:00:00+00:00,0.0,0.0,628.0,38.0,0.0,18.700000762939453,628.2999877929688,1
2021-02-23 00:00:00+00:00,0.0,0.0,632.0,52.0,0.0,22.200000762939453,632.4000244140625,1
2021-02-24 00:00:00+00:00,0.0,0.0,637.0,53.0,0.0,21.0,637.2999877929688,1
2021-02-25 00:00:00+00:00,0.0,0.0,622.0,62.0,0.0,23.399999618530273,622.5,1
2021-02-26 00:00:00+00:00,0.0,0.0,628.0,57.0,0.0,24.0,628.4000244140625,0
2021-02-27 00:00:00+00:00,0.0,0.0,627.0,65.0,0.0,19.899999618530273,627.2000122070312,0
2021-02-28 00:00:00+00:00,0.0,0.0,627.0,62.0,0.0,18.600000381469727,627.7999877929688,1
2021-03-01 00:00:00+00:00,0.0,0.0,620.0,54.0,0.0,24.0,620.5,1
2021-03-02 00:00:00+00:00,-2.0,-4.0,626.0,42.0,-9.0,27.0,626.5999755859375,0
2021-03-03 00:00:00+00:00,0.0,0.0,627.0,44.0,0.0,27.600000381469727,627.5999755859375,0
2021-03-04 00:00:00+00:00,0.0,0.0,622.0,44.0,0.0,26.700000762939453,621.7999877929688,0
2021-03-05 00:00:00+00:00,0.0,0.0,624.0,66.0,0.0,25.399999618530273,624.2999877929688,1
2021-03-06 00:00:00+00:00,0.0,0.0,620.0,55.0,0.0,21.0,620.0,0
2021-03-07 00:00:00+00:00,0.0,0.0,619.0,50.0,0.0,18.600000381469727,619.0,0
2021-03-08 00:00:00+00:00,0.0,0.0,629.0,56.0,0.0,18.399999618530273,628.5999755859375,0
2021-03-09 00:00:00+00:00,0.0,0.0,623.0,66.0,0.0,20.299999237060547,623.7999877929688,0
2021-03-10 00:00:00+00:00,0.0,0.0,616.0,46.0,0.0,19.0,616.0,0
2021-03-11 00:00:00+00:00,0.0,0.0,624.0,54.0,0.0,18.600000381469727,624.2000122070312,0
2021-03-12 00:00:00+00:00,0.0,0.0,624.0,58.0,0.0,18.399999618530273,624.2000122070312,0
2021-03-13 00:00:00+00:00,0.0,0.0,628.0,63.0,0.0,18.0,628.2000122070312,0
2021-03-14 00:00:00+00:00,0.0,0.0,631.0,74.0,0.0,18.0,631.2000122070312,0
2021-03-15 00:00:00+00:00,0.0,0.0,623.0,61.0,0.0,17.799999237060547,623.5,0
2021-03-16 00:00:00+00:00,0.0,0.0,622.0,39.0,0.0,25.200000762939453,622.9000244140625,0
2021-03-17 00:00:00+00:00,0.0,0.0,617.0,34.0,0.0,23.299999237060547,617.9000244140625,0
2021-03-18 00:00:00+00:00,0.0,0.0,618.0,46.0,0.0,22.299999237060547,618.9000244140625,0
2021-03-19 00:00:00+00:00,0.0,0.0,620.0,49.0,0.0,19.299999237060547,620.2000122070312,0
2021-03-20 00:00:00+00:00,0.0,0.0,619.0,50.0,0.0,18.200000762939453,619.5999755859375,0
2021-03-21 00:00:00+00:00,0.0,0.0,615.0,47.0,0.0,17.700000762939453,615.9000244140625,0
2021-03-22 00:00:00+00:00,0.0,0.0,625.0,40.0,-63.0,22.100000381469727,637.0,1
2021-03-23 00:00:00+00:00,1.0,2.0,620.0,65.0,0.0,22.799999237060547,620.5999755859375,1
2021-03-24 00:00:00+00:00,0.0,0.0,620.0,51.0,0.0,20.100000381469727,621.0,0
2021-03-25 00:00:00+00:00,0.0,0.0,615.0,45.0,0.0,18.200000762939453,615.0999755859375,0
2021-03-26 00:00:00+00:00,0.0,0.0,619.0,45.0,0.0,18.100000381469727,619.2000122070312,0
2021-03-27 00:00:00+00:00,0.0,0.0,617.0,45.0,0.0,18.299999237060547,617.0,0
2021-03-28 00:00:00+00:00,0.0,0.0,620.0,49.0,0.0,22.200000762939453,620.0999755859375,0
2021-03-29 00:00:00+00:00,0.0,0.0,622.0,49.0,0.0,19.600000381469727,620.2000122070312,0
2021-03-30 00:00:00+00:00,0.0,0.0,633.0,44.0,0.0,22.899999618530273,633.9000244140625,0
2021-03-31 00:00:00+00:00,0.0,0.0,635.0,44.0,0.0,21.899999618530273,635.9000244140625,0
2021-04-01 00:00:00+00:00,0.0,0.0,634.0,45.0,0.0,20.600000381469727,634.9000244140625,0
2021-04-02 00:00:00+00:00,0.0,0.0,633.0,48.0,0.0,18.899999618530273,633.5999755859375,0
2021-04-03 00:00:00+00:00,0.0,0.0,638.0,55.0,0.0,18.600000381469727,638.7000122070312,0
2021-04-04 00:00:00+00:00,0.0,0.0,634.0,73.0,0.0,18.399999618530273,634.9000244140625,0
2021-04-05 00:00:00+00:00,0.0,0.0,623.0,73.0,0.0,17.799999237060547,623.5,0
2021-04-06 00:00:00+00:00,0.0,0.0,612.0,45.0,0.0,18.0,612.2000122070312,0
2021-04-07 00:00:00+00:00,0.0,0.0,611.0,45.0,0.0,17.799999237060547,611.4000244140625,0
2021-04-08 00:00:00+00:00,0.0,0.0,615.0,45.0,0.0,17.700000762939453,615.7000122070312,0
2021-04-09 00:00:00+00:00,0.0,0.0,615.0,51.0,0.0,17.700000762939453,615.2000122070312,0
2021-04-10 00:00:00+00:00,0.0,0.0,610.0,48.0,0.0,17.200000762939453,610.9000244140625,0
2021-04-11 00:00:00+00:00,0.0,0.0,611.0,45.0,0.0,17.299999237060547,611.4000244140625,0
2021-04-12 00:00:00+00:00,0.0,0.0,611.0,45.0,0.0,17.600000381469727,611.2000122070312,0
2021-04-13 00:00:00+00:00,0.0,0.0,611.0,45.0,0.0,17.700000762939453,611.2000122070312,0
2021-04-14 00:00:00+00:00,0.0,0.0,617.0,53.0,0.0,18.5,617.7999877929688,0
2021-04-15 00:00:00+00:00,0.0,0.0,613.0,49.0,0.0,18.0,613.0,0
2021-04-16 00:00:00+00:00,0.0,0.0,620.0,55.0,0.0,17.899999618530273,620.0,0
2021-04-17 00:00:00+00:00,0.0,0.0,617.0,55.0,0.0,17.899999618530273,617.5999755859375,0
2021-04-18 00:00:00+00:00,0.0,0.0,613.0,50.0,0.0,17.5,613.7999877929688,0
2021-04-19 00:00:00+00:00,0.0,0.0,615.0,50.0,0.0,17.200000762939453,615.2000122070312,0
2021-04-20 00:00:00+00:00,0.0,0.0,612.0,50.0,0.0,17.200000762939453,612.5999755859375,0
2021-04-21 00:00:00+00:00,0.0,0.0,619.0,53.0,0.0,17.899999618530273,619.7999877929688,0
2021-04-22 00:00:00+00:00,0.0,0.0,621.0,59.0,0.0,18.100000381469727,621.0,0
2021-04-23 00:00:00+00:00,0.0,0.0,620.0,60.0,0.0,17.700000762939453,620.0,0
2021-04-24 00:00:00+00:00,0.0,0.0,625.0,62.0,0.0,17.5,625.4000244140625,0
2021-04-25 00:00:00+00:00,0.0,0.0,623.0,70.0,0.0,17.600000381469727,623.5,0
2021-04-26 00:00:00+00:00,0.0,0.0,621.0,70.0,0.0,17.299999237060547,621.7000122070312,0
2021-04-27 00:00:00+00:00,0.0,0.0,615.0,45.0,0.0,18.5,615.0,0
2021-04-28 00:00:00+00:00,0.0,0.0,614.0,40.0,0.0,23.399999618530273,614.4000244140625,0
2021-04-29 00:00:00+00:00,0.0,0.0,612.0,45.0,0.0,23.799999237060547,612.0999755859375,0
2021-04-30 00:00:00+00:00,0.0,0.0,614.0,46.0,0.0,19.899999618530273,614.2000122070312,0
2021-05-01 00:00:00+00:00,0.0,0.0,614.0,48.0,0.0,18.600000381469727,614.0,0
2021-05-02 00:00:00+00:00,0.0,0.0,623.0,66.0,0.0,19.100000381469727,623.7000122070312,0
2021-05-03 00:00:00+00:00,0.0,0.0,620.0,66.0,0.0,18.200000762939453,620.2000122070312,0
2021-05-04 00:00:00+00:00,0.0,0.0,622.0,67.0,0.0,18.399999618530273,621.9000244140625,0
2021-05-05 00:00:00+00:00,0.0,0.0,612.0,45.0,0.0,19.100000381469727,613.2000122070312,0
2021-05-06 00:00:00+00:00,0.0,0.0,615.0,40.0,0.0,22.100000381469727,615.5999755859375,0
2021-05-07 00:00:00+00:00,0.0,0.0,612.0,43.0,0.0,22.100000381469727,612.4000244140625,0
2021-05-08 00:00:00+00:00,0.0,0.0,624.0,45.0,0.0,22.0,624.5,0
2021-05-09 00:00:00+00:00,0.0,0.0,631.0,63.0,0.0,21.0,631.2999877929688,0
2021-05-10 00:00:00+00:00,0.0,0.0,625.0,60.0,0.0,18.799999237060547,625.2000122070312,0
2021-05-11 00:00:00+00:00,0.0,0.0,619.0,46.0,0.0,17.899999618530273,619.5999755859375,0
2021-05-12 00:00:00+00:00,0.0,0.0,633.5,40.0,0.0,22.299999237060547,632.5,0
2021-05-13 00:00:00+00:00,0.0,0.0,640.0,48.0,0.0,22.299999237060547,640.2000122070312,0
2021-05-14 00:00:00+00:00,0.0,0.0,641.0,70.0,0.0,20.5,641.4500122070312,1
2021-05-15 00:00:00+00:00,0.0,0.0,640.0,99.0,0.0,20.600000381469727,640.9000244140625,1
2021-05-16 00:00:00+00:00,0.0,0.0,623.0,70.0,0.0,19.899999618530273,623.2000122070312,1
2021-05-17 00:00:00+00:00,0.0,0.0,619.0,49.0,0.0,19.600000381469727,619.9000244140625,1
2021-05-18 00:00:00+00:00,0.0,0.0,627.0,42.0,0.0,22.5,627.7000122070312,1
2021-05-19 00:00:00+00:00,0.0,0.0,625.0,49.0,0.0,22.600000381469727,625.2999877929688,1
2021-05-20 00:00:00+00:00,0.0,0.0,640.0,76.0,0.0,20.899999618530273,630.7999877929688,1
2021-05-21 00:00:00+00:00,0.0,0.0,643.0,83.0,0.0,23.100000381469727,644.0,1
2021-05-22 00:00:00+00:00,0.0,0.0,599.0,11.0,0.0,21.299999237060547,599.7000122070312,1
2021-05-23 00:00:00+00:00,0.0,0.0,599.0,11.0,0.0,18.5,599.5,0
2021-05-24 00:00:00+00:00,0.0,0.0,617.0,31.0,0.0,19.299999237060547,617.7999877929688,0
2021-05-25 00:00:00+00:00,0.0,0.0,616.0,35.0,0.0,21.0,616.5999755859375,0
2021-05-26 00:00:00+00:00,0.0,0.0,642.0,69.0,0.0,24.600000381469727,642.7999877929688,1
2021-05-27 00:00:00+00:00,0.0,0.0,616.0,33.0,0.0,24.799999237060547,619.4000244140625,1
2021-05-28 00:00:00+00:00,0.0,0.0,620.0,42.0,0.0,23.799999237060547,620.2000122070312,0
2021-05-29 00:00:00+00:00,0.0,0.0,620.0,45.0,0.0,22.5,620.2000122070312,0
2021-05-30 00:00:00+00:00,0.0,0.0,625.0,59.0,0.0,19.600000381469727,625.2999877929688,0
2021-05-31 00:00:00+00:00,0.0,0.0,626.0,60.0,0.0,18.399999618530273,626.4000244140625,0
2021-06-01 00:00:00+00:00,0.0,0.0,621.0,50.0,0.0,18.899999618530273,619.5999755859375,0
2021-06-02 00:00:00+00:00,0.0,0.0,632.0,37.0,0.0,24.100000381469727,632.7999877929688,0
2021-06-03 00:00:00+00:00,0.0,0.0,640.0,50.0,0.0,24.299999237060547,640.2000122070312,0
2021-06-04 00:00:00+00:00,0.0,0.0,631.0,60.0,0.0,20.799999237060547,631.7999877929688,0
2021-06-05 00:00:00+00:00,0.0,0.0,627.0,45.0,0.0,19.299999237060547,629.2000122070312,0
2021-06-06 00:00:00+00:00,0.0,0.0,627.0,45.0,0.0,18.600000381469727,627.4000244140625,0
2021-06-07 00:00:00+00:00,0.0,0.0,625.0,45.0,0.0,17.799999237060547,625.9000244140625,0
2021-06-08 00:00:00+00:00,0.0,0.0,641.0,61.0,0.0,18.600000381469727,641.5999755859375,0
2021-06-09 00:00:00+00:00,0.0,0.0,637.0,70.0,0.0,18.200000762939453,637.7000122070312,0
2021-06-10 00:00:00+00:00,0.0,0.0,635.0,69.0,0.0,17.399999618530273,635.9000244140625,0
2021-06-11 00:00:00+00:00,0.0,0.0,632.0,61.0,0.0,17.200000762939453,631.9000244140625,0
2021-06-12 00:00:00+00:00,0.0,0.0,626.0,52.0,0.0,17.100000381469727,626.7999877929688,0
2021-06-13 00:00:00+00:00,0.0,0.0,634.0,58.0,0.0,17.600000381469727,634.9000244140625,0
2021-06-14 00:00:00+00:00,0.0,0.0,631.0,58.0,0.0,17.399999618530273,631.5999755859375,0
2021-06-15 00:00:00+00:00,0.0,0.0,627.0,45.0,0.0,17.5,627.5,0
2021-06-16 00:00:00+00:00,0.0,0.0,628.0,36.0,0.0,20.600000381469727,628.7000122070312,0
2021-06-17 00:00:00+00:00,0.0,0.0,628.0,45.0,0.0,21.5,628.5999755859375,0
2021-06-18 00:00:00+00:00,0.0,0.0,645.0,47.0,0.0,21.799999237060547,644.7000122070312,1
2021-06-19 00:00:00+00:00,2.0,4.0,607.0,23.0,0.0,23.0,607.0,1
2021-06-20 00:00:00+00:00,0.0,0.0,621.0,45.0,0.0,23.700000762939453,621.2000122070312,0
2021-06-21 00:00:00+00:00,0.0,0.0,627.0,33.0,0.0,25.100000381469727,626.2999877929688,0
2021-06-22 00:00:00+00:00,0.0,0.0,628.0,45.0,0.0,24.100000381469727,628.7999877929688,0
2021-06-23 00:00:00+00:00,0.0,0.0,629.0,43.0,0.0,23.5,628.9000244140625,0
2021-06-24 00:00:00+00:00,0.0,0.0,627.0,45.0,0.0,21.5,627.0999755859375,0
2021-06-25 00:00:00+00:00,0.0,0.0,626.0,45.0,0.0,19.100000381469727,626.7999877929688,0
2021-06-26 00:00:00+00:00,0.0,0.0,629.0,48.0,0.0,19.299999237060547,629.2000122070312,0
2021-06-27 00:00:00+00:00,0.0,0.0,629.0,51.0,0.0,19.5,629.7999877929688,0
2021-06-28 00:00:00+00:00,0.0,0.0,626.0,44.0,0.0,20.100000381469727,626.0,0
2021-06-29 00:00:00+00:00,0.0,0.0,628.0,44.0,0.0,20.200000762939453,628.0,0
2021-06-30 00:00:00+00:00,0.0,0.0,627.0,51.0,0.0,19.700000762939453,627.5999755859375,0
2021-07-01 00:00:00+00:00,0.0,0.0,625.0,45.0,0.0,19.700000762939453,625.9000244140625,0
2021-07-02 00:00:00+00:00,0.0,0.0,627.0,49.0,0.0,19.299999237060547,627.5999755859375,0
2021-07-03 00:00:00+00:00,0.0,0.0,625.0,50.0,0.0,17.899999618530273,625.7999877929688,0
2021-07-04 00:00:00+00:00,0.0,0.0,627.0,52.0,0.0,17.5,627.7000122070312,0
2021-07-05 00:00:00+00:00,0.0,0.0,626.0,52.0,0.0,17.200000762939453,626.0,0
2021-07-06 00:00:00+00:00,0.0,0.0,628.0,43.0,0.0,18.5,628.9000244140625,0
2021-07-07 00:00:00+00:00,0.0,0.0,616.0,32.0,0.0,18.799999237060547,616.2000122070312,0
2021-07-08 00:00:00+00:00,0.0,0.0,615.0,30.0,0.0,17.600000381469727,615.2000122070312,0
2021-07-09 00:00:00+00:00,0.0,0.0,618.0,32.0,0.0,17.200000762939453,618.2000122070312,0
2021-07-10 00:00:00+00:00,0.0,0.0,619.0,34.0,0.0,17.100000381469727,619.9000244140625,0
2021-07-11 00:00:00+00:00,0.0,0.0,624.0,42.0,0.0,17.600000381469727,624.5333251953125,0
2021-07-12 00:00:00+00:00,0.0,0.0,625.0,46.0,0.0,17.399999618530273,625.0,0
2021-07-13 00:00:00+00:00,0.0,0.0,622.0,45.0,0.0,17.200000762939453,622.2000122070312,0
2021-07-14 00:00:00+00:00,0.0,0.0,621.0,43.0,0.0,17.100000381469727,621.2000122070312,0
2021-07-15 00:00:00+00:00,0.0,0.0,625.0,46.0,0.0,17.899999618530273,625.0,0
2021-07-16 00:00:00+00:00,0.0,0.0,623.0,45.0,0.0,17.5,623.4000244140625,0
2021-07-17 00:00:00+00:00,0.0,0.0,622.0,45.0,0.0,17.100000381469727,622.0,0
2021-07-18 00:00:00+00:00,0.0,0.0,630.0,53.0,0.0,17.700000762939453,630.5999755859375,1
2021-07-19 00:00:00+00:00,0.0,0.0,637.0,69.0,0.0,22.0,638.2000122070312,1
2021-07-20 00:00:00+00:00,16.0,26.0,632.0,36.0,13.0,26.299999237060547,632.4000244140625,0
2021-07-21 00:00:00+00:00,,,,,,,,
2021-07-22 00:00:00+00:00,,,,,,,,0
2021-07-23 00:00:00+00:00,0.0,0.0,620.0,31.0,0.0,20.299999237060547,620.7999877929688,0
2021-07-24 00:00:00+00:00,33.0,55.0,617.0,31.0,29.5,20.5,617.7999877929688,0
2021-07-25 00:00:00+00:00,32.0,52.0,622.0,33.0,27.5,20.700000762939453,623.2000122070312,0
2021-07-26 00:00:00+00:00,44.0,72.0,618.0,35.0,40.0,21.0,619.0,0
2021-07-27 00:00:00+00:00,0.0,0.0,626.0,45.0,0.0,22.0,626.5999755859375,0
2021-07-28 00:00:00+00:00,0.0,0.0,625.0,45.0,0.0,21.100000381469727,625.2000122070312,0
2021-07-29 00:00:00+00:00,0.0,0.0,629.0,54.0,0.0,22.299999237060547,629.5,0
2021-07-30 00:00:00+00:00,0.0,0.0,630.0,47.0,0.0,21.700000762939453,630.0,0
2021-07-31 00:00:00+00:00,0.0,0.0,629.0,57.0,0.0,20.600000381469727,629.7999877929688,0
2021-08-01 00:00:00+00:00,0.0,0.0,627.0,41.0,0.0,20.600000381469727,627.2000122070312,0
2021-08-02 00:00:00+00:00,0.0,0.0,626.0,48.0,0.0,20.799999237060547,626.7999877929688,0
2021-08-03 00:00:00+00:00,0.0,0.0,625.0,45.0,0.0,20.399999618530273,625.7000122070312,0
2021-08-04 00:00:00+00:00,0.0,0.0,627.0,46.0,0.0,20.600000381469727,627.5,0
2021-08-05 00:00:00+00:00,0.0,0.0,627.0,43.0,0.0,20.799999237060547,627.9000244140625,0
2021-08-06 00:00:00+00:00,0.0,0.0,624.0,45.0,0.0,20.5,624.0999755859375,0
2021-08-07 00:00:00+00:00,0.0,0.0,633.0,65.0,0.0,21.600000381469727,633.4000244140625,0
2021-08-08 00:00:00+00:00,0.0,0.0,623.0,37.0,0.0,21.0,623.5999755859375,0
2021-08-09 00:00:00+00:00,0.0,0.0,626.0,40.0,0.0,21.899999618530273,626.5,1
2021-08-10 00:00:00+00:00,-15.0,-22.0,712.0,99.0,-18.0,24.600000381469727,712.2999877929688,1
2021-08-11 00:00:00+00:00,,,,,,,,
2021-08-12 00:00:00+00:00,0.0,0.0,614.0,45.0,0.0,19.899999618530273,614.5,0
2021-08-13 00:00:00+00:00,0.0,0.0,614.0,46.0,0.0,19.600000381469727,614.5,0
2021-08-14 00:00:00+00:00,0.0,0.0,614.0,46.0,0.0,19.600000381469727,614.5,0
2021-08-15 00:00:00+00:00,0.0,0.0,614.0,46.0,0.0,19.5,614.2000122070312,0
2021-08-16 00:00:00+00:00,0.0,0.0,617.0,49.0,0.0,19.700000762939453,617.7999877929688,0
2021-08-17 00:00:00+00:00,0.0,0.0,616.0,49.0,0.0,19.600000381469727,616.5999755859375,0
2021-08-18 00:00:00+00:00,0.0,0.0,615.0,49.0,0.0,19.600000381469727,615.7999877929688,0
2021-08-19 00:00:00+00:00,0.0,0.0,615.0,49.0,0.0,19.600000381469727,615.5999755859375,0
2021-08-20 00:00:00+00:00,0.0,0.0,608.0,34.0,0.0,19.700000762939453,608.7000122070312,0
2021-08-21 00:00:00+00:00,0.0,0.0,608.0,29.0,0.0,19.700000762939453,608.0999755859375,0
2021-08-22 00:00:00+00:00,0.0,0.0,618.0,37.0,0.0,20.5,618.7000122070312,0
2021-08-23 00:00:00+00:00,0.0,0.0,619.0,20.0,0.0,21.100000381469727,619.2000122070312,0
2021-08-24 00:00:00+00:00,0.0,0.0,623.0,31.0,0.0,20.700000762939453,623.2000122070312,0
2021-08-25 00:00:00+00:00,0.0,0.0,626.0,40.0,0.0,20.600000381469727,626.0,0
2021-08-26 00:00:00+00:00,0.0,0.0,622.0,34.0,0.0,20.200000762939453,622.2000122070312,0
2021-08-27 00:00:00+00:00,0.0,0.0,631.0,48.0,0.0,20.700000762939453,631.2000122070312,0
2021-08-28 00:00:00+00:00,0.0,0.0,618.0,33.0,0.0,20.299999237060547,618.7999877929688,0
2021-08-29 00:00:00+00:00,0.0,0.0,616.0,21.0,0.0,20.100000381469727,616.0,0
2021-08-30 00:00:00+00:00,0.0,0.0,619.0,25.0,0.0,20.100000381469727,619.9000244140625,0
2021-08-31 00:00:00+00:00,0.0,0.0,615.0,20.0,0.0,19.799999237060547,615.2000122070312,0
2021-09-01 00:00:00+00:00,0.0,0.0,627.0,37.0,0.0,22.5,627.5999755859375,0
2021-09-02 00:00:00+00:00,0.0,0.0,626.0,45.0,0.0,21.200000762939453,626.2000122070312,0
2021-09-03 00:00:00+00:00,0.0,0.0,627.0,37.0,0.0,22.200000762939453,628.0,0
2021-09-04 00:00:00+00:00,0.0,0.0,629.0,40.0,0.0,25.600000381469727,629.0,0
2021-09-05 00:00:00+00:00,0.0,0.0,628.0,45.0,0.0,24.799999237060547,628.7999877929688,0
2021-09-06 00:00:00+00:00,0.0,0.0,625.0,43.0,0.0,24.100000381469727,625.7999877929688,1
2021-09-07 00:00:00+00:00,0.0,0.0,636.0,42.0,0.0,25.700000762939453,636.0,1
2021-09-08 00:00:00+00:00,0.0,0.0,617.0,51.0,0.0,25.399999618530273,617.2000122070312,0
2021-09-09 00:00:00+00:00,0.0,0.0,617.0,45.0,0.0,22.600000381469727,617.0,0
2021-09-10 00:00:00+00:00,0.0,0.0,618.0,45.0,0.0,22.399999618530273,618.2000122070312,0
2021-09-11 00:00:00+00:00,0.0,0.0,615.0,45.0,0.0,20.5,615.7000122070312,0
2021-09-12 00:00:00+00:00,0.0,0.0,615.0,45.0,0.0,20.0,615.0,0
2021-09-13 00:00:00+00:00,0.0,0.0,618.0,49.0,0.0,20.200000762939453,618.5999755859375,0
2021-09-14 00:00:00+00:00,0.0,0.0,619.0,45.0,0.0,20.5,619.0,0
2021-09-15 00:00:00+00:00,0.0,0.0,617.0,45.0,0.0,21.799999237060547,617.2000122070312,0
2021-09-16 00:00:00+00:00,0.0,0.0,617.0,45.0,0.0,21.200000762939453,617.0,0
2021-09-17 00:00:00+00:00,0.0,0.0,616.0,45.0,0.0,20.5,616.2000122070312,0
2021-09-18 00:00:00+00:00,0.0,0.0,616.0,45.0,0.0,20.200000762939453,616.2999877929688,0
2021-09-19 00:00:00+00:00,0.0,0.0,617.0,46.0,0.0,20.100000381469727,617.0,0
2021-09-20 00:00:00+00:00,0.0,0.0,616.0,45.0,0.0,20.399999618530273,616.4000244140625,0
2021-09-21 00:00:00+00:00,0.0,0.0,619.0,45.0,0.0,23.899999618530273,619.2000122070312,0
2021-09-22 00:00:00+00:00,0.0,0.0,617.0,45.0,0.0,21.700000762939453,617.5999755859375,0
2021-09-23 00:00:00+00:00,0.0,0.0,618.0,47.0,0.0,21.299999237060547,618.7999877929688,0
2021-09-24 00:00:00+00:00,0.0,0.0,614.0,45.0,0.0,20.299999237060547,614.5999755859375,0
2021-09-25 00:00:00+00:00,0.0,0.0,617.0,45.0,0.0,20.600000381469727,617.0,0
2021-09-26 00:00:00+00:00,0.0,0.0,615.0,45.0,0.0,20.5,615.2000122070312,0
2021-09-27 00:00:00+00:00,0.0,0.0,615.0,45.0,0.0,20.200000762939453,615.5999755859375,0
2021-09-28 00:00:00+00:00,0.0,0.0,616.0,45.0,0.0,20.200000762939453,616.4000244140625,0
2021-09-29 00:00:00+00:00,0.0,0.0,615.0,45.0,0.0,20.600000381469727,615.5999755859375,0
2021-09-30 00:00:00+00:00,0.0,0.0,618.0,50.0,0.0,20.600000381469727,618.0,0
2021-10-01 00:00:00+00:00,0.0,0.0,620.0,51.0,0.0,20.5,620.2000122070312,0
2021-10-02 00:00:00+00:00,0.0,0.0,631.0,45.0,0.0,24.799999237060547,631.5999755859375,0
2021-10-03 00:00:00+00:00,0.0,0.0,629.0,41.0,0.0,23.5,629.0999755859375,0
2021-10-04 00:00:00+00:00,0.0,0.0,631.0,45.0,0.0,23.200000762939453,631.0,0
2021-10-05 00:00:00+00:00,0.0,0.0,630.0,46.0,0.0,22.200000762939453,630.4000244140625,0
2021-10-06 00:00:00+00:00,0.0,0.0,631.0,44.0,0.0,22.700000762939453,631.5,0
2021-10-07 00:00:00+00:00,0.0,0.0,623.0,35.0,0.0,23.700000762939453,626.5,0
2021-10-08 00:00:00+00:00,0.0,0.0,629.0,44.0,0.0,25.399999618530273,629.5,0
2021-10-09 00:00:00+00:00,0.0,0.0,628.0,45.0,0.0,23.899999618530273,628.7999877929688,0
2021-10-10 00:00:00+00:00,0.0,0.0,633.0,54.0,0.0,22.700000762939453,633.9000244140625,0
2021-10-11 00:00:00+00:00,0.0,0.0,620.0,70.0,0.0,22.100000381469727,620.2000122070312,0
2021-10-12 00:00:00+00:00,0.0,0.0,631.0,35.0,0.0,24.0,631.7666625976562,0
2021-10-13 00:00:00+00:00,0.0,0.0,634.0,45.0,0.0,23.600000381469727,634.0999755859375,0
2021-10-14 00:00:00+00:00,0.0,0.0,632.0,47.0,0.0,22.100000381469727,632.5,0
2021-10-15 00:00:00+00:00,0.0,0.0,632.0,38.0,0.0,24.399999618530273,632.4000244140625,0
2021-10-16 00:00:00+00:00,0.0,0.0,629.0,45.0,0.0,23.899999618530273,629.5999755859375,0
2021-10-17 00:00:00+00:00,0.0,0.0,631.0,45.0,0.0,24.799999237060547,631.2000122070312,0
2021-10-18 00:00:00+00:00,0.0,0.0,631.0,45.0,0.0,22.200000762939453,631.0,1
2021-10-19 00:00:00+00:00,0.0,0.0,623.0,76.0,0.0,22.100000381469727,623.5,0
2021-10-20 00:00:00+00:00,0.0,0.0,619.0,70.0,0.0,20.600000381469727,619.5,1
2021-10-21 00:00:00+00:00,0.0,0.0,620.0,26.0,0.0,24.299999237060547,620.5999755859375,0
2021-10-22 00:00:00+00:00,0.0,0.0,632.0,38.0,0.0,25.100000381469727,632.7999877929688,0
2021-10-23 00:00:00+00:00,0.0,0.0,631.0,45.0,0.0,23.0,631.9000244140625,0
2021-10-24 00:00:00+00:00,0.0,0.0,632.0,69.0,0.0,22.200000762939453,632.0,0
2021-10-25 00:00:00+00:00,0.0,0.0,618.0,70.0,0.0,20.799999237060547,618.5999755859375,0
2021-10-26 00:00:00+00:00,0.0,0.0,612.0,52.0,0.0,20.600000381469727,612.0999755859375,0
2021-10-27 00:00:00+00:00,0.0,0.0,615.0,53.0,0.0,20.700000762939453,615.7999877929688,0
2021-10-28 00:00:00+00:00,0.0,0.0,619.0,63.0,0.0,20.600000381469727,619.4000244140625,0
2021-10-29 00:00:00+00:00,0.0,0.0,618.0,63.0,0.0,20.299999237060547,618.7999877929688,1
2021-10-30 00:00:00+00:00,0.0,0.0,618.0,48.0,0.0,20.299999237060547,618.4000244140625,0
2021-10-31 00:00:00+00:00,0.0,0.0,631.0,45.0,0.0,23.0,631.2999877929688,0
2021-11-01 00:00:00+00:00,0.0,0.0,626.0,75.0,0.0,22.799999237060547,626.4000244140625,0
2021-11-02 00:00:00+00:00,0.0,0.0,620.0,70.0,0.0,20.799999237060547,620.5,0
2021-11-03 00:00:00+00:00,0.0,0.0,614.0,45.0,0.0,20.799999237060547,614.7999877929688,0
2021-11-04 00:00:00+00:00,0.0,0.0,613.0,47.0,0.0,21.299999237060547,613.5999755859375,1
2021-11-05 00:00:00+00:00,0.0,0.0,614.0,45.0,0.0,20.700000762939453,614.5,0
2021-11-06 00:00:00+00:00,0.0,0.0,613.0,45.0,0.0,20.700000762939453,613.0,0
2021-11-07 00:00:00+00:00,0.0,0.0,619.0,55.0,0.0,20.799999237060547,619.5999755859375,0
2021-11-08 00:00:00+00:00,0.0,0.0,618.0,57.0,0.0,21.200000762939453,618.5999755859375,0
2021-11-09 00:00:00+00:00,0.0,0.0,613.0,45.0,0.0,21.5,613.2999877929688,0
2021-11-10 00:00:00+00:00,0.0,0.0,615.0,51.0,0.0,21.100000381469727,615.2000122070312,0
2021-11-11 00:00:00+00:00,0.0,0.0,625.0,70.0,0.0,21.799999237060547,625.5999755859375,1
2021-11-12 00:00:00+00:00,0.0,0.0,617.0,43.0,0.0,24.700000762939453,617.2000122070312,1
2021-11-13 00:00:00+00:00,0.0,0.0,618.0,45.0,0.0,23.0,618.7999877929688,0
2021-11-14 00:00:00+00:00,0.0,0.0,618.0,44.0,0.0,21.600000381469727,618.2000122070312,0
2021-11-15 00:00:00+00:00,0.0,0.0,623.0,57.0,0.0,21.899999618530273,623.0,0
2021-11-16 00:00:00+00:00,0.0,0.0,626.0,70.0,0.0,21.299999237060547,626.0,0
2021-11-17 00:00:00+00:00,0.0,0.0,620.0,60.0,0.0,20.5,620.5999755859375,0
2021-11-18 00:00:00+00:00,0.0,0.0,616.0,45.0,0.0,21.700000762939453,616.5999755859375,0
2021-11-19 00:00:00+00:00,0.0,0.0,615.0,35.0,0.0,23.600000381469727,615.7999877929688,0
2021-11-20 00:00:00+00:00,0.0,0.0,615.0,36.0,0.0,23.799999237060547,615.7999877929688,0
2021-11-21 00:00:00+00:00,0.0,0.0,625.0,53.0,0.0,23.200000762939453,625.2000122070312,0
2021-11-22 00:00:00+00:00,0.0,0.0,624.0,70.0,0.0,21.299999237060547,624.9000244140625,0
2021-11-23 00:00:00+00:00,0.0,0.0,623.0,70.0,0.0,20.600000381469727,623.5,0
2021-11-24 00:00:00+00:00,0.0,0.0,631.0,45.0,0.0,21.899999618530273,631.7999877929688,1
2021-11-25 00:00:00+00:00,0.0,0.0,602.0,29.0,0.0,24.799999237060547,602.7000122070312,1
2021-11-26 00:00:00+00:00,0.0,0.0,616.0,43.0,0.0,25.700000762939453,616.9000244140625,0
2021-11-27 00:00:00+00:00,0.0,0.0,621.0,57.0,0.0,24.5,621.2999877929688,0
2021-11-28 00:00:00+00:00,0.0,0.0,625.0,70.0,0.0,22.0,625.9000244140625,0
2021-11-29 00:00:00+00:00,0.0,0.0,620.0,62.0,0.0,20.700000762939453,619.9000244140625,0
2021-11-30 00:00:00+00:00,0.0,0.0,618.0,47.0,0.0,20.700000762939453,618.2999877929688,0
2021-12-01 00:00:00+00:00,0.0,0.0,618.0,45.0,0.0,22.0,618.2000122070312,0
2021-12-02 00:00:00+00:00,0.0,0.0,614.0,41.0,0.0,21.899999618530273,614.5999755859375,0
2021-12-03 00:00:00+00:00,0.0,0.0,634.0,61.0,0.0,24.700000762939453,634.2000122070312,0
2021-12-04 00:00:00+00:00,0.0,0.0,633.0,69.0,0.0,21.899999618530273,633.5999755859375,0
2021-12-05 00:00:00+00:00,0.0,0.0,631.0,62.0,0.0,21.0,631.5,0
2021-12-06 00:00:00+00:00,0.0,0.0,626.0,44.0,0.0,23.299999237060547,626.7999877929688,0
2021-12-07 00:00:00+00:00,0.0,0.0,623.0,39.0,0.0,23.600000381469727,623.5999755859375,0
2021-12-08 00:00:00+00:00,0.0,0.0,622.0,37.0,0.0,22.700000762939453,622.0,0
2021-12-09 00:00:00+00:00,0.0,0.0,625.0,45.0,0.0,23.399999618530273,625.4000244140625,0
2021-12-10 00:00:00+00:00,0.0,0.0,628.0,57.0,0.0,22.399999618530273,629.5999755859375,0
2021-12-11 00:00:00+00:00,0.0,0.0,625.0,45.0,0.0,21.600000381469727,625.4000244140625,0
2021-12-12 00:00:00+00:00,0.0,0.0,626.0,54.0,0.0,22.899999618530273,626.4000244140625,0
2021-12-13 00:00:00+00:00,0.0,0.0,624.0,47.0,0.0,23.100000381469727,624.2000122070312,0
2021-12-14 00:00:00+00:00,0.0,0.0,625.0,34.0,0.0,23.299999237060547,625.0999755859375,0
2021-12-15 00:00:00+00:00,0.0,0.0,622.0,45.0,0.0,23.399999618530273,622.5999755859375,0
2021-12-16 00:00:00+00:00,0.0,0.0,620.0,45.0,0.0,21.399999618530273,620.5999755859375,0
2021-12-17 00:00:00+00:00,0.0,0.0,623.0,51.0,0.0,20.799999237060547,623.7999877929688,0
2021-12-18 00:00:00+00:00,0.0,0.0,621.0,50.0,0.0,20.299999237060547,621.7999877929688,0
2021-12-19 00:00:00+00:00,0.0,0.0,621.0,45.0,0.0,21.200000762939453,621.2000122070312,0
2021-12-20 00:00:00+00:00,-17.0,-25.0,637.0,45.0,-20.0,23.399999618530273,637.5,1
2021-12-21 00:00:00+00:00,-8.0,-12.0,635.0,84.0,-11.0,26.399999618530273,635.7999877929688,1
2021-12-22 00:00:00+00:00,0.0,0.0,620.0,39.0,0.0,28.0,620.0,0
2021-12-23 00:00:00+00:00,0.0,0.0,619.0,43.0,0.0,25.799999237060547,619.5999755859375,0
2021-12-24 00:00:00+00:00,0.0,0.0,617.0,45.0,0.0,23.200000762939453,617.2000122070312,0
2021-12-25 00:00:00+00:00,0.0,0.0,626.0,70.0,0.0,22.0,626.7000122070312,0
2021-12-26 00:00:00+00:00,0.0,0.0,624.0,70.0,0.0,20.600000381469727,624.5,0
2021-12-27 00:00:00+00:00,0.0,0.0,623.0,70.0,0.0,19.899999618530273,623.9000244140625,0
2021-12-28 00:00:00+00:00,0.0,0.0,623.0,70.0,0.0,19.600000381469727,623.7000122070312,0
2021-12-29 00:00:00+00:00,0.0,0.0,623.0,69.0,0.0,19.399999618530273,623.2999877929688,0
2021-12-30 00:00:00+00:00,0.0,0.0,624.0,70.0,0.0,19.399999618530273,624.5,0
2021-12-31 00:00:00+00:00,0.0,0.0,622.0,63.0,0.0,19.700000762939453,622.5999755859375,0
2022-01-01 00:00:00+00:00,0.0,0.0,625.0,69.0,0.0,20.0,625.5999755859375,0
2022-01-02 00:00:00+00:00,0.0,0.0,624.0,70.0,0.0,19.899999618530273,624.0999755859375,0
2022-01-03 00:00:00+00:00,0.0,0.0,623.0,70.0,0.0,19.799999237060547,623.0999755859375,0
2022-01-04 00:00:00+00:00,0.0,0.0,612.0,32.0,0.0,22.200000762939453,612.2000122070312,0
2022-01-05 00:00:00+00:00,0.0,0.0,617.0,41.0,0.0,26.0,617.5,0
2022-01-06 00:00:00+00:00,0.0,0.0,618.0,45.0,0.0,26.5,618.9000244140625,0
2022-01-07 00:00:00+00:00,0.0,0.0,614.0,39.0,0.0,23.299999237060547,614.2000122070312,0
2022-01-08 00:00:00+00:00,0.0,0.0,616.0,37.0,0.0,25.799999237060547,616.0999755859375,0
2022-01-09 00:00:00+00:00,0.0,0.0,615.0,38.0,0.0,26.399999618530273,615.7000122070312,0
2022-01-10 00:00:00+00:00,0.0,0.0,615.0,45.0,0.0,25.450000762939453,615.4000244140625,0
2022-01-11 00:00:00+00:00,0.0,0.0,617.0,46.0,0.0,21.799999237060547,617.2000122070312,0
2022-01-12 00:00:00+00:00,0.0,0.0,624.0,61.0,0.0,21.5,624.0999755859375,0
2022-01-13 00:00:00+00:00,0.0,0.0,623.0,70.0,0.0,20.899999618530273,623.2999877929688,0
2022-01-14 00:00:00+00:00,0.0,0.0,622.0,44.0,0.0,22.600000381469727,622.5999755859375,0
2022-01-15 00:00:00+00:00,0.0,0.0,627.0,45.0,0.0,24.299999237060547,627.2999877929688,0
2022-01-16 00:00:00+00:00,0.0,0.0,630.0,50.0,0.0,25.399999618530273,630.2999877929688,0
2022-01-17 00:00:00+00:00,0.0,0.0,636.0,68.0,0.0,22.799999237060547,636.7000122070312,0
2022-01-18 00:00:00+00:00,0.0,0.0,633.0,70.0,0.0,21.0,633.7999877929688,0
2022-01-19 00:00:00+00:00,0.0,0.0,625.0,50.0,0.0,20.600000381469727,625.5999755859375,0
2022-01-20 00:00:00+00:00,0.0,0.0,625.0,45.0,0.0,22.799999237060547,625.7000122070312,0
2022-01-21 00:00:00+00:00,0.0,0.0,625.0,41.0,0.0,23.200000762939453,625.0,0
2022-01-22 00:00:00+00:00,0.0,0.0,626.0,44.0,0.0,25.799999237060547,626.5,0
2022-01-23 00:00:00+00:00,0.0,0.0,627.0,51.0,0.0,24.899999618530273,627.5999755859375,0
2022-01-24 00:00:00+00:00,0.0,0.0,624.0,39.0,0.0,24.0,624.0999755859375,0
2022-01-25 00:00:00+00:00,0.0,0.0,626.0,45.0,0.0,24.899999618530273,626.7999877929688,0
2022-01-26 00:00:00+00:00,0.0,0.0,626.0,45.0,0.0,24.200000762939453,626.4000244140625,0
2022-01-27 00:00:00+00:00,0.0,0.0,634.0,61.0,0.0,22.600000381469727,634.2999877929688,0
2022-01-28 00:00:00+00:00,0.0,0.0,631.0,70.0,0.0,21.200000762939453,631.9000244140625,0
2022-01-29 00:00:00+00:00,0.0,0.0,630.0,70.0,0.0,20.299999237060547,630.4000244140625,0
2022-01-30 00:00:00+00:00,0.0,0.0,629.0,67.0,0.0,19.799999237060547,629.4000244140625,0
2022-01-31 00:00:00+00:00,0.0,0.0,623.0,51.0,0.0,19.899999618530273,623.7999877929688,0
2022-02-01 00:00:00+00:00,0.0,0.0,621.0,45.0,0.0,20.700000762939453,621.7000122070312,0
2022-02-02 00:00:00+00:00,0.0,0.0,624.0,45.0,0.0,22.399999618530273,624.2000122070312,0
2022-02-03 00:00:00+00:00,0.0,0.0,624.0,50.0,0.0,21.399999618530273,624.0,0
2022-02-04 00:00:00+00:00,0.0,0.0,622.0,46.0,0.0,20.5,622.7999877929688,0
2022-02-05 00:00:00+00:00,0.0,0.0,618.0,45.0,0.0,20.100000381469727,618.7999877929688,0
2022-02-06 00:00:00+00:00,0.0,0.0,624.0,45.0,0.0,22.0,624.0999755859375,0
2022-02-07 00:00:00+00:00,0.0,0.0,623.0,46.0,0.0,21.700000762939453,623.2000122070312,0
2022-02-08 00:00:00+00:00,0.0,0.0,625.0,48.0,0.0,21.100000381469727,625.2999877929688,0
2022-02-09 00:00:00+00:00,0.0,0.0,623.0,45.0,0.0,21.700000762939453,623.0,0
2022-02-10 00:00:00+00:00,0.0,0.0,622.0,47.0,0.0,21.0,622.2000122070312,0
2022-02-11 00:00:00+00:00,0.0,0.0,627.0,57.0,0.0,20.799999237060547,627.0999755859375,0
2022-02-12 00:00:00+00:00,0.0,0.0,631.0,66.0,0.0,21.200000762939453,631.5999755859375,0
2022-02-13 00:00:00+00:00,0.0,0.0,629.0,70.0,0.0,20.600000381469727,629.7999877929688,0
2022-02-14 00:00:00+00:00,0.0,0.0,625.0,60.0,0.0,20.299999237060547,625.0,0
2022-02-15 00:00:00+00:00,0.0,0.0,618.0,35.0,0.0,23.899999618530273,618.4500122070312,0
2022-02-16 00:00:00+00:00,0.0,0.0,622.0,33.0,0.0,25.5,622.5999755859375,1
2022-02-17 00:00:00+00:00,-8.0,-12.0,663.0,86.0,-11.0,27.200000762939453,663.7000122070312,1
2022-02-18 00:00:00+00:00,0.0,0.0,621.0,55.0,0.0,23.100000381469727,621.7000122070312,0
2022-02-19 00:00:00+00:00,0.0,0.0,620.0,40.0,0.0,24.700000762939453,620.0,0
2022-02-20 00:00:00+00:00,0.0,0.0,621.0,51.0,0.0,23.299999237060547,621.4000244140625,0
2022-02-21 00:00:00+00:00,0.0,0.0,627.0,70.0,0.0,21.799999237060547,627.2999877929688,0
2022-02-22 00:00:00+00:00,0.0,0.0,616.0,43.0,0.0,21.200000762939453,616.4000244140625,0
2022-02-23 00:00:00+00:00,0.0,0.0,615.0,43.0,0.0,20.299999237060547,615.0,0
2022-02-24 00:00:00+00:00,0.0,0.0,614.0,42.0,0.0,19.899999618530273,614.5999755859375,0
2022-02-25 00:00:00+00:00,0.0,0.0,618.0,49.0,0.0,20.0,618.0999755859375,0
2022-02-26 00:00:00+00:00,0.0,0.0,618.0,45.0,0.0,22.700000762939453,618.0,0
2022-02-27 00:00:00+00:00,0.0,0.0,619.0,45.0,0.0,24.299999237060547,619.0,0
2022-02-28 00:00:00+00:00,0.0,0.0,618.0,45.0,0.0,26.0,618.7000122070312,0
2022-03-01 00:00:00+00:00,0.0,0.0,618.0,45.0,0.0,28.600000381469727,618.7999877929688,0
2022-03-02 00:00:00+00:00,0.0,0.0,626.0,63.0,0.0,28.5,626.7000122070312,0
2022-03-03 00:00:00+00:00,0.0,0.0,624.0,68.0,0.0,22.5,624.0999755859375,0
2022-03-04 00:00:00+00:00,0.0,0.0,616.0,45.0,0.0,21.100000381469727,616.2000122070312,0
2022-03-05 00:00:00+00:00,0.0,0.0,617.0,45.0,0.0,22.5,617.0,0
2022-03-06 00:00:00+00:00,0.0,0.0,616.0,47.0,0.0,21.700000762939453,616.9000244140625,0
2022-03-07 00:00:00+00:00,0.0,0.0,615.0,48.0,0.0,20.700000762939453,615.7999877929688,0
2022-03-08 00:00:00+00:00,0.0,0.0,626.0,70.0,0.0,21.5,626.5,0
2022-03-09 00:00:00+00:00,0.0,0.0,624.0,70.0,0.0,20.5,624.2999877929688,0
2022-03-10 00:00:00+00:00,0.0,0.0,615.0,45.0,0.0,20.899999618530273,615.4000244140625,0
2022-03-11 00:00:00+00:00,0.0,0.0,616.0,45.0,0.0,22.200000762939453,616.9000244140625,0
2022-03-12 00:00:00+00:00,0.0,0.0,627.0,64.0,0.0,23.399999618530273,627.0999755859375,0
2022-03-13 00:00:00+00:00,0.0,0.0,623.0,70.0,0.0,21.100000381469727,623.9000244140625,0
2022-03-14 00:00:00+00:00,0.0,0.0,623.0,70.0,0.0,20.200000762939453,623.0999755859375,0
2022-03-15 00:00:00+00:00,0.0,0.0,622.0,66.0,0.0,20.0,622.0,0
2022-03-16 00:00:00+00:00,0.0,0.0,615.0,45.0,0.0,20.200000762939453,615.4000244140625,0
2022-03-17 00:00:00+00:00,0.0,0.0,616.0,45.0,0.0,22.100000381469727,616.9000244140625,0
2022-03-18 00:00:00+00:00,0.0,0.0,615.0,45.0,0.0,21.700000762939453,615.0,0
2022-03-19 00:00:00+00:00,0.0,0.0,614.0,45.0,0.0,20.700000762939453,614.5999755859375,0
2022-03-20 00:00:00+00:00,0.0,0.0,615.0,49.0,0.0,20.299999237060547,615.2000122070312,0
2022-03-21 00:00:00+00:00,0.0,0.0,616.0,45.0,0.0,21.600000381469727,616.0,0
2022-03-22 00:00:00+00:00,0.0,0.0,615.0,45.0,0.0,21.799999237060547,615.2000122070312,0
2022-03-23 00:00:00+00:00,0.0,0.0,632.0,47.0,0.0,23.200000762939453,632.2999877929688,0
2022-03-24 00:00:00+00:00,0.0,0.0,634.0,53.0,0.0,21.799999237060547,634.5999755859375,0
2022-03-25 00:00:00+00:00,0.0,0.0,636.0,57.0,0.0,20.799999237060547,636.0,0
2022-03-26 00:00:00+00:00,0.0,0.0,633.0,59.0,0.0,20.299999237060547,633.7000122070312,0
2022-03-27 00:00:00+00:00,0.0,0.0,632.0,59.0,0.0,20.100000381469727,632.2000122070312,0
2022-03-28 00:00:00+00:00,0.0,0.0,629.0,45.0,0.0,20.799999237060547,629.4000244140625,0
2022-03-29 00:00:00+00:00,0.0,0.0,627.0,45.0,0.0,20.799999237060547,627.2999877929688,0
2022-03-30 00:00:00+00:00,0.0,0.0,629.0,45.0,0.0,21.100000381469727,629.2999877929688,0
2022-03-31 00:00:00+00:00,0.0,0.0,629.0,45.0,0.0,21.100000381469727,629.9000244140625,0
2022-04-01 00:00:00+00:00,0.0,0.0,629.0,45.0,0.0,22.200000762939453,629.7999877929688,0
2022-04-02 00:00:00+00:00,0.0,0.0,630.0,45.0,0.0,22.200000762939453,630.2999877929688,0
2022-04-03 00:00:00+00:00,0.0,0.0,628.0,45.0,0.0,24.299999237060547,628.9000244140625,0
2022-04-04 00:00:00+00:00,0.0,0.0,628.0,45.0,0.0,25.299999237060547,628.2000122070312,0
2022-04-05 00:00:00+00:00,0.0,0.0,632.0,52.0,0.0,24.799999237060547,632.7999877929688,0
2022-04-06 00:00:00+00:00,0.0,0.0,636.0,70.0,0.0,22.399999618530273,636.7999877929688,0
2022-04-07 00:00:00+00:00,0.0,0.0,635.0,70.0,0.0,20.700000762939453,635.0,0
2022-04-08 00:00:00+00:00,0.0,0.0,630.0,59.0,0.0,20.399999618530273,630.4000244140625,0
2022-04-09 00:00:00+00:00,0.0,0.0,625.0,51.0,0.0,20.5,625.5999755859375,0
2022-04-10 00:00:00+00:00,0.0,0.0,625.0,46.0,0.0,21.399999618530273,625.0999755859375,0
2022-04-11 00:00:00+00:00,0.0,0.0,633.0,45.0,0.0,22.0,633.5,1
2022-04-12 00:00:00+00:00,0.0,0.0,622.0,70.0,0.0,24.399999618530273,622.5,1
2022-04-13 00:00:00+00:00,0.0,0.0,617.0,45.0,0.0,22.399999618530273,617.7999877929688,0
2022-04-14 00:00:00+00:00,0.0,0.0,618.0,49.0,0.0,21.200000762939453,618.7000122070312,0
2022-04-15 00:00:00+00:00,0.0,0.0,618.0,45.0,0.0,21.200000762939453,618.7000122070312,0
2022-04-16 00:00:00+00:00,0.0,0.0,626.0,60.0,0.0,21.399999618530273,626.5,0
2022-04-17 00:00:00+00:00,0.0,0.0,627.0,70.0,0.0,20.899999618530273,627.7999877929688,0
2022-04-18 00:00:00+00:00,0.0,0.0,620.0,57.0,0.0,20.399999618530273,620.4000244140625,0
2022-04-19 00:00:00+00:00,0.0,0.0,620.0,45.0,0.0,21.0,620.2000122070312,0
2022-04-20 00:00:00+00:00,0.0,0.0,619.0,44.0,0.0,24.200000762939453,619.9000244140625,0
2022-04-21 00:00:00+00:00,0.0,0.0,621.0,40.0,0.0,25.899999618530273,621.0,0
2022-04-22 00:00:00+00:00,0.0,0.0,622.0,52.0,0.0,24.5,622.9000244140625,0
2022-04-23 00:00:00+00:00,0.0,0.0,627.0,70.0,0.0,22.299999237060547,627.4000244140625,0
2022-04-24 00:00:00+00:00,0.0,0.0,625.0,70.0,0.0,20.5,625.3499755859375,0
2022-04-25 00:00:00+00:00,0.0,0.0,624.0,70.0,0.0,20.0,624.5,0
2022-04-26 00:00:00+00:00,0.0,0.0,624.0,70.0,0.0,19.799999237060547,624.0999755859375,0
2022-04-27 00:00:00+00:00,0.0,0.0,623.0,70.0,0.0,19.799999237060547,623.7999877929688,0
2022-04-28 00:00:00+00:00,0.0,0.0,623.0,70.0,0.0,19.700000762939453,623.5,0
2022-04-29 00:00:00+00:00,0.0,0.0,621.0,62.0,0.0,19.899999618530273,621.2000122070312,0
2022-04-30 00:00:00+00:00,0.0,0.0,624.0,65.0,0.0,20.100000381469727,624.0999755859375,0
2022-05-01 00:00:00+00:00,0.0,0.0,617.0,51.0,0.0,20.200000762939453,617.0,0
2022-05-02 00:00:00+00:00,0.0,0.0,618.0,45.0,0.0,22.899999618530273,618.4000244140625,0
2022-05-03 00:00:00+00:00,0.0,0.0,617.0,45.0,0.0,21.600000381469727,617.5999755859375,0
2022-05-04 00:00:00+00:00,0.0,0.0,625.0,67.0,0.0,21.799999237060547,625.2999877929688,0
2022-05-05 00:00:00+00:00,0.0,0.0,616.0,50.0,0.0,20.600000381469727,616.9000244140625,0
2022-05-06 00:00:00+00:00,0.0,0.0,617.0,45.0,0.0,21.200000762939453,617.2000122070312,0
2022-05-07 00:00:00+00:00,0.0,0.0,616.0,45.0,0.0,21.0,616.2999877929688,0
2022-05-08 00:00:00+00:00,0.0,0.0,614.0,45.0,0.0,20.5,614.4000244140625,0
2022-05-09 00:00:00+00:00,,,,,,,,
2022-05-10 00:00:00+00:00,0.0,0.0,618.0,58.0,0.0,21.0,618.4000244140625,0
2022-05-11 00:00:00+00:00,0.0,0.0,615.0,50.0,0.0,20.600000381469727,615.0,0
2022-05-12 00:00:00+00:00,0.0,0.0,616.0,42.0,0.0,25.0,616.2000122070312,0
2022-05-13 00:00:00+00:00,0.0,0.0,615.0,45.0,0.0,22.600000381469727,615.7999877929688,0
2022-05-14 00:00:00+00:00,0.0,0.0,618.0,37.0,0.0,26.200000762939453,618.2999877929688,0
2022-05-15 00:00:00+00:00,0.0,0.0,634.0,55.0,0.0,29.200000762939453,634.2999877929688,0
2022-05-16 00:00:00+00:00,0.0,0.0,627.0,38.0,0.0,24.200000762939453,627.0999755859375,1
2022-05-17 00:00:00+00:00,-26.0,-36.0,709.0,76.0,-29.0,27.5,709.2999877929688,1
2022-05-18 00:00:00+00:00,0.0,0.0,641.0,99.0,0.0,26.0,641.5999755859375,1
2022-05-19 00:00:00+00:00,0.0,0.0,617.0,45.0,0.0,26.5,617.5,0
2022-05-20 00:00:00+00:00,0.0,0.0,622.0,50.0,0.0,23.100000381469727,622.0,1
2022-05-21 00:00:00+00:00,0.0,0.0,616.0,45.0,0.0,20.600000381469727,616.9000244140625,0
2022-05-22 00:00:00+00:00,0.0,0.0,617.0,45.0,0.0,20.0,617.2000122070312,0
2022-05-23 00:00:00+00:00,0.0,0.0,619.0,45.0,0.0,20.200000762939453,619.7999877929688,0
2022-05-24 00:00:00+00:00,0.0,0.0,616.0,45.0,0.0,19.899999618530273,616.7999877929688,0
2022-05-25 00:00:00+00:00,0.0,0.0,616.0,46.0,0.0,19.799999237060547,616.9000244140625,0
2022-05-26 00:00:00+00:00,0.0,0.0,615.0,46.0,0.0,19.600000381469727,615.7999877929688,0
2022-05-27 00:00:00+00:00,0.0,0.0,615.0,46.0,0.0,19.5,615.7999877929688,0
2022-05-28 00:00:00+00:00,0.0,0.0,621.0,51.0,0.0,19.899999618530273,621.0,0
2022-05-29 00:00:00+00:00,0.0,0.0,621.0,54.0,0.0,19.899999618530273,621.7999877929688,0
2022-05-30 00:00:00+00:00,0.0,0.0,615.0,45.0,0.0,19.700000762939453,615.4000244140625,0
2022-05-31 00:00:00+00:00,0.0,0.0,615.0,45.0,0.0,19.700000762939453,615.0,0
2022-06-01 00:00:00+00:00,0.0,0.0,616.0,45.0,0.0,19.700000762939453,616.4000244140625,0
2022-06-02 00:00:00+00:00,0.0,0.0,617.0,46.0,0.0,19.799999237060547,617.2000122070312,0
2022-06-03 00:00:00+00:00,0.0,0.0,615.0,46.0,0.0,19.600000381469727,615.7000122070312,0
2022-06-04 00:00:00+00:00,0.0,0.0,614.0,45.0,0.0,19.600000381469727,614.5999755859375,0
2022-06-05 00:00:00+00:00,0.0,0.0,615.0,45.0,0.0,19.600000381469727,615.4000244140625,0
2022-06-06 00:00:00+00:00,0.0,0.0,617.0,46.0,0.0,20.0,617.7999877929688,0
2022-06-07 00:00:00+00:00,0.0,0.0,626.0,55.0,0.0,20.700000762939453,626.2000122070312,0
2022-06-08 00:00:00+00:00,0.0,0.0,622.0,60.0,0.0,20.5,622.2999877929688,0
2022-06-09 00:00:00+00:00,0.0,0.0,621.0,61.0,0.0,20.700000762939453,621.4000244140625,0
2022-06-10 00:00:00+00:00,0.0,0.0,643.0,57.0,0.0,23.5,643.7000122070312,1
2022-06-11 00:00:00+00:00,0.0,0.0,638.0,47.0,0.0,25.0,638.2000122070312,0
2022-06-12 00:00:00+00:00,0.0,0.0,638.0,46.0,0.0,21.899999618530273,638.5,0
2022-06-13 00:00:00+00:00,0.0,0.0,635.0,49.0,0.0,20.399999618530273,635.7999877929688,0
2022-06-14 00:00:00+00:00,0.0,0.0,637.0,45.0,0.0,20.799999237060547,637.2000122070312,0
2022-06-15 00:00:00+00:00,0.0,0.0,637.0,45.0,0.0,24.0,637.0,0
2022-06-16 00:00:00+00:00,0.0,0.0,634.0,45.0,0.0,23.399999618530273,634.5999755859375,0
2022-06-17 00:00:00+00:00,0.0,0.0,635.0,45.0,0.0,22.600000381469727,635.0,0
2022-06-18 00:00:00+00:00,0.0,0.0,637.0,50.0,0.0,21.600000381469727,637.5999755859375,0
2022-06-19 00:00:00+00:00,0.0,0.0,633.0,48.0,0.0,20.399999618530273,633.0,0
2022-06-20 00:00:00+00:00,0.0,0.0,635.0,45.0,0.0,23.200000762939453,635.5,0
2022-06-21 00:00:00+00:00,0.0,0.0,635.0,45.0,0.0,23.399999618530273,635.0,0
2022-06-22 00:00:00+00:00,0.0,0.0,633.0,45.0,0.0,23.0,633.0999755859375,0
2022-06-23 00:00:00+00:00,0.0,0.0,640.0,51.0,0.0,21.799999237060547,640.9000244140625,1
2022-06-24 00:00:00+00:00,0.0,0.0,625.0,74.0,0.0,21.799999237060547,625.5999755859375,0
2022-06-25 00:00:00+00:00,0.0,0.0,622.0,70.0,0.0,20.399999618530273,622.0,0
2022-06-26 00:00:00+00:00,0.0,0.0,616.0,51.0,0.0,20.299999237060547,616.0,0
2022-06-27 00:00:00+00:00,0.0,0.0,619.0,47.0,0.0,21.399999618530273,619.0999755859375,0
2022-06-28 00:00:00+00:00,0.0,0.0,626.0,61.0,0.0,21.899999618530273,626.7999877929688,0
2022-06-29 00:00:00+00:00,0.0,0.0,626.0,70.0,0.0,20.5,626.2000122070312,0
2022-06-30 00:00:00+00:00,0.0,0.0,622.0,63.0,0.0,20.200000762939453,622.7999877929688,1
2022-07-01 00:00:00+00:00,0.0,0.0,611.0,34.0,0.0,23.700000762939453,611.5,1
2022-07-02 00:00:00+00:00,0.0,0.0,625.0,53.0,0.0,24.299999237060547,625.0,0
2022-07-03 00:00:00+00:00,0.0,0.0,621.0,45.0,0.0,21.700000762939453,621.5999755859375,0
2022-07-04 00:00:00+00:00,0.0,0.0,625.0,38.0,0.0,26.100000381469727,625.2999877929688,0
2022-07-05 00:00:00+00:00,0.0,0.0,627.0,59.0,0.0,26.299999237060547,627.0,0
2022-07-06 00:00:00+00:00,0.0,0.0,625.0,59.0,0.0,22.0,625.7999877929688,0
2022-07-07 00:00:00+00:00,0.0,0.0,619.0,55.0,0.0,20.700000762939453,619.2000122070312,0
2022-07-08 00:00:00+00:00,0.0,0.0,622.0,55.0,0.0,20.299999237060547,622.5999755859375,0
2022-07-09 00:00:00+00:00,0.0,0.0,626.0,55.0,0.0,20.399999618530273,626.5999755859375,0
2022-07-10 00:00:00+00:00,0.0,0.0,627.0,70.0,0.0,20.600000381469727,627.0,0
2022-07-11 00:00:00+00:00,0.0,0.0,621.0,54.0,0.0,20.5,621.7000122070312,0
2022-07-12 00:00:00+00:00,0.0,0.0,618.0,35.0,0.0,22.0,618.0,0
2022-07-13 00:00:00+00:00,0.0,0.0,618.0,45.0,0.0,21.700000762939453,618.0,0
2022-07-14 00:00:00+00:00,0.0,0.0,622.0,55.0,0.0,21.299999237060547,622.4000244140625,0
2022-07-15 00:00:00+00:00,0.0,0.0,618.0,51.0,0.0,20.5,618.7000122070312,0
2022-07-16 00:00:00+00:00,0.0,0.0,618.0,50.0,0.0,20.700000762939453,618.7000122070312,0
2022-07-17 00:00:00+00:00,0.0,0.0,615.0,46.0,0.0,20.600000381469727,615.0999755859375,0
2022-07-18 00:00:00+00:00,0.0,0.0,619.0,46.0,0.0,20.299999237060547,619.9000244140625,0
2022-07-19 00:00:00+00:00,0.0,0.0,624.0,60.0,0.0,20.899999618530273,624.0,0
2022-07-20 00:00:00+00:00,0.0,0.0,626.0,66.0,0.0,20.399999618530273,626.7999877929688,0
2022-07-21 00:00:00+00:00,0.0,0.0,617.0,50.0,0.0,20.200000762939453,617.7999877929688,0
2022-07-22 00:00:00+00:00,0.0,0.0,618.0,46.0,0.0,21.200000762939453,618.5999755859375,1
2022-07-23 00:00:00+00:00,-16.0,-23.0,712.0,99.0,-19.0,25.700000762939453,712.2000122070312,1
2022-07-24 00:00:00+00:00,-5.0,-8.0,708.0,99.0,-8.0,23.799999237060547,708.4000244140625,1
2022-07-25 00:00:00+00:00,0.0,0.0,629.0,69.0,0.0,21.899999618530273,629.7000122070312,0
2022-07-26 00:00:00+00:00,0.0,0.0,623.0,53.0,0.0,20.5,623.0999755859375,0
2022-07-27 00:00:00+00:00,0.0,0.0,622.0,53.0,0.0,20.0,622.2999877929688,0
2022-07-28 00:00:00+00:00,0.0,0.0,625.0,58.0,0.0,20.0,625.0999755859375,0
2022-07-29 00:00:00+00:00,0.0,0.0,622.0,58.0,0.0,20.0,622.9000244140625,0
2022-07-30 00:00:00+00:00,0.0,0.0,625.0,56.0,0.0,20.200000762939453,625.9000244140625,0
2022-07-31 00:00:00+00:00,0.0,0.0,625.0,58.0,0.0,20.299999237060547,625.0,0
2022-08-01 00:00:00+00:00,0.0,0.0,623.0,57.0,0.0,19.899999618530273,623.5,0
2022-08-02 00:00:00+00:00,0.0,0.0,622.0,55.0,0.0,20.200000762939453,622.7999877929688,0
2022-08-03 00:00:00+00:00,0.0,0.0,621.0,54.0,0.0,20.600000381469727,621.5999755859375,0
2022-08-04 00:00:00+00:00,0.0,0.0,627.0,39.0,0.0,24.700000762939453,627.5,0
2022-08-05 00:00:00+00:00,0.0,0.0,632.0,45.0,0.0,25.0,632.9000244140625,0
2022-08-06 00:00:00+00:00,0.0,0.0,632.0,57.0,0.0,21.799999237060547,632.7000122070312,0
2022-08-07 00:00:00+00:00,0.0,0.0,633.0,62.0,0.0,20.899999618530273,633.7000122070312,0
2022-08-08 00:00:00+00:00,0.0,0.0,634.0,63.0,0.0,20.399999618530273,634.7999877929688,0
2022-08-09 00:00:00+00:00,0.0,0.0,632.0,59.0,0.0,20.399999618530273,632.2000122070312,0
2022-08-10 00:00:00+00:00,0.0,0.0,633.0,63.0,0.0,20.299999237060547,633.4000244140625,0
2022-08-11 00:00:00+00:00,0.0,0.0,627.0,54.0,0.0,20.0,627.0999755859375,0
2022-08-12 00:00:00+00:00,0.0,0.0,640.0,54.0,0.0,24.100000381469727,640.4000244140625,0
2022-08-13 00:00:00+00:00,0.0,0.0,637.0,55.0,0.0,21.600000381469727,637.0,0
2022-08-14 00:00:00+00:00,0.0,0.0,640.0,54.0,0.0,20.899999618530273,640.4000244140625,0
2022-08-15 00:00:00+00:00,0.0,0.0,632.0,45.0,0.0,20.399999618530273,632.2999877929688,0
2022-08-16 00:00:00+00:00,0.0,0.0,634.0,43.0,0.0,22.5,634.9000244140625,0
2022-08-17 00:00:00+00:00,0.0,0.0,632.0,45.0,0.0,22.200000762939453,632.4000244140625,0
2022-08-18 00:00:00+00:00,0.0,0.0,635.0,53.0,0.0,23.0,635.7999877929688,0
2022-08-19 00:00:00+00:00,0.0,0.0,637.0,40.0,0.0,22.399999618530273,637.7999877929688,0
2022-08-20 00:00:00+00:00,0.0,0.0,633.0,51.0,0.0,23.100000381469727,633.5999755859375,0
2022-08-21 00:00:00+00:00,0.0,0.0,637.0,52.0,0.0,21.799999237060547,637.9000244140625,0
2022-08-22 00:00:00+00:00,0.0,0.0,644.0,65.0,0.0,21.700000762939453,644.0999755859375,0
2022-08-23 00:00:00+00:00,0.0,0.0,629.0,52.0,0.0,20.700000762939453,629.7999877929688,0
2022-08-24 00:00:00+00:00,0.0,0.0,632.0,51.0,0.0,20.299999237060547,632.5999755859375,0
2022-08-25 00:00:00+00:00,0.0,0.0,635.0,57.0,0.0,20.600000381469727,635.5,0
2022-08-26 00:00:00+00:00,0.0,0.0,632.0,48.0,0.0,22.600000381469727,632.7999877929688,1
2022-08-27 00:00:00+00:00,0.0,0.0,626.0,57.0,0.0,22.700000762939453,626.0,0
2022-08-28 00:00:00+00:00,0.0,0.0,629.0,70.0,0.0,21.100000381469727,629.7000122070312,0
2022-08-29 00:00:00+00:00,0.0,0.0,629.0,69.0,0.0,20.399999618530273,629.2999877929688,0
2022-08-30 00:00:00+00:00,0.0,0.0,620.0,55.0,0.0,20.200000762939453,620.7000122070312,0
2022-08-31 00:00:00+00:00,0.0,0.0,619.0,47.0,0.0,20.0,619.9000244140625,0
2022-09-01 00:00:00+00:00,0.0,0.0,618.0,45.0,0.0,19.899999618530273,618.5,0
2022-09-02 00:00:00+00:00,0.0,0.0,629.0,69.0,0.0,20.700000762939453,629.7999877929688,0
2022-09-03 00:00:00+00:00,0.0,0.0,627.0,65.0,0.0,20.5,627.5,0
2022-09-04 00:00:00+00:00,0.0,0.0,624.0,55.0,0.0,20.700000762939453,624.7000122070312,0
2022-09-05 00:00:00+00:00,0.0,0.0,623.0,50.0,0.0,20.799999237060547,623.9000244140625,0
2022-09-06 00:00:00+00:00,0.0,0.0,626.0,59.0,0.0,21.200000762939453,626.0999755859375,0
2022-09-07 00:00:00+00:00,0.0,0.0,623.0,52.0,0.0,20.899999618530273,623.2999877929688,0
2022-09-08 00:00:00+00:00,0.0,0.0,623.0,57.0,0.0,20.700000762939453,623.7999877929688,0
2022-09-09 00:00:00+00:00,0.0,0.0,629.0,60.0,0.0,20.899999618530273,629.5,0
2022-09-10 00:00:00+00:00,0.0,0.0,627.0,70.0,0.0,20.5,627.7000122070312,0
2022-09-11 00:00:00+00:00,0.0,0.0,622.0,59.0,0.0,20.299999237060547,622.0,0
2022-09-12 00:00:00+00:00,0.0,0.0,620.0,56.0,0.0,20.399999618530273,620.0999755859375,0
2022-09-13 00:00:00+00:00,0.0,0.0,618.0,49.0,0.0,20.200000762939453,618.9000244140625,0
2022-09-14 00:00:00+00:00,0.0,0.0,634.0,45.0,0.0,23.600000381469727,634.9000244140625,0
2022-09-15 00:00:00+00:00,0.0,0.0,646.0,64.0,0.0,22.700000762939453,646.0,0
2022-09-16 00:00:00+00:00,0.0,0.0,639.0,59.0,0.0,21.200000762939453,639.2000122070312,0
2022-09-17 00:00:00+00:00,0.0,0.0,641.0,65.0,0.0,21.100000381469727,641.0999755859375,0
2022-09-18 00:00:00+00:00,0.0,0.0,625.0,77.0,0.0,21.200000762939453,625.7999877929688,0
2022-09-19 00:00:00+00:00,0.0,0.0,614.0,39.0,0.0,20.600000381469727,614.2999877929688,0
2022-09-20 00:00:00+00:00,0.0,0.0,614.0,39.0,0.0,20.399999618530273,614.2999877929688,0
2022-09-21 00:00:00+00:00,0.0,0.0,625.0,56.0,0.0,22.0,625.5,0
2022-09-22 00:00:00+00:00,0.0,0.0,624.0,56.0,0.0,21.299999237060547,624.9000244140625,0
2022-09-23 00:00:00+00:00,0.0,0.0,622.0,54.0,0.0,21.299999237060547,622.2999877929688,0
2022-09-24 00:00:00+00:00,0.0,0.0,617.0,47.0,0.0,20.700000762939453,617.7999877929688,0
2022-09-25 00:00:00+00:00,0.0,0.0,630.0,59.0,0.0,21.0,630.2999877929688,1
2022-09-26 00:00:00+00:00,-25.0,-36.0,667.0,84.0,-28.0,25.700000762939453,667.9000244140625,1
2022-09-27 00:00:00+00:00,0.0,0.0,623.0,65.0,0.0,24.399999618530273,623.7999877929688,1
2022-09-28 00:00:00+00:00,0.0,0.0,621.0,50.0,0.0,21.200000762939453,621.0999755859375,0
2022-09-29 00:00:00+00:00,0.0,0.0,623.0,52.0,0.0,20.5,623.2999877929688,0
2022-09-30 00:00:00+00:00,0.0,0.0,627.0,55.0,0.0,21.399999618530273,627.5999755859375,0
2022-10-01 00:00:00+00:00,0.0,0.0,625.0,64.0,0.0,21.100000381469727,625.5,0
2022-10-02 00:00:00+00:00,0.0,0.0,628.0,64.0,0.0,21.700000762939453,628.5,0
2022-10-03 00:00:00+00:00,0.0,0.0,619.0,54.0,0.0,21.200000762939453,619.2999877929688,0
2022-10-04 00:00:00+00:00,0.0,0.0,625.0,56.0,0.0,21.799999237060547,625.2000122070312,0
2022-10-05 00:00:00+00:00,0.0,0.0,619.0,56.0,0.0,21.600000381469727,619.7999877929688,0
2022-10-06 00:00:00+00:00,0.0,0.0,618.0,56.0,0.0,20.899999618530273,618.7000122070312,0
2022-10-07 00:00:00+00:00,0.0,0.0,619.0,53.0,0.0,21.200000762939453,619.7999877929688,0
2022-10-08 00:00:00+00:00,0.0,0.0,625.0,62.0,0.0,21.100000381469727,625.2000122070312,0
2022-10-09 00:00:00+00:00,0.0,0.0,629.0,64.0,0.0,21.600000381469727,629.7999877929688,0
2022-10-10 00:00:00+00:00,0.0,0.0,620.0,53.0,0.0,21.399999618530273,620.4000244140625,0
2022-10-11 00:00:00+00:00,0.0,0.0,621.0,55.0,0.0,21.200000762939453,621.2000122070312,0
2022-10-12 00:00:00+00:00,0.0,0.0,616.0,51.0,0.0,20.600000381469727,616.9000244140625,0
2022-10-13 00:00:00+00:00,0.0,0.0,622.0,60.0,0.0,21.0,622.2000122070312,0
2022-10-14 00:00:00+00:00,0.0,0.0,620.0,54.0,0.0,21.200000762939453,620.4000244140625,0
2022-10-15 00:00:00+00:00,0.0,0.0,623.0,60.0,0.0,21.600000381469727,623.2000122070312,0
2022-10-16 00:00:00+00:00,0.0,0.0,625.0,70.0,0.0,21.0,625.5,0
2022-10-17 00:00:00+00:00,0.0,0.0,626.0,59.0,0.0,21.299999237060547,626.7000122070312,0
2022-10-18 00:00:00+00:00,0.0,0.0,623.0,60.0,0.0,21.600000381469727,623.0999755859375,0
2022-10-19 00:00:00+00:00,0.0,0.0,622.0,63.0,0.0,20.899999618530273,622.0,0
2022-10-20 00:00:00+00:00,0.0,0.0,616.0,47.0,0.0,21.399999618530273,616.0999755859375,0
2022-10-21 00:00:00+00:00,0.0,0.0,615.0,45.0,0.0,21.0,615.9000244140625,0
2022-10-22 00:00:00+00:00,0.0,0.0,625.0,66.0,0.0,21.399999618530273,625.7000122070312,0
2022-10-23 00:00:00+00:00,0.0,0.0,622.0,63.0,0.0,21.0,622.5999755859375,0
2022-10-24 00:00:00+00:00,0.0,0.0,618.0,57.0,0.0,20.799999237060547,618.2000122070312,0
2022-10-25 00:00:00+00:00,0.0,0.0,619.0,54.0,0.0,20.600000381469727,619.0,0
2022-10-26 00:00:00+00:00,0.0,0.0,635.0,49.0,0.0,25.200000762939453,635.4000244140625,0
2022-10-27 00:00:00+00:00,0.0,0.0,633.0,58.0,0.0,22.600000381469727,633.5,0
2022-10-28 00:00:00+00:00,0.0,0.0,640.0,65.0,0.0,21.799999237060547,640.5,1
2022-10-29 00:00:00+00:00,0.0,0.0,622.0,74.0,0.0,22.899999618530273,622.2999877929688,1
2022-10-30 00:00:00+00:00,0.0,0.0,618.0,55.0,0.0,20.799999237060547,618.2999877929688,0
2022-10-31 00:00:00+00:00,0.0,0.0,624.0,64.0,0.0,21.799999237060547,624.0,1
2022-11-01 00:00:00+00:00,0.0,0.0,620.0,58.0,0.0,22.5,620.7999877929688,0
2022-11-02 00:00:00+00:00,0.0,0.0,628.0,66.0,0.0,22.0,628.0999755859375,1
2022-11-03 00:00:00+00:00,0.0,0.0,643.0,95.0,0.0,25.600000381469727,643.0999755859375,1
2022-11-04 00:00:00+00:00,0.0,0.0,613.0,16.0,0.0,24.200000762939453,613.0,1
2022-11-05 00:00:00+00:00,0.0,0.0,624.0,53.0,0.0,23.200000762939453,624.9000244140625,0
2022-11-06 00:00:00+00:00,0.0,0.0,628.0,65.0,0.0,22.399999618530273,628.7000122070312,0
2022-11-07 00:00:00+00:00,0.0,0.0,625.0,60.0,0.0,22.0,625.5999755859375,0
2022-11-08 00:00:00+00:00,0.0,0.0,621.0,45.0,0.0,23.0,621.7000122070312,0
2022-11-09 00:00:00+00:00,0.0,0.0,622.0,52.0,0.0,22.5,622.2999877929688,0
2022-11-10 00:00:00+00:00,0.0,0.0,627.0,67.0,0.0,22.399999618530273,627.0999755859375,0
2022-11-11 00:00:00+00:00,0.0,0.0,622.0,59.0,0.0,21.700000762939453,622.7999877929688,0
2022-11-12 00:00:00+00:00,0.0,0.0,621.0,58.0,0.0,21.299999237060547,621.0,0
2022-11-13 00:00:00+00:00,0.0,0.0,622.0,56.0,0.0,20.899999618530273,622.5999755859375,0
2022-11-14 00:00:00+00:00,0.0,0.0,623.0,60.0,0.0,21.399999618530273,623.4000244140625,0
2022-11-15 00:00:00+00:00,0.0,0.0,621.0,58.0,0.0,21.5,621.0,0
2022-11-16 00:00:00+00:00,0.0,0.0,618.0,45.0,0.0,20.600000381469727,618.0999755859375,0
2022-11-17 00:00:00+00:00,0.0,0.0,616.0,45.0,0.0,20.100000381469727,616.0999755859375,0
2022-11-18 00:00:00+00:00,0.0,0.0,623.0,55.0,0.0,20.5,623.5,0
2022-11-19 00:00:00+00:00,0.0,0.0,625.0,69.0,0.0,20.799999237060547,625.5999755859375,0
2022-11-20 00:00:00+00:00,0.0,0.0,626.0,70.0,0.0,21.0,626.5999755859375,0
2022-11-21 00:00:00+00:00,0.0,0.0,616.0,52.0,0.0,20.700000762939453,616.9000244140625,0
2022-11-22 00:00:00+00:00,0.0,0.0,616.0,47.0,0.0,21.399999618530273,616.2999877929688,0
2022-11-23 00:00:00+00:00,0.0,0.0,635.0,94.0,0.0,22.399999618530273,635.2999877929688,0
2022-11-24 00:00:00+00:00,0.0,0.0,623.0,70.0,0.0,21.200000762939453,623.5999755859375,0
2022-11-25 00:00:00+00:00,0.0,0.0,622.0,68.0,0.0,20.399999618530273,622.5,0
2022-11-26 00:00:00+00:00,0.0,0.0,621.0,64.0,0.0,20.200000762939453,621.2999877929688,0
2022-11-27 00:00:00+00:00,0.0,0.0,623.0,70.0,0.0,20.100000381469727,623.7999877929688,0
2022-11-28 00:00:00+00:00,0.0,0.0,615.0,49.0,0.0,20.299999237060547,615.4000244140625,0
2022-11-29 00:00:00+00:00,0.0,0.0,617.0,45.0,0.0,20.5,617.2000122070312,0
2022-11-30 00:00:00+00:00,0.0,0.0,619.0,46.0,0.0,21.200000762939453,619.7000122070312,0
2022-12-01 00:00:00+00:00,0.0,0.0,622.0,57.0,0.0,21.399999618530273,622.7999877929688,0
2022-12-02 00:00:00+00:00,0.0,0.0,618.0,56.0,0.0,20.700000762939453,618.5999755859375,0
2022-12-03 00:00:00+00:00,0.0,0.0,623.0,70.0,0.0,20.799999237060547,623.5999755859375,0
2022-12-04 00:00:00+00:00,0.0,0.0,622.0,70.0,0.0,20.299999237060547,622.4000244140625,0
2022-12-05 00:00:00+00:00,0.0,0.0,617.0,52.0,0.0,20.700000762939453,617.7999877929688,0
2022-12-06 00:00:00+00:00,-28.0,-40.0,684.0,88.0,-31.0,25.399999618530273,684.2000122070312,1
2022-12-07 00:00:00+00:00,-9.0,-13.0,713.0,99.0,-12.0,25.299999237060547,713.0,1
2022-12-08 00:00:00+00:00,0.0,0.0,628.0,70.0,0.0,23.200000762939453,628.2000122070312,1
2022-12-09 00:00:00+00:00,0.0,0.0,625.0,60.0,0.0,21.200000762939453,625.0,0
2022-12-10 00:00:00+00:00,0.0,0.0,629.0,66.0,0.0,21.0,629.4000244140625,0
2022-12-11 00:00:00+00:00,0.0,0.0,629.0,64.0,0.0,21.200000762939453,629.5,0
2022-12-12 00:00:00+00:00,0.0,0.0,621.0,41.0,0.0,22.399999618530273,621.5999755859375,0
2022-12-13 00:00:00+00:00,0.0,0.0,623.0,47.0,0.0,22.299999237060547,623.5,0
2022-12-14 00:00:00+00:00,0.0,0.0,625.0,58.0,0.0,21.899999618530273,625.2000122070312,0
2022-12-15 00:00:00+00:00,0.0,0.0,618.0,49.0,0.0,21.0,618.7999877929688,0
2022-12-16 00:00:00+00:00,0.0,0.0,627.0,56.0,0.0,20.899999618530273,627.5999755859375,0
2022-12-17 00:00:00+00:00,0.0,0.0,628.0,70.0,0.0,20.399999618530273,628.9000244140625,0
2022-12-18 00:00:00+00:00,0.0,0.0,625.0,60.0,0.0,19.200000762939453,625.9000244140625,0
2022-12-19 00:00:00+00:00,0.0,0.0,620.0,55.0,0.0,20.0,620.5999755859375,0
2022-12-20 00:00:00+00:00,0.0,0.0,627.0,58.0,0.0,21.0,627.0,0
2022-12-21 00:00:00+00:00,0.0,0.0,617.0,45.0,0.0,20.600000381469727,617.5999755859375,0
2022-12-22 00:00:00+00:00,0.0,0.0,628.0,56.0,0.0,24.100000381469727,628.2999877929688,1
2022-12-23 00:00:00+00:00,0.0,0.0,623.0,60.0,0.0,23.200000762939453,623.7000122070312,0
2022-12-24 00:00:00+00:00,0.0,0.0,628.0,62.0,0.0,21.899999618530273,628.7999877929688,0
2022-12-25 00:00:00+00:00,0.0,0.0,629.0,70.0,0.0,21.299999237060547,629.0,0
2022-12-26 00:00:00+00:00,0.0,0.0,627.0,70.0,0.0,20.399999618530273,627.2000122070312,0
2022-12-27 00:00:00+00:00,0.0,0.0,630.0,66.0,0.0,21.299999237060547,630.0,0
2022-12-28 00:00:00+00:00,0.0,0.0,628.0,64.0,0.0,21.399999618530273,628.2000122070312,0
2022-12-29 00:00:00+00:00,0.0,0.0,627.0,62.0,0.0,21.100000381469727,627.4000244140625,0
2022-12-30 00:00:00+00:00,0.0,0.0,624.0,56.0,0.0,20.799999237060547,624.4000244140625,0
2022-12-31 00:00:00+00:00,0.0,0.0,626.0,56.0,0.0,20.799999237060547,626.5,0
2023-01-01 00:00:00+00:00,0.0,0.0,629.0,69.0,0.0,22.399999618530273,629.0999755859375,0
2023-01-02 00:00:00+00:00,0.0,0.0,621.0,52.0,0.0,20.899999618530273,621.2000122070312,0
2023-01-03 00:00:00+00:00,0.0,0.0,621.0,36.0,0.0,21.5,621.7000122070312,0
2023-01-04 00:00:00+00:00,0.0,0.0,630.0,46.0,0.0,22.600000381469727,630.7000122070312,0
2023-01-05 00:00:00+00:00,0.0,0.0,631.0,54.0,0.0,21.299999237060547,631.4000244140625,0
2023-01-06 00:00:00+00:00,0.0,0.0,634.0,58.0,0.0,21.299999237060547,634.4000244140625,0
2023-01-07 00:00:00+00:00,0.0,0.0,630.0,56.0,0.0,20.5,630.2999877929688,0
2023-01-08 00:00:00+00:00,0.0,0.0,631.0,54.0,0.0,20.700000762939453,631.0999755859375,0
2023-01-09 00:00:00+00:00,0.0,0.0,634.0,58.0,0.0,21.100000381469727,634.2000122070312,0
2023-01-10 00:00:00+00:00,0.0,0.0,633.0,64.0,0.0,21.100000381469727,633.5999755859375,0
2023-01-11 00:00:00+00:00,0.0,0.0,630.0,62.0,0.0,20.700000762939453,630.7000122070312,0
2023-01-12 00:00:00+00:00,0.0,0.0,634.0,65.0,0.0,20.899999618530273,634.0,0
2023-01-13 00:00:00+00:00,0.0,0.0,624.0,49.0,0.0,20.799999237060547,624.0999755859375,0
2023-01-14 00:00:00+00:00,0.0,0.0,631.0,58.0,0.0,21.0,631.9000244140625,0
2023-01-15 00:00:00+00:00,0.0,0.0,635.0,70.0,0.0,21.0,635.4000244140625,0
2023-01-16 00:00:00+00:00,0.0,0.0,625.0,55.0,0.0,20.600000381469727,625.5999755859375,0
2023-01-17 00:00:00+00:00,0.0,0.0,629.0,52.0,0.0,21.0,629.0999755859375,0
2023-01-18 00:00:00+00:00,0.0,0.0,629.0,58.0,0.0,21.399999618530273,629.7000122070312,0
2023-01-19 00:00:00+00:00,0.0,0.0,634.0,69.0,0.0,21.5,634.4000244140625,0
2023-01-20 00:00:00+00:00,0.0,0.0,631.0,64.0,0.0,21.399999618530273,631.2999877929688,0
2023-01-21 00:00:00+00:00,0.0,0.0,626.0,43.0,0.0,21.100000381469727,626.7999877929688,0
2023-01-22 00:00:00+00:00,0.0,0.0,627.0,42.0,0.0,22.5,627.7000122070312,0
2023-01-23 00:00:00+00:00,0.0,0.0,639.0,75.0,0.0,24.899999618530273,639.7000122070312,1
2023-01-24 00:00:00+00:00,0.0,0.0,633.0,90.0,0.0,22.899999618530273,633.5999755859375,0
2023-01-25 00:00:00+00:00,0.0,0.0,642.0,51.0,0.0,23.700000762939453,642.5999755859375,0
2023-01-26 00:00:00+00:00,0.0,0.0,621.0,45.0,0.0,22.600000381469727,621.2000122070312,0
2023-01-27 00:00:00+00:00,0.0,0.0,624.0,56.0,0.0,21.600000381469727,624.0999755859375,0
2023-01-28 00:00:00+00:00,0.0,0.0,623.0,55.0,0.0,20.5,623.2000122070312,0
2023-01-29 00:00:00+00:00,0.0,0.0,628.0,64.0,0.0,20.5,628.9000244140625,0
2023-01-30 00:00:00+00:00,0.0,0.0,629.0,70.0,0.0,20.299999237060547,629.5,0
2023-01-31 00:00:00+00:00,0.0,0.0,623.0,62.0,0.0,19.899999618530273,623.7999877929688,0
2023-02-01 00:00:00+00:00,0.0,0.0,621.0,57.0,0.0,20.200000762939453,621.7000122070312,0
2023-02-02 00:00:00+00:00,0.0,0.0,621.0,56.0,0.0,19.700000762939453,621.0999755859375,0
2023-02-03 00:00:00+00:00,0.0,0.0,624.0,53.0,0.0,20.100000381469727,624.7000122070312,0
2023-02-04 00:00:00+00:00,0.0,0.0,624.0,54.0,0.0,20.399999618530273,624.0999755859375,0
2023-02-05 00:00:00+00:00,0.0,0.0,625.0,56.0,0.0,20.799999237060547,625.0999755859375,0
2023-02-06 00:00:00+00:00,0.0,0.0,622.0,51.0,0.0,21.100000381469727,622.5999755859375,0
2023-02-07 00:00:00+00:00,0.0,0.0,620.0,48.0,0.0,20.700000762939453,620.7999877929688,0
2023-02-08 00:00:00+00:00,0.0,0.0,623.0,47.0,0.0,20.299999237060547,623.0,0
2023-02-09 00:00:00+00:00,0.0,0.0,622.0,53.0,0.0,20.100000381469727,622.2000122070312,0
2023-02-10 00:00:00+00:00,0.0,0.0,622.0,54.0,0.0,19.899999618530273,622.5999755859375,0
2023-02-11 00:00:00+00:00,0.0,0.0,624.0,58.0,0.0,19.799999237060547,624.2000122070312,0
2023-02-12 00:00:00+00:00,0.0,0.0,624.0,60.0,0.0,19.799999237060547,624.9000244140625,0
2023-02-13 00:00:00+00:00,0.0,0.0,628.0,70.0,0.0,20.200000762939453,628.9000244140625,0
2023-02-14 00:00:00+00:00,0.0,0.0,625.0,68.0,0.0,20.0,625.4000244140625,0
2023-02-15 00:00:00+00:00,0.0,0.0,622.0,62.0,0.0,19.899999618530273,622.4000244140625,0
2023-02-16 00:00:00+00:00,0.0,0.0,621.0,46.0,0.0,20.5,621.2999877929688,0
2023-02-17 00:00:00+00:00,0.0,0.0,626.0,64.0,0.0,21.0,626.2000122070312,0
2023-02-18 00:00:00+00:00,0.0,0.0,621.0,59.0,0.0,20.200000762939453,621.7000122070312,0
2023-02-19 00:00:00+00:00,0.0,0.0,622.0,56.0,0.0,20.5,622.2999877929688,0
2023-02-20 00:00:00+00:00,0.0,0.0,625.0,64.0,0.0,20.700000762939453,625.7999877929688,0
2023-02-21 00:00:00+00:00,0.0,0.0,620.0,55.0,0.0,20.5,620.5,0
2023-02-22 00:00:00+00:00,0.0,0.0,631.0,45.0,0.0,23.700000762939453,631.0,0
2023-02-23 00:00:00+00:00,0.0,0.0,637.0,53.0,0.0,23.0,637.7999877929688,0
2023-02-24 00:00:00+00:00,0.0,0.0,642.0,36.0,0.0,25.899999618530273,642.7000122070312,0
2023-02-25 00:00:00+00:00,0.0,0.0,627.0,70.0,0.0,23.299999237060547,627.7000122070312,0
2023-02-26 00:00:00+00:00,0.0,0.0,626.0,70.0,0.0,20.899999618530273,626.0999755859375,0
2023-02-27 00:00:00+00:00,0.0,0.0,633.0,70.0,0.0,23.899999618530273,633.7000122070312,0
2023-02-28 00:00:00+00:00,0.0,0.0,627.0,71.0,0.0,22.899999618530273,627.9000244140625,0
2023-03-01 00:00:00+00:00,0.0,0.0,618.0,53.0,0.0,20.700000762939453,618.7000122070312,0
2023-03-02 00:00:00+00:00,0.0,0.0,617.0,47.0,0.0,20.299999237060547,617.0999755859375,1
2023-03-03 00:00:00+00:00,0.0,0.0,627.0,40.0,0.0,24.100000381469727,627.0999755859375,1
2023-03-04 00:00:00+00:00,0.0,0.0,630.0,62.0,0.0,22.899999618530273,630.7000122070312,0
2023-03-05 00:00:00+00:00,0.0,0.0,631.0,67.0,0.0,21.200000762939453,631.0,0
2023-03-06 00:00:00+00:00,0.0,0.0,624.0,53.0,0.0,20.799999237060547,624.0999755859375,0
2023-03-07 00:00:00+00:00,0.0,0.0,628.0,54.0,0.0,21.0,628.5,0
2023-03-08 00:00:00+00:00,0.0,0.0,630.0,65.0,0.0,21.299999237060547,630.7999877929688,0
2023-03-09 00:00:00+00:00,0.0,0.0,630.0,67.0,0.0,21.100000381469727,630.4000244140625,0
2023-03-10 00:00:00+00:00,0.0,0.0,622.0,50.0,0.0,21.100000381469727,622.0999755859375,0
2023-03-11 00:00:00+00:00,0.0,0.0,622.0,44.0,0.0,20.799999237060547,622.0999755859375,0
2023-03-12 00:00:00+00:00,0.0,0.0,630.0,67.0,0.0,21.200000762939453,630.5999755859375,0
2023-03-13 00:00:00+00:00,0.0,0.0,628.0,69.0,0.0,20.700000762939453,628.7999877929688,0
2023-03-14 00:00:00+00:00,0.0,0.0,625.0,54.0,0.0,20.899999618530273,625.2000122070312,0
2023-03-15 00:00:00+00:00,0.0,0.0,623.0,44.0,0.0,21.0,623.7000122070312,0
2023-03-16 00:00:00+00:00,0.0,0.0,628.0,59.0,0.0,21.299999237060547,628.7000122070312,0
2023-03-17 00:00:00+00:00,0.0,0.0,626.0,62.0,0.0,20.5,626.7999877929688,0
2023-03-18 00:00:00+00:00,0.0,0.0,627.0,60.0,0.0,20.700000762939453,627.5999755859375,0
2023-03-19 00:00:00+00:00,0.0,0.0,629.0,69.0,0.0,20.799999237060547,629.2000122070312,0
2023-03-20 00:00:00+00:00,0.0,0.0,626.0,58.0,0.0,21.0,626.5,0
2023-03-21 00:00:00+00:00,0.0,0.0,619.0,46.0,0.0,20.299999237060547,619.5,0
2023-03-22 00:00:00+00:00,0.0,0.0,623.0,51.0,0.0,20.899999618530273,623.2999877929688,0
2023-03-23 00:00:00+00:00,0.0,0.0,626.0,60.0,0.0,20.799999237060547,626.0999755859375,0
2023-03-24 00:00:00+00:00,0.0,0.0,628.0,62.0,0.0,20.600000381469727,628.5,0
2023-03-25 00:00:00+00:00,0.0,0.0,628.0,65.0,0.0,21.0,628.9000244140625,0
2023-03-26 00:00:00+00:00,0.0,0.0,626.0,61.0,0.0,20.899999618530273,626.2999877929688,0
2023-03-27 00:00:00+00:00,0.0,0.0,622.0,50.0,0.0,20.899999618530273,622.9000244140625,0
2023-03-28 00:00:00+00:00,0.0,0.0,622.0,49.0,0.0,20.799999237060547,622.0,0
2023-03-29 00:00:00+00:00,0.0,0.0,620.0,45.0,0.0,20.700000762939453,620.7999877929688,0
2023-03-30 00:00:00+00:00,0.0,0.0,625.0,52.0,0.0,21.0,625.9000244140625,0
2023-03-31 00:00:00+00:00,0.0,0.0,618.0,46.0,0.0,20.299999237060547,618.0999755859375,0
2023-04-01 00:00:00+00:00,-17.0,-25.0,692.0,82.0,-20.0,23.100000381469727,692.0999755859375,1
2023-04-02 00:00:00+00:00,-8.0,-12.0,712.0,99.0,-11.0,23.799999237060547,712.4000244140625,1
2023-04-03 00:00:00+00:00,0.0,0.0,625.0,51.0,0.0,21.799999237060547,625.2999877929688,0
2023-04-04 00:00:00+00:00,0.0,0.0,629.0,56.0,0.0,21.0,629.5,0
2023-04-05 00:00:00+00:00,0.0,0.0,626.0,53.0,0.0,20.799999237060547,626.2999877929688,0
2023-04-06 00:00:00+00:00,0.0,0.0,624.0,50.0,0.0,20.600000381469727,624.9000244140625,0
2023-04-07 00:00:00+00:00,0.0,0.0,623.0,47.0,0.0,20.399999618530273,623.2000122070312,0
2023-04-08 00:00:00+00:00,0.0,0.0,622.0,49.0,0.0,20.200000762939453,622.0,0
2023-04-09 00:00:00+00:00,0.0,0.0,632.0,68.0,0.0,20.600000381469727,632.5999755859375,0
2023-04-10 00:00:00+00:00,0.0,0.0,630.0,69.0,0.0,20.200000762939453,630.7999877929688,0
2023-04-11 00:00:00+00:00,0.0,0.0,625.0,64.0,0.0,19.899999618530273,625.0999755859375,0
2023-04-12 00:00:00+00:00,0.0,0.0,621.0,53.0,0.0,19.600000381469727,621.0999755859375,0
2023-04-13 00:00:00+00:00,0.0,0.0,621.0,45.0,0.0,19.700000762939453,621.7999877929688,0
2023-04-14 00:00:00+00:00,0.0,0.0,627.0,55.0,0.0,20.299999237060547,627.5,0
2023-04-15 00:00:00+00:00,0.0,0.0,624.0,50.0,0.0,20.100000381469727,624.4000244140625,0
2023-04-16 00:00:00+00:00,0.0,0.0,625.0,52.0,0.0,20.299999237060547,625.0999755859375,0
2023-04-17 00:00:00+00:00,0.0,0.0,621.0,48.0,0.0,20.100000381469727,621.7000122070312,0
2023-04-18 00:00:00+00:00,0.0,0.0,627.0,53.0,0.0,20.5,627.5,0
2023-04-19 00:00:00+00:00,0.0,0.0,632.0,62.0,0.0,20.700000762939453,632.5,0
2023-04-20 00:00:00+00:00,0.0,0.0,630.0,69.0,0.0,20.299999237060547,630.7000122070312,0
2023-04-21 00:00:00+00:00,0.0,0.0,631.0,69.0,0.0,20.200000762939453,631.0,0
2023-04-22 00:00:00+00:00,0.0,0.0,629.0,69.0,0.0,20.0,629.4000244140625,0
2023-04-23 00:00:00+00:00,0.0,0.0,625.0,61.0,0.0,20.299999237060547,625.5999755859375,0
2023-04-24 00:00:00+00:00,0.0,0.0,623.0,56.0,0.0,20.100000381469727,623.2000122070312,0
2023-04-25 00:00:00+00:00,0.0,0.0,621.0,46.0,0.0,20.0,621.7999877929688,0
2023-04-26 00:00:00+00:00,0.0,0.0,623.0,48.0,0.0,20.200000762939453,623.5,0
2023-04-27 00:00:00+00:00,0.0,0.0,622.0,47.0,0.0,20.399999618530273,622.4000244140625,0
2023-04-28 00:00:00+00:00,0.0,0.0,634.0,65.0,0.0,20.799999237060547,634.4000244140625,1
2023-04-29 00:00:00+00:00,0.0,0.0,625.0,42.0,0.0,24.799999237060547,625.5999755859375,1
2023-04-30 00:00:00+00:00,0.0,0.0,627.0,46.0,0.0,23.100000381469727,627.7000122070312,0
2023-05-01 00:00:00+00:00,0.0,0.0,630.0,54.0,0.0,21.799999237060547,630.0999755859375,0
2023-05-02 00:00:00+00:00,0.0,0.0,625.0,53.0,0.0,20.5,625.9000244140625,0
2023-05-03 00:00:00+00:00,0.0,0.0,623.0,46.0,0.0,20.0,623.2000122070312,0
2023-05-04 00:00:00+00:00,0.0,0.0,622.0,46.0,0.0,19.899999618530273,622.5999755859375,0
2023-05-05 00:00:00+00:00,0.0,0.0,628.0,48.0,0.0,20.299999237060547,628.0,0
2023-05-06 00:00:00+00:00,0.0,0.0,629.0,55.0,0.0,20.299999237060547,629.2000122070312,0
2023-05-07 00:00:00+00:00,0.0,0.0,632.0,67.0,0.0,20.299999237060547,632.4000244140625,0
2023-05-08 00:00:00+00:00,0.0,0.0,629.0,67.0,0.0,19.899999618530273,629.4000244140625,0
2023-05-09 00:00:00+00:00,0.0,0.0,622.0,48.0,0.0,19.899999618530273,622.2999877929688,0
2023-05-10 00:00:00+00:00,0.0,0.0,623.0,44.0,0.0,19.899999618530273,623.9000244140625,0
2023-05-11 00:00:00+00:00,0.0,0.0,623.0,44.0,0.0,20.0,623.2999877929688,0
2023-05-12 00:00:00+00:00,0.0,0.0,627.0,54.0,0.0,20.200000762939453,627.0999755859375,0
2023-05-13 00:00:00+00:00,0.0,0.0,626.0,55.0,0.0,20.200000762939453,626.2000122070312,0
2023-05-14 00:00:00+00:00,0.0,0.0,622.0,47.0,0.0,20.299999237060547,622.0999755859375,0
2023-05-15 00:00:00+00:00,0.0,0.0,621.0,46.0,0.0,20.0,621.4000244140625,0
2023-05-16 00:00:00+00:00,0.0,0.0,627.0,58.0,0.0,20.200000762939453,627.9000244140625,0
2023-05-17 00:00:00+00:00,0.0,0.0,627.0,55.0,0.0,20.100000381469727,627.5,0
2023-05-18 00:00:00+00:00,0.0,0.0,629.0,65.0,0.0,20.399999618530273,629.4000244140625,0
2023-05-19 00:00:00+00:00,0.0,0.0,626.0,61.0,0.0,20.200000762939453,626.7000122070312,0
2023-05-20 00:00:00+00:00,0.0,0.0,630.0,68.0,0.0,20.100000381469727,630.0,0
2023-05-21 00:00:00+00:00,0.0,0.0,627.0,65.0,0.0,19.899999618530273,627.2999877929688,0
2023-05-22 00:00:00+00:00,0.0,0.0,620.0,53.0,0.0,20.0,620.7000122070312,0
2023-05-23 00:00:00+00:00,0.0,0.0,620.0,46.0,0.0,19.899999618530273,620.2000122070312,0
2023-05-24 00:00:00+00:00,0.0,0.0,620.0,46.0,0.0,19.899999618530273,620.0999755859375,0
2023-05-25 00:00:00+00:00,0.0,0.0,628.0,61.0,0.0,20.200000762939453,628.5999755859375,0
2023-05-26 00:00:00+00:00,0.0,0.0,629.0,69.0,0.0,20.299999237060547,629.2000122070312,0
2023-05-27 00:00:00+00:00,0.0,0.0,628.0,69.0,0.0,20.0,628.5999755859375,0
2023-05-28 00:00:00+00:00,0.0,0.0,625.0,61.0,0.0,20.0,625.5,0
2023-05-29 00:00:00+00:00,0.0,0.0,623.0,55.0,0.0,20.100000381469727,623.7000122070312,0
2023-05-30 00:00:00+00:00,0.0,0.0,620.0,49.0,0.0,20.100000381469727,620.0999755859375,0
2023-05-31 00:00:00+00:00,0.0,0.0,622.0,52.0,0.0,20.399999618530273,622.5,0
2023-06-01 00:00:00+00:00,0.0,0.0,627.0,60.0,0.0,20.299999237060547,627.4000244140625,0
2023-06-02 00:00:00+00:00,0.0,0.0,624.0,60.0,0.0,19.799999237060547,624.9000244140625,0
2023-06-03 00:00:00+00:00,0.0,0.0,629.0,69.0,0.0,20.100000381469727,629.7999877929688,0
2023-06-04 00:00:00+00:00,0.0,0.0,627.0,69.0,0.0,19.899999618530273,627.7000122070312,0
2023-06-05 00:00:00+00:00,0.0,0.0,621.0,56.0,0.0,19.899999618530273,621.5,1
2023-06-06 00:00:00+00:00,0.0,0.0,643.0,96.0,0.0,24.700000762939453,643.0,1
2023-06-07 00:00:00+00:00,0.0,0.0,627.0,44.0,0.0,23.299999237060547,627.9000244140625,0
2023-06-08 00:00:00+00:00,0.0,0.0,628.0,46.0,0.0,20.899999618530273,628.2999877929688,0
2023-06-09 00:00:00+00:00,0.0,0.0,628.0,51.0,0.0,20.299999237060547,628.0999755859375,0
2023-06-10 00:00:00+00:00,0.0,0.0,627.0,55.0,0.0,20.0,627.9000244140625,0
2023-06-11 00:00:00+00:00,0.0,0.0,630.0,55.0,0.0,19.799999237060547,630.5,0
2023-06-12 00:00:00+00:00,0.0,0.0,629.0,56.0,0.0,19.799999237060547,629.5,0
2023-06-13 00:00:00+00:00,0.0,0.0,632.0,61.0,0.0,19.899999618530273,632.7000122070312,0
2023-06-14 00:00:00+00:00,0.0,0.0,630.0,63.0,0.0,19.799999237060547,630.9000244140625,0
2023-06-15 00:00:00+00:00,0.0,0.0,629.0,63.0,0.0,19.600000381469727,629.0999755859375,0
2023-06-16 00:00:00+00:00,0.0,0.0,626.0,52.0,0.0,19.600000381469727,626.2000122070312,0
2023-06-17 00:00:00+00:00,0.0,0.0,629.0,54.0,0.0,19.700000762939453,629.2000122070312,0
2023-06-18 00:00:00+00:00,0.0,0.0,631.0,64.0,0.0,20.0,631.5,0
2023-06-19 00:00:00+00:00,0.0,0.0,632.0,69.0,0.0,20.0,632.2000122070312,0
2023-06-20 00:00:00+00:00,0.0,0.0,629.0,66.0,0.0,19.700000762939453,629.2000122070312,0
2023-06-21 00:00:00+00:00,0.0,0.0,623.0,46.0,0.0,19.600000381469727,623.7999877929688,0
2023-06-22 00:00:00+00:00,0.0,0.0,623.0,46.0,0.0,19.5,623.7000122070312,0
2023-06-23 00:00:00+00:00,0.0,0.0,623.0,46.0,0.0,19.5,623.2999877929688,0
2023-06-24 00:00:00+00:00,0.0,0.0,623.0,46.0,0.0,19.799999237060547,623.2000122070312,0
2023-06-25 00:00:00+00:00,0.0,0.0,628.0,56.0,0.0,20.100000381469727,628.7000122070312,0
2023-06-26 00:00:00+00:00,0.0,0.0,629.0,55.0,0.0,19.899999618530273,629.5,0
2023-06-27 00:00:00+00:00,0.0,0.0,630.0,65.0,0.0,19.799999237060547,630.7000122070312,0
2023-06-28 00:00:00+00:00,0.0,0.0,632.0,65.0,0.0,19.799999237060547,632.4000244140625,0
2023-06-29 00:00:00+00:00,0.0,0.0,629.0,65.0,0.0,20.399999618530273,629.2999877929688,0
2023-06-30 00:00:00+00:00,0.0,0.0,628.0,53.0,0.0,20.799999237060547,628.0,0
2023-07-01 00:00:00+00:00,0.0,0.0,630.0,65.0,0.0,22.100000381469727,630.0999755859375,0
2023-07-02 00:00:00+00:00,0.0,0.0,628.0,55.0,0.0,22.200000762939453,628.9000244140625,0
2023-07-03 00:00:00+00:00,0.0,0.0,622.0,48.0,0.0,22.700000762939453,622.5999755859375,0
2023-07-04 00:00:00+00:00,0.0,0.0,630.0,55.0,0.0,23.5,630.2999877929688,0
2023-07-05 00:00:00+00:00,0.0,0.0,629.0,61.0,0.0,22.600000381469727,629.5,0
2023-07-06 00:00:00+00:00,0.0,0.0,629.0,72.0,0.0,21.700000762939453,629.7999877929688,0
2023-07-07 00:00:00+00:00,0.0,0.0,623.0,58.0,0.0,20.700000762939453,623.7000122070312,0
2023-07-08 00:00:00+00:00,0.0,0.0,627.0,61.0,0.0,20.200000762939453,627.2000122070312,0
2023-07-09 00:00:00+00:00,0.0,0.0,647.0,86.0,0.0,21.799999237060547,647.7999877929688,1
2023-07-10 00:00:00+00:00,0.0,0.0,627.0,54.0,0.0,23.799999237060547,627.0999755859375,1
2023-07-11 00:00:00+00:00,0.0,0.0,624.0,40.0,0.0,21.299999237060547,624.0999755859375,0
2023-07-12 00:00:00+00:00,0.0,0.0,627.0,46.0,0.0,20.299999237060547,627.2000122070312,0
2023-07-13 00:00:00+00:00,0.0,0.0,628.0,48.0,0.0,20.0,628.0,0
2023-07-14 00:00:00+00:00,0.0,0.0,629.0,58.0,0.0,21.299999237060547,629.7999877929688,0
2023-07-15 00:00:00+00:00,0.0,0.0,626.0,52.0,0.0,22.299999237060547,626.5,0
2023-07-16 00:00:00+00:00,0.0,0.0,630.0,56.0,0.0,22.899999618530273,630.4000244140625,0
2023-07-17 00:00:00+00:00,0.0,0.0,627.0,53.0,0.0,23.600000381469727,627.7000122070312,0
2023-07-18 00:00:00+00:00,0.0,0.0,632.0,64.0,0.0,23.700000762939453,632.2999877929688,0
2023-07-19 00:00:00+00:00,0.0,0.0,632.0,64.0,0.0,24.0,632.2000122070312,0
2023-07-20 00:00:00+00:00,0.0,0.0,629.0,65.0,0.0,23.399999618530273,629.2000122070312,0
2023-07-21 00:00:00+00:00,0.0,0.0,629.0,53.0,0.0,23.799999237060547,629.4000244140625,0
2023-07-22 00:00:00+00:00,0.0,0.0,631.0,69.0,0.0,23.700000762939453,631.9000244140625,0
2023-07-23 00:00:00+00:00,0.0,0.0,629.0,59.0,0.0,23.799999237060547,629.2000122070312,0
2023-07-24 00:00:00+00:00,0.0,0.0,623.0,49.0,0.0,23.5,623.2999877929688,0
2023-07-25 00:00:00+00:00,0.0,0.0,623.0,46.0,0.0,23.600000381469727,623.0999755859375,0
2023-07-26 00:00:00+00:00,0.0,0.0,634.0,60.0,0.0,24.0,634.2000122070312,0
2023-07-27 00:00:00+00:00,0.0,0.0,631.0,69.0,0.0,23.700000762939453,631.7000122070312,0
2023-07-28 00:00:00+00:00,0.0,0.0,623.0,53.0,0.0,23.700000762939453,623.2999877929688,0
2023-07-29 00:00:00+00:00,0.0,0.0,622.0,49.0,0.0,23.399999618530273,622.5999755859375,0
2023-07-30 00:00:00+00:00,0.0,0.0,623.0,51.0,0.0,23.899999618530273,623.9000244140625,0
2023-07-31 00:00:00+00:00,0.0,0.0,629.0,64.0,0.0,24.299999237060547,629.0999755859375,0
2023-08-01 00:00:00+00:00,0.0,0.0,622.0,52.0,0.0,23.600000381469727,622.7000122070312,0
2023-08-02 00:00:00+00:00,0.0,0.0,627.0,60.0,0.0,23.899999618530273,627.4000244140625,0
2023-08-03 00:00:00+00:00,0.0,0.0,625.0,59.0,0.0,23.200000762939453,625.7999877929688,0
2023-08-04 00:00:00+00:00,0.0,0.0,624.0,58.0,0.0,22.899999618530273,624.2999877929688,0
2023-08-05 00:00:00+00:00,0.0,0.0,623.0,58.0,0.0,22.799999237060547,623.9000244140625,0
2023-08-06 00:00:00+00:00,0.0,0.0,630.0,69.0,0.0,23.200000762939453,630.5,0
2023-08-07 00:00:00+00:00,0.0,0.0,628.0,69.0,0.0,23.0,628.7000122070312,0
2023-08-08 00:00:00+00:00,0.0,0.0,627.0,69.0,0.0,22.700000762939453,627.9000244140625,0
2023-08-09 00:00:00+00:00,0.0,0.0,625.0,62.0,0.0,22.5,625.4000244140625,0
2023-08-10 00:00:00+00:00,0.0,0.0,624.0,62.0,0.0,22.5,624.7999877929688,1
2023-08-11 00:00:00+00:00,0.0,0.0,623.0,42.0,0.0,27.100000381469727,623.7000122070312,1
2023-08-12 00:00:00+00:00,0.0,0.0,623.0,55.0,0.0,25.700000762939453,623.5,0
2023-08-13 00:00:00+00:00,0.0,0.0,626.0,62.0,0.0,24.399999618530273,626.5,0
2023-08-14 00:00:00+00:00,0.0,0.0,624.0,62.0,0.0,23.600000381469727,624.9000244140625,0
2023-08-15 00:00:00+00:00,0.0,0.0,624.0,62.0,0.0,23.100000381469727,624.0999755859375,0
2023-08-16 00:00:00+00:00,0.0,0.0,623.0,62.0,0.0,22.799999237060547,623.7000122070312,0
2023-08-17 00:00:00+00:00,0.0,0.0,623.0,62.0,0.0,22.700000762939453,623.2999877929688,0
2023-08-18 00:00:00+00:00,0.0,0.0,622.0,62.0,0.0,22.700000762939453,622.9000244140625,0
2023-08-19 00:00:00+00:00,0.0,0.0,623.0,50.0,0.0,23.899999618530273,623.7999877929688,0
2023-08-20 00:00:00+00:00,0.0,0.0,619.0,50.0,0.0,23.5,619.2000122070312,0
2023-08-21 00:00:00+00:00,0.0,0.0,617.0,44.0,0.0,23.899999618530273,617.7999877929688,0
2023-08-22 00:00:00+00:00,0.0,0.0,626.0,53.0,0.0,24.399999618530273,626.0,0
2023-08-23 00:00:00+00:00,0.0,0.0,629.0,65.0,0.0,24.299999237060547,629.2000122070312,0
2023-08-24 00:00:00+00:00,0.0,0.0,626.0,66.0,0.0,24.0,626.7999877929688,0
2023-08-25 00:00:00+00:00,0.0,0.0,618.0,50.0,0.0,23.799999237060547,618.5999755859375,0
2023-08-26 00:00:00+00:00,0.0,0.0,625.0,63.0,0.0,24.200000762939453,625.7999877929688,0
2023-08-27 00:00:00+00:00,0.0,0.0,625.0,63.0,0.0,23.899999618530273,625.7999877929688,0
2023-08-28 00:00:00+00:00,0.0,0.0,622.0,61.0,0.0,23.899999618530273,622.7999877929688,0
2023-08-29 00:00:00+00:00,0.0,0.0,628.0,64.0,0.0,24.200000762939453,628.7999877929688,0
2023-08-30 00:00:00+00:00,0.0,0.0,625.0,69.0,0.0,23.899999618530273,625.5999755859375,0
2023-08-31 00:00:00+00:00,0.0,0.0,624.0,64.0,0.0,24.0,624.5999755859375,0
2023-09-01 00:00:00+00:00,0.0,0.0,622.0,65.0,0.0,23.299999237060547,622.7999877929688,0
2023-09-02 00:00:00+00:00,0.0,0.0,621.0,64.0,0.0,23.5,621.4000244140625,0
2023-09-03 00:00:00+00:00,0.0,0.0,625.0,69.0,0.0,24.100000381469727,625.5999755859375,0
2023-09-04 00:00:00+00:00,0.0,0.0,625.0,68.0,0.0,24.100000381469727,625.9000244140625,0
2023-09-05 00:00:00+00:00,0.0,0.0,624.0,65.0,0.0,24.0,624.5,0
2023-09-06 00:00:00+00:00,0.0,0.0,620.0,54.0,0.0,23.899999618530273,620.2000122070312,0
2023-09-07 00:00:00+00:00,0.0,0.0,624.0,63.0,0.0,24.200000762939453,624.7999877929688,0
2023-09-08 00:00:00+00:00,0.0,0.0,620.0,60.0,0.0,23.899999618530273,620.5999755859375,0
2023-09-09 00:00:00+00:00,0.0,0.0,616.0,52.0,0.0,23.299999237060547,616.7999877929688,0
2023-09-10 00:00:00+00:00,0.0,0.0,619.0,54.0,0.0,23.0,619.7999877929688,0
2023-09-11 00:00:00+00:00,0.0,0.0,618.0,55.0,0.0,22.899999618530273,618.7000122070312,0
2023-09-12 00:00:00+00:00,0.0,0.0,617.0,54.0,0.0,22.799999237060547,617.4000244140625,0
2023-09-13 00:00:00+00:00,0.0,0.0,616.0,54.0,0.0,22.799999237060547,616.7999877929688,0
2023-09-14 00:00:00+00:00,0.0,0.0,616.0,54.0,0.0,22.700000762939453,616.2000122070312,0
2023-09-15 00:00:00+00:00,0.0,0.0,616.0,54.0,0.0,22.600000381469727,616.2000122070312,0
2023-09-16 00:00:00+00:00,0.0,0.0,615.0,53.0,0.0,22.5,615.7000122070312,0
2023-09-17 00:00:00+00:00,0.0,0.0,615.0,53.0,0.0,22.5,615.5999755859375,0
2023-09-18 00:00:00+00:00,0.0,0.0,615.0,52.0,0.0,22.600000381469727,615.2000122070312,0
2023-09-19 00:00:00+00:00,0.0,0.0,615.0,51.0,0.0,22.600000381469727,615.0,0
2023-09-20 00:00:00+00:00,0.0,0.0,614.0,50.0,0.0,22.600000381469727,614.4000244140625,0
2023-09-21 00:00:00+00:00,0.0,0.0,612.0,44.0,0.0,22.700000762939453,612.9000244140625,0
2023-09-22 00:00:00+00:00,0.0,0.0,612.0,44.0,0.0,22.700000762939453,612.5,0
2023-09-23 00:00:00+00:00,0.0,0.0,621.0,61.0,0.0,23.600000381469727,621.5999755859375,0
2023-09-24 00:00:00+00:00,0.0,0.0,623.0,63.0,0.0,24.100000381469727,623.2000122070312,0
2023-09-25 00:00:00+00:00,0.0,0.0,623.0,64.0,0.0,24.100000381469727,623.4000244140625,0
2023-09-26 00:00:00+00:00,0.0,0.0,614.0,53.0,0.0,23.799999237060547,614.5999755859375,0
2023-09-27 00:00:00+00:00,0.0,0.0,620.0,53.0,0.0,23.600000381469727,620.5,0
2023-09-28 00:00:00+00:00,0.0,0.0,620.0,61.0,0.0,23.899999618530273,620.7999877929688,0
2023-09-29 00:00:00+00:00,0.0,0.0,622.0,60.0,0.0,24.0,622.5,0
2023-09-30 00:00:00+00:00,0.0,0.0,621.0,65.0,0.0,23.799999237060547,621.4000244140625,0
2023-10-01 00:00:00+00:00,0.0,0.0,615.0,56.0,0.0,23.399999618530273,615.5999755859375,0
2023-10-02 00:00:00+00:00,0.0,0.0,618.0,58.0,0.0,23.600000381469727,618.4000244140625,0
2023-10-03 00:00:00+00:00,0.0,0.0,618.0,55.0,0.0,23.700000762939453,618.7999877929688,0
2023-10-04 00:00:00+00:00,0.0,0.0,658.0,96.0,0.0,27.200000762939453,658.9000244140625,1
2023-10-05 00:00:00+00:00,0.0,0.0,626.0,70.0,0.0,25.600000381469727,626.5,0
2023-10-06 00:00:00+00:00,0.0,0.0,619.0,49.0,0.0,23.799999237060547,619.7999877929688,0
2023-10-07 00:00:00+00:00,0.0,0.0,619.0,49.0,0.0,23.200000762939453,619.4000244140625,0
2023-10-08 00:00:00+00:00,0.0,0.0,619.0,48.0,0.0,23.100000381469727,619.2999877929688,0
2023-10-09 00:00:00+00:00,0.0,0.0,619.0,48.0,0.0,23.0,619.2000122070312,0
2023-10-10 00:00:00+00:00,0.0,0.0,621.0,44.0,0.0,23.700000762939453,621.7000122070312,0
2023-10-11 00:00:00+00:00,0.0,0.0,620.0,44.0,0.0,24.299999237060547,620.7999877929688,0
2023-10-12 00:00:00+00:00,0.0,0.0,628.0,64.0,0.0,24.299999237060547,628.2000122070312,0
2023-10-13 00:00:00+00:00,0.0,0.0,625.0,65.0,0.0,23.600000381469727,625.7999877929688,0
2023-10-14 00:00:00+00:00,0.0,0.0,623.0,59.0,0.0,23.299999237060547,623.5,0
2023-10-15 00:00:00+00:00,0.0,0.0,618.0,44.0,0.0,23.299999237060547,618.7999877929688,0
2023-10-16 00:00:00+00:00,0.0,0.0,619.0,45.0,0.0,23.100000381469727,619.5999755859375,0
2023-10-17 00:00:00+00:00,0.0,0.0,618.0,45.0,0.0,22.799999237060547,618.2000122070312,0
2023-10-18 00:00:00+00:00,0.0,0.0,617.0,45.0,0.0,22.399999618530273,617.5,0
2023-10-19 00:00:00+00:00,0.0,0.0,627.0,64.0,0.0,23.5,627.0999755859375,0
2023-10-20 00:00:00+00:00,0.0,0.0,627.0,68.0,0.0,23.5,627.7000122070312,0
2023-10-21 00:00:00+00:00,0.0,0.0,625.0,64.0,0.0,23.700000762939453,625.5,0
2023-10-22 00:00:00+00:00,0.0,0.0,628.0,67.0,0.0,24.399999618530273,628.2999877929688,0
2023-10-23 00:00:00+00:00,0.0,0.0,621.0,55.0,0.0,24.200000762939453,621.0,0
2023-10-24 00:00:00+00:00,0.0,0.0,625.0,60.0,0.0,24.200000762939453,625.5999755859375,0
2023-10-25 00:00:00+00:00,0.0,0.0,628.0,65.0,0.0,24.200000762939453,628.2000122070312,0
2023-10-26 00:00:00+00:00,0.0,0.0,627.0,69.0,0.0,24.200000762939453,627.0,0
2023-10-27 00:00:00+00:00,0.0,0.0,625.0,62.0,0.0,24.0,625.2000122070312,0
2023-10-28 00:00:00+00:00,0.0,0.0,625.0,64.0,0.0,23.799999237060547,625.5999755859375,0
2023-10-29 00:00:00+00:00,0.0,0.0,627.0,69.0,0.0,24.600000381469727,627.0999755859375,0
2023-10-30 00:00:00+00:00,0.0,0.0,625.0,64.0,0.0,24.299999237060547,625.9000244140625,0
2023-10-31 00:00:00+00:00,0.0,0.0,622.0,61.0,0.0,23.700000762939453,622.2000122070312,0
2023-11-01 00:00:00+00:00,0.0,0.0,625.0,67.0,0.0,23.799999237060547,625.4000244140625,0
2023-11-02 00:00:00+00:00,0.0,0.0,625.0,60.0,0.0,23.600000381469727,625.5999755859375,0
2023-11-03 00:00:00+00:00,0.0,0.0,623.0,63.0,0.0,23.200000762939453,623.7999877929688,0
2023-11-04 00:00:00+00:00,0.0,0.0,619.0,56.0,0.0,23.0,619.7999877929688,0
2023-11-05 00:00:00+00:00,0.0,0.0,628.0,66.0,0.0,23.600000381469727,628.5999755859375,1
2023-11-06 00:00:00+00:00,-25.0,-35.0,711.0,96.0,-28.0,28.600000381469727,711.7999877929688,1
2023-11-07 00:00:00+00:00,0.0,0.0,629.0,74.0,0.0,27.5,629.7999877929688,0
2023-11-08 00:00:00+00:00,0.0,0.0,625.0,61.0,0.0,25.299999237060547,625.2000122070312,0
2023-11-09 00:00:00+00:00,0.0,0.0,628.0,60.0,0.0,24.600000381469727,628.2999877929688,0
2023-11-10 00:00:00+00:00,0.0,0.0,624.0,57.0,0.0,23.700000762939453,624.7000122070312,0
2023-11-11 00:00:00+00:00,0.0,0.0,626.0,61.0,0.0,23.200000762939453,626.0,0
2023-11-12 00:00:00+00:00,0.0,0.0,625.0,59.0,0.0,22.5,625.4000244140625,0
2023-11-13 00:00:00+00:00,0.0,0.0,629.0,64.0,0.0,23.100000381469727,629.2000122070312,0
2023-11-14 00:00:00+00:00,0.0,0.0,629.0,67.0,0.0,23.399999618530273,629.5999755859375,0
2023-11-15 00:00:00+00:00,0.0,0.0,626.0,67.0,0.0,22.600000381469727,626.5999755859375,0
2023-11-16 00:00:00+00:00,0.0,0.0,619.0,48.0,0.0,22.399999618530273,619.0999755859375,0
2023-11-17 00:00:00+00:00,0.0,0.0,618.0,48.0,0.0,21.799999237060547,618.9000244140625,0
2023-11-18 00:00:00+00:00,0.0,0.0,618.0,48.0,0.0,21.399999618530273,618.5,0
2023-11-19 00:00:00+00:00,0.0,0.0,618.0,47.0,0.0,21.200000762939453,618.4000244140625,0
2023-11-20 00:00:00+00:00,0.0,0.0,618.0,47.0,0.0,21.100000381469727,618.2999877929688,0
2023-11-21 00:00:00+00:00,0.0,0.0,618.0,47.0,0.0,21.0,618.0999755859375,0
2023-11-22 00:00:00+00:00,0.0,0.0,629.0,66.0,0.0,22.5,629.7999877929688,0
2023-11-23 00:00:00+00:00,0.0,0.0,626.0,64.0,0.0,22.200000762939453,626.7999877929688,0
2023-11-24 00:00:00+00:00,0.0,0.0,628.0,66.0,0.0,22.399999618530273,628.0,0
2023-11-25 00:00:00+00:00,0.0,0.0,626.0,61.0,0.0,21.799999237060547,626.2000122070312,0
2023-11-26 00:00:00+00:00,0.0,0.0,626.0,58.0,0.0,22.299999237060547,626.0,0
2023-11-27 00:00:00+00:00,0.0,0.0,625.0,61.0,0.0,22.700000762939453,625.5999755859375,0
2023-11-28 00:00:00+00:00,0.0,0.0,624.0,57.0,0.0,22.399999618530273,624.4000244140625,0
2023-11-29 00:00:00+00:00,0.0,0.0,627.0,66.0,0.0,22.299999237060547,627.4000244140625,0
2023-11-30 00:00:00+00:00,0.0,0.0,621.0,58.0,0.0,21.799999237060547,621.7000122070312,0
2023-12-01 00:00:00+00:00,0.0,0.0,626.0,64.0,0.0,21.299999237060547,626.5,0
2023-12-02 00:00:00+00:00,0.0,0.0,624.0,64.0,0.0,20.0,624.5999755859375,0
2023-12-03 00:00:00+00:00,0.0,0.0,624.0,64.0,0.0,19.200000762939453,624.0,0
2023-12-04 00:00:00+00:00,0.0,0.0,623.0,64.0,0.0,18.899999618530273,623.5,0
2023-12-05 00:00:00+00:00,0.0,0.0,618.0,53.0,0.0,19.100000381469727,618.7000122070312,0
2023-12-06 00:00:00+00:00,0.0,0.0,618.0,52.0,0.0,19.0,618.4000244140625,0
2023-12-07 00:00:00+00:00,0.0,0.0,617.0,50.0,0.0,19.100000381469727,617.7999877929688,0
2023-12-08 00:00:00+00:00,0.0,0.0,617.0,50.0,0.0,19.100000381469727,617.7000122070312,0
2023-12-09 00:00:00+00:00,0.0,0.0,617.0,50.0,0.0,19.100000381469727,617.5,0
2023-12-10 00:00:00+00:00,0.0,0.0,618.0,50.0,0.0,19.399999618530273,618.0999755859375,0
2023-12-11 00:00:00+00:00,0.0,0.0,621.0,51.0,0.0,19.700000762939453,621.5999755859375,0
2023-12-12 00:00:00+00:00,0.0,0.0,621.0,52.0,0.0,19.899999618530273,621.2000122070312,0
2023-12-13 00:00:00+00:00,0.0,0.0,619.0,52.0,0.0,19.899999618530273,619.5999755859375,0
2023-12-14 00:00:00+00:00,0.0,0.0,619.0,52.0,0.0,19.899999618530273,619.0,0
2023-12-15 00:00:00+00:00,0.0,0.0,624.0,56.0,0.0,20.100000381469727,624.0,0
2023-12-16 00:00:00+00:00,0.0,0.0,622.0,56.0,0.0,20.0,622.0,0
2023-12-17 00:00:00+00:00,0.0,0.0,619.0,53.0,0.0,19.899999618530273,619.9000244140625,0
2023-12-18 00:00:00+00:00,0.0,0.0,621.0,50.0,0.0,20.200000762939453,621.5999755859375,0
2023-12-19 00:00:00+00:00,0.0,0.0,619.0,50.0,0.0,20.200000762939453,619.9000244140625,0
2023-12-20 00:00:00+00:00,0.0,0.0,618.0,49.0,0.0,20.100000381469727,618.4000244140625,0
2023-12-21 00:00:00+00:00,0.0,0.0,617.0,49.0,0.0,20.100000381469727,617.7999877929688,0
2023-12-22 00:00:00+00:00,0.0,0.0,622.0,51.0,0.0,20.200000762939453,622.2999877929688,0
2023-12-23 00:00:00+00:00,0.0,0.0,625.0,61.0,0.0,21.600000381469727,625.2999877929688,0
2023-12-24 00:00:00+00:00,0.0,0.0,627.0,63.0,0.0,22.0,627.7000122070312,0
2023-12-25 00:00:00+00:00,0.0,0.0,624.0,63.0,0.0,21.799999237060547,624.5999755859375,0
2023-12-26 00:00:00+00:00,0.0,0.0,627.0,66.0,0.0,21.899999618530273,627.7000122070312,0
2023-12-27 00:00:00+00:00,0.0,0.0,624.0,65.0,0.0,21.700000762939453,624.0999755859375,0
2023-12-28 00:00:00+00:00,0.0,0.0,625.0,59.0,0.0,21.799999237060547,625.2000122070312,0
2023-12-29 00:00:00+00:00,0.0,0.0,625.0,62.0,0.0,21.899999618530273,625.4000244140625,0
2023-12-30 00:00:00+00:00,0.0,0.0,623.0,62.0,0.0,21.600000381469727,623.5999755859375,0
2023-12-31 00:00:00+00:00,0.0,0.0,622.0,59.0,0.0,21.399999618530273,622.0,0
2024-01-01 00:00:00+00:00,0.0,0.0,627.0,68.0,0.0,21.600000381469727,627.9000244140625,0
2024-01-02 00:00:00+00:00,0.0,0.0,625.0,68.0,0.0,21.600000381469727,625.7999877929688,0
2024-01-03 00:00:00+00:00,0.0,0.0,626.0,66.0,0.0,22.200000762939453,626.5999755859375,0
2024-01-04 00:00:00+00:00,0.0,0.0,624.0,64.0,0.0,21.600000381469727,624.0,0
2024-01-05 00:00:00+00:00,0.0,0.0,623.0,61.0,0.0,21.399999618530273,623.4000244140625,0
2024-01-06 00:00:00+00:00,0.0,0.0,624.0,63.0,0.0,21.200000762939453,624.5999755859375,0
2024-01-07 00:00:00+00:00,0.0,0.0,624.0,65.0,0.0,20.700000762939453,624.7000122070312,0
2024-01-08 00:00:00+00:00,0.0,0.0,618.0,58.0,0.0,20.299999237060547,618.7000122070312,0
2024-01-09 00:00:00+00:00,-14.0,-20.0,704.0,85.0,-16.0,22.0,704.2000122070312,1
2024-01-10 00:00:00+00:00,0.0,0.0,649.0,93.0,0.0,24.100000381469727,649.9000244140625,1
2024-01-11 00:00:00+00:00,0.0,0.0,628.0,52.0,0.0,25.600000381469727,628.2999877929688,0
2024-01-12 00:00:00+00:00,0.0,0.0,629.0,47.0,0.0,24.0,629.5,0
2024-01-13 00:00:00+00:00,0.0,0.0,630.0,63.0,0.0,23.799999237060547,630.5,0
2024-01-14 00:00:00+00:00,0.0,0.0,630.0,65.0,0.0,23.600000381469727,630.2999877929688,0
2024-01-15 00:00:00+00:00,0.0,0.0,624.0,53.0,0.0,22.299999237060547,624.9000244140625,0
2024-01-16 00:00:00+00:00,0.0,0.0,626.0,52.0,0.0,21.899999618530273,626.5999755859375,0
2024-01-17 00:00:00+00:00,0.0,0.0,630.0,61.0,0.0,22.5,630.9000244140625,0
2024-01-18 00:00:00+00:00,0.0,0.0,630.0,61.0,0.0,21.899999618530273,630.7000122070312,0
2024-01-19 00:00:00+00:00,0.0,0.0,629.0,58.0,0.0,21.700000762939453,629.2999877929688,0
2024-01-20 00:00:00+00:00,1.0,3.0,628.0,56.0,0.0,21.399999618530273,628.0,0
2024-01-21 00:00:00+00:00,0.0,0.0,625.0,55.0,0.0,21.200000762939453,625.9000244140625,0
2024-01-22 00:00:00+00:00,0.0,0.0,628.0,55.0,0.0,21.399999618530273,628.2999877929688,0
2024-01-23 00:00:00+00:00,0.0,0.0,628.0,57.0,0.0,21.700000762939453,628.5999755859375,0
2024-01-24 00:00:00+00:00,0.0,0.0,629.0,59.0,0.0,22.0,629.4000244140625,0
2024-01-25 00:00:00+00:00,0.0,0.0,626.0,61.0,0.0,22.399999618530273,626.4000244140625,0
2024-01-26 00:00:00+00:00,0.0,0.0,626.0,59.0,0.0,21.700000762939453,626.2000122070312,0
2024-01-27 00:00:00+00:00,0.0,0.0,627.0,65.0,0.0,21.5,627.7999877929688,0
2024-01-28 00:00:00+00:00,0.0,0.0,626.0,65.0,0.0,21.200000762939453,626.4000244140625,0
2024-01-29 00:00:00+00:00,0.0,0.0,627.0,56.0,0.0,21.5,627.7000122070312,0
2024-01-30 00:00:00+00:00,0.0,0.0,625.0,60.0,0.0,21.5,625.7999877929688,0
2024-01-31 00:00:00+00:00,0.0,0.0,625.0,61.0,0.0,21.299999237060547,625.2999877929688,0
2024-02-01 00:00:00+00:00,0.0,0.0,626.0,63.0,0.0,21.600000381469727,626.4000244140625,0
2024-02-02 00:00:00+00:00,0.0,0.0,627.0,64.0,0.0,21.399999618530273,627.2000122070312,0
2024-02-03 00:00:00+00:00,0.0,0.0,626.0,62.0,0.0,21.700000762939453,626.2000122070312,0
2024-02-04 00:00:00+00:00,0.0,0.0,628.0,67.0,0.0,21.899999618530273,628.2999877929688,0
2024-02-05 00:00:00+00:00,0.0,0.0,628.0,65.0,0.0,22.0,628.2999877929688,0
2024-02-06 00:00:00+00:00,0.0,0.0,627.0,66.0,0.0,21.799999237060547,627.2000122070312,0
2024-02-07 00:00:00+00:00,0.0,0.0,626.0,63.0,0.0,21.600000381469727,626.5999755859375,0
2024-02-08 00:00:00+00:00,0.0,0.0,623.0,61.0,0.0,21.200000762939453,623.4000244140625,0
2024-02-09 00:00:00+00:00,0.0,0.0,627.0,60.0,0.0,21.200000762939453,627.0999755859375,0
2024-02-10 00:00:00+00:00,0.0,0.0,626.0,64.0,0.0,21.299999237060547,626.4000244140625,0
2024-02-11 00:00:00+00:00,0.0,0.0,624.0,64.0,0.0,21.0,624.2000122070312,0
2024-02-12 00:00:00+00:00,0.0,0.0,629.0,65.0,0.0,21.200000762939453,629.0999755859375,0
2024-02-13 00:00:00+00:00,0.0,0.0,628.0,65.0,0.0,22.0,628.7999877929688,0
2024-02-14 00:00:00+00:00,0.0,0.0,624.0,62.0,0.0,21.899999618530273,624.0999755859375,0
2024-02-15 00:00:00+00:00,0.0,0.0,626.0,61.0,0.0,22.0,626.0999755859375,0
2024-02-16 00:00:00+00:00,0.0,0.0,624.0,57.0,0.0,21.799999237060547,624.2000122070312,0
2024-02-17 00:00:00+00:00,0.0,0.0,627.0,63.0,0.0,22.399999618530273,627.0,0
2024-02-18 00:00:00+00:00,0.0,0.0,628.0,69.0,0.0,22.399999618530273,628.0,0
2024-02-19 00:00:00+00:00,0.0,0.0,626.0,66.0,0.0,22.100000381469727,626.0,0
2024-02-20 00:00:00+00:00,0.0,0.0,622.0,60.0,0.0,21.799999237060547,622.5999755859375,0
2024-02-21 00:00:00+00:00,0.0,0.0,622.0,60.0,0.0,21.700000762939453,622.0,0
2024-02-22 00:00:00+00:00,0.0,0.0,621.0,60.0,0.0,21.600000381469727,621.5999755859375,0
2024-02-23 00:00:00+00:00,0.0,0.0,626.0,63.0,0.0,21.899999618530273,626.5999755859375,0
2024-02-24 00:00:00+00:00,0.0,0.0,624.0,64.0,0.0,21.899999618530273,624.0,0
2024-02-25 00:00:00+00:00,0.0,0.0,623.0,64.0,0.0,21.700000762939453,623.5,0
2024-02-26 00:00:00+00:00,0.0,0.0,626.0,67.0,0.0,21.600000381469727,626.5,0
2024-02-27 00:00:00+00:00,0.0,0.0,624.0,66.0,0.0,21.299999237060547,624.5999755859375,0
2024-02-28 00:00:00+00:00,0.0,0.0,625.0,65.0,0.0,21.299999237060547,625.9000244140625,0
2024-02-29 00:00:00+00:00,0.0,0.0,624.0,65.0,0.0,21.5,624.7999877929688,0
2024-03-01 00:00:00+00:00,0.0,0.0,621.0,61.0,0.0,21.399999618530273,621.0999755859375,0
2024-03-02 00:00:00+00:00,0.0,0.0,627.0,66.0,0.0,21.700000762939453,627.4000244140625,0
2024-03-03 00:00:00+00:00,0.0,0.0,626.0,69.0,0.0,21.700000762939453,626.2000122070312,0
2024-03-04 00:00:00+00:00,0.0,0.0,625.0,69.0,0.0,21.700000762939453,625.0,0
2024-03-05 00:00:00+00:00,0.0,0.0,627.0,68.0,0.0,22.100000381469727,627.0999755859375,0
2024-03-06 00:00:00+00:00,0.0,0.0,625.0,68.0,0.0,22.0,625.5999755859375,0
2024-03-07 00:00:00+00:00,0.0,0.0,621.0,61.0,0.0,21.899999618530273,621.0999755859375,1
2024-03-08 00:00:00+00:00,-11.0,-16.0,711.0,99.0,-14.0,27.799999237060547,711.0999755859375,1
2024-03-09 00:00:00+00:00,-9.0,-13.0,710.0,99.0,-12.0,28.299999237060547,710.0,1
2024-03-10 00:00:00+00:00,0.0,0.0,626.0,65.0,0.0,28.899999618530273,626.5,0
2024-03-11 00:00:00+00:00,0.0,0.0,627.0,67.0,0.0,30.5,627.7999877929688,0
2024-03-12 00:00:00+00:00,0.0,0.0,626.0,66.0,0.0,29.399999618530273,626.5999755859375,0
2024-03-13 00:00:00+00:00,0.0,0.0,625.0,63.0,0.0,28.200000762939453,625.0,0
2024-03-14 00:00:00+00:00,0.0,0.0,624.0,63.0,0.0,27.600000381469727,624.5999755859375,0
2024-03-15 00:00:00+00:00,0.0,0.0,624.0,64.0,0.0,27.399999618530273,624.2000122070312,0
2024-03-16 00:00:00+00:00,0.0,0.0,628.0,69.0,0.0,27.299999237060547,628.2000122070312,0
2024-03-17 00:00:00+00:00,0.0,0.0,626.0,69.0,0.0,27.100000381469727,626.5999755859375,0
2024-03-18 00:00:00+00:00,0.0,0.0,625.0,68.0,0.0,26.899999618530273,625.5999755859375,0
2024-03-19 00:00:00+00:00,0.0,0.0,624.0,64.0,0.0,27.100000381469727,624.0999755859375,0
2024-03-20 00:00:00+00:00,0.0,0.0,627.0,63.0,0.0,27.700000762939453,627.2000122070312,0
2024-03-21 00:00:00+00:00,0.0,0.0,625.0,65.0,0.0,28.0,625.7999877929688,0
2024-03-22 00:00:00+00:00,0.0,0.0,625.0,66.0,0.0,28.100000381469727,625.4000244140625,0
2024-03-23 00:00:00+00:00,0.0,0.0,627.0,69.0,0.0,28.399999618530273,627.7000122070312,0
2024-03-24 00:00:00+00:00,0.0,0.0,626.0,68.0,0.0,28.200000762939453,626.4000244140625,0
2024-03-25 00:00:00+00:00,0.0,0.0,625.0,68.0,0.0,28.0,625.4000244140625,0
2024-03-26 00:00:00+00:00,0.0,0.0,623.0,53.0,0.0,27.5,623.2000122070312,0
2024-03-27 00:00:00+00:00,0.0,0.0,626.0,60.0,0.0,24.5,626.2000122070312,0
2024-03-28 00:00:00+00:00,0.0,0.0,624.0,56.0,0.0,24.0,624.5999755859375,0
2024-03-29 00:00:00+00:00,0.0,0.0,625.0,62.0,0.0,24.0,625.4000244140625,0
2024-03-30 00:00:00+00:00,0.0,0.0,620.0,55.0,0.0,23.600000381469727,620.2999877929688,0
2024-03-31 00:00:00+00:00,0.0,0.0,628.0,65.0,0.0,23.700000762939453,628.0,0
2024-04-01 00:00:00+00:00,0.0,0.0,623.0,59.0,0.0,23.299999237060547,623.0,0
2024-04-02 00:00:00+00:00,0.0,0.0,623.0,59.0,0.0,24.100000381469727,623.5999755859375,0
2024-04-03 00:00:00+00:00,0.0,0.0,625.0,60.0,0.0,24.200000762939453,625.9000244140625,0
2024-04-04 00:00:00+00:00,0.0,0.0,626.0,60.0,0.0,24.299999237060547,626.4000244140625,0
2024-04-05 00:00:00+00:00,0.0,0.0,622.0,53.0,0.0,23.700000762939453,622.5999755859375,0
2024-04-06 00:00:00+00:00,0.0,0.0,624.0,58.0,0.0,23.600000381469727,624.2000122070312,0
2024-04-07 00:00:00+00:00,0.0,0.0,626.0,69.0,0.0,23.600000381469727,626.7999877929688,0
2024-04-08 00:00:00+00:00,0.0,0.0,626.0,69.0,0.0,23.200000762939453,626.2000122070312,0
2024-04-09 00:00:00+00:00,0.0,0.0,625.0,64.0,0.0,23.200000762939453,625.2000122070312,1
2024-04-10 00:00:00+00:00,0.0,0.0,626.0,66.0,0.0,28.100000381469727,626.7999877929688,1
2024-04-11 00:00:00+00:00,0.0,0.0,627.0,69.0,0.0,24.600000381469727,627.7999877929688,0
2024-04-12 00:00:00+00:00,0.0,0.0,626.0,58.0,0.0,23.600000381469727,626.2000122070312,0
2024-04-13 00:00:00+00:00,0.0,0.0,623.0,55.0,0.0,23.600000381469727,623.0,0
2024-04-14 00:00:00+00:00,0.0,0.0,629.0,67.0,0.0,25.100000381469727,629.4000244140625,0
2024-04-15 00:00:00+00:00,0.0,0.0,625.0,59.0,0.0,25.5,625.0,0
2024-04-16 00:00:00+00:00,0.0,0.0,622.0,54.0,0.0,26.200000762939453,622.5999755859375,0
2024-04-17 00:00:00+00:00,0.0,0.0,626.0,61.0,0.0,27.200000762939453,626.5999755859375,0
2024-04-18 00:00:00+00:00,0.0,0.0,625.0,57.0,0.0,27.200000762939453,625.7999877929688,0
2024-04-19 00:00:00+00:00,0.0,0.0,625.0,59.0,0.0,24.399999618530273,625.4000244140625,0
2024-04-20 00:00:00+00:00,0.0,0.0,626.0,60.0,0.0,23.5,626.0,0
2024-04-21 00:00:00+00:00,0.0,0.0,624.0,62.0,0.0,23.0,624.7999877929688,0
2024-04-22 00:00:00+00:00,0.0,0.0,623.0,61.0,0.0,22.600000381469727,623.5999755859375,0
2024-04-23 00:00:00+00:00,0.0,0.0,625.0,60.0,0.0,22.5,625.4000244140625,0
2024-04-24 00:00:00+00:00,0.0,0.0,627.0,62.0,0.0,22.5,627.0999755859375,0
2024-04-25 00:00:00+00:00,0.0,0.0,628.0,69.0,0.0,22.5,628.0,0
2024-04-26 00:00:00+00:00,0.0,0.0,626.0,69.0,0.0,22.299999237060547,626.7999877929688,0
2024-04-27 00:00:00+00:00,0.0,0.0,628.0,66.0,0.0,23.100000381469727,628.2999877929688,0
2024-04-28 00:00:00+00:00,0.0,0.0,627.0,69.0,0.0,23.200000762939453,627.0999755859375,0
2024-04-29 00:00:00+00:00,0.0,0.0,625.0,66.0,0.0,22.799999237060547,625.7999877929688,0
2024-04-30 00:00:00+00:00,0.0,0.0,624.0,61.0,0.0,22.700000762939453,624.4000244140625,0
2024-05-01 00:00:00+00:00,0.0,0.0,623.0,54.0,0.0,22.799999237060547,623.7999877929688,0
2024-05-02 00:00:00+00:00,0.0,0.0,628.0,62.0,0.0,23.600000381469727,628.2000122070312,0
2024-05-03 00:00:00+00:00,0.0,0.0,626.0,66.0,0.0,23.799999237060547,626.2000122070312,0
2024-05-04 00:00:00+00:00,0.0,0.0,625.0,64.0,0.0,23.5,625.4000244140625,0
2024-05-05 00:00:00+00:00,0.0,0.0,628.0,69.0,0.0,25.5,628.0,0
2024-05-06 00:00:00+00:00,0.0,0.0,626.0,69.0,0.0,24.100000381469727,626.2000122070312,0
2024-05-07 00:00:00+00:00,0.0,0.0,625.0,65.0,0.0,23.299999237060547,625.0,0
2024-05-08 00:00:00+00:00,0.0,0.0,622.0,62.0,0.0,23.100000381469727,622.9000244140625,0
2024-05-09 00:00:00+00:00,0.0,0.0,625.0,62.0,0.0,23.0,625.0,0
2024-05-10 00:00:00+00:00,0.0,0.0,627.0,67.0,0.0,23.100000381469727,627.0,0
2024-05-11 00:00:00+00:00,0.0,0.0,626.0,67.0,0.0,23.100000381469727,626.5999755859375,0
2024-05-12 00:00:00+00:00,0.0,0.0,625.0,69.0,0.0,23.0,625.2999877929688,0
2024-05-13 00:00:00+00:00,0.0,0.0,620.0,56.0,0.0,23.100000381469727,620.7999877929688,0
2024-05-14 00:00:00+00:00,0.0,0.0,620.0,56.0,0.0,23.0,620.5,0
2024-05-15 00:00:00+00:00,0.0,0.0,620.0,56.0,0.0,22.799999237060547,620.2000122070312,0
2024-05-16 00:00:00+00:00,0.0,0.0,620.0,56.0,0.0,22.700000762939453,620.0,0
2024-05-17 00:00:00+00:00,0.0,0.0,623.0,58.0,0.0,22.799999237060547,623.2000122070312,0
2024-05-18 00:00:00+00:00,0.0,0.0,624.0,58.0,0.0,22.700000762939453,624.5999755859375,0
2024-05-19 00:00:00+00:00,0.0,0.0,620.0,57.0,0.0,22.899999618530273,620.7999877929688,0
2024-05-20 00:00:00+00:00,0.0,0.0,624.0,60.0,0.0,23.0,624.5999755859375,0
2024-05-21 00:00:00+00:00,0.0,0.0,627.0,69.0,0.0,23.399999618530273,627.0999755859375,0
2024-05-22 00:00:00+00:00,0.0,0.0,625.0,68.0,0.0,23.0,625.2000122070312,0
2024-05-23 00:00:00+00:00,0.0,0.0,624.0,68.0,0.0,22.700000762939453,624.5999755859375,0
2024-05-24 00:00:00+00:00,0.0,0.0,624.0,68.0,0.0,22.5,624.2000122070312,0
2024-05-25 00:00:00+00:00,0.0,0.0,623.0,66.0,0.0,22.299999237060547,623.7999877929688,0
2024-05-26 00:00:00+00:00,0.0,0.0,626.0,69.0,0.0,22.5,626.5999755859375,0
2024-05-27 00:00:00+00:00,0.0,0.0,625.0,68.0,0.0,22.399999618530273,625.2000122070312,0
2024-05-28 00:00:00+00:00,0.0,0.0,622.0,62.0,0.0,22.299999237060547,622.0,0
2024-05-29 00:00:00+00:00,0.0,0.0,621.0,62.0,0.0,22.100000381469727,621.5999755859375,0
2024-05-30 00:00:00+00:00,0.0,0.0,621.0,62.0,0.0,22.0,621.2000122070312,0
2024-05-31 00:00:00+00:00,0.0,0.0,621.0,61.0,0.0,21.899999618530273,621.0,0
2024-06-01 00:00:00+00:00,0.0,0.0,620.0,61.0,0.0,21.799999237060547,620.7999877929688,0
2024-06-02 00:00:00+00:00,0.0,0.0,623.0,63.0,0.0,22.0,623.2000122070312,0
2024-06-03 00:00:00+00:00,0.0,0.0,619.0,58.0,0.0,21.899999618530273,619.7999877929688,0
2024-06-04 00:00:00+00:00,0.0,0.0,619.0,56.0,0.0,21.899999618530273,619.2999877929688,0
2024-06-05 00:00:00+00:00,0.0,0.0,624.0,62.0,0.0,22.399999618530273,624.5999755859375,0
2024-06-06 00:00:00+00:00,0.0,0.0,622.0,62.0,0.0,22.299999237060547,622.5,0
2024-06-07 00:00:00+00:00,0.0,0.0,624.0,64.0,0.0,22.200000762939453,624.7999877929688,0
2024-06-08 00:00:00+00:00,0.0,0.0,623.0,64.0,0.0,22.0,623.0,0
2024-06-09 00:00:00+00:00,0.0,0.0,622.0,63.0,0.0,21.899999618530273,622.0,0
2024-06-10 00:00:00+00:00,0.0,0.0,621.0,63.0,0.0,21.799999237060547,621.4000244140625,0
2024-06-11 00:00:00+00:00,0.0,0.0,621.0,63.0,0.0,21.600000381469727,621.0999755859375,0
2024-06-12 00:00:00+00:00,0.0,0.0,621.0,63.0,0.0,21.5,621.0999755859375,0
2024-06-13 00:00:00+00:00,0.0,0.0,621.0,63.0,0.0,21.399999618530273,621.0,0
2024-06-14 00:00:00+00:00,0.0,0.0,625.0,60.0,0.0,21.700000762939453,625.4000244140625,0
2024-06-15 00:00:00+00:00,0.0,0.0,625.0,65.0,0.0,22.100000381469727,625.5999755859375,0
2024-06-16 00:00:00+00:00,0.0,0.0,625.0,69.0,0.0,22.200000762939453,625.5999755859375,0
2024-06-17 00:00:00+00:00,0.0,0.0,624.0,68.0,0.0,22.200000762939453,624.0,0
2024-06-18 00:00:00+00:00,0.0,0.0,624.0,68.0,0.0,22.299999237060547,624.2000122070312,0
2024-06-19 00:00:00+00:00,0.0,0.0,622.0,63.0,0.0,22.399999618530273,622.0,0
2024-06-20 00:00:00+00:00,0.0,0.0,621.0,63.0,0.0,22.399999618530273,621.4000244140625,0
2024-06-21 00:00:00+00:00,0.0,0.0,620.0,60.0,0.0,22.899999618530273,620.4000244140625,0
2024-06-22 00:00:00+00:00,0.0,0.0,626.0,69.0,0.0,23.799999237060547,626.2000122070312,0
2024-06-23 00:00:00+00:00,0.0,0.0,624.0,69.0,0.0,23.200000762939453,624.7000122070312,0
2024-06-24 00:00:00+00:00,0.0,0.0,624.0,68.0,0.0,22.899999618530273,624.0,0
2024-06-25 00:00:00+00:00,0.0,0.0,623.0,68.0,0.0,22.799999237060547,623.5999755859375,0
2024-06-26 00:00:00+00:00,0.0,0.0,621.0,61.0,0.0,22.799999237060547,621.7999877929688,0
2024-06-27 00:00:00+00:00,0.0,0.0,621.0,61.0,0.0,22.899999618530273,621.2000122070312,0
2024-06-28 00:00:00+00:00,0.0,0.0,621.0,61.0,0.0,22.899999618530273,621.0,0
2024-06-29 00:00:00+00:00,0.0,0.0,622.0,62.0,0.0,22.799999237060547,622.7000122070312,0
2024-06-30 00:00:00+00:00,0.0,0.0,621.0,62.0,0.0,22.700000762939453,621.0,0
2024-07-01 00:00:00+00:00,0.0,0.0,621.0,62.0,0.0,22.899999618530273,621.7999877929688,0
2024-07-02 00:00:00+00:00,0.0,0.0,626.0,66.0,0.0,23.0,626.4000244140625,0
2024-07-03 00:00:00+00:00,0.0,0.0,625.0,69.0,0.0,23.0,625.2000122070312,0
2024-07-04 00:00:00+00:00,0.0,0.0,623.0,69.0,0.0,22.600000381469727,623.2000122070312,0
2024-07-05 00:00:00+00:00,0.0,0.0,622.0,69.0,0.0,22.700000762939453,622.7999877929688,0
2024-07-06 00:00:00+00:00,0.0,0.0,624.0,65.0,0.0,23.200000762939453,624.7000122070312,0
2024-07-07 00:00:00+00:00,0.0,0.0,623.0,64.0,0.0,22.799999237060547,623.0,0
2024-07-08 00:00:00+00:00,0.0,0.0,625.0,64.0,0.0,22.899999618530273,625.2999877929688,0
2024-07-09 00:00:00+00:00,0.0,0.0,625.0,59.0,0.0,23.799999237060547,625.5999755859375,0
2024-07-10 00:00:00+00:00,0.0,0.0,626.0,66.0,0.0,23.899999618530273,626.2000122070312,0
2024-07-11 00:00:00+00:00,0.0,0.0,635.0,69.0,0.0,23.399999618530273,635.5999755859375,1
2024-07-12 00:00:00+00:00,0.0,0.0,638.0,62.0,0.0,28.100000381469727,638.7000122070312,1
2024-07-13 00:00:00+00:00,0.0,0.0,630.0,68.0,0.0,26.899999618530273,630.4000244140625,0
2024-07-14 00:00:00+00:00,0.0,0.0,628.0,67.0,0.0,23.899999618530273,628.5,0
2024-07-15 00:00:00+00:00,0.0,0.0,626.0,49.0,0.0,23.899999618530273,626.5999755859375,0
2024-07-16 00:00:00+00:00,0.0,0.0,631.0,73.0,0.0,24.200000762939453,631.0999755859375,0
2024-07-17 00:00:00+00:00,0.0,0.0,628.0,71.0,0.0,23.299999237060547,628.7000122070312,0
2024-07-18 00:00:00+00:00,0.0,0.0,627.0,59.0,0.0,23.100000381469727,627.4000244140625,0
2024-07-19 00:00:00+00:00,0.0,0.0,628.0,62.0,0.0,23.299999237060547,628.9000244140625,0
2024-07-20 00:00:00+00:00,0.0,0.0,627.0,60.0,0.0,23.0,627.5999755859375,0
2024-07-21 00:00:00+00:00,0.0,0.0,630.0,63.0,0.0,23.299999237060547,630.0,0
2024-07-22 00:00:00+00:00,0.0,0.0,626.0,64.0,0.0,23.299999237060547,626.5999755859375,0
2024-07-23 00:00:00+00:00,0.0,0.0,625.0,58.0,0.0,23.200000762939453,625.9000244140625,0
2024-07-24 00:00:00+00:00,0.0,0.0,628.0,59.0,0.0,23.700000762939453,628.7999877929688,0
2024-07-25 00:00:00+00:00,0.0,0.0,628.0,66.0,0.0,23.700000762939453,628.0,0
2024-07-26 00:00:00+00:00,0.0,0.0,625.0,62.0,0.0,23.0,625.2000122070312,0
2024-07-27 00:00:00+00:00,0.0,0.0,625.0,56.0,0.0,23.200000762939453,625.5999755859375,0
2024-07-28 00:00:00+00:00,0.0,0.0,626.0,59.0,0.0,23.100000381469727,626.4000244140625,0
2024-07-29 00:00:00+00:00,0.0,0.0,627.0,66.0,0.0,23.100000381469727,627.4000244140625,0
2024-07-30 00:00:00+00:00,0.0,0.0,627.0,58.0,0.0,23.100000381469727,627.4000244140625,0
2024-07-31 00:00:00+00:00,0.0,0.0,627.0,64.0,0.0,23.0,627.0,0
2024-08-01 00:00:00+00:00,0.0,0.0,626.0,63.0,0.0,23.0,626.4000244140625,0
2024-08-02 00:00:00+00:00,0.0,0.0,625.0,60.0,0.0,22.799999237060547,625.0,0
2024-08-03 00:00:00+00:00,0.0,0.0,625.0,55.0,0.0,22.799999237060547,625.2999877929688,0
2024-08-04 00:00:00+00:00,0.0,0.0,626.0,58.0,0.0,23.100000381469727,626.0999755859375,0
2024-08-05 00:00:00+00:00,0.0,0.0,625.0,60.0,0.0,23.0,625.5999755859375,0
2024-08-06 00:00:00+00:00,0.0,0.0,624.0,54.0,0.0,22.799999237060547,624.7000122070312,0
2024-08-07 00:00:00+00:00,0.0,0.0,626.0,62.0,0.0,23.0,626.0,0
2024-08-08 00:00:00+00:00,0.0,0.0,625.0,57.0,0.0,23.0,625.5999755859375,0
2024-08-09 00:00:00+00:00,0.0,0.0,623.0,58.0,0.0,22.899999618530273,623.2000122070312,0
2024-08-10 00:00:00+00:00,0.0,0.0,622.0,58.0,0.0,22.799999237060547,622.5,0
2024-08-11 00:00:00+00:00,0.0,0.0,624.0,59.0,0.0,22.899999618530273,624.7999877929688,0
2024-08-12 00:00:00+00:00,0.0,0.0,624.0,55.0,0.0,23.0,624.0999755859375,0
2024-08-13 00:00:00+00:00,0.0,0.0,625.0,60.0,0.0,22.799999237060547,625.0,0
2024-08-14 00:00:00+00:00,0.0,0.0,626.0,60.0,0.0,23.100000381469727,626.2999877929688,0
2024-08-15 00:00:00+00:00,0.0,0.0,625.0,58.0,0.0,23.100000381469727,625.2999877929688,0
2024-08-16 00:00:00+00:00,0.0,0.0,622.0,54.0,0.0,22.899999618530273,622.7000122070312,0
2024-08-17 00:00:00+00:00,0.0,0.0,625.0,54.0,0.0,23.200000762939453,625.5999755859375,0
2024-08-18 00:00:00+00:00,-12.0,-18.0,704.0,90.0,-15.0,24.700000762939453,704.5,1
2024-08-19 00:00:00+00:00,0.0,0.0,626.0,58.0,0.0,26.5,626.4000244140625,1
2024-08-20 00:00:00+00:00,0.0,0.0,623.0,46.0,0.0,23.700000762939453,623.5,0
2024-08-21 00:00:00+00:00,0.0,0.0,630.0,55.0,0.0,24.0,630.0999755859375,0
2024-08-22 00:00:00+00:00,0.0,0.0,628.0,60.0,0.0,23.600000381469727,628.9000244140625,0
2024-08-23 00:00:00+00:00,0.0,0.0,628.0,62.0,0.0,23.299999237060547,628.9000244140625,0
2024-08-24 00:00:00+00:00,0.0,0.0,628.0,60.0,0.0,23.100000381469727,628.5,0
2024-08-25 00:00:00+00:00,0.0,0.0,627.0,62.0,0.0,23.100000381469727,627.7000122070312,0
2024-08-26 00:00:00+00:00,0.0,0.0,626.0,61.0,0.0,22.700000762939453,626.0999755859375,0
2024-08-27 00:00:00+00:00,0.0,0.0,629.0,53.0,0.0,23.100000381469727,629.5999755859375,0
2024-08-28 00:00:00+00:00,0.0,0.0,628.0,64.0,0.0,23.299999237060547,628.4000244140625,0
2024-08-29 00:00:00+00:00,0.0,0.0,631.0,58.0,0.0,23.600000381469727,631.0999755859375,0
2024-08-30 00:00:00+00:00,0.0,0.0,630.0,69.0,0.0,23.399999618530273,630.7999877929688,0
2024-08-31 00:00:00+00:00,0.0,0.0,628.0,61.0,0.0,23.299999237060547,628.0,0
2024-09-01 00:00:00+00:00,0.0,0.0,626.0,58.0,0.0,23.200000762939453,626.2999877929688,0
2024-09-02 00:00:00+00:00,0.0,0.0,627.0,62.0,0.0,23.200000762939453,627.7000122070312,0
2024-09-03 00:00:00+00:00,0.0,0.0,627.0,63.0,0.0,22.899999618530273,627.7000122070312,0
2024-09-04 00:00:00+00:00,0.0,0.0,627.0,65.0,0.0,22.899999618530273,627.0999755859375,0
2024-09-05 00:00:00+00:00,0.0,0.0,630.0,69.0,0.0,23.200000762939453,630.0999755859375,0
2024-09-06 00:00:00+00:00,0.0,0.0,626.0,65.0,0.0,23.0,626.2000122070312,0
2024-09-07 00:00:00+00:00,0.0,0.0,624.0,62.0,0.0,22.600000381469727,624.0999755859375,0
2024-09-08 00:00:00+00:00,0.0,0.0,625.0,58.0,0.0,22.799999237060547,625.0999755859375,0
2024-09-09 00:00:00+00:00,0.0,0.0,628.0,62.0,0.0,22.899999618530273,628.5999755859375,0
2024-09-10 00:00:00+00:00,0.0,0.0,628.0,67.0,0.0,22.600000381469727,628.2999877929688,0
2024-09-11 00:00:00+00:00,0.0,0.0,628.0,69.0,0.0,21.899999618530273,628.2000122070312,0
2024-09-12 00:00:00+00:00,0.0,0.0,627.0,69.0,0.0,20.899999618530273,627.0999755859375,0
2024-09-13 00:00:00+00:00,0.0,0.0,622.0,59.0,0.0,19.899999618530273,622.9000244140625,0
2024-09-14 00:00:00+00:00,0.0,0.0,621.0,55.0,0.0,19.700000762939453,621.5999755859375,0
2024-09-15 00:00:00+00:00,0.0,0.0,625.0,57.0,0.0,19.700000762939453,625.2999877929688,0
2024-09-16 00:00:00+00:00,0.0,0.0,630.0,63.0,0.0,20.399999618530273,630.0,0
2024-09-17 00:00:00+00:00,0.0,0.0,626.0,59.0,0.0,20.399999618530273,626.0999755859375,0
2024-09-18 00:00:00+00:00,0.0,0.0,627.0,60.0,0.0,20.399999618530273,627.2999877929688,0
2024-09-19 00:00:00+00:00,0.0,0.0,625.0,60.0,0.0,20.899999618530273,625.2999877929688,0
2024-09-20 00:00:00+00:00,0.0,0.0,627.0,61.0,0.0,21.5,627.4000244140625,0
2024-09-21 00:00:00+00:00,0.0,0.0,629.0,63.0,0.0,21.899999618530273,629.0,0
2024-09-22 00:00:00+00:00,0.0,0.0,626.0,60.0,0.0,22.0,626.0999755859375,0
2024-09-23 00:00:00+00:00,0.0,0.0,629.0,68.0,0.0,22.299999237060547,629.2000122070312,0
2024-09-24 00:00:00+00:00,0.0,0.0,626.0,65.0,0.0,21.799999237060547,626.0999755859375,0
2024-09-25 00:00:00+00:00,0.0,0.0,628.0,66.0,0.0,21.799999237060547,628.4000244140625,0
2024-09-26 00:00:00+00:00,0.0,0.0,621.0,57.0,0.0,21.700000762939453,621.7999877929688,0
2024-09-27 00:00:00+00:00,0.0,0.0,628.0,63.0,0.0,22.0,628.2999877929688,0
2024-09-28 00:00:00+00:00,0.0,0.0,625.0,62.0,0.0,22.100000381469727,625.0,0
2024-09-29 00:00:00+00:00,0.0,0.0,626.0,62.0,0.0,22.100000381469727,626.5,0
2024-09-30 00:00:00+00:00,0.0,0.0,625.0,62.0,0.0,22.0,625.0,0
2024-10-01 00:00:00+00:00,0.0,0.0,627.0,60.0,0.0,22.700000762939453,627.4000244140625,0
2024-10-02 00:00:00+00:00,0.0,0.0,627.0,66.0,0.0,22.799999237060547,627.7999877929688,0
2024-10-03 00:00:00+00:00,0.0,0.0,624.0,60.0,0.0,22.600000381469727,624.5,0
2024-10-04 00:00:00+00:00,0.0,0.0,625.0,60.0,0.0,22.700000762939453,625.7000122070312,0
2024-10-05 00:00:00+00:00,0.0,0.0,622.0,55.0,0.0,22.5,622.0,0
2024-10-06 00:00:00+00:00,0.0,0.0,625.0,59.0,0.0,22.600000381469727,625.5999755859375,1
2024-10-07 00:00:00+00:00,-7.0,-11.0,709.0,99.0,-10.0,25.600000381469727,709.2999877929688,1
2024-10-08 00:00:00+00:00,0.0,0.0,630.0,71.0,0.0,25.299999237060547,630.5999755859375,1
2024-10-09 00:00:00+00:00,0.0,0.0,626.0,57.0,0.0,23.299999237060547,626.5,0
2024-10-10 00:00:00+00:00,0.0,0.0,629.0,61.0,0.0,23.100000381469727,629.2999877929688,0
2024-10-11 00:00:00+00:00,0.0,0.0,626.0,58.0,0.0,22.799999237060547,626.0999755859375,0
2024-10-12 00:00:00+00:00,0.0,0.0,624.0,53.0,0.0,22.5,624.0999755859375,0
2024-10-13 00:00:00+00:00,0.0,0.0,629.0,59.0,0.0,22.600000381469727,629.5,0
2024-10-14 00:00:00+00:00,0.0,0.0,625.0,55.0,0.0,22.200000762939453,625.5999755859375,0
2024-10-15 00:00:00+00:00,0.0,0.0,623.0,52.0,0.0,21.899999618530273,623.7999877929688,0
2024-10-16 00:00:00+00:00,0.0,0.0,630.0,62.0,0.0,22.200000762939453,630.0,0
2024-10-17 00:00:00+00:00,0.0,0.0,631.0,67.0,0.0,22.700000762939453,631.2000122070312,0
2024-10-18 00:00:00+00:00,0.0,0.0,625.0,58.0,0.0,22.399999618530273,625.5999755859375,0
2024-10-19 00:00:00+00:00,0.0,0.0,626.0,56.0,0.0,22.600000381469727,626.7000122070312,0
2024-10-20 00:00:00+00:00,0.0,0.0,625.0,55.0,0.0,22.399999618530273,625.2999877929688,0
2024-10-21 00:00:00+00:00,0.0,0.0,631.0,69.0,0.0,22.700000762939453,631.4000244140625,0
2024-10-22 00:00:00+00:00,0.0,0.0,629.0,69.0,0.0,22.399999618530273,629.0,0
2024-10-23 00:00:00+00:00,0.0,0.0,627.0,65.0,0.0,22.0,627.5999755859375,0
2024-10-24 00:00:00+00:00,0.0,0.0,626.0,65.0,0.0,21.700000762939453,626.7999877929688,0
2024-10-25 00:00:00+00:00,0.0,0.0,626.0,51.0,0.0,21.799999237060547,626.0999755859375,0
2024-10-26 00:00:00+00:00,0.0,0.0,628.0,59.0,0.0,22.299999237060547,628.9000244140625,0
2024-10-27 00:00:00+00:00,0.0,0.0,627.0,59.0,0.0,22.100000381469727,627.0999755859375,0
2024-10-28 00:00:00+00:00,0.0,0.0,629.0,60.0,0.0,22.299999237060547,629.7999877929688,0
2024-10-29 00:00:00+00:00,0.0,0.0,630.0,69.0,0.0,22.700000762939453,630.7999877929688,0
2024-10-30 00:00:00+00:00,0.0,0.0,628.0,69.0,0.0,22.200000762939453,628.5999755859375,0
2024-10-31 00:00:00+00:00,0.0,0.0,626.0,62.0,0.0,22.0,626.2999877929688,0
2024-11-01 00:00:00+00:00,0.0,0.0,627.0,59.0,0.0,21.899999618530273,627.2999877929688,0
2024-11-02 00:00:00+00:00,0.0,0.0,628.0,63.0,0.0,21.799999237060547,628.7999877929688,0
2024-11-03 00:00:00+00:00,0.0,0.0,624.0,59.0,0.0,21.600000381469727,624.9000244140625,0
2024-11-04 00:00:00+00:00,-8.0,-12.0,708.0,96.0,-11.0,25.200000762939453,708.5,1
2024-11-05 00:00:00+00:00,-6.0,-9.0,708.0,99.0,-9.0,25.600000381469727,708.5999755859375,1
2024-11-06 00:00:00+00:00,0.0,0.0,630.0,66.0,0.0,24.100000381469727,630.4000244140625,0
2024-11-07 00:00:00+00:00,0.0,0.0,627.0,61.0,0.0,22.899999618530273,627.7999877929688,0
2024-11-08 00:00:00+00:00,0.0,0.0,630.0,62.0,0.0,22.799999237060547,630.2999877929688,0
2024-11-09 00:00:00+00:00,0.0,0.0,631.0,66.0,0.0,22.299999237060547,631.5999755859375,0
2024-11-10 00:00:00+00:00,0.0,0.0,629.0,67.0,0.0,21.799999237060547,629.2000122070312,0
2024-11-11 00:00:00+00:00,0.0,0.0,625.0,60.0,0.0,21.5,625.2000122070312,0
2024-11-12 00:00:00+00:00,0.0,0.0,631.0,67.0,0.0,21.799999237060547,631.7999877929688,0
2024-11-13 00:00:00+00:00,0.0,0.0,630.0,69.0,0.0,21.899999618530273,630.5999755859375,0
2024-11-14 00:00:00+00:00,0.0,0.0,629.0,67.0,0.0,21.600000381469727,629.2000122070312,0
2024-11-15 00:00:00+00:00,0.0,0.0,631.0,69.0,0.0,21.899999618530273,631.2000122070312,0
2024-11-16 00:00:00+00:00,0.0,0.0,629.0,68.0,0.0,21.600000381469727,629.4000244140625,0
2024-11-17 00:00:00+00:00,0.0,0.0,628.0,68.0,0.0,21.200000762939453,628.7999877929688,0
2024-11-18 00:00:00+00:00,0.0,0.0,628.0,68.0,0.0,21.0,628.2000122070312,0
2024-11-19 00:00:00+00:00,0.0,0.0,627.0,67.0,0.0,21.0,627.7000122070312,0
2024-11-20 00:00:00+00:00,0.0,0.0,630.0,65.0,0.0,21.100000381469727,630.0,0
2024-11-21 00:00:00+00:00,0.0,0.0,630.0,69.0,0.0,21.0,630.4000244140625,0
2024-11-22 00:00:00+00:00,0.0,0.0,626.0,65.0,0.0,20.700000762939453,626.5,0
2024-11-23 00:00:00+00:00,0.0,0.0,630.0,69.0,0.0,20.600000381469727,630.5999755859375,0
2024-11-24 00:00:00+00:00,0.0,0.0,628.0,68.0,0.0,20.399999618530273,628.7999877929688,0
2024-11-25 00:00:00+00:00,0.0,0.0,627.0,68.0,0.0,20.200000762939453,627.7999877929688,0
2024-11-26 00:00:00+00:00,0.0,0.0,627.0,68.0,0.0,20.200000762939453,627.0999755859375,0
2024-11-27 00:00:00+00:00,0.0,0.0,626.0,68.0,0.0,20.200000762939453,626.5,0
2024-11-28 00:00:00+00:00,0.0,0.0,626.0,67.0,0.0,20.200000762939453,626.0,0
2024-11-29 00:00:00+00:00,0.0,0.0,625.0,67.0,0.0,20.100000381469727,625.7999877929688,0
2024-11-30 00:00:00+00:00,0.0,0.0,625.0,67.0,0.0,20.0,625.4000244140625,0
2024-12-01 00:00:00+00:00,0.0,0.0,625.0,66.0,0.0,19.899999618530273,625.2000122070312,0
2024-12-02 00:00:00+00:00,0.0,0.0,624.0,60.0,0.0,19.899999618530273,624.0,0
2024-12-03 00:00:00+00:00,0.0,0.0,628.0,64.0,0.0,20.600000381469727,628.9000244140625,0
2024-12-04 00:00:00+00:00,0.0,0.0,627.0,63.0,0.0,20.5,627.2000122070312,0
2024-12-05 00:00:00+00:00,0.0,0.0,625.0,62.0,0.0,20.700000762939453,625.7999877929688,0
2024-12-06 00:00:00+00:00,0.0,0.0,630.0,69.0,0.0,21.100000381469727,630.5999755859375,0
2024-12-07 00:00:00+00:00,0.0,0.0,628.0,68.0,0.0,20.700000762939453,628.7999877929688,0
2024-12-08 00:00:00+00:00,0.0,0.0,627.0,68.0,0.0,20.5,627.7999877929688,0
2024-12-09 00:00:00+00:00,0.0,0.0,627.0,65.0,0.0,20.299999237060547,627.4000244140625,0
2024-12-10 00:00:00+00:00,0.0,0.0,626.0,65.0,0.0,20.299999237060547,626.2000122070312,0
2024-12-11 00:00:00+00:00,0.0,0.0,628.0,60.0,0.0,20.600000381469727,628.5999755859375,0
2024-12-12 00:00:00+00:00,0.0,0.0,629.0,55.0,0.0,22.399999618530273,629.5,0
2024-12-13 00:00:00+00:00,0.0,0.0,628.0,57.0,0.0,24.200000762939453,628.2999877929688,0
2024-12-14 00:00:00+00:00,0.0,0.0,627.0,62.0,0.0,24.700000762939453,627.7999877929688,0
2024-12-15 00:00:00+00:00,0.0,0.0,629.0,66.0,0.0,25.200000762939453,629.0,0
2024-12-16 00:00:00+00:00,0.0,0.0,627.0,66.0,0.0,25.5,627.2000122070312,0
2024-12-17 00:00:00+00:00,0.0,0.0,626.0,64.0,0.0,25.899999618530273,626.0,0
2024-12-18 00:00:00+00:00,0.0,0.0,625.0,62.0,0.0,26.100000381469727,625.4000244140625,0
2024-12-19 00:00:00+00:00,0.0,0.0,625.0,62.0,0.0,26.100000381469727,625.0,0
2024-12-20 00:00:00+00:00,0.0,0.0,624.0,60.0,0.0,26.100000381469727,624.5999755859375,0
2024-12-21 00:00:00+00:00,0.0,0.0,627.0,63.0,0.0,26.0,627.2000122070312,0
2024-12-22 00:00:00+00:00,0.0,0.0,626.0,63.0,0.0,26.100000381469727,626.0,0
2024-12-23 00:00:00+00:00,0.0,0.0,624.0,60.0,0.0,26.0,624.0999755859375,0
2024-12-24 00:00:00+00:00,0.0,0.0,628.0,63.0,0.0,26.200000762939453,628.2000122070312,0
2024-12-25 00:00:00+00:00,0.0,0.0,626.0,65.0,0.0,25.799999237060547,626.5,0
2024-12-26 00:00:00+00:00,0.0,0.0,625.0,64.0,0.0,24.600000381469727,625.2000122070312,0
2024-12-27 00:00:00+00:00,0.0,0.0,624.0,64.0,0.0,23.600000381469727,624.2000122070312,0
2024-12-28 00:00:00+00:00,0.0,0.0,623.0,61.0,0.0,23.299999237060547,623.5,0
2024-12-29 00:00:00+00:00,0.0,0.0,623.0,61.0,0.0,22.5,623.0,0
2024-12-30 00:00:00+00:00,0.0,0.0,622.0,61.0,0.0,22.5,622.7999877929688,0
2024-12-31 00:00:00+00:00,0.0,0.0,627.0,62.0,0.0,23.799999237060547,627.4000244140625,0
2025-01-01 00:00:00+00:00,0.0,0.0,626.0,62.0,0.0,22.700000762939453,626.0,0
2025-01-02 00:00:00+00:00,0.0,0.0,628.0,68.0,0.0,22.399999618530273,628.9000244140625,0
2025-01-03 00:00:00+00:00,0.0,0.0,627.0,68.0,0.0,22.299999237060547,627.0999755859375,0
2025-01-04 00:00:00+00:00,0.0,0.0,624.0,61.0,0.0,22.399999618530273,624.5999755859375,0
2025-01-05 00:00:00+00:00,0.0,0.0,624.0,61.0,0.0,22.0,624.0,0
2025-01-06 00:00:00+00:00,0.0,0.0,627.0,59.0,0.0,22.100000381469727,627.4000244140625,0
2025-01-07 00:00:00+00:00,0.0,0.0,625.0,61.0,0.0,21.899999618530273,625.2000122070312,0
2025-01-08 00:00:00+00:00,0.0,0.0,626.0,63.0,0.0,22.100000381469727,626.2000122070312,0
2025-01-09 00:00:00+00:00,0.0,0.0,630.0,64.0,0.0,22.200000762939453,630.0,1
2025-01-10 00:00:00+00:00,0.0,0.0,640.0,77.0,0.0,28.399999618530273,640.7999877929688,1
2025-01-11 00:00:00+00:00,0.0,0.0,633.0,62.0,0.0,26.5,633.2000122070312,0
2025-01-12 00:00:00+00:00,0.0,0.0,632.0,69.0,0.0,24.600000381469727,632.5,1
2025-01-13 00:00:00+00:00,0.0,0.0,630.0,65.0,0.0,24.0,630.2000122070312,1
2025-01-14 00:00:00+00:00,0.0,0.0,631.0,71.0,0.0,24.399999618530273,631.0,1
2025-01-15 00:00:00+00:00,0.0,0.0,631.0,73.0,0.0,24.299999237060547,631.7000122070312,1
2025-01-16 00:00:00+00:00,0.0,0.0,631.0,65.0,0.0,23.700000762939453,631.0,0
2025-01-17 00:00:00+00:00,0.0,0.0,629.0,59.0,0.0,22.899999618530273,629.5,0
2025-01-18 00:00:00+00:00,0.0,0.0,631.0,59.0,0.0,22.799999237060547,631.9000244140625,0
2025-01-19 00:00:00+00:00,0.0,0.0,631.0,59.0,0.0,22.799999237060547,631.5,0
2025-01-20 00:00:00+00:00,0.0,0.0,633.0,68.0,0.0,23.0,633.5999755859375,0
2025-01-21 00:00:00+00:00,0.0,0.0,631.0,68.0,0.0,22.399999618530273,631.5999755859375,0
2025-01-22 00:00:00+00:00,0.0,0.0,631.0,67.0,0.0,21.700000762939453,631.0,0
2025-01-23 00:00:00+00:00,0.0,0.0,631.0,69.0,0.0,21.200000762939453,631.2000122070312,0
2025-01-24 00:00:00+00:00,0.0,0.0,630.0,68.0,0.0,20.799999237060547,630.0,0
2025-01-25 00:00:00+00:00,0.0,0.0,629.0,67.0,0.0,20.5,629.5,0
2025-01-26 00:00:00+00:00,0.0,0.0,628.0,61.0,0.0,20.299999237060547,628.7999877929688,0
2025-01-27 00:00:00+00:00,0.0,0.0,633.0,69.0,0.0,20.299999237060547,633.7999877929688,0
2025-01-28 00:00:00+00:00,0.0,0.0,631.0,68.0,0.0,20.100000381469727,631.5999755859375,0
2025-01-29 00:00:00+00:00,0.0,0.0,630.0,67.0,0.0,20.0,630.2999877929688,0
2025-01-30 00:00:00+00:00,0.0,0.0,634.0,69.0,0.0,20.100000381469727,634.9000244140625,0
2025-01-31 00:00:00+00:00,0.0,0.0,630.0,59.0,0.0,20.200000762939453,630.4000244140625,0
2025-02-01 00:00:00+00:00,0.0,0.0,632.0,61.0,0.0,20.299999237060547,632.5,0
2025-02-02 00:00:00+00:00,0.0,0.0,630.0,61.0,0.0,20.100000381469727,630.7000122070312,0
2025-02-03 00:00:00+00:00,0.0,0.0,632.0,62.0,0.0,20.0,632.2000122070312,0
2025-02-04 00:00:00+00:00,0.0,0.0,631.0,49.0,0.0,20.0,631.9000244140625,0
2025-02-05 00:00:00+00:00,0.0,0.0,633.0,64.0,0.0,20.399999618530273,633.0,0
2025-02-06 00:00:00+00:00,0.0,0.0,630.0,65.0,0.0,20.100000381469727,630.7000122070312,0
2025-02-07 00:00:00+00:00,0.0,0.0,629.0,65.0,0.0,19.899999618530273,629.5999755859375,0
2025-02-08 00:00:00+00:00,0.0,0.0,629.0,65.0,0.0,19.700000762939453,629.5,0
2025-02-09 00:00:00+00:00,0.0,0.0,629.0,62.0,0.0,19.799999237060547,629.4000244140625,0
2025-02-10 00:00:00+00:00,0.0,0.0,628.0,62.0,0.0,19.600000381469727,628.5999755859375,0
2025-02-11 00:00:00+00:00,0.0,0.0,628.0,60.0,0.0,19.5,628.2999877929688,0
2025-02-12 00:00:00+00:00,0.0,0.0,633.0,63.0,0.0,19.899999618530273,633.0,0
2025-02-13 00:00:00+00:00,0.0,0.0,631.0,62.0,0.0,20.0,631.7999877929688,0
2025-02-14 00:00:00+00:00,0.0,0.0,631.0,64.0,0.0,19.799999237060547,631.7999877929688,0
2025-02-15 00:00:00+00:00,0.0,0.0,628.0,62.0,0.0,19.5,628.9000244140625,0
2025-02-16 00:00:00+00:00,0.0,0.0,631.0,63.0,0.0,19.399999618530273,631.7999877929688,0
2025-02-17 00:00:00+00:00,0.0,0.0,633.0,63.0,0.0,19.600000381469727,633.0999755859375,0
2025-02-18 00:00:00+00:00,0.0,0.0,634.0,64.0,0.0,19.899999618530273,634.0,0
2025-02-19 00:00:00+00:00,0.0,0.0,632.0,62.0,0.0,20.0,632.0,0
2025-02-20 00:00:00+00:00,0.0,0.0,631.0,61.0,0.0,20.200000762939453,631.2000122070312,0
2025-02-21 00:00:00+00:00,0.0,0.0,632.0,63.0,0.0,20.5,632.5,0
2025-02-22 00:00:00+00:00,0.0,0.0,632.0,63.0,0.0,20.799999237060547,632.2000122070312,0
2025-02-23 00:00:00+00:00,0.0,0.0,627.0,56.0,0.0,20.700000762939453,627.7000122070312,0
2025-02-24 00:00:00+00:00,0.0,0.0,634.0,69.0,0.0,21.200000762939453,634.2000122070312,0
2025-02-25 00:00:00+00:00,0.0,0.0,631.0,69.0,0.0,21.100000381469727,631.4000244140625,0
2025-02-26 00:00:00+00:00,0.0,0.0,630.0,69.0,0.0,20.799999237060547,630.0999755859375,0
2025-02-27 00:00:00+00:00,0.0,0.0,633.0,69.0,0.0,20.799999237060547,633.2000122070312,0
2025-02-28 00:00:00+00:00,0.0,0.0,626.0,56.0,0.0,20.700000762939453,626.7999877929688,0
2025-03-01 00:00:00+00:00,0.0,0.0,629.0,57.0,0.0,20.399999618530273,629.7000122070312,0
2025-03-02 00:00:00+00:00,0.0,0.0,631.0,58.0,0.0,20.399999618530273,631.0,0
2025-03-03 00:00:00+00:00,0.0,0.0,632.0,64.0,0.0,20.299999237060547,632.4000244140625,0
2025-03-04 00:00:00+00:00,0.0,0.0,631.0,69.0,0.0,20.299999237060547,631.7999877929688,0
2025-03-05 00:00:00+00:00,0.0,0.0,631.0,68.0,0.0,20.200000762939453,631.2999877929688,0
2025-03-06 00:00:00+00:00,0.0,0.0,625.0,59.0,0.0,20.799999237060547,625.9000244140625,0
2025-03-07 00:00:00+00:00,0.0,0.0,631.0,57.0,0.0,21.200000762939453,631.2999877929688,0
2025-03-08 00:00:00+00:00,0.0,0.0,632.0,67.0,0.0,21.5,632.4000244140625,0
2025-03-09 00:00:00+00:00,0.0,0.0,630.0,67.0,0.0,21.399999618530273,630.4000244140625,0
2025-03-10 00:00:00+00:00,0.0,0.0,628.0,59.0,0.0,21.200000762939453,628.7999877929688,0
2025-03-11 00:00:00+00:00,0.0,0.0,625.0,53.0,0.0,21.200000762939453,625.2999877929688,0
2025-03-12 00:00:00+00:00,0.0,0.0,631.0,62.0,0.0,21.399999618530273,631.7999877929688,0
2025-03-13 00:00:00+00:00,0.0,0.0,631.0,64.0,0.0,21.200000762939453,631.7999877929688,0
2025-03-14 00:00:00+00:00,0.0,0.0,631.0,64.0,0.0,20.899999618530273,631.7999877929688,0
2025-03-15 00:00:00+00:00,0.0,0.0,631.0,63.0,0.0,20.700000762939453,631.4000244140625,0
2025-03-16 00:00:00+00:00,0.0,0.0,631.0,69.0,0.0,20.5,631.4000244140625,0
2025-03-17 00:00:00+00:00,0.0,0.0,629.0,69.0,0.0,20.5,629.5,0
2025-03-18 00:00:00+00:00,0.0,0.0,644.0,90.0,0.0,23.100000381469727,644.7000122070312,1
2025-03-19 00:00:00+00:00,0.0,0.0,643.0,94.0,0.0,27.200000762939453,643.0999755859375,1
2025-03-20 00:00:00+00:00,0.0,0.0,631.0,46.0,0.0,26.700000762939453,631.2000122070312,1
2025-03-21 00:00:00+00:00,0.0,0.0,632.0,56.0,0.0,24.100000381469727,632.0999755859375,0
2025-03-22 00:00:00+00:00,0.0,0.0,634.0,62.0,0.0,23.399999618530273,634.0999755859375,0
2025-03-23 00:00:00+00:00,0.0,0.0,630.0,50.0,0.0,22.899999618530273,630.0999755859375,0
2025-03-24 00:00:00+00:00,0.0,0.0,630.0,48.0,0.0,22.899999618530273,630.2999877929688,0
2025-03-25 00:00:00+00:00,0.0,0.0,634.0,69.0,0.0,23.0,634.9000244140625,0
2025-03-26 00:00:00+00:00,0.0,0.0,631.0,69.0,0.0,22.5,631.9000244140625,0
2025-03-27 00:00:00+00:00,0.0,0.0,630.0,63.0,0.0,22.399999618530273,630.7000122070312,0
2025-03-28 00:00:00+00:00,0.0,0.0,628.0,54.0,0.0,22.399999618530273,628.5999755859375,0
2025-03-29 00:00:00+00:00,0.0,0.0,633.0,59.0,0.0,22.799999237060547,633.2999877929688,0
2025-03-30 00:00:00+00:00,0.0,0.0,634.0,60.0,0.0,22.700000762939453,634.2000122070312,0
2025-03-31 00:00:00+00:00,0.0,0.0,634.0,50.0,0.0,22.600000381469727,634.2000122070312,0
2025-04-01 00:00:00+00:00,0.0,0.0,626.0,46.0,0.0,22.399999618530273,626.9000244140625,0
2025-04-02 00:00:00+00:00,0.0,0.0,626.0,46.0,0.0,22.0,626.7999877929688,0
2025-04-03 00:00:00+00:00,0.0,0.0,631.0,55.0,0.0,22.100000381469727,631.0,0
2025-04-04 00:00:00+00:00,0.0,0.0,632.0,69.0,0.0,22.100000381469727,632.4000244140625,0
2025-04-05 00:00:00+00:00,0.0,0.0,626.0,47.0,0.0,22.0,626.7000122070312,0
2025-04-06 00:00:00+00:00,0.0,0.0,631.0,62.0,0.0,22.100000381469727,631.9000244140625,0
2025-04-07 00:00:00+00:00,0.0,0.0,630.0,62.0,0.0,21.899999618530273,630.7000122070312,0
2025-04-08 00:00:00+00:00,0.0,0.0,631.0,54.0,0.0,22.100000381469727,631.7000122070312,0
2025-04-09 00:00:00+00:00,0.0,0.0,631.0,59.0,0.0,22.0,631.0,0
2025-04-10 00:00:00+00:00,0.0,0.0,629.0,59.0,0.0,21.700000762939453,629.7000122070312,0
2025-04-11 00:00:00+00:00,0.0,0.0,632.0,66.0,0.0,21.700000762939453,632.7999877929688,0
2025-04-12 00:00:00+00:00,0.0,0.0,630.0,68.0,0.0,21.5,630.7000122070312,0
2025-04-13 00:00:00+00:00,0.0,0.0,629.0,68.0,0.0,21.700000762939453,629.2000122070312,0
2025-04-14 00:00:00+00:00,0.0,0.0,628.0,68.0,0.0,22.200000762939453,628.9000244140625,1
2025-04-15 00:00:00+00:00,0.0,0.0,634.0,51.0,0.0,24.5,634.5999755859375,1
2025-04-16 00:00:00+00:00,0.0,0.0,632.0,50.0,0.0,23.299999237060547,632.7999877929688,0
2025-04-17 00:00:00+00:00,0.0,0.0,631.0,49.0,0.0,22.5,631.7999877929688,0
2025-04-18 00:00:00+00:00,0.0,0.0,631.0,49.0,0.0,21.899999618530273,631.2000122070312,0
2025-04-19 00:00:00+00:00,0.0,0.0,630.0,48.0,0.0,21.5,630.7000122070312,0
2025-04-20 00:00:00+00:00,0.0,0.0,630.0,47.0,0.0,21.299999237060547,630.4000244140625,0
2025-04-21 00:00:00+00:00,0.0,0.0,630.0,46.0,0.0,21.200000762939453,630.0999755859375,0
2025-04-22 00:00:00+00:00,0.0,0.0,629.0,46.0,0.0,21.0,629.7999877929688,0
2025-04-23 00:00:00+00:00,0.0,0.0,629.0,45.0,0.0,20.899999618530273,629.7999877929688,0
2025-04-24 00:00:00+00:00,0.0,0.0,629.0,44.0,0.0,20.899999618530273,629.5,0
2025-04-25 00:00:00+00:00,0.0,0.0,629.0,44.0,0.0,20.799999237060547,629.2000122070312,0
2025-04-26 00:00:00+00:00,0.0,0.0,629.0,43.0,0.0,20.700000762939453,629.2000122070312,0
2025-04-27 00:00:00+00:00,0.0,0.0,628.0,42.0,0.0,20.700000762939453,628.9000244140625,0
2025-04-28 00:00:00+00:00,0.0,0.0,628.0,42.0,0.0,20.700000762939453,628.9000244140625,0
2025-04-29 00:00:00+00:00,0.0,0.0,628.0,41.0,0.0,20.799999237060547,628.7000122070312,0
2025-04-30 00:00:00+00:00,0.0,0.0,636.0,59.0,0.0,21.399999618530273,636.2999877929688,0
2025-05-01 00:00:00+00:00,0.0,0.0,634.0,68.0,0.0,21.700000762939453,634.2000122070312,0
2025-05-02 00:00:00+00:00,0.0,0.0,633.0,68.0,0.0,21.700000762939453,633.2000122070312,0
2025-05-03 00:00:00+00:00,1.0,3.0,623.0,30.0,0.0,21.799999237060547,623.5,0
2025-05-04 00:00:00+00:00,1.0,3.0,622.0,17.0,0.0,21.700000762939453,622.2999877929688,0
2025-05-05 00:00:00+00:00,0.0,0.0,631.0,29.0,0.0,22.0,631.0999755859375,0
2025-05-06 00:00:00+00:00,0.0,0.0,637.0,68.0,0.0,23.799999237060547,637.9000244140625,0
2025-05-07 00:00:00+00:00,0.0,0.0,635.0,63.0,0.0,23.899999618530273,635.4000244140625,0
2025-05-08 00:00:00+00:00,0.0,0.0,635.0,55.0,0.0,25.799999237060547,635.5,0
2025-05-09 00:00:00+00:00,0.0,0.0,635.0,57.0,0.0,28.0,635.9000244140625,0
2025-05-10 00:00:00+00:00,0.0,0.0,632.0,52.0,0.0,27.600000381469727,632.9000244140625,0
2025-05-11 00:00:00+00:00,0.0,0.0,631.0,57.0,0.0,27.399999618530273,631.7000122070312,0
2025-05-12 00:00:00+00:00,0.0,0.0,631.0,60.0,0.0,27.299999237060547,631.9000244140625,0
2025-05-13 00:00:00+00:00,0.0,0.0,634.0,58.0,0.0,24.799999237060547,634.9000244140625,0
2025-05-14 00:00:00+00:00,0.0,0.0,632.0,58.0,0.0,24.100000381469727,632.9000244140625,0
2025-05-15 00:00:00+00:00,0.0,0.0,634.0,60.0,0.0,23.5,634.5,0
2025-05-16 00:00:00+00:00,0.0,0.0,631.0,67.0,0.0,23.399999618530273,631.9000244140625,0
2025-05-17 00:00:00+00:00,0.0,0.0,625.0,51.0,0.0,23.100000381469727,625.7000122070312,0
2025-05-18 00:00:00+00:00,0.0,0.0,632.0,58.0,0.0,23.100000381469727,632.2999877929688,0
2025-05-19 00:00:00+00:00,0.0,0.0,631.0,66.0,0.0,23.200000762939453,631.2999877929688,0
2025-05-20 00:00:00+00:00,0.0,0.0,629.0,63.0,0.0,23.0,629.5,0
2025-05-21 00:00:00+00:00,0.0,0.0,628.0,60.0,0.0,23.0,628.5999755859375,0
2025-05-22 00:00:00+00:00,0.0,0.0,629.0,61.0,0.0,23.0,629.7000122070312,0
2025-05-23 00:00:00+00:00,0.0,0.0,631.0,63.0,0.0,22.799999237060547,631.2999877929688,0
2025-05-24 00:00:00+00:00,0.0,0.0,629.0,62.0,0.0,22.700000762939453,629.2999877929688,0
2025-05-25 00:00:00+00:00,0.0,0.0,644.0,95.0,0.0,24.5,644.5,1
2025-05-26 00:00:00+00:00,-8.0,-12.0,705.0,99.0,-11.0,24.799999237060547,705.4000244140625,1
2025-05-27 00:00:00+00:00,0.0,0.0,640.0,69.0,0.0,25.100000381469727,640.9000244140625,1
2025-05-28 00:00:00+00:00,0.0,0.0,639.0,55.0,0.0,24.399999618530273,639.0,0
2025-05-29 00:00:00+00:00,0.0,0.0,633.0,49.0,0.0,24.200000762939453,633.5,0
2025-05-30 00:00:00+00:00,0.0,0.0,629.0,50.0,0.0,24.700000762939453,629.5999755859375,1
2025-05-31 00:00:00+00:00,0.0,0.0,633.0,46.0,0.0,24.100000381469727,633.5,0
2025-06-01 00:00:00+00:00,0.0,0.0,633.0,52.0,0.0,24.5,633.9000244140625,0
2025-06-02 00:00:00+00:00,0.0,0.0,633.0,44.0,0.0,23.899999618530273,633.0,0
2025-06-03 00:00:00+00:00,0.0,0.0,628.0,43.0,0.0,23.100000381469727,628.9000244140625,0
2025-06-04 00:00:00+00:00,0.0,0.0,628.0,42.0,0.0,22.700000762939453,628.0,0
2025-06-05 00:00:00+00:00,0.0,0.0,627.0,41.0,0.0,22.399999618530273,627.5999755859375,0
2025-06-06 00:00:00+00:00,0.0,0.0,627.0,40.0,0.0,22.200000762939453,627.2000122070312,0
2025-06-07 00:00:00+00:00,0.0,0.0,627.0,39.0,0.0,22.0,627.0999755859375,0
2025-06-08 00:00:00+00:00,0.0,0.0,627.0,38.0,0.0,21.899999618530273,627.0,0
2025-06-09 00:00:00+00:00,0.0,0.0,626.0,37.0,0.0,21.700000762939453,626.5999755859375,0
2025-06-10 00:00:00+00:00,0.0,0.0,626.0,36.0,0.0,21.600000381469727,626.5,0
2025-06-11 00:00:00+00:00,0.0,0.0,626.0,35.0,0.0,21.5,626.5,0
2025-06-12 00:00:00+00:00,0.0,0.0,626.0,34.0,0.0,21.5,626.5,0
2025-06-13 00:00:00+00:00,0.0,0.0,626.0,33.0,0.0,21.600000381469727,626.4000244140625,0
2025-06-14 00:00:00+00:00,0.0,0.0,626.0,32.0,0.0,21.799999237060547,626.2000122070312,0
2025-06-15 00:00:00+00:00,0.0,0.0,626.0,31.0,0.0,21.899999618530273,626.2000122070312,0
2025-06-16 00:00:00+00:00,0.0,0.0,314.0,31.0,0.0,22.0,314.79998779296875,0
2025-06-17 00:00:00+00:00,0.0,0.0,314.0,31.0,0.0,22.0,314.79998779296875,0
