package,file,algorithm,expected,measured,bytes,status,seconds
fei_bus,data/vin1.csv,md5+sha256,,md5:14d1d37cbe41a32656b477a955642a8e sha256:61d33c73e7c78698795f47092d322c6d340ef1888b7a73968052b6088e6a4b56,2366,"own hash, no publisher reference",0.016
fei_bus,data/vin12.csv,md5+sha256,,md5:1bc8335e2ddffbfa866f79bd10ec95f6 sha256:7b476bbb994bf081ef7a176e820406afb16c76e543cc4fb68c589930342247f9,7723,"own hash, no publisher reference",0.007
fei_bus,data/vin19.csv,md5+sha256,,md5:ad8ae395c2eddb63a1d24cf3f54527bc sha256:557500445f47b51deff634ca8ed527a7200463140b18b83536ae99170317436e,1667,"own hash, no publisher reference",0.006
fei_bus,data/vin5.csv,md5+sha256,,md5:76616288d4b208425e68d7d886c4ed1a sha256:a5e4937c2e4f76875373f09c0cfbca8a9e9c8b897ed4d29ac9a19c61446fa777,3791,"own hash, no publisher reference",0.007
bilfinger2024,data/data.zip :: m1737452/data/figures/00-POCV_DVA_ICA_VW_halfcells.pdf,sha512,6f315f84026604cfd8cd70370206cc44413455e7aa9a0324026b52bb59c2eedda5c47d334189d00eb62d6db7f4f276178cba131094bf254d95986eb9004b228e,6f315f84026604cfd8cd70370206cc44413455e7aa9a0324026b52bb59c2eedda5c47d334189d00eb62d6db7f4f276178cba131094bf254d95986eb9004b228e,123463,match,0.002
bilfinger2024,data/data.zip :: m1737452/data/figures/00-POCV_DVA_ICA_VW_halfcells.png,sha512,1dec15dbe8bde6fc68bf53de3c98f63620f4a5db4771492e799d30a77b2ca935941c71df136a4b1c5d2a3f9719325249ca6521e9d9dd9e7b5c46c886155048ce,1dec15dbe8bde6fc68bf53de3c98f63620f4a5db4771492e799d30a77b2ca935941c71df136a4b1c5d2a3f9719325249ca6521e9d9dd9e7b5c46c886155048ce,175887,match,0.001
bilfinger2024,data/data.zip :: m1737452/data/figures/01-POCV_DVA_ICA_VW_CC_vs_CP_crate_comp.pdf,sha512,a3edd3d83a8196fb63107a4a5f15bcd575f94cf7384e43ddf60ecb04479b773cb9f7fed1c5e924b3ebab7404aa8a71092c8571e8cce8b2c8f2b5f3160e9e32ef,a3edd3d83a8196fb63107a4a5f15bcd575f94cf7384e43ddf60ecb04479b773cb9f7fed1c5e924b3ebab7404aa8a71092c8571e8cce8b2c8f2b5f3160e9e32ef,173415,match,0.000
bilfinger2024,data/data.zip :: m1737452/data/figures/01-POCV_DVA_ICA_VW_CC_vs_CP_crate_comp.png,sha512,9c2f8f9ebd69ef6e0ead1c468cbd8ce49364e76e5d2548a76d39f0cede5b5175fe61ea57afd0e8c6721f95a1ba8c233dee6c3ec2a83aeca20c10e99e7bcfe39c,9c2f8f9ebd69ef6e0ead1c468cbd8ce49364e76e5d2548a76d39f0cede5b5175fe61ea57afd0e8c6721f95a1ba8c233dee6c3ec2a83aeca20c10e99e7bcfe39c,276299,match,0.001
bilfinger2024,data/data.zip :: m1737452/data/figures/02-DVA_ICA_Frequency_Plot_Tesla.pdf,sha512,211c6305a0f9ab2028202a2ad91298d0df231062920f9a012093892bd309494863825828301c81e14f9c943d9373c846eb5c86ad769c475a423dea394ef12524,211c6305a0f9ab2028202a2ad91298d0df231062920f9a012093892bd309494863825828301c81e14f9c943d9373c846eb5c86ad769c475a423dea394ef12524,405303,match,0.001
bilfinger2024,data/data.zip :: m1737452/data/figures/02-DVA_ICA_Frequency_Plot_Tesla.png,sha512,8933deea26805063e388b687e836b1b1ac7f115804e767457f849975826a072c49cb6296a65744dd55b0096efa54086a7f64f998e0ee6936da881b7046eea1d6,8933deea26805063e388b687e836b1b1ac7f115804e767457f849975826a072c49cb6296a65744dd55b0096efa54086a7f64f998e0ee6936da881b7046eea1d6,302043,match,0.001
bilfinger2024,data/data.zip :: m1737452/data/figures/03-DVA_ICA_Sample_Rate_Tesla.pdf,sha512,5519df288abec9c2c7706e2ae8af18a49c2d64e1ef844107722146d6b59b68d9057b9cbd399828941006d5807cc4f98c2eda101ac246d492c2ee01d08472a47d,5519df288abec9c2c7706e2ae8af18a49c2d64e1ef844107722146d6b59b68d9057b9cbd399828941006d5807cc4f98c2eda101ac246d492c2ee01d08472a47d,61166,match,0.000
bilfinger2024,data/data.zip :: m1737452/data/figures/03-DVA_ICA_Sample_Rate_Tesla.png,sha512,68eb835255390d62a8ab70aaece280beec0ffd33ed235c1bde879ace68d00e293dc68c354066e805b0215e1e3cb4c7a1505b59e404d35037f42f29d9217863da,68eb835255390d62a8ab70aaece280beec0ffd33ed235c1bde879ace68d00e293dc68c354066e805b0215e1e3cb4c7a1505b59e404d35037f42f29d9217863da,139396,match,0.000
bilfinger2024,data/data.zip :: m1737452/data/figures/04-POCV_DVA_ICA_VW_Tesla.pdf,sha512,a33fea618cb6fc13610a52b3c5b9ca4ab4b22cc20b0c2cee86d315916068c557bc9f3ea25cea8b8cec98ae6c7bfe2a7fa256d7f2fef408ecde16e2b9fa71e62c,a33fea618cb6fc13610a52b3c5b9ca4ab4b22cc20b0c2cee86d315916068c557bc9f3ea25cea8b8cec98ae6c7bfe2a7fa256d7f2fef408ecde16e2b9fa71e62c,126626,match,0.000
bilfinger2024,data/data.zip :: m1737452/data/figures/04-POCV_DVA_ICA_VW_Tesla.png,sha512,aa42a7427e50d510f29c6f6f0a2844b9af30e492999a2d912bd7b44b2b00f77537626ab8621e4541e6d8a4a073408e4c55b91afcc775ea0b0ecc98c7e0885841,aa42a7427e50d510f29c6f6f0a2844b9af30e492999a2d912bd7b44b2b00f77537626ab8621e4541e6d8a4a073408e4c55b91afcc775ea0b0ecc98c7e0885841,390981,match,0.001
bilfinger2024,data/data.zip :: m1737452/data/figures/05-POCV_DVA_ICA_VW_Tesla_aging.pdf,sha512,34bcd096175b1b1ccced2acb2b729394870c4a259204741aa515381fc16de6d7ed42fdda6afcfc4513452ed3083cc68fb44aee34e62294d452e85b6997a3e75e,34bcd096175b1b1ccced2acb2b729394870c4a259204741aa515381fc16de6d7ed42fdda6afcfc4513452ed3083cc68fb44aee34e62294d452e85b6997a3e75e,105232,match,0.000
bilfinger2024,data/data.zip :: m1737452/data/figures/05-POCV_DVA_ICA_VW_Tesla_aging.png,sha512,1d2a157a476ad81936ca59104690fbf8a8c502185f3b66a07d9c3253b7d265e9673e528b05ce7139df2afd247ba84b4334798c15a197343f00fb29a1935baf17,1d2a157a476ad81936ca59104690fbf8a8c502185f3b66a07d9c3253b7d265e9673e528b05ce7139df2afd247ba84b4334798c15a197343f00fb29a1935baf17,277844,match,0.000
bilfinger2024,data/data.zip :: m1737452/data/figures/06-SOH_Def_VW_SU.png,sha512,4fa0215a2f9819af452b34b6981f298f6274d47710fb988cc5247c259874c8820de76f4e56cac4a388a1ef4293a5a62ffdfc3813ea8439e18f49000cc55aff25,4fa0215a2f9819af452b34b6981f298f6274d47710fb988cc5247c259874c8820de76f4e56cac4a388a1ef4293a5a62ffdfc3813ea8439e18f49000cc55aff25,60642,match,0.000
bilfinger2024,data/data.zip :: m1737452/data/figures/06-SOH_Def_VW_SUpdf.png,sha512,451e58ff0213ab0af6a2d2faf0355b9eaab42ddc78bfdc65e464db50df2c6d24436086a804b0dc8b598a85282a9ced6723138dcf3952135ae939731d80a0b0da,451e58ff0213ab0af6a2d2faf0355b9eaab42ddc78bfdc65e464db50df2c6d24436086a804b0dc8b598a85282a9ced6723138dcf3952135ae939731d80a0b0da,13844,match,0.000
bilfinger2024,data/data.zip :: m1737452/data/font/Gulliver Regular.otf,sha512,7afb9ff328e0a8b2fa2a86f65d5fd612dd149a24ddb15b54547d6ffadb734e64c643c7a125acbb21925f61fa42bf6007ffb700b4b4d18e3d91e190f86f592df5,7afb9ff328e0a8b2fa2a86f65d5fd612dd149a24ddb15b54547d6ffadb734e64c643c7a125acbb21925f61fa42bf6007ffb700b4b4d18e3d91e190f86f592df5,39276,match,0.000
bilfinger2024,data/data.zip :: m1737452/data/font/STIXTwoText-Bold.ttf,sha512,0b53062c3de379a199be666a3ea5587d2dababd1e825e1f7d179389808e25232338aff5dca67182040aa20669dd084a1f68d472897141b80504da4cd84a9f97d,0b53062c3de379a199be666a3ea5587d2dababd1e825e1f7d179389808e25232338aff5dca67182040aa20669dd084a1f68d472897141b80504da4cd84a9f97d,190948,match,0.000
bilfinger2024,data/data.zip :: m1737452/data/font/STIXTwoText-Italic.ttf,sha512,112336132c027b66fe9da0b7b5ced779bd5658aedc199d23b40477621a225b13fb1e5743e158acb45bef6045ced70d7d42ce784167ab6adde31170ccad07ce84,112336132c027b66fe9da0b7b5ced779bd5658aedc199d23b40477621a225b13fb1e5743e158acb45bef6045ced70d7d42ce784167ab6adde31170ccad07ce84,205644,match,0.000
bilfinger2024,data/data.zip :: m1737452/data/font/STIXTwoText-Regular.ttf,sha512,d9b8789cdfc806cf2758c19b2eb9e7e6a71525c01b1bc4fbf4bde78d35d7f9764e9c0d82fd41ff65d6ad9e21d6b35f9f86207a9cae631816fb898b6b3bd5467d,d9b8789cdfc806cf2758c19b2eb9e7e6a71525c01b1bc4fbf4bde78d35d7f9764e9c0d82fd41ff65d6ad9e21d6b35f9f86207a9cae631816fb898b6b3bd5467d,190640,match,0.000
bilfinger2024,data/data.zip :: m1737452/data/Tesla/cell/Tesla_CATL_161Ah_LFP_20deg_C57.pkl,sha512,9323d0b5c3f853c33582ecb98204a7ac2364a4731c300796721cb800c92f72acc433a3998e1d4e95144774cdc8a3313da96c5ccd009f139f75ada8639e5a4b7e,9323d0b5c3f853c33582ecb98204a7ac2364a4731c300796721cb800c92f72acc433a3998e1d4e95144774cdc8a3313da96c5ccd009f139f75ada8639e5a4b7e,16864704,match,0.038
bilfinger2024,data/data.zip :: m1737452/data/Tesla/vehicle/Tesla_JB_8A_CEE7_C57_2021.pkl,sha512,3a821948b6a9114bca004deb88c7717a1faeb8768d34bd20d6ff705aec4fa3342448d5acb36d153562e05e7821054adc78f8ae5cd7175e30dee0a715de85a9e0,3a821948b6a9114bca004deb88c7717a1faeb8768d34bd20d6ff705aec4fa3342448d5acb36d153562e05e7821054adc78f8ae5cd7175e30dee0a715de85a9e0,19579755,match,0.032
bilfinger2024,data/data.zip :: m1737452/data/Tesla/vehicle/Tesla_JB_8A_CEE7_C57_2022.pkl,sha512,cb1bf9defeca6ad221f077d25761e4e7c35bf826a6388af577f9ba1e743d7f9fe198977721f33568fc8206d097f07b367e8183d67a3b82de3377d609c7a95ef6,cb1bf9defeca6ad221f077d25761e4e7c35bf826a6388af577f9ba1e743d7f9fe198977721f33568fc8206d097f07b367e8183d67a3b82de3377d609c7a95ef6,19085099,match,0.031
bilfinger2024,data/data.zip :: m1737452/data/VW/cell/VW_LG_78Ah_NMC_20deg_CC_C45.pkl,sha512,502b093148cf25e579d4a60fc879155e34f29d96d977440169f6cbf384ab12120aa75237444ed0db913a1068879c589d7e8fff6d0760c3f5af6754634ddad817,502b093148cf25e579d4a60fc879155e34f29d96d977440169f6cbf384ab12120aa75237444ed0db913a1068879c589d7e8fff6d0760c3f5af6754634ddad817,14069344,match,0.025
bilfinger2024,data/data.zip :: m1737452/data/VW/cell/VW_LG_78Ah_NMC_20deg_CC_C50.pkl,sha512,bd662133b0c220b04d186cf8262defb02399f3c91b07aa3eab413ee78115457883d34886641be324cdf83f1bce3254d1ccedc3b86037157d2e57c74eef0db2b7,bd662133b0c220b04d186cf8262defb02399f3c91b07aa3eab413ee78115457883d34886641be324cdf83f1bce3254d1ccedc3b86037157d2e57c74eef0db2b7,1663186,match,0.002
bilfinger2024,data/data.zip :: m1737452/data/VW/cell/VW_LG_78Ah_NMC_20deg_CC_C6.pkl,sha512,df79ec64189d0f9ce1155c3966d03294c3a31fbe91e421fe915097d5e80a005d4f802cdbbe6b3346b14e40a5822d9221e4079075c887f7f5278e0fef84473f20,df79ec64189d0f9ce1155c3966d03294c3a31fbe91e421fe915097d5e80a005d4f802cdbbe6b3346b14e40a5822d9221e4079075c887f7f5278e0fef84473f20,1860922,match,0.003
bilfinger2024,data/data.zip :: m1737452/data/VW/cell/VW_LG_78Ah_NMC_20deg_CP_C45.pkl,sha512,16d82c2c8d82d146d62ae4081a851732242217c90de105b5c6b8870c3e65b67c291a6b01694bfc28be21c898eafbdd896c349f1b820be53f8efdd1b1e4f261eb,16d82c2c8d82d146d62ae4081a851732242217c90de105b5c6b8870c3e65b67c291a6b01694bfc28be21c898eafbdd896c349f1b820be53f8efdd1b1e4f261eb,14269016,match,0.022
bilfinger2024,data/data.zip :: m1737452/data/VW/cell/VW_LG_78Ah_NMC_20deg_CP_C6.pkl,sha512,01c40424b10460d3bcfe44ae6140e2cbb3af82919c7828465fc2f002aa3de79d8832515c89983ccc80952fe785c54910bbd02f640a31e25c9ce926eb2c7048ca,01c40424b10460d3bcfe44ae6140e2cbb3af82919c7828465fc2f002aa3de79d8832515c89983ccc80952fe785c54910bbd02f640a31e25c9ce926eb2c7048ca,1894010,match,0.003
bilfinger2024,data/data.zip :: m1737452/data/VW/halfcell/VW_LG_78Ah_NMC_20deg_C50_Anode.pkl,sha512,b98b4e2c644bb6f257902c26d32857742351648266bd7ba86392b350860265d9a49c94b6b72b00131ebb64acc528ab75f100c86be1c665927de95923f2d6bcc0,b98b4e2c644bb6f257902c26d32857742351648266bd7ba86392b350860265d9a49c94b6b72b00131ebb64acc528ab75f100c86be1c665927de95923f2d6bcc0,1635473,match,0.003
bilfinger2024,data/data.zip :: m1737452/data/VW/halfcell/VW_LG_78Ah_NMC_20deg_C50_Cathode_ch.pkl,sha512,97de16d97c1e8d8b19e099d37b908b60e8971474911110f56a77c607fc445906caa302c535ed878f583f79c5de5c2927a2342c90a930d9b17c01e00f56953515,97de16d97c1e8d8b19e099d37b908b60e8971474911110f56a77c607fc445906caa302c535ed878f583f79c5de5c2927a2342c90a930d9b17c01e00f56953515,1895747,match,0.003
bilfinger2024,data/data.zip :: m1737452/data/VW/halfcell/VW_LG_78Ah_NMC_20deg_C50_Cathode_dch.pkl,sha512,daaa5f64e79891301f293183322e40632c745bd120ff421bbd87a02b2e9d9c5d0b67a1c64ce592e6d585fad0bc310b79fc5557abaeaae9cdc405807b0c8c02f4,daaa5f64e79891301f293183322e40632c745bd120ff421bbd87a02b2e9d9c5d0b67a1c64ce592e6d585fad0bc310b79fc5557abaeaae9cdc405807b0c8c02f4,1663713,match,0.003
bilfinger2024,data/data.zip :: m1737452/data/VW/vehicle/raw/VW_FTM_JB_8A_2021.pkl,sha512,4d15735274e1f032c870bc37b694fce45a000a8944653f7275a9c610dfd4118a1076dd612863ae5f3e812598ec8afe898ab89d57d562fcc19f8c511ad0d356b4,4d15735274e1f032c870bc37b694fce45a000a8944653f7275a9c610dfd4118a1076dd612863ae5f3e812598ec8afe898ab89d57d562fcc19f8c511ad0d356b4,61898933,match,0.104
bilfinger2024,data/data.zip :: m1737452/data/VW/vehicle/raw/VW_FTM_JB_8A_2023.pkl,sha512,10c9a2cbd948b3e2bf2de17654ef508dc7e98bd0e98319cb6f27b3a87f1515f3b3760f5cfe27df4f08b74eb94ea0ec385c7fd49a5ba928f725058950ee42bdc1,10c9a2cbd948b3e2bf2de17654ef508dc7e98bd0e98319cb6f27b3a87f1515f3b3760f5cfe27df4f08b74eb94ea0ec385c7fd49a5ba928f725058950ee42bdc1,33008563,match,0.054
bilfinger2024,data/data.zip :: m1737452/data/VW/vehicle/raw/VW_FTM_JB_8A_2024.feather,sha512,67714d0025ebf3a52268c437fbbfbcd075d07d1fa6be9a7e16cbe14aad830ad2113bc419d27ada5a66054cae1441c97118cee19cee6e8fb5c8c61955dc4ab426,67714d0025ebf3a52268c437fbbfbcd075d07d1fa6be9a7e16cbe14aad830ad2113bc419d27ada5a66054cae1441c97118cee19cee6e8fb5c8c61955dc4ab426,7792282,match,0.015
bilfinger2024,data/data.zip :: m1737452/data/VW/vehicle/VW_ID3_JB_8A_C40_2021.pkl,sha512,0df908b2bfdfbf5a7d55834984c2dc7ef14ec353140ce360c8a75d117e960365cd200a631e241588a2c544ca4dcafc0f78e523318065e63f20d086efe8f49c90,0df908b2bfdfbf5a7d55834984c2dc7ef14ec353140ce360c8a75d117e960365cd200a631e241588a2c544ca4dcafc0f78e523318065e63f20d086efe8f49c90,65736812,match,0.258
bilfinger2024,data/data.zip :: m1737452/data/VW/vehicle/VW_ID3_JB_8A_C40_2023.pkl,sha512,8abe448454834418592647bac47b6d2d5a3976f4a537647af7b8049290fc993cd1e9430579e84a9e01e8cf0053a381248a975de027cb478671c9563661e13d9c,8abe448454834418592647bac47b6d2d5a3976f4a537647af7b8049290fc993cd1e9430579e84a9e01e8cf0053a381248a975de027cb478671c9563661e13d9c,26566038,match,0.100
bilfinger2024,data/data.zip :: m1737452/data/VW/vehicle/VW_ID3_JB_8A_C40_2024.feather,sha512,140a95aff4ba6f5f03b9a9e18961de9353915acfc4f2050e4283550fdf048f1bb91592d8a5fcfe3d169381b5a1ab68f5a0e0258b5aa5cfafcef66b3ba74aa9f5,140a95aff4ba6f5f03b9a9e18961de9353915acfc4f2050e4283550fdf048f1bb91592d8a5fcfe3d169381b5a1ab68f5a0e0258b5aa5cfafcef66b3ba74aa9f5,9543970,match,0.043
bilfinger2024,data/code/.gitignore,md5+sha256,,md5:21ce5b1abceabb43425d56a94aca0886 sha256:725f7e8bd1fec51a34eeec3d1086582689e676c46d73f34628e70cc2c47debb6,1171,"own hash, no publisher reference",0.014
bilfinger2024,data/code/LICENSE,md5+sha256,,md5:e62637ea8a114355b985fd86c9ffbd6e sha256:230184f60bae2feaf244f10a8bac053c8ff33a183bcc365b4d8b876d2b7f4809,35823,"own hash, no publisher reference",0.037
bilfinger2024,data/code/notebooks/00-POCV_DVA_ICA_Halfcells.ipynb,md5+sha256,,md5:ca6d681e9a1506b984465e7563634379 sha256:513dbf7ebd3f27242fb01c689e390e04b47e1a7e6d9ca69f0098b81c6a8b33d7,211824,"own hash, no publisher reference",0.050
bilfinger2024,data/code/notebooks/01-DVA_ICA_CC_vs_CP.ipynb,md5+sha256,,md5:936c99f7a1a709cdba759d92e2d0aeb0 sha256:1bde1868e30be1bdbf239ab83bbb918fde01fbb947569abebac939b4a8ecac74,130039,"own hash, no publisher reference",0.026
bilfinger2024,data/code/notebooks/02-DVA_ICA_Frequency_Plot-Tesla.ipynb,md5+sha256,,md5:81ff1ae6158b6042d35071c16eda5d25 sha256:79d3d7b6dd6fb060c83f76dcca5605afd796ee1c9d4ee149309c9149b89c6e72,137215,"own hash, no publisher reference",0.033
bilfinger2024,data/code/notebooks/03-U_I_DVA_Sample_Rate-Tesla.ipynb,md5+sha256,,md5:39c80bc7e31dc0092ba1536f675c700b sha256:136dc9285c01ee259fe605ef73609d72fea65f709b2b4fc36183d39805654afa,116103,"own hash, no publisher reference",0.046
bilfinger2024,data/code/notebooks/04-pOCV_DVA_ICA_VW_Tesla.ipynb,md5+sha256,,md5:4878cd565e099efe46d330162d596af7 sha256:5dae86f8b4855f09ee8dfdfd6bdd813412ae6bb2eb5727617316b7721ee9dfc1,193618,"own hash, no publisher reference",0.028
bilfinger2024,data/code/notebooks/05-pOCV_DVA_ICA_VW_Tesla-Aging.ipynb,md5+sha256,,md5:731c78f0ca147a24ded3aae6d5d42765 sha256:8ee8f9fe496654032bc7e89a7170bbb563102b3572d60324c6d29048fa82812f,205590,"own hash, no publisher reference",0.028
bilfinger2024,data/code/notebooks/06-SOH-Calculation-IDSoftware.ipynb,md5+sha256,,md5:0150026471bd5bccd255394a322c5be1 sha256:1c2a0c6260db07916ac80a60c713524bb505bec8b9576959b5bfb1ae50462845,32505,"own hash, no publisher reference",0.021
bilfinger2024,data/code/notebooks/data_preprocessing/00-data-VW-vehicle.ipynb,md5+sha256,,md5:21ae939463a8c9dbc617545dada4cbf8 sha256:87e33fed45f0f144c2a82796937ed8c65b876a0267a779fab95be3a826d1a528,239795,"own hash, no publisher reference",0.019
bilfinger2024,data/code/notebooks/data_preprocessing/01-data-VW-cell.ipynb,md5+sha256,,md5:5df99f090f4681a55853deadcfff8916 sha256:76ad9521074c12a0fea8be119cdd8ba013d8bb5f483449e276b5b22973761c4c,275540,"own hash, no publisher reference",0.025
bilfinger2024,data/code/notebooks/data_preprocessing/02-data-VW-halfcell.ipynb,md5+sha256,,md5:5308489c552c33ad53cc2afa8a6ba52d sha256:85481e469cf0c09c1b50ae538eeea7a71cbf0aa951e11946ebc02c740a78d014,215290,"own hash, no publisher reference",0.018
bilfinger2024,data/code/notebooks/data_preprocessing/03-data-Tesla-vehicle.ipynb,md5+sha256,,md5:f6ec57d55e8099ca2272b92950e9c5cf sha256:eb2ed1f497c46b212155200e40e379c5daa79d2aa3eb4445c50985cb319f58e6,138890,"own hash, no publisher reference",0.017
bilfinger2024,data/code/notebooks/data_preprocessing/04-data-Tesla-cell.ipynb,md5+sha256,,md5:c1b1aafc452d301aaab544f8e1f18900 sha256:a6e444a1016000752b0df458d022deaa2ed9c491b06b0e004d3a756237de3ee6,66953,"own hash, no publisher reference",0.022
bilfinger2024,data/code/notebooks/soh_calculations/01-SOH-Calculation_VW.ipynb,md5+sha256,,md5:c38db93c7c461ea0d08fe030f43f1e90 sha256:1d2aa39f3ab5187021bd224cd8c8115d459f514becf08bd95402413a675477c7,14630,"own hash, no publisher reference",0.018
bilfinger2024,data/code/notebooks/soh_calculations/02-SOH-Calculation_Tesla.ipynb,md5+sha256,,md5:501c84a6265fc5136c548325fb3d6c96 sha256:c8b54928dd4cde8b12715bb8458a33c6905b84663a6ed0b1c8ac349e156d7cb3,11817,"own hash, no publisher reference",0.018
bilfinger2024,data/code/README.md,md5+sha256,,md5:b8d180f093fc239bbb812f6fe5a1f01b sha256:0a265ea50101603ef531be26fae08080b5ed18d397cbc230d5f220cd5a29f3f5,4112,"own hash, no publisher reference",0.023
bilfinger2024,data/code/requirements.txt,md5+sha256,,md5:cb41b7affd2086060d658cb65da293ff sha256:da9887888398cab8184da4ed407eea18fe4b06268caaa8a17c5a7255b4cfccef,4220,"own hash, no publisher reference",0.024
bilfinger2024,data/code/src/__init__.py,md5+sha256,,md5:d41d8cd98f00b204e9800998ecf8427e sha256:e3b0c44298fc1c149afbf4c8996fb92427ae41e4649b934ca495991b7852b855,0,"own hash, no publisher reference",0.000
bilfinger2024,data/code/src/__pycache__/__init__.cpython-313.pyc,md5+sha256,,md5:5243f7afe20117a596d1113ce079737a sha256:2f4ca472b3602c2d17858ba7fbf91610db435b4caf9ff442f348b7b3cf4d3a8e,243,"own hash, no publisher reference",0.014
bilfinger2024,data/code/src/__pycache__/config_vehicle_parameters.cpython-313.pyc,md5+sha256,,md5:e45533f2848a71d7c3a78f1c2dbaf6bf sha256:5c0fc8b83644783846aa8c14a2d8ed6cf89e7f78b1453166c527951e46339aa6,946,"own hash, no publisher reference",0.014
bilfinger2024,data/code/src/config_base.py,md5+sha256,,md5:117c5c792f54613e3216d2a22e613d9f sha256:e264192d5a40bc15f7d9f6419bf1c3a7b1193edb6c36b43a1cd30bcc3ce52c45,465,"own hash, no publisher reference",0.014
bilfinger2024,data/code/src/config_vehicle_parameters.py,md5+sha256,,md5:913af2fad5540e3d576dcbb407e51d44 sha256:39c2ef80c5c87598c7b5e4151f32ffc14136916af76e364f7fcff91c55e84fa6,1026,"own hash, no publisher reference",0.013
bilfinger2024,data/code/src/data/__init__.py,md5+sha256,,md5:d41d8cd98f00b204e9800998ecf8427e sha256:e3b0c44298fc1c149afbf4c8996fb92427ae41e4649b934ca495991b7852b855,0,"own hash, no publisher reference",0.000
bilfinger2024,data/code/src/data/read_feather.py,md5+sha256,,md5:8a0bcebe37846594dc52aeec6c5e0a9c sha256:50204ddd8c9014352cca048529afa533be1bea52761a29652888ab52b7e46861,601,"own hash, no publisher reference",0.018
bilfinger2024,data/code/src/data/read_pickle.py,md5+sha256,,md5:084fbad88bd39e4d6d028dcc2af46239 sha256:7c16eeb1563efde3ea9f8564638f652b24c80080d746fa0b5c20605ebd304755,1954,"own hash, no publisher reference",0.017
bilfinger2024,data/code/src/filtering/__init__.py,md5+sha256,,md5:d41d8cd98f00b204e9800998ecf8427e sha256:e3b0c44298fc1c149afbf4c8996fb92427ae41e4649b934ca495991b7852b855,0,"own hash, no publisher reference",0.000
bilfinger2024,data/code/src/filtering/__pycache__/__init__.cpython-313.pyc,md5+sha256,,md5:3554547e87c57070efcf59189ad196c2 sha256:e180e7317f23cb4ff08c2b7929f645a325834f23a0770c886f4723602a0d7555,253,"own hash, no publisher reference",0.013
bilfinger2024,data/code/src/filtering/__pycache__/config_filtering.cpython-313.pyc,md5+sha256,,md5:ccf568f671a6c7a3d08f0966988ecb41 sha256:4ea7975ae398efb79cb7a86d775b50a365763539c2aef98142cd68e9fbaa65ee,936,"own hash, no publisher reference",0.015
bilfinger2024,data/code/src/filtering/__pycache__/filter_methods.cpython-313.pyc,md5+sha256,,md5:b33032fd1070cf87b198633da28fe5b7 sha256:6da259c48a7457b9751c2f4d33fdc33b7747ccb13b108d48a1a4f188d6c0e34e,4792,"own hash, no publisher reference",0.013
bilfinger2024,data/code/src/filtering/config_filtering.py,md5+sha256,,md5:e494fd36f458898bbfe3ac46d2f9c081 sha256:35ce3f8075a7ad360041a3097332e6ceb8e41d6fd54347ddf082107a3d8c455e,568,"own hash, no publisher reference",0.015
bilfinger2024,data/code/src/filtering/filter_methods.py,md5+sha256,,md5:f1c3846eb9000fd76ebe0f9152041ba3 sha256:98b588427c7b1928b78370885ec93469c4ba93991860771528bacc8ed27d3a2c,3425,"own hash, no publisher reference",0.016
bilfinger2024,data/code/src/utils/__init__.py,md5+sha256,,md5:d41d8cd98f00b204e9800998ecf8427e sha256:e3b0c44298fc1c149afbf4c8996fb92427ae41e4649b934ca495991b7852b855,0,"own hash, no publisher reference",0.000
bilfinger2024,data/code/src/utils/bode_utils.py,md5+sha256,,md5:9713b451c4a68a56b3c155bc26f34ee9 sha256:0bba9581ddc3cbbcfaa50d74d6058896645cd7cd4d82a06bf01caed787446f63,1896,"own hash, no publisher reference",0.016
bilfinger2024,data/code/src/utils/sample_frequency.py,md5+sha256,,md5:e6e3a471cfb47ed70208e818f0667d19 sha256:d8d85621340e954abb00a4c309d12215d49193b6570fc7d25a7e98743f22e890,495,"own hash, no publisher reference",0.015
bilfinger2024,data/code/src/visualization/__init__.py,md5+sha256,,md5:d41d8cd98f00b204e9800998ecf8427e sha256:e3b0c44298fc1c149afbf4c8996fb92427ae41e4649b934ca495991b7852b855,0,"own hash, no publisher reference",0.000
bilfinger2024,data/code/src/visualization/colormaps.py,md5+sha256,,md5:d4de94b87cc2d0661672ae4ecbad96ee sha256:23fcc2d14d945fe65588908636877196f4536c8fc128c0a8f86c12dd93cd95b5,2456,"own hash, no publisher reference",0.016
bilfinger2024,data/code/src/visualization/config_visualization.py,md5+sha256,,md5:9597f00e5bd82a428be05f42713d5a63 sha256:c9b1d384cedc46d279f3a822eb3d383df0ff703bdffdc2d246a2553058263007,3723,"own hash, no publisher reference",0.014
bilfinger2024,data/code/src/visualization/visualize_bode.py,md5+sha256,,md5:34fec722c8bf6c41fe880e4a4d4bf6aa sha256:d907f19e6443f5befa746d4c6918a1601e9cfee328b6bb166dbce72c0d1c3fe6,3598,"own hash, no publisher reference",0.016
bilfinger2024,data/code/src/visualization/visualize_EVS.py,md5+sha256,,md5:90d941bca045b73aa789a5f87ef82f59 sha256:aad755cc6b0f1e6ddd05cddec9ad4e7e491ac0f42291a52a5383f6ff02ef881a,2748,"own hash, no publisher reference",0.023
bilfinger2024,data/code/src/visualization/visualize_pOCV.py,md5+sha256,,md5:2c3a5037ad29ba54a690699eda5f8fac sha256:5a95c6cd380488e94a0e983c687aff63be3867b4ddc2ef5aa0f863aa04017b46,5713,"own hash, no publisher reference",0.027
bilfinger2024,data/code/src/voltage_capacity_analysis/__init__.py,md5+sha256,,md5:d41d8cd98f00b204e9800998ecf8427e sha256:e3b0c44298fc1c149afbf4c8996fb92427ae41e4649b934ca495991b7852b855,0,"own hash, no publisher reference",0.001
bilfinger2024,data/code/src/voltage_capacity_analysis/__pycache__/__init__.cpython-313.pyc,md5+sha256,,md5:7a2eabc0ea14a01d150d5c3aeb7b9cab sha256:b5bbdf30d4e4336704dc6a6c25552c2c491e5c877948612a654e96591e6094c2,269,"own hash, no publisher reference",0.014
bilfinger2024,data/code/src/voltage_capacity_analysis/__pycache__/dva.cpython-313.pyc,md5+sha256,,md5:0cfb5d45c19bfe286818dbf5b41ffbfe sha256:8187e82e58fe90a5acd3e042c6844de6bf9e9f5d3f0fbc68144f6a380f2f7fff,6689,"own hash, no publisher reference",0.018
bilfinger2024,data/code/src/voltage_capacity_analysis/__pycache__/vca_base.cpython-313.pyc,md5+sha256,,md5:b8481549ddf90e309328098c6dd313f0 sha256:5d6ae2d5f72551c84d4c6fc0f42efbc3c4e1d74ef21844f7fd4a0cbbb74308d4,4639,"own hash, no publisher reference",0.017
bilfinger2024,data/code/src/voltage_capacity_analysis/dva.py,md5+sha256,,md5:619e233a1defed6edbc8dd857343e6c3 sha256:ead747412d5dd084e8651cba2e9a158fa68199c940c6a47e855a1ad398fcbc40,5998,"own hash, no publisher reference",0.022
bilfinger2024,data/code/src/voltage_capacity_analysis/ica.py,md5+sha256,,md5:2e236fc8d877fbe9a8184ffd2117879d sha256:b58b7c822aaa2c4a9537d47fcf82914c59d52d74332bea5f369a0da4be2bfd9c,4589,"own hash, no publisher reference",0.022
bilfinger2024,data/code/src/voltage_capacity_analysis/vca_base.py,md5+sha256,,md5:b969bba62200929a1e3eaa98510b8e92 sha256:92c9eae640d2e4620cefd338a409609261f76163e27cbfb8a276776b7f522696,2876,"own hash, no publisher reference",0.020
bilfinger2024,data/data.zip,md5+sha256,,md5:3a47021268192e712274ea49f48bb0c8 sha256:71f8e706ae6ec6e92c013b597727cc3c01097ff906eae7f6328f39cdec03c8ae,302304324,"own hash, no publisher reference",0.791
bilfinger2024,data/extracted/m1737452/checksums.sha512,md5+sha256,,md5:ca3347a069730bd1d392d63d496968e7 sha256:7183ccf3a1defa126f1d2fedb4ad96abd01a9319b714d49b01505a4479fe5809,6158,"own hash, no publisher reference",0.017
bilfinger2024,data/extracted/m1737452/data/figures/00-POCV_DVA_ICA_VW_halfcells.pdf,md5+sha256,,md5:314c67f15c4fc5bd3c9b93d553590c30 sha256:7af6841d94d10955c84872b25116c7065c882543e6bcd8380df47de323f42a29,123463,"own hash, no publisher reference",0.032
bilfinger2024,data/extracted/m1737452/data/figures/00-POCV_DVA_ICA_VW_halfcells.png,md5+sha256,,md5:cce20be10906a15791cd38d926681ea1 sha256:49878aacc6d6e5b2328e476f3a32187e8fb25efd829878cc1a034caeea553cd9,175887,"own hash, no publisher reference",0.015
bilfinger2024,data/extracted/m1737452/data/figures/01-POCV_DVA_ICA_VW_CC_vs_CP_crate_comp.pdf,md5+sha256,,md5:a3a376044b10a3a6989a2bfb23f0e22c sha256:60a11c317c7a23522c9dc679de606fb02f538d5adf507397434297ac8d98d8f1,173415,"own hash, no publisher reference",0.021
bilfinger2024,data/extracted/m1737452/data/figures/01-POCV_DVA_ICA_VW_CC_vs_CP_crate_comp.png,md5+sha256,,md5:4148b746da071d82a436c6dc50fc5a52 sha256:b21000f87fca81dd4a92d05ee04c06dafe1739453ea67c29fdb61b89780b1092,276299,"own hash, no publisher reference",0.012
bilfinger2024,data/extracted/m1737452/data/figures/02-DVA_ICA_Frequency_Plot_Tesla.pdf,md5+sha256,,md5:e9f3bab7013a9ed4bb26fbdeb3c268d4 sha256:666d89d2274e5cfe1af209d98bf2323c2c45a97c019aa49b5541323cdf7b87cc,405303,"own hash, no publisher reference",0.029
bilfinger2024,data/extracted/m1737452/data/figures/02-DVA_ICA_Frequency_Plot_Tesla.png,md5+sha256,,md5:62a09c8c7b92cbeca844b94877ce1bda sha256:133423b398b75e0f8272bab92dbab4fa441ebe61e7c6ac0ae8c6037b574641ad,302043,"own hash, no publisher reference",0.017
bilfinger2024,data/extracted/m1737452/data/figures/03-DVA_ICA_Sample_Rate_Tesla.pdf,md5+sha256,,md5:be6450fcff4b0afc68b01620f2023de8 sha256:1486426a4046add43e2fc20598f40c742c7652e2f88829ebeb829f0109c7f911,61166,"own hash, no publisher reference",0.022
bilfinger2024,data/extracted/m1737452/data/figures/03-DVA_ICA_Sample_Rate_Tesla.png,md5+sha256,,md5:ba584fe2d7a7fa2d5a3aa716d3cdebbb sha256:8cceba65dbdb2cf4427f4e4d9d32ac13d3dc8b059370b459a22ee7cd206fb370,139396,"own hash, no publisher reference",0.016
bilfinger2024,data/extracted/m1737452/data/figures/04-POCV_DVA_ICA_VW_Tesla.pdf,md5+sha256,,md5:776f67618d1c101b73d2e21e0c598e11 sha256:7a6e1d0bcbafff7745d56d0aa3813c7e3370ed5a92d745b3fa0446ed814e4eca,126626,"own hash, no publisher reference",0.018
bilfinger2024,data/extracted/m1737452/data/figures/04-POCV_DVA_ICA_VW_Tesla.png,md5+sha256,,md5:0c8acb82d5d4561a3ec7696e7076141c sha256:55bee6fdcc87fe0d197f09b3ca0841e87a1a3fd6f1fb11ddd3de32a74f319079,390981,"own hash, no publisher reference",0.012
bilfinger2024,data/extracted/m1737452/data/figures/05-POCV_DVA_ICA_VW_Tesla_aging.pdf,md5+sha256,,md5:573f5ff089232910ded36dfa9e4497e0 sha256:bbe19188dbd4957e9d8e1adb85533b242488bb922b9b260d28a2857d0efd9d79,105232,"own hash, no publisher reference",0.016
bilfinger2024,data/extracted/m1737452/data/figures/05-POCV_DVA_ICA_VW_Tesla_aging.png,md5+sha256,,md5:3db788da35937afe3acd1339ea594f34 sha256:e3ec1437e9b963238c7572d70b9399c53a96dea1eb0ef2ea5d9c246cf58bd392,277844,"own hash, no publisher reference",0.016
bilfinger2024,data/extracted/m1737452/data/figures/06-SOH_Def_VW_SU.png,md5+sha256,,md5:ffd7ddaa72fa9af8d3606d9dd5ff7b25 sha256:04b13b8e4fccb8bc3fb47e61fce95c5a9e80039fc5913c417897b7086229c0a0,60642,"own hash, no publisher reference",0.019
bilfinger2024,data/extracted/m1737452/data/figures/06-SOH_Def_VW_SUpdf.png,md5+sha256,,md5:a687f2d3c614c9aef2fc5320951c559f sha256:331d5718270519ef6a277caab2b2f84594fbed88993a9c0a046192ede672f45a,13844,"own hash, no publisher reference",0.016
bilfinger2024,data/extracted/m1737452/data/font/Gulliver Regular.otf,md5+sha256,,md5:d85309da297be3a569e5913abbe08d4c sha256:e3f25841a72e4497b548179bd7eb72c132674fa2a4edfdd0a460b636aa18d758,39276,"own hash, no publisher reference",0.015
bilfinger2024,data/extracted/m1737452/data/font/STIXTwoText-Bold.ttf,md5+sha256,,md5:c3db8c59648c221d8e9cd1d8d0953a4e sha256:2c2d4cb39d0ddafe72e0e570537729128403fe28db31dde3a6d97150d5943db2,190948,"own hash, no publisher reference",0.023
bilfinger2024,data/extracted/m1737452/data/font/STIXTwoText-Italic.ttf,md5+sha256,,md5:fcde21ee8b9db63adaf231b6d75a4203 sha256:06ed475d9759ffb1632a3a15f0cbff7c350fe374ae9d33f6b4f90c0c9835280a,205644,"own hash, no publisher reference",0.029
bilfinger2024,data/extracted/m1737452/data/font/STIXTwoText-Regular.ttf,md5+sha256,,md5:b1fbfd4f8bd1eac905fb1c3f836ac2b3 sha256:a203430bd64519f9b745fb8db3f667e6b011ab092aad37de2365f8281ac6defb,190640,"own hash, no publisher reference",0.019
bilfinger2024,data/extracted/m1737452/data/Tesla/cell/Tesla_CATL_161Ah_LFP_20deg_C57.pkl,md5+sha256,,md5:d71048d4131af80069f281335ef945a3 sha256:e2f50cf7d4033529088e724aeac903c5f6fa13a672c1e0ff54f8da155e51c79a,16864704,"own hash, no publisher reference",0.087
bilfinger2024,data/extracted/m1737452/data/Tesla/vehicle/Tesla_JB_8A_CEE7_C57_2021.pkl,md5+sha256,,md5:b11a2b868098c66838019b5d1d6c27ea sha256:f047329d2a90458de70d6b464c51f53c32d55188825f33d81d4e0fb3e63bc65d,19579755,"own hash, no publisher reference",0.097
bilfinger2024,data/extracted/m1737452/data/Tesla/vehicle/Tesla_JB_8A_CEE7_C57_2022.pkl,md5+sha256,,md5:5f27cadf01b430a9f60a1073a7ab381e sha256:01005618177d6f24d29f2eee04bec30c1a326044cd918e28b6aef412f3610913,19085099,"own hash, no publisher reference",0.059
bilfinger2024,data/extracted/m1737452/data/VW/cell/VW_LG_78Ah_NMC_20deg_CC_C45.pkl,md5+sha256,,md5:8b57238ed18b66c7ff9b75bd50b82397 sha256:68ac1d2e75bc038f776ce5859a9f550659ba2631c48e8b73cb0783d8fcc08d93,14069344,"own hash, no publisher reference",0.063
bilfinger2024,data/extracted/m1737452/data/VW/cell/VW_LG_78Ah_NMC_20deg_CC_C50.pkl,md5+sha256,,md5:204631824cf65a49129490b36c25b83b sha256:49d557da5db59ddb36a3acc193e3ac6ed51ddb6b9cfc533db3b834543cab22a4,1663186,"own hash, no publisher reference",0.018
bilfinger2024,data/extracted/m1737452/data/VW/cell/VW_LG_78Ah_NMC_20deg_CC_C6.pkl,md5+sha256,,md5:616ca5c3e63346c96c7e21d1f5cfeb18 sha256:280f40b554873d631586d89e4bbc9f29fbbc4111836613eba70db4efeab8f042,1860922,"own hash, no publisher reference",0.019
bilfinger2024,data/extracted/m1737452/data/VW/cell/VW_LG_78Ah_NMC_20deg_CP_C45.pkl,md5+sha256,,md5:740ac26e4cf8a98f4f58708c0c168d37 sha256:2f093bd0404376f844d72cd39ab8d5cd64e0fc8a5d316a440e67af42d83ce282,14269016,"own hash, no publisher reference",0.061
bilfinger2024,data/extracted/m1737452/data/VW/cell/VW_LG_78Ah_NMC_20deg_CP_C6.pkl,md5+sha256,,md5:37e503bc15a844280dd9b4dc03334ec9 sha256:2229f6b3ca9bc119d246da282bfc271c5bbaf3c7658c3eeadafb3423666ed67e,1894010,"own hash, no publisher reference",0.017
bilfinger2024,data/extracted/m1737452/data/VW/halfcell/VW_LG_78Ah_NMC_20deg_C50_Anode.pkl,md5+sha256,,md5:93be06f6e216e42c9099be5a4a8bb7f5 sha256:353c8a3100132075179459ec9128565e607482780f42d04a09c467152fbe7a5b,1635473,"own hash, no publisher reference",0.047
bilfinger2024,data/extracted/m1737452/data/VW/halfcell/VW_LG_78Ah_NMC_20deg_C50_Cathode_ch.pkl,md5+sha256,,md5:b74552c061815105e1fa96320849286e sha256:cf61943de034c4d75b2cdd66e8885e30cc585f89d4fd8616467cf65a10aad113,1895747,"own hash, no publisher reference",0.046
bilfinger2024,data/extracted/m1737452/data/VW/halfcell/VW_LG_78Ah_NMC_20deg_C50_Cathode_dch.pkl,md5+sha256,,md5:fec1824d06d9240edc1496446337dbf1 sha256:35869105db9e532fa0073219870f8736a22e2da064f2532347c3dbe75164c780,1663713,"own hash, no publisher reference",0.036
bilfinger2024,data/extracted/m1737452/data/VW/vehicle/raw/VW_FTM_JB_8A_2021.pkl,md5+sha256,,md5:8fd2061e695ceb33238fe546b68aa999 sha256:80e86ca6760209812b8f98f14994c1dd07ab24648b32119a03f443f98d777ea3,61898933,"own hash, no publisher reference",0.357
bilfinger2024,data/extracted/m1737452/data/VW/vehicle/raw/VW_FTM_JB_8A_2023.pkl,md5+sha256,,md5:9407f7c1f62beb3222882306acc3b357 sha256:0f05160627c6b0c2819d75cd7671982a2c13c821a2cbfcae4fa3723415d7ce1a,33008563,"own hash, no publisher reference",0.114
bilfinger2024,data/extracted/m1737452/data/VW/vehicle/raw/VW_FTM_JB_8A_2024.feather,md5+sha256,,md5:c8ffb89e29dcb4f4fdd19bbf02d3d085 sha256:a7d87697791c51cdeb7dad6fd8be4c7135f8c21e9a6bf8528906d57980764fc4,7792282,"own hash, no publisher reference",0.052
bilfinger2024,data/extracted/m1737452/data/VW/vehicle/VW_ID3_JB_8A_C40_2021.pkl,md5+sha256,,md5:ccc22e3a5598e61eeff868f43e9e4623 sha256:4ad9e5e5cbd4495cc9007b16600658638fdb0bda82c8f3d403d0a36e617e1076,65736812,"own hash, no publisher reference",0.177
bilfinger2024,data/extracted/m1737452/data/VW/vehicle/VW_ID3_JB_8A_C40_2023.pkl,md5+sha256,,md5:64cb57aee987173621d67dc1403d3167 sha256:cb6add07cbf2a25fd7fbf28c144c2532baaf9b5328680bb4a6c324f2789b9caf,26566038,"own hash, no publisher reference",0.073
bilfinger2024,data/extracted/m1737452/data/VW/vehicle/VW_ID3_JB_8A_C40_2024.feather,md5+sha256,,md5:f4d7e1cdde68e4b315bae8d26ae637ef sha256:02a4429eae6626a23dd1c49332b17d268448bc20b0bc1d0837f0bf0a1664288f,9543970,"own hash, no publisher reference",0.050
bilfinger2024,paper/Paper.pdf,md5+sha256,,md5:6196d0ee6592fc6ff9818c135742a97a sha256:9d36639e7916efe9909a87172ea7f1083d38de615be9db92f96313c06f888cf2,2623353,"own hash, no publisher reference",0.028
bilfinger2026,data/data.zip :: DVA_robustness/data/Cupra/Cupra_204_JB_8A_CEE7_C45.feather,sha512,4d7066be9cf430be55daeaafbbef2d3d3aefe504c43eeb7bb5e82117d55f30e09b1b2a9946eda24a7d43073947dfb76667a4b8cf56d21a11137563b2a7dcb769,4d7066be9cf430be55daeaafbbef2d3d3aefe504c43eeb7bb5e82117d55f30e09b1b2a9946eda24a7d43073947dfb76667a4b8cf56d21a11137563b2a7dcb769,11219114,match,0.026
bilfinger2026,data/data.zip :: DVA_robustness/data/Cupra/Cupra_213_JB_8A_CEE7_C45.feather,sha512,62698eca23cf5af467f600d41b9cdbf70ee9ce35929becc2d4163b15788f9ce05514690e7adc7c89c5e4009186391cc07e84cca562b1d434e79dfb22265326dd,62698eca23cf5af467f600d41b9cdbf70ee9ce35929becc2d4163b15788f9ce05514690e7adc7c89c5e4009186391cc07e84cca562b1d434e79dfb22265326dd,10398410,match,0.018
bilfinger2026,data/data.zip :: DVA_robustness/data/Cupra/Cupra_213_JB_8A_CEE7_C45_repeatability.feather,sha512,e0d9c81e44e6d0475d8070fca288811de45f11ff2b6d4963726b768597359feed55b38798aacf39694ff19fa26dbbe02333e81c1f191be116681e1729ee0bf8b,e0d9c81e44e6d0475d8070fca288811de45f11ff2b6d4963726b768597359feed55b38798aacf39694ff19fa26dbbe02333e81c1f191be116681e1729ee0bf8b,9276282,match,0.017
bilfinger2026,data/data.zip :: DVA_robustness/data/Cupra/Cupra_213_JB_8A_CEE7_C45_repeatability_2.feather,sha512,bbfc30e32e5d60a43505aa0b646dc1eec803fc605c46f1087b4de74d43070ee11fa30f91e859d249451d9032fa78423ee4e82dbb2e44036b4f02830883218b89,bbfc30e32e5d60a43505aa0b646dc1eec803fc605c46f1087b4de74d43070ee11fa30f91e859d249451d9032fa78423ee4e82dbb2e44036b4f02830883218b89,3062762,match,0.007
bilfinger2026,data/data.zip :: DVA_robustness/data/Cupra/Cupra_288_C10_discharge.feather,sha512,5aa3d3e35d41dd77152f3a6032ad54e8dd71316e3b180f4e4b420bda68b98a2161f146ffe844e0238c1c3fa6df824eba1f5f2b64f421731c6fc8f71163a3f32f,5aa3d3e35d41dd77152f3a6032ad54e8dd71316e3b180f4e4b420bda68b98a2161f146ffe844e0238c1c3fa6df824eba1f5f2b64f421731c6fc8f71163a3f32f,5474034,match,0.009
bilfinger2026,data/data.zip :: DVA_robustness/data/Cupra/Cupra_288_JB_10A_CEE16_C10.feather,sha512,400e722e351bf974ddd37044d3f94adfd8a99ece51df0b14ee757009622f3430bd51e62c58ebb62e74ea9f6113edb3f9d6f90bb100e45a85b4f9e027678f988f,400e722e351bf974ddd37044d3f94adfd8a99ece51df0b14ee757009622f3430bd51e62c58ebb62e74ea9f6113edb3f9d6f90bb100e45a85b4f9e027678f988f,2694194,match,0.007
bilfinger2026,data/data.zip :: DVA_robustness/data/Cupra/Cupra_288_JB_32A_CEE32_C6.feather,sha512,d86f8c9879b7756c647fb83e3e07fa67f2d1be4c88f7959947fce31343217b30280a2a48186dd2ee28824d2be7ff01c5fbe1fb185271a455f8c2e935518e7726,d86f8c9879b7756c647fb83e3e07fa67f2d1be4c88f7959947fce31343217b30280a2a48186dd2ee28824d2be7ff01c5fbe1fb185271a455f8c2e935518e7726,774586,match,0.001
bilfinger2026,data/data.zip :: DVA_robustness/data/Cupra/Cupra_288_JB_6A_CEE16_C17.feather,sha512,c984f0f839dd0ecea374cc9e50e50b205d707043ba6aa875b80a086d4257da68520c1d3291ecd24392afaae5faa5518d827a510e9d8d8386e710138e256f52cd,c984f0f839dd0ecea374cc9e50e50b205d707043ba6aa875b80a086d4257da68520c1d3291ecd24392afaae5faa5518d827a510e9d8d8386e710138e256f52cd,17741786,match,0.047
bilfinger2026,data/data.zip :: DVA_robustness/data/Cupra/Cupra_288_JB_6A_CEE16_C17_outside.feather,sha512,ed425f018d67532dd971c179a52150400dcbbfb1c8caa6038bdea548e24a960dce8d2349be0b2b3ca214beec9455cd944c0f097becefc0366af46ed208e3a0ba,ed425f018d67532dd971c179a52150400dcbbfb1c8caa6038bdea548e24a960dce8d2349be0b2b3ca214beec9455cd944c0f097becefc0366af46ed208e3a0ba,4072738,match,0.008
bilfinger2026,data/data.zip :: DVA_robustness/data/Cupra/Cupra_288_JB_8A_CEE7_C45.feather,sha512,9723b93463382d737d584d038b9711ab73009ad0f9b962a559ad15aa13ce0ea8a4c1e82b08e01e97dcd0a2c745ae66810bc99d9660012cc4307f5c1a2d45c3cc,9723b93463382d737d584d038b9711ab73009ad0f9b962a559ad15aa13ce0ea8a4c1e82b08e01e97dcd0a2c745ae66810bc99d9660012cc4307f5c1a2d45c3cc,3204794,match,0.007
bilfinger2026,data/data.zip :: DVA_robustness/data/Cupra/Cupra_349_JB_8A_CEE7_C45.feather,sha512,0d1629bbe128e6b2e4be4bf032e60f371b887bcb5c4a08e198ef8f7fdedd8e1cc81c2d45ac5698441a58cc78df4a649bc6d360bc1fd813cf12855a1a94ce4198,0d1629bbe128e6b2e4be4bf032e60f371b887bcb5c4a08e198ef8f7fdedd8e1cc81c2d45ac5698441a58cc78df4a649bc6d360bc1fd813cf12855a1a94ce4198,10679778,match,0.016
bilfinger2026,data/data.zip :: DVA_robustness/data/Cupra/Cupra_397_JB_8A_CEE7_C45.feather,sha512,45742814bb24fface1cc7eeb5a6572baf95704f6d00ecfe645ea96bb8fde720cc04973cc6261bf112734c735b8895a70f4db3e31b5db4b91dde239db3f7f7d73,45742814bb24fface1cc7eeb5a6572baf95704f6d00ecfe645ea96bb8fde720cc04973cc6261bf112734c735b8895a70f4db3e31b5db4b91dde239db3f7f7d73,10214330,match,0.017
bilfinger2026,data/data.zip :: DVA_robustness/data/font/STIXTwoText-Bold.ttf,sha512,0b53062c3de379a199be666a3ea5587d2dababd1e825e1f7d179389808e25232338aff5dca67182040aa20669dd084a1f68d472897141b80504da4cd84a9f97d,0b53062c3de379a199be666a3ea5587d2dababd1e825e1f7d179389808e25232338aff5dca67182040aa20669dd084a1f68d472897141b80504da4cd84a9f97d,190948,match,0.001
bilfinger2026,data/data.zip :: DVA_robustness/data/font/STIXTwoText-Italic.ttf,sha512,112336132c027b66fe9da0b7b5ced779bd5658aedc199d23b40477621a225b13fb1e5743e158acb45bef6045ced70d7d42ce784167ab6adde31170ccad07ce84,112336132c027b66fe9da0b7b5ced779bd5658aedc199d23b40477621a225b13fb1e5743e158acb45bef6045ced70d7d42ce784167ab6adde31170ccad07ce84,205644,match,0.001
bilfinger2026,data/data.zip :: DVA_robustness/data/font/STIXTwoText-Regular.ttf,sha512,d9b8789cdfc806cf2758c19b2eb9e7e6a71525c01b1bc4fbf4bde78d35d7f9764e9c0d82fd41ff65d6ad9e21d6b35f9f86207a9cae631816fb898b6b3bd5467d,d9b8789cdfc806cf2758c19b2eb9e7e6a71525c01b1bc4fbf4bde78d35d7f9764e9c0d82fd41ff65d6ad9e21d6b35f9f86207a9cae631816fb898b6b3bd5467d,190640,match,0.000
bilfinger2026,data/data.zip :: DVA_robustness/data/Tesla/Tesla_AC_10A_C8_w_cv.feather,sha512,6bdfa982657c0272a153c148151104633b0225cf158e99072bf37cc4de3a47c04154b7e0f512884ae48c7a9362f90c8378deab460f39b9b4e88a7fe101b975fc,6bdfa982657c0272a153c148151104633b0225cf158e99072bf37cc4de3a47c04154b7e0f512884ae48c7a9362f90c8378deab460f39b9b4e88a7fe101b975fc,2961482,match,0.005
bilfinger2026,data/data.zip :: DVA_robustness/data/Tesla/Tesla_AC_16A_C5_w_cv.feather,sha512,9c3124bc7167bdd299955bee8a40cb5e8386b0c93a5ed857e9d13ec0596346aca5c0e8972561c2c533f1eb4c0b15d37d0716034b51dafb76fb89c82e67b059c0,9c3124bc7167bdd299955bee8a40cb5e8386b0c93a5ed857e9d13ec0596346aca5c0e8972561c2c533f1eb4c0b15d37d0716034b51dafb76fb89c82e67b059c0,1960154,match,0.005
bilfinger2026,data/data.zip :: DVA_robustness/data/Tesla/Tesla_AC_5A_C17_w_cv.feather,sha512,6bfed5b38e0f85c408e4145cc1870c34fe476f9194fd52e9523ad2180539a61c1ffe0590d3575e819b10ea70317b07f685085d564d2d45a4b74ba58ab4ad85a7,6bfed5b38e0f85c408e4145cc1870c34fe476f9194fd52e9523ad2180539a61c1ffe0590d3575e819b10ea70317b07f685085d564d2d45a4b74ba58ab4ad85a7,5416282,match,0.009
bilfinger2026,data/data.zip :: DVA_robustness/data/Tesla/Tesla_AC_8A_C10_w_cv.feather,sha512,cee822ca3a1dce5dfd37d65fa1676fe00aa353c429ca697afc211c52551e5fd00efba9628a8fcf9e747479e3e1506b29bb9b41d664343f34b495298822ac5b1c,cee822ca3a1dce5dfd37d65fa1676fe00aa353c429ca697afc211c52551e5fd00efba9628a8fcf9e747479e3e1506b29bb9b41d664343f34b495298822ac5b1c,3459330,match,0.006
bilfinger2026,data/data.zip :: DVA_robustness/data/Tesla/Tesla_JB_6A_CEE16_C13_outside_w_cv.feather,sha512,b002649c4400c4d71d8328749ea4491ca7458975eb5b29bdf2896b02aa7d4513272836b1389bae331ffa9f383017b83018ecc006d4da20fac0b056ba606b0cd6,b002649c4400c4d71d8328749ea4491ca7458975eb5b29bdf2896b02aa7d4513272836b1389bae331ffa9f383017b83018ecc006d4da20fac0b056ba606b0cd6,4417450,match,0.007
bilfinger2026,data/data.zip :: DVA_robustness/data/Tesla/Tesla_JB_6A_CEE7_C57_2022_w_cv.feather,sha512,203de7cea823f5a0ea3df39ef0c571dcfe324b5019969fdc5e908da2e02441875e3a6192a9449c24548e31ee2f3241cab10601e16d994b1910e1846a7965fbc8,203de7cea823f5a0ea3df39ef0c571dcfe324b5019969fdc5e908da2e02441875e3a6192a9449c24548e31ee2f3241cab10601e16d994b1910e1846a7965fbc8,17948850,match,0.028
bilfinger2026,data/data.zip :: DVA_robustness/data/VW/cell/VW_LG_78Ah_NMC_20deg_CC_C50.feather,sha512,06079b714d78ab2e74c08321a5e7793b5348594c8af5b0d8f7212eceab561cfe19c4ca4654f640f5dd4ee5f782126d7f52accbeeb6bdf93cdf24ddf3bebaa646,06079b714d78ab2e74c08321a5e7793b5348594c8af5b0d8f7212eceab561cfe19c4ca4654f640f5dd4ee5f782126d7f52accbeeb6bdf93cdf24ddf3bebaa646,1080018,match,0.004
bilfinger2026,data/data.zip :: DVA_robustness/data/VW/halfcell/VW_LG_78Ah_NMC_20deg_C50_Anode.feather,sha512,ea8906778f00214f11fa047aba49a0a918c82644d03c605675c036228ea46cba6623b66fe6f51745b84a55a3f31730a050b862d7ff3b05b0e6b0a5434e5c50b2,ea8906778f00214f11fa047aba49a0a918c82644d03c605675c036228ea46cba6623b66fe6f51745b84a55a3f31730a050b862d7ff3b05b0e6b0a5434e5c50b2,880706,match,0.004
bilfinger2026,data/data.zip :: DVA_robustness/data/VW/halfcell/VW_LG_78Ah_NMC_20deg_C50_Cathode_ch.feather,sha512,9d3ca87575c3362bd8a64acf205a9fbc1f841d5bf82603df89ca0e7876a2e313bb3a055e432ac63c3b8356f6cb753d29fb41b78043c2156a9435cd2395ee8104,9d3ca87575c3362bd8a64acf205a9fbc1f841d5bf82603df89ca0e7876a2e313bb3a055e432ac63c3b8356f6cb753d29fb41b78043c2156a9435cd2395ee8104,1006386,match,0.002
bilfinger2026,data/data.zip :: DVA_robustness/data/VW/halfcell/VW_LG_78Ah_NMC_20deg_C50_Cathode_dch.feather,sha512,eac4625dedd4a5eaff4229c3d45a3083d24e7482d5b718cfe7d74dfa85a8278d42b6cfbb3c13fe4f6070a763dfc74901731db67f6d186902396500f274e6b786,eac4625dedd4a5eaff4229c3d45a3083d24e7482d5b718cfe7d74dfa85a8278d42b6cfbb3c13fe4f6070a763dfc74901731db67f6d186902396500f274e6b786,859378,match,0.001
bilfinger2026,data/data.zip :: DVA_robustness/data/VW/VW_ID3_FTM_8A_CEE7_Balancing.feather,sha512,25d9ffe35b6ff6c2e29d1659e72428eb7fe17a1f1a0e789399f39c5178e2aaaae43d9f4d032686574763050c22f54d1029d787c9ab1a6cbb2705873376b8d048,25d9ffe35b6ff6c2e29d1659e72428eb7fe17a1f1a0e789399f39c5178e2aaaae43d9f4d032686574763050c22f54d1029d787c9ab1a6cbb2705873376b8d048,133191258,match,0.215
bilfinger2026,data/data.zip :: DVA_robustness/data/VW/VW_ID3_FTM_8A_CEE7_RelaxHighSOC.feather,sha512,62867af63d372356f79254bd3f441f062bfe4273ab7cf5da7894aacf056ca653f9ea14f80b9a6737d6e4791f47f3f5bda25a79561ea2c8606046dddbb45ea2b5,62867af63d372356f79254bd3f441f062bfe4273ab7cf5da7894aacf056ca653f9ea14f80b9a6737d6e4791f47f3f5bda25a79561ea2c8606046dddbb45ea2b5,13448914,match,0.021
bilfinger2026,data/data.zip :: DVA_robustness/data/VW/VW_ID3_FTM_8A_CEE7_RelaxLowSOC.feather,sha512,95736d16b87089eb1ad593e950fd8d7e08aba11a4fd1ed852a03ea2b4ac581c702f71ceb3019d0a217189fa72388b4db2c0c2651fc8f05ec87f60420ce6fd384,95736d16b87089eb1ad593e950fd8d7e08aba11a4fd1ed852a03ea2b4ac581c702f71ceb3019d0a217189fa72388b4db2c0c2651fc8f05ec87f60420ce6fd384,11340666,match,0.018
bilfinger2026,data/data.zip :: DVA_robustness/data/VW/VW_ID3_FTM_JB_8A_CEE7_preRelax.feather,sha512,140a95aff4ba6f5f03b9a9e18961de9353915acfc4f2050e4283550fdf048f1bb91592d8a5fcfe3d169381b5a1ab68f5a0e0258b5aa5cfafcef66b3ba74aa9f5,140a95aff4ba6f5f03b9a9e18961de9353915acfc4f2050e4283550fdf048f1bb91592d8a5fcfe3d169381b5a1ab68f5a0e0258b5aa5cfafcef66b3ba74aa9f5,9543970,match,0.016
bilfinger2026,data/data.zip :: DVA_robustness/figures/01-FIG-DVA_halfcells.pdf,sha512,7da07a6c1eb74b18a2975dc9e72847c11902d3e7607e142a34d9943001d2b02c89ed24b3d8b58c2f03ec4498f0146424f5aafa7916ac4dc647fd2390ada87e07,7da07a6c1eb74b18a2975dc9e72847c11902d3e7607e142a34d9943001d2b02c89ed24b3d8b58c2f03ec4498f0146424f5aafa7916ac4dc647fd2390ada87e07,69748,match,0.000
bilfinger2026,data/data.zip :: DVA_robustness/figures/01-FIG-DVA_halfcells.png,sha512,332ecedd92080ca67c7aae5efb5af7d46cbd99e84107f08696db580426f0dd8ddd18ece904d1d98e2c95df01630e7eb6522ecc23d98d546756684c17645a469c,332ecedd92080ca67c7aae5efb5af7d46cbd99e84107f08696db580426f0dd8ddd18ece904d1d98e2c95df01630e7eb6522ecc23d98d546756684c17645a469c,85831,match,0.000
bilfinger2026,data/data.zip :: DVA_robustness/figures/02-FIG-C_Rate.pdf,sha512,04b446200f62215f9c8e03bc4a1d9f4c0479db06bc0956cdfe0de763c5a7457a23482fcdbb462b6f34f317954ea2f254651f7d112cb52e86cbe837789dbc28a0,04b446200f62215f9c8e03bc4a1d9f4c0479db06bc0956cdfe0de763c5a7457a23482fcdbb462b6f34f317954ea2f254651f7d112cb52e86cbe837789dbc28a0,341703,match,0.001
bilfinger2026,data/data.zip :: DVA_robustness/figures/02-FIG-C_Rate.png,sha512,dc164b8347aa25cd3ef98b2bc64c7aff0372edadef890290d059fd5f0e24a9dc47a84a2454c9c07dfdad66f98ac92408dcfcdd3024d48c054715873d9b3e2a0d,dc164b8347aa25cd3ef98b2bc64c7aff0372edadef890290d059fd5f0e24a9dc47a84a2454c9c07dfdad66f98ac92408dcfcdd3024d48c054715873d9b3e2a0d,370367,match,0.001
bilfinger2026,data/data.zip :: DVA_robustness/figures/03-FIG-Temperature.pdf,sha512,ef5f6b3eb64e36026e218c834000b38cf3e1b0c7d814e27a14ec3ec4c06ce36a6da147b422bbe8f49229e706750a9f04052a71caf2e644279a8666e17b35525f,ef5f6b3eb64e36026e218c834000b38cf3e1b0c7d814e27a14ec3ec4c06ce36a6da147b422bbe8f49229e706750a9f04052a71caf2e644279a8666e17b35525f,578811,match,0.001
bilfinger2026,data/data.zip :: DVA_robustness/figures/03-FIG-Temperature.png,sha512,5cf1c315d0397d96449af907ae98d05d49df2c417b4fe87bb709b714fc9900ddc63f4eca821799499cbaa1d865f098324c684d271889852b087340e377d919d3,5cf1c315d0397d96449af907ae98d05d49df2c417b4fe87bb709b714fc9900ddc63f4eca821799499cbaa1d865f098324c684d271889852b087340e377d919d3,291437,match,0.000
bilfinger2026,data/data.zip :: DVA_robustness/figures/04-FIG-Roundtrip.pdf,sha512,d2cdabce9821e29e8fdee2aa79190886575cbb2f4a24079ad1bc3837b839d88d825aa803abd8240be07642eba6075a90ccb92a0ad92350a01f7e07ea6dea977a,d2cdabce9821e29e8fdee2aa79190886575cbb2f4a24079ad1bc3837b839d88d825aa803abd8240be07642eba6075a90ccb92a0ad92350a01f7e07ea6dea977a,84927,match,0.000
bilfinger2026,data/data.zip :: DVA_robustness/figures/04-FIG-Roundtrip.png,sha512,39ef68793b5b34e5283da49417ac12c47a21ccf89a5cecad86ad232b541ff65874b8de4460a49ed4bceac5a827428f83bf0d3874c4a5b8cd921f2c4e09e4bc4d,39ef68793b5b34e5283da49417ac12c47a21ccf89a5cecad86ad232b541ff65874b8de4460a49ed4bceac5a827428f83bf0d3874c4a5b8cd921f2c4e09e4bc4d,193889,match,0.000
bilfinger2026,data/data.zip :: DVA_robustness/figures/05-FIG-Relaxation.pdf,sha512,c259d0579cc5aaba3021a5b382b92cc212bf73e3dcadc237708d979e559410513c5529b717fcef0314151fb931aa57704f21af8ecd103237be98161c87941e55,c259d0579cc5aaba3021a5b382b92cc212bf73e3dcadc237708d979e559410513c5529b717fcef0314151fb931aa57704f21af8ecd103237be98161c87941e55,109249,match,0.000
bilfinger2026,data/data.zip :: DVA_robustness/figures/05-FIG-Relaxation.png,sha512,f53956e47af047f1f809ca377f161c4eeb13a043f936c35358e7be0c1d8c37eb0f683fff7b0c1bbd672f2ceb9ad91ea0c89f5466635e8734808f7d62f817885a,f53956e47af047f1f809ca377f161c4eeb13a043f936c35358e7be0c1d8c37eb0f683fff7b0c1bbd672f2ceb9ad91ea0c89f5466635e8734808f7d62f817885a,161847,match,0.000
bilfinger2026,data/data.zip :: DVA_robustness/figures/06-FIG-Repeatability.pdf,sha512,f1788e72e78e8ef89f5ee4fe04c7422d7c06a363c51bd4d5932a27d9884097f23fd0e53fc8038e09025664a2a1b8b6c0c263e33f1e3dc1d6265f2e304663f424,f1788e72e78e8ef89f5ee4fe04c7422d7c06a363c51bd4d5932a27d9884097f23fd0e53fc8038e09025664a2a1b8b6c0c263e33f1e3dc1d6265f2e304663f424,93337,match,0.000
bilfinger2026,data/data.zip :: DVA_robustness/figures/06-FIG-Repeatability.png,sha512,c322afa84786a58a3ee11390f0c8726e0cc5859e57df24221f263a2de786b5a815180c439f5be7207f91e5583d6108ddd1dd206ed5a7788a62f621a96438fbd1,c322afa84786a58a3ee11390f0c8726e0cc5859e57df24221f263a2de786b5a815180c439f5be7207f91e5583d6108ddd1dd206ed5a7788a62f621a96438fbd1,161264,match,0.000
bilfinger2026,data/data.zip :: DVA_robustness/figures/07-FIG-Comparability.pdf,sha512,8c5f3391dce50709aa9936a3d3dd5fafb4a0fb1036ff70ddb38168ba3cca152ff0331aec4f82107ef4844459db2b9c416736a039f54e6501ee7c1e1c55797a44,8c5f3391dce50709aa9936a3d3dd5fafb4a0fb1036ff70ddb38168ba3cca152ff0331aec4f82107ef4844459db2b9c416736a039f54e6501ee7c1e1c55797a44,132650,match,0.000
bilfinger2026,data/data.zip :: DVA_robustness/figures/07-FIG-Comparability.png,sha512,e246280f713047278236f83fe8eb281da0d2738f0ad3f73a009d3e20b45ffbfb604a594f6f151b4e37680c85dabe36c025712cd61cf6fccef4f7e22bf10cc715,e246280f713047278236f83fe8eb281da0d2738f0ad3f73a009d3e20b45ffbfb604a594f6f151b4e37680c85dabe36c025712cd61cf6fccef4f7e22bf10cc715,175987,match,0.000
bilfinger2026,data/code/EV_DVA_robustness_github_2026-05-05_6bd08e34f368.zip,md5+sha256,,md5:82f2fe1737b639305e86589e9b66791c sha256:8f0d76e4d3c13a7b9a92223a4dd94c5cf41468d8cb13ce4ca854526e77aeadb3,1820379,"own hash, no publisher reference",0.021
bilfinger2026,data/data.zip,md5+sha256,,md5:ea1398d9f6248ed89045a581b814d04b sha256:7bcbbd9e7978cabb9db8efdd5108c7a21d242cfcfa17daa5b770ede300e5b25b,299787786,"own hash, no publisher reference",0.650
bilfinger2026,paper/Paper.pdf,md5+sha256,,md5:a46a27e0e208fcb5c96f3b4b42397422 sha256:2e95f4c4a249a866fa2e9b201291b8ab10fc23330cb2f8c84665a675aa362bdb,3670554,"own hash, no publisher reference",0.035
cao,data/code/MCDL-Online-Fault-Diagnosis_github_v1.0.0_2024-09-28_ede1f2c70f43.zip,md5+sha256,,md5:6a5e1ffb4b35d99ab886986f0b3e4ccf sha256:b3e4306cb9af23983fd42fa5c1d77930f71ff3a70ebbf15f51976c3af11e52ec,12616,"own hash, no publisher reference",0.022
cao,data/DTI.zip,md5,400135e26d8bac65cc171e63f71fd5dd,400135e26d8bac65cc171e63f71fd5dd,2645761724,match,3.884
cao,data/GIS.zip,md5,2b4d5f9d0d045bbe5bb0318ea84f7e7e,2b4d5f9d0d045bbe5bb0318ea84f7e7e,389438075,match,0.564
cao,data/QAS_1.zip,md5,a3d3a182c7c82df26073a53f698148c8,a3d3a182c7c82df26073a53f698148c8,6822055228,match,9.536
cao,data/QAS_2.zip,md5,9183ff01f6cf3e187716ca3a2d7f6b53,9183ff01f6cf3e187716ca3a2d7f6b53,6927601162,match,9.734
cao,data/QAS_3.zip,md5,7cb6410cac2c44890eaccd9d594887bf,7cb6410cac2c44890eaccd9d594887bf,6990430806,match,10.767
cao,data/QAS_4.zip,md5,d138ef98e2fb77c12afc88a6043e3be8,d138ef98e2fb77c12afc88a6043e3be8,5949401675,match,9.136
cao,data/QAS_5.zip,md5,f420b38bab7aca514ab834cbfa0010b8,f420b38bab7aca514ab834cbfa0010b8,8338767634,match,12.931
cao,paper/Paper.pdf,md5+sha256,,md5:35ac17f435e0cbe5e6c9b3fbbe4cfbfd sha256:f7996459f06d4d67f00dfae803120ea73b69640a177aac0fcebf2dc770e5570f,15058341,"own hash, no publisher reference",0.105
cao,supplementary/Peer Review File.pdf,md5+sha256,,md5:089e97236d4e302b9e307a1a0fc308ba sha256:82bb00c78b6ac8a3d6025944597a78a3019fc7f655af8556e14a7bc6dfcc35a9,2689290,"own hash, no publisher reference",0.046
cao,supplementary/Source Data.zip,md5+sha256,,md5:61c5f3bde917f81938879f10daa3b170 sha256:215c2863983ac80ceb5a87219a2512892297a6acdb9da6813b208c7ae102cfd9,349937270,"own hash, no publisher reference",0.816
cao,supplementary/Supplementary Information.pdf,md5+sha256,,md5:8f5bc859e648c07b7cf4e8b504ec7966 sha256:318bc7246da1df5bef7dd8818fce85d6eeb246b9ff200a7e9696fd82dc0f5db2,2709025,"own hash, no publisher reference",0.043
changan,data/code/Multi-modal-SOH-estimation-framework_github_2026-03-09_56c1ef4dd0c5_code-only.zip,md5+sha256,,md5:af1e4e7b2787aa154d45107dbcb7e807 sha256:cc0d16575def206da12d13e823c17e0e30fb5f2de5a49c4bbe2848f6280c31b2,2671891,"own hash, no publisher reference",0.031
changan,data/code/Multi-modal-SOH-estimation-framework_github_2026-03-09_56c1ef4dd0c5_EXCLUDED.txt,md5+sha256,,md5:deaf13ebc97511ed49ef7cdb39956df9 sha256:365aefb12d63edc0276e64e3089fa41c82dca9c2ac2599655a91ea6e1fd49155,726,"own hash, no publisher reference",0.020
changan,data/fleet_meta.csv,md5+sha256,,md5:960ef3e9a4545dd847e07a1f39ff549d sha256:f3972aeece39cf672aeaad850eed00437ac7eb721d7a2ea6d48da2103f5b5390,37398,"own hash, no publisher reference",0.026
changan,data/raw/RAW_DATA.sha256.json,md5+sha256,,md5:cd9c7a2b81192962fcedf842dfd492dd sha256:3f4ea216222e9f3ac17696ab9b855c67b74a8c3aefbcd3af7f2ece41d0861468,744,"own hash, no publisher reference",0.017
changan,data/raw/RAW_DATA.z01,md5+sha256,,md5:0a26d4eed32de8e567af78e21ccbd390 sha256:33bd96aaefcc736357b877aaa4e71443d374233b159d17ba756f13b84dc32976,51539607552,"own hash, no publisher reference",147.936
changan,data/raw/RAW_DATA.zip,md5+sha256,,md5:6c9e23c8eb999cc8ebc6549e1308e861 sha256:8da12ddf0aefadd56ea854428441a95e0ce4102fc5fc159eff8499a16200f6b5,22766768603,"own hash, no publisher reference",58.885
changan,data/raw_sample/vin1/vin1.csv,md5+sha256,,md5:ab4b046041e2ddd3a653bc7054d0d9f4 sha256:99005079ff97c457883daf446fde5837d8dc4f3742148c37b9f816809276f329,2820121107,"own hash, no publisher reference",7.235
changan,data/raw_sample/vin2/vin2.csv,md5+sha256,,md5:c39a47065835f23ffea315c52fd2086f sha256:ee07d153392b2ea5a483ef253d800f3e823815d5d463f6a604c4e907ae236f91,567327530,"own hash, no publisher reference",1.460
changan,data/raw_sample/vin3/vin3.csv,md5+sha256,,md5:ce46f8972f6c872cbb96be8b2c953c8a sha256:24bd90ed57d14aaadd6ceab38bcdaa5ef4517d91a09ce47100f9c22db514dd5f,1854221739,"own hash, no publisher reference",4.110
changan,data/sample_official/sample_data_changan-portal-official_2026-09-01.rar,md5+sha256,,md5:aabd6444d1c3d26a6edb04f66e51a357 sha256:27e6260b034696c0ba5ce71329c8e48058ad71e2c9b6c045261133887bad29d1,108263512,"own hash, no publisher reference",0.248
changan,data/sessions/vin1.meta.json,md5+sha256,,md5:2a6ca14c3a3c6e9a8fdc92c51c803c08 sha256:095da978a236d12bdb48b838e56a04c9e7d9345a3a791a984729149ef4fea0f0,306,"own hash, no publisher reference",0.015
changan,data/sessions/vin1.parquet,md5+sha256,,md5:f194470699265ff7e92ea27f2fd9f41d sha256:b9547802f0b20742a04be2c5cdd7b4857e12c7060b9fd1fd56bad144359b9e38,131434,"own hash, no publisher reference",0.015
changan,data/sessions/vin10.meta.json,md5+sha256,,md5:ae3ff6b0db854ad2d12befddcceb78a4 sha256:86bec77deefa06aa0f6d68452ce69705bba52ca5cdf8f3f8370c12ab9fe30d48,300,"own hash, no publisher reference",0.017
changan,data/sessions/vin10.parquet,md5+sha256,,md5:65efc4208a84145553dd486e0f2365aa sha256:122aab94429ef6ebaddb6aeed5e8938b3b24b67eb7500e797132ec3581846ba1,111799,"own hash, no publisher reference",0.021
changan,data/sessions/vin100.meta.json,md5+sha256,,md5:9fb6468af588c9dbf95b643f2b6cf3aa sha256:a2afc2232efba7989cfa3750c944165edbf118f2816df7c7031e50391fed49b3,308,"own hash, no publisher reference",0.019
changan,data/sessions/vin100.parquet,md5+sha256,,md5:a0adf746d6829973ce8790c2023acc91 sha256:8dc2f2bf80376486c0421cbab8388967ad934a8fbd3bcd12813d13a0b6e69240,191148,"own hash, no publisher reference",0.017
changan,data/sessions/vin101.meta.json,md5+sha256,,md5:944cee69095241eb2bc9f1943129ea49 sha256:83db9544f7a5bfc7d5f134f6b7d1e66fb1d229c3b185bb1556e347a98eafc42a,305,"own hash, no publisher reference",0.023
changan,data/sessions/vin101.parquet,md5+sha256,,md5:1915a7a2b52768469f72307d469513b1 sha256:260a2abcac35d4e9bd75975aa0c44873384e8530b8a709eb806c71c448634dcd,95641,"own hash, no publisher reference",0.029
changan,data/sessions/vin102.meta.json,md5+sha256,,md5:9290aaf6236a19773da6b29c0f1395be sha256:3e7b6d9486747ac293e66eefdcbf5e4d49c9540953efacaf3700a93330504ee9,306,"own hash, no publisher reference",0.016
changan,data/sessions/vin102.parquet,md5+sha256,,md5:d13c012729f08a6542647aa87e2158a7 sha256:016fd0e2cb9732cf18db0d54ff37b2c7fed4323a3e60f28128b4f620305d0057,93775,"own hash, no publisher reference",0.019
changan,data/sessions/vin103.meta.json,md5+sha256,,md5:a2f97f62e17e6f97c7ca783d47718c3b sha256:6432cf90426978b8a1765d6db8f21a3f6c8bc83fbafb97dc62d686c27e5c42d5,306,"own hash, no publisher reference",0.017
changan,data/sessions/vin103.parquet,md5+sha256,,md5:90755024f126746e7d8fff79cec4981f sha256:e136bf363332433a5c671f553f891475b7ea7570235d775b54e7dacadf8406a3,112566,"own hash, no publisher reference",0.026
changan,data/sessions/vin104.meta.json,md5+sha256,,md5:8a26f8f639d511a4ed8d9460ede3bbed sha256:a217c0f911590b62336ea69ba16ac259d6da800fa3ba86b3ab29823582a77c13,306,"own hash, no publisher reference",0.016
changan,data/sessions/vin104.parquet,md5+sha256,,md5:e19437d14cf8c3a32f4ab5d6624e2924 sha256:1d54ecf897ccb5159c7c8fabc144c5b096cdabb38181e755981717124218f3af,99606,"own hash, no publisher reference",0.021
changan,data/sessions/vin105.meta.json,md5+sha256,,md5:c8008530bae4130e170928d60547ff1e sha256:3926e322fb3319419691edcc9b59f80d6aeb60bc708bc35604dd312452c9f7f1,302,"own hash, no publisher reference",0.013
changan,data/sessions/vin105.parquet,md5+sha256,,md5:651bc467b6570fb7faac42ac6223f880 sha256:987ed41c183d9df7ea12f51a4c90d937a3916869d0cb1d438cf23b1bee0f0bbd,55121,"own hash, no publisher reference",0.017
changan,data/sessions/vin106.meta.json,md5+sha256,,md5:d45e997b5486503e9b9d3e902b171771 sha256:248ed01d122e8352f7f9833638442d7f48b6861a0cb72e2f595b6a65a7c5474d,305,"own hash, no publisher reference",0.017
changan,data/sessions/vin106.parquet,md5+sha256,,md5:5176b330ee7201bb70e53277329f8b52 sha256:862be8381c4085b455441f8b093c8e88c9bb9f5223ca677f042998e51a918999,97557,"own hash, no publisher reference",0.013
changan,data/sessions/vin107.meta.json,md5+sha256,,md5:d4be6410c58f4bf591f04e17b61c3bf0 sha256:c84a32a268584efaf7bcb56cd53d65023030369b227c59f333944f43b3ce6706,302,"own hash, no publisher reference",0.013
changan,data/sessions/vin107.parquet,md5+sha256,,md5:22a9689abbae5a567d30789fe1081f4f sha256:77e674c2fdd556b6febeb5585d3a0cb03d6beb061a27fe7ece6f59ab8e620982,66020,"own hash, no publisher reference",0.016
changan,data/sessions/vin108.meta.json,md5+sha256,,md5:a9d829c0e271dccade2660447e8fa957 sha256:08fafdc54d991e3289a0539d4f6dcf88a8361559912b5ffb82537a8494f09899,303,"own hash, no publisher reference",0.014
changan,data/sessions/vin108.parquet,md5+sha256,,md5:a1a9b0b41e5c306cb9cbf0f178fc634e sha256:5bb127dc1680fc05280f8c685adc1e7a28b89d4ebccdde6e4863e4305cf83296,89603,"own hash, no publisher reference",0.014
changan,data/sessions/vin109.meta.json,md5+sha256,,md5:d8782689c7e1a2bd4f2bfa1b97556505 sha256:b2f7c36c382378e560193ba77b1b152d4035c5906ac7255bc1792105923a5bbc,301,"own hash, no publisher reference",0.018
changan,data/sessions/vin109.parquet,md5+sha256,,md5:e462f9c5003af0fd1f9a16043c859fe8 sha256:43d408e3aee9b01b23e20067426c51517fc8702e4491c50fd1ae2ec7e1a9d120,55509,"own hash, no publisher reference",0.032
changan,data/sessions/vin11.meta.json,md5+sha256,,md5:b352b2f625695cd266cf1f25d01433c5 sha256:b2273c3db3aab0c961d563f3929c6430ad27a8a185f94babd76b276e2716d802,306,"own hash, no publisher reference",0.020
changan,data/sessions/vin11.parquet,md5+sha256,,md5:756367ace6ebdac74a443794365483aa sha256:d70097e8139ade16d911ba1ca42acd652fb69309d1ad1cd63340d8f73ddbb7a5,104788,"own hash, no publisher reference",0.022
changan,data/sessions/vin110.meta.json,md5+sha256,,md5:32374e9a11afa7975801ef52d384f0ad sha256:dd7eabddf77d7d7c2caf5b35d3b375a07596ee422508409243e83ada425b5d38,308,"own hash, no publisher reference",0.025
changan,data/sessions/vin110.parquet,md5+sha256,,md5:63389e44ec41657cc6b532b289c37c73 sha256:6bf98eae9cab78caa7d0d785e331124f2166d529bdf4d1a1107f15f84f832f07,49312,"own hash, no publisher reference",0.021
changan,data/sessions/vin111.meta.json,md5+sha256,,md5:3d9c1ad92dc24837e60fb6a0b0c3b57a sha256:ff80d3cd3757176b51c63f93af5af480140175091790e8b87159c96550d1c2d3,307,"own hash, no publisher reference",0.015
changan,data/sessions/vin111.parquet,md5+sha256,,md5:1966331e4d5cbd246858d1d9da8bfa90 sha256:0919a7cab2b5c66d6ffdcb47a0fb784c78c488003db7fc73780b5cd6c4ce5999,112982,"own hash, no publisher reference",0.017
changan,data/sessions/vin112.meta.json,md5+sha256,,md5:6669ef07100918fef9059fef8bdedcc1 sha256:d5304c56399e13be2efe80284e5f0b8c13b807fc5645f6fc5faadb0f15de13ad,308,"own hash, no publisher reference",0.020
changan,data/sessions/vin112.parquet,md5+sha256,,md5:27b273f1a3729b9528953ca53e5ad543 sha256:f8a80c9f64a83be46e02ea35dea0e3eb65efae9302d3d60aca5ddda2d59680d3,120947,"own hash, no publisher reference",0.023
changan,data/sessions/vin113.meta.json,md5+sha256,,md5:149bf8ae9eba94cc19d2755e82891a07 sha256:53941f0ade7c9e79280a3aa427ed3f6edc3a2517b7320ebbabd40f394d1819cb,306,"own hash, no publisher reference",0.018
changan,data/sessions/vin113.parquet,md5+sha256,,md5:3b50aa73102c0779a00bff312ba6c023 sha256:b4032918bc80b652d2c70dc22cf5e9da1d31b17f1658d2af026d3726be108fbf,60859,"own hash, no publisher reference",0.018
changan,data/sessions/vin114.meta.json,md5+sha256,,md5:589c9fcb715a4809a7c4a29e5ce60b16 sha256:0fd3be42ecdaedad8f1617fdeaedd61dd22a8f67c6309fc44e44e1f29dac3c82,306,"own hash, no publisher reference",0.017
changan,data/sessions/vin114.parquet,md5+sha256,,md5:0799056c415989815080fa4932268205 sha256:ad77fbcc38dad55860bc76dd4a016c19a2895b59b5fd0410e1874d87a2a6f8b3,80327,"own hash, no publisher reference",0.013
changan,data/sessions/vin115.meta.json,md5+sha256,,md5:00902b389e8e9005031105ac8df674a1 sha256:be87441174b0e20d9d96a0d942ea2b0131953a958efc1a9f125be1e5b54fb96d,308,"own hash, no publisher reference",0.018
changan,data/sessions/vin115.parquet,md5+sha256,,md5:b06bb6b5fc035b9d03bfe59f1a0d2688 sha256:8dfe02027092730cebbb732c11b646a78430d741f66aa13e63a55443766c580d,131737,"own hash, no publisher reference",0.024
changan,data/sessions/vin116.meta.json,md5+sha256,,md5:adcf5567b096fc54e4964b8393936e2c sha256:d3e04c71721cee868aabbefe3e663b0651cb1d9325d2a5caeeb964921b3acb2d,306,"own hash, no publisher reference",0.019
changan,data/sessions/vin116.parquet,md5+sha256,,md5:668b84e97d40a439ffdad4176ff18603 sha256:ce0d0f78358741311bef22e4e0d2581be56d89d5735831651340d19d6ba9bb01,223332,"own hash, no publisher reference",0.042
changan,data/sessions/vin117.meta.json,md5+sha256,,md5:e803caa2d8c2c3a2dc64fffbc5ef96fa sha256:195b135e3abb3a2bc9346e714e4934f03c8055f0c5825883e80209465ec81674,309,"own hash, no publisher reference",0.023
changan,data/sessions/vin117.parquet,md5+sha256,,md5:4e9527e96ebf78361baa3dbfdd1dd848 sha256:5a645c5051ccdf15d41debeecc0d11dbce23e22baf111907c3d6c22a49481b64,119655,"own hash, no publisher reference",0.018
changan,data/sessions/vin118.meta.json,md5+sha256,,md5:698479cf669f5094231f2826c629d2e0 sha256:cab9a30a1bb5f395a7226654b459b11693b03ad7dac59df12e77bb5950d663d5,307,"own hash, no publisher reference",0.015
changan,data/sessions/vin118.parquet,md5+sha256,,md5:5837ce271ab02683c0fb1fec2b7d2c28 sha256:86c06da557627bd9ea384f6506d555fe040d28395bbd48ca520a711d61e7fe02,92519,"own hash, no publisher reference",0.018
changan,data/sessions/vin119.meta.json,md5+sha256,,md5:2abfc1958b3b93f63c789ad05670d7fd sha256:a8fea8f83671c90599cd2311f5fd3d9458727197d017ec1f93019b533576dcac,309,"own hash, no publisher reference",0.016
changan,data/sessions/vin119.parquet,md5+sha256,,md5:ab5d3d9c8249a786ed3e8e7d1cebf945 sha256:85956c9fdcea0ce8184c251e1655608ba262d44affbf517cfa19c03b6d320df0,135469,"own hash, no publisher reference",0.013
changan,data/sessions/vin12.meta.json,md5+sha256,,md5:3cd0cd6a871ac83a9984d8f4ab212eb8 sha256:8005aa71b7a76f1605e38081d5061cf0ab109b1d8eb5b29dc17ee21415adeffe,304,"own hash, no publisher reference",0.014
changan,data/sessions/vin12.parquet,md5+sha256,,md5:17c9ac44ffeb01910f806b2206316832 sha256:2b1586cfb2be418d67e74db64bec1893b024c15f63f0e921246307095bc9cec4,144894,"own hash, no publisher reference",0.016
changan,data/sessions/vin120.meta.json,md5+sha256,,md5:5d0140f596b4276dd5ab67b13fdcaff1 sha256:7cbb8362fff5225304bb46fbb56f78e4892863a399b29bb479a9c16aef87213d,300,"own hash, no publisher reference",0.018
changan,data/sessions/vin120.parquet,md5+sha256,,md5:95d1f6408de097eec25cda3874e9f7f5 sha256:0e9da9dc12331f7793f8335ead2ae509557dc40701161f86fe34ed7c75acae97,110161,"own hash, no publisher reference",0.018
changan,data/sessions/vin121.meta.json,md5+sha256,,md5:8ee6482d7f4109048c2dcfc282c92ebc sha256:35f1bed35874f70e5ab0606cd0362c8d8d68f3c14dafbb55de132c544e12ce94,310,"own hash, no publisher reference",0.017
changan,data/sessions/vin121.parquet,md5+sha256,,md5:5ae55c7af294d6bc0dd273af4dc8139f sha256:6b4a3f29a35d8d5736a0ffceb0c68182238bb848e1b3628378c85145107dc42d,103140,"own hash, no publisher reference",0.016
changan,data/sessions/vin122.meta.json,md5+sha256,,md5:7070ba3d0fcfc59c8f7bfe382b7bba23 sha256:6a5caaa8f2a64e77f05fad25306d9e7ab38dedb34640010d8bef334d7d734eed,306,"own hash, no publisher reference",0.017
changan,data/sessions/vin122.parquet,md5+sha256,,md5:5f6a38fa0f61f5cb8b995333ae37d53a sha256:bf1014735617cc39b36da219fdf849de1f83b489dd4549c61cff8c1bef041dae,81780,"own hash, no publisher reference",0.020
changan,data/sessions/vin123.meta.json,md5+sha256,,md5:b8c3916a6dcabd27ca1a2b6ef7bdb4aa sha256:7bc642e393da22ebebfbc3a18e8feb761fef433520ec0929d2f29cff08628e90,306,"own hash, no publisher reference",0.013
changan,data/sessions/vin123.parquet,md5+sha256,,md5:06ccff67cdfb545bab97c037a87aab64 sha256:26553357268734060ceae200090a5533b47b6bd99383d9978be7931d83ac60f5,141125,"own hash, no publisher reference",0.015
changan,data/sessions/vin124.meta.json,md5+sha256,,md5:3b0ffd0bb0a9924025849fc6eef77383 sha256:ca7eed9642d0287d3c743e95924112dc4db1f88699a95a8e13430ac9547a4be7,303,"own hash, no publisher reference",0.014
changan,data/sessions/vin124.parquet,md5+sha256,,md5:932292451a11ab386b1493530ab2907b sha256:ab33d9379e1c38502b17abc5115d1c20ee3faeea6091746dcc1179afb442735d,80173,"own hash, no publisher reference",0.020
changan,data/sessions/vin125.meta.json,md5+sha256,,md5:e9cdb2adcf4fc59a20b6653f58c524ac sha256:794b7ee238f3b5599528ee3e2f85d55685b28eb6a0752665355b0511def1dedd,306,"own hash, no publisher reference",0.017
changan,data/sessions/vin125.parquet,md5+sha256,,md5:451037dbeabaeebc18e92def044cf806 sha256:8ad0c864d4ddd5c5d12e50a8929ea1be80124fb7935f12c4ab61c291c772a868,88578,"own hash, no publisher reference",0.018
changan,data/sessions/vin126.meta.json,md5+sha256,,md5:fe400497e06de258b498e6da31262fe9 sha256:962948b9cf3286d050398a240803d618629f35a58a9f831d8f928ae47666e87a,302,"own hash, no publisher reference",0.015
changan,data/sessions/vin126.parquet,md5+sha256,,md5:0b04c5ca4c17d0eb30dd7d959a6c510d sha256:f75f53531286c88edf007cd60581fe183a4e0dcdbef33e0c7f7b58ab863e6229,74631,"own hash, no publisher reference",0.018
changan,data/sessions/vin127.meta.json,md5+sha256,,md5:2b9751049e7379d2f59df9ab690d551a sha256:887eb027a998e25ff523b3d70833229e220b887fd8acc2e65f9fa299a257e45e,303,"own hash, no publisher reference",0.017
changan,data/sessions/vin127.parquet,md5+sha256,,md5:52452a37b92454510b1de8b6a04dd873 sha256:413e6468cde527d9e619defcfd6b55b803fcb1e2c210ca9bec31432a4a5467a3,47468,"own hash, no publisher reference",0.017
changan,data/sessions/vin128.meta.json,md5+sha256,,md5:7c93f5d6741cb941d7a6d4ebef5682d9 sha256:973ac1ee674b6a6a86d7e52f59f9433ff71826b65e9965a0916da7a14f6771ae,303,"own hash, no publisher reference",0.017
changan,data/sessions/vin128.parquet,md5+sha256,,md5:b7b840900b0ad882ea403a804add8356 sha256:ada58f4bbcf20713d13e698cc0d4ecb4b9e90f1c4cb3a9235dc2d0cebc98ca91,79058,"own hash, no publisher reference",0.019
changan,data/sessions/vin129.meta.json,md5+sha256,,md5:9d5603a1386dbb9eca64006300b8e125 sha256:316bc7d0aedfa4620cb5eefe2eba1ceac7e3069a4e5e2e7cda657eeeac9cea63,301,"own hash, no publisher reference",0.023
changan,data/sessions/vin129.parquet,md5+sha256,,md5:d0c6877333c28331ebfa96c6eb299172 sha256:80cd838955d3524a3308d7e33b992c041db1295e816bf1eff58f8532b90661d2,60516,"own hash, no publisher reference",0.024
changan,data/sessions/vin13.meta.json,md5+sha256,,md5:513f590d3d661ac6c7b49953874b1034 sha256:cc8e4b91be5deba4981613102075ff91c0eb56148bded0d1afd43b40e1e00ac1,308,"own hash, no publisher reference",0.018
changan,data/sessions/vin13.parquet,md5+sha256,,md5:e88c3277f809aeabafbb7c6b4481f8c8 sha256:d9d297b0b822bc2ac913a45e1a2236dc4feca66d92ecad4069c6bc983827ce6f,134564,"own hash, no publisher reference",0.013
changan,data/sessions/vin130.meta.json,md5+sha256,,md5:cb95f0682341425d695b726a6b59b6c3 sha256:25bfa7911fa137235928248396e07741c2a33a16448411c051dc618557d9c5dc,303,"own hash, no publisher reference",0.015
changan,data/sessions/vin130.parquet,md5+sha256,,md5:f50f0f5cb90c1b13a92041390603a958 sha256:b389cf283a55841500b3b7baff1ae2fc4d276d017afda98a0cabd48bd157d33e,69307,"own hash, no publisher reference",0.015
changan,data/sessions/vin131.meta.json,md5+sha256,,md5:f1efb818ac0e17933a9979fbeddcb016 sha256:4151b0415ee53d55f6888b241a076f1f81157cba4f0dd445a44eb4aab829f504,305,"own hash, no publisher reference",0.013
changan,data/sessions/vin131.parquet,md5+sha256,,md5:7fdc6ab440e4df1744ce5243300d7505 sha256:969dc3949fc4a19156ec20aba88d0c44fdf2ef2698fb69bfd8d3ed254bed4e69,59732,"own hash, no publisher reference",0.016
changan,data/sessions/vin132.meta.json,md5+sha256,,md5:7a219f87fa298ed4f7e162bae2653daa sha256:365a12e11eeb90e6c1c97ad00429afc1a703653b4e6e1a33cca7d91690c4202b,310,"own hash, no publisher reference",0.019
changan,data/sessions/vin132.parquet,md5+sha256,,md5:225ffdc487ac083b725a55203fe4cc6d sha256:95342736862893312b3d89ed4f8ede45991e92822e0684480331864ad800030e,119078,"own hash, no publisher reference",0.017
changan,data/sessions/vin133.meta.json,md5+sha256,,md5:6c7721bc42b44079661444543849bb45 sha256:d434b7eff9ca27755e78c1ce0fea4d7670a6ffde1607e1204d2ceee4ecf6ce50,305,"own hash, no publisher reference",0.017
changan,data/sessions/vin133.parquet,md5+sha256,,md5:f11fcd3d2b4a6f787cb895176a50afee sha256:2ce89be5c0d938d4f0dc5a31491e8e9324e14fead03d7e346e1d03de8a47715a,48185,"own hash, no publisher reference",0.016
changan,data/sessions/vin134.meta.json,md5+sha256,,md5:a88e2a76dd07855ee3366e685c54be26 sha256:279713ddd47a74f1a7ea576f39608451924d2b9915f2c6242f19d77df360086c,299,"own hash, no publisher reference",0.017
changan,data/sessions/vin134.parquet,md5+sha256,,md5:5b4112e46f8940e596eb37f4fe06e389 sha256:6b7a3ce9d41c322c4b8ab7bfbf427fc3be2135d44a22ade4c72d75955f371015,83410,"own hash, no publisher reference",0.021
changan,data/sessions/vin135.meta.json,md5+sha256,,md5:9880e20f4529a061d506d3a264cb32f3 sha256:8244e11f37963e1ba1aca75b6bc936ba590b338d18aa8a0a3f04140d55bee176,303,"own hash, no publisher reference",0.022
changan,data/sessions/vin135.parquet,md5+sha256,,md5:fc561bb3cd5bf23ee4e9fa75108742e1 sha256:d1b1a97027d9d713e387c2d493b1dc3fd097dc1f7c3065bd135dad3947ed5ada,25552,"own hash, no publisher reference",0.017
changan,data/sessions/vin136.meta.json,md5+sha256,,md5:48e67775ef178d178c70aaf9bd99ffac sha256:551c9b15538debd059b67cc689067f3c46cae115d9494a9a9b64329df7a147f8,306,"own hash, no publisher reference",0.014
changan,data/sessions/vin136.parquet,md5+sha256,,md5:2dfda954f79620b0a921c8294992868b sha256:432786f8296b9161495c5acc50bdab2864e72fef8e9ad6d4dd7ef0dbe4a29e61,51219,"own hash, no publisher reference",0.015
changan,data/sessions/vin137.meta.json,md5+sha256,,md5:4cb989c8508bd616f888e82528a5392d sha256:d0e41be3ad59293ee54964f2d699210af9c30089924ed60d216be2ba7c417c00,307,"own hash, no publisher reference",0.018
changan,data/sessions/vin137.parquet,md5+sha256,,md5:7b7cb88df290410926d5935090d781d3 sha256:d1cf5275187f13804b919a071d381f332265db6654f396ce2882075607fc3b48,100960,"own hash, no publisher reference",0.015
changan,data/sessions/vin138.meta.json,md5+sha256,,md5:8696a2c944da4685334cbd5f830f071a sha256:7ceaf1e37acdd74bfd797ba8a7f7db0b80cac369dc18d9f259382087003516af,307,"own hash, no publisher reference",0.012
changan,data/sessions/vin138.parquet,md5+sha256,,md5:29c1e25c880212f092273e037a489294 sha256:4ccd067dc038a9f80c4ae60305482b385e241a3fc7538ef40f0e6790f192353a,67471,"own hash, no publisher reference",0.012
changan,data/sessions/vin139.meta.json,md5+sha256,,md5:4b621e3c0b2f4538d2511670ad8c8df2 sha256:c5988cc0affe5b8b27f836ac77711559adcc8176a7b9f653162535fae0ef209d,307,"own hash, no publisher reference",0.014
changan,data/sessions/vin139.parquet,md5+sha256,,md5:067d5af9a9d0645efac4eb693155e237 sha256:f1994e4b3e5ddd801df2174a421d0f257abab73f74c64094a5d1f9f1e62c9839,111125,"own hash, no publisher reference",0.013
changan,data/sessions/vin14.meta.json,md5+sha256,,md5:8410a542df53856d02cfb7fba5a28854 sha256:03f23a28653d43503f69e52c039f83f16c495963c904a42881cee949c30c3f12,306,"own hash, no publisher reference",0.017
changan,data/sessions/vin14.parquet,md5+sha256,,md5:397a4bc3395f4e598c2dd2058ef8ccfc sha256:6a5a33c433167917fb190d2069fa2a64c6c0e2b59fc3c3641005a6691089255d,91566,"own hash, no publisher reference",0.019
changan,data/sessions/vin140.meta.json,md5+sha256,,md5:485c84d580318974e1e301a5f7abe19d sha256:1cd5b1b6d545b05455c91ad024fb8598669176999c38e12f34a42800a125a64c,308,"own hash, no publisher reference",0.018
changan,data/sessions/vin140.parquet,md5+sha256,,md5:5a68ddb7b6ba66f6ebabeb2aad1c491c sha256:b255c21638f658ca1636b19ada1ae297ca05043b695997b2f48504719b698520,128446,"own hash, no publisher reference",0.013
changan,data/sessions/vin141.meta.json,md5+sha256,,md5:e9d2a7762dfd92f30e91eb81983e9f6e sha256:2f3f54aac1750ca38e2123d4b82f8fd2a4c3575ea2306861e159f9b63e1b401c,309,"own hash, no publisher reference",0.013
changan,data/sessions/vin141.parquet,md5+sha256,,md5:65f6be29a9eec13774d0356c11498a12 sha256:7cafc574399c0a0bd4568d1d107ef4a099f1ff8f6d7403299cde290529095283,103177,"own hash, no publisher reference",0.014
changan,data/sessions/vin142.meta.json,md5+sha256,,md5:fa6b84b4af2ba03f22ab3a36a9224345 sha256:c62d2b2d8c9f4f0cf8cacb74116693a98e5b805403a8521fccee03acf6977eef,306,"own hash, no publisher reference",0.014
changan,data/sessions/vin142.parquet,md5+sha256,,md5:b33a49878c1a28bb95f36a3fcd2454c9 sha256:6ae2c4a2d36bf7e9dc3c08e594c10f56b385b9a0cc436218110184fb55c40175,105540,"own hash, no publisher reference",0.015
changan,data/sessions/vin143.meta.json,md5+sha256,,md5:88310e8590d4058ae8663a5828c728b2 sha256:acd3d91650fbf8bd74019ee889f88f98538ef050e06d04a2dd4dca5029518843,306,"own hash, no publisher reference",0.015
changan,data/sessions/vin143.parquet,md5+sha256,,md5:4c1401154d52ca35a178236f7be6a698 sha256:c106a8cadc9d7c17abb8dac101283541e5ba1b5654896799f302f0dc811c5a99,150689,"own hash, no publisher reference",0.018
changan,data/sessions/vin144.meta.json,md5+sha256,,md5:338b7c8fc6d7d9099909a4912cefc068 sha256:ee881eb81c3581215553ad7cc49c39f66b8c5e716047df9b10a29ae3d85c6d46,308,"own hash, no publisher reference",0.021
changan,data/sessions/vin144.parquet,md5+sha256,,md5:74330c09916ca7871948cce186093032 sha256:922090870eff62d3104c18bf60ab0ceadb7cb261a64b6fe37420c33d94ebb1d6,137820,"own hash, no publisher reference",0.019
changan,data/sessions/vin145.meta.json,md5+sha256,,md5:8dd8f35c537e1754ae2d18ffdd293cf1 sha256:556a4dfbd397fdd7d270f68f5f512bccf946c9f7d3e5d79bf54338b19e8626aa,304,"own hash, no publisher reference",0.016
changan,data/sessions/vin145.parquet,md5+sha256,,md5:d6acf328a7d5b4915cd91b8b877f8023 sha256:b9f8c68b3aa0f0a8ca3b7e8fb4f14f64654db94abb0db6786a3a46adbefd0f8f,89964,"own hash, no publisher reference",0.018
changan,data/sessions/vin146.meta.json,md5+sha256,,md5:d117d4d7337a212ec41ffa1413ba9a63 sha256:98d3fb26819ea85ecce58f21e7b4b0631138f9a772e7995bf264498f6aefa891,307,"own hash, no publisher reference",0.015
changan,data/sessions/vin146.parquet,md5+sha256,,md5:c71560193fb7a76ad935eb483c925334 sha256:3f965c96a7f16d383a87411076beceeab45ab2206d509dab8ec2c33dbf8cc86e,105155,"own hash, no publisher reference",0.042
changan,data/sessions/vin147.meta.json,md5+sha256,,md5:11c0ed68276713864af3e0e217858821 sha256:1f487ea0ca8262fd2157fd062a49b2f0d695044fe3abc69f864112bf6c20beba,306,"own hash, no publisher reference",0.012
changan,data/sessions/vin147.parquet,md5+sha256,,md5:9479d11e93a67aab673b42c31d40dd62 sha256:aab9c079609c23833f210cf0802c68aebc5873a78e10dddf0a9d89349736dde3,124898,"own hash, no publisher reference",0.015
changan,data/sessions/vin148.meta.json,md5+sha256,,md5:2a548b525bc7d313f30e6fb5d7211877 sha256:26281685ea05ad2e896cd6a85f7ddbe0f43fdf9ecd8606e618510cece010e78b,307,"own hash, no publisher reference",0.019
changan,data/sessions/vin148.parquet,md5+sha256,,md5:1a135f0adef681212dddd5b4e0b1c9c1 sha256:4780293f6faab6bcf5e8368fd1a2aec3323c6f80201eb4c1f4e3dd2fa3a09eb9,109665,"own hash, no publisher reference",0.023
changan,data/sessions/vin149.meta.json,md5+sha256,,md5:7cceff468605a1b65c9fb005b00f35b0 sha256:57d9df18ae3d358ccb5295cc889ff3be3fe053324c152e20e808019521353791,306,"own hash, no publisher reference",0.017
changan,data/sessions/vin149.parquet,md5+sha256,,md5:97b6b4c71a5406026241b13ee4f31d6f sha256:12004965419a50e44ef2e036c04c754acb7fcbd01af5f768717a0b8ad4b0594c,112413,"own hash, no publisher reference",0.017
changan,data/sessions/vin15.meta.json,md5+sha256,,md5:dc477a685c64130765d0ff34f0e0ebd4 sha256:d617833d174ded4a4e9adaef031a8d881185432c4d81f0a57160c976ce07bce5,294,"own hash, no publisher reference",0.016
changan,data/sessions/vin15.parquet,md5+sha256,,md5:c05ea827dfb9b7b8856421044460e565 sha256:e3377abc5f2ea1313b87982695a1ff21a0cbf56a839b6836b89aeec83eb010d0,95893,"own hash, no publisher reference",0.019
changan,data/sessions/vin150.meta.json,md5+sha256,,md5:fce1e8df40fc8f9790ea490784963fbb sha256:ac62bcbed8885eece2bbaa7550e33775a206db7e687500833c8a4386e3aa5eb1,296,"own hash, no publisher reference",0.016
changan,data/sessions/vin150.parquet,md5+sha256,,md5:596c73bbe3b7928d0dc65e1ff24db8ff sha256:679d6b51d44b6ea3279b82b9320f89c133b13745492ac09385a59a28fbf5c999,75867,"own hash, no publisher reference",0.015
changan,data/sessions/vin151.meta.json,md5+sha256,,md5:32fe9280b7c579eb25319c07db213a0e sha256:d28f281a57a2aaf228c423d7bae78dbe2a49f3abbb7afc14d80542f8e2993d30,298,"own hash, no publisher reference",0.015
changan,data/sessions/vin151.parquet,md5+sha256,,md5:7f6c45a2780b7b77f9db39d67022db41 sha256:86e51e035a3896d08ff205f7fe0b4a40b231c5bb429a81f8b56449d4aab56aab,73004,"own hash, no publisher reference",0.017
changan,data/sessions/vin152.meta.json,md5+sha256,,md5:46ec5463c69b47ca8017fdbdbe41bc91 sha256:cce709a31716d75ad22b8c90c32817d9dd1650820eb6206f4d3ec84108943f1b,303,"own hash, no publisher reference",0.013
changan,data/sessions/vin152.parquet,md5+sha256,,md5:9dedcd505ef9e5d6fe13407740bc48b9 sha256:cb7834897b7ad82f04def712edf3c1a3152e16176da97454cec47dc1015b9240,89107,"own hash, no publisher reference",0.014
changan,data/sessions/vin153.meta.json,md5+sha256,,md5:7157cadcabc3f3a326d52ab98ac640d9 sha256:07109d2773111bb1e7fa1133722d472c0378990fc32c2e6e02b523afeb1c8de8,302,"own hash, no publisher reference",0.019
changan,data/sessions/vin153.parquet,md5+sha256,,md5:987aa2de60290b8401c9ab5063b96b8e sha256:032e7609028eb889c434865d9f435822480eeadfb469c9dd5f1cab82fb876950,78408,"own hash, no publisher reference",0.018
changan,data/sessions/vin154.meta.json,md5+sha256,,md5:4b477c6f822a3c7cc7de249a9a386eb6 sha256:5333d2d56fd689dcc578613b78466a1799491247463abe209554c40f95e9ac1d,304,"own hash, no publisher reference",0.017
changan,data/sessions/vin154.parquet,md5+sha256,,md5:f63a45d4157891f4334c7e1682594a44 sha256:f9e686b1cb1bb2f353362af0e3c11d6c5a29abec683ea85279af5d0149a29bec,57438,"own hash, no publisher reference",0.039
changan,data/sessions/vin155.meta.json,md5+sha256,,md5:493245f9b7276866f6d55eaf5ab181b0 sha256:575a4729e99c4c1fe55f0e7f48e0d91d82319bbb94afba6d70c7206417e3f449,303,"own hash, no publisher reference",0.018
changan,data/sessions/vin155.parquet,md5+sha256,,md5:fd5a431c11d20d93ff166e0e34f35a44 sha256:fd51f0cecaabd67a2ae9fbdfc108c0fc8c41868093e4eb16059baa61fb607f99,104037,"own hash, no publisher reference",0.014
changan,data/sessions/vin156.meta.json,md5+sha256,,md5:58bab4edf01fbdeb886573bf23203b63 sha256:5c6480324c773274f6a44f753785871726e647d4b8758bcfb8b0fb91dc079dfd,304,"own hash, no publisher reference",0.007
changan,data/sessions/vin156.parquet,md5+sha256,,md5:fc3d6645565b86dc00400c36ef994120 sha256:e573edbc18e8e810e397e078844f2619eca8f3710130859c808ccedddf9a7aef,147741,"own hash, no publisher reference",0.017
changan,data/sessions/vin157.meta.json,md5+sha256,,md5:05b7891923bb05bcf1e5a3f3259806ff sha256:8676ba2da5cff988960930f3d93d853e101a6af822cc5def07b11d4464f3655a,308,"own hash, no publisher reference",0.005
changan,data/sessions/vin157.parquet,md5+sha256,,md5:332363951cb6d8d602cd9defd5f3c6b6 sha256:74acbd715c61d18090ebcd9260d8a7a4299ca30dfb988d30c69d2c0f872ce16d,108231,"own hash, no publisher reference",0.006
changan,data/sessions/vin158.meta.json,md5+sha256,,md5:0e407dced23dbedc330734f9cb36eb7d sha256:a253a2a1551761a9576b2e63f76077481602b08809b1fe2e7e637fff3c3ffce9,311,"own hash, no publisher reference",0.007
changan,data/sessions/vin158.parquet,md5+sha256,,md5:3ba17a8f48fb1bf8ca0179618c66beaf sha256:d9acfc6d1a0e51459f91a9e6088461ebe287d60fba60db6e9c3771a0a4c9a65a,116437,"own hash, no publisher reference",0.005
changan,data/sessions/vin159.meta.json,md5+sha256,,md5:96ed8088c4e1ac99b0a016394d5228fb sha256:8faa47b770835bec9cb178eba9accf123ca5ba5ab9dc5b705d81e58627ad770e,308,"own hash, no publisher reference",0.005
changan,data/sessions/vin159.parquet,md5+sha256,,md5:e388ac024565331583969bd72f1fc339 sha256:d4beca1ab9c61b27865b7dbe63068649917c99468d049222c0fb51bfb0dbf9d6,96595,"own hash, no publisher reference",0.013
changan,data/sessions/vin16.meta.json,md5+sha256,,md5:bb26b9b5225214e673f1d181d26032e6 sha256:668fbbc35adc45282b11bdad4abc559ba8a0fcc64cdda328ad367d398eba6bf5,306,"own hash, no publisher reference",0.015
changan,data/sessions/vin16.parquet,md5+sha256,,md5:881de5a16a7665f7075d8abfa69f1dd0 sha256:0f1d2195ffbee7cc434512037921acf4e35f04a9e76eb72f0922dd422dd2885d,102121,"own hash, no publisher reference",0.053
changan,data/sessions/vin160.meta.json,md5+sha256,,md5:b2e32ec7d53c330545d7e40d569e7785 sha256:4e0dd1c9764edd5366c973e1050cae07632f749c17f557ae2cedbe225e9aab36,303,"own hash, no publisher reference",0.021
changan,data/sessions/vin160.parquet,md5+sha256,,md5:8b3d0b4960724082dbbdb34ae6269004 sha256:92f44b9a42feb318d027065349d9529c85b66fcdf3a33f5f85d2679506fafcd3,60111,"own hash, no publisher reference",0.017
changan,data/sessions/vin161.meta.json,md5+sha256,,md5:27c3b110bb3ea52fda4861a496882192 sha256:b404c7770a55fc36e22caf2fffd3c0fe827fd33f826e208fc763339bdb66720a,307,"own hash, no publisher reference",0.016
changan,data/sessions/vin161.parquet,md5+sha256,,md5:1750e49ec48f98e0ea65408da0f4b490 sha256:f21f22de0c131ca2f9cb1c51c309b806534e34b0537b28361651925499cf8072,78794,"own hash, no publisher reference",0.013
changan,data/sessions/vin162.meta.json,md5+sha256,,md5:ded1f12e94534c292666edd7fd1b4584 sha256:f6c7f51bf337341a76684eb2da5a928d9d6c0e3fa4b280b9f8ec95aec2c94328,304,"own hash, no publisher reference",0.018
changan,data/sessions/vin162.parquet,md5+sha256,,md5:3299679e11e3a1698611630165ba2ab1 sha256:8474f7514fca9d12eec09563f4b34c132344e398c128c25c30996c0033974511,54285,"own hash, no publisher reference",0.021
changan,data/sessions/vin163.meta.json,md5+sha256,,md5:70950659d689a15b684c12d74958aa8b sha256:c18131c82156af853bd4d721f63f9a2f0eae2a931c5a3238d983183c7df1eed0,306,"own hash, no publisher reference",0.034
changan,data/sessions/vin163.parquet,md5+sha256,,md5:4118d6c8750c25c32654ad2021166118 sha256:34f0ac009793b6d2df2ae130ab971cb52c38222f2180fc9394d862007ba19310,57728,"own hash, no publisher reference",0.017
changan,data/sessions/vin164.meta.json,md5+sha256,,md5:f2b3c404471f14f95bd3dfa6c6f604ed sha256:318571c75af031ede5a363f6c60f88a268c4f048edb980ae80bbfd27b1328878,309,"own hash, no publisher reference",0.016
changan,data/sessions/vin164.parquet,md5+sha256,,md5:509c429b9d32f8085091d967f2559c87 sha256:199f890140dec005fe9f3ca8e65897f279c1cb762fa8f3804ebada011f3f9614,170408,"own hash, no publisher reference",0.017
changan,data/sessions/vin165.meta.json,md5+sha256,,md5:e8ca8338674c004107e5e171b5ba3af7 sha256:948549760df9c70745ca70ed32d50ea89eabffec8ae535edc3d55a587feccec4,307,"own hash, no publisher reference",0.017
changan,data/sessions/vin165.parquet,md5+sha256,,md5:d1ca26f45c88fa3772b066ef57a6569a sha256:6bc3888c94d148cb2aa438a61ce66dbace69f9c9d74ef70e6241a45dca8344c6,126913,"own hash, no publisher reference",0.047
changan,data/sessions/vin166.meta.json,md5+sha256,,md5:a5761f43406c4213f5acea82063c0069 sha256:959fe232862a9df961d4cb389e5c5b3396de0ad313864728ed4a9192c40ec7e5,308,"own hash, no publisher reference",0.015
changan,data/sessions/vin166.parquet,md5+sha256,,md5:fbbefb76a10f6d28269e14ff7d1714d7 sha256:5754cce503ab11aef8fb28bddcb8d5feb8bf6bc3e8a190ae74d4664f60dfc0a0,106719,"own hash, no publisher reference",0.017
changan,data/sessions/vin167.meta.json,md5+sha256,,md5:a8036bb588ac8609bb753effcc7e3471 sha256:78a4df32466b7927a1161f34129c59a3c4baeb84f8e1568c44a14d02ef97d6a3,307,"own hash, no publisher reference",0.016
changan,data/sessions/vin167.parquet,md5+sha256,,md5:95c3633bd91a2e8c0aeeb57c62684cae sha256:7c647e3e8e93a2c5075e3c0a6969086b8f24f5499ee9cb543b48ef2795d0bc6d,98768,"own hash, no publisher reference",0.018
changan,data/sessions/vin168.meta.json,md5+sha256,,md5:64ff48fd1a0d86734cc764b545365c47 sha256:cab33669355514e3404fc482e92f9a15de9c51d9b63d6596c567f9ad2193ad8b,306,"own hash, no publisher reference",0.019
changan,data/sessions/vin168.parquet,md5+sha256,,md5:8f20434cc4ee3afd74ba9c586e0307e5 sha256:06c7d005aa84a03988f68852fd982e8d567a11ee5037b2c1d2d6712801c848f7,159536,"own hash, no publisher reference",0.021
changan,data/sessions/vin169.meta.json,md5+sha256,,md5:ced65058f63343734588d1d995267abb sha256:f3770eb85b93cf3b97cf82bd5ebf17355d35a5ee20d2ff6cb1efca01e2f2bd7d,304,"own hash, no publisher reference",0.015
changan,data/sessions/vin169.parquet,md5+sha256,,md5:ce16ceb6ce74c21e65c283234f202cb1 sha256:0f66e24f6da6d6abcc710994e226fa2decce7b7615565b6fd86718d064055dcb,81723,"own hash, no publisher reference",0.018
changan,data/sessions/vin17.meta.json,md5+sha256,,md5:4c8164c1540fcf4a864a05c88683b897 sha256:5e44192f7d94caf07e7b09493be14f8573fed723d7e3bf9be7a7abb6bc590b3c,302,"own hash, no publisher reference",0.021
changan,data/sessions/vin17.parquet,md5+sha256,,md5:c3a7f05328b960f5f2b4656594f14acb sha256:a1fc8904ac8f9209a3e2fb8a49e284458c943c819f9b3461a89896b207ba7837,65702,"own hash, no publisher reference",0.016
changan,data/sessions/vin170.meta.json,md5+sha256,,md5:e3941e0042d33e4de34e92afd3342f6c sha256:e67893fe6f86b4a56064c342bf8aab015c786ac81d539979152160be941d419b,305,"own hash, no publisher reference",0.013
changan,data/sessions/vin170.parquet,md5+sha256,,md5:9773a8067a927a9ac8bb6ffdcc761f34 sha256:e1ca6a25df1ce8fbcf1ebdcdb86e56cd8a7626fdf000447e25620bb54390773d,72446,"own hash, no publisher reference",0.019
changan,data/sessions/vin171.meta.json,md5+sha256,,md5:1ae6808ebe8f6961963fa5974f73cf5b sha256:181fdee96a6a2e9d7b85241562cc071930f1a1eae0d57ef0bc47d22d98db4426,305,"own hash, no publisher reference",0.016
changan,data/sessions/vin171.parquet,md5+sha256,,md5:4a801508cfab1e16e5521b6d2714e82d sha256:a8053354fd4458bfa5001a2535d896e2ae7c7f678a9299776940feb374a06b08,82103,"own hash, no publisher reference",0.016
changan,data/sessions/vin172.meta.json,md5+sha256,,md5:a153fadb2e0f30674fc46c2ad5327b5d sha256:d85285b7ce50f606dd7192f862e4889fedcaa59150174cab45db9061c6d3f0fd,307,"own hash, no publisher reference",0.018
changan,data/sessions/vin172.parquet,md5+sha256,,md5:32f239ffb542c249b06cf8744ece5c04 sha256:51ca54f8ee3ec77f17e1cc6dfd55059ae134d88a9ba0d60956879f70a294e740,74846,"own hash, no publisher reference",0.050
changan,data/sessions/vin173.meta.json,md5+sha256,,md5:cba953b6a991105030198272a27036fa sha256:f9f61e6b4e898f72b3efa3ff316632cdfd089928257c659b89bbbeb59424d215,305,"own hash, no publisher reference",0.016
changan,data/sessions/vin173.parquet,md5+sha256,,md5:f387d41cddf373c3c4263cb30a4dc811 sha256:e5d4c7231639cbb62c5b2bf83521038bfaa9c4c297a09133ed72fde1d8131ced,110569,"own hash, no publisher reference",0.015
changan,data/sessions/vin174.meta.json,md5+sha256,,md5:719a14e550516830a4bdab0f905e9e70 sha256:46918d5d89805ea5a61df279700836e99d089eb4787b521c34e1b2b0996deecc,305,"own hash, no publisher reference",0.014
changan,data/sessions/vin174.parquet,md5+sha256,,md5:10a3754c94d93924719d392dc2ddbfeb sha256:22ba87017a92e9404b4b7987974934b7491bdb8a692738f2bff747f0f0b47d01,77874,"own hash, no publisher reference",0.066
changan,data/sessions/vin175.meta.json,md5+sha256,,md5:8d99acdc30dcd76c97a156089f72ac2d sha256:429624da9e4fc73ab2da76d5fc7c3ef6ec751362bba40de388add8610bfa7001,305,"own hash, no publisher reference",0.018
changan,data/sessions/vin175.parquet,md5+sha256,,md5:838eb77ad4966e470d8d82b3008d16a6 sha256:0e250246c59ebabb268b5cb450716387ae6d64999b197728c8137dd2a25218ac,71046,"own hash, no publisher reference",0.019
changan,data/sessions/vin176.meta.json,md5+sha256,,md5:f5e45310b291c8f5c56b2d777e43ee07 sha256:714cf6a98c544797ac76facaf7858656a46d525703f11a0fb6d7ab9cf12b84a9,304,"own hash, no publisher reference",0.013
changan,data/sessions/vin176.parquet,md5+sha256,,md5:8c7c96ce01b440aec7783dd9f634ac47 sha256:d27a38b4985bedf871031b229ae0afde2d989f9da4a9dea09f73f13498402930,84973,"own hash, no publisher reference",0.018
changan,data/sessions/vin177.meta.json,md5+sha256,,md5:4fef47eda56a10a5926cfdc96f01242d sha256:53829cf71bd73e6f953691eaecb5a6ccdd5f76ecaf3de320c8755d0052b6af66,303,"own hash, no publisher reference",0.025
changan,data/sessions/vin177.parquet,md5+sha256,,md5:7894275b299dee8110b435be3f721314 sha256:4f258e1acefaf38fb673f7ce22866c042cbe9b6a9f79b852e6c59f744e62258b,75903,"own hash, no publisher reference",0.016
changan,data/sessions/vin178.meta.json,md5+sha256,,md5:1462016f228e18ef41e25398d4ec570d sha256:8aa5a8cf135a2e2267842e448a0a2ded24f7c44b460e6674c8338cc3bbd8459e,302,"own hash, no publisher reference",0.018
changan,data/sessions/vin178.parquet,md5+sha256,,md5:e2aab795e6386daa76903d8dc8711aee sha256:102b0883c8bea2d6a6992f1133b174895e657b16cc6269956be630cb82ff44a6,42757,"own hash, no publisher reference",0.017
changan,data/sessions/vin179.meta.json,md5+sha256,,md5:b7029a4d964d6ed80ccea7f4b5356a5f sha256:2b47d52027da9fbe15d24863c1abf9fc00ce869376dbc93a81e2a1a76afdd99c,305,"own hash, no publisher reference",0.019
changan,data/sessions/vin179.parquet,md5+sha256,,md5:879d42b64c5edabd093fd19c539c9e96 sha256:649ae730ac81f7f33133666c982a2a91cf8a5778971441cf6d02ce209d2d8933,69641,"own hash, no publisher reference",0.020
changan,data/sessions/vin18.meta.json,md5+sha256,,md5:72ecca0fdd2b5f1c7b94922ceb9f032c sha256:98a41eef8452c2b150e6f583f440e255ac908cc8c60a58e6ad83f5686936a9b9,301,"own hash, no publisher reference",0.013
changan,data/sessions/vin18.parquet,md5+sha256,,md5:9943e60af9d2d06454e6b6369a730e6b sha256:817a17bba43ca99c50c9a1aafa8bc1f756a1b479e64baf5e76511a23968bb1a1,61337,"own hash, no publisher reference",0.018
changan,data/sessions/vin180.meta.json,md5+sha256,,md5:2bb4cd4978ac5a52c971ff34eb9ca389 sha256:95c7de0ec72e58f8b85a04100a88f6aa96611b88c8b9da394cc43ee0c02b8d8d,310,"own hash, no publisher reference",0.019
changan,data/sessions/vin180.parquet,md5+sha256,,md5:14fd1ff7d6e1f38d518e0922588ed85c sha256:faf753fb8e282dcdec5bffd05335d4db854fa182dd19aea5c45021bb3970aa85,110647,"own hash, no publisher reference",0.017
changan,data/sessions/vin181.meta.json,md5+sha256,,md5:1666c73f5479f555f5f97ebc7e247b3a sha256:08cb6a9468250168634999c92aab3e49b6a2871f36b7263c808e4714ac2c16f9,305,"own hash, no publisher reference",0.017
changan,data/sessions/vin181.parquet,md5+sha256,,md5:05b51c9ce9a89d873379ec555e2ba53e sha256:0018cc109c04dc3a2bb09c835f8754079e6d7fdb81c61e15c822663fd6012e56,27148,"own hash, no publisher reference",0.014
changan,data/sessions/vin182.meta.json,md5+sha256,,md5:4ba06ee30e2d876e13ab8a152a48c8a2 sha256:504b62f25d8acc2caf2cfcb32b4c65ebfcb4d113d6db4c8eb0a1fdee5e34f511,308,"own hash, no publisher reference",0.021
changan,data/sessions/vin182.parquet,md5+sha256,,md5:320bd1633b1a62df6389308c6610617b sha256:7abcb1d7b4875f9e493a95ffefa25727e945fb2ef258ef297aac2db9a084075d,93539,"own hash, no publisher reference",0.058
changan,data/sessions/vin183.meta.json,md5+sha256,,md5:8f77fdac1c12d5e2feefdb8f3661a763 sha256:5a9d6c563e5f1483730b913a70ebcbb002d9af44ec774cf612e2a22724597739,307,"own hash, no publisher reference",0.015
changan,data/sessions/vin183.parquet,md5+sha256,,md5:473fd837b050ff188b1aaf2fd63f7b36 sha256:af6145b5e379f9824b96cbce695dfb68dd58424811aa08137cda03a4340a7aa5,56078,"own hash, no publisher reference",0.019
changan,data/sessions/vin184.meta.json,md5+sha256,,md5:e40a90eb74dd92670618c5b1bc3942c8 sha256:bf7c1ee6c18c46bb9667468281bd894b115d7879f78fb8b416b496fc4297cb13,308,"own hash, no publisher reference",0.030
changan,data/sessions/vin184.parquet,md5+sha256,,md5:d52ad8a2880e2cca341ad0c3aebf1bf4 sha256:c5551965124137490b3aebf5ca7be1c81cafc33b3a332000bed96728b4530c46,111208,"own hash, no publisher reference",0.028
changan,data/sessions/vin185.meta.json,md5+sha256,,md5:a602f9797313057a54092193daf6eeec sha256:8c10f4bf2fb3e23742af462fe0a98bed58ce1329b778fc76b88805a67283be53,306,"own hash, no publisher reference",0.015
changan,data/sessions/vin185.parquet,md5+sha256,,md5:dd7ca8585cf89dd5dfe3ae0aaa7393c7 sha256:9958e5c2275506e4f5d83c706dfca124148fc1a843921edd84f32d9c9d08d682,76375,"own hash, no publisher reference",0.014
changan,data/sessions/vin186.meta.json,md5+sha256,,md5:c26c516c611b8ffe43afb7758cde9552 sha256:32e2a40b21a047082d93eda44e7f473fd826363eec8be015f5f4ae8bb3300d5f,307,"own hash, no publisher reference",0.019
changan,data/sessions/vin186.parquet,md5+sha256,,md5:f204b9d47dae811ab561e3eb50e9a0ee sha256:e8e548c597f010e470c85f2f7eac0a9c32377d87e3b18c402dc80d33f4199eef,63855,"own hash, no publisher reference",0.033
changan,data/sessions/vin187.meta.json,md5+sha256,,md5:0b9e8ddfc9fe61f2f72b8ca1f28e82d3 sha256:36ee48ba4376a7aaf208313ac8b36018dfba49f35bd2a505af2cc2039f12e24a,306,"own hash, no publisher reference",0.018
changan,data/sessions/vin187.parquet,md5+sha256,,md5:357d8438ad04d2d8f7d846af09b1eac6 sha256:c52fbb2b941c04b49e439c016fe2cd5cce73456efbcf11ac966522d124724773,149242,"own hash, no publisher reference",0.020
changan,data/sessions/vin188.meta.json,md5+sha256,,md5:32c4580f0992746d07cff0c3aaed1add sha256:17b8e7946b003a025aa6a202167cb96638180a90a69ce68515a11cc78f5925af,305,"own hash, no publisher reference",0.014
changan,data/sessions/vin188.parquet,md5+sha256,,md5:d7c3cb36ed787b29db9df91bb4dc9e26 sha256:43b0755e8f68ec4f433f68e9cce00725692120f6ad9b988e833d479e1dbfdf17,127033,"own hash, no publisher reference",0.042
changan,data/sessions/vin189.meta.json,md5+sha256,,md5:f3d808271e9901219903f1b620254a1c sha256:c8af9af6bbd615b6e134ec99b86ec861aedf8ac4cc8ca4f4520ff12c55ebe43a,307,"own hash, no publisher reference",0.017
changan,data/sessions/vin189.parquet,md5+sha256,,md5:a5bbf88a3415cdb334d44aded73eaeed sha256:4ab32c1e5037d40112e617c8e7b591bae88d09b1fc01c0ad3f933991490ae792,134259,"own hash, no publisher reference",0.019
changan,data/sessions/vin19.meta.json,md5+sha256,,md5:b8af866064b116369b05c121a2f9d27f sha256:1294619241bdc34435e4d1bff28e21c04837729aceb9b6f40a4259d5c8c9819b,302,"own hash, no publisher reference",0.015
changan,data/sessions/vin19.parquet,md5+sha256,,md5:28edb68b8d104d8b46d84c2b527b7a22 sha256:779ba7655ec27cb53314cb9c6f6dda1c8ce43f02a2d84f942511a50a9f2bacc9,72413,"own hash, no publisher reference",0.030
changan,data/sessions/vin190.meta.json,md5+sha256,,md5:8e8c377148705252bd3fcd0330da623d sha256:abd8f0639c057dbed91d6e573c418473eb9be9e5014bdc098b5fddf697d3f7f3,306,"own hash, no publisher reference",0.027
changan,data/sessions/vin190.parquet,md5+sha256,,md5:85eb4347532336d0c21294505cc38469 sha256:7d6916fa92d8753d523fde2063c1c14d3cb232b82763d909e7e272934bdc0220,122663,"own hash, no publisher reference",0.013
changan,data/sessions/vin191.meta.json,md5+sha256,,md5:cb58b12a6b21c5b1ae0241e494ef79ae sha256:80fb08c520adcec33a5979f001297e99fa7399a0950d5cad6e9b08516d690d7e,308,"own hash, no publisher reference",0.013
changan,data/sessions/vin191.parquet,md5+sha256,,md5:f81a77f49d8c8d37a245fe1d0c33715e sha256:c4d613b223ca292449ddd1fa1c7bfeb14350687807548ee0669f7097522ab92b,136665,"own hash, no publisher reference",0.016
changan,data/sessions/vin192.meta.json,md5+sha256,,md5:63c0c1f833e88d76ecba944ec308aeb3 sha256:37f683822a048aaaacb114b54288b35bacadd5b2136ee5e6c5833b3e96c090c7,301,"own hash, no publisher reference",0.018
changan,data/sessions/vin192.parquet,md5+sha256,,md5:73c147bf9a82322743b4ef7e38386a88 sha256:408beb7b3fea84d236a7d8a0b34296b30ebccd9134448527f1af6390c2a9a005,142839,"own hash, no publisher reference",0.017
changan,data/sessions/vin193.meta.json,md5+sha256,,md5:40cb4dbbee38bf84f1a00ea4d82b1e92 sha256:286f0cc77ebf42b045812a9a95dd84a35852b65b1f1a75540d166021b3275ec9,305,"own hash, no publisher reference",0.016
changan,data/sessions/vin193.parquet,md5+sha256,,md5:54be27191e8f24aed06b226ef2093d1b sha256:6b13e38e900e0ee7735e60c6be5bdb64f590b27f81225af7cc35ac981014d02f,148665,"own hash, no publisher reference",0.017
changan,data/sessions/vin194.meta.json,md5+sha256,,md5:88b4976560402cb7cc114e956b48ced5 sha256:2d130d83f6f4cde833925aa25ddd37d309b92304002cbc7b53bf01033e5ceb20,308,"own hash, no publisher reference",0.016
changan,data/sessions/vin194.parquet,md5+sha256,,md5:491bac915c0fceeeed2c3e0f4d74de84 sha256:3b5944992069ece0308655c812233cdb0f694d0e42367ad52dc5ae679f045381,106048,"own hash, no publisher reference",0.016
changan,data/sessions/vin195.meta.json,md5+sha256,,md5:b646ce7d7a132287bd09fb8c3249b5a2 sha256:947de2754ac86d70986f2d48c8adfef199309e37b6160f1f90a6880f561f4388,306,"own hash, no publisher reference",0.016
changan,data/sessions/vin195.parquet,md5+sha256,,md5:1431cc2570d06c3d3953cc1f17aa55b9 sha256:a6a8a099594b2c8d369c6a0aabce9e501088e4352239d87bee767e247cd8eab9,152403,"own hash, no publisher reference",0.029
changan,data/sessions/vin196.meta.json,md5+sha256,,md5:5ed4b5a0b67186d7759a617d370d0929 sha256:4d38d0cd95110191398aa93653bb869ae25826a22c953f806b98baaac84e0e9f,303,"own hash, no publisher reference",0.015
changan,data/sessions/vin196.parquet,md5+sha256,,md5:393ba81d8dfe18467e8f31d5e76c94dc sha256:95685e0041636d85e663f3db37d1a141bc38c7672a99e22392f5e40fa44e3447,104242,"own hash, no publisher reference",0.015
changan,data/sessions/vin197.meta.json,md5+sha256,,md5:05464d8fe764074e8b47aa5a0e8e3893 sha256:d6d9de38a289713a6a9d08e2da99e026b20d39b5983046be07bd37555dc31312,307,"own hash, no publisher reference",0.015
changan,data/sessions/vin197.parquet,md5+sha256,,md5:27acf6957458e3fe04cc43ea1c4c1628 sha256:9a1a35647ea0515d20d0ed9ce9d4bcf280809cb1367e6e06113b395814a73575,138253,"own hash, no publisher reference",0.015
changan,data/sessions/vin198.meta.json,md5+sha256,,md5:29b68c638e764ed4ad085348fa9650a2 sha256:470ad3458beac7150a38bbe7d3e00282f36c713b2441c7fc983dc4fffe6d98a3,305,"own hash, no publisher reference",0.021
changan,data/sessions/vin198.parquet,md5+sha256,,md5:ca6a8450ebb5dc1841243b3c0a1248b5 sha256:5607ffcd95d05f0cc14012a4a35f9ec8699b36fe16ba1a5e1b9690cbd9a98c3d,64268,"own hash, no publisher reference",0.016
changan,data/sessions/vin199.meta.json,md5+sha256,,md5:1281f35d682207af0569f04e46c838e6 sha256:65de9f7d4ddaddedfdd51a447868b1dfa2721fc2a46f968eb128391fb8ceeefa,306,"own hash, no publisher reference",0.015
changan,data/sessions/vin199.parquet,md5+sha256,,md5:3fd7bd35d93bfb4a04aab0c6912889dd sha256:f1d02b7deb7535eb8c8015cde52dcc037ecd36eda521b333ccd95e84e6c07bde,116775,"own hash, no publisher reference",0.016
changan,data/sessions/vin2.meta.json,md5+sha256,,md5:9f3689dcade702689b948d1a848faa51 sha256:b9b8a9f5cf8570be652ad829197342738dcf2dfad5d1f54512d5a6b6f1721a77,302,"own hash, no publisher reference",0.017
changan,data/sessions/vin2.parquet,md5+sha256,,md5:ee61f48392bd6375bc4fe4d4aa405318 sha256:12c64a2e22897453cf6e2f736f3ae25d3970aadbe9e5b0a6e77a92633eb3f88b,30997,"own hash, no publisher reference",0.015
changan,data/sessions/vin20.meta.json,md5+sha256,,md5:15df16b26a360f54435c622eaebcd75d sha256:b98b2f756796f18f879c3d269e7a6196ed585fdf14e91300eb918f8927ce33ec,303,"own hash, no publisher reference",0.015
changan,data/sessions/vin20.parquet,md5+sha256,,md5:6fb9d18c289521cb4ce420b1f536fe1d sha256:e068d19e2ee7f9ea9d33380dca2430a6b532dc243c49d36bcdc85838c4425e7e,74263,"own hash, no publisher reference",0.016
changan,data/sessions/vin200.meta.json,md5+sha256,,md5:cf978c5261e231ef0aec78b5c3208025 sha256:4ef02525fdc1a820d2117135bb32d6c0810186ac725c12c069daa3ef69153d56,308,"own hash, no publisher reference",0.013
changan,data/sessions/vin200.parquet,md5+sha256,,md5:71f7f5286795c5568a5a18abd17ba79a sha256:220624bf4180719bff0f8ae7d587e875dc73d65fa98899ce9a8ce82dbd7110d9,107067,"own hash, no publisher reference",0.022
changan,data/sessions/vin201.meta.json,md5+sha256,,md5:4642b54cc122e9a907cab80478ea8a57 sha256:d147aa94625a8e2fa566f6fd36e16f3685380e41a8a429e2b336fab7961dbd7a,307,"own hash, no publisher reference",0.020
changan,data/sessions/vin201.parquet,md5+sha256,,md5:ec78218e1ed3695ecab437a33752ff1f sha256:6824dede6cca12260077f8f25f9a72aee8e6bbdfab25637f67462c2e52f71494,99158,"own hash, no publisher reference",0.021
changan,data/sessions/vin202.meta.json,md5+sha256,,md5:59ae188e4f673501b3d7e586efb09474 sha256:966f432902c034b645dfbb2188e94ded2cd37ffc04fdf9dec0bb0def0d4676d8,305,"own hash, no publisher reference",0.027
changan,data/sessions/vin202.parquet,md5+sha256,,md5:b9154e8052cbbc1247787b39251f5779 sha256:10c0db788984be7e340b426f06394a3f3e211ace7f9361c940d9e69cb98e2772,140417,"own hash, no publisher reference",0.094
changan,data/sessions/vin203.meta.json,md5+sha256,,md5:5e23d9a45a889e0ef900e2859bd9a009 sha256:a8e9bdc0f6ee6fe3046601b764cd3a97eccf9ea530dff638fecf8651f8fceb4c,303,"own hash, no publisher reference",0.020
changan,data/sessions/vin203.parquet,md5+sha256,,md5:cbf772e1256bd0b152bb1fb3ca24808f sha256:1e5c916cc27b9d393e0b1ff5f35b0abc18675eb32405f16a98eb91b4c468fc03,74197,"own hash, no publisher reference",0.021
changan,data/sessions/vin204.meta.json,md5+sha256,,md5:615491c14ced5b1c06de150f53281729 sha256:c4bae6a8dc34aad27d1d9b0e392c816cdcd3f05ce0b3cbc4dc0a101cbf548479,304,"own hash, no publisher reference",0.015
changan,data/sessions/vin204.parquet,md5+sha256,,md5:70c7b28a9fd07d92236c07d6ff8c9544 sha256:c1dd760d8b446841583de689d32534ad72fe2d64a110a1fbf936cefefd4a474f,80040,"own hash, no publisher reference",0.021
changan,data/sessions/vin205.meta.json,md5+sha256,,md5:11cb287898cf8e0a5212430abdaa2d82 sha256:4a4329e5bc5e777abe974f490172604097ee81d57ae586526e027b839463ae1d,305,"own hash, no publisher reference",0.015
changan,data/sessions/vin205.parquet,md5+sha256,,md5:d29c4ef6cd382009b0ad4f1b2d1d1a0f sha256:c100ee3eece7b9f10c7967fd0c34c39422f24f12d689ef93d5d51f8e76d5d523,89294,"own hash, no publisher reference",0.014
changan,data/sessions/vin206.meta.json,md5+sha256,,md5:bd525987baef23bbe8fe332df17d63f6 sha256:57fcd841fcd83b0405be846c6c4d54b067000aaa54e493709f04031496cbbfc3,304,"own hash, no publisher reference",0.014
changan,data/sessions/vin206.parquet,md5+sha256,,md5:dd4dd04deec542df9c276479519ec777 sha256:18e9b480f23d9c2ec0c7a2a0e4af8146aa7c8b45a1f7e488b4d3c113bcc8510e,60828,"own hash, no publisher reference",0.018
changan,data/sessions/vin207.meta.json,md5+sha256,,md5:b7677e1a782d8bdfb3751050f7bc6b4f sha256:3878f92c504f9eb3210fa64d07d5891501c0fba1ae83fe04aa5790839785e447,305,"own hash, no publisher reference",0.016
changan,data/sessions/vin207.parquet,md5+sha256,,md5:c8141e36f1d5f0af23292b9c005018f6 sha256:1ae206205f02b5a7d3ba6b65287c1747607651b9f26920811e4c1e050a136483,110890,"own hash, no publisher reference",0.017
changan,data/sessions/vin208.meta.json,md5+sha256,,md5:9f85efef8c1c54a1c5a5584eb331b916 sha256:e3c617a50521ba1c1d374b474089621ab424ce861ba10535892c2b819065a7a7,305,"own hash, no publisher reference",0.018
changan,data/sessions/vin208.parquet,md5+sha256,,md5:ceb0715236eae213ed120723f0ada74d sha256:d5d44feec6a93b29ea71aacd0bca8926eeb6507acc52f037cdfca1d16e725506,96680,"own hash, no publisher reference",0.019
changan,data/sessions/vin209.meta.json,md5+sha256,,md5:3ea4639f9f309b07a497f35e98a01e88 sha256:1b5a401c9c7b774e1a0d7f72321bd1d2d715286c3bb4d8a06a0d906865ba643a,303,"own hash, no publisher reference",0.017
changan,data/sessions/vin209.parquet,md5+sha256,,md5:7cabb21ac26480632e9a7a2dd1bd4caf sha256:c384bded74fcf2057784efb2cd3419c2d9873e800a8d99c30b8ab15595c0f862,50490,"own hash, no publisher reference",0.014
changan,data/sessions/vin21.meta.json,md5+sha256,,md5:725eda170e23106d6ecc0399e8efc039 sha256:393640324de988ad65a9fbcc9f2711667ef1dd3ccfb63de84a5e7cddea489226,308,"own hash, no publisher reference",0.013
changan,data/sessions/vin21.parquet,md5+sha256,,md5:ff808f6773ca99ce00811be79d7f437e sha256:082e6527f9ee1a820c4ad288b7f14aa8a82d4a9f7351c70ef94ee37559c2d5fc,115001,"own hash, no publisher reference",0.016
changan,data/sessions/vin210.meta.json,md5+sha256,,md5:1a80e7762ff4bf430ab425b8b7cffe3e sha256:ca3778c76f3fe8ddf729da3fe68216354d15d592942771fb84f40ef163d7a4a8,303,"own hash, no publisher reference",0.021
changan,data/sessions/vin210.parquet,md5+sha256,,md5:a6b5ff98ee5aafcd4eb3bdfdff2da987 sha256:b48b9efe021b32e3f75be093f2539956cd946ddd4f0ccf7691498a05fb43b91d,52189,"own hash, no publisher reference",0.018
changan,data/sessions/vin211.meta.json,md5+sha256,,md5:baa1ea95e5521dc71f51c98816b14038 sha256:832db34ad27c79c88e3777fa82531fe527e4639701be319ce36aac4de57bc65e,306,"own hash, no publisher reference",0.017
changan,data/sessions/vin211.parquet,md5+sha256,,md5:c3aa77d19477582566a2ad39ef3e53af sha256:eac8d21a58ecbf50d6384222977095d1f7fe1c52d826c6ba5d17efeabb9d871b,138620,"own hash, no publisher reference",0.018
changan,data/sessions/vin212.meta.json,md5+sha256,,md5:992fcee0edd2c5bce83e8574ef3b5be1 sha256:bcf0ed3c5ab8fa123b966f54049add3e6a398e0705e03c387caf24bd8b1a003b,308,"own hash, no publisher reference",0.021
changan,data/sessions/vin212.parquet,md5+sha256,,md5:99415fc5704fc40aff29eca91fcbc494 sha256:9f55e1dbce096ad8e7593ded2adebed6d376c0dac2d36c6a4271ca2dcfd2fad5,131237,"own hash, no publisher reference",0.022
changan,data/sessions/vin213.meta.json,md5+sha256,,md5:6600b1f8c0e52cc78837b5f592462383 sha256:68d7beebf58091f5965b36f5444fb7de9e7c357384976d90169174a485ee44f5,309,"own hash, no publisher reference",0.015
changan,data/sessions/vin213.parquet,md5+sha256,,md5:60e122fb5351005c5d7c287ccfd81a0e sha256:b1b696201aebfd73e4c8c2b388b1e5160d200f6ae6b0752f12a0d9df4f77cfcc,122602,"own hash, no publisher reference",0.010
changan,data/sessions/vin214.meta.json,md5+sha256,,md5:529584593bdfccd659ca8ff799b4a73b sha256:7101681f449157a8456410e90f892eab8847bc6e46c29b1f0a51efc79d90b05c,309,"own hash, no publisher reference",0.009
changan,data/sessions/vin214.parquet,md5+sha256,,md5:1fdc211aa646e4abaa4043af0eb60a7d sha256:09c59bf4ebf5ee5f788b1479ff7a22f60986597f43e2bfdcf95bb80741712080,58988,"own hash, no publisher reference",0.006
changan,data/sessions/vin215.meta.json,md5+sha256,,md5:23d9b630da8dcb4cbfdb2d1e5061314c sha256:5536f4cf14d33658b84e6bb23809d5f05ab2d84a6bbe288fb7405eb9d119db19,306,"own hash, no publisher reference",0.005
changan,data/sessions/vin215.parquet,md5+sha256,,md5:fe252ad69267352a91a383d48d824729 sha256:27792701ad4a4e2681703c2a5a548ab8e23a4e2e9522c8dce5ca19523331cd89,75588,"own hash, no publisher reference",0.010
changan,data/sessions/vin216.meta.json,md5+sha256,,md5:ef0e51cc5696cf38053a35ae0842c487 sha256:3b408c0fb764119c0ac861281cd80f2cb3e65780b95cb846bc3004f340055c3b,308,"own hash, no publisher reference",0.006
changan,data/sessions/vin216.parquet,md5+sha256,,md5:cdf70a3b7d8778e2d7542b1dc5e55d87 sha256:33bbb1540b8eaf72b482f805c96cdbe2b2b1061fe7dc651f737bfd9ab62e0e92,118088,"own hash, no publisher reference",0.006
changan,data/sessions/vin217.meta.json,md5+sha256,,md5:936b2a4d94247243d4107be8946ba734 sha256:f9c0d6bdd79b4fb1bfdf8020da6f513915c22b0df3e243c4cfa54f054766a5be,308,"own hash, no publisher reference",0.007
changan,data/sessions/vin217.parquet,md5+sha256,,md5:0093c0ee962a6f451eacc96f2429c8ad sha256:a2bb524a84d0605b5adc95c4768fa478f560ec942df3c4573930c40841c024c6,50596,"own hash, no publisher reference",0.014
changan,data/sessions/vin218.meta.json,md5+sha256,,md5:e51f2b0a154fe925805badeca7a34576 sha256:7ae781e360b50ad62db15839f3a273eba56ae115a173c302f40c794ece768ac0,310,"own hash, no publisher reference",0.018
changan,data/sessions/vin218.parquet,md5+sha256,,md5:e9a53959450fd93d670bca4dfccb1af3 sha256:d91e2795ca82f0eb5b237a03c9fdabdda2e9d404025493cbc92cfc01f3a7ad22,111761,"own hash, no publisher reference",0.017
changan,data/sessions/vin219.meta.json,md5+sha256,,md5:290795cf917a80c6addb6fd76d69397a sha256:7e2ccdf1b7d252d0472993903ce2e59d3939915178779da5d72985cd00825916,309,"own hash, no publisher reference",0.017
changan,data/sessions/vin219.parquet,md5+sha256,,md5:f040472bea891947f603eb4a5464f4f1 sha256:32c145f0b6c24c51a78718542c051ad4a68ea0fb4fc2edb7922c48b6b8ae23fc,128635,"own hash, no publisher reference",0.021
changan,data/sessions/vin22.meta.json,md5+sha256,,md5:eb0d655bb9fcf451cb783c46993fe71d sha256:aa2acde78e03f54cce0907abc6dce87469cbbfce8909f8da55f4ad66cbd79e02,305,"own hash, no publisher reference",0.015
changan,data/sessions/vin22.parquet,md5+sha256,,md5:97f342e90d663bd11f5396baa7766756 sha256:4cc1419b51f5078418c3add9e11af9137c6a2f76e7ead8cb12eb0e1c9200cdd3,60176,"own hash, no publisher reference",0.014
changan,data/sessions/vin220.meta.json,md5+sha256,,md5:8f36188664303ab94e6a6519a5d02733 sha256:798d3b4d3d2fa990a366f883ed2d0eebae7ed8e12418afe0a64b50f2f341d94e,307,"own hash, no publisher reference",0.017
changan,data/sessions/vin220.parquet,md5+sha256,,md5:e6bebdf4f819738426e8382cb1fc4de6 sha256:d958454a8583fd9a03a5e9b227c1d92350d9fb1f506c1e262910f718a595bb89,95596,"own hash, no publisher reference",0.016
changan,data/sessions/vin221.meta.json,md5+sha256,,md5:ff26458c4efa7bf87411d4d72dad15a4 sha256:6e9452514ffea17d21ce06f8734c49a651fbec7106ba029e8e9c7e4e3e34ab53,305,"own hash, no publisher reference",0.013
changan,data/sessions/vin221.parquet,md5+sha256,,md5:e74e871e37f00b8af879c620b1d71255 sha256:906c2cdcc0f35453a7b565d0ea2f0882890dce1098268f673760c1f51f97a6eb,83157,"own hash, no publisher reference",0.030
changan,data/sessions/vin222.meta.json,md5+sha256,,md5:a537c52783d22692c3d5b900f6b169fb sha256:b8f6b60e4c4495cc5e6df07a8cbe65a7f185f9a150d785413de1512717735f4e,307,"own hash, no publisher reference",0.016
changan,data/sessions/vin222.parquet,md5+sha256,,md5:e9e84a14a6b847b6246d9d0b3e270083 sha256:6e7f161dd4a499df02e0ab1897d6f27c052a695c5e4cda714e5e295dd9652796,75142,"own hash, no publisher reference",0.015
changan,data/sessions/vin223.meta.json,md5+sha256,,md5:ea2708c0676b0151de4817b6fcd566d6 sha256:7bf76f2096e49c607be7fc7b89b16d88bd2124e9d3b8e23b5a83987cc16687cb,308,"own hash, no publisher reference",0.016
changan,data/sessions/vin223.parquet,md5+sha256,,md5:71b68aaa69eafde93ee890ad4428ffa1 sha256:e29da90d4210fa6da4147324625cc105e0b21ada1a58a4703550e11e2e2f3270,82364,"own hash, no publisher reference",0.013
changan,data/sessions/vin224.meta.json,md5+sha256,,md5:5fbdb124346e332c3a2cdca41cc4fc5c sha256:30710cc25faa528fa4281bdc9bf8d79e44a5ab6f76c321db0ea0cbe9ca23e997,306,"own hash, no publisher reference",0.014
changan,data/sessions/vin224.parquet,md5+sha256,,md5:faedcc04ec5d16801baf4aac26a6a32e sha256:9fe298fb47220e59ff618a5d850f0a807b03ce5df09aafd60f7e30e54a2c45bc,84822,"own hash, no publisher reference",0.018
changan,data/sessions/vin225.meta.json,md5+sha256,,md5:2b7083c7c4ea4b28d732f60665ec1b4e sha256:45a70aaaa2313191241aefd3accc724d6af1ac009c738628faf7ef03533c9510,307,"own hash, no publisher reference",0.016
changan,data/sessions/vin225.parquet,md5+sha256,,md5:cd8e549c3a7f8e10085815d56fdb413a sha256:cbce040b6a215cc702cf3f913b8dde41a27325ecf2be608c878a290c1cf5098f,51563,"own hash, no publisher reference",0.006
changan,data/sessions/vin226.meta.json,md5+sha256,,md5:11e277fe3b48a7f0f230e9c53e40dee6 sha256:c643e7200d7783e56839028d59522b37c52a13055c0d52e61440e2435450b652,305,"own hash, no publisher reference",0.007
changan,data/sessions/vin226.parquet,md5+sha256,,md5:16606b5247e8ec78316b19323573f323 sha256:cfa82bbdacdd2c72f563c376e307aad09c581da882e01b345fab783aff463813,56800,"own hash, no publisher reference",0.006
changan,data/sessions/vin227.meta.json,md5+sha256,,md5:416f3b3ef5c14283fc40a7e18923c1fb sha256:e76aa030f081429d0d0fdebfc3492bc282f7c6416ab7879d5ccb85376091150e,305,"own hash, no publisher reference",0.007
changan,data/sessions/vin227.parquet,md5+sha256,,md5:6c6590a0632f64e943226fc3590db0ed sha256:8dc62d277ddbc428fa83e65777f80d006e155841a6a057c47da1b22d6648620a,38397,"own hash, no publisher reference",0.005
changan,data/sessions/vin228.meta.json,md5+sha256,,md5:2440867dd00f059a3d662cdbdceaa173 sha256:71a991a8d607f3196c6bbd7038722bbdd5777ca742e2a2e7e6c09a93861bed09,306,"own hash, no publisher reference",0.005
changan,data/sessions/vin228.parquet,md5+sha256,,md5:b73a27fcd22dbf3f2c161a670f942525 sha256:d6f39cbf9b0aaf0d1e685aba0de075a175db92005bd9eb827886cb211cf4e40c,131574,"own hash, no publisher reference",0.010
changan,data/sessions/vin229.meta.json,md5+sha256,,md5:5cb517645a21f75049cfd7664e76ab5d sha256:676e46bfc605c877120136e02ca042dc533ac59f8b2c669dcaa69591ce20e7a6,307,"own hash, no publisher reference",0.005
changan,data/sessions/vin229.parquet,md5+sha256,,md5:254f11ba4c4466d3327e3fb4514e06d7 sha256:6f8c49dbbb8d7bd6855ca72635b10712af0556e8f7842c28a418e3a7b48e918c,119673,"own hash, no publisher reference",0.006
changan,data/sessions/vin23.meta.json,md5+sha256,,md5:0fd49658af8591fdd49e7e5e2ce2c7a4 sha256:70a15dd3c62707d9d1eb14f71462b5272a8b77fd58997c49b2647b59f3594027,306,"own hash, no publisher reference",0.005
changan,data/sessions/vin23.parquet,md5+sha256,,md5:cab8ea2813a13ec6b69cde8364f3cd5c sha256:3fcab8889541573b9961b0afc58dc193cd53a640517db5e59bc76635d2a09bdc,97124,"own hash, no publisher reference",0.018
changan,data/sessions/vin230.meta.json,md5+sha256,,md5:9b3b526ce1caf70e852e34ba69e77b9c sha256:192ce0887abc5f3508e3bb91b2c1dd01a30258499b7d4ee1bcf907e2dec847f1,306,"own hash, no publisher reference",0.015
changan,data/sessions/vin230.parquet,md5+sha256,,md5:4ca3c44cdeea149e0191d2301cb4ab34 sha256:cb4dd00f175c985ed8069e1fb733d5840b28b09577ea435d6e1cdb6c4b858925,77006,"own hash, no publisher reference",0.028
changan,data/sessions/vin231.meta.json,md5+sha256,,md5:921d63d65fefa2298a8cd3217f0c559f sha256:dbfd94e1e7018767c407eadd940715ce1e2dcc40f71ef215e3e3640a0bb41c50,305,"own hash, no publisher reference",0.020
changan,data/sessions/vin231.parquet,md5+sha256,,md5:de951760fa4b8be53a2656d7c1fdcec0 sha256:701eb45eefc1500d6bc56d5b3132e83594f8ae8137029b67ad3b61bab4907cb8,84371,"own hash, no publisher reference",0.018
changan,data/sessions/vin232.meta.json,md5+sha256,,md5:708e217a1a72404c22820f354d22514b sha256:1b5ee685f664223b430b90097e8294de0b0ab8d10fb6e45a187b8659c5c48c38,307,"own hash, no publisher reference",0.016
changan,data/sessions/vin232.parquet,md5+sha256,,md5:ef195a9d41c27bb3d191b486493b57b8 sha256:b5f3861427054f284463277ec99875b5cf45845e28153b3155249aca195abb0c,87350,"own hash, no publisher reference",0.013
changan,data/sessions/vin233.meta.json,md5+sha256,,md5:3ad87b53244f9df3cb8958a4da2bb8c5 sha256:5398dcb6e2af557da09c870228e198483f05938f419743a30a128e4e1f08b8f9,310,"own hash, no publisher reference",0.017
changan,data/sessions/vin233.parquet,md5+sha256,,md5:d3cfeae696d50d67ba5428cc0d4839ae sha256:1adc90d3e7da0a0f925da7078b454ab8d9e1aa492cc93110ba20edf13f350c9d,136150,"own hash, no publisher reference",0.035
changan,data/sessions/vin234.meta.json,md5+sha256,,md5:56380e4bf1120a5458de3f9918010aad sha256:e97d0dd47e348c1ed7fcf7020db250b0695c45c3abcb31e15cc6409b158062ae,308,"own hash, no publisher reference",0.017
changan,data/sessions/vin234.parquet,md5+sha256,,md5:4dd7c241a34a15d493280087f84bec65 sha256:cc2881a8db525c9179816dfb4c306cd54c08f78e10cdb1f71de54069e2bb0ab9,103681,"own hash, no publisher reference",0.014
changan,data/sessions/vin235.meta.json,md5+sha256,,md5:e95090441e8f9756cefcd4acb6e9d7ca sha256:576a6d306ba5e526bc4ddfb33ab6c3e4a17767683b68b5d445c693302f089385,305,"own hash, no publisher reference",0.018
changan,data/sessions/vin235.parquet,md5+sha256,,md5:929eeb00c56215167ef5fc5ebbe1a395 sha256:5d34571035e0b0bd363329f03c39229de074c2e5fd7abe0b43b33798c7887f34,112099,"own hash, no publisher reference",0.028
changan,data/sessions/vin236.meta.json,md5+sha256,,md5:f07956bd4601493e14697132f05dae20 sha256:42e75b0d68bc6d8b3426a197f14fd702092b2cecd9dc8eec7083d4c986cc00e9,298,"own hash, no publisher reference",0.014
changan,data/sessions/vin236.parquet,md5+sha256,,md5:94c8bb96a61798865bd6d8f4e2cea6e7 sha256:6e56198a297f80d196f5b6cc37a327f3bcd04a0e50162e6fd88cf853b1f434a3,83996,"own hash, no publisher reference",0.013
changan,data/sessions/vin237.meta.json,md5+sha256,,md5:9d8e3bb349b4a33d66434dd6f6c876f7 sha256:0459772e171d704ab30fdd0a64b0ffc1bd20d66cb7ad0415c14489f0a5ee1f4a,305,"own hash, no publisher reference",0.011
changan,data/sessions/vin237.parquet,md5+sha256,,md5:5179df987205a7aa66318292a7e1f947 sha256:305892c96c9b4acf09d4e6ed65ae9c36e60dfc55c12dcc6b68c75fd5d818837d,67651,"own hash, no publisher reference",0.007
changan,data/sessions/vin238.meta.json,md5+sha256,,md5:4c51c9b94b5448fc46d19410ec20108e sha256:789a7dee19032ffa7f079f47abb366a8c98f19c52c51a04a93bffe9e7913aa5a,306,"own hash, no publisher reference",0.007
changan,data/sessions/vin238.parquet,md5+sha256,,md5:20ae38f57185d894475baf1d13e35e01 sha256:a7c24643d4de0a4af513f233630b2e1d1bc77f412891e7843945c7ed0a13f389,114217,"own hash, no publisher reference",0.008
changan,data/sessions/vin239.meta.json,md5+sha256,,md5:e74bc11533c212572c7c4d47ab1e7f22 sha256:905cc900ec1ebcd92c01215c510f3c6aba9e0f8418def6196d56dc2a7d5bdb73,304,"own hash, no publisher reference",0.007
changan,data/sessions/vin239.parquet,md5+sha256,,md5:a66f40c09847a37cde84424bd04533b5 sha256:28f29e2517944e00617087470045a72a4b20e56994067e460e88986780594e89,78204,"own hash, no publisher reference",0.010
changan,data/sessions/vin24.meta.json,md5+sha256,,md5:0d3748d4cebf0437f0814f0d2ebb56a9 sha256:769a3ec7050118e7e9832ab1d26d9f79385a2ce7b6cf68cbae97131c73422079,307,"own hash, no publisher reference",0.013
changan,data/sessions/vin24.parquet,md5+sha256,,md5:a6bc7a223237335844f6e9a17f335cbc sha256:c6f4c89a2a44792d96ce854baf1a7d73ae889f7ad08525072a822e80b4253037,104454,"own hash, no publisher reference",0.014
changan,data/sessions/vin240.meta.json,md5+sha256,,md5:47e83a1689021dbbda8173fbf6b963cb sha256:a76a5b7cb3e5edf4ec6ad06c81b42b9b91b4325c96b3c91d581f7cbd7fac585a,306,"own hash, no publisher reference",0.018
changan,data/sessions/vin240.parquet,md5+sha256,,md5:abc6f27da84409510e1d2746167e04ef sha256:e00379351a63eb6e91c027535f5b57e81305f5784eb0eec4ca6e404f07a5aae1,91098,"own hash, no publisher reference",0.017
changan,data/sessions/vin241.meta.json,md5+sha256,,md5:c22261ac6afeb43056ae5a28dc042a1e sha256:df588a06d07119ecbd75f6d2147954de49a7d9c5e759ac6bb1e195743d099bc3,303,"own hash, no publisher reference",0.016
changan,data/sessions/vin241.parquet,md5+sha256,,md5:c7b5308a4eae8458123cf7e36d85b2d0 sha256:f4488e896de0c5819a5cc45b22e05d495f9b03329bfcfbd56a414b80afa3c79c,57288,"own hash, no publisher reference",0.015
changan,data/sessions/vin242.meta.json,md5+sha256,,md5:a7660a1a1cd625dfcc288020b1df1989 sha256:180775df4551f8e12338da029aa532b0873aff6781f00db42e556fc22b21d0f4,303,"own hash, no publisher reference",0.014
changan,data/sessions/vin242.parquet,md5+sha256,,md5:65b12d642589a44db092621b5adb68b4 sha256:4e6c394c289a432750868189d4539db1b774f5343d8a22d668eac5363d713744,66113,"own hash, no publisher reference",0.057
changan,data/sessions/vin243.meta.json,md5+sha256,,md5:633c39c873a82741c534963048f69977 sha256:d4fc5d0059e4f5096628439e5f1c06e9840278b78b2b0de31b8d165deff8406c,303,"own hash, no publisher reference",0.015
changan,data/sessions/vin243.parquet,md5+sha256,,md5:eae2de4ccc0f3b836870896790cd8a04 sha256:6d7d90a6ea685ec35dff95392fa98de17068d190ffd15825b2c0f222a630fd34,155010,"own hash, no publisher reference",0.026
changan,data/sessions/vin244.meta.json,md5+sha256,,md5:f6c3ec46a50ecf1ab30907a1794a4d1e sha256:51554a310cb0a90f96d57c4d97cba4b7b60fe6dabb133c08e2b3c859d3215909,305,"own hash, no publisher reference",0.026
changan,data/sessions/vin244.parquet,md5+sha256,,md5:3722d601db203f9746cb33562a30effd sha256:601ba987b8f5355f8f1c394fa6dcfa8251c3f3eed4f00ae2f92bad18e8114de1,98455,"own hash, no publisher reference",0.014
changan,data/sessions/vin245.meta.json,md5+sha256,,md5:1cedf5515785fc1084864898715e487a sha256:fd8c773e0a21761b8825d136be1cb427f6117ffc7d3951234017455c6fd1197a,301,"own hash, no publisher reference",0.015
changan,data/sessions/vin245.parquet,md5+sha256,,md5:01d3ac6056e47dff372bae82f826bd12 sha256:1e55067775ee141f03dc57cf2fa74caeeda0c33639dd716cbed160a7783b17e6,63719,"own hash, no publisher reference",0.024
changan,data/sessions/vin246.meta.json,md5+sha256,,md5:f5201c7aed7c623dd1f7578e0f9e274d sha256:3a1446a1eb5ef1df576e7d59a7c6f24c7814cccc67a46ecc1a2fdd209b626933,303,"own hash, no publisher reference",0.014
changan,data/sessions/vin246.parquet,md5+sha256,,md5:eec17dc0b08fa63235069b827d7328f3 sha256:9cec12511e5b81671bdec48f744baf54e796504238e3dfc8697e7ca2bab60f3a,70090,"own hash, no publisher reference",0.019
changan,data/sessions/vin247.meta.json,md5+sha256,,md5:d1e92929b396bb12101f022204e3e439 sha256:4238f1cc461810f848c6de4a684a49508426f62d9c2fcafa13aea78f88d407c2,309,"own hash, no publisher reference",0.016
changan,data/sessions/vin247.parquet,md5+sha256,,md5:4d3a667e35a583902085b9a5b37a44d5 sha256:8a571442156ab7a68c18fbbed24bcf731db242248e0d7d169d38915d149663d6,97928,"own hash, no publisher reference",0.016
changan,data/sessions/vin248.meta.json,md5+sha256,,md5:3a2da0cceb40bc00f4282aabcaa47055 sha256:fc6b397af9dac1efd9ea20a7500784a1ba21bd11c5bf47131c5350560cc6407c,306,"own hash, no publisher reference",0.017
changan,data/sessions/vin248.parquet,md5+sha256,,md5:06adf2fd4923f2b0203a46851511721a sha256:afdbc60495dcad131742cf3704b47e47e9d5dda9b99f0db01f642145809d7edf,180856,"own hash, no publisher reference",0.018
changan,data/sessions/vin249.meta.json,md5+sha256,,md5:5708f1a24bf6ad8882579482974de0d0 sha256:716fd4c04b39501f55c712bfe337e2cc234a74eafb44b686e9916b948e36a75e,306,"own hash, no publisher reference",0.016
changan,data/sessions/vin249.parquet,md5+sha256,,md5:ea2894ae6653c2196d6f76b61fe045ac sha256:19e5d4e43e29447d011687f2f689b9a284b28a1e3d35bf9edd3128cfeb9f5fef,79202,"own hash, no publisher reference",0.019
changan,data/sessions/vin25.meta.json,md5+sha256,,md5:b35e097f259ddecb27fa023339e9ee93 sha256:a522563b0dfd4e8417e59b9b4263513b67dd82854f017e85902438ca8fdb539f,305,"own hash, no publisher reference",0.019
changan,data/sessions/vin25.parquet,md5+sha256,,md5:5fac0936afb3e2c28ed1c7f8b56c9c7c sha256:a8b6e6243d5b9d431442b3bcb58d67795a6d637244710c4e9dcecff8f8236ee6,74166,"own hash, no publisher reference",0.024
changan,data/sessions/vin250.meta.json,md5+sha256,,md5:6c38cc3689f6f58228ba5264f4e46237 sha256:bde826e4f758925ba6041616aae569d90be4038c08b5a5af25c31d46a78fd621,309,"own hash, no publisher reference",0.018
changan,data/sessions/vin250.parquet,md5+sha256,,md5:dc997ca580e32ad39c419b704edc081e sha256:e04461c591e6723b562366e8743f94127ab9ed28cdc009c22371cd451d1fd9c1,118479,"own hash, no publisher reference",0.013
changan,data/sessions/vin251.meta.json,md5+sha256,,md5:c203d9a6c783964bd2fb7b6bc89ea39a sha256:f389e064b2a401bbe9afb82492d542ffd28e124912ecbdb099ef246fd0996f9e,308,"own hash, no publisher reference",0.014
changan,data/sessions/vin251.parquet,md5+sha256,,md5:44513d79ade9fbc126d33fb43823a84d sha256:fb5dbbaffff5ff4845ecb1080dff0e335c0e84c043cd577024a8a98bef4f8fea,71610,"own hash, no publisher reference",0.014
changan,data/sessions/vin252.meta.json,md5+sha256,,md5:296126d9c951499539305fbb72299329 sha256:fc93f4c302c1165fe61ab4762efa0407a5a168bb58ffdb86ed3c760fb7ff8f16,306,"own hash, no publisher reference",0.015
changan,data/sessions/vin252.parquet,md5+sha256,,md5:cba5969e35708b484a7b66ce84c78d30 sha256:a343e2b7d779ba5f6a9f74bd4d35d400ea479cc2f9b3b5b6c6e5f10171b331a9,68725,"own hash, no publisher reference",0.023
changan,data/sessions/vin253.meta.json,md5+sha256,,md5:76cef4d22cf027d4168932d0397d7a45 sha256:9ad3d9b4ce841e83f45b77ed03ca10cc55e0754259765800ce03428013b946ff,307,"own hash, no publisher reference",0.014
changan,data/sessions/vin253.parquet,md5+sha256,,md5:b639a0df15eb962cb28a25cbeb273749 sha256:c76a774616b6b491e549bb049c33fa9a19480c7ab866de82934253bad8afd663,94281,"own hash, no publisher reference",0.013
changan,data/sessions/vin254.meta.json,md5+sha256,,md5:7302254e2e1884a8dce5d919b48b7315 sha256:9582ee69ece5f93f31370c6d9bbe3430bc20ce7bd4d24ebb7f75cbfbec64eff4,307,"own hash, no publisher reference",0.015
changan,data/sessions/vin254.parquet,md5+sha256,,md5:73f4e339735d84dd48da3584d68dd54f sha256:cbd0e2ec074fe42d9ea52824e67a7f2b827d48a4cea1bfad2543dfa378bac4bd,71190,"own hash, no publisher reference",0.017
changan,data/sessions/vin255.meta.json,md5+sha256,,md5:8ebc0d2f74a646a88fd3d8cd6e05f84c sha256:1066a144a2596e361943a04f64e15bf31a598ba4502b0c056fd5f3c255ea050f,309,"own hash, no publisher reference",0.015
changan,data/sessions/vin255.parquet,md5+sha256,,md5:fe031fba734a7993d04893fd294fdc5e sha256:bcce3462e3beca622450d2e7dd2fc9986cc242a534f1b6ab03e4c876d65efe67,79207,"own hash, no publisher reference",0.016
changan,data/sessions/vin256.meta.json,md5+sha256,,md5:11d4598c84615fa3a6be81578614e2be sha256:1a6155fa61b0e569d073533604303de1017859e8db2a7b51b6a191b3514f90f3,306,"own hash, no publisher reference",0.015
changan,data/sessions/vin256.parquet,md5+sha256,,md5:3c260972b81acf99df85926b882e44a4 sha256:aab632cea8a530baf14e010e7275ab802d454b42dcd73104dc90fea179caab77,50855,"own hash, no publisher reference",0.017
changan,data/sessions/vin257.meta.json,md5+sha256,,md5:a47a14efa3f9a3a5b058306816da2b14 sha256:5cd13679f0a0d091590cca449eb547f5140618f648a5f1776236e2391e1126ba,307,"own hash, no publisher reference",0.014
changan,data/sessions/vin257.parquet,md5+sha256,,md5:654162672c81a51e6d8ed3303a0c3f25 sha256:55ded3cdfd6f88aa4430953e0553a8c551651e7119d4916b0506d4ded8a3b926,193761,"own hash, no publisher reference",0.018
changan,data/sessions/vin258.meta.json,md5+sha256,,md5:2f46e8dfee7d426298018824d024cd06 sha256:2252fec3d037fae589cdf9ebc3b7aeacacdd4e227e2b22da0a2949e798d9d016,306,"own hash, no publisher reference",0.024
changan,data/sessions/vin258.parquet,md5+sha256,,md5:7ce6c15a7bec430633cc93368b23c108 sha256:d091de7f1a35d986ceb5591123662d0b05dc1939cd24ed5572df192002ad2244,142869,"own hash, no publisher reference",0.017
changan,data/sessions/vin259.meta.json,md5+sha256,,md5:09221268dcdb9fdb793b2c053511ca7a sha256:e62fa88b510b50c0251ab16b15931ef6aa335a4c56b509d0fba1ffd73948e5b9,308,"own hash, no publisher reference",0.013
changan,data/sessions/vin259.parquet,md5+sha256,,md5:27ec9df7889371ec782e9e6ac11b2f2c sha256:f1e87ab69449e1b7045130b9a8685f44334738ed2d11a1775c74b307afa5f732,95229,"own hash, no publisher reference",0.021
changan,data/sessions/vin26.meta.json,md5+sha256,,md5:041545f676f98c163b24143d1307ab52 sha256:f8f0fab18dd93a2454cf83acecb4574a19f7dd920ee92df750c586b4ec5eec85,305,"own hash, no publisher reference",0.014
changan,data/sessions/vin26.parquet,md5+sha256,,md5:9521abcce500a2c9a8b595eec398a4bb sha256:a78521dbdfc20dab82d166cdad5d5e91374a7b1d4cc42365490a36db0c5330e7,78241,"own hash, no publisher reference",0.013
changan,data/sessions/vin260.meta.json,md5+sha256,,md5:b9c0d792072f9d9701877d9b832c3eab sha256:87f04d350ab9395634522be65e6e5375107cd71b758e36abf18cf19407269a79,308,"own hash, no publisher reference",0.016
changan,data/sessions/vin260.parquet,md5+sha256,,md5:a70e59df3c862ba6da90bad60c39c636 sha256:17eae42108f166263fa32ea7b98941930318fa7db7c5ebf9cd01aef8b2f131b0,126746,"own hash, no publisher reference",0.014
changan,data/sessions/vin261.meta.json,md5+sha256,,md5:cdf00b445fc3bad7f449189caa8d10e2 sha256:30093fbeb748a3b485615d8ceb512c04c2642837e2d16df29d01d143902d4e64,306,"own hash, no publisher reference",0.016
changan,data/sessions/vin261.parquet,md5+sha256,,md5:bed3c9d8c146f6bda75527fa8b81c851 sha256:8cf1fd9349c802def3c8f0d7d68af6ab7d895e1453d0a7e5fe83425da0a0b2bd,116734,"own hash, no publisher reference",0.045
changan,data/sessions/vin262.meta.json,md5+sha256,,md5:7107b1da502f22b2d2a6d163056fb4de sha256:3b8d850cc6a3a6033a9584ac3ee49dae0c832c1d91615965dcaf273c86a00833,307,"own hash, no publisher reference",0.018
changan,data/sessions/vin262.parquet,md5+sha256,,md5:72be5e6eda3ad8d88b0c3fad433fcf2f sha256:3efea1ba76686b73d009fa8a257822411716fb9a8ffb29244986e1ac49286be9,112578,"own hash, no publisher reference",0.020
changan,data/sessions/vin263.meta.json,md5+sha256,,md5:7346446fe3feebe165bb385c7f78343d sha256:472848aeae94f1da2e8fc3aa7f9741436c4e899f678737d5f553298fd956a790,307,"own hash, no publisher reference",0.016
changan,data/sessions/vin263.parquet,md5+sha256,,md5:f3605924c09000bfe85177313e9e4f7f sha256:00246e0276425478aa6a654686e22c758f7d2c28b3811b58a836127681508b85,94429,"own hash, no publisher reference",0.017
changan,data/sessions/vin264.meta.json,md5+sha256,,md5:31ee31fb6b7f263c5335fc6ed38e9cd9 sha256:35cf92593750793a0c1ee9e5b04b1c450d91503ed66af923ff7587483cee59e5,307,"own hash, no publisher reference",0.018
changan,data/sessions/vin264.parquet,md5+sha256,,md5:fc9609c46bccdafcae69b0ec91837956 sha256:e946ebbb08da65067863595bad24c8c22ff251d7642a485d2bb151136795963f,129179,"own hash, no publisher reference",0.025
changan,data/sessions/vin265.meta.json,md5+sha256,,md5:b8ec6d38eb041c933973e633efc6072a sha256:b6e358924c2ec579e3cb87c637bb4627bc4ee76634144b89cff2adc132671162,308,"own hash, no publisher reference",0.016
changan,data/sessions/vin265.parquet,md5+sha256,,md5:90348603d6f6336ba7ceb5c65325a4a0 sha256:55e363bb235f823ffcc033c02b018eee5849120f0a58818453532ec1d8e07167,127779,"own hash, no publisher reference",0.013
changan,data/sessions/vin266.meta.json,md5+sha256,,md5:bc6ea5f960e0c8264f313fc24ef673de sha256:372107ee6ea43851d5dc6ee00e2ebc2744929bac5a941a37a007ee462bc06586,305,"own hash, no publisher reference",0.017
changan,data/sessions/vin266.parquet,md5+sha256,,md5:9b787e9e6055a7104aa8f2875b6c3d0a sha256:3cd994a81052d5e60ef4557b25a8c8e2a4af75c7f67fe011774c8c72385d7c06,97617,"own hash, no publisher reference",0.021
changan,data/sessions/vin267.meta.json,md5+sha256,,md5:68749c43409f00be31bc20516fda9eea sha256:836ba29c80da112cecae11342e69b24fb62b79b56a43e642b0d1d7a6b27e8460,307,"own hash, no publisher reference",0.016
changan,data/sessions/vin267.parquet,md5+sha256,,md5:a53bb5a7a338164d52a59d9c7c872715 sha256:811b88af753751d8e7cb27d78e40852613ab6fd483898a9ec7cfcf499b748f1d,85927,"own hash, no publisher reference",0.020
changan,data/sessions/vin268.meta.json,md5+sha256,,md5:444acc6025d19d1e75327ad68a6b4eb2 sha256:5ca94e5efa3e281aa3e9a473591e4e2d3f0a9f649f5aeac2e41748800c99bc1e,311,"own hash, no publisher reference",0.019
changan,data/sessions/vin268.parquet,md5+sha256,,md5:3ebca9d1db25a6e4716203cb5d3d7e6b sha256:11b6ee49fcbaab5170859bc4001598e1736d380b1f7038630840ab504b6274ef,130098,"own hash, no publisher reference",0.030
changan,data/sessions/vin269.meta.json,md5+sha256,,md5:a0dd96e4fa4661d177bff7f590c401e4 sha256:178fc333dfed444d6a53dbeb9795be047dd2cb030505efbb89e8dee73ac064b8,310,"own hash, no publisher reference",0.027
changan,data/sessions/vin269.parquet,md5+sha256,,md5:c9674061360de3b5be706c4d96c476bb sha256:23d18ce05782b4e399f6d76941980b03d69bab633e8f35c7147df6ded83c03b0,148597,"own hash, no publisher reference",0.014
changan,data/sessions/vin27.meta.json,md5+sha256,,md5:03283b07972862dd8fcd3dc71b693d80 sha256:6110a6f84b88e5d213ba35723d7cdd41fa307cae17a04b0e34a7d37c3713b1fe,308,"own hash, no publisher reference",0.012
changan,data/sessions/vin27.parquet,md5+sha256,,md5:a238f375961b5528450472e162c14426 sha256:27d40f0934991937d082efe1c63d365edef76897d7e478ac56335bbc4f4b8936,140652,"own hash, no publisher reference",0.012
changan,data/sessions/vin270.meta.json,md5+sha256,,md5:b6195c264111c645f2af75c7e214ca64 sha256:ddc7371e7e24b3f0934291b40764ecfb80fbca9cfb72345536a6a82443faf1f3,299,"own hash, no publisher reference",0.006
changan,data/sessions/vin270.parquet,md5+sha256,,md5:da0a3e925c3e8c18afe6a338189fe18c sha256:08414f50d05b7480651cbfe92c83304ab3e893cb3eaa9f20562c5b067ff5aed8,88305,"own hash, no publisher reference",0.008
changan,data/sessions/vin271.meta.json,md5+sha256,,md5:a213dbf50c28081593391af4898360cc sha256:53e2bd2699b0d9529481c680a7a1bc59047905115af8b4c9f207d189d8662a23,302,"own hash, no publisher reference",0.007
changan,data/sessions/vin271.parquet,md5+sha256,,md5:f46c6084beed00e0fb64b7097818ef1e sha256:70b398af7c8bddb09399c3605040a3358f79a0ec446dd2233b452f05f73ec180,64518,"own hash, no publisher reference",0.005
changan,data/sessions/vin272.meta.json,md5+sha256,,md5:f91ac022adc1121caaefa400fa8eae42 sha256:ffc39806ad7b7fef9d1a50100b26f70ea67795d8a3cd6fee6d6ead2909e258e7,301,"own hash, no publisher reference",0.006
changan,data/sessions/vin272.parquet,md5+sha256,,md5:381776f76de953e0f9d971be43673459 sha256:3aef5f416ebe505ef665b74923968a48204a525e9ac64873e8ec4a99460d745d,98947,"own hash, no publisher reference",0.007
changan,data/sessions/vin273.meta.json,md5+sha256,,md5:6d8d66f803992e90eef6750aa52321d1 sha256:89e1fde86ebb14ffb89c4f7bd3e50ee08f43c811ae486a65f7df7630a12cd6da,303,"own hash, no publisher reference",0.007
changan,data/sessions/vin273.parquet,md5+sha256,,md5:d61844710f6b783ca648a0bec51805dd sha256:292b140173257009e51c465ce10f5e60f751b3a15af9d316efacc83689e6202a,95427,"own hash, no publisher reference",0.019
changan,data/sessions/vin274.meta.json,md5+sha256,,md5:66ae6a5b4374e3c3bfe45dee4e22a4f4 sha256:cbf464f96d26cc4a0df5d0a0ec986b3ae84ed674f31f92cd49eac4a8472afbc9,303,"own hash, no publisher reference",0.015
changan,data/sessions/vin274.parquet,md5+sha256,,md5:5f8f4485f97da3df8a6ed9c2ef75b2cf sha256:ce74dda21c1c9ec0cff88acf8271f16d4831418c77e840221a719fcad0a25226,66899,"own hash, no publisher reference",0.015
changan,data/sessions/vin275.meta.json,md5+sha256,,md5:4637519746f5536bf08934219f4c26e1 sha256:a063ffc2b4c0a1accbd9689904337ff524e1987a2764f9a8a1f0631e2afff53a,302,"own hash, no publisher reference",0.017
changan,data/sessions/vin275.parquet,md5+sha256,,md5:1c0d234c18d06f92df78420859617b20 sha256:24022be10461cf02a7584d1beff6015832a4a91f487d2b4835acea6394295503,57737,"own hash, no publisher reference",0.015
changan,data/sessions/vin276.meta.json,md5+sha256,,md5:d9ec226ca361b5c9ca4109aad1723360 sha256:9abbaae50627db08287fc384671a154caa3f9aa08e01a6e7f3d0efadaa8f3f8a,303,"own hash, no publisher reference",0.020
changan,data/sessions/vin276.parquet,md5+sha256,,md5:27da96dc4ffad22660ea7b5cfd121d92 sha256:7fdf362a0e76662c805f6a0435836cf0134338171e1b78ad29e55757ff906b89,66928,"own hash, no publisher reference",0.022
changan,data/sessions/vin277.meta.json,md5+sha256,,md5:c361f3fe31827b12b2b9dee6c55fe5c1 sha256:80e7d5d821dc55358bf3131eb008452daf4e68a4f0eadfdc73946ab2e7ee5dc5,302,"own hash, no publisher reference",0.014
changan,data/sessions/vin277.parquet,md5+sha256,,md5:d43fb248c868cb29ddb24b9ebb48f607 sha256:73e97443e2b35ce5dfb8b40dc8e3788a3b7fd8e5bc6317f2fb55ac61ad329685,88632,"own hash, no publisher reference",0.023
changan,data/sessions/vin278.meta.json,md5+sha256,,md5:e798e8a48d6b48d527fd93110ade417d sha256:348c50e32ee414523e2c77a5a1fab6b96ab786c112e55803f209b6d305c61ce9,306,"own hash, no publisher reference",0.010
changan,data/sessions/vin278.parquet,md5+sha256,,md5:8d22a4a6c8b2c56d4871064390508b36 sha256:db1a90af868e7342c7d186bbbee859fc03fc8179f8fcc89b7954b7fb3676ec21,102922,"own hash, no publisher reference",0.009
changan,data/sessions/vin279.meta.json,md5+sha256,,md5:440ae79819e8dd7dbaf1b539c8204dc9 sha256:10bac626cee7bdc0713d6e1ef712c428dda0c85c51a681a9164447a98d2e3d35,309,"own hash, no publisher reference",0.007
changan,data/sessions/vin279.parquet,md5+sha256,,md5:33f2ab1836c23689a2fb9b524dc21181 sha256:7f97e36beaac1b475ec59cca104b308cafd5de3dbbd33a32fd027697efff1508,89978,"own hash, no publisher reference",0.006
changan,data/sessions/vin28.meta.json,md5+sha256,,md5:28ad7bc2f9667e15017efdd3995bfee4 sha256:e69adb5b31a73b118db47106bb589aa4690bd519587f260931a69c481eef07ad,306,"own hash, no publisher reference",0.017
changan,data/sessions/vin28.parquet,md5+sha256,,md5:01fa066d7ca5da52d153fd0e1e4daaf5 sha256:5547eea12e47192abcc03b41278d946fa03519a439bcc26ef410ede6b6ebf03f,80071,"own hash, no publisher reference",0.015
changan,data/sessions/vin280.meta.json,md5+sha256,,md5:afb360c137730733a8cff95c644f0a3d sha256:7cf8cf86c659227b8a32778ca7f164e8b1a003a268e4cf4954addb31401bd34f,305,"own hash, no publisher reference",0.014
changan,data/sessions/vin280.parquet,md5+sha256,,md5:a482b4bb0908e829030461a490d242a4 sha256:5b05424f0c1d526736cbd1f7dbce0f40276ea1589ab61533c6f2a6b86e4499ee,32895,"own hash, no publisher reference",0.014
changan,data/sessions/vin281.meta.json,md5+sha256,,md5:1133af32e6ad3b50b44d28d03c1002ef sha256:80054edcd6544fd82500143df4af8f6b6ff6e51620619aedcd5389a8b035ad5a,307,"own hash, no publisher reference",0.014
changan,data/sessions/vin281.parquet,md5+sha256,,md5:17181a8f3837f05eb168d50ddeedb793 sha256:f6ea1071666b833e7ca3cc3c11bb0910a572f5f88f520e955574c004025f9317,61409,"own hash, no publisher reference",0.015
changan,data/sessions/vin282.meta.json,md5+sha256,,md5:d44e55b78cbc4485b69de348d2249c0a sha256:41e3d6a11a4989fa4caac870d245d9296ca07219719c1a74abc64c33add3ffcc,306,"own hash, no publisher reference",0.015
changan,data/sessions/vin282.parquet,md5+sha256,,md5:11ff589a913740d1992c2b8894b382ef sha256:19e692bbd3f80ce9b5e15814d095ce8ea27e5a59309a2e0e53d3a142152d6feb,63228,"own hash, no publisher reference",0.021
changan,data/sessions/vin283.meta.json,md5+sha256,,md5:49d51fe5c34484df9f699fcd1dbd355b sha256:d92d6b527b5a827e4919986e9437a37ac9e967b713aeaeb35684cc7e3c861b11,307,"own hash, no publisher reference",0.016
changan,data/sessions/vin283.parquet,md5+sha256,,md5:77da2667a2c469b643231946b2337fe4 sha256:37d56b43dcd0eceabef0d38b5befb2f01554826bf4001f7c5469be96bb18433d,56518,"own hash, no publisher reference",0.019
changan,data/sessions/vin284.meta.json,md5+sha256,,md5:38e4561d10ee94a3706021dc05259057 sha256:251466faf4f18a39c686627eb74e863ceb427a1c46794f9268a498eefc835ab3,296,"own hash, no publisher reference",0.016
changan,data/sessions/vin284.parquet,md5+sha256,,md5:63c82f0dd883553db98a9f5061f41478 sha256:3388898ffd98c8c1f24a6aaf82b9c8a66545723e089c68ee9466f0bfca1d0021,119497,"own hash, no publisher reference",0.020
changan,data/sessions/vin285.meta.json,md5+sha256,,md5:e90233d92646be8f866d59038e786fee sha256:29ed7ab76c4caa4edf5086c418e22961118f43dc63d9b3348476d4ad0f55daf1,307,"own hash, no publisher reference",0.016
changan,data/sessions/vin285.parquet,md5+sha256,,md5:8b277d7fdff576decc49abca79658283 sha256:1a995dbdd75a231cadd025cc4f460ce4cd34d3f43d3258e07d15823cf277a224,116949,"own hash, no publisher reference",0.018
changan,data/sessions/vin286.meta.json,md5+sha256,,md5:7fc965a10223d24b1efe811447b9e30e sha256:ea7bdcd91aad547bcb1ebbe7b938e112e1c8dec5fd287889952912989fad57ff,308,"own hash, no publisher reference",0.015
changan,data/sessions/vin286.parquet,md5+sha256,,md5:65a843b6e1d6aeb6324ef6f82e9a5711 sha256:fae78e90a6c0b5c9515b93c49dfa59372689855a8e82bdcfec9187a355473e9a,137237,"own hash, no publisher reference",0.016
changan,data/sessions/vin287.meta.json,md5+sha256,,md5:6f89c6cf3a240225ce9b6432acb2fda8 sha256:4dedaadc2c769331d792ce3c0327c814254d48be0f405b2ee125216f400dc9f7,307,"own hash, no publisher reference",0.015
changan,data/sessions/vin287.parquet,md5+sha256,,md5:874344610830f5cd7ce7887aab37748a sha256:eaf655b7e8c8524f17d4fbada60b1c06d0223be947b3cb6dac75db84b8e12e9f,142552,"own hash, no publisher reference",0.016
changan,data/sessions/vin288.meta.json,md5+sha256,,md5:c67090caa8705c17dd267e3a4c13d3a9 sha256:de96f4cdb80d40de75a64427947925fa961ca2aebf9a26ed68ffac824a3f4f61,307,"own hash, no publisher reference",0.014
changan,data/sessions/vin288.parquet,md5+sha256,,md5:3395c89bdc945aa67f25c872b8fd0038 sha256:a208efa1402fe2731d8f45e478297d52b7710970c7a8e0a8d6bae46c9f12682a,173181,"own hash, no publisher reference",0.017
changan,data/sessions/vin289.meta.json,md5+sha256,,md5:b77c537ac927f78eabf441916af8368d sha256:27c3f34e0652bfd63c3c44ff5f013c1dd3c0d165495f40c10db8d1626369096d,306,"own hash, no publisher reference",0.015
changan,data/sessions/vin289.parquet,md5+sha256,,md5:d4365e29f98feef07fc22eacb3b9aa1b sha256:3d6a1410e1fcc811d9546b667954373a02f117f954faeabc68177e83693b6ba4,111365,"own hash, no publisher reference",0.020
changan,data/sessions/vin29.meta.json,md5+sha256,,md5:efedee8c22a5b4b0094491d22daf93d5 sha256:ff65db980fbd63551e0c71a7516b27de402de4aa0bb675e5dfabc2dad97ef934,306,"own hash, no publisher reference",0.013
changan,data/sessions/vin29.parquet,md5+sha256,,md5:7e8b4e62f7758fea43ddce44262f075c sha256:fbc8b9161e9e2616aa7ad150cb8625d1ebe4a7fc0e9179a4d91f8b4d60805980,54230,"own hash, no publisher reference",0.014
changan,data/sessions/vin290.meta.json,md5+sha256,,md5:6299ef5b0d955e91de26a7dd4cff6498 sha256:78c70b596a9341a309e55281fc20acb3e5d06f27f0708d4fe934a9c5e02a7ade,306,"own hash, no publisher reference",0.007
changan,data/sessions/vin290.parquet,md5+sha256,,md5:b8881735bc4539a6e5b30026374cc7b4 sha256:a1be93caf957f4b2be5f43679c251e824e37613a09b0ad428a6b87095bbea821,93978,"own hash, no publisher reference",0.007
changan,data/sessions/vin291.meta.json,md5+sha256,,md5:929e81b0bc89c6d8fdee6dc76d3ea839 sha256:bfbede691004034200449ce2d0c9c91e057c6b0292284bd712b2e7e4f69be967,306,"own hash, no publisher reference",0.006
changan,data/sessions/vin291.parquet,md5+sha256,,md5:229b628af2dd8b8ab9e6af534374df00 sha256:4607e2d425945391d0cb2d09917fa75b699552b25ed3e41a570dc1b00b746a4a,153783,"own hash, no publisher reference",0.006
changan,data/sessions/vin292.meta.json,md5+sha256,,md5:f56343ebdf7676adefac5159f0e8008c sha256:883e9497105014a9dc7bcf4bc7dd9f86bf4be0eece543e958c9b6a26be373399,308,"own hash, no publisher reference",0.006
changan,data/sessions/vin292.parquet,md5+sha256,,md5:fa9d92fc6f74b9d7c430e56fcaf61248 sha256:fe678b4c66f578efd91339866139da08b9bf5e6a925a74727590c659f43439e4,87793,"own hash, no publisher reference",0.006
changan,data/sessions/vin293.meta.json,md5+sha256,,md5:8bb64c7c67d2d0e2b463688716fcb0eb sha256:092a10fff08708ca3957652def2e59e055b1bdef296a4f3992aad707218e9c34,309,"own hash, no publisher reference",0.005
changan,data/sessions/vin293.parquet,md5+sha256,,md5:a65442a02d6539f7b790e4d4933cc68f sha256:9d50a42f488aaa5be9fc7f74a13be99647ece053ed3163cfcabf1896e7511ace,136700,"own hash, no publisher reference",0.006
changan,data/sessions/vin294.meta.json,md5+sha256,,md5:838cb2e0f07dccf0e9bd7409aade1784 sha256:16754006e7d21f65505cffabc3451e19f4c69645860cdef9166a7406ed88aac6,305,"own hash, no publisher reference",0.016
changan,data/sessions/vin294.parquet,md5+sha256,,md5:42e695e8e461c55e4c540b4bb0e35b1f sha256:cb441038f60a260e5067dde010118926f918f844b3a4f31ae85481c98eaf5044,86908,"own hash, no publisher reference",0.016
changan,data/sessions/vin295.meta.json,md5+sha256,,md5:c04f7c546ff254943c8daefd3284f7f2 sha256:b3581cdf10ac5cc245e08a3058268b7d85556ff47d2928728b500466bad45f32,305,"own hash, no publisher reference",0.019
changan,data/sessions/vin295.parquet,md5+sha256,,md5:974f2e53fd87a07e448463c7878af2ae sha256:eda6d51d18b3e982df1182016157a2df16fffd0f9295bae665bc5352991ff49a,136303,"own hash, no publisher reference",0.014
changan,data/sessions/vin296.meta.json,md5+sha256,,md5:73d335d403a5a15f90e1573e30ed4d9d sha256:c622bf13eb747653c596a145c54c738f9cae79525b8380ecd35799dad5e3dd1f,307,"own hash, no publisher reference",0.019
changan,data/sessions/vin296.parquet,md5+sha256,,md5:38897f2804abfa01f4906ec094c3f8fc sha256:1a684b6f57218929a93b04af995a3237efee8be91bdfa73f46e72c7dc3e19f98,142831,"own hash, no publisher reference",0.018
changan,data/sessions/vin297.meta.json,md5+sha256,,md5:f523970eb62478f70dd9b2a94349eba3 sha256:0d94be9aeabeeaad7f70868d7fdf123fce1cbc2d06db364fa698a74ce7f23db0,308,"own hash, no publisher reference",0.021
changan,data/sessions/vin297.parquet,md5+sha256,,md5:e1285e976dc289211695b1c7b9ab0905 sha256:1e6c1ee7658f4aaef11f5081c3d24bd700d3278b6822147a9cfc18ac9bf0ed00,108007,"own hash, no publisher reference",0.017
changan,data/sessions/vin298.meta.json,md5+sha256,,md5:8ee10a85e121de12c2bab8470d382d8b sha256:98b39973da634bb8631302cea7effcadeb26cfe38b6222b1c1dc2b71155ef942,304,"own hash, no publisher reference",0.016
changan,data/sessions/vin298.parquet,md5+sha256,,md5:0c461cbbb9046d749c874e1a09f3abbe sha256:df195176c1dc9cbe5ae41a2bb7e6717e79684f170b06650fd1c50e74995c5199,123126,"own hash, no publisher reference",0.017
changan,data/sessions/vin299.meta.json,md5+sha256,,md5:c22d9b4a38d26b6dd83c2540d89963bf sha256:6b5db9bcb23f7d28e096e4f8e2bff117c81041b0bbeac197135d37920e7f201d,298,"own hash, no publisher reference",0.017
changan,data/sessions/vin299.parquet,md5+sha256,,md5:e49535c92340f384f637d0d67e0c6e51 sha256:e9a3c58f91523fd673463ff9704de3dc6d4df7a692cd8d07de37496bfcdfbf11,86744,"own hash, no publisher reference",0.013
changan,data/sessions/vin3.meta.json,md5+sha256,,md5:4d7b5dae68462954adbe3f68d5ccd649 sha256:b3283b495afba7daf7ec30ff73c3bfefd511f5121dbaa493dc28d36f012e7726,306,"own hash, no publisher reference",0.021
changan,data/sessions/vin3.parquet,md5+sha256,,md5:8bc6d5022e03e09a270688abd00bb037 sha256:aa5acbe55733936dca4dd0f203c369298ba604016be94ee00870696f3f5cbcd4,96662,"own hash, no publisher reference",0.017
changan,data/sessions/vin30.meta.json,md5+sha256,,md5:2c281e4c529e56bffd950a21e817cd35 sha256:f12a961ec9012514bca7629b5bafd0eb7bb5cb8bed8ab7b7ce040c6633ab52a4,305,"own hash, no publisher reference",0.009
changan,data/sessions/vin30.parquet,md5+sha256,,md5:8c610985dbb2a4b2f9a43a4a612422f0 sha256:82b7b4f1617ba3df0040cb85994840367d92d04aca9f91daaea087224360a462,77630,"own hash, no publisher reference",0.006
changan,data/sessions/vin300.meta.json,md5+sha256,,md5:c2530b676241b7dce3c8d9f4e1a76e6e sha256:33d5f2bdb6e81715ea4bdcd35607632803295df7b10ea51314b66c973f12a552,305,"own hash, no publisher reference",0.006
changan,data/sessions/vin300.parquet,md5+sha256,,md5:009f87ac2ffaf3ceca595d76e59c6631 sha256:967a261cea2fd8d8d9f3d35a94d9ac8477c633965569669fc76af292795db4e8,137570,"own hash, no publisher reference",0.014
changan,data/sessions/vin31.meta.json,md5+sha256,,md5:c6a55cb320d268dffcce308c31ef7f77 sha256:e30828be1251093101332034f4ee265ed346256336301ee537116e000849aa5a,305,"own hash, no publisher reference",0.020
changan,data/sessions/vin31.parquet,md5+sha256,,md5:346287f39ec567900b99359e8c282cbe sha256:6dc9e1181d4020a3eff8332366a3d0ff1f2495a07e06a4cc0ddd5b94370122ca,76574,"own hash, no publisher reference",0.020
changan,data/sessions/vin32.meta.json,md5+sha256,,md5:940460eff2ea3586e0eee771bf1c6c25 sha256:65183d06bd78e6807dc995c851201013c9b3af25a7786a9bce39125f23dd8684,307,"own hash, no publisher reference",0.014
changan,data/sessions/vin32.parquet,md5+sha256,,md5:3b40c2453f87cf36af6d0d0715c40c91 sha256:7a498c9d806178cf37bf2ba807a10ffc9c613dea699403ab210b865a9174905b,139878,"own hash, no publisher reference",0.019
changan,data/sessions/vin33.meta.json,md5+sha256,,md5:d51a65d218bb3062f3a97ef7d3200afc sha256:25bb670372d54ebabd478cf02fbdb11bd7f53a6c0349e419c112559415faab76,306,"own hash, no publisher reference",0.017
changan,data/sessions/vin33.parquet,md5+sha256,,md5:6cc537a0372c00f0ccde3569144b273a sha256:089dc049161d627b07f4374f462ff71fca601f4aaaa1d3141f644624ae0b44dd,147098,"own hash, no publisher reference",0.022
changan,data/sessions/vin34.meta.json,md5+sha256,,md5:b5f33f533f9951ec831c92b96c5092a0 sha256:1e4c00fb2d6f43805566732605776fd204fb4c2eb12432481561c4bec6fa72b3,307,"own hash, no publisher reference",0.019
changan,data/sessions/vin34.parquet,md5+sha256,,md5:948dc4ad976f8d24c0ad1a15381b407e sha256:f92b302fbf6a06ebe15d17a56ce313f4f3d621e6dc2e5a102dd7dc96a1ec9cca,151611,"own hash, no publisher reference",0.019
changan,data/sessions/vin35.meta.json,md5+sha256,,md5:6b760fc3bce847c974bf946f8d0ca8ff sha256:364754d45819712b54aae774121782050b19d7a41d8ac0a711a446fb6ea929d5,307,"own hash, no publisher reference",0.018
changan,data/sessions/vin35.parquet,md5+sha256,,md5:13d35f66cc3c038027485edc2c3744f8 sha256:48f267623380b145adbddd1762c87d69f05e7aa88b98678775e69f1334fc49c9,110800,"own hash, no publisher reference",0.016
changan,data/sessions/vin36.meta.json,md5+sha256,,md5:45528c2805eb8b03619a5af78e327b86 sha256:3555a681b6c11eb5795b5029920e651d28f43775950726546d2499611d8e2a3e,304,"own hash, no publisher reference",0.021
changan,data/sessions/vin36.parquet,md5+sha256,,md5:897945e37faf2396d9e3fce3dafc1fde sha256:1ea1ab6800e65f50e5fc366009d955c1ca7cbfe432294bfe19d5029e8559a5dd,119360,"own hash, no publisher reference",0.011
changan,data/sessions/vin37.meta.json,md5+sha256,,md5:2bfe732322caf30783427cc6959dbb6d sha256:f1fd7e9f2aeef774e1dd13142819ab730f914f1fc93f964f239b468e3fd54c09,300,"own hash, no publisher reference",0.007
changan,data/sessions/vin37.parquet,md5+sha256,,md5:97756aee615f58a3cf67e2a4944d008a sha256:75be26b7953adde64960e34eddfaba887cb18d37cd2bc86d0b4bfe254eb96b91,142404,"own hash, no publisher reference",0.007
changan,data/sessions/vin38.meta.json,md5+sha256,,md5:f0ec085f0ec4beb821b130a5cc35c4a2 sha256:128fbd58ff6d6940fcab5df160725f76ff5c834f27ea579f6a7ecb4aa02c5e3e,309,"own hash, no publisher reference",0.020
changan,data/sessions/vin38.parquet,md5+sha256,,md5:9b56f02e3b17a0482b474e7fcfb4b523 sha256:93d808271b629d2eaa7baedb6cf2578c90da5e1b8c9eca8acb21b62f4e91f71b,135112,"own hash, no publisher reference",0.019
changan,data/sessions/vin39.meta.json,md5+sha256,,md5:7d9baec2d8b9772a90db8ace8ae06e5f sha256:b26ebd07a87cb73048caf0fd0130a965587a6f45d2f50d0f68c3968101e620be,306,"own hash, no publisher reference",0.014
changan,data/sessions/vin39.parquet,md5+sha256,,md5:30c4fd1573b9556410ea3ad433e151b4 sha256:0c811e11e2c932456987cbbe41b53a22ef303fd00d5477433b79df776ba50e47,115145,"own hash, no publisher reference",0.020
changan,data/sessions/vin4.meta.json,md5+sha256,,md5:2ebd71eba43b56ad7e943e6221c3eca5 sha256:a4b4077b314b1f3ae34a441a1d1a18267a5406a9d48781f4a340a33438e044a6,304,"own hash, no publisher reference",0.008
changan,data/sessions/vin4.parquet,md5+sha256,,md5:e0780a20781f4e600ac57ed51245b7b6 sha256:6ed5615dcab6623db3815da97b72e352e83180c533ed9609bfecf0e88e03e536,84501,"own hash, no publisher reference",0.005
changan,data/sessions/vin40.meta.json,md5+sha256,,md5:12838383c82c3e8384d17220508972bc sha256:7ebf172b1b0530be1e77c7dab2e6f6a41c1f917becf04374cf3eb835c274db57,304,"own hash, no publisher reference",0.007
changan,data/sessions/vin40.parquet,md5+sha256,,md5:f3603cefd038991677f43956b640885e sha256:8bd76a460da653485c40376c13d6934b079a36ce5e282e5fed7844018a75eade,81000,"own hash, no publisher reference",0.010
changan,data/sessions/vin41.meta.json,md5+sha256,,md5:aa40d668da6017de93de73ad254193ac sha256:eb5b48e8ac7db22da34f365a4191e5b374ed2f6efb006136313333be0c69c8df,304,"own hash, no publisher reference",0.006
changan,data/sessions/vin41.parquet,md5+sha256,,md5:9045ebc590a5a7dc18781c328f5104ef sha256:4782bf17c638222d7427aba4817576c0575d659acb4d758f9e51412ae2267adf,101489,"own hash, no publisher reference",0.010
changan,data/sessions/vin42.meta.json,md5+sha256,,md5:65942c1e42542c9f00213f8b954cf931 sha256:323c0dc04ec96c914e15d93dd36bf6f0f7a8dbe1cb661aae890d851aab5c8441,303,"own hash, no publisher reference",0.015
changan,data/sessions/vin42.parquet,md5+sha256,,md5:e6288fc9b6a3f4d3610611bb167e10ca sha256:08c766640a3ab574e6bd4c85555e933fccb7c1b5e54f26ebda685dcfd2d4c117,73019,"own hash, no publisher reference",0.017
changan,data/sessions/vin43.meta.json,md5+sha256,,md5:61d66edadbe5d880d2b9f6fbb33557ab sha256:92f30cd30ab10000a4859877352bd3cd67f3631306e165499a600df710b111dd,303,"own hash, no publisher reference",0.015
changan,data/sessions/vin43.parquet,md5+sha256,,md5:682d8db8161c6068a805699d76061269 sha256:279ee37fb9b4e893979522150c2da8916b1e841b7fb7e33d0a51c7c79ba0ed3a,78948,"own hash, no publisher reference",0.012
changan,data/sessions/vin44.meta.json,md5+sha256,,md5:536bdb4a416ba8ec4f8205345cc651b3 sha256:0c179a47d7fe45406086d700205bc44d8e72c09fc9e690af1ad3bca02abe2aad,305,"own hash, no publisher reference",0.019
changan,data/sessions/vin44.parquet,md5+sha256,,md5:42f15ae8fefd93cb8e737b83106c0f30 sha256:e063e3eba46238445ea809e2d7f2de10453e7452f597f0d2e80cb28b77e87913,74614,"own hash, no publisher reference",0.020
changan,data/sessions/vin45.meta.json,md5+sha256,,md5:627a194d7affd5afce05ce45151efe5a sha256:4a57035db1bb109662d5cf99925a19589ba8956c53295e3ee8b6d1836cf6df6c,304,"own hash, no publisher reference",0.020
changan,data/sessions/vin45.parquet,md5+sha256,,md5:5e880ee681cb49afc56949abd9b26add sha256:8a522a63427c9baa895574ef30ce0ecf94caa56f7850d869eeb225b9d6b28220,76103,"own hash, no publisher reference",0.021
changan,data/sessions/vin46.meta.json,md5+sha256,,md5:6dfebf833190c719476934a3c359845a sha256:1a328a6f800e2ad773ef21e8002c014f2f6d402735f59a5547a02236ac959207,299,"own hash, no publisher reference",0.018
changan,data/sessions/vin46.parquet,md5+sha256,,md5:1fdbbe5f12788a9f111a47286876e249 sha256:41dd973c6082e716efb806bd337089268e26ab65498402d8d59b5197abd1a877,54190,"own hash, no publisher reference",0.025
changan,data/sessions/vin47.meta.json,md5+sha256,,md5:bdb627235d2efe52f97f01b6edc7bea4 sha256:83b5d5c46b11f3c412938b79a9bd4345106af68b1b71e5a030e71f5b504835d6,301,"own hash, no publisher reference",0.013
changan,data/sessions/vin47.parquet,md5+sha256,,md5:4afb4d42ae66ceddf5aef6aaa1e117ce sha256:104274b6181e0705fca1ea66c552ecfec6c11e85a11b15dc00a6bed72bbf6128,59163,"own hash, no publisher reference",0.012
changan,data/sessions/vin48.meta.json,md5+sha256,,md5:fcbfac9c7fc100fd7cbdc8dd2183af21 sha256:a0de5b891530d93013782d9fb71b3bbfce19f90d0632442f8d7c812a5c499dc5,301,"own hash, no publisher reference",0.016
changan,data/sessions/vin48.parquet,md5+sha256,,md5:6e201e8172ec2402c678efe9679b2225 sha256:5cbeac82cf6dca19fefea4e01cdbcdfb313281c466900559a4af762c2bb227c0,62007,"own hash, no publisher reference",0.017
changan,data/sessions/vin49.meta.json,md5+sha256,,md5:9eec42df2aefdc1f28482c979da7c7dd sha256:1df8142817054db6c00b473557e48be31cd5f9a935328a4e491fab781b36c49c,303,"own hash, no publisher reference",0.019
changan,data/sessions/vin49.parquet,md5+sha256,,md5:1015e9a4325fe395c51f79efb52d2aae sha256:54e390876667c07a250528a15be49891658ba962be10125b0ba8990310384ae7,115570,"own hash, no publisher reference",0.018
changan,data/sessions/vin5.meta.json,md5+sha256,,md5:602ac94a808853ca82639d0ea9f987ee sha256:1ca2da2a92214f2f5046a21546106db597d6b8658ba348eea6e89641c85bdb3a,304,"own hash, no publisher reference",0.018
changan,data/sessions/vin5.parquet,md5+sha256,,md5:9759b1ffecbd28718c8f997d8662d027 sha256:a727977277a4a6704856c29623822ed1750bf205d8aab65bbe46251411511e78,95912,"own hash, no publisher reference",0.046
changan,data/sessions/vin50.meta.json,md5+sha256,,md5:efb3a407eb5dda60e300a1c5772ece16 sha256:e20d935aa08aaefd747608af94f052dc0404d4cc938b5529ea2d5c4d12fc4361,302,"own hash, no publisher reference",0.016
changan,data/sessions/vin50.parquet,md5+sha256,,md5:4da3ec2120d3d67e96f94fda4a42419d sha256:062118764c82d4fea1f24ba901b543e1c18d5009efbdb64f5934eeedde3a13f9,65339,"own hash, no publisher reference",0.034
changan,data/sessions/vin51.meta.json,md5+sha256,,md5:25c138de58fcaa87d4154987ea1d6cf6 sha256:56199223a3d5c95636216d9dc1e6afda795484cfc5ca53f93b8d31b4bf034b7e,306,"own hash, no publisher reference",0.015
changan,data/sessions/vin51.parquet,md5+sha256,,md5:8dc1e768b8dd1b8740b40e8599987942 sha256:46ed3565274f04fd3140856e21dcd9120d3103cf2b36ff9cbadf634798f4afd1,98219,"own hash, no publisher reference",0.019
changan,data/sessions/vin52.meta.json,md5+sha256,,md5:d383a1d12e435998e5307605517ab711 sha256:19ccb38abe3001309b3d0a0305b3d533bc0d86e5115a6a60a4ac986195649899,306,"own hash, no publisher reference",0.016
changan,data/sessions/vin52.parquet,md5+sha256,,md5:48f6f4c2cb36459f9916f76832a35b78 sha256:6dd0382be10a6c69d23ea94677c2df1a2c561bcc66a02b16ce4faeb25b365939,187773,"own hash, no publisher reference",0.013
changan,data/sessions/vin53.meta.json,md5+sha256,,md5:9a91d1742edb65b20378548fa5370691 sha256:196e4b6623b928807c4f8f94cbbdafebf36d6b51fb62b7c552841824a9db2d5d,302,"own hash, no publisher reference",0.018
changan,data/sessions/vin53.parquet,md5+sha256,,md5:c8a422d077edabd141bcdf6a4be81054 sha256:3ca3526459fb1c3583a255159fc71ac9fb8f1a093050c4f47bb982e1c53716f1,35102,"own hash, no publisher reference",0.053
changan,data/sessions/vin54.meta.json,md5+sha256,,md5:88e3f41b256d650c525a37e3f6487ce6 sha256:6a7fae7f91d7feba1ae6ac85b1c800530b606a5bebb56407fed2eb43ee4f8a3a,307,"own hash, no publisher reference",0.015
changan,data/sessions/vin54.parquet,md5+sha256,,md5:c97776afd3a29dd32417e3bf6f7fd83f sha256:57c80bb1455bcbc3e47355e4bd6d62af1c2ac8a3eca0822767a7316d32e89f41,96452,"own hash, no publisher reference",0.018
changan,data/sessions/vin55.meta.json,md5+sha256,,md5:0e8d274e45ec04fc5c2779288a4aab49 sha256:4ed9da7fc4b533b044d7c06042260f7ad9ffd41211202516edc26f81e31ba18e,308,"own hash, no publisher reference",0.014
changan,data/sessions/vin55.parquet,md5+sha256,,md5:7b4ab9c5f08d6a75a776abcadec82c59 sha256:2ad70fdec62fc5d4758729748389332deef5ad283c3ece7348c65212f2d981aa,131801,"own hash, no publisher reference",0.014
changan,data/sessions/vin56.meta.json,md5+sha256,,md5:c75a853c8acbb76b00f183fa8d47a052 sha256:95fdb3ebfb70a836cacdefc9149f2dfa7d25248f7deb604a809836eeab19b20a,307,"own hash, no publisher reference",0.019
changan,data/sessions/vin56.parquet,md5+sha256,,md5:e7eeb0f6289f1b6f6fb8eed3aec8fa27 sha256:241841009810fd3ae31afb24d3edfaaf79bb4acc36c22c0f675b0abe8172d59f,84535,"own hash, no publisher reference",0.038
changan,data/sessions/vin57.meta.json,md5+sha256,,md5:0ef927827bc714e19fa532fd13cc7c15 sha256:e8496d445037b55d7dc0649057f10fc3b9eb673071ae7ded2634c1482f6dbe94,305,"own hash, no publisher reference",0.014
changan,data/sessions/vin57.parquet,md5+sha256,,md5:3516f68fd3a545fcf535d7980fd2f877 sha256:92e8bc2c70d3a93dead489ec522e041f299dc864caac092b8fac5f4d2ecf9190,79263,"own hash, no publisher reference",0.014
changan,data/sessions/vin58.meta.json,md5+sha256,,md5:6d9c91598317110a9b116674c28c250a sha256:04c9be0f90e6d555f69de8fd957a3b94d153147c04a90f040f2e8ccae198587c,303,"own hash, no publisher reference",0.016
changan,data/sessions/vin58.parquet,md5+sha256,,md5:5dd3cd07ae5bad66aa41a2e70e4678d3 sha256:19b209cdd4db1060a23d435f43ce165b7559cc7697f1a38ee08fe7a4d92d368a,44325,"own hash, no publisher reference",0.019
changan,data/sessions/vin59.meta.json,md5+sha256,,md5:89e998d0f9d8164bfc44a87eb362a4de sha256:05c635b0d97811d84a185ddbfa82b71bfb1cab71906b8b357fb0e25b6296953a,306,"own hash, no publisher reference",0.022
changan,data/sessions/vin59.parquet,md5+sha256,,md5:f8b9d1254c783b06c1799b3829eb779a sha256:41a3ffac1e9857389c553cf540725ed4ca2335baf7478770dcc7498d84fe1029,79711,"own hash, no publisher reference",0.017
changan,data/sessions/vin6.meta.json,md5+sha256,,md5:0270967d92fb8e1122739ee29e7e12eb sha256:78fba6514efd16a5fdbcb8d9d8e12f175fb67ea779558fb57370e84ad1b9f49e,304,"own hash, no publisher reference",0.019
changan,data/sessions/vin6.parquet,md5+sha256,,md5:b6ab731950ceb65e4fa93cba601e9d06 sha256:e7ca0e3a7b310b2dcec38295bdab19e01107b789f1d225d7d6bea40128179531,164467,"own hash, no publisher reference",0.016
changan,data/sessions/vin60.meta.json,md5+sha256,,md5:aa8080ac6d961ba67403806a07133b9e sha256:a00acac73180e5a2afa2fe1ac571ee71fb95971aa6aaa5b12f4c4883bf2ad337,305,"own hash, no publisher reference",0.006
changan,data/sessions/vin60.parquet,md5+sha256,,md5:53285890e781f1202d642c9fb52c453f sha256:a19c4febebdc89c37b50b4b777ce3466660c1ad72b0567aba892855c85abbb8d,77161,"own hash, no publisher reference",0.007
changan,data/sessions/vin61.meta.json,md5+sha256,,md5:87e2319c5b3fc13a07920a47ee2e54df sha256:65684908d670a1037b81dacedc6cec1cc1bad534290b6ab257707bb3ce1d23fc,306,"own hash, no publisher reference",0.004
changan,data/sessions/vin61.parquet,md5+sha256,,md5:09d1fe8ba139ff6190486b944cfc1892 sha256:543409dfab46d9b4106f61ca8d1109c32afac5b13fa72392a2b554a048c361ea,84979,"own hash, no publisher reference",0.005
changan,data/sessions/vin62.meta.json,md5+sha256,,md5:675184288e0e834b705b6755290f3d69 sha256:c5b37ba7ab3c62fcf50db97567c6926a523778e1e78cddf6167ae0ddb66efbd5,307,"own hash, no publisher reference",0.006
changan,data/sessions/vin62.parquet,md5+sha256,,md5:796a74403b7da2101f01464ce7fe9fdd sha256:2a16e6fd489a9aee0216f3f1ff33b3e2bfa23930c4f0e5cdc59dddd4681f4286,116067,"own hash, no publisher reference",0.007
changan,data/sessions/vin63.meta.json,md5+sha256,,md5:8998e60d32c8e7246007f7817762a852 sha256:7c72682f5c832f25198b7ab6c44be39a28b6d65f20d3e5a05aa0dc8163e26c7f,306,"own hash, no publisher reference",0.008
changan,data/sessions/vin63.parquet,md5+sha256,,md5:b97e0e7008d0dd53d040447d30dbac8b sha256:49baea1605dbae718cc9ca85666df25ffb292160630552907a5cfa9ef12a23d6,139538,"own hash, no publisher reference",0.016
changan,data/sessions/vin64.meta.json,md5+sha256,,md5:5e38ff72f2bcdeca5b43e3a2718f7b0c sha256:306cd3224da95e1b2357cfb3639a980122d6128ee20276b389063dd180b02adb,306,"own hash, no publisher reference",0.015
changan,data/sessions/vin64.parquet,md5+sha256,,md5:7f00066859df4f3f014a8d82734d8860 sha256:501db9f077ad744a48349ea8877ef6a12fa71806b42fb2b5a749b552763bc32c,65965,"own hash, no publisher reference",0.017
changan,data/sessions/vin65.meta.json,md5+sha256,,md5:5bd51445e925225bad381f3247a3d90c sha256:7682c51c1d33611d1bc78e1af8baf3a94435a1a10702d2c36c87b383857b1325,306,"own hash, no publisher reference",0.016
changan,data/sessions/vin65.parquet,md5+sha256,,md5:134e69f4c70b399903221c66d256bdd4 sha256:7b5bd3981adc8ab21b5bbe1dab305dbc74851b9e934a6972678e0ba8506e2676,148766,"own hash, no publisher reference",0.016
changan,data/sessions/vin66.meta.json,md5+sha256,,md5:e96eada988f30bf37178c6916cc4b5c0 sha256:84ce603959cffcb71bf4bf2469010f35534963b47b7cf605f72dcf3147a224cc,305,"own hash, no publisher reference",0.017
changan,data/sessions/vin66.parquet,md5+sha256,,md5:61ff5bde6775d3fec2ac00b5d4879cff sha256:92a9be09853667cca53ddb2d6eb589bc8556bac258b021ad60900630c82886dc,157427,"own hash, no publisher reference",0.019
changan,data/sessions/vin67.meta.json,md5+sha256,,md5:148fd7633104ef27024899200f2d00f4 sha256:2f98e6018e045b97e753c52d2f8e90bb7073c9a5691fb9e784af2abf2b157145,307,"own hash, no publisher reference",0.019
changan,data/sessions/vin67.parquet,md5+sha256,,md5:e2b0cb71eaced4d7f0ed85f989be5000 sha256:cc07d4baa215c9c51d576ef8d86fec9341897c3ec812684d48994d67cf182354,100687,"own hash, no publisher reference",0.015
changan,data/sessions/vin68.meta.json,md5+sha256,,md5:8491e4b07ddf12de36f2080d7bf3286d sha256:8ef19050e6e593b1764c7a7e0cf0a05e4198dfde1a1283aa2727b4aa25b96ebb,306,"own hash, no publisher reference",0.014
changan,data/sessions/vin68.parquet,md5+sha256,,md5:cb4c937006d2622ce5a0dc6015f300ed sha256:5a234c092699e2ca1b1f9bba9a8964b1c1d34bfa3ac8e404f9bb38d353d37eef,159828,"own hash, no publisher reference",0.016
changan,data/sessions/vin69.meta.json,md5+sha256,,md5:b4c0f915c24731e638ec3f3cbc55f288 sha256:10799aee21edd66b544575dea10df835c32c518aff77287c056eab221ed1328a,304,"own hash, no publisher reference",0.017
changan,data/sessions/vin69.parquet,md5+sha256,,md5:0227deb4111907a7ea370ea88c1b4147 sha256:cdbc69bc235cd518a573fbff4c30bedeb56618da75a5de187a3273ce8f86776e,83633,"own hash, no publisher reference",0.022
changan,data/sessions/vin7.meta.json,md5+sha256,,md5:aa6b524bffed6c712eaf4b8e14d85c0d sha256:d3663276f7959860d4b8c47ea39f7b3278d8ed955b69d8a959b8309f8fe6f765,307,"own hash, no publisher reference",0.034
changan,data/sessions/vin7.parquet,md5+sha256,,md5:aaa8793cb81a7f7833c72d01d40e48a4 sha256:af45cbefa1e86f0fcd33d782db0342bea323cdc0fc65f246b58d6edc7535bd09,172577,"own hash, no publisher reference",0.026
changan,data/sessions/vin70.meta.json,md5+sha256,,md5:2db868127c116fefbef10a80e9cdde45 sha256:5958957d813ab257bd03e1542a808fa9d759b702e40eba4528e9f473d8c6dde4,308,"own hash, no publisher reference",0.013
changan,data/sessions/vin70.parquet,md5+sha256,,md5:f00422a50a53139800c44633c9bdcc67 sha256:cb95a434b9e459f7e2e4c0c601920df6dd1160f961dc86c2eb3b91787c0b3315,119350,"own hash, no publisher reference",0.013
changan,data/sessions/vin71.meta.json,md5+sha256,,md5:b55d0e94c1300f6b0e7d78c597562f49 sha256:2b9aa6da18426e53e571c5f6fb3ffa6d32b38787734514d7d3b4940c96a32ab8,304,"own hash, no publisher reference",0.018
changan,data/sessions/vin71.parquet,md5+sha256,,md5:5cfc23281e1d8c890f4c6b27d07418ec sha256:472cfcd03a85d2c7354e5b66d0b1351389712a1890aea1640878260842495bf1,125229,"own hash, no publisher reference",0.014
changan,data/sessions/vin72.meta.json,md5+sha256,,md5:0f6206f7c046ca4f8ca9622c50680453 sha256:fcc56cea0e3db3091ff9089edd57bfffbf3a1ea14ac4257ae5be695133731413,302,"own hash, no publisher reference",0.015
changan,data/sessions/vin72.parquet,md5+sha256,,md5:22e83ca2d155eb209db8bd4431dde651 sha256:174386a5ccd3895696e2af91e55d116b2bf68a61c998dffda2db729bf3e02694,86565,"own hash, no publisher reference",0.035
changan,data/sessions/vin73.meta.json,md5+sha256,,md5:d8b72ad8e7daf9cfde3fcdd99a6c162d sha256:d9e69bfd9208fd5c66fc0946e434356439d929f1eb22e297cb844a8aae373205,302,"own hash, no publisher reference",0.012
changan,data/sessions/vin73.parquet,md5+sha256,,md5:afb0809858061ef4a94198ad98687591 sha256:88c25778d409b52d2b1a558cbe4ec3aff39d19f714bb5fee48b3c2ea70ebf433,104906,"own hash, no publisher reference",0.041
changan,data/sessions/vin74.meta.json,md5+sha256,,md5:161b385808f6a05a407c2fb041df0a63 sha256:97fe581b6d1f409a626ce1faed4b9e933c99acda80d705aace790d5eb7955207,305,"own hash, no publisher reference",0.014
changan,data/sessions/vin74.parquet,md5+sha256,,md5:017ea951a3be0497f734edd6c801943a sha256:b0a296e1f0fb5a17d099ae06184cc4385ac24bbfbd5e84524392dec2765fa35a,97518,"own hash, no publisher reference",0.015
changan,data/sessions/vin75.meta.json,md5+sha256,,md5:0bad05decc80bb76ee73bcb1baca03da sha256:0c71100bc5b12240d046b08cb352fa097f14df6317e736c07e35ffe152761ca9,302,"own hash, no publisher reference",0.014
changan,data/sessions/vin75.parquet,md5+sha256,,md5:e404abff56a97aaaceab30091ed6bdcb sha256:0e2f7089fc073677f1eafcb874e8b6540ebf1ed7b09d8af84bdcf748c7f5eab8,65064,"own hash, no publisher reference",0.016
changan,data/sessions/vin76.meta.json,md5+sha256,,md5:b1a65589bbdd598c0c3a9e9f12e60bac sha256:6e8aaa517bcb684df7bf29ffffeca29a64a33d6ca62ed632e6cb3fc76c0623f6,303,"own hash, no publisher reference",0.017
changan,data/sessions/vin76.parquet,md5+sha256,,md5:574728a947049fcfc4ce10ebbec209f8 sha256:755a349f360e5aa44e6b99def73442ca93e9b16c98867b24756908c60bb8060a,86256,"own hash, no publisher reference",0.029
changan,data/sessions/vin77.meta.json,md5+sha256,,md5:3e70c5cc2337004934457e9c53320c18 sha256:9ad8e4dba8196837aca09a0315c3db322ae788f94fff294aab339ad4955f7feb,303,"own hash, no publisher reference",0.013
changan,data/sessions/vin77.parquet,md5+sha256,,md5:80d58db85bb44bec8d29be89d536c07d sha256:d16cf37ad9d781e78152d6b063bece6f6a8f12f3d540148a10fe27b79d36014f,108519,"own hash, no publisher reference",0.020
changan,data/sessions/vin78.meta.json,md5+sha256,,md5:56a6cb5c6379adaa146051e2113dc629 sha256:6a6d5e23b6e1272e68b7e8855389b21297dc95982f21c3552f51dcdd14a1d3e7,302,"own hash, no publisher reference",0.026
changan,data/sessions/vin78.parquet,md5+sha256,,md5:4932072d5c516b0e7af63ec30047e5b0 sha256:94e8c5b0a96252200f8453c566c500f7f03274263c3c9dcbb454cc56fb56a828,79188,"own hash, no publisher reference",0.019
changan,data/sessions/vin79.meta.json,md5+sha256,,md5:79f771c9708235ad4614ba3e0f6d49c5 sha256:a4c54ec7f5cf98ef0b9d54f082ccf6bef939d94738492d7403bd1fd791b132f9,303,"own hash, no publisher reference",0.018
changan,data/sessions/vin79.parquet,md5+sha256,,md5:3aa167d1358d5385a0fdee9bb1fccc48 sha256:36ae8a9cb5e9b7c73d2e598f101e3d15ff1c1eb0e30b4ec747dbbb5cf77dd179,91140,"own hash, no publisher reference",0.016
changan,data/sessions/vin8.meta.json,md5+sha256,,md5:8cb751a736839b3808333fa267cd5487 sha256:857c43e41bb929c1081aa8ae56db028de06efa48c67a022498aab2f3b941fde0,305,"own hash, no publisher reference",0.017
changan,data/sessions/vin8.parquet,md5+sha256,,md5:1260e65e86ef6d41872cde50ba6b5957 sha256:a178f5e96660e4dac65b12013277aabb44e1dce295027165a59a41b36ca61a80,86652,"own hash, no publisher reference",0.019
changan,data/sessions/vin80.meta.json,md5+sha256,,md5:842af1492c9d7f7f7f7a8dd63c72999f sha256:d69f9cb181eda4214736e8f7b9bd31afe1e58a7e1fedaddfeed683b5728966d4,303,"own hash, no publisher reference",0.016
changan,data/sessions/vin80.parquet,md5+sha256,,md5:d3f5f6ebf235f4be87daf9de089edab6 sha256:4cae106f2d237c6fdaa603be94fd51b0bb8e2b89d27a6b21b28bfe348baf44b6,82132,"own hash, no publisher reference",0.015
changan,data/sessions/vin81.meta.json,md5+sha256,,md5:cbbd41da2eb6acbde00bad37f7204338 sha256:390769d5ac9dc8fd063d41a928c8ae4a26ec90fcc2709f5d728e48425f00c359,302,"own hash, no publisher reference",0.017
changan,data/sessions/vin81.parquet,md5+sha256,,md5:f2ab817185b6fa18de89f76a8439cdb6 sha256:c5648ca95f81f1fa7738f64576a7115a9a41004c564187e9ec4f57574e68cb6b,67461,"own hash, no publisher reference",0.018
changan,data/sessions/vin82.meta.json,md5+sha256,,md5:cdf3b56164a824ec29229bcb5592a67d sha256:2c6561ec7d29cb96ab1d8ab3870f5f2a4ab81661c9570408f96fc7545fa7742c,304,"own hash, no publisher reference",0.016
changan,data/sessions/vin82.parquet,md5+sha256,,md5:fcceb1f79f7ed1bba792767f630749ed sha256:e06e18db3ff395c933cf5716d9b169d1f9aee764e8a8995048109b419fb53fcc,63685,"own hash, no publisher reference",0.020
changan,data/sessions/vin83.meta.json,md5+sha256,,md5:5e336fde3d79dee00dbb12e722d4cbb4 sha256:32e9bf475246248bbe7e873af5fcddee978ee15480d6f85a505680ada2aa1f65,303,"own hash, no publisher reference",0.017
changan,data/sessions/vin83.parquet,md5+sha256,,md5:58224751375dad70b8e49cc18caed817 sha256:0e2a72253760f115e07cb1d222a59262d9cfdea646c63c76eec9b622dc24e7c2,72427,"own hash, no publisher reference",0.019
changan,data/sessions/vin84.meta.json,md5+sha256,,md5:4c96da309f6e516f7c2199de3acfae3a sha256:6a9b079b3ecd12570bd40f554a92f65f1198008355ebfaa9a571ffeb81abaa3d,306,"own hash, no publisher reference",0.017
changan,data/sessions/vin84.parquet,md5+sha256,,md5:32a93090be1dd21bf5d87815ad4ac4ed sha256:739f58aa298a6abf51bf00e2a86b538633b2a8b6b3baca0b13cd57e8ceef9b1f,159381,"own hash, no publisher reference",0.014
changan,data/sessions/vin85.meta.json,md5+sha256,,md5:3d2c64ffc9b9935b2b7f7d13778f27c5 sha256:4f9d5c383eb56e676aed70acb64eabf19307149cd56f392436da87df41ffb268,305,"own hash, no publisher reference",0.015
changan,data/sessions/vin85.parquet,md5+sha256,,md5:946f6e2c8b867959a26ae796610be9c3 sha256:2e57b8316f8bf56b6f436566b208fad885f2fe3ae8251341ec15de6c632e0cba,57308,"own hash, no publisher reference",0.017
changan,data/sessions/vin86.meta.json,md5+sha256,,md5:50366a33a6a288aa174421fdf4162fef sha256:13fcdd73e9300699f1749cf0d5d58c81cb460f4ecfe732decbf64f4c42ac319a,308,"own hash, no publisher reference",0.011
changan,data/sessions/vin86.parquet,md5+sha256,,md5:6ff919450a1dfff7d00e541aa4c006e5 sha256:5ca68e45a03916a2c2ac2a1160581186cf0e43b7f5332aa70dfef9717b4e1681,103473,"own hash, no publisher reference",0.014
changan,data/sessions/vin87.meta.json,md5+sha256,,md5:eca962399f65836a6191eff02c2ff5f0 sha256:1a38f4f49cb8a580ad150b8836f47822be85e058eabf5fef09e0343672cd19f1,305,"own hash, no publisher reference",0.018
changan,data/sessions/vin87.parquet,md5+sha256,,md5:30a280ba0f0fcaa4f68201d226b9708a sha256:a64cea1f2c4d1d77e7461e2fdd21d18eb795aa753b9bf2e9240c0dcb51b5340f,75650,"own hash, no publisher reference",0.024
changan,data/sessions/vin88.meta.json,md5+sha256,,md5:84498b9474e86f9c05d81de19815f344 sha256:4be343c116705dbb9fe6e011b7d7b3580228e16108aa2c3e06a6af682607c9c7,308,"own hash, no publisher reference",0.026
changan,data/sessions/vin88.parquet,md5+sha256,,md5:4d15d2ec4c02fae1aaf573a653e3cdfc sha256:7129b50dd1f82e260a8ca5b88c198648624508d3f5db08bb353da8e2a3dc2c9e,60698,"own hash, no publisher reference",0.018
changan,data/sessions/vin89.meta.json,md5+sha256,,md5:aeccfaa0dc503d7f9e0e5c9cc7de624b sha256:15dc029d77e8077c94e93e150410a030f9204e097f0ce89f867241d7556b2d0b,307,"own hash, no publisher reference",0.014
changan,data/sessions/vin89.parquet,md5+sha256,,md5:2f3f623cfea6a12f2cb31382dd204057 sha256:bf51e51d68783f7166b37f7c1dedc80f52a5ee62ab51c0645d88ca2138897315,74566,"own hash, no publisher reference",0.019
changan,data/sessions/vin9.meta.json,md5+sha256,,md5:05d5aaeccecf93b5af432a7dfb07de9e sha256:be194a26ff5287770c1951553c51eb8f37d8de380b041f0633513399603d3c79,305,"own hash, no publisher reference",0.017
changan,data/sessions/vin9.parquet,md5+sha256,,md5:5905b04f60364df0bf11ee867df3606d sha256:df50d679f32ce39cccdc56b79046ec2101b1c7ec8559b82692826303c9e516b1,134378,"own hash, no publisher reference",0.018
changan,data/sessions/vin90.meta.json,md5+sha256,,md5:5d448da3e2697335ab7ed48e0d032e5f sha256:3f2c4023d5a3eb3cfac3981b62446c49d4e0dd2a2ebaf875837d52ad9f9b4f41,307,"own hash, no publisher reference",0.017
changan,data/sessions/vin90.parquet,md5+sha256,,md5:5b3c6ee10d11dd37cd9ab2fa0c602c79 sha256:cc3737d211cb744cd95cf412873ab9f6abe4f2db2e796461350bd9fd66331fa6,155512,"own hash, no publisher reference",0.020
changan,data/sessions/vin91.meta.json,md5+sha256,,md5:96b456cfd29bf4cc51d467ce5ba01ce9 sha256:597a751f53cf66863c7b243d257b0ea0f09ab9fe0f7c8fbba0bce1e7a504bf8a,305,"own hash, no publisher reference",0.025
changan,data/sessions/vin91.parquet,md5+sha256,,md5:769ea64657a42c48afeea076c5e756c8 sha256:db0c9b5b830a0a92eedb5ac26cf8c3bd4fec2a932b419dba8611bbe20009f59e,108542,"own hash, no publisher reference",0.017
changan,data/sessions/vin92.meta.json,md5+sha256,,md5:d616b0ccf5163e8860d6ba38391a79a6 sha256:6f8c6bbb5a0ab0bf6f4bd8471e1c05ded45dfacdec6f7783f150aa58ac27d62a,305,"own hash, no publisher reference",0.016
changan,data/sessions/vin92.parquet,md5+sha256,,md5:fdb68c69e5f3c41651c21f48dddd5a40 sha256:ea20a17db6ff0e5a9d72511adcac3d2b044deafbf242b0515e18eeb2b93f91e3,146354,"own hash, no publisher reference",0.020
changan,data/sessions/vin93.meta.json,md5+sha256,,md5:1d8ea4a32783dc41653f68a7fd39f91a sha256:53af4f6e7a170f77de39117f91bf160f554d60580e3691b88cf483c600687abe,304,"own hash, no publisher reference",0.018
changan,data/sessions/vin93.parquet,md5+sha256,,md5:0efa500b43f0ead8f0231d6f6f5e3ea2 sha256:76c5c9a51d1bf726da415723ff1bf5a1947f566d6a00bfb775f43fe5fbd03d3a,44747,"own hash, no publisher reference",0.026
changan,data/sessions/vin94.meta.json,md5+sha256,,md5:c3c303942185ca47d49110193e4aed39 sha256:56815edc6dd04af3939f1e3382e98846bc5b55c962cfa851f3b4d23b4fffe39a,307,"own hash, no publisher reference",0.013
changan,data/sessions/vin94.parquet,md5+sha256,,md5:cfc38a4add19f78457089f3d311091aa sha256:d23c7689c2873a07bc3a3ee8dfb7b704a4ea7d6c65299976386500661cd696c0,124047,"own hash, no publisher reference",0.015
changan,data/sessions/vin95.meta.json,md5+sha256,,md5:fc8efa3de4f628adcaaeb52400497b7e sha256:63649df6c69a93561dcb209364b6f848dced2f0ba9570a18ebfa6bc0672095a5,300,"own hash, no publisher reference",0.018
changan,data/sessions/vin95.parquet,md5+sha256,,md5:7c5ccfd8ab783fa612528af7863652f7 sha256:a3e2d9e66facc1f8e0ede04db3b3aa7c4ca19d44b95f739126a0b793b2274442,123949,"own hash, no publisher reference",0.017
changan,data/sessions/vin96.meta.json,md5+sha256,,md5:222c0156de3bb8ce7291d02b3544f5c0 sha256:aea367bdf03864a9775efd00c29146bc310aaea381755b22fd076fc5862b4f75,303,"own hash, no publisher reference",0.016
changan,data/sessions/vin96.parquet,md5+sha256,,md5:fa1d88720177d013eec992e36c54708d sha256:0b529b1c2e138d9be519bdac299b276d1cdb78e7326216cd11237bd8f33ca320,93377,"own hash, no publisher reference",0.020
changan,data/sessions/vin97.meta.json,md5+sha256,,md5:8a2223eef1da9f093a51dac567429c83 sha256:af45e62fe50dbdd5b87e850ff7956a4c69a67e5c8a0e67b41548adcec0778ae2,305,"own hash, no publisher reference",0.018
changan,data/sessions/vin97.parquet,md5+sha256,,md5:783f0f862430786f3124993108f2a787 sha256:814089e5021a5867256dac43d73f09f23015ec878b59e30ccaf6f00f5d40e318,103050,"own hash, no publisher reference",0.017
changan,data/sessions/vin98.meta.json,md5+sha256,,md5:1b86d5bdb58f5aec9c69721f377e42f4 sha256:9f4609bb6f437384ad5f994b26e75143859905c133a5522f3b172adea55c10f0,306,"own hash, no publisher reference",0.014
changan,data/sessions/vin98.parquet,md5+sha256,,md5:4e9d3fa566a2159590e6ceb574847539 sha256:9dda4273919758ea0180ebcf574322f62de20b3c81d56b01fa97ea7b805f6413,106612,"own hash, no publisher reference",0.015
changan,data/sessions/vin99.meta.json,md5+sha256,,md5:b90084319e289ebdf016c54f7c798332 sha256:47bfaa43f23ef79a333967788b0626437a1d8f87d8c87ee819007960e44a85be,307,"own hash, no publisher reference",0.014
changan,data/sessions/vin99.parquet,md5+sha256,,md5:1781c72797180f01fd39264186eaa56d sha256:f448e3f5063901d441c6b9ab7f946963d4a71a537f04e6aa936f7c92a869b775,135198,"own hash, no publisher reference",0.014
changan,paper/Paper.pdf,md5+sha256,,md5:1d02cd04d20e613584149d9591f0146e sha256:fa1a7a49ab48a5dfd6b06b27f423f26c65d37ea14c01aa9c4a5a2ba6f3ec766d,2562994,"own hash, no publisher reference",0.050
changan,supplementary/Source Data.zip,md5+sha256,,md5:3ee1d5bf1dbdc25820b971f9a3142184 sha256:e2fde493b5152f22d3e983512952e7d0a52b29297c7a69b847b9813ffa21a1ff,1371066,"own hash, no publisher reference",0.029
changan,supplementary/Supplementary Information.pdf,md5+sha256,,md5:c6570a62da853e52e29ee344ab597872 sha256:d6144525a09b0243ca4ea6f5e6d871a715e09b3a376767f943dffb782121e224,4125797,"own hash, no publisher reference",0.037
changan,supplementary/Transparent Peer Review file.pdf,md5+sha256,,md5:a4cc799a885640a4e1fd2800240873ec sha256:8046d5059b9f4cc3bb533300f2421357f0fb1ee21d35b3c31a6a862099cc77f5,1483356,"own hash, no publisher reference",0.040
cloverleaf,data/Monitoring data 2nd life battery.zip,md5,832219661a8d387466d5996352b6d315,832219661a8d387466d5996352b6d315,7593131,match,0.034
deng,data/#1.rar,md5+sha256,,md5:54d2228526e07cf62551a2cd7a56b913 sha256:2e77a7836f441f5f45ae0b2e2116044fa3c4191d67377e89a126562743afc443,12238871,"own hash, no publisher reference",0.080
deng,data/#10.rar,md5+sha256,,md5:1ec40d82258f120ad3334142a60f3425 sha256:cc89ed52f23db5322fccd978cb489826796312c8fa999a6f733d9ebd719f919d,10508142,"own hash, no publisher reference",0.069
deng,data/#11.rar,md5+sha256,,md5:78b4ae61eb5591fd72a9d8f4a9cad0c0 sha256:658dff42f3ee690dbe55379887cceffb5be667ecc08136ebba80020f4ef66f0a,11539660,"own hash, no publisher reference",0.060
deng,data/#12.rar,md5+sha256,,md5:fd517bf17fa7d550ac8be9edf3e6c341 sha256:f6c8bc2ba4bdc8893cbe2e1a58a6f215ff26aff3f5659bbeb13d9f9e8db1bab4,11883835,"own hash, no publisher reference",0.060
deng,data/#13.rar,md5+sha256,,md5:c0145ddd588d75d84854dfc3ed09bae2 sha256:3ae4e287f051dc718b8c9049b51b5d9ab0debfbe1d8951f02c8aac8795413408,11474175,"own hash, no publisher reference",0.080
deng,data/#14.rar,md5+sha256,,md5:d6c34cbcb7ba1a78d482f508a1d7c2cb sha256:0964797a9574c75f0d93c1c05192a2a406a57330cccbfc88ec0258c1ab70109b,11377770,"own hash, no publisher reference",0.066
deng,data/#15.rar,md5+sha256,,md5:5512ac7c5bee7d01e3b425d6278fa682 sha256:d8b4468bd9199a6d281513d2fedb699456a8ef62a77530c30f3632ae5fbd6aa3,10013220,"own hash, no publisher reference",0.067
deng,data/#16.rar,md5+sha256,,md5:703bb1f36568639b05f4870fe32c83de sha256:156a3650976c60283e5ad83f9bb6f9c3492c4248ade1a8d172097dff03ab9df2,11805417,"own hash, no publisher reference",0.069
deng,data/#17.rar,md5+sha256,,md5:d2322e7df6eb65993be383eb8b1ebe32 sha256:70da9fc2225519cd26025aeb26a58d603ba310165475a8b054847a6afed57ccb,10922855,"own hash, no publisher reference",0.060
deng,data/#18.rar,md5+sha256,,md5:2f9621555e105d8ea60e5f98d1941fb2 sha256:da97555e3e3f0dbb1adb72b2f846a9bb7c99d52bcfcfa2eb7c87645106fba85d,12046848,"own hash, no publisher reference",0.064
deng,data/#19.rar,md5+sha256,,md5:474fec6459dda88265b82f5a39ba41bb sha256:0527ebd3eb2721bc16a30fbd0731336edd48c49e6ae886ed80289af62f41bd12,11188518,"own hash, no publisher reference",0.065
deng,data/#2.rar,md5+sha256,,md5:4968363714407768fe8110cd4ebb28ce sha256:52e008eb067e6072016ac98f580e3230480236d67c211404f0d62f44ce3a9421,12088035,"own hash, no publisher reference",0.068
deng,data/#20.rar,md5+sha256,,md5:33e24e7afb7487a035837933b827c46c sha256:37b48debf7b89151bd7a01a96e4c870df0c8aafa7ff48d08fcaf42914c239e31,11502515,"own hash, no publisher reference",0.060
deng,data/#3.rar,md5+sha256,,md5:619d29cef0f3461233e75eef2328a9ae sha256:1cb5d824602929662e09cb0a028a43258fa85055865391e906049df28e9a0ea5,11451253,"own hash, no publisher reference",0.052
deng,data/#4.rar,md5+sha256,,md5:cab39de08d31e9e0dea954bc6fa2bbf0 sha256:df2aa25c7bd471a97d3f997cc8e17f171940138dc161a4e49dc370aaf1257d7c,12084749,"own hash, no publisher reference",0.054
deng,data/#5.rar,md5+sha256,,md5:410cf853bcc7276c2f8cc0cc1015a8ab sha256:16b67a98bbdcb8df7f1727ccdf36e68b9eabb209d9bf2707ae921db489bad1ac,11888317,"own hash, no publisher reference",0.059
deng,data/#6.rar,md5+sha256,,md5:1b383677d2ea8f60f6c7df3fb2e0548e sha256:847b207bea6d5a60fdd92c208b32c8aff7575257e316de663ea7f9bf63642477,11663814,"own hash, no publisher reference",0.068
deng,data/#7.rar,md5+sha256,,md5:c13cfa50927da64a156640d547d66aa1 sha256:3ac79b584d43d54af1d9583c269fd35d1a5a86bb2ef0af64b61dabdb1528baf6,11606222,"own hash, no publisher reference",0.056
deng,data/#8.rar,md5+sha256,,md5:b7706f36f11f4d2ca10cba8b23847410 sha256:4603f6ca0405bb6356401060215ac39bda06eb70b35f0dfe1a88cafe4c7a9b52,11507641,"own hash, no publisher reference",0.058
deng,data/#9.rar,md5+sha256,,md5:c61f048776e62c6bf274cf6e5d1dab80 sha256:a3392323136fe7e0ff5e8db9f5a874d19b68693fa7865dc0082f522290a8a70f,11232824,"own hash, no publisher reference",0.064
deng,data/code/capacity_extract.py,md5+sha256,,md5:12b8ea917213441826ec686a3e75d364 sha256:af762c98eeae065a4ba9f00a68fb466bafc88677437280f007a8cb0eb732905e,6727,"own hash, no publisher reference",0.046
deng,data/code/Fig1.png,md5+sha256,,md5:e4ffbcfe5f509b0f3a2c0789a5581144 sha256:ead375ead51910852967ff767ee3d3e521638c31d4e8bbee1ee3cad36e119e96,2000641,"own hash, no publisher reference",0.024
deng,data/code/Fig2.png,md5+sha256,,md5:0263a3ac6f9c902a05281566f3a7b51f sha256:b10ea7d2096a365b5f28022fd6cb91451e0f7b0c180576f19690bec0661422be,2111998,"own hash, no publisher reference",0.024
deng,data/code/LICENSE,md5+sha256,,md5:56de6554484f1ab5cfb1055f5637209b sha256:424f4b69ace5e11d273d7be9ac0e714a3c930ff761b2fd276f5c1699b7ba4c15,1069,"own hash, no publisher reference",0.017
deng,data/code/README.md,md5+sha256,,md5:67d69d0e347e310733d3976b5ae7fb16 sha256:f317feaec92d2f17a51d7a55baa3efd57a96d715552eb0b8165d1ae604d286fa,1092,"own hash, no publisher reference",0.019
deng,supplementary/Supplementary materials.pdf,md5+sha256,,md5:a990616929965b7773d7bda4a6eb1a7d sha256:75524b7776168a2ffb2842ad9683a156bb2d1029618b99cf26df6e13b150e8f2,758732,"own hash, no publisher reference",0.022
evbattery,data/battery_dataset1.tar.gz,md5,2275beb485c85198cb6b6ff33b5c6816,2275beb485c85198cb6b6ff33b5c6816,812110847,match,1.294
evbattery,data/battery_dataset2.tar.gz,md5,726fb75958e19d1bfed35a945187deb7,726fb75958e19d1bfed35a945187deb7,418251471,match,0.774
evbattery,data/battery_dataset3.tar.gz,md5,78121cca0132b80efa93098e6cf3d773,78121cca0132b80efa93098e6cf3d773,177847087,match,0.326
evbattery,data/code/battery_dataset_neurips23dataset_code_onedrive_2023-06-06_full-experiments.zip,md5+sha256,,md5:f3462f4f75ea692dbd37632bab8d9040 sha256:bcd68abb1843fbbdaa6b93b0135e6ed27d82c44865c4abef7f61442eb836d671,437403,"own hash, no publisher reference",0.024
evbattery,data/code/dynamic_vae_github_2022-01-26_998255e717c5.zip,md5+sha256,,md5:6a8ebb4d6dbf062e5f93c697188984e1 sha256:b2688c7847ac429a91129f49974bb1612a1319b1481f54d71d969dfda5e4893d,67991,"own hash, no publisher reference",0.019
evbattery,paper/Paper.pdf,md5+sha256,,md5:802771c0c80804d81f63ee5a268a00a1 sha256:9643bb13629d9a5d2a95c1b163d569b4969b103a92ab0e96c443408aa6991460,655999,"own hash, no publisher reference",0.030
flashbattery-agv,data/dataset.csv,md5,2faa82bd0c27763d4b12d4c58510a1f5,2faa82bd0c27763d4b12d4c58510a1f5,2265463,match,0.023
flashbattery-agv,data/README.adoc,md5+sha256,,md5:040c1cef4cb20fed5105144e417b451b sha256:3dcd08591110d89a0669a944824c6607652bf1bc03ce9ec6d909da296465412e,3289,"own hash, no publisher reference",0.028
flashbattery-agv,paper/PENDING.txt,md5+sha256,,md5:495a853d80136a5a534257fa87956dec sha256:be783c5735192f4a712e3232f5f26c9438e8285adfa1382d8296cfdc44e6982e,102,"own hash, no publisher reference",0.015
ku_leuven_bev,data/doi-10.48804-8kpdtw.zip :: BEV energy dynamic data_V2.zip,md5,cc2d63758b411c0f8d4b61bdaa1fff1c,cc2d63758b411c0f8d4b61bdaa1fff1c,162310975,match,0.492
ku_leuven_bev,data/doi-10.48804-8kpdtw.zip :: readme_V2.txt,md5,af00ec7244a6680beed61d34d4a8ed9b,af00ec7244a6680beed61d34d4a8ed9b,2004,match,0.000
ku_leuven_bev,data/code/BEV-data_github_2025-07-01_47072183ac49.zip,md5+sha256,,md5:ab6bf191e8a14bcbaad93238fb555e50 sha256:350f3446613de79356f0de6e54d8424780bf1114a5d0e490493e9b8ea1aa1d0f,23173,"own hash, no publisher reference",0.015
ku_leuven_bev,data/doi-10.48804-8kpdtw.zip,md5+sha256,,md5:65c1b289d34c1a5933cdda16355448e1 sha256:dd319f36332919fec7dad5cd078a5e2192e3cb0806e9974dc6bf52cd13736c3d,161636589,"own hash, no publisher reference",0.360
ku_leuven_bev,paper/Paper.pdf,md5+sha256,,md5:4bf78c2c060673d91acdc383876ba39a sha256:01a98a5bae7cc868bbbadcf24b73e26250673493828ed09086913d80f51887b2,7637547,"own hash, no publisher reference",0.060
li2026,data/BatteryData.zip,md5,c28d865877bdacf1cdc16130f4b73cfe,c28d865877bdacf1cdc16130f4b73cfe,19211856,match,0.072
li2026,data/code/DDP-based-dowm-sampling_github_2026-03-26_31ea0d797cbe.zip,md5+sha256,,md5:a7dc8ffca14c8a2d89eb184e37b725a4 sha256:b174c0be0ed03de7b2f70edbde1e3cc097994e554b02a6fdcf95bbb05036f9ac,14420,"own hash, no publisher reference",0.021
li2026,paper/Paper.pdf,md5+sha256,,md5:d8d9f8983c3112913059528d45db07d4 sha256:e80d733926232806569734933397306ae6a0a8c3a6080da71f19541b029dcbdd,8637996,"own hash, no publisher reference",0.206
li2026,"supplementary/Document S1 - Supplemental figures, tables and notes (mmc1).pdf",md5+sha256,,md5:16f08b2ba171f12f39badf7a7a840a37 sha256:ca20b5fd47b693a2d31cef37a762250dc3b6442c8397011f1f06f20f6f7c5f22,5255418,"own hash, no publisher reference",0.041
li2026,supplementary/Document S2 - Article plus supplemental information (mmc2).pdf,md5+sha256,,md5:41d089e612db3d52b964ae35d5d6c8f6 sha256:15ff3f41bf169f1f573ab25b215bdd238e85cc52d75ab1b0166c6ef9a365e34b,25477106,"own hash, no publisher reference",0.075
m5bat-2023-04,data/M5BAT_04-2023_RAW.zip,sha256,10605d674dc84ea88af6f19f90da6b5dcedd011f1b158bdcfdb1344f7b41a2b2,10605d674dc84ea88af6f19f90da6b5dcedd011f1b158bdcfdb1344f7b41a2b2,101712838,match,0.185
m5bat-2023-04,paper/Report_04-2023.pdf,md5+sha256,,md5:a425cc8e5aaab41101df6260c4d4ef2f sha256:93ce508a2fdb847cb0d9147499708add3dd1f0c59912b5062570ce669a532058,1167934,"own hash, no publisher reference",1.073
ppl,data/BESS-Analysis/.DS_Store,md5+sha256,,md5:d3ff15de4df97fa423b637db2d669d93 sha256:7379e665fe5664c38b156b96713deb5950e329bc3c94022050fb01700eff5968,6148,"own hash, no publisher reference",0.006
ppl,data/BESS-Analysis/.gitattributes,md5+sha256,,md5:d8eeab274152ed7457ebd5f1f0c465ea sha256:094df6eaa4e6b21ebf065e847f84c1d08df68bdf3f1081f56c39426fd49788e8,43,"own hash, no publisher reference",0.007
ppl,data/BESS-Analysis/Cell_Level_Data,md5+sha256,,md5:818e94dd6fd1908ae68e996e212dd042 sha256:8108654181afeb4a0586e99c96f24ae1ed20937254e1084ae0ca68c68373fdb8,105,"own hash, no publisher reference",0.021
ppl,data/BESS-Analysis/ESS_2017.csv,md5+sha256,,md5:f24df7dc86d610ccfa1c8264dd438a0b sha256:010c9e7ce3ae0458093789eec6cece79f319d7cc5a3b8bad39671cef5e430c30,8496543,"own hash, no publisher reference",0.048
ppl,data/BESS-Analysis/ESS_2018.csv,md5+sha256,,md5:c94a9da6357dd6a9bf3670b61ed9d76f sha256:ef7e7bfeb8726d20dfde1b0415d978a3306f9126a076d13301e15335cbf3d241,57000312,"own hash, no publisher reference",0.136
ppl,data/BESS-Analysis/ESS_2019.csv,md5+sha256,,md5:cf8ede2a3c4a8b4ff84f7cef82609ee0 sha256:0b18519b87747cccec240a7668d8e859a3e77b0900da2b38663b6fb4324d9735,49434255,"own hash, no publisher reference",0.120
ppl,data/BESS-Analysis/ESS_2020.csv,md5+sha256,,md5:a95567029211758416ab2afaebf72309 sha256:5c5a0d5803e813c2b8c22bf2ea91a34a512d96eb86c1ec35ecd0ef21f2948301,58124546,"own hash, no publisher reference",0.143
ppl,data/BESS-Analysis/ESS_2021.csv,md5+sha256,,md5:5f8f040c8103778fe82f615a1c40fed2 sha256:76a00b85bc768556d1822050f5b8da7020fb293878738227beeebfd6f1720643,52201883,"own hash, no publisher reference",0.141
ppl,data/BESS-Analysis/ESS_2022.csv,md5+sha256,,md5:092b8b09602bb4b848e737e594b8a1e0 sha256:0df82ed0d2c7780a1ffecfe8a4088bcc73819c3b4c2971ecdcd70834b5aa1051,55239647,"own hash, no publisher reference",0.136
ppl,data/BESS-Analysis/ESS_2023.csv,md5+sha256,,md5:87ea3e46bd8c06856acb5cbd617c629e sha256:60318b0f86b2042203f86fc7b3b267b7f7f4c72b27afb824b487efa2e790bb17,60546595,"own hash, no publisher reference",0.152
ppl,data/BESS-Analysis/ESS_2024.csv,md5+sha256,,md5:2ca30dfdf1c77558d657a4a300b030c9 sha256:f32acb2a85287911638a929907bac6f9292d569c9e7f7bd732f863c6301ddcab,50342872,"own hash, no publisher reference",0.158
ppl,data/BESS-Analysis/ESS_2025.csv,md5+sha256,,md5:71b63fdc86bb3a5225fa4d0859bdd784 sha256:765d02bdeeddd6391bf86bfe90fb45fabfadd872ba3362ef1067d1353874edd6,63011755,"own hash, no publisher reference",0.148
ppl,data/BESS-Analysis/README.md,md5+sha256,,md5:7e3e5b5bfd5c6117f9fe06dce66598fc sha256:742a6528eebb521dfdce907a1024bfc9b8719c33aec841194a5aed272f616761,159,"own hash, no publisher reference",0.019
ppl,data/BESS-Analysis/Weather_2017-2025.csv,md5+sha256,,md5:419431b4f55eb590bac7275ae9353bc8 sha256:834354c263a3e716f5bca1cb1dfc7e3adbce7da1336b6f0ba041245ec174a372,494223969,"own hash, no publisher reference",1.101
ppl,data/cell_level/20161201-1231.zip,md5+sha256,,md5:fc2c80f1f6b12b1f08f484a2634779ea sha256:79c3a4fd1308ef314783b3293f94bd159d5ef54896cb24163d16e9f89ca8599b,239584140,"own hash, no publisher reference",0.546
ppl,data/cell_level/20170101-0131.zip,md5+sha256,,md5:4b89fe6d31ad12d5988a27d7bfbce01b sha256:67c22859844570ef30993c063ec1ffd93c78203ddcf9b24712102602b0caca68,409554405,"own hash, no publisher reference",0.947
ppl,data/cell_level/20170201-0228.zip,md5+sha256,,md5:d55c34000387f38743e63cda9bdad709 sha256:9296d1a4b68717495740cee15827752bd4a686e6511f0e1de4dc350ce317f917,325891822,"own hash, no publisher reference",0.772
ppl,data/cell_level/20170301-0331.zip,md5+sha256,,md5:81ac56d36e7365685be5daf806e1776c sha256:f764794fabcc323978161666f57d8a85e37af104b7017c79bb5ccb8642e1dc64,315591740,"own hash, no publisher reference",0.760
ppl,data/cell_level/20170401-0430.zip,md5+sha256,,md5:d4562fc3a070df6c233ce2ef3996a0fa sha256:a5d997c69ecf04e117898a1264814b4116f97469b12fdfbbe74eb8f2eb09e7de,369793700,"own hash, no publisher reference",0.879
ppl,data/cell_level/20170501-0531.zip,md5+sha256,,md5:95019b1026134fe3ab812fd55088ae9b sha256:25759361c3f19742f13f5d82aeb8a0314600c9c5e38e2c816f41e6ee5df29581,363221992,"own hash, no publisher reference",0.854
ppl,data/cell_level/20170601-0630.zip,md5+sha256,,md5:8ad570f00a01f333c468254f0f5b7056 sha256:02f80e2f403fc84608d1b3f58c703a2b184f6525e025fdaf544443e82aee94e0,346761558,"own hash, no publisher reference",0.832
ppl,data/cell_level/20170701-0731.zip,md5+sha256,,md5:c3a95e3de4d48e429e714f14f6c5b9f4 sha256:8d81ffa551828daf99461552a19c97155452dd2119ab337f8890f2e1471a8801,337748455,"own hash, no publisher reference",0.725
ppl,data/cell_level/20170801-0831.zip,md5+sha256,,md5:20abad53325c1d40df40dac8dc7ee232 sha256:4b93498727b8050574a412481af206bf0831ff1aeb9c4b93b316ea9af2792436,316081703,"own hash, no publisher reference",0.731
ppl,data/cell_level/20170901-0930.zip,md5+sha256,,md5:0a5c0bc7e02c20c12efb81dbd8ec9cdd sha256:16a549782384931f10c8d36ff44d6cd1eb532b08eeab77c6ae42e210dbfafc83,411467166,"own hash, no publisher reference",1.088
ppl,data/cell_level/20171001-1031.zip,md5+sha256,,md5:eb5a6fea4ef44716ea25144560530398 sha256:2e9cbd5fc8298a29538b17b118f4ad6a7694156a87d2303d81bfe815442b3827,488363121,"own hash, no publisher reference",1.071
ppl,data/cell_level/20171101-1130.zip,md5+sha256,,md5:81841b53fb5e0ad3a54c3b1e900b9a38 sha256:05d23d354518d8d5e8ad338053747346fa33d2fcd9990c18968403facbe132b0,122141581,"own hash, no publisher reference",0.302
ppl,data/cell_level/20171201-1231.zip,md5+sha256,,md5:be6d225d4447ea16c5e4ceb3681c5f87 sha256:4b073b94693e9fa4d67aab8ad24eef430f810a4696c0190a612600c55fe5c07d,185622382,"own hash, no publisher reference",0.445
ppl,data/cell_level/20180101-0131.zip,md5+sha256,,md5:dab6c077c8654d6973cedff98ae9fd69 sha256:b71cd9aca310100923e236e4166afc16e0e9d94ea8e278497dbc6648e74b5091,491307728,"own hash, no publisher reference",1.124
ppl,data/cell_level/20180201-0228.zip,md5+sha256,,md5:3004513e6b85d795e108fbeb812a3d03 sha256:6180cc5bcb1b9242cb6c928c747ec93a11dd77fb99ea5af8a50b29aff487c436,453533545,"own hash, no publisher reference",0.971
ppl,data/cell_level/20180301-0331.zip,md5+sha256,,md5:fcf066946cec56ca55a85e59a7f6f3c2 sha256:3d673424a74f007fac6ea9ee178fae347425798f00bb5a465795a14250f95e55,589215357,"own hash, no publisher reference",1.241
ppl,data/cell_level/20180401-0430.zip,md5+sha256,,md5:ffe2f26f5cf4e925ed54122574866408 sha256:0a123c39ad5eb9ac955a42747f7b75f1bde2a32fa041dc7e1d65f2c601fbb0d7,541355505,"own hash, no publisher reference",1.153
ppl,data/cell_level/20180501-0531.zip,md5+sha256,,md5:5c0390a2a07231b813c8ababbab06bc5 sha256:ea7eda905a5446e89349705bef62357f109f6fa7e5fd988e8db42cbb3976c9d9,338823017,"own hash, no publisher reference",0.759
ppl,data/cell_level/20180601-0630.zip,md5+sha256,,md5:69049d61001722c4c7f59ba029980bab sha256:4812ecdb9116e15f9a1301d2a7abb192536fcae609f7b014100281f8e5422fa5,548744501,"own hash, no publisher reference",1.174
ppl,data/cell_level/20180701-0731.zip,md5+sha256,,md5:4881f07a0959f429a2b28c6ae9a397fa sha256:fcde22032aeb0c17bc859010b36bc97e119106d088723593b437d4ce2f505cd1,447694338,"own hash, no publisher reference",0.955
ppl,data/cell_level/20180801-0831.zip,md5+sha256,,md5:b3db1b5ab95cd3896ea9dd90868c6881 sha256:e1f6b8bfaf7d17afe97e5e40f95540723e970d63f6dfa5effd413a058dbf8343,572324593,"own hash, no publisher reference",1.212
ppl,data/cell_level/20180901-0930.zip,md5+sha256,,md5:78ddddd5609b1fab24e6e69103c421ce sha256:cae3d703c9d472c30104f1d7ea8ef371d68a14a7491e3e242ca601020b9d0f02,632524748,"own hash, no publisher reference",1.533
ppl,data/cell_level/20181001-1031.zip,md5+sha256,,md5:88435b86d2c2c65a49fa96fe0ddbfd05 sha256:7acf237bd799aeac2f81c5828ef93cdfac8015ebbf204bc870e47705f5c18d3b,519539601,"own hash, no publisher reference",1.269
ppl,data/cell_level/20181101-1130.zip,md5+sha256,,md5:6486ce9dc6a62b2f15fcdce57080a115 sha256:bf80bbb39ab24840ec4e49706839d67e80a1a4f31cf8689f701a96cde4ec33e3,666233826,"own hash, no publisher reference",1.533
ppl,data/cell_level/20181201-1231.zip,md5+sha256,,md5:d0e43fb65a5d85660864326557e87367 sha256:fc106509859613f63d43781c121a97bef87dbe0e31fa4792de0c464db8b5b2b0,773648559,"own hash, no publisher reference",1.859
ppl,data/cell_level/20190101-0131.zip,md5+sha256,,md5:f3d77c52bb934e8ff19218ea0cd2ea4e sha256:fa23f59e6747f2b0d210676c2736c4e6606b8593a4eb0a1385b9b7feae3dc4c7,721843492,"own hash, no publisher reference",1.850
ppl,data/cell_level/20190201-0228.zip,md5+sha256,,md5:29ec73695c6ed4272583e856f5edccb2 sha256:cac7a1be5fc2dc988951d20a399660a82f00d48601fbd965de3f266f92860c42,617320580,"own hash, no publisher reference",1.536
ppl,data/cell_level/20190301-0331.zip,md5+sha256,,md5:e4403c1d6ad4a7f99e72e2c093c5cc93 sha256:c31a2d64061633a1d2b644067d2474067aaa2861fafafaa4e88c60b87eb814ec,816090169,"own hash, no publisher reference",2.006
ppl,data/cell_level/20190401-0430.zip,md5+sha256,,md5:abda99af93e9a8a4622303524ea7ae57 sha256:380d40c325f4e530f0c857caab2cc5fcddf5744385a1d8350234950fa78f0844,872100056,"own hash, no publisher reference",1.967
ppl,data/cell_level/20190501-0531.zip,md5+sha256,,md5:5af5d5164d61284caa09705f055f6b14 sha256:5b706723a7655c7cab7023b7e948086d5439031058da167f8ffbad29debac78b,30307118,"own hash, no publisher reference",0.090
ppl,data/cell_level/20190601-0630.zip,md5+sha256,,md5:589e30c8caa82b5b44f91db28a5dec12 sha256:a709766269078b42870a7cd1b3bcc4efe481f04d128eebd05d64fec863676c66,23931551,"own hash, no publisher reference",0.096
ppl,data/cell_level/20190701-0731.zip,md5+sha256,,md5:b591e3996002d9ff6dd99b434c7bd0c3 sha256:80a4a870d01e748ec4da0d39163cc359349607656eb89a636a62300284c0e967,510868940,"own hash, no publisher reference",1.061
ppl,data/cell_level/20190801-0831.zip,md5+sha256,,md5:54708207361f911567c42585afcd732d sha256:d5032176e7d88ad36e631edbcb0fe85577081a41fbf9b6f1c5201d1bad3723b3,519192801,"own hash, no publisher reference",1.320
ppl,data/cell_level/20190901-0930.zip,md5+sha256,,md5:8383c5516096f35cf1cb6d1c5cb465aa sha256:f8e95c44b18533ab52ce34f47f04d5e55a5a3716fe640ca7348c894b0d32495f,702999390,"own hash, no publisher reference",1.534
ppl,data/cell_level/20191001-1031.zip,md5+sha256,,md5:8d0f4a4961e1608f6332ac2310eadf66 sha256:28db3867f3aba9c5641b096ca0343013739c1bb20123048f32d4a958e32449e1,715891823,"own hash, no publisher reference",1.500
ppl,data/cell_level/20191101-1130.zip,md5+sha256,,md5:1e3e57d26f53acfffe3a44fcba0bc7e5 sha256:0385977104319f5e4f9f3dd399c3a62011bc3a0b0e2aed860356dc239a6ae851,704119416,"own hash, no publisher reference",1.696
ppl,data/cell_level/20191201-1231.zip,md5+sha256,,md5:bf40201ff14be8975c320b47c509687a sha256:c5c13964a15d54fdf06f563b268631e0c66adfd5dc6aaa8cda93e948986d6e69,446265096,"own hash, no publisher reference",1.063
ppl,data/cell_level/20200101-0131.zip,md5+sha256,,md5:7ca1b7daecadd77cee75170fb74aa3c6 sha256:0c5163eee07755b6b00ca0d20b13974da180d0487c49d93ca6be7beb54a28e49,87124155,"own hash, no publisher reference",0.214
ppl,data/cell_level/20200201-0229.zip,md5+sha256,,md5:c3e8d31f16f1a90525946b1cb5a38733 sha256:5be805825084a73866644ec0f371634cf1674cb7cb57a177fc3fa631828cad0e,725100275,"own hash, no publisher reference",1.661
ppl,data/cell_level/20200301-0331.zip,md5+sha256,,md5:a3668a9982b319d75e346078bca09e94 sha256:f943b5812648abcddb8f21f14923723012dbe8badba51d99acc56661ccf64797,778281143,"own hash, no publisher reference",1.619
ppl,data/cell_level/20200401-0417.zip,md5+sha256,,md5:8423fecdf36a0fcb85b2dfbcda8697ad sha256:9195e888d96d23cfab1af8dfae5c5755b3755899e5d5cd91e6c1f463dada3984,395533654,"own hash, no publisher reference",0.867
ppl,data/cell_level/20200401-0430.zip,md5+sha256,,md5:55a47b9e40ac28ac351f722021d25b45 sha256:40ffd5bdedbb2fcce9dc0dbad4228185bd3523a6e6f23d73c37ea934ca2daef2,731888651,"own hash, no publisher reference",1.758
ppl,data/cell_level/20200501-0531.zip,md5+sha256,,md5:22c63684bb5ae798e6feb872f967f879 sha256:2255a4027e9990f80015625cf5b00d23493231df33500a4ff41cd3e6d58071e9,772468315,"own hash, no publisher reference",1.667
ppl,data/cell_level/20200601-0630.zip,md5+sha256,,md5:0467c7525aeb53891dc686c783e4d270 sha256:8c72d012df5e79be5c52a199b21d1b273c1d7833f3dfe884ce7df845dfb4e907,761770154,"own hash, no publisher reference",1.669
ppl,data/cell_level/20200701-0831.zip,md5+sha256,,md5:9172f9acba494d511b2e9e2b03847dc3 sha256:edd599be972ebedc8d9a30792306f46397393b0d66d87da69aaa79b95a147d6a,1564357554,"own hash, no publisher reference",3.542
ppl,data/cell_level/20200901-1029.zip,md5+sha256,,md5:afaa56db3c8f3beeeabb109c60cafb5c sha256:041c3a4fefc8617479d7b6a953f14ff25ecdb4511df89e180eca0033a4534e2d,1450495066,"own hash, no publisher reference",3.134
ppl,data/cell_level/20201019-1031.zip,md5+sha256,,md5:3493908e5759f61151d8b288189f553a sha256:44280ae60bf1c8b5de49807fea800574c0e696acd620212fa345f4584f97b597,322601273,"own hash, no publisher reference",0.715
ppl,data/cell_level/20201101-1130.zip,md5+sha256,,md5:5dc72fc7f32b2d891f67f4979a432cb4 sha256:b8cc9c85d0cce579ad5525ebbb05da5d00b31c471da97ef605bc20a5efc593b4,742024303,"own hash, no publisher reference",1.618
ppl,data/cell_level/20201201-1217.zip,md5+sha256,,md5:00c34f4b6ca10de6243ec4d8bf9c51f3 sha256:b3ef3d11d58ad989ba68061ebedcb7d4b728b16bde23069a4e35d3e2ac0f12f8,427078101,"own hash, no publisher reference",0.958
ppl,data/cell_level/20201217-20210101.zip,md5+sha256,,md5:dfff1913d52661df4a33706e57c5822d sha256:40cdeaa9e2685c206428677fc8bd3863cf8cc1ea721e437e2e6e848799bd6189,385164619,"own hash, no publisher reference",0.877
ppl,data/cell_level/20210101-31.zip,md5+sha256,,md5:24694bbea5de39eca2ec7c2f5c342687 sha256:825aea18270a7343abb8931e807d7c6d7fe3d7f25e7c30f0abe52a585a7757a5,757831292,"own hash, no publisher reference",1.859
ppl,data/cell_level/20210201-0228.zip,md5+sha256,,md5:f72ec8ef86ae92c31af9802762d7312f sha256:0bc440d4475a3ba573803e24209a502c4d71d70492868a6f43e15deb883569a7,718908220,"own hash, no publisher reference",1.572
ppl,data/cell_level/20210301-31.zip,md5+sha256,,md5:2458ec9af24d85c5bac2441550287e55 sha256:8e571be81ac5071d41380bca4b61074b49d250f3a9291a4a06ab782947afa0fd,774938784,"own hash, no publisher reference",1.782
ppl,data/cell_level/20210401-30.zip,md5+sha256,,md5:0f78c8ac2a0be830e55e37f2af78807f sha256:9b1204bb956e3019a31f61e5fe03a4935366787cf082a8593b234d267c527475,743585389,"own hash, no publisher reference",1.665
ppl,data/cell_level/20210501-31.zip,md5+sha256,,md5:471a3dba2f71d24e2f9996d7fa93b419 sha256:c79d6c4209f579176c5b4229dc035419e133ae2a3c286f29f4226dd5f8448f8c,749691444,"own hash, no publisher reference",1.663
ppl,data/cell_level/20210601-30.zip,md5+sha256,,md5:b3d92e908bbe00c7a8146e93218f29ac sha256:797439eac3fcc564a246f964a7164ed4b08b8bf3d185c3a62ab6602855dbe4b5,339376222,"own hash, no publisher reference",0.756
ppl,data/cell_level/20210701-31.zip,md5+sha256,,md5:ffcc5913cdecd1a558881e4a9a82a123 sha256:3b39ee760029190993217971528ab5f29efc28f5244ab48a20fc4ad53792c69c,1110795,"own hash, no publisher reference",0.020
ppl,data/cell_level/20210901-30.zip,md5+sha256,,md5:cab246b2c41f5cd83977c4a969efbf3f sha256:b57799af303ea7edc41e7c39ce0e3a1b08380161899a60f378c5b0ed19c71ff6,208100034,"own hash, no publisher reference",0.459
ppl,data/cell_level/20211001-31.zip,md5+sha256,,md5:34da32584740c4df6a86de2a42cf4cf5 sha256:92ef15db4b2438da1045ef272fb126ff3d7bad10a32891746fc59d8de1f2ee5e,338262824,"own hash, no publisher reference",0.736
ppl,data/cell_level/20211101-30.zip,md5+sha256,,md5:2db1953dab3daf5d3c6fee863f99351f sha256:166f139f8d190f344192976dbeb837fac57148f46b8cb7ba7865ca8cbd61aa9d,758581594,"own hash, no publisher reference",1.638
ppl,data/cell_level/20211201-31.zip,md5+sha256,,md5:c5c11d52acb860e840475840360ed61b sha256:82df1bb1dfea31a7e8d8b0e0ca65ead7e611f57a15662f4aab624e9dbbd32cf2,788976028,"own hash, no publisher reference",1.606
ppl,data/cell_level/20220101-31.zip,md5+sha256,,md5:27d1d26faec4c805fd432c6bd8562aa0 sha256:9633ecb1e2753fa71b585a415baa2059752663bb248eef87fded62c2649a7437,775458048,"own hash, no publisher reference",1.499
ppl,data/cell_level/20220201-28.zip,md5+sha256,,md5:79372dc563c1d9a13247264522b8eda4 sha256:9785899700052f8a7af185ee8d7f7983bf6b4df657a1aac16e862abafadd9acc,706137608,"own hash, no publisher reference",1.464
ppl,data/cell_level/20220401-30.zip,md5+sha256,,md5:23d07b0063223ad05b022e342b6b4de5 sha256:34d70d8a41c8c6cf917157c16f197c053d5a65f2bddb4beefb25af4d10ecb7a8,695312420,"own hash, no publisher reference",1.392
ppl,data/cell_level/20220501-31.zip,md5+sha256,,md5:31caa2d0c13f4d47b9567e6542867b53 sha256:80d7305958602153fb9b32db02cf99e1d2196d772bd89245da79cfb9234ce6e7,761237426,"own hash, no publisher reference",1.498
ppl,data/cell_level/20220601-30.zip,md5+sha256,,md5:5cbc38c1883d2ecdb6d0cda17997ac07 sha256:9c1422029bfef4d028bc04d15b7fe45457c38b5abd955da110054e6a41ee84e9,741239407,"own hash, no publisher reference",1.442
ppl,data/cell_level/20220701-31.zip,md5+sha256,,md5:10278c1fe02ff5f161b7559d7374b140 sha256:d4df3cee1fa915544f75ed7275e0fa81a7368c470730ab9a3899979e6a2904b1,715630362,"own hash, no publisher reference",1.394
ppl,data/cell_level/20220801-0907.zip,md5+sha256,,md5:afd181b79791e6b974951703d8db31fd sha256:0e6703088a9345d00fa558e8f8cb05832ffa331e903936b86a39c533451e1f4b,816723995,"own hash, no publisher reference",1.554
ppl,data/cell_level/20220901-0930.zip,md5+sha256,,md5:e4a30400f988799a1f2239d21e49078c sha256:79579041382adf4874661c9616c132a54b422c2bc92d65c5ac1b262945233080,767172531,"own hash, no publisher reference",1.446
ppl,data/cell_level/20221001-1031.zip,md5+sha256,,md5:94dee3a6e208d578cf9d8de5e3882546 sha256:34d98a783771d1e3977e6b0aad209a5efd917ff91d278e07df0f5ca94f09a519,763756509,"own hash, no publisher reference",1.464
ppl,data/cell_level/20221101-1130.zip,md5+sha256,,md5:b5ded3e0dadd96f7f42c63ab84eb03bb sha256:d4170f3df423418780e5b47e1d29d7faedba0fa87ba987c1810b8d254db37039,766598721,"own hash, no publisher reference",1.517
ppl,data/cell_level/20221201-1231.zip,md5+sha256,,md5:806bdc19eaa97509fdb13592cf47213f sha256:017d99272787b61995ac7b8f55a80764fb6f35294f21f68dae42f2ce0a72d3c6,788192960,"own hash, no publisher reference",1.507
ppl,data/cell_level/20230101-0131.zip,md5+sha256,,md5:e80cd7c09e9305f3e74741f4ea5572e4 sha256:ae01bc0534a888c3d0c3dd65fa94f34c84a2617ac9896d28c92cb04fad715a29,824976909,"own hash, no publisher reference",1.609
ppl,data/cell_level/20230201-0228.zip,md5+sha256,,md5:2f0918248a55c847db09f60d861f038b sha256:b5685ad6b516acd1b6bbf399b8ae2a9cf3179502c9759f009863694d0b13d5b5,698434794,"own hash, no publisher reference",1.400
ppl,data/cell_level/20230301-0331.zip,md5+sha256,,md5:a3251ffe8d2fd4713b87060a22df99c9 sha256:e89c194edab2b044a65fe44ab2c73055361c6bafa9023eb4a0e9b6e02d7d2e21,246261423,"own hash, no publisher reference",0.546
ppl,data/cell_level/20230401-0430.zip,md5+sha256,,md5:7b1bdca0c3e5b82a5b498068a2c18d76 sha256:555a476e043c081700c24a110208831aeb359a47ed289a3d6fb41dd12f42eb96,710048516,"own hash, no publisher reference",1.409
ppl,data/cell_level/20230501-0531.zip,md5+sha256,,md5:e34c14705a5f4e3d30ba9989a5d77160 sha256:0cafed09997f41614d91638f0289a6ed443760758e75d8679b84fb9b51c4a631,749642961,"own hash, no publisher reference",1.483
ppl,data/cell_level/20230601-0630.zip,md5+sha256,,md5:937eeb767064c750534b40b11b6a9db5 sha256:146510f69fc50dce000f13e2954130b6d7800211389bb7c939c03db03a387b24,761587249,"own hash, no publisher reference",1.496
ppl,data/cell_level/20230701-0731.zip,md5+sha256,,md5:b5ffc2b1a2c76bc4eeb37c0d7be9a0c5 sha256:6f167b75d12ede8a38f0200915e55029c57b4607663566cafd75cd397692787c,777289921,"own hash, no publisher reference",1.517
ppl,data/cell_level/20230801-0831.zip,md5+sha256,,md5:55d168378539a7661b53372106b20842 sha256:18d36bd7815058d5fcca6620201483c19e19d1f9f9175fb3cdb478b1a7400910,784815842,"own hash, no publisher reference",1.538
ppl,data/cell_level/20230901_0930.zip,md5+sha256,,md5:e60056e92b617eefb8908d6d847e29f3 sha256:e458f8f54894137445158877d3baa2b3b2c0b62fa90e71c360597db51ce49132,786116965,"own hash, no publisher reference",1.527
ppl,data/cell_level/20231001_1031.zip,md5+sha256,,md5:0128384cdb1680da396f8fb6ddcca903 sha256:985de64829976cd05d9fb752d072833c251115048ae9710ec887c393e5b8f9c2,780772633,"own hash, no publisher reference",1.529
ppl,data/cell_level/20231101_1130.zip,md5+sha256,,md5:5312d73c7f3d5d9f41b4e28f71246b36 sha256:1dcb02cb686611583038092faa4c6452ed11dc08f434c98235f7d949e6c0c4ad,388986482,"own hash, no publisher reference",0.777
ppl,data/cell_level/20231201_1231.zip,md5+sha256,,md5:8f4a6f9674f9f50f52393a6a2aa8c0eb sha256:fd8f42591a1f5cba5bf94a670e591a3e7c2d0c1370019d7a7c7c94ca7d1bcece,423464999,"own hash, no publisher reference",0.851
ppl,data/cell_level/20240101_0131.zip,md5+sha256,,md5:340ca696c75f1dde3e920db9df0b8328 sha256:9600fef06a36be0b5083dc421087709d65ea8951e8d2470fdaba1c73a8761b07,314207117,"own hash, no publisher reference",0.626
ppl,data/cell_level/20240201_0229.zip,md5+sha256,,md5:ce0dfc315f872b7d35d9cc1f3e7507d6 sha256:bcfb7923f16a4e73e4b716e81c3c759eab99c61a776a8ee31021ecd90d5f5836,47280488,"own hash, no publisher reference",0.118
ppl,data/cell_level/20240301_0331.zip,md5+sha256,,md5:dcc3b14832e0a93e0b868ff64292d6c8 sha256:c5b82b71cc4c9ed82773a83c1ceb5a5d0f493663314e3468c84c2ec7ecdec3f6,537840483,"own hash, no publisher reference",1.063
ppl,data/cell_level/20240401_0430.zip,md5+sha256,,md5:64010fc14ce9d459e67cd6be9c5ebda9 sha256:ac5c090854f07fc7654b8f3e03542ccca5b794331cef919e4bd8dfe6ddcbb691,781695044,"own hash, no publisher reference",1.529
ppl,data/cell_level/20240501_0531.zip,md5+sha256,,md5:2a68ceb7db77351d50c58bfa57eeb9cc sha256:472958f94a8e51eba17c827fedce27872e77073074e1b7fc6c789e397a417b3a,821968553,"own hash, no publisher reference",1.605
ppl,data/cell_level/20240601_0630.zip,md5+sha256,,md5:9569ec6a6b9fb0914713b62c2de62c92 sha256:eccff491b64bd593fc65093dadafee2d55303e1c45fafbfed3fd459b78bb9253,741190754,"own hash, no publisher reference",1.433
ppl,data/cell_level/20240701_0731.zip,md5+sha256,,md5:c0c93327d091430e96eebf317b1596e4 sha256:84ffaeeb204303995865f5d2fc0e6febeee0afd0f4903066ca5765082357e4b0,822604384,"own hash, no publisher reference",1.716
ppl,data/cell_level/20240801_0831.zip,md5+sha256,,md5:96222ee8dce9a539bb2efabaef358cb3 sha256:7d3b34ffa55e897d35dc9b9e8da20432d840666cca1f65f727df8e4daa0b8da0,808956941,"own hash, no publisher reference",1.560
ppl,data/cell_level/20240901_0930.zip,md5+sha256,,md5:77ca23618a564968ae0949b1d77731ca sha256:aea812f3af2a4a3acc17f61090f4be9771bd2baf4935007b31d57fb864605d0b,607540894,"own hash, no publisher reference",1.189
ppl,data/cell_level/20241001_1031.zip,md5+sha256,,md5:12c32d8788c9eab3e442c42f46056e70 sha256:9cd45f4ee1f6aa3fc0e4857cc04acf9ecec16e9eb122345b7ae882f2731e8135,3219,"own hash, no publisher reference",0.018
ppl,data/cell_level/20241101_1130.zip,md5+sha256,,md5:67f01e2ab1681577f86c575b893d868e sha256:bef40910ce7dc1991f764e2058d9e24e4d115b671418eac4cedab2564cb02f39,582538800,"own hash, no publisher reference",1.137
ppl,data/cell_level/20241201_1231.zip,md5+sha256,,md5:2d492970dec99d8e69f95ecdb576aaf2 sha256:ee906690b9211ffe7f994db518abd5237ef3259f55d67ea72d04697a495406d8,822407789,"own hash, no publisher reference",1.608
ppl,data/cell_level/20250101_0131.zip,md5+sha256,,md5:e0770d5562f291d087780f37f546af2f sha256:a53d6628187079e9ecdf7fa79565270ddd46d076fc416727b53ddae80c0d3be1,775022924,"own hash, no publisher reference",1.506
ppl,data/cell_level/20250201_0228.zip,md5+sha256,,md5:8770ef70bc56cbada8b8250d730fe507 sha256:1bcd7eceed06bb430dccc099e08b60f8972f9f3742a1c413643a123e6e2e8c82,711279049,"own hash, no publisher reference",1.383
ppl,data/cell_level/20250301_0331.zip,md5+sha256,,md5:71e387e40b3f0e3712959a9ae8b1ba81 sha256:ea7aa8f4f7068be76c8a1d47cc474aef8c2acf10da27daaab67a8cd41eb734b6,737383607,"own hash, no publisher reference",1.433
ppl,data/cell_level/20250401_0430.zip,md5+sha256,,md5:68aa8d349753af12813c38bd779765ea sha256:8ae631c4bc0483312494bd2d22a9a4fd4337e1c3e860a860230625aaae8fa74f,744923378,"own hash, no publisher reference",1.450
ppl,data/cell_level/20250501_0531.zip,md5+sha256,,md5:c0c794b6f00d8fc5aff896b404dec0f0 sha256:ecd350412060c2b3d4f5848af68297b4ab1fffa8488f464d5e5b033d81dc97e6,773177488,"own hash, no publisher reference",1.498
ppl,data/cell_level/20250601_0630.zip,md5+sha256,,md5:bc37339c090bdb856ac77435b821654d sha256:c4b32d3387f9e7745cf0e19e32a09886e1b37918a4c29c0318743e4b23fb8769,759466487,"own hash, no publisher reference",1.474
ppl,data/cell_level/20250701_0731.zip,md5+sha256,,md5:c694ffd87dd3ebddfa98c93d10a4c86b sha256:b9b5fad67265be4160d5a6dacd31a74f37ef59163df81d04294b9e521552ae97,788525843,"own hash, no publisher reference",1.562
ppl,data/cell_level/20250801_0831.zip,md5+sha256,,md5:15ca5872d46a60062c2ec8e3b46ec2be sha256:a0570adb9e2a51f26ba43419c5104419e1676c3b5c38de6637d0e7568bcfc2e0,791357723,"own hash, no publisher reference",1.537
ppl,data/cell_level/20250901_0930.zip,md5+sha256,,md5:6ec7ef88199caa7ce5f784180c2e5891 sha256:800158ca3e72ededed3033bbdd7ae01b8a964487d69e692ea191c3cea0c640f5,764609405,"own hash, no publisher reference",1.483
ppl,data/cell_level/20251001_1031.zip,md5+sha256,,md5:f0233dc969793ea519fcfc7c60ad0d31 sha256:fb454b74bcfac6d9973d7dddf0c067de20f8a97aaf8a446b6c14c679538adf6c,786548749,"own hash, no publisher reference",1.527
ppl,data/cell_level/20251101_1130.zip,md5+sha256,,md5:912df65f10b3243bb9655dca79e07ede sha256:e4deed63aa0fcffbb0b26851c36cea0e24bd718d14ae0ef2d6642a05ba9fd626,766123001,"own hash, no publisher reference",1.481
ppl,data/cell_level/20251201_1231.zip,md5+sha256,,md5:70dd1eee375519ff00e0fe0dbde39292 sha256:f49f575e01c4f6c2027a6874745817f1cd449eb6151e8841e78dbc91bdf79b0c,798688172,"own hash, no publisher reference",1.550
ppl,data/cell_level/20260101_0131.zip,md5+sha256,,md5:db480c05abcf0dc69c9356e36597eb83 sha256:ff4fcbd969462eac670edc5976ba9e2d8c4494a2b753ddaed2a00316a20f56e6,800927876,"own hash, no publisher reference",1.551
ppl,data/cell_level/20260201_0228.zip,md5+sha256,,md5:34a9c1915fcbfff654f74bc0f6143a02 sha256:7d8a01c65ef1c949f387ac9a9f6b7d4a19fd4045ab410213186be0ab14b63449,718177651,"own hash, no publisher reference",1.384
ppl,data/cell_level/ppl_cell_level_manifest_box-snapshot_2026-09-02.csv,md5+sha256,,md5:00a5d46050465765e16907428174e397 sha256:dbaf9e9d144a8e821f1310a7e4ff0469b531d1f9a854428b8be1994b6221197b,6381,"own hash, no publisher reference",0.018
ppl,data/ESS_snapshot_20260825.json,md5+sha256,,md5:67fe939b16af1fc08fc89665c3c75e0c sha256:6f9ce185483e3b78a8e801d611e74d37875f443e237beed148639733d3f32088,1411,"own hash, no publisher reference",0.015
ppl,paper/Paper.pdf,md5+sha256,,md5:d8c7a000f21eb68161281a006d236b34 sha256:be72c92eb8b5be80a07c560738b53377f2dcaf92fff51acf175dab73988755b5,2771151,"own hash, no publisher reference",0.039
rwth-android,data/Dataset_from_Mobile_Battery_Data_Explorer_2026-04.zip,md5+sha256,,md5:a45f263eb3b513be664f58c7b12337ca sha256:73b542c36e0628392427f4144227092a14d9616a9d26901e4e30262005af69e5,76060541,"own hash, no publisher reference",0.158
rwth-android,paper/Battery_Cell_Field_Data_of_Multiple_Mobile_Android_Devices.pdf,md5+sha256,,md5:e6adabae96800e9d22ab3c7226721196 sha256:e42ecd085c5b3d9362a9e2dbed691e04b9c29dec859d293e86e7289f4fb5b9d7,316291,"own hash, no publisher reference",0.023
rwth-android,supplementary/electronics-12-03049.pdf,md5+sha256,,md5:cda88fa7883e28dec756f52d45072407 sha256:b237fa55c27423409d8e97fc7b182e380c0db4e43136a8702cad66d5de26bd1f,4641474,"own hash, no publisher reference",0.030
rwth-home,data/Data_ID_01.zip,md5,a66d7eef3ad371a157519cc3eda9cbed,a66d7eef3ad371a157519cc3eda9cbed,973143312,match,1.218
rwth-home,data/Data_ID_02.zip,md5,de74d3e7e273806b2860014ecc989cbb,de74d3e7e273806b2860014ecc989cbb,1103425538,match,1.384
rwth-home,data/Data_ID_03.zip,md5,55039f1b5f512267987614b5093ab78a,55039f1b5f512267987614b5093ab78a,1153981898,match,1.446
rwth-home,data/Data_ID_04.zip,md5,17e4ba0c9a7dab64c8ae0ca3556e33ac,17e4ba0c9a7dab64c8ae0ca3556e33ac,907687347,match,1.143
rwth-home,data/Data_ID_05.zip,md5,56a18e3491a39da227b89b4c0656da59,56a18e3491a39da227b89b4c0656da59,855955141,match,1.080
rwth-home,data/Data_ID_06.zip,md5,27f4c1d5d4fb85bd9105fd2b027dc9dc,27f4c1d5d4fb85bd9105fd2b027dc9dc,999553292,match,1.247
rwth-home,data/Data_ID_07.zip,md5,e59f6d9bc8f593f003f14d1b28a4245e,e59f6d9bc8f593f003f14d1b28a4245e,2147184792,match,2.689
rwth-home,data/Data_ID_08.zip,md5,51979a1b808421e1c950253aad0c4bde,51979a1b808421e1c950253aad0c4bde,1024608389,match,1.286
rwth-home,data/Data_ID_09.zip,md5,115752411d830b904a67ec8ba824b45d,115752411d830b904a67ec8ba824b45d,1596772723,match,1.992
rwth-home,data/Data_ID_10.zip,md5,001078f3a37f2d2b28f2bebbab45e2db,001078f3a37f2d2b28f2bebbab45e2db,785190153,match,0.986
rwth-home,data/Data_ID_11.zip,md5,fb7ebf1b5cde25badd7709282b6254d8,fb7ebf1b5cde25badd7709282b6254d8,865844212,match,1.086
rwth-home,data/Data_ID_12.zip,md5,729b0565c7c9404844bd304805db794c,729b0565c7c9404844bd304805db794c,766641530,match,0.978
rwth-home,data/Data_ID_13.zip,md5,76aba4b4d36d893753bbb1b7d29b16d6,76aba4b4d36d893753bbb1b7d29b16d6,596341739,match,0.755
rwth-home,data/Data_ID_14.zip,md5,c9a2cd377ba747601b51ff02a8f421f7,c9a2cd377ba747601b51ff02a8f421f7,1841781891,match,2.292
rwth-home,data/Data_ID_15.zip,md5,2fe4921f22003f866074f99d647374b0,2fe4921f22003f866074f99d647374b0,814182405,match,1.014
rwth-home,data/Data_ID_16.zip,md5,f21ee396d938fbb370fe33979a9a8ed7,f21ee396d938fbb370fe33979a9a8ed7,796158915,match,1.001
rwth-home,data/Data_ID_17.zip,md5,36d5af3d77c3176bd20b6a4c884a05ae,36d5af3d77c3176bd20b6a4c884a05ae,576230771,match,0.742
rwth-home,data/Data_ID_18.zip,md5,f2b6b81e168acc8d56b13e5f0f1d6325,f2b6b81e168acc8d56b13e5f0f1d6325,333321035,match,0.436
rwth-home,data/Data_ID_19.zip,md5,58894900461aa379921ab605b1c9e2bd,58894900461aa379921ab605b1c9e2bd,632928731,match,0.797
rwth-home,data/Data_ID_20.zip,md5,834cbc6ac123053f20887c97de34a40f,834cbc6ac123053f20887c97de34a40f,1100352657,match,1.377
rwth-home,data/Data_ID_21.zip,md5,472b9fedf8b6fe6d4f35ea61a69603e9,472b9fedf8b6fe6d4f35ea61a69603e9,1253118231,match,1.570
rwth-home,data/Metadata_and_Code.zip,md5,23720da306f63fd2fd20fdc1a7b8f106,23720da306f63fd2fd20fdc1a7b8f106,31123,match,0.021
rwth-home,paper/Figgener2024_arXiv-2411.08025v1_degradation-modes-from-reconstructed-OCV.pdf,md5+sha256,,md5:88d28f6fb1e746b382926e2fbc2da339 sha256:14d19a9eeac219be88e182b6760cab55f0b79140fd88258265c6b07a810afa74,2068565,"own hash, no publisher reference",0.097
rwth-home,paper/Paper.pdf,md5+sha256,,md5:10ee062d3a9e10a6c255b4135adc310d sha256:2acd547311aeeffbe704eb2a9517414336461a2d663f5723b122a9f14f8abde2,1828034,"own hash, no publisher reference",0.039
rwth-home,supplementary/Source Data Fig. 1.xlsx,md5+sha256,,md5:1bdd37c182b70943c2f5ad026f118d68 sha256:225a60183b237a26030b2bcecd32294582ebc190abce3cb24f93bedc7b173a2c,11495322,"own hash, no publisher reference",0.055
rwth-home,supplementary/Source Data Fig. 2.xlsx,md5+sha256,,md5:daf884116b73247aa7b3e38bedf95eb8 sha256:0b4bb9022478bd154a23e1c05a09755f6192c606b9e1f5efc4c210dfaf3bdb09,52418,"own hash, no publisher reference",0.018
rwth-home,supplementary/Source Data Fig. 3.xlsx,md5+sha256,,md5:6ecc97171b608deb8228b929428ada2d sha256:179ec819eb9c96f23b0a9434ed8ce0b759aa655c4c809efd0b25993a8be04f9b,9904066,"own hash, no publisher reference",0.050
rwth-home,supplementary/Source Data Fig. 4.xlsx,md5+sha256,,md5:7fc9b136ac5b8f7ec4cd99ae3146ec61 sha256:773a72e899937612240386b6a040059a0d552a4828b3409b25a08f38de13a3f4,10639,"own hash, no publisher reference",0.020
rwth-home,supplementary/Source Data Fig. 5.xlsx,md5+sha256,,md5:51e440e53c490eb3a77d66af4e390f48 sha256:508eb664f49d44944d7b30234b57acebbeda5f4cb80ac4ad6c791ce7e012cc64,10158,"own hash, no publisher reference",0.019
rwth-home,supplementary/Supplementary Data 1.xlsx,md5+sha256,,md5:d4fb3e29969fd6a673108adf37ad5526 sha256:b14f99b1980ce33c762391c47de6be25658b59540806fe5155a740d245d60ca3,2834217,"own hash, no publisher reference",0.031
rwth-home,supplementary/Supplementary Information.pdf,md5+sha256,,md5:159c7bb468ebc008728cb3253cc83312 sha256:062c57fa945a3eb3b64844d6fe127f7cb245fbfc26e47f841a2d61573f010bfd,1731246,"own hash, no publisher reference",0.080
schaeffer,data/battery_system_sketch.pdf,md5,70b8ff15460c84de1743df74fa8741f7,70b8ff15460c84de1743df74fa8741f7,26096,match,0.007
schaeffer,data/code/BattGP_github_2025-01-07_6d5e1db3337f_code-only.zip,md5+sha256,,md5:6f263f90c8f19fb5cdbf6dccfe99b22e sha256:7fed74de40dc5cf7dfdde62183f3440f7a3debc6f5757e56df65429bf02cbfc0,140309,"own hash, no publisher reference",0.007
schaeffer,data/code/BattGP_github_2025-01-07_6d5e1db3337f_EXCLUDED.txt,md5+sha256,,md5:ec46397abe22ef3685dbe60c4fa4edb9 sha256:0f7337734e1f8460941b54c458670fad66c6fd9b23424469a40a671ca30d5cc2,537,"own hash, no publisher reference",0.006
schaeffer,data/field_data.zip,md5,827f508740c4154b7ff7b15de3b2c75d,827f508740c4154b7ff7b15de3b2c75d,1668409464,match,2.074
schaeffer,data/README.md,md5,5c214d4a18078a5707c1f6ee1520f27b,5c214d4a18078a5707c1f6ee1520f27b,2257,match,0.018
schaeffer,paper/Paper.pdf,md5+sha256,,md5:92bb0b9cad9ed424ae3909d49422d786 sha256:c3ea5789a296b3165b7a8c6480387c4e30ec347772eb812926de53773f229f8c,6774952,"own hash, no publisher reference",0.039
schaeffer,supplementary/Document S1 - Figures S1-S37 and Notes S1-S7 (mmc1).pdf,md5+sha256,,md5:35cfcfa2491cd97748df8e43da6c0a78 sha256:22215f330c9aee045cd00038ca081f957ccf2364c9862f99d8ab154dc044cf39,34311958,"own hash, no publisher reference",0.114
schaeffer,supplementary/Document S2 - Article plus supplemental information (mmc2).pdf,md5+sha256,,md5:b89bba4cc7dd313234517d86e7e5d018 sha256:db43335c1f45ee290b5e5b345a1c252f0faa3f10d54b5f84829e147eebe05848,41522847,"own hash, no publisher reference",0.111
tsukuba,data/294ecef46cba01f6392560efe6c78a28.zip,md5,0344850ce209537c795f5a9a848c8430,0344850ce209537c795f5a9a848c8430,2725973323,match,3.394
tsukuba,paper/sdata201920.pdf,md5+sha256,,md5:cac922bcd0abc7d2efaf076efd29e5bf sha256:4b52e6bf19a1bdcdd3bf5333a16e136a90636388b7a3061a08e6c5cceab1674a,1385070,"own hash, no publisher reference",0.024
tumftm,data/electric-vehicle-uds-dataset/.gitattributes,md5+sha256,,md5:6c66163575397e2f486c051e144defb2 sha256:e46e3afaa57a69005cfd93a80e7744d9d6da411129a410b5f4ff208373305fb7,47,"own hash, no publisher reference",0.006
tumftm,data/electric-vehicle-uds-dataset/.gitignore,md5+sha256,,md5:694ba29c8958daad596cd12679ddac15 sha256:43d36b6fc4b1b8f1b1e7f70f9beec48b90ccf73431bf119003f63781f96c5de1,33,"own hash, no publisher reference",0.005
tumftm,data/electric-vehicle-uds-dataset/data/json/charging_CUP1_1200.json,md5+sha256,,md5:110410e4b9d2ae11be1ec61510dfa299 sha256:153a830be64236f40f67f3b83671f30fafe3bd0060e0ceeef4057e46cc2480b9,14333,"own hash, no publisher reference",0.005
tumftm,data/electric-vehicle-uds-dataset/data/json/charging_CUP1_1208.json,md5+sha256,,md5:d9f1e57f2807ecc7873d04829242692e sha256:5cbc87e02229c9dc76408a03e6512a0ec1154d256227b38d1e4dbbc211a87a82,7714,"own hash, no publisher reference",0.018
tumftm,data/electric-vehicle-uds-dataset/data/json/charging_CUP1_1209.json,md5+sha256,,md5:e613fa62dbbef1570ead13fb66f999e1 sha256:1d9671517151ae839a8ec3f52060165c5cdd05ec56e92e75157c3d840fabe280,7715,"own hash, no publisher reference",0.014
tumftm,data/electric-vehicle-uds-dataset/data/json/charging_CUP1_1265.json,md5+sha256,,md5:a57b3de2f72047510f5bfd168b024ee0 sha256:0b673bfc3c4aed8f4838114426c972b1fbb74426d0da809fb162eae9c53e8341,16628,"own hash, no publisher reference",0.014
tumftm,data/electric-vehicle-uds-dataset/data/json/charging_CUP1_1269.json,md5+sha256,,md5:fa01c540e17394a0e100a28df0d1ff9d sha256:43e8e3f58ce13fbef3f92911b096c2089f85dbb729bb0c4316f808b4959b4f67,11327,"own hash, no publisher reference",0.022
tumftm,data/electric-vehicle-uds-dataset/data/json/charging_CUP1_1272.json,md5+sha256,,md5:e263d332833bca685ad43032fd4c2a5e sha256:9a955017a2ea8dae348fd8aaa513e5ff889ed3cc6133286d266f376e19229f90,11151,"own hash, no publisher reference",0.016
tumftm,data/electric-vehicle-uds-dataset/data/json/charging_CUP1_1273.json,md5+sha256,,md5:594d413d03f1086a01c29d6f130808dc sha256:da3c8b7218c5622784a3fc6881fb74a281437c970122dc32c7f6afbf3d41d39d,11159,"own hash, no publisher reference",0.015
tumftm,data/electric-vehicle-uds-dataset/data/json/charging_CUP1_1288.json,md5+sha256,,md5:5f2a560dd505cdcf327ab88fbef42448 sha256:01a2ca366183a4a4b0d9869c15ad19cb56c8ada9913b0d0e4ae373dcc583f4f4,134037,"own hash, no publisher reference",0.015
tumftm,data/electric-vehicle-uds-dataset/data/json/charging_CUP1_1289.json,md5+sha256,,md5:6490bc46da19cdf4c4beca353007651d sha256:fc4ae4ff02aff8abe776f0d55122d0d166581c82a03279fd26e640a9fcf06391,6420,"own hash, no publisher reference",0.016
tumftm,data/electric-vehicle-uds-dataset/data/json/charging_CUP1_1292.json,md5+sha256,,md5:9b6a6c2d45cb53f254f1386a2c72e2ea sha256:6fa623baf30b58b5b6efe9a8da21791720aeee9415b36f9afffb0771bdb57e72,37246,"own hash, no publisher reference",0.020
tumftm,data/electric-vehicle-uds-dataset/data/json/charging_CUP1_1293.json,md5+sha256,,md5:438b3fdbf34f3abf7c457e515957c27a sha256:4dd7f992b7e951eb80610e75b7eab09cbb96686f724ea33c0d1bbf7b291c14e4,12012,"own hash, no publisher reference",0.014
tumftm,data/electric-vehicle-uds-dataset/data/json/charging_CUP1_1294.json,md5+sha256,,md5:27667239d85465ff0837bfc65ecdaa3c sha256:ec23c3b9e70e82c8375889a6d2e377e564a6a339e17186477988fbb2de342257,12009,"own hash, no publisher reference",0.015
tumftm,data/electric-vehicle-uds-dataset/data/json/charging_CUP1_1295.json,md5+sha256,,md5:400b3333c43214bc178aeb34fcce2091 sha256:206d4a920aaa897997c179edcc6ace1eca086c13183199e4f70315b6371a9634,5820,"own hash, no publisher reference",0.013
tumftm,data/electric-vehicle-uds-dataset/data/json/charging_CUP1_15.json,md5+sha256,,md5:ba3422871aef8db40c49fff8dc9f8055 sha256:9bf673c4cd1ae39083c2edc65df26fe85c3adc0322f544edb021ff548ee56967,10933,"own hash, no publisher reference",0.015
tumftm,data/electric-vehicle-uds-dataset/data/json/charging_CUP1_56.json,md5+sha256,,md5:02bab894b1e7063cfc0c4069afc3e24e sha256:80e9e4e02973d0d871d997d9f49a88453aec3ac031cd333553165e0d282a0659,550081,"own hash, no publisher reference",0.015
tumftm,data/electric-vehicle-uds-dataset/data/json/charging_CUP1_900.json,md5+sha256,,md5:518f3047a00bd88f6336ac8650276293 sha256:4deebb920f5455eed168cf18e34a4fe4fcbad4ebc84c192ee3ff2ef0ad4f0a9b,9061,"own hash, no publisher reference",0.016
tumftm,data/electric-vehicle-uds-dataset/data/json/charging_CUP1_961.json,md5+sha256,,md5:bdc666d339ca99b7d42a7bc847f0319f sha256:decb1e4e44ee3d8bc10ae8168883b0fb836ad9fa7263d82a8b61eda42676ae8f,15496,"own hash, no publisher reference",0.036
tumftm,data/electric-vehicle-uds-dataset/data/json/charging_CUP2_1200.json,md5+sha256,,md5:16c033a95eafb63c1973b7b317c40c63 sha256:d90eaf5482603f21e444281f935fd70c2291196e42c8675e560ebc41e02a7158,14236,"own hash, no publisher reference",0.014
tumftm,data/electric-vehicle-uds-dataset/data/json/charging_CUP2_1208.json,md5+sha256,,md5:b363fcebbec2cb57c9a1ea9bd9ba1f0d sha256:230d765cfcc8b059a80464008ada4c6f5d9231e4077a1ec73bddb53ba7594cb1,7633,"own hash, no publisher reference",0.014
tumftm,data/electric-vehicle-uds-dataset/data/json/charging_CUP2_1209.json,md5+sha256,,md5:7d5ae1e21d5d79a6187faeed024edb96 sha256:6f75c9e61be911192198df7e95d05671de4dde1dd435453bc28a32851e8d840f,7648,"own hash, no publisher reference",0.012
tumftm,data/electric-vehicle-uds-dataset/data/json/charging_CUP2_1265.json,md5+sha256,,md5:fd623f575391c5975ee7e506797c0ef2 sha256:c667d8fbf0a3987707d212689b2e1fcf5c1663188d91c7ad789023a489dd7acf,16268,"own hash, no publisher reference",0.021
tumftm,data/electric-vehicle-uds-dataset/data/json/charging_CUP2_1269.json,md5+sha256,,md5:660ca94920464db45aa66a89d33afbea sha256:0b4e6ae380c5aa5753d87d2cd45b7c9fb8b9368fd12a998ba2737142b33bb83b,11210,"own hash, no publisher reference",0.016
tumftm,data/electric-vehicle-uds-dataset/data/json/charging_CUP2_1272.json,md5+sha256,,md5:e3286dc6217cabae4046f98ee649dd20 sha256:87c46d379bda8321be64d99abb8443c6242806a8e58dc805859622590ef8992a,10719,"own hash, no publisher reference",0.013
tumftm,data/electric-vehicle-uds-dataset/data/json/charging_CUP2_1273.json,md5+sha256,,md5:724da723ec46da2c50a8cf7da65d0250 sha256:c13b9c45982a2a624ad61dcd8767bf8d856dccda5e1ab2a2fe37d8e7d0640901,10750,"own hash, no publisher reference",0.014
tumftm,data/electric-vehicle-uds-dataset/data/json/charging_CUP2_1288.json,md5+sha256,,md5:8583818c5c092d83118b269678202f6b sha256:8027ad2494e28db1a7e28479bb3f661c3c033da51e095952c92ede7a997e1a10,133081,"own hash, no publisher reference",0.016
tumftm,data/electric-vehicle-uds-dataset/data/json/charging_CUP2_1289.json,md5+sha256,,md5:5af7d27b011011a329d993cf77cc7a47 sha256:febca016a8d869d5294473bdbea86fff187ea90b13d8765afa7e1021a5288c86,6354,"own hash, no publisher reference",0.015
tumftm,data/electric-vehicle-uds-dataset/data/json/charging_CUP2_1292.json,md5+sha256,,md5:49f73381ed378beb0ae246f2000d05ca sha256:925ef965bf282eca45a1c6fa351fb6cc666b887c5d86e8427c0f3d187a691fc2,37245,"own hash, no publisher reference",0.015
tumftm,data/electric-vehicle-uds-dataset/data/json/charging_CUP2_1293.json,md5+sha256,,md5:07c1c75d9f953f597d065073d155d660 sha256:c3343822ab257b72c3b2a23e26d3f3f4a3de04b08eb94a93df06182152d79594,11996,"own hash, no publisher reference",0.016
tumftm,data/electric-vehicle-uds-dataset/data/json/charging_CUP2_1294.json,md5+sha256,,md5:87a56f01bc20e54d27f313904d0e0e85 sha256:a5dc3dc9d9d75ee33baf70d732027f2013b74b735852900cea5162937bf6e6f9,11994,"own hash, no publisher reference",0.017
tumftm,data/electric-vehicle-uds-dataset/data/json/charging_CUP2_1295.json,md5+sha256,,md5:5fff74117d978962b0f94270d2476219 sha256:73ef43c82e323682c9dd7d6bf24514eabc6261fe2ac27fbfd897d3faffd32e79,5813,"own hash, no publisher reference",0.017
tumftm,data/electric-vehicle-uds-dataset/data/json/charging_CUP2_15.json,md5+sha256,,md5:8ed41f6cad41ee341091c2fd50b24ba1 sha256:f1af2ef995a9400937f08f593d32ed4095a03283db545ed4e1bd8daf6308df27,10852,"own hash, no publisher reference",0.015
tumftm,data/electric-vehicle-uds-dataset/data/json/charging_CUP2_56.json,md5+sha256,,md5:b903326cddd14c758378388b222710f9 sha256:028573d19553e5a83482977e71ff121a9a6401b66f2454da0f1e315e4fc21e53,549564,"own hash, no publisher reference",0.018
tumftm,data/electric-vehicle-uds-dataset/data/json/charging_CUP2_900.json,md5+sha256,,md5:bb170b9afff2386c6f723342ecf88904 sha256:b439d20614348c20f7be701dee9d0c1512dc87d04a529c60984205121770d2b0,9078,"own hash, no publisher reference",0.016
tumftm,data/electric-vehicle-uds-dataset/data/json/charging_CUP2_961.json,md5+sha256,,md5:a4bb69ecd905994cbfe261c1851d81c2 sha256:388ec08a7c6e5cc78fe52781db97880bd57ace625257b5fff88bd6f7b0c33dc6,15729,"own hash, no publisher reference",0.022
tumftm,data/electric-vehicle-uds-dataset/data/json/charging_CUP3_1200.json,md5+sha256,,md5:dd540f69070267614b29a7abdbcc2576 sha256:abc012e312253c680b39cb7e1d9100316b985df40c0d65205186d90854126776,14007,"own hash, no publisher reference",0.015
tumftm,data/electric-vehicle-uds-dataset/data/json/charging_CUP3_1208.json,md5+sha256,,md5:7f6b6b5e8108dc24e6c986df85c7806e sha256:92d6e48657472fe9d31658a95f578b4e5110eb9fe0481206d05ee5b90f1b6168,7550,"own hash, no publisher reference",0.019
tumftm,data/electric-vehicle-uds-dataset/data/json/charging_CUP3_1209.json,md5+sha256,,md5:78016f2b59174874faf205a440697af6 sha256:c7ae56eeec1be54dc528d141c5d8ae02a40a47ec88645529232b289b96114157,7555,"own hash, no publisher reference",0.015
tumftm,data/electric-vehicle-uds-dataset/data/json/charging_CUP3_1265.json,md5+sha256,,md5:bec759730d33c1d296d373a18866dd33 sha256:00684a02806112a01e95354dca153798af2c8053c883728ff750d31da56abb3e,16234,"own hash, no publisher reference",0.015
tumftm,data/electric-vehicle-uds-dataset/data/json/charging_CUP3_1269.json,md5+sha256,,md5:573c2fc1e6d7157c3538425d80e727ba sha256:91a0fa5547b4ad182411dc2d9a07e918b5430cdccd1867a15bfcc980965b1266,11339,"own hash, no publisher reference",0.024
tumftm,data/electric-vehicle-uds-dataset/data/json/charging_CUP3_1272.json,md5+sha256,,md5:1dedc655143e7146b449635e4f4d6c62 sha256:401f751b3d574b0e2161d31704c0d37d70103aea193a744cc7f74f810d2ad26a,10715,"own hash, no publisher reference",0.013
tumftm,data/electric-vehicle-uds-dataset/data/json/charging_CUP3_1273.json,md5+sha256,,md5:545a216df904252ae9125cd97d52c027 sha256:9557a4841a17c2b3caa4ac9a686dbdec78c6b30421cdb3b20f800857586023aa,10751,"own hash, no publisher reference",0.015
tumftm,data/electric-vehicle-uds-dataset/data/json/charging_CUP3_1288.json,md5+sha256,,md5:5e32f52d462dd4b66e136ab9c41d9519 sha256:9241b4237b6ed7f94f0ab265fee121a1355ea9198a6674d6342e0cc35a3d0f86,133005,"own hash, no publisher reference",0.020
tumftm,data/electric-vehicle-uds-dataset/data/json/charging_CUP3_1289.json,md5+sha256,,md5:ebb9e185c3d2d2f3ad9b1eab153ade7a sha256:62918129b57428fbcec442ad662769f2bf59df8c09ad0334e53588fe6794fd7e,6301,"own hash, no publisher reference",0.024
tumftm,data/electric-vehicle-uds-dataset/data/json/charging_CUP3_1292.json,md5+sha256,,md5:5d1e60ca0d92f4baf41991b520c83c17 sha256:4d930778071b78599791f0df2a2c5f9d8167fded94ac1db847ddf521bd207195,37245,"own hash, no publisher reference",0.026
tumftm,data/electric-vehicle-uds-dataset/data/json/charging_CUP3_1293.json,md5+sha256,,md5:ce9479bc3cdb64d16caff1659778990d sha256:04da57d2c04fecba58a8daacc04650cda40c2b4d43b4ec09823774db705222af,11930,"own hash, no publisher reference",0.015
tumftm,data/electric-vehicle-uds-dataset/data/json/charging_CUP3_1294.json,md5+sha256,,md5:862eb187f8a729e29430c6d627283dfa sha256:0df058c19ecca6b16487814af436a37e0ee203a7a706a45d30e7d05c8939ee77,11929,"own hash, no publisher reference",0.016
tumftm,data/electric-vehicle-uds-dataset/data/json/charging_CUP3_1295.json,md5+sha256,,md5:3e05373832ee9ee7c697aac3245b87b2 sha256:a7b0bb27d41140792119cc27aa6545c22f035ff08bc68ffaa07d487d89312f49,5810,"own hash, no publisher reference",0.023
tumftm,data/electric-vehicle-uds-dataset/data/json/charging_CUP3_15.json,md5+sha256,,md5:36cbaf07a93a85b75d6f9d8051142109 sha256:0bbde80036c66d62bc44fcb2598a7d0d911c160497b69b39e14df7a49c45f493,10724,"own hash, no publisher reference",0.014
tumftm,data/electric-vehicle-uds-dataset/data/json/charging_CUP3_56.json,md5+sha256,,md5:16b7260d8bc60e2a411e418ac8c4cd8d sha256:2aafb4d54421ae814c4127547a752cde78f11280921e2a79d87584bdc64d9ccc,549309,"own hash, no publisher reference",0.017
tumftm,data/electric-vehicle-uds-dataset/data/json/charging_CUP3_900.json,md5+sha256,,md5:00c11c7fc5c4efd51a1526a5e6ddebb1 sha256:bde8864b565dd19d7d367b42d614c42cb397e42269d9a782bebf744009240b7d,8651,"own hash, no publisher reference",0.019
tumftm,data/electric-vehicle-uds-dataset/data/json/charging_CUP3_961.json,md5+sha256,,md5:2cbe87c012a11e254fe10158acf4db7d sha256:55f0a9a9d47cfb7b3318c326dfb6bc7584e73caa560d403444d9965c5366cdd4,15568,"own hash, no publisher reference",0.025
tumftm,data/electric-vehicle-uds-dataset/data/json/charging_CUP4_1200.json,md5+sha256,,md5:9597d96bcbb1b5de92508876096dadb5 sha256:cf810cc09243c3479b2eac58d5b77f276d4e64362a5e44edd701a1964d2cdc0d,14108,"own hash, no publisher reference",0.015
tumftm,data/electric-vehicle-uds-dataset/data/json/charging_CUP4_1208.json,md5+sha256,,md5:c03282ed15388343abd7588b9bbea69d sha256:0189e9609fb2f56be264551c5fd86b0f96b81137a329174de3bf2fb0e71a09cc,7588,"own hash, no publisher reference",0.013
tumftm,data/electric-vehicle-uds-dataset/data/json/charging_CUP4_1209.json,md5+sha256,,md5:c4383de07e4c9700b96b8c2749607473 sha256:1e736000fe247129b59cfc0f1d151de6f8492062af670b7e23143a5322c49e0c,7610,"own hash, no publisher reference",0.019
tumftm,data/electric-vehicle-uds-dataset/data/json/charging_CUP4_1265.json,md5+sha256,,md5:923e307b8d2acc769c4e5640e90ddc63 sha256:7acdb02cb8e2afecb696481a740207d66fd72fdd9579c3d44791e02efe989eee,15767,"own hash, no publisher reference",0.017
tumftm,data/electric-vehicle-uds-dataset/data/json/charging_CUP4_1269.json,md5+sha256,,md5:9a8037be8ae58a8e1e524abae7cbd507 sha256:916751aa4b59faef8d733660c904dedaf579cf4b404ff2f8e00b67b0cd60cf06,11299,"own hash, no publisher reference",0.030
tumftm,data/electric-vehicle-uds-dataset/data/json/charging_CUP4_1272.json,md5+sha256,,md5:9c4070cb8cd728409fcf32d8a074ae28 sha256:dd706ec8b1fb4c78cc6fc2b8812e6e89c86ece2ab54d45760d95ff64745ff4fa,10711,"own hash, no publisher reference",0.020
tumftm,data/electric-vehicle-uds-dataset/data/json/charging_CUP4_1273.json,md5+sha256,,md5:1dafef44a0a9cc7c0af779bc3f2f04b5 sha256:6e355213a985a683d3e6dd95fa0c8e07100234d4237f07cee4359e875e13b4cf,10730,"own hash, no publisher reference",0.015
tumftm,data/electric-vehicle-uds-dataset/data/json/charging_CUP4_1288.json,md5+sha256,,md5:7c960625469bd9e4a7548dd8f25e1206 sha256:8cf49416fdedc926fa343e9a9d5b897c57137ac719e48469988cd03d69dd779c,133020,"own hash, no publisher reference",0.018
tumftm,data/electric-vehicle-uds-dataset/data/json/charging_CUP4_1289.json,md5+sha256,,md5:02cf0996c74a0dc24dd0085f97af0c52 sha256:a7b83914f675a541da694f81afc1947ae0df6e81b5cd59200fd114317e15ae1c,6363,"own hash, no publisher reference",0.014
tumftm,data/electric-vehicle-uds-dataset/data/json/charging_CUP4_1292.json,md5+sha256,,md5:5f9c2f881ed13edb4cccea878898c2d4 sha256:7fa3e77ccfcb87c497686e468c9ae653acbecaa14d150c6392f285f87ae28f5d,37245,"own hash, no publisher reference",0.018
tumftm,data/electric-vehicle-uds-dataset/data/json/charging_CUP4_1293.json,md5+sha256,,md5:ed48fb3505286951a35d5a41cf21f41e sha256:663d2f2ff5b4a4630bae12b5a593a301d788be58d7cd81fff7e00a75b342defe,11984,"own hash, no publisher reference",0.016
tumftm,data/electric-vehicle-uds-dataset/data/json/charging_CUP4_1294.json,md5+sha256,,md5:22904edea694099173bf5beb66cb77b8 sha256:63604b9d5cec02e686d49f4e446f09a557c83f7546a78d3caeeb42368f45b176,11982,"own hash, no publisher reference",0.014
tumftm,data/electric-vehicle-uds-dataset/data/json/charging_CUP4_1295.json,md5+sha256,,md5:8b07d87494db6fa8ee6a6a688a7c2093 sha256:26276257a3faeb607fe4cc8c333b99659c472093355abd3a4f9fc20b108d7a09,5814,"own hash, no publisher reference",0.022
tumftm,data/electric-vehicle-uds-dataset/data/json/charging_CUP4_15.json,md5+sha256,,md5:0e9d051008b823eca95f5ac691ba3050 sha256:466bdee1d04b880824a27ea1b85d9c548870772658c62d7310f51e83ac57b009,10833,"own hash, no publisher reference",0.020
tumftm,data/electric-vehicle-uds-dataset/data/json/charging_CUP4_56.json,md5+sha256,,md5:70a67605895e3b18736b225c04326aa2 sha256:da60d4c7a00dc2c3fc748aa6c384360c90a3a1711dc841d4ac091ffb018b3208,549492,"own hash, no publisher reference",0.029
tumftm,data/electric-vehicle-uds-dataset/data/json/charging_CUP4_900.json,md5+sha256,,md5:0067febcbbaa7bec24232596cd996f32 sha256:88a9379999ebffeda71a3aeabc689906aef285fbb27f3bb9ef16b368967c9003,9023,"own hash, no publisher reference",0.020
tumftm,data/electric-vehicle-uds-dataset/data/json/charging_CUP4_961.json,md5+sha256,,md5:134b332d3ce691d5ac70e706362c527f sha256:c9e6c593d8b0a6d951ff37c29aaab9d874da9de69961f8502e4216a63c16ec8b,15524,"own hash, no publisher reference",0.023
tumftm,data/electric-vehicle-uds-dataset/data/json/charging_CUP5_1200.json,md5+sha256,,md5:aa24e7ec990e4bf9025896875b786797 sha256:65c1bd49093af8a83f61d21828ebd49b57400ae64e5f47667dc89232750cc073,14210,"own hash, no publisher reference",0.020
tumftm,data/electric-vehicle-uds-dataset/data/json/charging_CUP5_1208.json,md5+sha256,,md5:85c09529f2a0fb48f38a3e9725533fd1 sha256:c1ad989acd03ee75ae3e18f031b16f20c596e15b5a7403d55f4cc42811992343,7561,"own hash, no publisher reference",0.018
tumftm,data/electric-vehicle-uds-dataset/data/json/charging_CUP5_1209.json,md5+sha256,,md5:693adb2ec9a22ed3eb6909111bfa981d sha256:fe12403e7e3a6fab63ab0fc9a8c94133b8f49d63906de87539b9ee1086f84117,7569,"own hash, no publisher reference",0.018
tumftm,data/electric-vehicle-uds-dataset/data/json/charging_CUP5_1265.json,md5+sha256,,md5:2cb8a87fb12d9da84c7e20320ac2af01 sha256:4dd822e6a6cabf0055650c57a6e05df269fadcfbf66698aa6b3b1c3c23500f2b,15433,"own hash, no publisher reference",0.016
tumftm,data/electric-vehicle-uds-dataset/data/json/charging_CUP5_1269.json,md5+sha256,,md5:361075df8bab0fad91987abd69831468 sha256:6632e802c288da7f081573224cf7f7d3c004d2ec157059235053ec1377c0ca9e,11182,"own hash, no publisher reference",0.021
tumftm,data/electric-vehicle-uds-dataset/data/json/charging_CUP5_1272.json,md5+sha256,,md5:fc43aa5dca6b348d331a1d634162b0db sha256:5f61c9b09bdce5b320f1940561e023ec756c22e5ed7da6f45ff72d98337075c7,10686,"own hash, no publisher reference",0.016
tumftm,data/electric-vehicle-uds-dataset/data/json/charging_CUP5_1273.json,md5+sha256,,md5:75b4ea9197b4997a1698988c21dc7a6c sha256:c81103ed14cca7c00bf50bfe1b7fc5bf3c504cbe83fb09cd26773f9de0fa1613,10676,"own hash, no publisher reference",0.019
tumftm,data/electric-vehicle-uds-dataset/data/json/charging_CUP5_1288.json,md5+sha256,,md5:8cbd47eeafbd727ec462ff917f8595f8 sha256:684367b598a0ca1055cd00a2e7b9a5dfe867b1373175728d33d799146df132b5,133020,"own hash, no publisher reference",0.019
tumftm,data/electric-vehicle-uds-dataset/data/json/charging_CUP5_1289.json,md5+sha256,,md5:9b6615b96fbc53bc41157f0a1a1501a8 sha256:cb6b0801b3d6416f50c9ea925e339abfa74a2dcf32a62519fe3896fdc7ef9a87,6338,"own hash, no publisher reference",0.017
tumftm,data/electric-vehicle-uds-dataset/data/json/charging_CUP5_1292.json,md5+sha256,,md5:9e10723d80b82f1dcfe91b9954320bee sha256:0b7c0193888d28b12b7d6f38a068cc8de8e587efff33cd4bb5a691de7d1c5453,37245,"own hash, no publisher reference",0.019
tumftm,data/electric-vehicle-uds-dataset/data/json/charging_CUP5_1293.json,md5+sha256,,md5:b8cccaa2fc4b0042a7bfcd59c92622f7 sha256:0d7e8c7798dd18298c46bb513a1c61f07f0020af35c2de58c7995b566a454a57,11960,"own hash, no publisher reference",0.013
tumftm,data/electric-vehicle-uds-dataset/data/json/charging_CUP5_1294.json,md5+sha256,,md5:b19f55f10bad2ac846e956de23f61ab5 sha256:4800658c672be2cd6f779343e5a3733f20cd02e5948f44f744d6207585e6337e,11958,"own hash, no publisher reference",0.012
tumftm,data/electric-vehicle-uds-dataset/data/json/charging_CUP5_1295.json,md5+sha256,,md5:df9d9fcc93a8bf29a6455321ea93c336 sha256:5797a79408b38c075abfe8b054a3c1807894dbe602c6d74d1692bb753df6be1a,5810,"own hash, no publisher reference",0.013
tumftm,data/electric-vehicle-uds-dataset/data/json/charging_CUP5_15.json,md5+sha256,,md5:74fed56d060e9f3743d61e932f3c4184 sha256:fa1200c299ec075d3f8cd7d655331f92d44106a4012ad14e5b2aecf0a7202863,10704,"own hash, no publisher reference",0.015
tumftm,data/electric-vehicle-uds-dataset/data/json/charging_CUP5_56.json,md5+sha256,,md5:d59407d34ec476444df88e6b8b5f15e0 sha256:f841d99a896913db1ed024934b1080243736f23e29f4b47897d4fe5392c08d1d,549302,"own hash, no publisher reference",0.015
tumftm,data/electric-vehicle-uds-dataset/data/json/charging_CUP5_900.json,md5+sha256,,md5:1f3fcd884542c106b86fa7fb21298270 sha256:8e2f149cf406e21294346be00b6d9595629c3a2e258064f211961b3025073ad2,8810,"own hash, no publisher reference",0.015
tumftm,data/electric-vehicle-uds-dataset/data/json/charging_CUP5_961.json,md5+sha256,,md5:6a59cff69ed9c1d66d43c4386c4413d4 sha256:e5fb58afb416a9e03f330eaa49861886d9bd485c99fd226d3b3370254149c959,15445,"own hash, no publisher reference",0.022
tumftm,data/electric-vehicle-uds-dataset/data/json/charging_ID1_1200.json,md5+sha256,,md5:10518d3e8585a6defd3ab19e26267c63 sha256:df5672fd52da977f4d92fcc4ca687241a008ead76ecd1ec8d250e18eeff64098,14669,"own hash, no publisher reference",0.015
tumftm,data/electric-vehicle-uds-dataset/data/json/charging_ID1_1205.json,md5+sha256,,md5:d0ccf4a0d90e20118379dac12d631e36 sha256:0380b9236a7d4cd7e52976c3ee16f0a7324a655974b5bb8cc4b3b7265c930e5d,30068,"own hash, no publisher reference",0.013
tumftm,data/electric-vehicle-uds-dataset/data/json/charging_ID1_1207.json,md5+sha256,,md5:33967fee0346049baace820cfe8b8846 sha256:2994e490b581e3825ce18cffbb940943fabada8776b07827a3540ecb388465f8,13226,"own hash, no publisher reference",0.013
tumftm,data/electric-vehicle-uds-dataset/data/json/charging_ID1_1208.json,md5+sha256,,md5:7cc7ae343687e19cd250994d66b47dff sha256:d14524d789e67ddf18554a2203cad359764c08265f4d3b28afc89b9bbbb4c0e1,7924,"own hash, no publisher reference",0.014
tumftm,data/electric-vehicle-uds-dataset/data/json/charging_ID1_1209.json,md5+sha256,,md5:3466c83d96ba8631c3b936b5e77dbf26 sha256:0fc433f0a8fd8db1a2ecd06d17dd196f4a402e9d23ea99cf20e0592851ef324a,7934,"own hash, no publisher reference",0.014
tumftm,data/electric-vehicle-uds-dataset/data/json/charging_ID1_1265.json,md5+sha256,,md5:d9ff83c4dbc1fdf26b887f6f6445a24d sha256:1ca0a1538018a8c8500e0e3c67b970535681eff6fd87c5adabfb97ef342a6317,18123,"own hash, no publisher reference",0.021
tumftm,data/electric-vehicle-uds-dataset/data/json/charging_ID1_1269.json,md5+sha256,,md5:c371bfe1088c683d37295090563c6170 sha256:614035e083392274457f1c9558e39fc16e733b1a88d89aa55452491856b1cf8a,12118,"own hash, no publisher reference",0.018
tumftm,data/electric-vehicle-uds-dataset/data/json/charging_ID1_1272.json,md5+sha256,,md5:9c35cd92b63582a19f7bff79b47bb569 sha256:a9ef82c02325d8282d4967b4322f139caee04524d24d06d3b21e059a6c623ab3,11639,"own hash, no publisher reference",0.022
tumftm,data/electric-vehicle-uds-dataset/data/json/charging_ID1_1273.json,md5+sha256,,md5:ad3c277047547d6a746894a84de9fdc4 sha256:3b3d9dffcbff8743099681c53e7ee3cab5459e2adb847486705dc47d8c615c14,11656,"own hash, no publisher reference",0.014
tumftm,data/electric-vehicle-uds-dataset/data/json/charging_ID1_1288.json,md5+sha256,,md5:884116cfa8b9a586b9458349f643336d sha256:d2c7dd1a0b2a273d3a37c818200287443c3adb91c76d1cf20615fb92d6373682,127272,"own hash, no publisher reference",0.016
tumftm,data/electric-vehicle-uds-dataset/data/json/charging_ID1_1289.json,md5+sha256,,md5:a1409c93c4625d93b86621987fa00c91 sha256:f6288f0623ddf6615c598c255069528b042e9c70dcd033a95baa60ff65fe535c,6467,"own hash, no publisher reference",0.015
tumftm,data/electric-vehicle-uds-dataset/data/json/charging_ID1_1292.json,md5+sha256,,md5:74b1e6fd29931ee8a354ed230161952e sha256:505bc977116551ddf805c413471a55075752c66034f9203f36ece766acfb3c37,37247,"own hash, no publisher reference",0.014
tumftm,data/electric-vehicle-uds-dataset/data/json/charging_ID1_1293.json,md5+sha256,,md5:6ab876704ecd8ccd530b42573647f43b sha256:6fc4b88ccbc5fece269d8a40ef56b3e50ad062fdb15beefb453e478afec9740f,12134,"own hash, no publisher reference",0.014
tumftm,data/electric-vehicle-uds-dataset/data/json/charging_ID1_1294.json,md5+sha256,,md5:29c9bd100fa1390e9dadfb31336021bb sha256:71104496975141321bce94d25536318b4a8a55ea1673671bed7b2347669ecbf3,12155,"own hash, no publisher reference",0.013
tumftm,data/electric-vehicle-uds-dataset/data/json/charging_ID1_1295.json,md5+sha256,,md5:23ef54013da3584b9849f10283bcb3af sha256:a8d529433ccb3f33b4e8f859733069ca11ca9bbda72e97491efd637dc19a0857,5858,"own hash, no publisher reference",0.018
tumftm,data/electric-vehicle-uds-dataset/data/json/charging_ID1_15.json,md5+sha256,,md5:5fb5560b229195ab23d698839257bf9e sha256:85b871d87d9fe608e9e2ae4ef308e07e9387046767e76b687f38de75f7d09780,11372,"own hash, no publisher reference",0.020
tumftm,data/electric-vehicle-uds-dataset/data/json/charging_ID1_56.json,md5+sha256,,md5:3215d6d9d6e718f6f3b5833ba232dfac sha256:f589babf8f1368627ebe38cedaa65c76a0377cad33b86291c6c4d7d40b812d82,549892,"own hash, no publisher reference",0.017
tumftm,data/electric-vehicle-uds-dataset/data/json/charging_ID1_900.json,md5+sha256,,md5:db395b7e720c82fe51cfe6907c519e83 sha256:aec31a09c5508f62247a1faabd3e6a06af58cccbe866d60a07b56de9a1c8cb26,10132,"own hash, no publisher reference",0.018
tumftm,data/electric-vehicle-uds-dataset/data/json/charging_ID1_961.json,md5+sha256,,md5:0182ea1000b4d3c3afe83d52a0a33302 sha256:19100ef65c1d5087e2814146b4920e7aef058e636cc879780714e72792b65652,16672,"own hash, no publisher reference",0.018
tumftm,data/electric-vehicle-uds-dataset/data/json/charging_ID2_1200.json,md5+sha256,,md5:acdb95fa2b3b506da9d47df1c80d0f85 sha256:0ded7e0b15138df3ca0112100d5164afdc851fd2d08f27a238a8693dd90a1b85,14318,"own hash, no publisher reference",0.013
tumftm,data/electric-vehicle-uds-dataset/data/json/charging_ID2_1208.json,md5+sha256,,md5:143d6bebdda7194c6720d838179bde7d sha256:040e8df9c79e3feecdd1282d547a7d7500bd785f1d14b9141694386b7d58bdfc,7955,"own hash, no publisher reference",0.014
tumftm,data/electric-vehicle-uds-dataset/data/json/charging_ID2_1209.json,md5+sha256,,md5:3b0058705c2be5a043eb6683893f93f8 sha256:3e85aeb2de1dcb0c09d49af39f28f7e66ac637effd71c348fe0d551cccf99473,7967,"own hash, no publisher reference",0.013
tumftm,data/electric-vehicle-uds-dataset/data/json/charging_ID2_1265.json,md5+sha256,,md5:574773bdd3114b4ac2de5f905d00ee68 sha256:53e108e9be81a4bee0af45713336d8ffe3febca0b1ae1417d449443a0c971b55,18250,"own hash, no publisher reference",0.013
tumftm,data/electric-vehicle-uds-dataset/data/json/charging_ID2_1269.json,md5+sha256,,md5:0812df3276e177ed99805e8b25ff935f sha256:a18de926b96da14acc45ebc7d0552b6bf73080c6b8721473f92cc8806f00b372,12291,"own hash, no publisher reference",0.013
tumftm,data/electric-vehicle-uds-dataset/data/json/charging_ID2_1272.json,md5+sha256,,md5:325b25b7f90e51505fcb2d08e410b959 sha256:8e8383556bf2c12b1d0ed68c19018c46ea856aeeeae9dd5b1c1a1cfafffd26fe,11510,"own hash, no publisher reference",0.020
tumftm,data/electric-vehicle-uds-dataset/data/json/charging_ID2_1273.json,md5+sha256,,md5:3c5cc8018a287b46a1e7d4e6624f5ec6 sha256:6534d18815aad077db83a0a183bcf481797a6d7839112759ac9d727e7c779ebf,11529,"own hash, no publisher reference",0.020
tumftm,data/electric-vehicle-uds-dataset/data/json/charging_ID2_1288.json,md5+sha256,,md5:7fd169304fee1f199ae96128a1f7fcbb sha256:d6d993e39332541024107657fbe0368531e8a967836c69c229bbfc43b721de6e,135353,"own hash, no publisher reference",0.036
tumftm,data/electric-vehicle-uds-dataset/data/json/charging_ID2_1289.json,md5+sha256,,md5:a4106db4caa18589bd267b0029ba7f8d sha256:5599d4e0154a59f58fba9f37ec2b57adf761bc6fb360a768499d77dc2e2336dc,6481,"own hash, no publisher reference",0.020
tumftm,data/electric-vehicle-uds-dataset/data/json/charging_ID2_1292.json,md5+sha256,,md5:24720b3763d6c19fc9cfe8c8511345f0 sha256:c818288ea7340f52395e369bc290ca97e258bf6da1cf599b937cb0814740d2b8,37245,"own hash, no publisher reference",0.018
tumftm,data/electric-vehicle-uds-dataset/data/json/charging_ID2_1293.json,md5+sha256,,md5:af0927358d7149c8b67c9bddce846ee0 sha256:cbd063db3c6a899cf9f87ef68afc15ebaf42742bbc489da111e06876b0f55116,12077,"own hash, no publisher reference",0.016
tumftm,data/electric-vehicle-uds-dataset/data/json/charging_ID2_1294.json,md5+sha256,,md5:16564e5fd44e2d60899fc0809242c7bc sha256:3a4b8b5e77d545ad7d00760fc6c79d8a2732a14472114bb240aed98d7e28b691,12077,"own hash, no publisher reference",0.008
tumftm,data/electric-vehicle-uds-dataset/data/json/charging_ID2_1295.json,md5+sha256,,md5:fa23eca4299dd2998888aaa5545e6823 sha256:9fc3cd94df7d95491a129a7a67eac9f160d1a193bfe3dd28717e20f17301de72,5830,"own hash, no publisher reference",0.006
tumftm,data/electric-vehicle-uds-dataset/data/json/charging_ID2_15.json,md5+sha256,,md5:4116a5c599e8d92faf7e2be08efb8e90 sha256:7824ef2009c1f7344136ea4ca6b3a304b4250e47d1dfcf444fc5be2ac0ee45c8,11609,"own hash, no publisher reference",0.005
tumftm,data/electric-vehicle-uds-dataset/data/json/charging_ID2_56.json,md5+sha256,,md5:20caf6768fb9b08d2e20bbda1214ab5a sha256:82ac0fcb642d1a04c52d7cf15ff3d0c624c37a618d3bf5f3bdcf3afe7dba9d2d,549906,"own hash, no publisher reference",0.008
tumftm,data/electric-vehicle-uds-dataset/data/json/charging_ID2_900.json,md5+sha256,,md5:2a2bf3dd06d97f277ab6f8d4c60ed875 sha256:0e09982bd3c0916a7ad13c7dbb0895221d8fbc9a082dd8b1831957f617857370,9340,"own hash, no publisher reference",0.007
tumftm,data/electric-vehicle-uds-dataset/data/json/charging_ID2_961.json,md5+sha256,,md5:41b7a2489851db4c3275c9d6bd635555 sha256:21300ec38a0e919101b7b6119e32119a16e531d34e41e5806ac6178841bd0e40,16968,"own hash, no publisher reference",0.007
tumftm,data/electric-vehicle-uds-dataset/data/json/track_CUP1_1200.json,md5+sha256,,md5:1bc56ba19b3c385bebdb0a5301224f14 sha256:399532b0f011c57776bc4f32fcf126728fff314736b220a15b7419a7b003f884,14684,"own hash, no publisher reference",0.006
tumftm,data/electric-vehicle-uds-dataset/data/json/track_CUP1_1208.json,md5+sha256,,md5:41eedcf267038f39ae6872b452c04bb8 sha256:69ab5f3547de2dcdaead1dd46892d97f763006decbcefa1d2d54e179fc65a8c4,7767,"own hash, no publisher reference",0.006
tumftm,data/electric-vehicle-uds-dataset/data/json/track_CUP1_1209.json,md5+sha256,,md5:08050485fc71cd03db093ae7caa357f7 sha256:23a7f2c663e22a7f94fb89b48a9bc35329f700b0590978dd5f91b5f9169db376,7785,"own hash, no publisher reference",0.006
tumftm,data/electric-vehicle-uds-dataset/data/json/track_CUP1_1265.json,md5+sha256,,md5:1b8108d6e1c3891362994adebed87f8f sha256:7b19c7ac9e685b2bf1ad0152ba82062fc0c7e35105f38a05d86413e4743e770a,18182,"own hash, no publisher reference",0.006
tumftm,data/electric-vehicle-uds-dataset/data/json/track_CUP1_1269.json,md5+sha256,,md5:eb686884aede08f0af8db085e568ec95 sha256:304e40dd24e2403739296a504a9714c69ffe6fa016e8fb333d1b0fb3edcf7a9e,11566,"own hash, no publisher reference",0.017
tumftm,data/electric-vehicle-uds-dataset/data/json/track_CUP1_1272.json,md5+sha256,,md5:b3b95358c51d6a7afd79bf9802db6e31 sha256:e5d341ae823ccba2a4022250e5978dec82f68c099d287438399d1e55277aab95,11137,"own hash, no publisher reference",0.013
tumftm,data/electric-vehicle-uds-dataset/data/json/track_CUP1_1273.json,md5+sha256,,md5:8a9353b8a4f655cac28bc7151da15872 sha256:4ca20dfaccba8288ed3e4532ee407234b11cf2705b730a9a54a7a6869d894c21,11173,"own hash, no publisher reference",0.022
tumftm,data/electric-vehicle-uds-dataset/data/json/track_CUP1_1288.json,md5+sha256,,md5:925295b0b97e8e07b3a161e3bcfd703d sha256:d5328b16e5fbc4f738246a8f9cf8262d9171290fad53b5f5ae3add329fdc1dd2,128610,"own hash, no publisher reference",0.021
tumftm,data/electric-vehicle-uds-dataset/data/json/track_CUP1_1289.json,md5+sha256,,md5:81655d0693c3ed3db17e0e01e86a1190 sha256:244d95bc268aa0fd68b14663f3a190b38af36d023b608f5865e745d6de4ef101,6467,"own hash, no publisher reference",0.017
tumftm,data/electric-vehicle-uds-dataset/data/json/track_CUP1_1290.json,md5+sha256,,md5:5d3ade3498f0113521dd81057d758144 sha256:5a8e91e3517530920fcd2eae835e5fc20ab31abf7784fd6a09d6ca2b29c514e7,7803,"own hash, no publisher reference",0.016
tumftm,data/electric-vehicle-uds-dataset/data/json/track_CUP1_1291.json,md5+sha256,,md5:d481c7e042cd98fb02fa8e1a4cefcdd5 sha256:df27b048942d961b718f2804f1251750c5b1334fc809f99741b2e0ce3d0dfbf8,12726,"own hash, no publisher reference",0.017
tumftm,data/electric-vehicle-uds-dataset/data/json/track_CUP1_1292.json,md5+sha256,,md5:2730784883520cb3ede8cd36837dad3e sha256:7cb0f16bccd94f92a0ef734937ab7cb4eba4ab4e3b2a8d2a46a3f2c1b2c78b4b,37251,"own hash, no publisher reference",0.018
tumftm,data/electric-vehicle-uds-dataset/data/json/track_CUP1_1293.json,md5+sha256,,md5:e916c5464b692191f0a74f622533b993 sha256:bcd6756b017241df3f6cfc57b34b722b802d7e865fdf902ea2cc478fb23f9cdd,12080,"own hash, no publisher reference",0.018
tumftm,data/electric-vehicle-uds-dataset/data/json/track_CUP1_1294.json,md5+sha256,,md5:014e6b812509cf52272f8c56050a0a28 sha256:c9e7befe7b0fe639970509136a2a3f18de6eef057bde1ae3b40ef7539d1c2ff3,12089,"own hash, no publisher reference",0.017
tumftm,data/electric-vehicle-uds-dataset/data/json/track_CUP1_1295.json,md5+sha256,,md5:10d154594740bd3651ab9918b5aa6213 sha256:253ecf28c68c140cb6829231ca8426a407ce85801e538718be7eb2f372a8e022,5928,"own hash, no publisher reference",0.014
tumftm,data/electric-vehicle-uds-dataset/data/json/track_CUP1_1299.json,md5+sha256,,md5:5fb24fc2ffb6edd0c5cbf81b85ae46f6 sha256:d8c202879364f6c1611b14d76518986d0f081495fd1117530ec0c8b9a62fff45,26263,"own hash, no publisher reference",0.018
tumftm,data/electric-vehicle-uds-dataset/data/json/track_CUP1_1302.json,md5+sha256,,md5:06545f88596ccaf2ea20d1ae89cd9792 sha256:acd062f7cd3f93721927918efba9cc153b7d30f712c8780d2e9f7cc65105b758,44028,"own hash, no publisher reference",0.016
tumftm,data/electric-vehicle-uds-dataset/data/json/track_CUP1_1303.json,md5+sha256,,md5:2c43e767e875680408417c403e01cf15 sha256:6960c858ba90e197427d28bef957873608be316b3fa0434d3dd5d6eec869af12,55224,"own hash, no publisher reference",0.019
tumftm,data/electric-vehicle-uds-dataset/data/json/track_CUP1_15.json,md5+sha256,,md5:a59f70643de2dded50e4178829708925 sha256:68afb8431a13e8bf36a8477fe1e8ec84b54583364122350ce363fd58e983509d,11197,"own hash, no publisher reference",0.013
tumftm,data/electric-vehicle-uds-dataset/data/json/track_CUP1_4.json,md5+sha256,,md5:19651ddf3a187e8ec1ce2079a00c9905 sha256:0d376ae21d4645d5d281f044b0a2ea342ea31499f9d729cc5bc4732563b09837,8652,"own hash, no publisher reference",0.015
tumftm,data/electric-vehicle-uds-dataset/data/json/track_CUP1_56.json,md5+sha256,,md5:35541dbd02623e55635c8d3059872415 sha256:1525ad7f7e07722b08256622c5631037dd78fd9ae7fe0cae5d8b1f1f853c2a5b,549972,"own hash, no publisher reference",0.015
tumftm,data/electric-vehicle-uds-dataset/data/json/track_CUP1_900.json,md5+sha256,,md5:1885913255f2af8c6b18308334128260 sha256:9bb87e3662d91ce620c31d7250167932910f040e8e48031c57e4005934aeaca4,9375,"own hash, no publisher reference",0.018
tumftm,data/electric-vehicle-uds-dataset/data/json/track_CUP1_961.json,md5+sha256,,md5:077f361d123852c27d93995462287e91 sha256:ccb7431b1f03155080010ed20a928ecb711efec844a26f13033b0dd7fe079758,16795,"own hash, no publisher reference",0.020
tumftm,data/electric-vehicle-uds-dataset/data/json/track_CUP2_1200.json,md5+sha256,,md5:43137cd812e33458ab0433ba0da55aba sha256:db96cbc094f85ad0c42081402f6d580eab13fdbdb47147b845c7a4105bf150a5,14638,"own hash, no publisher reference",0.014
tumftm,data/electric-vehicle-uds-dataset/data/json/track_CUP2_1208.json,md5+sha256,,md5:f0ac39c16e354950e3fd49753fd94968 sha256:13462c9701fe9cc5583facbe4eeb5def17a4e263283bd998a28eda3aaede3224,7682,"own hash, no publisher reference",0.012
tumftm,data/electric-vehicle-uds-dataset/data/json/track_CUP2_1209.json,md5+sha256,,md5:d5a9d67bcc802f447df8914cf4829ec3 sha256:af6c6dc732237156052f85806064c04b2f7f1afe40baa0877cd1f3458498b7c4,7682,"own hash, no publisher reference",0.012
tumftm,data/electric-vehicle-uds-dataset/data/json/track_CUP2_1265.json,md5+sha256,,md5:42fd9fa3d9b1a9ddf0c1486d99a4257a sha256:d25c99701e5e463528e937f34ce69c66f1d1de00d96376c32ff640955f90de65,17576,"own hash, no publisher reference",0.013
tumftm,data/electric-vehicle-uds-dataset/data/json/track_CUP2_1269.json,md5+sha256,,md5:7f7e736a491b4d549be8f8463c8e4947 sha256:0f0585f63296f6c6778591e2f14546596369e219e62aa4b3fb154a88a74f90da,11455,"own hash, no publisher reference",0.018
tumftm,data/electric-vehicle-uds-dataset/data/json/track_CUP2_1272.json,md5+sha256,,md5:6230606fff182987826921dd6d0ddb3c sha256:369a9f016cf4f50b1b3aa2acc2b5f9da6be106f9991046028592efb988153408,10852,"own hash, no publisher reference",0.015
tumftm,data/electric-vehicle-uds-dataset/data/json/track_CUP2_1273.json,md5+sha256,,md5:3628cfb37bc97ff3d572962f9c107e75 sha256:a9b1ccb767b016bf0b5738df9894af89b962e5a9cfae5296c978e585396a5475,10831,"own hash, no publisher reference",0.016
tumftm,data/electric-vehicle-uds-dataset/data/json/track_CUP2_1288.json,md5+sha256,,md5:599b37e5c78c53c11d391417a49bacd7 sha256:d411e5eaa057fdb0b375b4119b4a17d847c6d0fa0d2373518f523fcd0f0afcd3,128381,"own hash, no publisher reference",0.019
tumftm,data/electric-vehicle-uds-dataset/data/json/track_CUP2_1289.json,md5+sha256,,md5:de12d88444ccc46a7bd570343463930a sha256:7a02bdbe24fc4f7dc1caac428e416f569efb45470752bc6fcbe2710d9b03d699,6387,"own hash, no publisher reference",0.023
tumftm,data/electric-vehicle-uds-dataset/data/json/track_CUP2_1290.json,md5+sha256,,md5:cf29fbd388dd89fd9da894f53a43359a sha256:842dad09142493791a8f4bb116ac853ed8ba87ef46127e1779aa78602f891167,7800,"own hash, no publisher reference",0.015
tumftm,data/electric-vehicle-uds-dataset/data/json/track_CUP2_1291.json,md5+sha256,,md5:557bb0c1b0864096b53d470a2f51dcf4 sha256:4eb55f415f2dd3098d8e7841dd0063a0a25990f6493e01ecd5b0d89989b79b46,12717,"own hash, no publisher reference",0.013
tumftm,data/electric-vehicle-uds-dataset/data/json/track_CUP2_1292.json,md5+sha256,,md5:2cd7b57407945970c9eebe1495228aee sha256:96711e6f4a3290e33991927ccff2d14a6c7bb26b72799c425999f4b28a05010a,37245,"own hash, no publisher reference",0.012
tumftm,data/electric-vehicle-uds-dataset/data/json/track_CUP2_1293.json,md5+sha256,,md5:6c6c6d0eeed0842d94fe1b799dfff2aa sha256:f435670665f9c837fa9f2c955e904f58a595cfc4bf8a6309489fff35d622ee35,12060,"own hash, no publisher reference",0.015
tumftm,data/electric-vehicle-uds-dataset/data/json/track_CUP2_1294.json,md5+sha256,,md5:142d35543021a71d5c109c6b21d78cdd sha256:9082c3795f64179814dc767667dba69c502f35391c16136ed66fb67f8eda4cc6,12069,"own hash, no publisher reference",0.014
tumftm,data/electric-vehicle-uds-dataset/data/json/track_CUP2_1295.json,md5+sha256,,md5:223a3764cc902df1f6c5d3d2ddbcbc5e sha256:8f6a869900439c890a60450312ad17ea60ae00adfa6ab6dd5b112fe126c8e9db,5924,"own hash, no publisher reference",0.017
tumftm,data/electric-vehicle-uds-dataset/data/json/track_CUP2_1299.json,md5+sha256,,md5:0608773752868632298f1fcd68faf9ac sha256:91862d84cbdecd92700e4167f00480b8f92cbd79eaf94a9c25be54accd88ae30,26258,"own hash, no publisher reference",0.014
tumftm,data/electric-vehicle-uds-dataset/data/json/track_CUP2_1302.json,md5+sha256,,md5:64d253b308a165efe255d440e0fd9692 sha256:f3e5e7be42b67f2d1b76a2e35fd1c5874f3b8874f1e713c2fec72d99c9b90642,44012,"own hash, no publisher reference",0.016
tumftm,data/electric-vehicle-uds-dataset/data/json/track_CUP2_1303.json,md5+sha256,,md5:4f59c10223d740bbbe1f9daf75ac00f4 sha256:c71e1ee9358c73b90f0a647d48b3e3ed79e95abda88a3baa655718f6ec2df846,55110,"own hash, no publisher reference",0.022
tumftm,data/electric-vehicle-uds-dataset/data/json/track_CUP2_15.json,md5+sha256,,md5:83f1868c149396d95df125c0c1b21b00 sha256:5824f970fc310bc92874dead47e44458f3d64d2ec7dde79c66d3b46c447b0c36,11078,"own hash, no publisher reference",0.017
tumftm,data/electric-vehicle-uds-dataset/data/json/track_CUP2_4.json,md5+sha256,,md5:ae310bacbe135a7d0ae817396cd30bcd sha256:2a23acd57579391963a67b448cc97d63818e15d164b9dad44aa2e511757437dd,8732,"own hash, no publisher reference",0.012
tumftm,data/electric-vehicle-uds-dataset/data/json/track_CUP2_56.json,md5+sha256,,md5:f0469e48ded5ab6a343419dbcb84b09a sha256:baacd3cdd695d51abfc748b0d2bebe09bbcb2193a0e36a50f119fe16b88886b1,549929,"own hash, no publisher reference",0.016
tumftm,data/electric-vehicle-uds-dataset/data/json/track_CUP2_900.json,md5+sha256,,md5:adef9c5147f7f07aad39a1a89eea4e46 sha256:6e8c9fb105583d17335d08d5e2f231de007c75fc20c00da0d294510c7bf3fc1b,9482,"own hash, no publisher reference",0.020
tumftm,data/electric-vehicle-uds-dataset/data/json/track_CUP2_961.json,md5+sha256,,md5:fa28b24920e72f089203b1f215ce9f83 sha256:c199f0a67ccab8a8aa524ab61c49ab1753709be6cbea7ce432f2395b5f93974c,16624,"own hash, no publisher reference",0.024
tumftm,data/electric-vehicle-uds-dataset/data/json/track_CUP3_1200.json,md5+sha256,,md5:2302603adafddfaaa9f8db2395a54ee4 sha256:b2cf5385fd74e577e826cc409446439631021269fc0ee263b2f7bcce9d08c0a8,14706,"own hash, no publisher reference",0.017
tumftm,data/electric-vehicle-uds-dataset/data/json/track_CUP3_1208.json,md5+sha256,,md5:f188e6b4223914a5f5d333fe7dbb81a2 sha256:42e73853adbca4e0b7cded4e2b13b3e5a99ff3c63514e80c5c2de97dc0847b4d,7601,"own hash, no publisher reference",0.013
tumftm,data/electric-vehicle-uds-dataset/data/json/track_CUP3_1209.json,md5+sha256,,md5:0fc6873f7ce0a9b0181c092a9a3626ff sha256:96ca014fb520be2820ab0ae22a1ce82280419ff840bd854894c0d6741bd59e2f,7604,"own hash, no publisher reference",0.020
tumftm,data/electric-vehicle-uds-dataset/data/json/track_CUP3_1265.json,md5+sha256,,md5:8d54216b8c348146985539e5e04e66d1 sha256:42a0732202967a1f9222692b2cf2907b0510fb0a7c995f6309469de3f61cea63,17204,"own hash, no publisher reference",0.017
tumftm,data/electric-vehicle-uds-dataset/data/json/track_CUP3_1269.json,md5+sha256,,md5:0c4461d4b7bea514100c62a009f82e70 sha256:efe10dc7bcf704d1059e73c2c32c502de2d09648ac0385bfbf7c76d4b9a373d3,11254,"own hash, no publisher reference",0.018
tumftm,data/electric-vehicle-uds-dataset/data/json/track_CUP3_1272.json,md5+sha256,,md5:9ffbf3b81cc479d0deaeb77be8ebed4c sha256:e5093f560557bfeff7c2776cb18f24460ac53ca4319fdb61206f464d437f0169,10790,"own hash, no publisher reference",0.016
tumftm,data/electric-vehicle-uds-dataset/data/json/track_CUP3_1273.json,md5+sha256,,md5:02b20018d0777c841b32b4d1cccdf90b sha256:4f339fd21dbe956ff5467152b939efe5dcd4ffdcd2ccc80021f6716106dcef81,10835,"own hash, no publisher reference",0.017
tumftm,data/electric-vehicle-uds-dataset/data/json/track_CUP3_1288.json,md5+sha256,,md5:efd54dea21b5243c5eedb6aaa0366784 sha256:747449a0d404017001fbe0ac62152bc6fc177928be86e6a7df6c288102213574,127777,"own hash, no publisher reference",0.036
tumftm,data/electric-vehicle-uds-dataset/data/json/track_CUP3_1289.json,md5+sha256,,md5:b640f8c1572ed0e89cf76629bcf4c870 sha256:f79c38d7578ed0fb17c676b1fec3020895418f95ad0479e2b94e8db5ce001a29,6313,"own hash, no publisher reference",0.019
tumftm,data/electric-vehicle-uds-dataset/data/json/track_CUP3_1290.json,md5+sha256,,md5:7ec77223dd3a6b6ef3f4ad68efb7c12c sha256:7f3ba7bcdaeb29c467d38a1cba17c640f83fe4710ccda803a58c8562a06c755a,7795,"own hash, no publisher reference",0.021
tumftm,data/electric-vehicle-uds-dataset/data/json/track_CUP3_1291.json,md5+sha256,,md5:9acd5c3d145c50f50d29f35505ab3bc8 sha256:e9437da06db17aaad59ab42e4b028bc2b3aeaef9efaaa45d12359d593bdf44b4,12709,"own hash, no publisher reference",0.020
tumftm,data/electric-vehicle-uds-dataset/data/json/track_CUP3_1292.json,md5+sha256,,md5:76ed135336c1215cdc38a8847a1b7fff sha256:244a30a1e2d94dace9d1b24b2fede461fd72b55eb2d375ad6a187083b00ca8dc,37243,"own hash, no publisher reference",0.019
tumftm,data/electric-vehicle-uds-dataset/data/json/track_CUP3_1293.json,md5+sha256,,md5:ff9328faeae6b840f3d41684a008426f sha256:ee37ac3d7dcdee3ba1f3798f1a9117b95701bc0c9a101ef5315943897ed37d1c,11997,"own hash, no publisher reference",0.026
tumftm,data/electric-vehicle-uds-dataset/data/json/track_CUP3_1294.json,md5+sha256,,md5:77020360230491508d83934e2a148778 sha256:1aaab79ae5ccd1de6c8c7b3e16069984468e99abbfa56a181e9b5c9e8ee30d26,12015,"own hash, no publisher reference",0.018
tumftm,data/electric-vehicle-uds-dataset/data/json/track_CUP3_1295.json,md5+sha256,,md5:06728de664b274668de650b7fdf79ac3 sha256:33b0c76fb0bd4ed0a7e73f83c43fc8ea52d6199345e0dc77df38ca93e6a54bea,5873,"own hash, no publisher reference",0.016
tumftm,data/electric-vehicle-uds-dataset/data/json/track_CUP3_1299.json,md5+sha256,,md5:9659ec14b68438117e8c83260186da94 sha256:279efad72fd8cfd8d1a381a180c34b9b582040ab2767912753159d5f01110b8e,26251,"own hash, no publisher reference",0.015
tumftm,data/electric-vehicle-uds-dataset/data/json/track_CUP3_1302.json,md5+sha256,,md5:a706cf76c6b80be1856de2b2a90d4d77 sha256:e9d8caa23e13804079a975ad81a430a6d3ee22046fc6e8b58c90c2513005c86f,43899,"own hash, no publisher reference",0.020
tumftm,data/electric-vehicle-uds-dataset/data/json/track_CUP3_1303.json,md5+sha256,,md5:b85c7cfc2b712b4f2b67869188cce1c1 sha256:8ca88935d5dc5615a6e07025e180602e868af57af60aa7aff81a7c57100df6b8,54983,"own hash, no publisher reference",0.017
tumftm,data/electric-vehicle-uds-dataset/data/json/track_CUP3_15.json,md5+sha256,,md5:404c2107b4c5652b43a10007cf2a1304 sha256:f6d92c3711b056ff9b92bfe7a6994f344f02b5dd8887f685192a794a840d550d,10902,"own hash, no publisher reference",0.014
tumftm,data/electric-vehicle-uds-dataset/data/json/track_CUP3_4.json,md5+sha256,,md5:945c24bfe39e64157e30494be30827e3 sha256:80df8203803eb5214f59b40cfd4579cd2c8074129f82b8172992abc5950a52d5,8604,"own hash, no publisher reference",0.014
tumftm,data/electric-vehicle-uds-dataset/data/json/track_CUP3_56.json,md5+sha256,,md5:05c5cad70a759189d9e37d06d598d623 sha256:0a1e951ca19de4e57186c4ce5d6ec3d55deaa63a953227d43ddcc4f1e562f7bb,549911,"own hash, no publisher reference",0.012
tumftm,data/electric-vehicle-uds-dataset/data/json/track_CUP3_900.json,md5+sha256,,md5:0d2b28c24019670c315162316cb0b832 sha256:9ec73b292bf67fb92fae6f2724875fc98773818c517497ac56571be540c02f05,9341,"own hash, no publisher reference",0.017
tumftm,data/electric-vehicle-uds-dataset/data/json/track_CUP3_961.json,md5+sha256,,md5:9b83d00f6459932d2590795905c23c93 sha256:adf461c888f76239653563e19669fd533f04572541b1a624af90534a1705e77f,16003,"own hash, no publisher reference",0.020
tumftm,data/electric-vehicle-uds-dataset/data/json/track_CUP4_1200.json,md5+sha256,,md5:46a45231da6aa273745774aed2d60193 sha256:776ff35a676994e99935421926eb83338e0bd92c4168e7f87916af171361ee50,14870,"own hash, no publisher reference",0.018
tumftm,data/electric-vehicle-uds-dataset/data/json/track_CUP4_1208.json,md5+sha256,,md5:2de5fad40d8df50775164f21a4423a64 sha256:b8847adf448e38a2e401fd8bdf685e5b3744e7a002075d02fc44526052ff4420,7691,"own hash, no publisher reference",0.016
tumftm,data/electric-vehicle-uds-dataset/data/json/track_CUP4_1209.json,md5+sha256,,md5:bd0b582a26aabd1a22db9f27cb50f305 sha256:c0c4db6b40cdb49655dc5feb6cf2ded21e65b1c99f9e273099f2b9b586a513c1,7686,"own hash, no publisher reference",0.015
tumftm,data/electric-vehicle-uds-dataset/data/json/track_CUP4_1265.json,md5+sha256,,md5:60357e1406d818bc282f437cdfe2b7a1 sha256:1ecf094b46df94107cd9581d764605e6b19dd10efc86cf3b025347f49aa4f1cb,17350,"own hash, no publisher reference",0.014
tumftm,data/electric-vehicle-uds-dataset/data/json/track_CUP4_1269.json,md5+sha256,,md5:1526e431d727872ac64a94c330e10b18 sha256:fec80f9135ee5066d93d04a40092e0ff927e5cd996fce48b70b0fdad7957fba8,11497,"own hash, no publisher reference",0.018
tumftm,data/electric-vehicle-uds-dataset/data/json/track_CUP4_1272.json,md5+sha256,,md5:3b30cc56e2ab869ffa3dda334cc35c48 sha256:0a75da9e31cd05f7a19a5d4cf3b9213e920660c9c31fa1cd96434ecc38f8a19d,10838,"own hash, no publisher reference",0.014
tumftm,data/electric-vehicle-uds-dataset/data/json/track_CUP4_1273.json,md5+sha256,,md5:02bcefb392af6fd3c6ffa128d472319e sha256:1253ac4f2c13a42af3c2ced4d973e9fe013e2e8d23eec4a65a3a492dd3710782,10858,"own hash, no publisher reference",0.014
tumftm,data/electric-vehicle-uds-dataset/data/json/track_CUP4_1288.json,md5+sha256,,md5:82e5286381a8ab00483dddac4184a43f sha256:35f820c99d57c8d54fb8774bbdc665bea56e5210ca34adfc4073c70d67a2655a,127835,"own hash, no publisher reference",0.022
tumftm,data/electric-vehicle-uds-dataset/data/json/track_CUP4_1289.json,md5+sha256,,md5:1168c0319ffc2158245507eec3d4f028 sha256:e93c31da1fb3a97f70e31e31a5d5c80cf82fd1e6c67d32c65d48da7c57bd445a,6375,"own hash, no publisher reference",0.015
tumftm,data/electric-vehicle-uds-dataset/data/json/track_CUP4_1290.json,md5+sha256,,md5:c33eff73dd0adc76292dd16f2a00d27d sha256:623f5a76206f519ab04000e3b7070c147e7158d74c0263849ab9d72a628a12dc,7803,"own hash, no publisher reference",0.015
tumftm,data/electric-vehicle-uds-dataset/data/json/track_CUP4_1291.json,md5+sha256,,md5:81c56a66639d99657dba5c6e0eb1bc22 sha256:ffbfbcbca8dbb5f84567debe1666d90070b35779cd0e7a948259f1222096585a,12717,"own hash, no publisher reference",0.016
tumftm,data/electric-vehicle-uds-dataset/data/json/track_CUP4_1292.json,md5+sha256,,md5:551b7767f75c0584a30bbc40d12f8a4c sha256:5f7ddbe8c221100934c15adea4aef4ccf2ae2968237a9c34c19783feb9d9e4b6,37245,"own hash, no publisher reference",0.013
tumftm,data/electric-vehicle-uds-dataset/data/json/track_CUP4_1293.json,md5+sha256,,md5:027edade901641cf61901480c7f28209 sha256:27cc4931680847e2643f7edcaa55b656e54bc5a98ba37643017b6a86cf66b6ef,12065,"own hash, no publisher reference",0.013
tumftm,data/electric-vehicle-uds-dataset/data/json/track_CUP4_1294.json,md5+sha256,,md5:64c24ec25714a641bb4afefbdb503a7d sha256:b720c7126a8f473ebec553e228013ee4525083e97c84e8f12e265bb63e25e4ee,12083,"own hash, no publisher reference",0.016
tumftm,data/electric-vehicle-uds-dataset/data/json/track_CUP4_1295.json,md5+sha256,,md5:713afd9e3b6e55dc8362fed54a1b74a3 sha256:7509a7b1c7c7655e769a407c59ed313ecdc7890e1d111df38feb0b0e224c124d,5896,"own hash, no publisher reference",0.014
tumftm,data/electric-vehicle-uds-dataset/data/json/track_CUP4_1299.json,md5+sha256,,md5:21f1c9a78f09809bfb296ca302dd7d20 sha256:6ca6062b9c3303634d93dc61d3d408332d37a76699c29aabf3b042ecbf56e86a,26258,"own hash, no publisher reference",0.012
tumftm,data/electric-vehicle-uds-dataset/data/json/track_CUP4_1302.json,md5+sha256,,md5:baa46ec5a086809462ebe60e2976312b sha256:01db7a62747ada7ef7d8de121a61405f27b6ecf5253ee0806b800eb7a382d24d,43979,"own hash, no publisher reference",0.015
tumftm,data/electric-vehicle-uds-dataset/data/json/track_CUP4_1303.json,md5+sha256,,md5:89c0a2e7a7aba24db69d8a45293c09d5 sha256:26770e2b7afa2a155b8d69291561aec489348cf65293c1d532d2bd2d5ce8002c,55136,"own hash, no publisher reference",0.017
tumftm,data/electric-vehicle-uds-dataset/data/json/track_CUP4_15.json,md5+sha256,,md5:c2093ee27d21ca1f66c2e6951c48debc sha256:fa7add59a9cafcf8396ba19693121d5558e3def28d01256e4a09b7b1bcf509e1,11040,"own hash, no publisher reference",0.012
tumftm,data/electric-vehicle-uds-dataset/data/json/track_CUP4_4.json,md5+sha256,,md5:030e44da5361c809c0417550546892cb sha256:d0d08b31fcec81ab8857347df7090698e0eab625836bd181c2075580170ceec1,8501,"own hash, no publisher reference",0.014
tumftm,data/electric-vehicle-uds-dataset/data/json/track_CUP4_56.json,md5+sha256,,md5:6bec57fb1298368c0dfd9123e27c664a sha256:e2753d9242d7c0523f2019920c30040f29e8b1c4f6326872d1c3eaedb851b4d2,549949,"own hash, no publisher reference",0.014
tumftm,data/electric-vehicle-uds-dataset/data/json/track_CUP4_900.json,md5+sha256,,md5:3ccbd4a0b68afd55b3af124ef94c3037 sha256:1ad82bc5158c6a9332e47ccd6af84e62eeed57b3ebe811eab19f95e093c6f64d,9336,"own hash, no publisher reference",0.013
tumftm,data/electric-vehicle-uds-dataset/data/json/track_CUP4_961.json,md5+sha256,,md5:d470e1459b788dfd38087bc779972e05 sha256:dfbb58f98e3379338c1e81e84bad4872fb8fb97542162daffff7ed139e8c79c4,16206,"own hash, no publisher reference",0.015
tumftm,data/electric-vehicle-uds-dataset/data/json/track_CUP5_1200.json,md5+sha256,,md5:507c8f3a0b92e92677cb78f44d75ba21 sha256:cc7cdcac207525c6142aa3454b80a0bfa9163b4e30ffc6cc6dfd096fc6fb0140,14574,"own hash, no publisher reference",0.019
tumftm,data/electric-vehicle-uds-dataset/data/json/track_CUP5_1208.json,md5+sha256,,md5:5019117b452b7e3f3e57733d00691b96 sha256:fa88f48d6c711b62f02eec49974c5622cc99d906e4c0e2f0baaaf27f491aef8b,7652,"own hash, no publisher reference",0.016
tumftm,data/electric-vehicle-uds-dataset/data/json/track_CUP5_1209.json,md5+sha256,,md5:a45543d0f950e8dac34070e7594c379b sha256:19e58f0ed68435093d95d21e6c463a939be3aeb17e5b7ab19556dd4e1350a526,7653,"own hash, no publisher reference",0.017
tumftm,data/electric-vehicle-uds-dataset/data/json/track_CUP5_1265.json,md5+sha256,,md5:fec009724eed7c3e18e8015a14fbdc5d sha256:2593f8b4f048d758a6fbfd6e045dd1b3b6c3fce45ecf1bd7a3db6df84a62ba73,17088,"own hash, no publisher reference",0.014
tumftm,data/electric-vehicle-uds-dataset/data/json/track_CUP5_1269.json,md5+sha256,,md5:48aab9d7d217821d9efc8ee8c9fb128a sha256:cc6ecf9da1f617de29f9865e3e81d839714b26ff3ad557d0596b0763fafa7dc3,11439,"own hash, no publisher reference",0.019
tumftm,data/electric-vehicle-uds-dataset/data/json/track_CUP5_1272.json,md5+sha256,,md5:703817d994524037db981a9725b0f33c sha256:d272a0c3b8397438210671e47180b2bf817dc2446b14cc5a5ba3d824790bcfed,10742,"own hash, no publisher reference",0.013
tumftm,data/electric-vehicle-uds-dataset/data/json/track_CUP5_1273.json,md5+sha256,,md5:5eefa3806143c55c2bc252c6c8e20da6 sha256:1925f37aacc7d6098f5c96c8a4976424caaf5d9efe8a4e57d5ba7d4598f0d7b3,10746,"own hash, no publisher reference",0.018
tumftm,data/electric-vehicle-uds-dataset/data/json/track_CUP5_1288.json,md5+sha256,,md5:6a8e7cbe50b8b013f8d5921bbc258be7 sha256:5057936b3de5826824183d62ada0dc45c5d507124b4145ab9127805c06085ee9,127855,"own hash, no publisher reference",0.024
tumftm,data/electric-vehicle-uds-dataset/data/json/track_CUP5_1289.json,md5+sha256,,md5:fe4f4ec7fa546b6d5061b03bd8837051 sha256:0ef747199340e9498124356ef8795e9667907b9e31e9f8523bee91d6526bdf1d,6349,"own hash, no publisher reference",0.016
tumftm,data/electric-vehicle-uds-dataset/data/json/track_CUP5_1290.json,md5+sha256,,md5:62662bebd6414db1d8296e2a316aec87 sha256:f9260e6fd43837afa938be2d3089a2fdfde391017e6fc067c012e98aff74f2e0,7803,"own hash, no publisher reference",0.013
tumftm,data/electric-vehicle-uds-dataset/data/json/track_CUP5_1291.json,md5+sha256,,md5:50c3c589e1720d4095cf9c75a058a551 sha256:00199c52b7f037865b6509323c5ef8438d585fabbad764ed214f6d4d017e1a51,12717,"own hash, no publisher reference",0.014
tumftm,data/electric-vehicle-uds-dataset/data/json/track_CUP5_1292.json,md5+sha256,,md5:a70206eaa0ab7a1c33b4a0072b75e96d sha256:dcebd5327f2cea922be4efeeb083671de295b8597ace0539dc5fc33c3b0c9bd0,37245,"own hash, no publisher reference",0.014
tumftm,data/electric-vehicle-uds-dataset/data/json/track_CUP5_1293.json,md5+sha256,,md5:3d7c92824f7e0263469fa45b2f65f386 sha256:7da1618255499b15f5ebaee9d3bef7b5af595928e7096d44dd1250e52c5226a0,12062,"own hash, no publisher reference",0.016
tumftm,data/electric-vehicle-uds-dataset/data/json/track_CUP5_1294.json,md5+sha256,,md5:7efbdc66d01b7945e3b4c3c3209ce941 sha256:d847e57c4607b6ccb9e90d8f8a8e31b7e80ed0e5a51e77e867909446f60ab97f,12076,"own hash, no publisher reference",0.022
tumftm,data/electric-vehicle-uds-dataset/data/json/track_CUP5_1295.json,md5+sha256,,md5:bc5c77f8d7e279209476ca20543e77ac sha256:e170d66a33b237af0729526718e8ee4873858674349f9ed917142a110c5b4a83,5897,"own hash, no publisher reference",0.026
tumftm,data/electric-vehicle-uds-dataset/data/json/track_CUP5_1299.json,md5+sha256,,md5:f8df38adaaa3931367cf9f3db06ec5cf sha256:bf1af86ebaae3a79d8ac184a87e05b317144559340f5eadad35f14d83a5f3073,26257,"own hash, no publisher reference",0.022
tumftm,data/electric-vehicle-uds-dataset/data/json/track_CUP5_1302.json,md5+sha256,,md5:5478ef639dc1ab1bf737249d7431669d sha256:40c490b67d23342fe920dabe21f0df182d74ecc52cf881e2a04f1e2a5b3cad32,43957,"own hash, no publisher reference",0.027
tumftm,data/electric-vehicle-uds-dataset/data/json/track_CUP5_1303.json,md5+sha256,,md5:8f31aae39f2752dc58ab70a568411ac3 sha256:c6b554f3975e83ce8d92b2e28ea1a99593590658fe19bf923630d91fb61c0851,55116,"own hash, no publisher reference",0.021
tumftm,data/electric-vehicle-uds-dataset/data/json/track_CUP5_15.json,md5+sha256,,md5:1a1ecd81a028647095c3008af2f7e235 sha256:d55db8c0d221ae9adc1fd117d08fa8f5c745e2839b56b590328a6a8b7019bdb4,11090,"own hash, no publisher reference",0.031
tumftm,data/electric-vehicle-uds-dataset/data/json/track_CUP5_4.json,md5+sha256,,md5:9deb82a139cc9262361ae93a2c33816f sha256:a21a9342df1e1cd54f57ceeb79006e68c7b50a8728af9a7b2ccdfc99c885752c,8590,"own hash, no publisher reference",0.030
tumftm,data/electric-vehicle-uds-dataset/data/json/track_CUP5_56.json,md5+sha256,,md5:ffeb38a7c4ac130f2ce14ec8df48cbec sha256:b662f60986cd4ccf00f2883cfc404b9e3e5405bcefad2c45dcc376c88d71bd5a,550072,"own hash, no publisher reference",0.019
tumftm,data/electric-vehicle-uds-dataset/data/json/track_CUP5_900.json,md5+sha256,,md5:1acab6010d889dc2b3aaf8f902797a6a sha256:37b2b553178b6c0e7d3566d02fa539754556aac05b4e143b7cc10311b48b9106,9371,"own hash, no publisher reference",0.014
tumftm,data/electric-vehicle-uds-dataset/data/json/track_CUP5_961.json,md5+sha256,,md5:a739837716e5989df8dae4f8c5e65d6b sha256:0eac78c5e78bc5ad57ece5a6a894bc6b5c7a3e3779d40e02c6785594c3b96d41,16091,"own hash, no publisher reference",0.017
tumftm,data/electric-vehicle-uds-dataset/data/json/track_ID1_1200.json,md5+sha256,,md5:0dabe28e7713df8a0c11a3793d591b46 sha256:0328561f7db8ae03f8a19a7d274faa7f303ffbdf6e38a606e2d10c4f8b48804c,14668,"own hash, no publisher reference",0.025
tumftm,data/electric-vehicle-uds-dataset/data/json/track_ID1_1205.json,md5+sha256,,md5:3941590f23b560971b7c56f1ada9e406 sha256:cb24dd1468b1c0e2b59cb0625584f9946937fb8292e901288bb03ae14e539daf,30370,"own hash, no publisher reference",0.019
tumftm,data/electric-vehicle-uds-dataset/data/json/track_ID1_1207.json,md5+sha256,,md5:d457ac6a10c490f3d8ec5f1abe7e655d sha256:4d9512e9255d9b702dbd6e37f62113c019c7d38402b76f0e1c85536f9c432317,13300,"own hash, no publisher reference",0.012
tumftm,data/electric-vehicle-uds-dataset/data/json/track_ID1_1208.json,md5+sha256,,md5:647e28b9710df7e933538ada905194cc sha256:c12fa50e7791712262080e93edc3af312048e2e6702b429e0458f900e63d21ba,7918,"own hash, no publisher reference",0.016
tumftm,data/electric-vehicle-uds-dataset/data/json/track_ID1_1209.json,md5+sha256,,md5:05e24a590c898333f76fc68740beea31 sha256:226fb3829762c53af475ebe5b81c1e01917ada12c23fbc4da640a7f4e8cc2fdb,7930,"own hash, no publisher reference",0.011
tumftm,data/electric-vehicle-uds-dataset/data/json/track_ID1_1265.json,md5+sha256,,md5:b72276b85787e7f690a04fbd3a6c070a sha256:dbcdfa2019d0ec77d8aa004de0ac5707e4b5114b8ca9e11d528c42c9a21459bc,18529,"own hash, no publisher reference",0.013
tumftm,data/electric-vehicle-uds-dataset/data/json/track_ID1_1269.json,md5+sha256,,md5:28d81a426dcfe45e2ae318967d4bbb1e sha256:2beb63767332c8b1f47aca3435f3a7b351a9d7b77fa87dd4bce67fd2f392e7ed,12219,"own hash, no publisher reference",0.017
tumftm,data/electric-vehicle-uds-dataset/data/json/track_ID1_1272.json,md5+sha256,,md5:487be1d93ede593d773ac01eef5d9e02 sha256:70881f54f054a83372738074d6336506e39c339f569eb8dcd30bb390f28f729d,11512,"own hash, no publisher reference",0.012
tumftm,data/electric-vehicle-uds-dataset/data/json/track_ID1_1273.json,md5+sha256,,md5:0868ef971f6f275be921eb392ce124d0 sha256:ccee7dc46f0c1a5666573e5ebbe7191ebaf15b931ee4e7c4b6695ce5108ed43e,11707,"own hash, no publisher reference",0.015
tumftm,data/electric-vehicle-uds-dataset/data/json/track_ID1_1288.json,md5+sha256,,md5:4dacfc0c721a8c58b1d37beb8c495d2b sha256:7a6bbe5d68bdef73798da2e870c6fdb81cdaf09383f4ae5aad893157583c8362,129099,"own hash, no publisher reference",0.016
tumftm,data/electric-vehicle-uds-dataset/data/json/track_ID1_1289.json,md5+sha256,,md5:b152acdd28d0c973572da1d4d3822f29 sha256:f6a8f5be238c24365bb7aaec1af81b5fb3b9fd9636f6d2f356c5bf8b64807472,6521,"own hash, no publisher reference",0.029
tumftm,data/electric-vehicle-uds-dataset/data/json/track_ID1_1290.json,md5+sha256,,md5:25fdb017302caa512bc88a2e056847fd sha256:6f4003e2f7ce847d0b136948a090a5fb284895c6bd8b660445cc9c2932b7cd8a,7807,"own hash, no publisher reference",0.015
tumftm,data/electric-vehicle-uds-dataset/data/json/track_ID1_1291.json,md5+sha256,,md5:54157a3276a0e172a166801f8fd40b40 sha256:b2273a388f036b88d4db5faebb08c765ae03de834fde6df4638be028a9efcb88,12729,"own hash, no publisher reference",0.016
tumftm,data/electric-vehicle-uds-dataset/data/json/track_ID1_1292.json,md5+sha256,,md5:768bb765bf8caa33f4948178ce2f23d0 sha256:ef1f4c2383de1ce99426a59393d6a8d5c3effb9f977bfda305496a131054bc63,37249,"own hash, no publisher reference",0.016
tumftm,data/electric-vehicle-uds-dataset/data/json/track_ID1_1293.json,md5+sha256,,md5:8103fc723b72ca58c45195b96fc179a0 sha256:bfe5ec39da75a1a4d3add9a62342a05fb237275176b32ff294216d1cd899ffb9,12126,"own hash, no publisher reference",0.017
tumftm,data/electric-vehicle-uds-dataset/data/json/track_ID1_1294.json,md5+sha256,,md5:1e562241ee405da5546a3937feb72261 sha256:91a5c5a576357182a899064b388421ada06380e0a434fcf0152893f5d2a7c619,12142,"own hash, no publisher reference",0.014
tumftm,data/electric-vehicle-uds-dataset/data/json/track_ID1_1295.json,md5+sha256,,md5:307f225413bc03a2a25d7b93dcefd416 sha256:7281d0a65cdaabf163e6f97116c4339c2afbf47699c24ce8ae47c4fc506cbd0c,6008,"own hash, no publisher reference",0.016
tumftm,data/electric-vehicle-uds-dataset/data/json/track_ID1_1299.json,md5+sha256,,md5:7aed9cb1291bd39ca144ac1323f0e886 sha256:3e76fac309652fc08f05925e50851ad748e9fdcf4a139fbb35c893fc4ab5dbaa,26267,"own hash, no publisher reference",0.016
tumftm,data/electric-vehicle-uds-dataset/data/json/track_ID1_1300.json,md5+sha256,,md5:385208bd80bba22598ffae12ed7a89ff sha256:c035c29e7d566d8c9883b01b974fb5cb7e8e6f59b55a1df3c7a6ce0274f4f4b7,269459,"own hash, no publisher reference",0.044
tumftm,data/electric-vehicle-uds-dataset/data/json/track_ID1_1302.json,md5+sha256,,md5:52eed0617c93362c1e7f3672030a9937 sha256:0e64b8e4afdbd26c1b10ba94456dd7aad06ae29e9d1a25c870de7bc9bdee462b,44211,"own hash, no publisher reference",0.020
tumftm,data/electric-vehicle-uds-dataset/data/json/track_ID1_1303.json,md5+sha256,,md5:8b6dfe7d266dec1834c779148e1cc64e sha256:d40386480e7bda1006e5146e782299409591a505395be68b912cde3c7175bd2e,55309,"own hash, no publisher reference",0.017
tumftm,data/electric-vehicle-uds-dataset/data/json/track_ID1_15.json,md5+sha256,,md5:c45e85c7e87ce942a7e515d7a97c6cb4 sha256:9213f331bbd422c363444c2425bc12506db95f4bd096b677f55a99db51b3cf82,11536,"own hash, no publisher reference",0.013
tumftm,data/electric-vehicle-uds-dataset/data/json/track_ID1_4.json,md5+sha256,,md5:1c968a2e336dce2355fa1e808b66f9ab sha256:c98b9b68154d32fb0efabeecfb4b1783dfb8c0cbb216b76726b9df7868af8e39,8800,"own hash, no publisher reference",0.012
tumftm,data/electric-vehicle-uds-dataset/data/json/track_ID1_43.json,md5+sha256,,md5:e6a5a1b4ee6d3de725c827d7f955e974 sha256:1433214591201ed5b3789377557a1069c16b71f8eebe2f989f827cf2659dc752,13822,"own hash, no publisher reference",0.015
tumftm,data/electric-vehicle-uds-dataset/data/json/track_ID1_56.json,md5+sha256,,md5:0829e08915a15c49fb58e01ededbf9d5 sha256:bfdc66f89e36abbd189b84488b1a433662be670ba740ed4219f118f6a75b93d5,550518,"own hash, no publisher reference",0.016
tumftm,data/electric-vehicle-uds-dataset/data/json/track_ID1_900.json,md5+sha256,,md5:b4930e1c28438d6173e2e89ebf8d5327 sha256:de04e968f8a99fc742754b405e4208d3ab512bdfdc62ac9e4186bddfa1490f1a,9487,"own hash, no publisher reference",0.034
tumftm,data/electric-vehicle-uds-dataset/data/json/track_ID1_961.json,md5+sha256,,md5:82113fe80d7ef0b310d740060c8e1db2 sha256:a2cf1c98f62d9b193a96dfba665b5b94ab3952c733e74bec3f1d2a8b37feaef8,17503,"own hash, no publisher reference",0.028
tumftm,data/electric-vehicle-uds-dataset/data/json/track_ID2_1200.json,md5+sha256,,md5:1ee1f492b2d445d6f03f89c42fbded0c sha256:befb53efc3eb35c5ae550d067d7b3ea76952c149133cf0d07ece7747e2beaae7,14659,"own hash, no publisher reference",0.016
tumftm,data/electric-vehicle-uds-dataset/data/json/track_ID2_1208.json,md5+sha256,,md5:f3f6b69b8c79e64819bc2ebe2be4edef sha256:304ceae56f4f98abade97cd5b56186af4622d23e72f0941fc251912b1d3f182e,7966,"own hash, no publisher reference",0.014
tumftm,data/electric-vehicle-uds-dataset/data/json/track_ID2_1209.json,md5+sha256,,md5:2b6314afcd290db10c8a23293a3a129d sha256:8dd6c68433ba2bfc60639a2587f5e4f08970ef9ce0b97595ede781d2e9d03ed0,7981,"own hash, no publisher reference",0.016
tumftm,data/electric-vehicle-uds-dataset/data/json/track_ID2_1265.json,md5+sha256,,md5:7c1f01b22c7bd9b8f66a8247878354e8 sha256:07bdd342b9f2e9e5644216e32e2e468e6161d1a01882d17634207de929b13469,18437,"own hash, no publisher reference",0.014
tumftm,data/electric-vehicle-uds-dataset/data/json/track_ID2_1269.json,md5+sha256,,md5:d4436bf7d897375ab2b5e6750d82062f sha256:f1e2a029f852a040a1b80f4e829de81c799af3d13665c9d9d682f28c7c2aeb65,12336,"own hash, no publisher reference",0.016
tumftm,data/electric-vehicle-uds-dataset/data/json/track_ID2_1272.json,md5+sha256,,md5:4f58301a69abb191b22785478bf20b7f sha256:7861ce07d8e9707c57e536afc1f93120f3e58e43837c8db3e6d994a9542cd2cf,11668,"own hash, no publisher reference",0.013
tumftm,data/electric-vehicle-uds-dataset/data/json/track_ID2_1273.json,md5+sha256,,md5:8ce4f73e941be301274fa32e6798d1a8 sha256:8bcd29b35001dc64c61b1215a8c5d885a12297b20b844d38adcb096f5400c8d0,11713,"own hash, no publisher reference",0.016
tumftm,data/electric-vehicle-uds-dataset/data/json/track_ID2_1288.json,md5+sha256,,md5:7dbaff92a7a71c8992c4bebfc79711cd sha256:6ac27bbaeefea546ec81225cdb5b6c7692702eb597b58a750a61badc9d8d0077,128746,"own hash, no publisher reference",0.022
tumftm,data/electric-vehicle-uds-dataset/data/json/track_ID2_1289.json,md5+sha256,,md5:6ba728319a0526467c7e71f989a0a0be sha256:43439664198560d07720d837d3335befcec15b1ecf178b82578446abfe23087d,6452,"own hash, no publisher reference",0.016
tumftm,data/electric-vehicle-uds-dataset/data/json/track_ID2_1290.json,md5+sha256,,md5:dfdd25887ec46fd9fb862c49dad49131 sha256:1b1fb53e997e067e31549cd1209b64e8593ec53e044d55bd3302aa9680b38b10,7812,"own hash, no publisher reference",0.014
tumftm,data/electric-vehicle-uds-dataset/data/json/track_ID2_1291.json,md5+sha256,,md5:c87a78547a763ca77ae5c5c3a47b37d7 sha256:d3791194b2e2a35e369cf999ee5740fb7440e160f0586c40a903c573dd35192c,12737,"own hash, no publisher reference",0.018
tumftm,data/electric-vehicle-uds-dataset/data/json/track_ID2_1292.json,md5+sha256,,md5:ecdf7489e43673f50f42061f1f274941 sha256:3e95ca5d35b8eb104fa2c6199f7269a56027cfe64a60f3a2a35ad5932740e3ef,37255,"own hash, no publisher reference",0.017
tumftm,data/electric-vehicle-uds-dataset/data/json/track_ID2_1293.json,md5+sha256,,md5:8ae17a26318b5369f43544bffcb6c04d sha256:f3c1c78090548d3b40052360b3933e95cb1a04b6997eace8bae2b3e9e492d29a,12125,"own hash, no publisher reference",0.015
tumftm,data/electric-vehicle-uds-dataset/data/json/track_ID2_1294.json,md5+sha256,,md5:7e33c115fa0496e25636ba774983e31c sha256:d0e7bd51654afc5f802cd2b9ceacc9a985d52243d07eab1d00f50388443a3e5b,12139,"own hash, no publisher reference",0.013
tumftm,data/electric-vehicle-uds-dataset/data/json/track_ID2_1295.json,md5+sha256,,md5:42e4f2202084bcb0eddd4745c9347376 sha256:e70196b65e22794977dd9223ba72776ee6ded05c2305daab8a7c34394c5fb1a0,5937,"own hash, no publisher reference",0.013
tumftm,data/electric-vehicle-uds-dataset/data/json/track_ID2_1299.json,md5+sha256,,md5:9d3b64ca3b6bed1b607d55c8405057ad sha256:d72f2521a8df70ee5e557f080d381e038d9d6f40cae2a4021bd6205992395a5c,26268,"own hash, no publisher reference",0.015
tumftm,data/electric-vehicle-uds-dataset/data/json/track_ID2_1302.json,md5+sha256,,md5:283eb9480487064ccf62f0ae539a6c8a sha256:48cb41a4ec481f5d2c6c2c98dc6844e6c060dbbf5d1af9522f85f99025326d81,44104,"own hash, no publisher reference",0.025
tumftm,data/electric-vehicle-uds-dataset/data/json/track_ID2_1303.json,md5+sha256,,md5:f4888705b95a016e16b3618daab944b8 sha256:8d3be8d764766565546a092df72ecb47ca304cefe0e9008a33da716a7b7eedb1,55312,"own hash, no publisher reference",0.015
tumftm,data/electric-vehicle-uds-dataset/data/json/track_ID2_15.json,md5+sha256,,md5:6152d8ac3c2bfb1b86df0c732419b0e0 sha256:1729d1b62fe7bee3c29eb3204860c6da4d3cd2dce8ebf93417c507b79f5b14ab,11485,"own hash, no publisher reference",0.018
tumftm,data/electric-vehicle-uds-dataset/data/json/track_ID2_4.json,md5+sha256,,md5:81cbf8379b98b5e61ac65bfb644451fb sha256:8c83ce768aa507c10e67421a924640230fc8606bada5e3da73ef86447a3f2df9,8764,"own hash, no publisher reference",0.019
tumftm,data/electric-vehicle-uds-dataset/data/json/track_ID2_56.json,md5+sha256,,md5:524a8163e2da23c9beb0e05f49c3af69 sha256:ea970975887032d837e8e43501342a8caf9788c37195ac2f9d581936784ecffb,550296,"own hash, no publisher reference",0.015
tumftm,data/electric-vehicle-uds-dataset/data/json/track_ID2_900.json,md5+sha256,,md5:6a57ce80865f1cc65ed1fd4dd4a3faf3 sha256:023b4d9c08c89ba85ff7ed5ed096d1a8e7fc018b4b3ad987abebccd02154148d,9457,"own hash, no publisher reference",0.018
tumftm,data/electric-vehicle-uds-dataset/data/json/track_ID2_961.json,md5+sha256,,md5:c1eac4e680de273a31282cae55cde989 sha256:19856e408e7966f9e217119b6fec8741d8cf0da720bf1e1c2a35f97133bd111b,17327,"own hash, no publisher reference",0.027
tumftm,data/electric-vehicle-uds-dataset/data/uds_data/CUP1.parquet,md5+sha256,,md5:71b07a31177d65ad4941b784e3564456 sha256:786d573de8aae9cd37f477fea22817037c6a11bf9450986543c1bb297f429ed7,77346411,"own hash, no publisher reference",0.157
tumftm,data/electric-vehicle-uds-dataset/data/uds_data/CUP2.parquet,md5+sha256,,md5:f897638be3b465608efe156b9cdbab9f sha256:e9d8419110ee32a202d1c66c048b850516bf636f587b6ff7401d9cdfcc4f69d2,33653130,"own hash, no publisher reference",0.077
tumftm,data/electric-vehicle-uds-dataset/data/uds_data/CUP3.parquet,md5+sha256,38efe95854cfcd4014c4b5d96168e7d3d6a419d1daf7a45468772ee14ba38e26,md5:85c961764765aaf514f7d4f86d705489 sha256:38efe95854cfcd4014c4b5d96168e7d3d6a419d1daf7a45468772ee14ba38e26,8814552,match, no publisher reference",0.036
tumftm,data/electric-vehicle-uds-dataset/data/uds_data/CUP4.parquet,md5+sha256,,md5:283d9fdc373e10a0563a041bba36f1a6 sha256:258fad717246e0854ecff706d809749e007c636df7eefe023fbf7db0ea504b59,44228022,"own hash, no publisher reference",0.102
tumftm,data/electric-vehicle-uds-dataset/data/uds_data/CUP5.parquet,md5+sha256,,md5:f53236238cf8e30209edaf149d4bd4fb sha256:d3f33e96fd490bbe39bbb7cabd002341a0d289a249e5d5fba3b34235bea1820d,29807276,"own hash, no publisher reference",0.076
tumftm,data/electric-vehicle-uds-dataset/data/uds_data/ID1.parquet,md5+sha256,76788d07fe5bb0b0af81ef9041fd7854e05de00b9ef34f616584ce623385e6c8,md5:e0054e179a65d786e61174d3c3e188ec sha256:76788d07fe5bb0b0af81ef9041fd7854e05de00b9ef34f616584ce623385e6c8,338832277,match, no publisher reference",0.643
tumftm,data/electric-vehicle-uds-dataset/data/uds_data/ID2.parquet,md5+sha256,,md5:2179b1b67493f05e38b017bdef1522f6 sha256:8ba915d5f412bbc456fd554168841b05e106dd3c015fbda6f93cbaeba88c10c5,311938185,"own hash, no publisher reference",0.613
tumftm,data/electric-vehicle-uds-dataset/data/value_overview.csv,md5+sha256,,md5:6f859584c4330e92030a30bcc2e51634 sha256:c8fb184dfe51a1fd8af9de9533c491aaa22dd416d233afea9300f8e7503d2cdf,2376,"own hash, no publisher reference",0.015
tumftm,data/electric-vehicle-uds-dataset/LICENSE,md5+sha256,,md5:c242d7dc438524a6012aefbfa820eb2e sha256:8946c49d9a63a62f5621f114027b2842ee914bd237590f2a5496d4b044c95af9,19755,"own hash, no publisher reference",0.021
tumftm,data/electric-vehicle-uds-dataset/main.ipynb,md5+sha256,,md5:e50119398a22fe6d129e33abdc1a9212 sha256:a295cc80aea5b53739ca189a3ddc0ce442629bb02d2318bc226fad04eec9e94b,2025,"own hash, no publisher reference",0.015
tumftm,data/electric-vehicle-uds-dataset/preprocessing/01_histogram_creation/.gitignore,md5+sha256,,md5:ac89689e771b94c32424a678ab4e50b1 sha256:fcb262da61396027c931aaf9796b85920426141e8eea5995305016eb8d3171ab,48,"own hash, no publisher reference",0.015
tumftm,data/electric-vehicle-uds-dataset/preprocessing/01_histogram_creation/classes/tools.py,md5+sha256,,md5:dfdc9b6f46761daee099ee9923f85297 sha256:43ff5ed0b75c4efc6d60cddc94d08c825d796fbf1f30b45dcf7159bbdf906566,459,"own hash, no publisher reference",0.014
tumftm,data/electric-vehicle-uds-dataset/preprocessing/01_histogram_creation/classes/track.py,md5+sha256,,md5:85fdadcc182aa55b5dc9118404d932ee sha256:1b560126008b0022e82de13f9faf795e3e41afc70cc06c213be58895bb7992e4,75495,"own hash, no publisher reference",0.025
tumftm,data/electric-vehicle-uds-dataset/preprocessing/01_histogram_creation/classes/vehicle.py,md5+sha256,,md5:865bd564fb3c2ebc3c4eb7d133e6d9f8 sha256:3dd0288ad42ef7c761e2034e2b17dac1269686953d320119b8fc3d54080ccc6d,13679,"own hash, no publisher reference",0.021
tumftm,data/electric-vehicle-uds-dataset/preprocessing/01_histogram_creation/config.py,md5+sha256,,md5:a7d53dffdc90d91b76c78a51855a8ce9 sha256:17476afcf58fc73118cae459bddc2adad70407e7eeabdf06499878cf0b0d6076,98,"own hash, no publisher reference",0.015
tumftm,data/electric-vehicle-uds-dataset/preprocessing/01_histogram_creation/main.py,md5+sha256,,md5:40a2186af1c2689f0753096b95b5bbdf sha256:94d899f371f47291142ffe230c77dce5a9df0177b6a85dbcfec0741aeb643e70,20131,"own hash, no publisher reference",0.022
tumftm,data/electric-vehicle-uds-dataset/preprocessing/01_histogram_creation/README.md,md5+sha256,,md5:2bcc8850e4ab47c9801c586ecc306a08 sha256:a96cf0b97aa2ad2afaa8eac2fa13634e4d18126e6cbae472b953ce8502430cae,6712,"own hash, no publisher reference",0.019
tumftm,data/electric-vehicle-uds-dataset/preprocessing/01_histogram_creation/requirements.txt,md5+sha256,,md5:71f9a78e77dd8987fd7fc1c9dadd0a28 sha256:7d295cc5ed7b01f779686943ecaa32d0992511b009af212e8deb7d929fbc31f2,77,"own hash, no publisher reference",0.013
tumftm,data/electric-vehicle-uds-dataset/preprocessing/01_histogram_creation/run.sh,md5+sha256,,md5:896745662a6bdd01d9ba0b624c07c98e sha256:95b2cb8940093ac06fb7c8ef4f2a0548128c7d57a09c6034f2ffc6687b7ec1c7,103,"own hash, no publisher reference",0.015
tumftm,data/electric-vehicle-uds-dataset/preprocessing/02_database_schemas/sensor.can.sql,md5+sha256,,md5:728d4ae76fd96fa860204df9379377fa sha256:1dab169b7e164c93f02ddddea0b923ebe73cab83e27e900b02528901c72ff6ac,585,"own hash, no publisher reference",0.015
tumftm,data/electric-vehicle-uds-dataset/preprocessing/03_export/can_export.ipynb,md5+sha256,,md5:2e9b1b32a171fa596cbf3cf76e752d31 sha256:8074d70ad6ebfa8f717d8970114f5581e61dddf9058cb337778594665e33f29b,1238,"own hash, no publisher reference",0.015
tumftm,data/electric-vehicle-uds-dataset/preprocessing/03_export/DOD.ipynb,md5+sha256,,md5:c84e14af62a8ffac23af31d9ec20eabf sha256:5e705fb7ee24f5079e5743391c094e63c0e34db34ba34d4d894d9f1ea947c277,9645,"own hash, no publisher reference",0.016
tumftm,data/electric-vehicle-uds-dataset/preprocessing/03_export/main.ipynb,md5+sha256,,md5:cc62af8192c648dc114406945aacad15 sha256:69f94f838de7dbdc3f0c765164c556f909480247a7a2c85da51ae2e8e5cc15c6,8422,"own hash, no publisher reference",0.013
tumftm,data/electric-vehicle-uds-dataset/preprocessing/03_export/sql/can_export.sql,md5+sha256,,md5:a79a3b7b66afb528b1395f9b90832999 sha256:99fa3b7e888a3b1361004972556e4d78ab2d03d4802e3985850995446f2cace8,382,"own hash, no publisher reference",0.014
tumftm,data/electric-vehicle-uds-dataset/preprocessing/03_export/sql/charging_histograms.sql,md5+sha256,,md5:55dde98c97e1adfa1c5acdb6fabbb8b1 sha256:5d5da4df7a7a6d447ca4e24ce92c9e655ab08946026030a0e5ef54996bbb8e4f,316,"own hash, no publisher reference",0.012
tumftm,data/electric-vehicle-uds-dataset/preprocessing/03_export/sql/charging_processes.sql,md5+sha256,,md5:55a112562328d14cae29c6cae10cea84 sha256:0719eac6433b2f10f1cb8050b240a6f93ff7f21c045cda869d89fac34191e536,419,"own hash, no publisher reference",0.013
tumftm,data/electric-vehicle-uds-dataset/preprocessing/03_export/sql/charging_sessions.sql,md5+sha256,,md5:d41d8cd98f00b204e9800998ecf8427e sha256:e3b0c44298fc1c149afbf4c8996fb92427ae41e4649b934ca495991b7852b855,0,"own hash, no publisher reference",0.000
tumftm,data/electric-vehicle-uds-dataset/preprocessing/03_export/sql/chargings.sql,md5+sha256,,md5:e08c3101e6f3a3708c8fe1f1c35ff094 sha256:7c1a31ee2c5b00fc4e8d318c747aa325c9cff157dbea2991383655e2b1eeb603,415,"own hash, no publisher reference",0.013
tumftm,data/electric-vehicle-uds-dataset/preprocessing/03_export/sql/cuprasoc.sql,md5+sha256,,md5:8693a53f9bbde7534c63de8d74d15eaf sha256:88e5564c32a27be91cb7b23009bc626635e7b90a64e1b15dd04099a294b50b21,501,"own hash, no publisher reference",0.014
tumftm,data/electric-vehicle-uds-dataset/preprocessing/03_export/sql/data_srtm_hilliness.sql,md5+sha256,,md5:dc8bdc011bcdbf17e88b47981ab42357 sha256:3f9b3f9e6b86e6513859d6c45a3a2df00ca6de8656cbda11aa38378c148ec3b7,1523,"own hash, no publisher reference",0.023
tumftm,data/electric-vehicle-uds-dataset/preprocessing/03_export/sql/get_bins.sql,md5+sha256,,md5:c6ab866d721d918882c3f9b0ebc68df0 sha256:5fef21449de26eccfc928ac0b0c92ac840697ed08e3dd74013d30b6320b64f17,34,"own hash, no publisher reference",0.013
tumftm,data/electric-vehicle-uds-dataset/preprocessing/03_export/sql/hv-current.sql,md5+sha256,,md5:ed8260034cf321d4c29182325aa60e64 sha256:b4370e6572501a593797729bbcc2aee66cb335d0de3619137ab6eaa015f8c47b,130,"own hash, no publisher reference",0.015
tumftm,data/electric-vehicle-uds-dataset/preprocessing/03_export/sql/soc_requests.sql,md5+sha256,,md5:08324b190ede9f9a8498a39586cf9875 sha256:b762a10c8ae4aa96bb223f25fdca98cc50c1cf41bb7dff805f7482f34e05fcec,300,"own hash, no publisher reference",0.015
tumftm,data/electric-vehicle-uds-dataset/preprocessing/03_export/sql/soc_requests_635.sql,md5+sha256,,md5:46114b104e19b9a1ae9f73ff933d56e2 sha256:f7052edec4040494633c6c94da1165cb402bbc7995f81be86d745ea475a78a98,113,"own hash, no publisher reference",0.012
tumftm,data/electric-vehicle-uds-dataset/preprocessing/03_export/sql/track_counts.sql,md5+sha256,,md5:80b77f914b70eff7766decbadf7e50ae sha256:b79f8b77d26c7a193f0f2aba7caaa7c8015b3a4e61c7a62fcdae8b7f1863ec91,292,"own hash, no publisher reference",0.013
tumftm,data/electric-vehicle-uds-dataset/preprocessing/03_export/sql/track_histograms.sql,md5+sha256,,md5:007d54ee7190979d07d43acad6a3d645 sha256:1c52b3ce615d7ca09a5e5128ee44865bb3412473abe2883fde3e9256408b363b,306,"own hash, no publisher reference",0.015
tumftm,data/electric-vehicle-uds-dataset/preprocessing/03_export/sql/value_data.sql,md5+sha256,,md5:6f82bd99be09728e7b6275fea810c0aa sha256:11b3fa6b83796dffc011d1fa6fdc90ccb2ec95c20c21f2204fabf6046ab3cd23,161,"own hash, no publisher reference",0.014
tumftm,data/electric-vehicle-uds-dataset/preprocessing/03_export/utilities.py,md5+sha256,,md5:63958444062c373179009fa0398e3311 sha256:8e94eea303b1bd204affa7ef455a47210c7582aa4b314313a7a300b0037b9d9e,2681,"own hash, no publisher reference",0.023
tumftm,data/electric-vehicle-uds-dataset/README.MD,md5+sha256,,md5:fa004d2dec5f76a554bbbe32adb7860a sha256:9f93ea16100ccae76823a6d0ae65e4f63ad80e946a3cbf837b3843a0c685cdf6,6157,"own hash, no publisher reference",0.019
tumftm,data/electric-vehicle-uds-dataset/requirements.txt,md5+sha256,,md5:120e4d8c659855d82b6d3a60d7695504 sha256:e6078e52a44b0d43ba11fd29defc4c01418913bc6ab70f94953be52bb5b16d79,55,"own hash, no publisher reference",0.017
tumftm,paper/Paper.pdf,md5+sha256,,md5:9ced3f57bb2f972fb300ed0331b0b440 sha256:5d651d35af16092ba7a6ebf1385b791752694ba647b5edf57037d05bbe704973,9242601,"own hash, no publisher reference",0.060
tumftm,"supplementary/Supplementary data (Appendix D, MMC S1).pdf",md5+sha256,,md5:8874165010fb3f3bfba2df4df2df3929 sha256:1becf7a9977e8a63916ad50c7d94896e96ac5a67bcdb2b6a2105d96ded4269e4,104374,"own hash, no publisher reference",0.015
xie,data/code/Code_for_Realistic_Multi_Fault_Diagnostics_zenodo-18327925_v1_2026-01-21_bundle.zip,md5+sha256,,md5:c9a46dee6f21db865a80f85304f99e8f sha256:1ab920a7b56d5ea7bff5304df63daf324c00092d33cc265cce994b688627eb35,857852,"own hash, no publisher reference",0.009
xie,data/code/readme_code.md,md5+sha256,,md5:a699b95c9fdd6e2be9f3daf654386a4a sha256:4e3b6079ed9777f2a0fe8b0690cc690881d3f8c58c774bf6b5da172e302102b8,1025,"own hash, no publisher reference",0.013
xie,data/DataForPub.rar,md5,321f9cef9bba62d00a9092a40c089977,321f9cef9bba62d00a9092a40c089977,155930964,match,0.211
xie,data/readme.md,md5,44a6e26616a90fbda2868ff8bdcb0abe,44a6e26616a90fbda2868ff8bdcb0abe,1914,match,0.014
xie,data/readme_superseded-1835B.md,md5+sha256,,md5:41ac6c3b1e7f0c5a8a0f0fedf78aa6eb sha256:a07b53d9467d2ba22712f97835279dbf729c8e078a6e7b63ce092bdd886aebfc,1835,"own hash, no publisher reference",0.013
xie,paper/Paper.pdf,md5+sha256,,md5:c0494369981e976777b9a2b37a2ec73b sha256:40435f880b5c3765b151d7f9d9af4b6d1473408fa320519f1d9f22d701e93872,5810787,"own hash, no publisher reference",0.045
xie,"supplementary/Document S1 - Figures S1-S11, Tables S1-S4, Notes S1-S9, Algorithms S1-S2 (mmc1).pdf",md5+sha256,,md5:8e973068d4e30e2ebebfcc482a837363 sha256:beb26c5ff30037627e66aeab5a6352d5cadcc4d188423e14e2d8b2989f4f38b6,1062986,"own hash, no publisher reference",0.024
xie,supplementary/Document S2 - Article plus supplemental information (mmc2).pdf,md5+sha256,,md5:3933d9ac67d9702fba7d1ce84e1c0dd0 sha256:5b851a204550cd63a1b1400f02ea7b744024bcb44c8588618de6fa279591d2f6,9609791,"own hash, no publisher reference",0.052
zhang2023,data/battery_brand1.tar.gz,md5,8d32af34063c0475587c07f6021861a1,8d32af34063c0475587c07f6021861a1,1191991306,match,1.493
zhang2023,data/battery_brand2.tar.gz,md5,8e16ac45307edc13630bcf8b833f361e,8e16ac45307edc13630bcf8b833f361e,236920600,match,0.318
zhang2023,data/battery_brand3.tar.gz,md5,038e953f199bc86f356e03c88098df99,038e953f199bc86f356e03c88098df99,55469605,match,0.083
zhang2023,data/code/Battery_fault_detection_NC_github_github_2023-10-09_e1fa6b52daa2.zip,md5+sha256,,md5:24355ac25463740963bcbed74bff74b8 sha256:aaf15112929d7cb626257a8385d05ed0109e52b9f64614273b316245c299181f,327244,"own hash, no publisher reference",0.017
zhang2023,paper/Paper.pdf,md5+sha256,,md5:0dbd6f0bd444e951ae4a65a247c27af1 sha256:29cec5e8bf98f0cfed39a3478c2a19ac1ab13e48bd48ccd1e2a7a7d589fdda8c,2187157,"own hash, no publisher reference",0.038
zhang2023,supplementary/Peer review file.pdf,md5+sha256,,md5:2a142572622541fda5608296587b82b3 sha256:821be8997504f81460a42678a2c88842a950ac27095dc0ee0c83c34c43d8c6c2,3187290,"own hash, no publisher reference",0.019
zhang2023,supplementary/Supplementary Information.pdf,md5+sha256,,md5:0a7dcbd585b377f3de6408ce7a12dfea sha256:7eed30e77afc47ef334fb095844e884619e393ca042f80a259076e588cebe489,1806978,"own hash, no publisher reference",0.013
zhou2026,data/code/Ev-battery-cell-to-cell-inconsistency_github_2026-07-06_dc1dd9226d2c_code-only.zip,md5+sha256,,md5:6a16f525dee2b763d8160424908f2a3b sha256:f442411e32d6433e639ca06ab3714f2aa815936ccdc15f5beb054cd5dd8b7c4c,31467,"own hash, no publisher reference",0.017
zhou2026,data/code/Ev-battery-cell-to-cell-inconsistency_github_2026-07-06_dc1dd9226d2c_EXCLUDED.txt,md5+sha256,,md5:7bed01861409dc07c292581d754b704f sha256:06ce0401c51e9425254b1970e7b2d20c490eafdaf401310653f4fe2a768462fc,577,"own hash, no publisher reference",0.018
zhou2026,data/Vehicle data.zip,md5+sha256,,md5:f8f00e33a8be48a089efe7a97b3fc3b3 sha256:616db7f8a5f309ec32aeffd9765863bf9b87a2f20c8f6f8d28a80778ab118b53,2152839290,"own hash, no publisher reference",4.018
zhou2026,paper/Paper.pdf,md5+sha256,,md5:bdfa6ab7cf64de8ef4162d81ec495c0f sha256:4ac575aa816ada490975ca7193d5e35afbb34d83707ec36c6bc335645e68ceb4,2938811,"own hash, no publisher reference",0.037
zhou2026,supplementary/Source Data Fig. 3 a-g.xlsx,md5+sha256,,md5:1cd28fb8027f194e299bd395ff13d819 sha256:e20d6165032294c482057f6b9e7906e066736b3f1a1c17e1ecd9a4b966686cc0,25161533,"own hash, no publisher reference",0.067
zhou2026,supplementary/Source Data Fig. 3 h-j.xlsx,md5+sha256,,md5:b0ae6f7ba4361dbc08c06b5bf37f94ba sha256:7d9be69be3201e6298fcb60f0f6093a076a5c54ab466edb7c412414bedbab626,16722091,"own hash, no publisher reference",0.069
zhou2026,supplementary/Source Data Fig. 4.xlsx,md5+sha256,,md5:cfcba0cf6e965b2180dc7c84d30c093f sha256:e9d03c35760edbc6152f2184509ee572e448c6151c5809fea4efb9d8156cabf3,61312,"own hash, no publisher reference",0.026
zhou2026,supplementary/Source Data Fig. 5.xlsx,md5+sha256,,md5:ab5ad10ed54b2e77080beb512e2e245e sha256:033e24273cab1eca162490f189a967f767cf9bf8c6987e4c5e839635b8052a06,340397,"own hash, no publisher reference",0.015
zhou2026,supplementary/Supplementary Information.pdf,md5+sha256,,md5:f96cf7a37b372773e9ca40d9d5160fa8 sha256:3980924accdde911f674f52c76d856d1ff1425d3a9b4c6c69cf2f0d60f24bf17,3800921,"own hash, no publisher reference",0.038
m5bat-pbacid,data/Full_Dataset_M5BAT_Battery_Unit_Pb1.zip,md5+sha256,,md5:35ac898c8696af2a2aaa1684bd231f26 sha256:9355fa8b5d265dc051ba8fbbbc7b920542e101218269cb5357aea47de1322ad4,4653774362,"own hash, no publisher reference",8.852
m5bat-pbacid,paper/energies-19-04141.pdf,md5+sha256,,md5:698994bc5827bfc7cbef82536bf65bb5 sha256:dea786465bec9f4b63290e98ac8b4b549ff995b6502a434a66857dc5c0f7665d,2528680,"own hash, no publisher reference",0.030
m5bat-pbacid,supplementary/Description_File.pdf,md5+sha256,,md5:0482ef036d0e1829cb4d092004406878 sha256:c203c7f3e146ee3d9626dc6e1b45bc643c5f641b4ffb38897165ff50ce846e08,77573,"own hash, no publisher reference",0.018
m5bat-pbacid,supplementary/energies-15-01342.pdf,md5+sha256,,md5:1a86e9493953083ddb3361cce108f156 sha256:69ccca8bf5833d4ac3f88e49feafefe671ab1ca28df7bfc3c99f3293fae53ee1,4704859,"own hash, no publisher reference",0.035
aitio,data/GITT_OCV.mpt,md5+sha256,,md5:ae6bf68bd5877ef6f634c793ad25aa62 sha256:c6741d932e35414a5c30e34e03a03bf9f011ad6eb10c647e8312deff201151a5,83771698,no publisher checksum,0.163
aitio,data/LICENSE,md5+sha256,,md5:c3921496317798092cb123529c37c397 sha256:8f93512c89ad9a4519834b315d7aa089bd3b567c805134043f382a27ada0a607,1153,no publisher checksum,0.000
aitio,data/meta_data.csv,md5+sha256,,md5:4ba448dc0452a441a3f35373da431a25 sha256:3561d90a99b3b07dc8b256bae873cae55ce1183fdcf9538cd46466ebd5025490,30337,no publisher checksum,0.000
aitio,data/readme.md.txt,md5+sha256,,md5:8f75e14e4424a8de0c9ece5853a48417 sha256:2ebfbb40bd60073dffc6600d32e63b256547aae4ba4d59eb9e61896b28454237,3076,no publisher checksum,0.000
aitio,data/set_0.zip,md5+sha256,,md5:afcf4fcde3f6f6385d84a2eff10124cc sha256:dc96006e960663f46a6b7dfe331eb8467d067cd3c57f1b041caaca37f60c3fa7,292802485,no publisher checksum,0.581
aitio,data/set_1.zip,md5+sha256,,md5:e3ebeb92567ab7dd9842e735103c380f sha256:a08ac13f23789ef9d262f5760ebd4021c878b164bda3317679a088f73fbc162b,287351389,no publisher checksum,0.568
aitio,data/set_10.zip,md5+sha256,,md5:5c03c65a057f24842f052fa7e0477754 sha256:3466d4ecfadab3754432afae518a9abb8384b5b1da780147fb318bd267f849e9,81975272,no publisher checksum,0.161
aitio,data/set_2.zip,md5+sha256,,md5:cc3a1a89c9793bb00951606392400966 sha256:2b479e45853358c0f9b1ede5a54b20f3780c8bed7cfc978577d185266e27a5eb,284543563,no publisher checksum,0.564
aitio,data/set_3.zip,md5+sha256,,md5:062e49e7937bdb0f25a5f234762c6fad sha256:e95beb1cd12d57d1655d3675410e452dbbd029f12795a38c3cb69c14a165fa4c,288562736,no publisher checksum,0.620
aitio,data/set_4.zip,md5+sha256,,md5:51b1e5ef10b682d896e7f65bd962efe9 sha256:b7d80036afef0df71ddbbaa63b7d09045013cd35e55c8a8cbeb3ccbc2018e905,291836884,no publisher checksum,0.591
aitio,data/set_5.zip,md5+sha256,,md5:84151078f64788a156036e86bdabb435 sha256:2502d02227cb2268cb0b83764d3a1121c796a8bf9ce22f4d9996dc5e3d341615,280380830,no publisher checksum,0.558
aitio,data/set_6.zip,md5+sha256,,md5:b46715707a0e860f6e1c6aac0b027c99 sha256:f480305949a13a86575b017e7446258b08650114b8b83b6144f5b4625692da38,300798725,no publisher checksum,0.599
aitio,data/set_7.zip,md5+sha256,,md5:1ada4559c7cd8ccd6e8d26ad3bb79cec sha256:541227e780cc47652bfa1292025b4e5fbf61cf52234cb6b61d58d83128cb80cd,264814532,no publisher checksum,0.527
aitio,data/set_8.zip,md5+sha256,,md5:5bf6eb9944fd489426425b0b4045b163 sha256:abc241c3b6b31dc4afb8580c1441916fb8c5f7bf50aff80f53634979c1914eef,283778513,no publisher checksum,0.566
aitio,data/set_9.zip,md5+sha256,,md5:db0fe0876671010bf81d5fd2fd686ca8 sha256:39805140844500eb203d64c4166c4b583a3bfb7a0f6a1ba0cce6c3da05feaae2,300694522,no publisher checksum,0.602
aitio,data/zip_to_npy.py,md5+sha256,,md5:55ce4965352e7c4e148e7fcc82ef6088 sha256:7fe486cf8c4b21442ecee7708e6533578581e60f34a250722774b7e0eae4aa72,717,no publisher checksum,0.000
aitio,paper/aitio_howey_2021_joule_AAM.pdf,md5+sha256,,md5:1e37e4efb21377047a9a8cf1c3d9fd3d sha256:58dd4627ba491cf2e1a7b2895307b416b1755bc2292e4cd496f94db7d637e5a8,9378051,"own hash, no publisher reference",0.019
