package,file,algorithm,expected,measured,bytes,status,seconds
cao,data/code/MCDL-Online-Fault-Diagnosis_github_v1.0.0_2024-09-28_ede1f2c70f43.zip,md5+sha256,,md5:6a5e1ffb4b35d99ab886986f0b3e4ccf sha256:b3e4306cb9af23983fd42fa5c1d77930f71ff3a70ebbf15f51976c3af11e52ec,12616,"own hash, no publisher reference",0.747
cao,data/DTI.zip,md5,400135e26d8bac65cc171e63f71fd5dd,400135e26d8bac65cc171e63f71fd5dd,2645761724,match,81.209
cao,data/GIS.zip,md5,2b4d5f9d0d045bbe5bb0318ea84f7e7e,2b4d5f9d0d045bbe5bb0318ea84f7e7e,389438075,match,8.979
cao,data/QAS_1.zip,md5,a3d3a182c7c82df26073a53f698148c8,a3d3a182c7c82df26073a53f698148c8,6822055228,match,138.746
cao,data/QAS_1.zip,md5,a3d3a182c7c82df26073a53f698148c8,a3d3a182c7c82df26073a53f698148c8,6822055228,match,194.344
cao,data/QAS_2.zip,md5,9183ff01f6cf3e187716ca3a2d7f6b53,9183ff01f6cf3e187716ca3a2d7f6b53,6927601162,match,197.533
cao,data/QAS_2.zip,md5,9183ff01f6cf3e187716ca3a2d7f6b53,9183ff01f6cf3e187716ca3a2d7f6b53,6927601162,match,197.535
cao,data/QAS_3.zip,md5,7cb6410cac2c44890eaccd9d594887bf,7cb6410cac2c44890eaccd9d594887bf,6990430806,match,216.503
cao,data/QAS_3.zip,md5,7cb6410cac2c44890eaccd9d594887bf,7cb6410cac2c44890eaccd9d594887bf,6990430806,match,216.504
cao,data/QAS_4.zip,md5,d138ef98e2fb77c12afc88a6043e3be8,d138ef98e2fb77c12afc88a6043e3be8,5949401675,match,163.495
cao,data/QAS_4.zip,md5,d138ef98e2fb77c12afc88a6043e3be8,d138ef98e2fb77c12afc88a6043e3be8,5949401675,match,163.495
cao,data/QAS_5.zip,md5,f420b38bab7aca514ab834cbfa0010b8,f420b38bab7aca514ab834cbfa0010b8,8338767634,match,230.714
cao,data/QAS_5.zip,md5,f420b38bab7aca514ab834cbfa0010b8,f420b38bab7aca514ab834cbfa0010b8,8338767634,match,230.714
changan,data/code/Multi-modal-SOH-estimation-framework_github_2026-03-09_56c1ef4dd0c5_code-only.zip,md5+sha256,,md5:af1e4e7b2787aa154d45107dbcb7e807 sha256:cc0d16575def206da12d13e823c17e0e30fb5f2de5a49c4bbe2848f6280c31b2,2671891,"own hash, no publisher reference",0.701
changan,data/code/Multi-modal-SOH-estimation-framework_github_2026-03-09_56c1ef4dd0c5_code-only.zip,md5+sha256,,md5:af1e4e7b2787aa154d45107dbcb7e807 sha256:cc0d16575def206da12d13e823c17e0e30fb5f2de5a49c4bbe2848f6280c31b2,2671891,"own hash, no publisher reference",0.701
changan,data/code/Multi-modal-SOH-estimation-framework_github_2026-03-09_56c1ef4dd0c5_EXCLUDED.txt,md5+sha256,,md5:deaf13ebc97511ed49ef7cdb39956df9 sha256:365aefb12d63edc0276e64e3089fa41c82dca9c2ac2599655a91ea6e1fd49155,726,"own hash, no publisher reference",0.450
changan,data/code/Multi-modal-SOH-estimation-framework_github_2026-03-09_56c1ef4dd0c5_EXCLUDED.txt,md5+sha256,,md5:deaf13ebc97511ed49ef7cdb39956df9 sha256:365aefb12d63edc0276e64e3089fa41c82dca9c2ac2599655a91ea6e1fd49155,726,"own hash, no publisher reference",0.450
changan,data/fleet_meta.csv,md5+sha256,,md5:960ef3e9a4545dd847e07a1f39ff549d sha256:f3972aeece39cf672aeaad850eed00437ac7eb721d7a2ea6d48da2103f5b5390,37398,"own hash, no publisher reference",0.616
changan,data/fleet_meta.csv,md5+sha256,,md5:960ef3e9a4545dd847e07a1f39ff549d sha256:f3972aeece39cf672aeaad850eed00437ac7eb721d7a2ea6d48da2103f5b5390,37398,"own hash, no publisher reference",0.616
changan,data/raw/RAW_DATA.sha256.json,md5+sha256,,md5:cd9c7a2b81192962fcedf842dfd492dd sha256:3f4ea216222e9f3ac17696ab9b855c67b74a8c3aefbcd3af7f2ece41d0861468,744,"own hash, no publisher reference",0.526
changan,data/raw/RAW_DATA.sha256.json,md5+sha256,,md5:cd9c7a2b81192962fcedf842dfd492dd sha256:3f4ea216222e9f3ac17696ab9b855c67b74a8c3aefbcd3af7f2ece41d0861468,744,"own hash, no publisher reference",0.530
changan,data/raw/RAW_DATA.z01,md5+sha256,,[Errno 28] No space left on device,51539607552,ERROR: OSError,385.440
changan,data/raw/RAW_DATA.zip,md5+sha256,,[Errno 28] No space left on device,22766768603,ERROR: OSError,404.544
changan,data/raw_sample/vin1/vin1.csv,md5+sha256,,md5:ab4b046041e2ddd3a653bc7054d0d9f4 sha256:99005079ff97c457883daf446fde5837d8dc4f3742148c37b9f816809276f329,2820121107,"own hash, no publisher reference",72.016
changan,data/raw_sample/vin2/vin2.csv,md5+sha256,,md5:c39a47065835f23ffea315c52fd2086f sha256:ee07d153392b2ea5a483ef253d800f3e823815d5d463f6a604c4e907ae236f91,567327530,"own hash, no publisher reference",14.256
changan,data/raw_sample/vin3/vin3.csv,md5+sha256,,md5:ce46f8972f6c872cbb96be8b2c953c8a sha256:24bd90ed57d14aaadd6ceab38bcdaa5ef4517d91a09ce47100f9c22db514dd5f,1854221739,"own hash, no publisher reference",46.210
changan,data/sample_official/sample_data_changan-portal-official_2026-09-01.rar,md5+sha256,,md5:aabd6444d1c3d26a6edb04f66e51a357 sha256:27e6260b034696c0ba5ce71329c8e48058ad71e2c9b6c045261133887bad29d1,108263512,"own hash, no publisher reference",2.541
changan,data/sessions/vin1.meta.json,md5+sha256,,md5:2a6ca14c3a3c6e9a8fdc92c51c803c08 sha256:095da978a236d12bdb48b838e56a04c9e7d9345a3a791a984729149ef4fea0f0,306,"own hash, no publisher reference",0.586
changan,data/sessions/vin1.parquet,md5+sha256,,md5:f194470699265ff7e92ea27f2fd9f41d sha256:b9547802f0b20742a04be2c5cdd7b4857e12c7060b9fd1fd56bad144359b9e38,131434,"own hash, no publisher reference",0.597
changan,data/sessions/vin10.meta.json,md5+sha256,,md5:ae3ff6b0db854ad2d12befddcceb78a4 sha256:86bec77deefa06aa0f6d68452ce69705bba52ca5cdf8f3f8370c12ab9fe30d48,300,"own hash, no publisher reference",0.535
changan,data/sessions/vin10.parquet,md5+sha256,,md5:65efc4208a84145553dd486e0f2365aa sha256:122aab94429ef6ebaddb6aeed5e8938b3b24b67eb7500e797132ec3581846ba1,111799,"own hash, no publisher reference",0.727
changan,data/sessions/vin100.meta.json,md5+sha256,,md5:9fb6468af588c9dbf95b643f2b6cf3aa sha256:a2afc2232efba7989cfa3750c944165edbf118f2816df7c7031e50391fed49b3,308,"own hash, no publisher reference",0.531
changan,data/sessions/vin100.parquet,md5+sha256,,md5:a0adf746d6829973ce8790c2023acc91 sha256:8dc2f2bf80376486c0421cbab8388967ad934a8fbd3bcd12813d13a0b6e69240,191148,"own hash, no publisher reference",0.506
changan,data/sessions/vin101.meta.json,md5+sha256,,md5:944cee69095241eb2bc9f1943129ea49 sha256:83db9544f7a5bfc7d5f134f6b7d1e66fb1d229c3b185bb1556e347a98eafc42a,305,"own hash, no publisher reference",0.573
changan,data/sessions/vin101.parquet,md5+sha256,,md5:1915a7a2b52768469f72307d469513b1 sha256:260a2abcac35d4e9bd75975aa0c44873384e8530b8a709eb806c71c448634dcd,95641,"own hash, no publisher reference",0.462
changan,data/sessions/vin102.meta.json,md5+sha256,,md5:9290aaf6236a19773da6b29c0f1395be sha256:3e7b6d9486747ac293e66eefdcbf5e4d49c9540953efacaf3700a93330504ee9,306,"own hash, no publisher reference",0.443
changan,data/sessions/vin102.parquet,md5+sha256,,md5:d13c012729f08a6542647aa87e2158a7 sha256:016fd0e2cb9732cf18db0d54ff37b2c7fed4323a3e60f28128b4f620305d0057,93775,"own hash, no publisher reference",0.573
changan,data/sessions/vin103.meta.json,md5+sha256,,md5:a2f97f62e17e6f97c7ca783d47718c3b sha256:6432cf90426978b8a1765d6db8f21a3f6c8bc83fbafb97dc62d686c27e5c42d5,306,"own hash, no publisher reference",0.490
changan,data/sessions/vin103.parquet,md5+sha256,,md5:90755024f126746e7d8fff79cec4981f sha256:e136bf363332433a5c671f553f891475b7ea7570235d775b54e7dacadf8406a3,112566,"own hash, no publisher reference",0.494
changan,data/sessions/vin104.meta.json,md5+sha256,,md5:8a26f8f639d511a4ed8d9460ede3bbed sha256:a217c0f911590b62336ea69ba16ac259d6da800fa3ba86b3ab29823582a77c13,306,"own hash, no publisher reference",0.594
changan,data/sessions/vin104.parquet,md5+sha256,,md5:e19437d14cf8c3a32f4ab5d6624e2924 sha256:1d54ecf897ccb5159c7c8fabc144c5b096cdabb38181e755981717124218f3af,99606,"own hash, no publisher reference",0.455
changan,data/sessions/vin105.meta.json,md5+sha256,,md5:c8008530bae4130e170928d60547ff1e sha256:3926e322fb3319419691edcc9b59f80d6aeb60bc708bc35604dd312452c9f7f1,302,"own hash, no publisher reference",0.431
changan,data/sessions/vin105.parquet,md5+sha256,,md5:651bc467b6570fb7faac42ac6223f880 sha256:987ed41c183d9df7ea12f51a4c90d937a3916869d0cb1d438cf23b1bee0f0bbd,55121,"own hash, no publisher reference",0.444
changan,data/sessions/vin106.meta.json,md5+sha256,,md5:d45e997b5486503e9b9d3e902b171771 sha256:248ed01d122e8352f7f9833638442d7f48b6861a0cb72e2f595b6a65a7c5474d,305,"own hash, no publisher reference",0.547
changan,data/sessions/vin106.parquet,md5+sha256,,md5:5176b330ee7201bb70e53277329f8b52 sha256:862be8381c4085b455441f8b093c8e88c9bb9f5223ca677f042998e51a918999,97557,"own hash, no publisher reference",0.557
changan,data/sessions/vin107.meta.json,md5+sha256,,md5:d4be6410c58f4bf591f04e17b61c3bf0 sha256:c84a32a268584efaf7bcb56cd53d65023030369b227c59f333944f43b3ce6706,302,"own hash, no publisher reference",0.622
changan,data/sessions/vin107.parquet,md5+sha256,,md5:22a9689abbae5a567d30789fe1081f4f sha256:77e674c2fdd556b6febeb5585d3a0cb03d6beb061a27fe7ece6f59ab8e620982,66020,"own hash, no publisher reference",0.531
changan,data/sessions/vin108.meta.json,md5+sha256,,md5:a9d829c0e271dccade2660447e8fa957 sha256:08fafdc54d991e3289a0539d4f6dcf88a8361559912b5ffb82537a8494f09899,303,"own hash, no publisher reference",0.494
changan,data/sessions/vin108.parquet,md5+sha256,,md5:a1a9b0b41e5c306cb9cbf0f178fc634e sha256:5bb127dc1680fc05280f8c685adc1e7a28b89d4ebccdde6e4863e4305cf83296,89603,"own hash, no publisher reference",0.495
changan,data/sessions/vin109.meta.json,md5+sha256,,md5:d8782689c7e1a2bd4f2bfa1b97556505 sha256:b2f7c36c382378e560193ba77b1b152d4035c5906ac7255bc1792105923a5bbc,301,"own hash, no publisher reference",0.446
changan,data/sessions/vin109.parquet,md5+sha256,,md5:e462f9c5003af0fd1f9a16043c859fe8 sha256:43d408e3aee9b01b23e20067426c51517fc8702e4491c50fd1ae2ec7e1a9d120,55509,"own hash, no publisher reference",0.488
changan,data/sessions/vin11.meta.json,md5+sha256,,md5:b352b2f625695cd266cf1f25d01433c5 sha256:b2273c3db3aab0c961d563f3929c6430ad27a8a185f94babd76b276e2716d802,306,"own hash, no publisher reference",0.522
changan,data/sessions/vin11.parquet,md5+sha256,,md5:756367ace6ebdac74a443794365483aa sha256:d70097e8139ade16d911ba1ca42acd652fb69309d1ad1cd63340d8f73ddbb7a5,104788,"own hash, no publisher reference",0.488
changan,data/sessions/vin110.meta.json,md5+sha256,,md5:32374e9a11afa7975801ef52d384f0ad sha256:dd7eabddf77d7d7c2caf5b35d3b375a07596ee422508409243e83ada425b5d38,308,"own hash, no publisher reference",0.508
changan,data/sessions/vin110.parquet,md5+sha256,,md5:63389e44ec41657cc6b532b289c37c73 sha256:6bf98eae9cab78caa7d0d785e331124f2166d529bdf4d1a1107f15f84f832f07,49312,"own hash, no publisher reference",0.634
changan,data/sessions/vin111.meta.json,md5+sha256,,md5:3d9c1ad92dc24837e60fb6a0b0c3b57a sha256:ff80d3cd3757176b51c63f93af5af480140175091790e8b87159c96550d1c2d3,307,"own hash, no publisher reference",0.455
changan,data/sessions/vin111.parquet,md5+sha256,,md5:1966331e4d5cbd246858d1d9da8bfa90 sha256:0919a7cab2b5c66d6ffdcb47a0fb784c78c488003db7fc73780b5cd6c4ce5999,112982,"own hash, no publisher reference",0.591
changan,data/sessions/vin112.meta.json,md5+sha256,,md5:6669ef07100918fef9059fef8bdedcc1 sha256:d5304c56399e13be2efe80284e5f0b8c13b807fc5645f6fc5faadb0f15de13ad,308,"own hash, no publisher reference",0.442
changan,data/sessions/vin112.parquet,md5+sha256,,md5:27b273f1a3729b9528953ca53e5ad543 sha256:f8a80c9f64a83be46e02ea35dea0e3eb65efae9302d3d60aca5ddda2d59680d3,120947,"own hash, no publisher reference",0.520
changan,data/sessions/vin113.meta.json,md5+sha256,,md5:149bf8ae9eba94cc19d2755e82891a07 sha256:53941f0ade7c9e79280a3aa427ed3f6edc3a2517b7320ebbabd40f394d1819cb,306,"own hash, no publisher reference",0.549
changan,data/sessions/vin113.parquet,md5+sha256,,md5:3b50aa73102c0779a00bff312ba6c023 sha256:b4032918bc80b652d2c70dc22cf5e9da1d31b17f1658d2af026d3726be108fbf,60859,"own hash, no publisher reference",0.660
changan,data/sessions/vin114.meta.json,md5+sha256,,md5:589c9fcb715a4809a7c4a29e5ce60b16 sha256:0fd3be42ecdaedad8f1617fdeaedd61dd22a8f67c6309fc44e44e1f29dac3c82,306,"own hash, no publisher reference",0.655
changan,data/sessions/vin114.parquet,md5+sha256,,md5:0799056c415989815080fa4932268205 sha256:ad77fbcc38dad55860bc76dd4a016c19a2895b59b5fd0410e1874d87a2a6f8b3,80327,"own hash, no publisher reference",0.486
changan,data/sessions/vin115.meta.json,md5+sha256,,md5:00902b389e8e9005031105ac8df674a1 sha256:be87441174b0e20d9d96a0d942ea2b0131953a958efc1a9f125be1e5b54fb96d,308,"own hash, no publisher reference",0.514
changan,data/sessions/vin115.parquet,md5+sha256,,md5:b06bb6b5fc035b9d03bfe59f1a0d2688 sha256:8dfe02027092730cebbb732c11b646a78430d741f66aa13e63a55443766c580d,131737,"own hash, no publisher reference",0.490
changan,data/sessions/vin116.meta.json,md5+sha256,,md5:adcf5567b096fc54e4964b8393936e2c sha256:d3e04c71721cee868aabbefe3e663b0651cb1d9325d2a5caeeb964921b3acb2d,306,"own hash, no publisher reference",0.439
changan,data/sessions/vin116.parquet,md5+sha256,,md5:668b84e97d40a439ffdad4176ff18603 sha256:ce0d0f78358741311bef22e4e0d2581be56d89d5735831651340d19d6ba9bb01,223332,"own hash, no publisher reference",0.549
changan,data/sessions/vin117.meta.json,md5+sha256,,md5:e803caa2d8c2c3a2dc64fffbc5ef96fa sha256:195b135e3abb3a2bc9346e714e4934f03c8055f0c5825883e80209465ec81674,309,"own hash, no publisher reference",0.485
changan,data/sessions/vin117.parquet,md5+sha256,,md5:4e9527e96ebf78361baa3dbfdd1dd848 sha256:5a645c5051ccdf15d41debeecc0d11dbce23e22baf111907c3d6c22a49481b64,119655,"own hash, no publisher reference",0.526
changan,data/sessions/vin118.meta.json,md5+sha256,,md5:698479cf669f5094231f2826c629d2e0 sha256:cab9a30a1bb5f395a7226654b459b11693b03ad7dac59df12e77bb5950d663d5,307,"own hash, no publisher reference",0.497
changan,data/sessions/vin118.parquet,md5+sha256,,md5:5837ce271ab02683c0fb1fec2b7d2c28 sha256:86c06da557627bd9ea384f6506d555fe040d28395bbd48ca520a711d61e7fe02,92519,"own hash, no publisher reference",0.635
changan,data/sessions/vin119.meta.json,md5+sha256,,md5:2abfc1958b3b93f63c789ad05670d7fd sha256:a8fea8f83671c90599cd2311f5fd3d9458727197d017ec1f93019b533576dcac,309,"own hash, no publisher reference",0.526
changan,data/sessions/vin119.parquet,md5+sha256,,md5:ab5d3d9c8249a786ed3e8e7d1cebf945 sha256:85956c9fdcea0ce8184c251e1655608ba262d44affbf517cfa19c03b6d320df0,135469,"own hash, no publisher reference",1.344
changan,data/sessions/vin12.meta.json,md5+sha256,,md5:3cd0cd6a871ac83a9984d8f4ab212eb8 sha256:8005aa71b7a76f1605e38081d5061cf0ab109b1d8eb5b29dc17ee21415adeffe,304,"own hash, no publisher reference",0.505
changan,data/sessions/vin12.parquet,md5+sha256,,md5:17c9ac44ffeb01910f806b2206316832 sha256:2b1586cfb2be418d67e74db64bec1893b024c15f63f0e921246307095bc9cec4,144894,"own hash, no publisher reference",0.514
changan,data/sessions/vin120.meta.json,md5+sha256,,md5:5d0140f596b4276dd5ab67b13fdcaff1 sha256:7cbb8362fff5225304bb46fbb56f78e4892863a399b29bb479a9c16aef87213d,300,"own hash, no publisher reference",0.496
changan,data/sessions/vin120.parquet,md5+sha256,,md5:95d1f6408de097eec25cda3874e9f7f5 sha256:0e9da9dc12331f7793f8335ead2ae509557dc40701161f86fe34ed7c75acae97,110161,"own hash, no publisher reference",0.436
changan,data/sessions/vin121.meta.json,md5+sha256,,md5:8ee6482d7f4109048c2dcfc282c92ebc sha256:35f1bed35874f70e5ab0606cd0362c8d8d68f3c14dafbb55de132c544e12ce94,310,"own hash, no publisher reference",0.576
changan,data/sessions/vin121.parquet,md5+sha256,,md5:5ae55c7af294d6bc0dd273af4dc8139f sha256:6b4a3f29a35d8d5736a0ffceb0c68182238bb848e1b3628378c85145107dc42d,103140,"own hash, no publisher reference",0.422
changan,data/sessions/vin122.meta.json,md5+sha256,,md5:7070ba3d0fcfc59c8f7bfe382b7bba23 sha256:6a5caaa8f2a64e77f05fad25306d9e7ab38dedb34640010d8bef334d7d734eed,306,"own hash, no publisher reference",0.515
changan,data/sessions/vin122.parquet,md5+sha256,,md5:5f6a38fa0f61f5cb8b995333ae37d53a sha256:bf1014735617cc39b36da219fdf849de1f83b489dd4549c61cff8c1bef041dae,81780,"own hash, no publisher reference",0.497
changan,data/sessions/vin123.meta.json,md5+sha256,,md5:b8c3916a6dcabd27ca1a2b6ef7bdb4aa sha256:7bc642e393da22ebebfbc3a18e8feb761fef433520ec0929d2f29cff08628e90,306,"own hash, no publisher reference",0.454
changan,data/sessions/vin123.parquet,md5+sha256,,md5:06ccff67cdfb545bab97c037a87aab64 sha256:26553357268734060ceae200090a5533b47b6bd99383d9978be7931d83ac60f5,141125,"own hash, no publisher reference",0.510
changan,data/sessions/vin124.meta.json,md5+sha256,,md5:3b0ffd0bb0a9924025849fc6eef77383 sha256:ca7eed9642d0287d3c743e95924112dc4db1f88699a95a8e13430ac9547a4be7,303,"own hash, no publisher reference",0.486
changan,data/sessions/vin124.parquet,md5+sha256,,md5:932292451a11ab386b1493530ab2907b sha256:ab33d9379e1c38502b17abc5115d1c20ee3faeea6091746dcc1179afb442735d,80173,"own hash, no publisher reference",0.504
changan,data/sessions/vin125.meta.json,md5+sha256,,md5:e9cdb2adcf4fc59a20b6653f58c524ac sha256:794b7ee238f3b5599528ee3e2f85d55685b28eb6a0752665355b0511def1dedd,306,"own hash, no publisher reference",0.442
changan,data/sessions/vin125.parquet,md5+sha256,,md5:451037dbeabaeebc18e92def044cf806 sha256:8ad0c864d4ddd5c5d12e50a8929ea1be80124fb7935f12c4ab61c291c772a868,88578,"own hash, no publisher reference",0.624
changan,data/sessions/vin126.meta.json,md5+sha256,,md5:fe400497e06de258b498e6da31262fe9 sha256:962948b9cf3286d050398a240803d618629f35a58a9f831d8f928ae47666e87a,302,"own hash, no publisher reference",0.453
changan,data/sessions/vin126.parquet,md5+sha256,,md5:0b04c5ca4c17d0eb30dd7d959a6c510d sha256:f75f53531286c88edf007cd60581fe183a4e0dcdbef33e0c7f7b58ab863e6229,74631,"own hash, no publisher reference",0.471
changan,data/sessions/vin127.meta.json,md5+sha256,,md5:2b9751049e7379d2f59df9ab690d551a sha256:887eb027a998e25ff523b3d70833229e220b887fd8acc2e65f9fa299a257e45e,303,"own hash, no publisher reference",0.431
changan,data/sessions/vin127.parquet,md5+sha256,,md5:52452a37b92454510b1de8b6a04dd873 sha256:413e6468cde527d9e619defcfd6b55b803fcb1e2c210ca9bec31432a4a5467a3,47468,"own hash, no publisher reference",0.501
changan,data/sessions/vin128.meta.json,md5+sha256,,md5:7c93f5d6741cb941d7a6d4ebef5682d9 sha256:973ac1ee674b6a6a86d7e52f59f9433ff71826b65e9965a0916da7a14f6771ae,303,"own hash, no publisher reference",0.533
changan,data/sessions/vin128.parquet,md5+sha256,,md5:b7b840900b0ad882ea403a804add8356 sha256:ada58f4bbcf20713d13e698cc0d4ecb4b9e90f1c4cb3a9235dc2d0cebc98ca91,79058,"own hash, no publisher reference",0.496
changan,data/sessions/vin129.meta.json,md5+sha256,,md5:9d5603a1386dbb9eca64006300b8e125 sha256:316bc7d0aedfa4620cb5eefe2eba1ceac7e3069a4e5e2e7cda657eeeac9cea63,301,"own hash, no publisher reference",0.578
changan,data/sessions/vin129.parquet,md5+sha256,,md5:d0c6877333c28331ebfa96c6eb299172 sha256:80cd838955d3524a3308d7e33b992c041db1295e816bf1eff58f8532b90661d2,60516,"own hash, no publisher reference",0.452
changan,data/sessions/vin13.meta.json,md5+sha256,,md5:513f590d3d661ac6c7b49953874b1034 sha256:cc8e4b91be5deba4981613102075ff91c0eb56148bded0d1afd43b40e1e00ac1,308,"own hash, no publisher reference",0.481
changan,data/sessions/vin13.parquet,md5+sha256,,md5:e88c3277f809aeabafbb7c6b4481f8c8 sha256:d9d297b0b822bc2ac913a45e1a2236dc4feca66d92ecad4069c6bc983827ce6f,134564,"own hash, no publisher reference",0.671
changan,data/sessions/vin130.meta.json,md5+sha256,,md5:cb95f0682341425d695b726a6b59b6c3 sha256:25bfa7911fa137235928248396e07741c2a33a16448411c051dc618557d9c5dc,303,"own hash, no publisher reference",0.513
changan,data/sessions/vin130.parquet,md5+sha256,,md5:f50f0f5cb90c1b13a92041390603a958 sha256:b389cf283a55841500b3b7baff1ae2fc4d276d017afda98a0cabd48bd157d33e,69307,"own hash, no publisher reference",0.487
changan,data/sessions/vin131.meta.json,md5+sha256,,md5:f1efb818ac0e17933a9979fbeddcb016 sha256:4151b0415ee53d55f6888b241a076f1f81157cba4f0dd445a44eb4aab829f504,305,"own hash, no publisher reference",0.541
changan,data/sessions/vin131.parquet,md5+sha256,,md5:7fdc6ab440e4df1744ce5243300d7505 sha256:969dc3949fc4a19156ec20aba88d0c44fdf2ef2698fb69bfd8d3ed254bed4e69,59732,"own hash, no publisher reference",0.412
changan,data/sessions/vin132.meta.json,md5+sha256,,md5:7a219f87fa298ed4f7e162bae2653daa sha256:365a12e11eeb90e6c1c97ad00429afc1a703653b4e6e1a33cca7d91690c4202b,310,"own hash, no publisher reference",0.501
changan,data/sessions/vin132.parquet,md5+sha256,,md5:225ffdc487ac083b725a55203fe4cc6d sha256:95342736862893312b3d89ed4f8ede45991e92822e0684480331864ad800030e,119078,"own hash, no publisher reference",0.475
changan,data/sessions/vin133.meta.json,md5+sha256,,md5:6c7721bc42b44079661444543849bb45 sha256:d434b7eff9ca27755e78c1ce0fea4d7670a6ffde1607e1204d2ceee4ecf6ce50,305,"own hash, no publisher reference",0.403
changan,data/sessions/vin133.parquet,md5+sha256,,md5:f11fcd3d2b4a6f787cb895176a50afee sha256:2ce89be5c0d938d4f0dc5a31491e8e9324e14fead03d7e346e1d03de8a47715a,48185,"own hash, no publisher reference",0.454
changan,data/sessions/vin134.meta.json,md5+sha256,,md5:a88e2a76dd07855ee3366e685c54be26 sha256:279713ddd47a74f1a7ea576f39608451924d2b9915f2c6242f19d77df360086c,299,"own hash, no publisher reference",0.462
changan,data/sessions/vin134.parquet,md5+sha256,,md5:5b4112e46f8940e596eb37f4fe06e389 sha256:6b7a3ce9d41c322c4b8ab7bfbf427fc3be2135d44a22ade4c72d75955f371015,83410,"own hash, no publisher reference",0.609
changan,data/sessions/vin135.meta.json,md5+sha256,,md5:9880e20f4529a061d506d3a264cb32f3 sha256:8244e11f37963e1ba1aca75b6bc936ba590b338d18aa8a0a3f04140d55bee176,303,"own hash, no publisher reference",0.507
changan,data/sessions/vin135.parquet,md5+sha256,,md5:fc561bb3cd5bf23ee4e9fa75108742e1 sha256:d1b1a97027d9d713e387c2d493b1dc3fd097dc1f7c3065bd135dad3947ed5ada,25552,"own hash, no publisher reference",0.592
changan,data/sessions/vin136.meta.json,md5+sha256,,md5:48e67775ef178d178c70aaf9bd99ffac sha256:551c9b15538debd059b67cc689067f3c46cae115d9494a9a9b64329df7a147f8,306,"own hash, no publisher reference",0.482
changan,data/sessions/vin136.parquet,md5+sha256,,md5:2dfda954f79620b0a921c8294992868b sha256:432786f8296b9161495c5acc50bdab2864e72fef8e9ad6d4dd7ef0dbe4a29e61,51219,"own hash, no publisher reference",0.530
changan,data/sessions/vin137.meta.json,md5+sha256,,md5:4cb989c8508bd616f888e82528a5392d sha256:d0e41be3ad59293ee54964f2d699210af9c30089924ed60d216be2ba7c417c00,307,"own hash, no publisher reference",0.525
changan,data/sessions/vin137.parquet,md5+sha256,,md5:7b7cb88df290410926d5935090d781d3 sha256:d1cf5275187f13804b919a071d381f332265db6654f396ce2882075607fc3b48,100960,"own hash, no publisher reference",0.471
changan,data/sessions/vin138.meta.json,md5+sha256,,md5:8696a2c944da4685334cbd5f830f071a sha256:7ceaf1e37acdd74bfd797ba8a7f7db0b80cac369dc18d9f259382087003516af,307,"own hash, no publisher reference",2.219
changan,data/sessions/vin138.parquet,md5+sha256,,md5:29c1e25c880212f092273e037a489294 sha256:4ccd067dc038a9f80c4ae60305482b385e241a3fc7538ef40f0e6790f192353a,67471,"own hash, no publisher reference",0.480
changan,data/sessions/vin139.meta.json,md5+sha256,,md5:4b621e3c0b2f4538d2511670ad8c8df2 sha256:c5988cc0affe5b8b27f836ac77711559adcc8176a7b9f653162535fae0ef209d,307,"own hash, no publisher reference",0.516
changan,data/sessions/vin139.parquet,md5+sha256,,md5:067d5af9a9d0645efac4eb693155e237 sha256:f1994e4b3e5ddd801df2174a421d0f257abab73f74c64094a5d1f9f1e62c9839,111125,"own hash, no publisher reference",0.447
changan,data/sessions/vin14.meta.json,md5+sha256,,md5:8410a542df53856d02cfb7fba5a28854 sha256:03f23a28653d43503f69e52c039f83f16c495963c904a42881cee949c30c3f12,306,"own hash, no publisher reference",0.489
changan,data/sessions/vin14.parquet,md5+sha256,,md5:397a4bc3395f4e598c2dd2058ef8ccfc sha256:6a5a33c433167917fb190d2069fa2a64c6c0e2b59fc3c3641005a6691089255d,91566,"own hash, no publisher reference",0.490
changan,data/sessions/vin140.meta.json,md5+sha256,,md5:485c84d580318974e1e301a5f7abe19d sha256:1cd5b1b6d545b05455c91ad024fb8598669176999c38e12f34a42800a125a64c,308,"own hash, no publisher reference",0.420
changan,data/sessions/vin140.parquet,md5+sha256,,md5:5a68ddb7b6ba66f6ebabeb2aad1c491c sha256:b255c21638f658ca1636b19ada1ae297ca05043b695997b2f48504719b698520,128446,"own hash, no publisher reference",0.466
changan,data/sessions/vin141.meta.json,md5+sha256,,md5:e9d2a7762dfd92f30e91eb81983e9f6e sha256:2f3f54aac1750ca38e2123d4b82f8fd2a4c3575ea2306861e159f9b63e1b401c,309,"own hash, no publisher reference",0.502
changan,data/sessions/vin141.parquet,md5+sha256,,md5:65f6be29a9eec13774d0356c11498a12 sha256:7cafc574399c0a0bd4568d1d107ef4a099f1ff8f6d7403299cde290529095283,103177,"own hash, no publisher reference",0.486
changan,data/sessions/vin142.meta.json,md5+sha256,,md5:fa6b84b4af2ba03f22ab3a36a9224345 sha256:c62d2b2d8c9f4f0cf8cacb74116693a98e5b805403a8521fccee03acf6977eef,306,"own hash, no publisher reference",0.473
changan,data/sessions/vin142.parquet,md5+sha256,,md5:b33a49878c1a28bb95f36a3fcd2454c9 sha256:6ae2c4a2d36bf7e9dc3c08e594c10f56b385b9a0cc436218110184fb55c40175,105540,"own hash, no publisher reference",0.540
changan,data/sessions/vin143.meta.json,md5+sha256,,md5:88310e8590d4058ae8663a5828c728b2 sha256:acd3d91650fbf8bd74019ee889f88f98538ef050e06d04a2dd4dca5029518843,306,"own hash, no publisher reference",0.565
changan,data/sessions/vin143.parquet,md5+sha256,,md5:4c1401154d52ca35a178236f7be6a698 sha256:c106a8cadc9d7c17abb8dac101283541e5ba1b5654896799f302f0dc811c5a99,150689,"own hash, no publisher reference",0.496
changan,data/sessions/vin144.meta.json,md5+sha256,,md5:338b7c8fc6d7d9099909a4912cefc068 sha256:ee881eb81c3581215553ad7cc49c39f66b8c5e716047df9b10a29ae3d85c6d46,308,"own hash, no publisher reference",0.472
changan,data/sessions/vin144.parquet,md5+sha256,,md5:74330c09916ca7871948cce186093032 sha256:922090870eff62d3104c18bf60ab0ceadb7cb261a64b6fe37420c33d94ebb1d6,137820,"own hash, no publisher reference",0.539
changan,data/sessions/vin145.meta.json,md5+sha256,,md5:8dd8f35c537e1754ae2d18ffdd293cf1 sha256:556a4dfbd397fdd7d270f68f5f512bccf946c9f7d3e5d79bf54338b19e8626aa,304,"own hash, no publisher reference",0.545
changan,data/sessions/vin145.parquet,md5+sha256,,md5:d6acf328a7d5b4915cd91b8b877f8023 sha256:b9f8c68b3aa0f0a8ca3b7e8fb4f14f64654db94abb0db6786a3a46adbefd0f8f,89964,"own hash, no publisher reference",0.668
changan,data/sessions/vin146.meta.json,md5+sha256,,md5:d117d4d7337a212ec41ffa1413ba9a63 sha256:98d3fb26819ea85ecce58f21e7b4b0631138f9a772e7995bf264498f6aefa891,307,"own hash, no publisher reference",0.662
changan,data/sessions/vin146.parquet,md5+sha256,,md5:c71560193fb7a76ad935eb483c925334 sha256:3f965c96a7f16d383a87411076beceeab45ab2206d509dab8ec2c33dbf8cc86e,105155,"own hash, no publisher reference",0.571
changan,data/sessions/vin147.meta.json,md5+sha256,,md5:11c0ed68276713864af3e0e217858821 sha256:1f487ea0ca8262fd2157fd062a49b2f0d695044fe3abc69f864112bf6c20beba,306,"own hash, no publisher reference",0.452
changan,data/sessions/vin147.parquet,md5+sha256,,md5:9479d11e93a67aab673b42c31d40dd62 sha256:aab9c079609c23833f210cf0802c68aebc5873a78e10dddf0a9d89349736dde3,124898,"own hash, no publisher reference",0.667
changan,data/sessions/vin148.meta.json,md5+sha256,,md5:2a548b525bc7d313f30e6fb5d7211877 sha256:26281685ea05ad2e896cd6a85f7ddbe0f43fdf9ecd8606e618510cece010e78b,307,"own hash, no publisher reference",0.576
changan,data/sessions/vin148.parquet,md5+sha256,,md5:1a135f0adef681212dddd5b4e0b1c9c1 sha256:4780293f6faab6bcf5e8368fd1a2aec3323c6f80201eb4c1f4e3dd2fa3a09eb9,109665,"own hash, no publisher reference",0.594
changan,data/sessions/vin149.meta.json,md5+sha256,,md5:7cceff468605a1b65c9fb005b00f35b0 sha256:57d9df18ae3d358ccb5295cc889ff3be3fe053324c152e20e808019521353791,306,"own hash, no publisher reference",0.416
changan,data/sessions/vin149.parquet,md5+sha256,,md5:97b6b4c71a5406026241b13ee4f31d6f sha256:12004965419a50e44ef2e036c04c754acb7fcbd01af5f768717a0b8ad4b0594c,112413,"own hash, no publisher reference",0.433
changan,data/sessions/vin15.meta.json,md5+sha256,,md5:dc477a685c64130765d0ff34f0e0ebd4 sha256:d617833d174ded4a4e9adaef031a8d881185432c4d81f0a57160c976ce07bce5,294,"own hash, no publisher reference",0.497
changan,data/sessions/vin15.parquet,md5+sha256,,md5:c05ea827dfb9b7b8856421044460e565 sha256:e3377abc5f2ea1313b87982695a1ff21a0cbf56a839b6836b89aeec83eb010d0,95893,"own hash, no publisher reference",0.479
changan,data/sessions/vin150.meta.json,md5+sha256,,md5:fce1e8df40fc8f9790ea490784963fbb sha256:ac62bcbed8885eece2bbaa7550e33775a206db7e687500833c8a4386e3aa5eb1,296,"own hash, no publisher reference",0.624
changan,data/sessions/vin150.parquet,md5+sha256,,md5:596c73bbe3b7928d0dc65e1ff24db8ff sha256:679d6b51d44b6ea3279b82b9320f89c133b13745492ac09385a59a28fbf5c999,75867,"own hash, no publisher reference",0.449
changan,data/sessions/vin151.meta.json,md5+sha256,,md5:32fe9280b7c579eb25319c07db213a0e sha256:d28f281a57a2aaf228c423d7bae78dbe2a49f3abbb7afc14d80542f8e2993d30,298,"own hash, no publisher reference",0.506
changan,data/sessions/vin151.parquet,md5+sha256,,md5:7f6c45a2780b7b77f9db39d67022db41 sha256:86e51e035a3896d08ff205f7fe0b4a40b231c5bb429a81f8b56449d4aab56aab,73004,"own hash, no publisher reference",0.512
changan,data/sessions/vin152.meta.json,md5+sha256,,md5:46ec5463c69b47ca8017fdbdbe41bc91 sha256:cce709a31716d75ad22b8c90c32817d9dd1650820eb6206f4d3ec84108943f1b,303,"own hash, no publisher reference",0.513
changan,data/sessions/vin152.parquet,md5+sha256,,md5:9dedcd505ef9e5d6fe13407740bc48b9 sha256:cb7834897b7ad82f04def712edf3c1a3152e16176da97454cec47dc1015b9240,89107,"own hash, no publisher reference",0.661
changan,data/sessions/vin153.meta.json,md5+sha256,,md5:7157cadcabc3f3a326d52ab98ac640d9 sha256:07109d2773111bb1e7fa1133722d472c0378990fc32c2e6e02b523afeb1c8de8,302,"own hash, no publisher reference",0.535
changan,data/sessions/vin153.parquet,md5+sha256,,md5:987aa2de60290b8401c9ab5063b96b8e sha256:032e7609028eb889c434865d9f435822480eeadfb469c9dd5f1cab82fb876950,78408,"own hash, no publisher reference",0.551
changan,data/sessions/vin154.meta.json,md5+sha256,,md5:4b477c6f822a3c7cc7de249a9a386eb6 sha256:5333d2d56fd689dcc578613b78466a1799491247463abe209554c40f95e9ac1d,304,"own hash, no publisher reference",1.907
changan,data/sessions/vin154.parquet,md5+sha256,,md5:f63a45d4157891f4334c7e1682594a44 sha256:f9e686b1cb1bb2f353362af0e3c11d6c5a29abec683ea85279af5d0149a29bec,57438,"own hash, no publisher reference",0.473
changan,data/sessions/vin155.meta.json,md5+sha256,,md5:493245f9b7276866f6d55eaf5ab181b0 sha256:575a4729e99c4c1fe55f0e7f48e0d91d82319bbb94afba6d70c7206417e3f449,303,"own hash, no publisher reference",0.525
changan,data/sessions/vin155.parquet,md5+sha256,,md5:fd5a431c11d20d93ff166e0e34f35a44 sha256:fd51f0cecaabd67a2ae9fbdfc108c0fc8c41868093e4eb16059baa61fb607f99,104037,"own hash, no publisher reference",0.600
changan,data/sessions/vin156.meta.json,md5+sha256,,md5:58bab4edf01fbdeb886573bf23203b63 sha256:5c6480324c773274f6a44f753785871726e647d4b8758bcfb8b0fb91dc079dfd,304,"own hash, no publisher reference",0.482
changan,data/sessions/vin156.parquet,md5+sha256,,md5:fc3d6645565b86dc00400c36ef994120 sha256:e573edbc18e8e810e397e078844f2619eca8f3710130859c808ccedddf9a7aef,147741,"own hash, no publisher reference",0.525
changan,data/sessions/vin157.meta.json,md5+sha256,,md5:05b7891923bb05bcf1e5a3f3259806ff sha256:8676ba2da5cff988960930f3d93d853e101a6af822cc5def07b11d4464f3655a,308,"own hash, no publisher reference",0.524
changan,data/sessions/vin157.parquet,md5+sha256,,md5:332363951cb6d8d602cd9defd5f3c6b6 sha256:74acbd715c61d18090ebcd9260d8a7a4299ca30dfb988d30c69d2c0f872ce16d,108231,"own hash, no publisher reference",0.414
changan,data/sessions/vin158.meta.json,md5+sha256,,md5:0e407dced23dbedc330734f9cb36eb7d sha256:a253a2a1551761a9576b2e63f76077481602b08809b1fe2e7e637fff3c3ffce9,311,"own hash, no publisher reference",1.025
changan,data/sessions/vin158.parquet,md5+sha256,,md5:3ba17a8f48fb1bf8ca0179618c66beaf sha256:d9acfc6d1a0e51459f91a9e6088461ebe287d60fba60db6e9c3771a0a4c9a65a,116437,"own hash, no publisher reference",0.457
changan,data/sessions/vin159.meta.json,md5+sha256,,md5:96ed8088c4e1ac99b0a016394d5228fb sha256:8faa47b770835bec9cb178eba9accf123ca5ba5ab9dc5b705d81e58627ad770e,308,"own hash, no publisher reference",0.481
changan,data/sessions/vin159.parquet,md5+sha256,,md5:e388ac024565331583969bd72f1fc339 sha256:d4beca1ab9c61b27865b7dbe63068649917c99468d049222c0fb51bfb0dbf9d6,96595,"own hash, no publisher reference",0.570
changan,data/sessions/vin16.meta.json,md5+sha256,,md5:bb26b9b5225214e673f1d181d26032e6 sha256:668fbbc35adc45282b11bdad4abc559ba8a0fcc64cdda328ad367d398eba6bf5,306,"own hash, no publisher reference",0.459
changan,data/sessions/vin16.parquet,md5+sha256,,md5:881de5a16a7665f7075d8abfa69f1dd0 sha256:0f1d2195ffbee7cc434512037921acf4e35f04a9e76eb72f0922dd422dd2885d,102121,"own hash, no publisher reference",0.500
changan,data/sessions/vin160.meta.json,md5+sha256,,md5:b2e32ec7d53c330545d7e40d569e7785 sha256:4e0dd1c9764edd5366c973e1050cae07632f749c17f557ae2cedbe225e9aab36,303,"own hash, no publisher reference",0.525
changan,data/sessions/vin160.parquet,md5+sha256,,md5:8b3d0b4960724082dbbdb34ae6269004 sha256:92f44b9a42feb318d027065349d9529c85b66fcdf3a33f5f85d2679506fafcd3,60111,"own hash, no publisher reference",0.716
changan,data/sessions/vin161.meta.json,md5+sha256,,md5:27c3b110bb3ea52fda4861a496882192 sha256:b404c7770a55fc36e22caf2fffd3c0fe827fd33f826e208fc763339bdb66720a,307,"own hash, no publisher reference",0.429
changan,data/sessions/vin161.parquet,md5+sha256,,md5:1750e49ec48f98e0ea65408da0f4b490 sha256:f21f22de0c131ca2f9cb1c51c309b806534e34b0537b28361651925499cf8072,78794,"own hash, no publisher reference",0.405
changan,data/sessions/vin162.meta.json,md5+sha256,,md5:ded1f12e94534c292666edd7fd1b4584 sha256:f6c7f51bf337341a76684eb2da5a928d9d6c0e3fa4b280b9f8ec95aec2c94328,304,"own hash, no publisher reference",0.548
changan,data/sessions/vin162.parquet,md5+sha256,,md5:3299679e11e3a1698611630165ba2ab1 sha256:8474f7514fca9d12eec09563f4b34c132344e398c128c25c30996c0033974511,54285,"own hash, no publisher reference",0.437
changan,data/sessions/vin163.meta.json,md5+sha256,,md5:70950659d689a15b684c12d74958aa8b sha256:c18131c82156af853bd4d721f63f9a2f0eae2a931c5a3238d983183c7df1eed0,306,"own hash, no publisher reference",0.524
changan,data/sessions/vin163.parquet,md5+sha256,,md5:4118d6c8750c25c32654ad2021166118 sha256:34f0ac009793b6d2df2ae130ab971cb52c38222f2180fc9394d862007ba19310,57728,"own hash, no publisher reference",0.473
changan,data/sessions/vin164.meta.json,md5+sha256,,md5:f2b3c404471f14f95bd3dfa6c6f604ed sha256:318571c75af031ede5a363f6c60f88a268c4f048edb980ae80bbfd27b1328878,309,"own hash, no publisher reference",0.530
changan,data/sessions/vin164.parquet,md5+sha256,,md5:509c429b9d32f8085091d967f2559c87 sha256:199f890140dec005fe9f3ca8e65897f279c1cb762fa8f3804ebada011f3f9614,170408,"own hash, no publisher reference",0.675
changan,data/sessions/vin165.meta.json,md5+sha256,,md5:e8ca8338674c004107e5e171b5ba3af7 sha256:948549760df9c70745ca70ed32d50ea89eabffec8ae535edc3d55a587feccec4,307,"own hash, no publisher reference",0.511
changan,data/sessions/vin165.parquet,md5+sha256,,md5:d1ca26f45c88fa3772b066ef57a6569a sha256:6bc3888c94d148cb2aa438a61ce66dbace69f9c9d74ef70e6241a45dca8344c6,126913,"own hash, no publisher reference",0.564
changan,data/sessions/vin166.meta.json,md5+sha256,,md5:a5761f43406c4213f5acea82063c0069 sha256:959fe232862a9df961d4cb389e5c5b3396de0ad313864728ed4a9192c40ec7e5,308,"own hash, no publisher reference",0.468
changan,data/sessions/vin166.parquet,md5+sha256,,md5:fbbefb76a10f6d28269e14ff7d1714d7 sha256:5754cce503ab11aef8fb28bddcb8d5feb8bf6bc3e8a190ae74d4664f60dfc0a0,106719,"own hash, no publisher reference",0.566
changan,data/sessions/vin167.meta.json,md5+sha256,,md5:a8036bb588ac8609bb753effcc7e3471 sha256:78a4df32466b7927a1161f34129c59a3c4baeb84f8e1568c44a14d02ef97d6a3,307,"own hash, no publisher reference",0.418
changan,data/sessions/vin167.parquet,md5+sha256,,md5:95c3633bd91a2e8c0aeeb57c62684cae sha256:7c647e3e8e93a2c5075e3c0a6969086b8f24f5499ee9cb543b48ef2795d0bc6d,98768,"own hash, no publisher reference",0.489
changan,data/sessions/vin168.meta.json,md5+sha256,,md5:64ff48fd1a0d86734cc764b545365c47 sha256:cab33669355514e3404fc482e92f9a15de9c51d9b63d6596c567f9ad2193ad8b,306,"own hash, no publisher reference",0.584
changan,data/sessions/vin168.parquet,md5+sha256,,md5:8f20434cc4ee3afd74ba9c586e0307e5 sha256:06c7d005aa84a03988f68852fd982e8d567a11ee5037b2c1d2d6712801c848f7,159536,"own hash, no publisher reference",0.545
changan,data/sessions/vin169.meta.json,md5+sha256,,md5:ced65058f63343734588d1d995267abb sha256:f3770eb85b93cf3b97cf82bd5ebf17355d35a5ee20d2ff6cb1efca01e2f2bd7d,304,"own hash, no publisher reference",0.532
changan,data/sessions/vin169.parquet,md5+sha256,,md5:ce16ceb6ce74c21e65c283234f202cb1 sha256:0f66e24f6da6d6abcc710994e226fa2decce7b7615565b6fd86718d064055dcb,81723,"own hash, no publisher reference",0.460
changan,data/sessions/vin17.meta.json,md5+sha256,,md5:4c8164c1540fcf4a864a05c88683b897 sha256:5e44192f7d94caf07e7b09493be14f8573fed723d7e3bf9be7a7abb6bc590b3c,302,"own hash, no publisher reference",0.673
changan,data/sessions/vin17.parquet,md5+sha256,,md5:c3a7f05328b960f5f2b4656594f14acb sha256:a1fc8904ac8f9209a3e2fb8a49e284458c943c819f9b3461a89896b207ba7837,65702,"own hash, no publisher reference",0.473
changan,data/sessions/vin170.meta.json,md5+sha256,,md5:e3941e0042d33e4de34e92afd3342f6c sha256:e67893fe6f86b4a56064c342bf8aab015c786ac81d539979152160be941d419b,305,"own hash, no publisher reference",0.471
changan,data/sessions/vin170.parquet,md5+sha256,,md5:9773a8067a927a9ac8bb6ffdcc761f34 sha256:e1ca6a25df1ce8fbcf1ebdcdb86e56cd8a7626fdf000447e25620bb54390773d,72446,"own hash, no publisher reference",0.470
changan,data/sessions/vin171.meta.json,md5+sha256,,md5:1ae6808ebe8f6961963fa5974f73cf5b sha256:181fdee96a6a2e9d7b85241562cc071930f1a1eae0d57ef0bc47d22d98db4426,305,"own hash, no publisher reference",0.445
changan,data/sessions/vin171.parquet,md5+sha256,,md5:4a801508cfab1e16e5521b6d2714e82d sha256:a8053354fd4458bfa5001a2535d896e2ae7c7f678a9299776940feb374a06b08,82103,"own hash, no publisher reference",0.416
changan,data/sessions/vin172.meta.json,md5+sha256,,md5:a153fadb2e0f30674fc46c2ad5327b5d sha256:d85285b7ce50f606dd7192f862e4889fedcaa59150174cab45db9061c6d3f0fd,307,"own hash, no publisher reference",0.499
changan,data/sessions/vin172.parquet,md5+sha256,,md5:32f239ffb542c249b06cf8744ece5c04 sha256:51ca54f8ee3ec77f17e1cc6dfd55059ae134d88a9ba0d60956879f70a294e740,74846,"own hash, no publisher reference",0.540
changan,data/sessions/vin173.meta.json,md5+sha256,,md5:cba953b6a991105030198272a27036fa sha256:f9f61e6b4e898f72b3efa3ff316632cdfd089928257c659b89bbbeb59424d215,305,"own hash, no publisher reference",0.635
changan,data/sessions/vin173.parquet,md5+sha256,,md5:f387d41cddf373c3c4263cb30a4dc811 sha256:e5d4c7231639cbb62c5b2bf83521038bfaa9c4c297a09133ed72fde1d8131ced,110569,"own hash, no publisher reference",0.469
changan,data/sessions/vin174.meta.json,md5+sha256,,md5:719a14e550516830a4bdab0f905e9e70 sha256:46918d5d89805ea5a61df279700836e99d089eb4787b521c34e1b2b0996deecc,305,"own hash, no publisher reference",0.578
changan,data/sessions/vin174.parquet,md5+sha256,,md5:10a3754c94d93924719d392dc2ddbfeb sha256:22ba87017a92e9404b4b7987974934b7491bdb8a692738f2bff747f0f0b47d01,77874,"own hash, no publisher reference",0.613
changan,data/sessions/vin175.meta.json,md5+sha256,,md5:8d99acdc30dcd76c97a156089f72ac2d sha256:429624da9e4fc73ab2da76d5fc7c3ef6ec751362bba40de388add8610bfa7001,305,"own hash, no publisher reference",0.659
changan,data/sessions/vin175.parquet,md5+sha256,,md5:838eb77ad4966e470d8d82b3008d16a6 sha256:0e250246c59ebabb268b5cb450716387ae6d64999b197728c8137dd2a25218ac,71046,"own hash, no publisher reference",0.411
changan,data/sessions/vin176.meta.json,md5+sha256,,md5:f5e45310b291c8f5c56b2d777e43ee07 sha256:714cf6a98c544797ac76facaf7858656a46d525703f11a0fb6d7ab9cf12b84a9,304,"own hash, no publisher reference",0.482
changan,data/sessions/vin176.parquet,md5+sha256,,md5:8c7c96ce01b440aec7783dd9f634ac47 sha256:d27a38b4985bedf871031b229ae0afde2d989f9da4a9dea09f73f13498402930,84973,"own hash, no publisher reference",0.456
changan,data/sessions/vin177.meta.json,md5+sha256,,md5:4fef47eda56a10a5926cfdc96f01242d sha256:53829cf71bd73e6f953691eaecb5a6ccdd5f76ecaf3de320c8755d0052b6af66,303,"own hash, no publisher reference",0.499
changan,data/sessions/vin177.parquet,md5+sha256,,md5:7894275b299dee8110b435be3f721314 sha256:4f258e1acefaf38fb673f7ce22866c042cbe9b6a9f79b852e6c59f744e62258b,75903,"own hash, no publisher reference",0.406
changan,data/sessions/vin178.meta.json,md5+sha256,,md5:1462016f228e18ef41e25398d4ec570d sha256:8aa5a8cf135a2e2267842e448a0a2ded24f7c44b460e6674c8338cc3bbd8459e,302,"own hash, no publisher reference",0.480
changan,data/sessions/vin178.parquet,md5+sha256,,md5:e2aab795e6386daa76903d8dc8711aee sha256:102b0883c8bea2d6a6992f1133b174895e657b16cc6269956be630cb82ff44a6,42757,"own hash, no publisher reference",0.463
changan,data/sessions/vin179.meta.json,md5+sha256,,md5:b7029a4d964d6ed80ccea7f4b5356a5f sha256:2b47d52027da9fbe15d24863c1abf9fc00ce869376dbc93a81e2a1a76afdd99c,305,"own hash, no publisher reference",0.497
changan,data/sessions/vin179.parquet,md5+sha256,,md5:879d42b64c5edabd093fd19c539c9e96 sha256:649ae730ac81f7f33133666c982a2a91cf8a5778971441cf6d02ce209d2d8933,69641,"own hash, no publisher reference",0.436
changan,data/sessions/vin18.meta.json,md5+sha256,,md5:72ecca0fdd2b5f1c7b94922ceb9f032c sha256:98a41eef8452c2b150e6f583f440e255ac908cc8c60a58e6ad83f5686936a9b9,301,"own hash, no publisher reference",0.471
changan,data/sessions/vin18.parquet,md5+sha256,,md5:9943e60af9d2d06454e6b6369a730e6b sha256:817a17bba43ca99c50c9a1aafa8bc1f756a1b479e64baf5e76511a23968bb1a1,61337,"own hash, no publisher reference",0.495
changan,data/sessions/vin180.meta.json,md5+sha256,,md5:2bb4cd4978ac5a52c971ff34eb9ca389 sha256:95c7de0ec72e58f8b85a04100a88f6aa96611b88c8b9da394cc43ee0c02b8d8d,310,"own hash, no publisher reference",0.687
changan,data/sessions/vin180.parquet,md5+sha256,,md5:14fd1ff7d6e1f38d518e0922588ed85c sha256:faf753fb8e282dcdec5bffd05335d4db854fa182dd19aea5c45021bb3970aa85,110647,"own hash, no publisher reference",0.456
changan,data/sessions/vin181.meta.json,md5+sha256,,md5:1666c73f5479f555f5f97ebc7e247b3a sha256:08cb6a9468250168634999c92aab3e49b6a2871f36b7263c808e4714ac2c16f9,305,"own hash, no publisher reference",0.454
changan,data/sessions/vin181.parquet,md5+sha256,,md5:05b51c9ce9a89d873379ec555e2ba53e sha256:0018cc109c04dc3a2bb09c835f8754079e6d7fdb81c61e15c822663fd6012e56,27148,"own hash, no publisher reference",0.479
changan,data/sessions/vin182.meta.json,md5+sha256,,md5:4ba06ee30e2d876e13ab8a152a48c8a2 sha256:504b62f25d8acc2caf2cfcb32b4c65ebfcb4d113d6db4c8eb0a1fdee5e34f511,308,"own hash, no publisher reference",0.504
changan,data/sessions/vin182.parquet,md5+sha256,,md5:320bd1633b1a62df6389308c6610617b sha256:7abcb1d7b4875f9e493a95ffefa25727e945fb2ef258ef297aac2db9a084075d,93539,"own hash, no publisher reference",0.513
changan,data/sessions/vin183.meta.json,md5+sha256,,md5:8f77fdac1c12d5e2feefdb8f3661a763 sha256:5a9d6c563e5f1483730b913a70ebcbb002d9af44ec774cf612e2a22724597739,307,"own hash, no publisher reference",0.420
changan,data/sessions/vin183.parquet,md5+sha256,,md5:473fd837b050ff188b1aaf2fd63f7b36 sha256:af6145b5e379f9824b96cbce695dfb68dd58424811aa08137cda03a4340a7aa5,56078,"own hash, no publisher reference",0.443
changan,data/sessions/vin184.meta.json,md5+sha256,,md5:e40a90eb74dd92670618c5b1bc3942c8 sha256:bf7c1ee6c18c46bb9667468281bd894b115d7879f78fb8b416b496fc4297cb13,308,"own hash, no publisher reference",0.422
changan,data/sessions/vin184.parquet,md5+sha256,,md5:d52ad8a2880e2cca341ad0c3aebf1bf4 sha256:c5551965124137490b3aebf5ca7be1c81cafc33b3a332000bed96728b4530c46,111208,"own hash, no publisher reference",0.498
changan,data/sessions/vin185.meta.json,md5+sha256,,md5:a602f9797313057a54092193daf6eeec sha256:8c10f4bf2fb3e23742af462fe0a98bed58ce1329b778fc76b88805a67283be53,306,"own hash, no publisher reference",0.454
changan,data/sessions/vin185.parquet,md5+sha256,,md5:dd7ca8585cf89dd5dfe3ae0aaa7393c7 sha256:9958e5c2275506e4f5d83c706dfca124148fc1a843921edd84f32d9c9d08d682,76375,"own hash, no publisher reference",0.442
changan,data/sessions/vin186.meta.json,md5+sha256,,md5:c26c516c611b8ffe43afb7758cde9552 sha256:32e2a40b21a047082d93eda44e7f473fd826363eec8be015f5f4ae8bb3300d5f,307,"own hash, no publisher reference",0.567
changan,data/sessions/vin186.parquet,md5+sha256,,md5:f204b9d47dae811ab561e3eb50e9a0ee sha256:e8e548c597f010e470c85f2f7eac0a9c32377d87e3b18c402dc80d33f4199eef,63855,"own hash, no publisher reference",0.447
changan,data/sessions/vin187.meta.json,md5+sha256,,md5:0b9e8ddfc9fe61f2f72b8ca1f28e82d3 sha256:36ee48ba4376a7aaf208313ac8b36018dfba49f35bd2a505af2cc2039f12e24a,306,"own hash, no publisher reference",0.471
changan,data/sessions/vin187.parquet,md5+sha256,,md5:357d8438ad04d2d8f7d846af09b1eac6 sha256:c52fbb2b941c04b49e439c016fe2cd5cce73456efbcf11ac966522d124724773,149242,"own hash, no publisher reference",0.474
changan,data/sessions/vin188.meta.json,md5+sha256,,md5:32c4580f0992746d07cff0c3aaed1add sha256:17b8e7946b003a025aa6a202167cb96638180a90a69ce68515a11cc78f5925af,305,"own hash, no publisher reference",0.469
changan,data/sessions/vin188.parquet,md5+sha256,,md5:d7c3cb36ed787b29db9df91bb4dc9e26 sha256:43b0755e8f68ec4f433f68e9cce00725692120f6ad9b988e833d479e1dbfdf17,127033,"own hash, no publisher reference",0.715
changan,data/sessions/vin189.meta.json,md5+sha256,,md5:f3d808271e9901219903f1b620254a1c sha256:c8af9af6bbd615b6e134ec99b86ec861aedf8ac4cc8ca4f4520ff12c55ebe43a,307,"own hash, no publisher reference",0.517
changan,data/sessions/vin189.parquet,md5+sha256,,md5:a5bbf88a3415cdb334d44aded73eaeed sha256:4ab32c1e5037d40112e617c8e7b591bae88d09b1fc01c0ad3f933991490ae792,134259,"own hash, no publisher reference",0.602
changan,data/sessions/vin19.meta.json,md5+sha256,,md5:b8af866064b116369b05c121a2f9d27f sha256:1294619241bdc34435e4d1bff28e21c04837729aceb9b6f40a4259d5c8c9819b,302,"own hash, no publisher reference",0.427
changan,data/sessions/vin19.parquet,md5+sha256,,md5:28edb68b8d104d8b46d84c2b527b7a22 sha256:779ba7655ec27cb53314cb9c6f6dda1c8ce43f02a2d84f942511a50a9f2bacc9,72413,"own hash, no publisher reference",0.475
changan,data/sessions/vin190.meta.json,md5+sha256,,md5:8e8c377148705252bd3fcd0330da623d sha256:abd8f0639c057dbed91d6e573c418473eb9be9e5014bdc098b5fddf697d3f7f3,306,"own hash, no publisher reference",0.501
changan,data/sessions/vin190.parquet,md5+sha256,,md5:85eb4347532336d0c21294505cc38469 sha256:7d6916fa92d8753d523fde2063c1c14d3cb232b82763d909e7e272934bdc0220,122663,"own hash, no publisher reference",0.490
changan,data/sessions/vin191.meta.json,md5+sha256,,md5:cb58b12a6b21c5b1ae0241e494ef79ae sha256:80fb08c520adcec33a5979f001297e99fa7399a0950d5cad6e9b08516d690d7e,308,"own hash, no publisher reference",0.466
changan,data/sessions/vin191.parquet,md5+sha256,,md5:f81a77f49d8c8d37a245fe1d0c33715e sha256:c4d613b223ca292449ddd1fa1c7bfeb14350687807548ee0669f7097522ab92b,136665,"own hash, no publisher reference",0.505
changan,data/sessions/vin192.meta.json,md5+sha256,,md5:63c0c1f833e88d76ecba944ec308aeb3 sha256:37f683822a048aaaacb114b54288b35bacadd5b2136ee5e6c5833b3e96c090c7,301,"own hash, no publisher reference",0.448
changan,data/sessions/vin192.parquet,md5+sha256,,md5:73c147bf9a82322743b4ef7e38386a88 sha256:408beb7b3fea84d236a7d8a0b34296b30ebccd9134448527f1af6390c2a9a005,142839,"own hash, no publisher reference",0.475
changan,data/sessions/vin193.meta.json,md5+sha256,,md5:40cb4dbbee38bf84f1a00ea4d82b1e92 sha256:286f0cc77ebf42b045812a9a95dd84a35852b65b1f1a75540d166021b3275ec9,305,"own hash, no publisher reference",0.494
changan,data/sessions/vin193.parquet,md5+sha256,,md5:54be27191e8f24aed06b226ef2093d1b sha256:6b13e38e900e0ee7735e60c6be5bdb64f590b27f81225af7cc35ac981014d02f,148665,"own hash, no publisher reference",0.503
changan,data/sessions/vin194.meta.json,md5+sha256,,md5:88b4976560402cb7cc114e956b48ced5 sha256:2d130d83f6f4cde833925aa25ddd37d309b92304002cbc7b53bf01033e5ceb20,308,"own hash, no publisher reference",0.416
changan,data/sessions/vin194.parquet,md5+sha256,,md5:491bac915c0fceeeed2c3e0f4d74de84 sha256:3b5944992069ece0308655c812233cdb0f694d0e42367ad52dc5ae679f045381,106048,"own hash, no publisher reference",0.446
changan,data/sessions/vin195.meta.json,md5+sha256,,md5:b646ce7d7a132287bd09fb8c3249b5a2 sha256:947de2754ac86d70986f2d48c8adfef199309e37b6160f1f90a6880f561f4388,306,"own hash, no publisher reference",0.542
changan,data/sessions/vin195.parquet,md5+sha256,,md5:1431cc2570d06c3d3953cc1f17aa55b9 sha256:a6a8a099594b2c8d369c6a0aabce9e501088e4352239d87bee767e247cd8eab9,152403,"own hash, no publisher reference",0.489
changan,data/sessions/vin196.meta.json,md5+sha256,,md5:5ed4b5a0b67186d7759a617d370d0929 sha256:4d38d0cd95110191398aa93653bb869ae25826a22c953f806b98baaac84e0e9f,303,"own hash, no publisher reference",0.475
changan,data/sessions/vin196.parquet,md5+sha256,,md5:393ba81d8dfe18467e8f31d5e76c94dc sha256:95685e0041636d85e663f3db37d1a141bc38c7672a99e22392f5e40fa44e3447,104242,"own hash, no publisher reference",0.437
changan,data/sessions/vin197.meta.json,md5+sha256,,md5:05464d8fe764074e8b47aa5a0e8e3893 sha256:d6d9de38a289713a6a9d08e2da99e026b20d39b5983046be07bd37555dc31312,307,"own hash, no publisher reference",0.565
changan,data/sessions/vin197.parquet,md5+sha256,,md5:27acf6957458e3fe04cc43ea1c4c1628 sha256:9a1a35647ea0515d20d0ed9ce9d4bcf280809cb1367e6e06113b395814a73575,138253,"own hash, no publisher reference",0.455
changan,data/sessions/vin198.meta.json,md5+sha256,,md5:29b68c638e764ed4ad085348fa9650a2 sha256:470ad3458beac7150a38bbe7d3e00282f36c713b2441c7fc983dc4fffe6d98a3,305,"own hash, no publisher reference",0.512
changan,data/sessions/vin198.parquet,md5+sha256,,md5:ca6a8450ebb5dc1841243b3c0a1248b5 sha256:5607ffcd95d05f0cc14012a4a35f9ec8699b36fe16ba1a5e1b9690cbd9a98c3d,64268,"own hash, no publisher reference",0.479
changan,data/sessions/vin199.meta.json,md5+sha256,,md5:1281f35d682207af0569f04e46c838e6 sha256:65de9f7d4ddaddedfdd51a447868b1dfa2721fc2a46f968eb128391fb8ceeefa,306,"own hash, no publisher reference",0.647
changan,data/sessions/vin199.parquet,md5+sha256,,md5:3fd7bd35d93bfb4a04aab0c6912889dd sha256:f1d02b7deb7535eb8c8015cde52dcc037ecd36eda521b333ccd95e84e6c07bde,116775,"own hash, no publisher reference",0.508
changan,data/sessions/vin2.meta.json,md5+sha256,,md5:9f3689dcade702689b948d1a848faa51 sha256:b9b8a9f5cf8570be652ad829197342738dcf2dfad5d1f54512d5a6b6f1721a77,302,"own hash, no publisher reference",0.550
changan,data/sessions/vin2.parquet,md5+sha256,,md5:ee61f48392bd6375bc4fe4d4aa405318 sha256:12c64a2e22897453cf6e2f736f3ae25d3970aadbe9e5b0a6e77a92633eb3f88b,30997,"own hash, no publisher reference",0.452
changan,data/sessions/vin20.meta.json,md5+sha256,,md5:15df16b26a360f54435c622eaebcd75d sha256:b98b2f756796f18f879c3d269e7a6196ed585fdf14e91300eb918f8927ce33ec,303,"own hash, no publisher reference",0.483
changan,data/sessions/vin20.parquet,md5+sha256,,md5:6fb9d18c289521cb4ce420b1f536fe1d sha256:e068d19e2ee7f9ea9d33380dca2430a6b532dc243c49d36bcdc85838c4425e7e,74263,"own hash, no publisher reference",0.582
changan,data/sessions/vin200.meta.json,md5+sha256,,md5:cf978c5261e231ef0aec78b5c3208025 sha256:4ef02525fdc1a820d2117135bb32d6c0810186ac725c12c069daa3ef69153d56,308,"own hash, no publisher reference",0.421
changan,data/sessions/vin200.parquet,md5+sha256,,md5:71f7f5286795c5568a5a18abd17ba79a sha256:220624bf4180719bff0f8ae7d587e875dc73d65fa98899ce9a8ce82dbd7110d9,107067,"own hash, no publisher reference",0.539
changan,data/sessions/vin201.meta.json,md5+sha256,,md5:4642b54cc122e9a907cab80478ea8a57 sha256:d147aa94625a8e2fa566f6fd36e16f3685380e41a8a429e2b336fab7961dbd7a,307,"own hash, no publisher reference",0.480
changan,data/sessions/vin201.parquet,md5+sha256,,md5:ec78218e1ed3695ecab437a33752ff1f sha256:6824dede6cca12260077f8f25f9a72aee8e6bbdfab25637f67462c2e52f71494,99158,"own hash, no publisher reference",0.418
changan,data/sessions/vin202.meta.json,md5+sha256,,md5:59ae188e4f673501b3d7e586efb09474 sha256:966f432902c034b645dfbb2188e94ded2cd37ffc04fdf9dec0bb0def0d4676d8,305,"own hash, no publisher reference",0.499
changan,data/sessions/vin202.parquet,md5+sha256,,md5:b9154e8052cbbc1247787b39251f5779 sha256:10c0db788984be7e340b426f06394a3f3e211ace7f9361c940d9e69cb98e2772,140417,"own hash, no publisher reference",0.660
changan,data/sessions/vin203.meta.json,md5+sha256,,md5:5e23d9a45a889e0ef900e2859bd9a009 sha256:a8e9bdc0f6ee6fe3046601b764cd3a97eccf9ea530dff638fecf8651f8fceb4c,303,"own hash, no publisher reference",0.527
changan,data/sessions/vin203.parquet,md5+sha256,,md5:cbf772e1256bd0b152bb1fb3ca24808f sha256:1e5c916cc27b9d393e0b1ff5f35b0abc18675eb32405f16a98eb91b4c468fc03,74197,"own hash, no publisher reference",0.441
changan,data/sessions/vin204.meta.json,md5+sha256,,md5:615491c14ced5b1c06de150f53281729 sha256:c4bae6a8dc34aad27d1d9b0e392c816cdcd3f05ce0b3cbc4dc0a101cbf548479,304,"own hash, no publisher reference",0.560
changan,data/sessions/vin204.parquet,md5+sha256,,md5:70c7b28a9fd07d92236c07d6ff8c9544 sha256:c1dd760d8b446841583de689d32534ad72fe2d64a110a1fbf936cefefd4a474f,80040,"own hash, no publisher reference",0.586
changan,data/sessions/vin205.meta.json,md5+sha256,,md5:11cb287898cf8e0a5212430abdaa2d82 sha256:4a4329e5bc5e777abe974f490172604097ee81d57ae586526e027b839463ae1d,305,"own hash, no publisher reference",0.633
changan,data/sessions/vin205.parquet,md5+sha256,,md5:d29c4ef6cd382009b0ad4f1b2d1d1a0f sha256:c100ee3eece7b9f10c7967fd0c34c39422f24f12d689ef93d5d51f8e76d5d523,89294,"own hash, no publisher reference",0.694
changan,data/sessions/vin206.meta.json,md5+sha256,,md5:bd525987baef23bbe8fe332df17d63f6 sha256:57fcd841fcd83b0405be846c6c4d54b067000aaa54e493709f04031496cbbfc3,304,"own hash, no publisher reference",0.443
changan,data/sessions/vin206.parquet,md5+sha256,,md5:dd4dd04deec542df9c276479519ec777 sha256:18e9b480f23d9c2ec0c7a2a0e4af8146aa7c8b45a1f7e488b4d3c113bcc8510e,60828,"own hash, no publisher reference",0.466
changan,data/sessions/vin207.meta.json,md5+sha256,,md5:b7677e1a782d8bdfb3751050f7bc6b4f sha256:3878f92c504f9eb3210fa64d07d5891501c0fba1ae83fe04aa5790839785e447,305,"own hash, no publisher reference",0.472
changan,data/sessions/vin207.parquet,md5+sha256,,md5:c8141e36f1d5f0af23292b9c005018f6 sha256:1ae206205f02b5a7d3ba6b65287c1747607651b9f26920811e4c1e050a136483,110890,"own hash, no publisher reference",0.472
changan,data/sessions/vin208.meta.json,md5+sha256,,md5:9f85efef8c1c54a1c5a5584eb331b916 sha256:e3c617a50521ba1c1d374b474089621ab424ce861ba10535892c2b819065a7a7,305,"own hash, no publisher reference",0.452
changan,data/sessions/vin208.parquet,md5+sha256,,md5:ceb0715236eae213ed120723f0ada74d sha256:d5d44feec6a93b29ea71aacd0bca8926eeb6507acc52f037cdfca1d16e725506,96680,"own hash, no publisher reference",0.411
changan,data/sessions/vin209.meta.json,md5+sha256,,md5:3ea4639f9f309b07a497f35e98a01e88 sha256:1b5a401c9c7b774e1a0d7f72321bd1d2d715286c3bb4d8a06a0d906865ba643a,303,"own hash, no publisher reference",0.586
changan,data/sessions/vin209.parquet,md5+sha256,,md5:7cabb21ac26480632e9a7a2dd1bd4caf sha256:c384bded74fcf2057784efb2cd3419c2d9873e800a8d99c30b8ab15595c0f862,50490,"own hash, no publisher reference",0.433
changan,data/sessions/vin21.meta.json,md5+sha256,,md5:725eda170e23106d6ecc0399e8efc039 sha256:393640324de988ad65a9fbcc9f2711667ef1dd3ccfb63de84a5e7cddea489226,308,"own hash, no publisher reference",0.487
changan,data/sessions/vin21.parquet,md5+sha256,,md5:ff808f6773ca99ce00811be79d7f437e sha256:082e6527f9ee1a820c4ad288b7f14aa8a82d4a9f7351c70ef94ee37559c2d5fc,115001,"own hash, no publisher reference",0.648
changan,data/sessions/vin210.meta.json,md5+sha256,,md5:1a80e7762ff4bf430ab425b8b7cffe3e sha256:ca3778c76f3fe8ddf729da3fe68216354d15d592942771fb84f40ef163d7a4a8,303,"own hash, no publisher reference",0.465
changan,data/sessions/vin210.parquet,md5+sha256,,md5:a6b5ff98ee5aafcd4eb3bdfdff2da987 sha256:b48b9efe021b32e3f75be093f2539956cd946ddd4f0ccf7691498a05fb43b91d,52189,"own hash, no publisher reference",0.445
changan,data/sessions/vin211.meta.json,md5+sha256,,md5:baa1ea95e5521dc71f51c98816b14038 sha256:832db34ad27c79c88e3777fa82531fe527e4639701be319ce36aac4de57bc65e,306,"own hash, no publisher reference",0.430
changan,data/sessions/vin211.parquet,md5+sha256,,md5:c3aa77d19477582566a2ad39ef3e53af sha256:eac8d21a58ecbf50d6384222977095d1f7fe1c52d826c6ba5d17efeabb9d871b,138620,"own hash, no publisher reference",0.407
changan,data/sessions/vin212.meta.json,md5+sha256,,md5:992fcee0edd2c5bce83e8574ef3b5be1 sha256:bcf0ed3c5ab8fa123b966f54049add3e6a398e0705e03c387caf24bd8b1a003b,308,"own hash, no publisher reference",0.398
changan,data/sessions/vin212.parquet,md5+sha256,,md5:99415fc5704fc40aff29eca91fcbc494 sha256:9f55e1dbce096ad8e7593ded2adebed6d376c0dac2d36c6a4271ca2dcfd2fad5,131237,"own hash, no publisher reference",0.465
changan,data/sessions/vin213.meta.json,md5+sha256,,md5:6600b1f8c0e52cc78837b5f592462383 sha256:68d7beebf58091f5965b36f5444fb7de9e7c357384976d90169174a485ee44f5,309,"own hash, no publisher reference",0.479
changan,data/sessions/vin213.parquet,md5+sha256,,md5:60e122fb5351005c5d7c287ccfd81a0e sha256:b1b696201aebfd73e4c8c2b388b1e5160d200f6ae6b0752f12a0d9df4f77cfcc,122602,"own hash, no publisher reference",0.493
changan,data/sessions/vin214.meta.json,md5+sha256,,md5:529584593bdfccd659ca8ff799b4a73b sha256:7101681f449157a8456410e90f892eab8847bc6e46c29b1f0a51efc79d90b05c,309,"own hash, no publisher reference",0.450
changan,data/sessions/vin214.parquet,md5+sha256,,md5:1fdc211aa646e4abaa4043af0eb60a7d sha256:09c59bf4ebf5ee5f788b1479ff7a22f60986597f43e2bfdcf95bb80741712080,58988,"own hash, no publisher reference",0.401
changan,data/sessions/vin215.meta.json,md5+sha256,,md5:23d9b630da8dcb4cbfdb2d1e5061314c sha256:5536f4cf14d33658b84e6bb23809d5f05ab2d84a6bbe288fb7405eb9d119db19,306,"own hash, no publisher reference",0.490
changan,data/sessions/vin215.parquet,md5+sha256,,md5:fe252ad69267352a91a383d48d824729 sha256:27792701ad4a4e2681703c2a5a548ab8e23a4e2e9522c8dce5ca19523331cd89,75588,"own hash, no publisher reference",0.414
changan,data/sessions/vin216.meta.json,md5+sha256,,md5:ef0e51cc5696cf38053a35ae0842c487 sha256:3b408c0fb764119c0ac861281cd80f2cb3e65780b95cb846bc3004f340055c3b,308,"own hash, no publisher reference",0.459
changan,data/sessions/vin216.parquet,md5+sha256,,md5:cdf70a3b7d8778e2d7542b1dc5e55d87 sha256:33bbb1540b8eaf72b482f805c96cdbe2b2b1061fe7dc651f737bfd9ab62e0e92,118088,"own hash, no publisher reference",0.521
changan,data/sessions/vin217.meta.json,md5+sha256,,md5:936b2a4d94247243d4107be8946ba734 sha256:f9c0d6bdd79b4fb1bfdf8020da6f513915c22b0df3e243c4cfa54f054766a5be,308,"own hash, no publisher reference",0.441
changan,data/sessions/vin217.parquet,md5+sha256,,md5:0093c0ee962a6f451eacc96f2429c8ad sha256:a2bb524a84d0605b5adc95c4768fa478f560ec942df3c4573930c40841c024c6,50596,"own hash, no publisher reference",0.488
changan,data/sessions/vin218.meta.json,md5+sha256,,md5:e51f2b0a154fe925805badeca7a34576 sha256:7ae781e360b50ad62db15839f3a273eba56ae115a173c302f40c794ece768ac0,310,"own hash, no publisher reference",0.497
changan,data/sessions/vin218.parquet,md5+sha256,,md5:e9a53959450fd93d670bca4dfccb1af3 sha256:d91e2795ca82f0eb5b237a03c9fdabdda2e9d404025493cbc92cfc01f3a7ad22,111761,"own hash, no publisher reference",0.601
changan,data/sessions/vin219.meta.json,md5+sha256,,md5:290795cf917a80c6addb6fd76d69397a sha256:7e2ccdf1b7d252d0472993903ce2e59d3939915178779da5d72985cd00825916,309,"own hash, no publisher reference",0.696
changan,data/sessions/vin219.parquet,md5+sha256,,md5:f040472bea891947f603eb4a5464f4f1 sha256:32c145f0b6c24c51a78718542c051ad4a68ea0fb4fc2edb7922c48b6b8ae23fc,128635,"own hash, no publisher reference",0.441
changan,data/sessions/vin22.meta.json,md5+sha256,,md5:eb0d655bb9fcf451cb783c46993fe71d sha256:aa2acde78e03f54cce0907abc6dce87469cbbfce8909f8da55f4ad66cbd79e02,305,"own hash, no publisher reference",0.493
changan,data/sessions/vin22.parquet,md5+sha256,,md5:97f342e90d663bd11f5396baa7766756 sha256:4cc1419b51f5078418c3add9e11af9137c6a2f76e7ead8cb12eb0e1c9200cdd3,60176,"own hash, no publisher reference",0.440
changan,data/sessions/vin220.meta.json,md5+sha256,,md5:8f36188664303ab94e6a6519a5d02733 sha256:798d3b4d3d2fa990a366f883ed2d0eebae7ed8e12418afe0a64b50f2f341d94e,307,"own hash, no publisher reference",0.534
changan,data/sessions/vin220.parquet,md5+sha256,,md5:e6bebdf4f819738426e8382cb1fc4de6 sha256:d958454a8583fd9a03a5e9b227c1d92350d9fb1f506c1e262910f718a595bb89,95596,"own hash, no publisher reference",0.597
changan,data/sessions/vin221.meta.json,md5+sha256,,md5:ff26458c4efa7bf87411d4d72dad15a4 sha256:6e9452514ffea17d21ce06f8734c49a651fbec7106ba029e8e9c7e4e3e34ab53,305,"own hash, no publisher reference",0.483
changan,data/sessions/vin221.parquet,md5+sha256,,md5:e74e871e37f00b8af879c620b1d71255 sha256:906c2cdcc0f35453a7b565d0ea2f0882890dce1098268f673760c1f51f97a6eb,83157,"own hash, no publisher reference",0.576
changan,data/sessions/vin222.meta.json,md5+sha256,,md5:a537c52783d22692c3d5b900f6b169fb sha256:b8f6b60e4c4495cc5e6df07a8cbe65a7f185f9a150d785413de1512717735f4e,307,"own hash, no publisher reference",0.462
changan,data/sessions/vin222.parquet,md5+sha256,,md5:e9e84a14a6b847b6246d9d0b3e270083 sha256:6e7f161dd4a499df02e0ab1897d6f27c052a695c5e4cda714e5e295dd9652796,75142,"own hash, no publisher reference",0.639
changan,data/sessions/vin223.meta.json,md5+sha256,,md5:ea2708c0676b0151de4817b6fcd566d6 sha256:7bf76f2096e49c607be7fc7b89b16d88bd2124e9d3b8e23b5a83987cc16687cb,308,"own hash, no publisher reference",0.528
changan,data/sessions/vin223.parquet,md5+sha256,,md5:71b68aaa69eafde93ee890ad4428ffa1 sha256:e29da90d4210fa6da4147324625cc105e0b21ada1a58a4703550e11e2e2f3270,82364,"own hash, no publisher reference",0.447
changan,data/sessions/vin224.meta.json,md5+sha256,,md5:5fbdb124346e332c3a2cdca41cc4fc5c sha256:30710cc25faa528fa4281bdc9bf8d79e44a5ab6f76c321db0ea0cbe9ca23e997,306,"own hash, no publisher reference",0.427
changan,data/sessions/vin224.parquet,md5+sha256,,md5:faedcc04ec5d16801baf4aac26a6a32e sha256:9fe298fb47220e59ff618a5d850f0a807b03ce5df09aafd60f7e30e54a2c45bc,84822,"own hash, no publisher reference",0.668
changan,data/sessions/vin225.meta.json,md5+sha256,,md5:2b7083c7c4ea4b28d732f60665ec1b4e sha256:45a70aaaa2313191241aefd3accc724d6af1ac009c738628faf7ef03533c9510,307,"own hash, no publisher reference",0.468
changan,data/sessions/vin225.parquet,md5+sha256,,md5:cd8e549c3a7f8e10085815d56fdb413a sha256:cbce040b6a215cc702cf3f913b8dde41a27325ecf2be608c878a290c1cf5098f,51563,"own hash, no publisher reference",0.489
changan,data/sessions/vin226.meta.json,md5+sha256,,md5:11e277fe3b48a7f0f230e9c53e40dee6 sha256:c643e7200d7783e56839028d59522b37c52a13055c0d52e61440e2435450b652,305,"own hash, no publisher reference",0.482
changan,data/sessions/vin226.parquet,md5+sha256,,md5:16606b5247e8ec78316b19323573f323 sha256:cfa82bbdacdd2c72f563c376e307aad09c581da882e01b345fab783aff463813,56800,"own hash, no publisher reference",0.362
changan,data/sessions/vin227.meta.json,md5+sha256,,md5:416f3b3ef5c14283fc40a7e18923c1fb sha256:e76aa030f081429d0d0fdebfc3492bc282f7c6416ab7879d5ccb85376091150e,305,"own hash, no publisher reference",0.438
changan,data/sessions/vin227.parquet,md5+sha256,,md5:6c6590a0632f64e943226fc3590db0ed sha256:8dc62d277ddbc428fa83e65777f80d006e155841a6a057c47da1b22d6648620a,38397,"own hash, no publisher reference",0.508
changan,data/sessions/vin228.meta.json,md5+sha256,,md5:2440867dd00f059a3d662cdbdceaa173 sha256:71a991a8d607f3196c6bbd7038722bbdd5777ca742e2a2e7e6c09a93861bed09,306,"own hash, no publisher reference",0.417
changan,data/sessions/vin228.parquet,md5+sha256,,md5:b73a27fcd22dbf3f2c161a670f942525 sha256:d6f39cbf9b0aaf0d1e685aba0de075a175db92005bd9eb827886cb211cf4e40c,131574,"own hash, no publisher reference",0.422
changan,data/sessions/vin229.meta.json,md5+sha256,,md5:5cb517645a21f75049cfd7664e76ab5d sha256:676e46bfc605c877120136e02ca042dc533ac59f8b2c669dcaa69591ce20e7a6,307,"own hash, no publisher reference",0.430
changan,data/sessions/vin229.parquet,md5+sha256,,md5:254f11ba4c4466d3327e3fb4514e06d7 sha256:6f8c49dbbb8d7bd6855ca72635b10712af0556e8f7842c28a418e3a7b48e918c,119673,"own hash, no publisher reference",0.403
changan,data/sessions/vin23.meta.json,md5+sha256,,md5:0fd49658af8591fdd49e7e5e2ce2c7a4 sha256:70a15dd3c62707d9d1eb14f71462b5272a8b77fd58997c49b2647b59f3594027,306,"own hash, no publisher reference",0.442
changan,data/sessions/vin23.parquet,md5+sha256,,md5:cab8ea2813a13ec6b69cde8364f3cd5c sha256:3fcab8889541573b9961b0afc58dc193cd53a640517db5e59bc76635d2a09bdc,97124,"own hash, no publisher reference",0.605
changan,data/sessions/vin230.meta.json,md5+sha256,,md5:9b3b526ce1caf70e852e34ba69e77b9c sha256:192ce0887abc5f3508e3bb91b2c1dd01a30258499b7d4ee1bcf907e2dec847f1,306,"own hash, no publisher reference",0.505
changan,data/sessions/vin230.parquet,md5+sha256,,md5:4ca3c44cdeea149e0191d2301cb4ab34 sha256:cb4dd00f175c985ed8069e1fb733d5840b28b09577ea435d6e1cdb6c4b858925,77006,"own hash, no publisher reference",0.547
changan,data/sessions/vin231.meta.json,md5+sha256,,md5:921d63d65fefa2298a8cd3217f0c559f sha256:dbfd94e1e7018767c407eadd940715ce1e2dcc40f71ef215e3e3640a0bb41c50,305,"own hash, no publisher reference",0.488
changan,data/sessions/vin231.parquet,md5+sha256,,md5:de951760fa4b8be53a2656d7c1fdcec0 sha256:701eb45eefc1500d6bc56d5b3132e83594f8ae8137029b67ad3b61bab4907cb8,84371,"own hash, no publisher reference",0.431
changan,data/sessions/vin232.meta.json,md5+sha256,,md5:708e217a1a72404c22820f354d22514b sha256:1b5ee685f664223b430b90097e8294de0b0ab8d10fb6e45a187b8659c5c48c38,307,"own hash, no publisher reference",0.477
changan,data/sessions/vin232.parquet,md5+sha256,,md5:ef195a9d41c27bb3d191b486493b57b8 sha256:b5f3861427054f284463277ec99875b5cf45845e28153b3155249aca195abb0c,87350,"own hash, no publisher reference",0.525
changan,data/sessions/vin233.meta.json,md5+sha256,,md5:3ad87b53244f9df3cb8958a4da2bb8c5 sha256:5398dcb6e2af557da09c870228e198483f05938f419743a30a128e4e1f08b8f9,310,"own hash, no publisher reference",0.430
changan,data/sessions/vin233.parquet,md5+sha256,,md5:d3cfeae696d50d67ba5428cc0d4839ae sha256:1adc90d3e7da0a0f925da7078b454ab8d9e1aa492cc93110ba20edf13f350c9d,136150,"own hash, no publisher reference",0.484
changan,data/sessions/vin234.meta.json,md5+sha256,,md5:56380e4bf1120a5458de3f9918010aad sha256:e97d0dd47e348c1ed7fcf7020db250b0695c45c3abcb31e15cc6409b158062ae,308,"own hash, no publisher reference",0.451
changan,data/sessions/vin234.parquet,md5+sha256,,md5:4dd7c241a34a15d493280087f84bec65 sha256:cc2881a8db525c9179816dfb4c306cd54c08f78e10cdb1f71de54069e2bb0ab9,103681,"own hash, no publisher reference",0.588
changan,data/sessions/vin235.meta.json,md5+sha256,,md5:e95090441e8f9756cefcd4acb6e9d7ca sha256:576a6d306ba5e526bc4ddfb33ab6c3e4a17767683b68b5d445c693302f089385,305,"own hash, no publisher reference",0.440
changan,data/sessions/vin235.parquet,md5+sha256,,md5:929eeb00c56215167ef5fc5ebbe1a395 sha256:5d34571035e0b0bd363329f03c39229de074c2e5fd7abe0b43b33798c7887f34,112099,"own hash, no publisher reference",0.455
changan,data/sessions/vin236.meta.json,md5+sha256,,md5:f07956bd4601493e14697132f05dae20 sha256:42e75b0d68bc6d8b3426a197f14fd702092b2cecd9dc8eec7083d4c986cc00e9,298,"own hash, no publisher reference",0.505
changan,data/sessions/vin236.parquet,md5+sha256,,md5:94c8bb96a61798865bd6d8f4e2cea6e7 sha256:6e56198a297f80d196f5b6cc37a327f3bcd04a0e50162e6fd88cf853b1f434a3,83996,"own hash, no publisher reference",0.494
changan,data/sessions/vin237.meta.json,md5+sha256,,md5:9d8e3bb349b4a33d66434dd6f6c876f7 sha256:0459772e171d704ab30fdd0a64b0ffc1bd20d66cb7ad0415c14489f0a5ee1f4a,305,"own hash, no publisher reference",0.468
changan,data/sessions/vin237.parquet,md5+sha256,,md5:5179df987205a7aa66318292a7e1f947 sha256:305892c96c9b4acf09d4e6ed65ae9c36e60dfc55c12dcc6b68c75fd5d818837d,67651,"own hash, no publisher reference",0.449
changan,data/sessions/vin238.meta.json,md5+sha256,,md5:4c51c9b94b5448fc46d19410ec20108e sha256:789a7dee19032ffa7f079f47abb366a8c98f19c52c51a04a93bffe9e7913aa5a,306,"own hash, no publisher reference",0.475
changan,data/sessions/vin238.parquet,md5+sha256,,md5:20ae38f57185d894475baf1d13e35e01 sha256:a7c24643d4de0a4af513f233630b2e1d1bc77f412891e7843945c7ed0a13f389,114217,"own hash, no publisher reference",0.472
changan,data/sessions/vin239.meta.json,md5+sha256,,md5:e74bc11533c212572c7c4d47ab1e7f22 sha256:905cc900ec1ebcd92c01215c510f3c6aba9e0f8418def6196d56dc2a7d5bdb73,304,"own hash, no publisher reference",0.420
changan,data/sessions/vin239.parquet,md5+sha256,,md5:a66f40c09847a37cde84424bd04533b5 sha256:28f29e2517944e00617087470045a72a4b20e56994067e460e88986780594e89,78204,"own hash, no publisher reference",0.648
changan,data/sessions/vin24.meta.json,md5+sha256,,md5:0d3748d4cebf0437f0814f0d2ebb56a9 sha256:769a3ec7050118e7e9832ab1d26d9f79385a2ce7b6cf68cbae97131c73422079,307,"own hash, no publisher reference",0.498
changan,data/sessions/vin24.parquet,md5+sha256,,md5:a6bc7a223237335844f6e9a17f335cbc sha256:c6f4c89a2a44792d96ce854baf1a7d73ae889f7ad08525072a822e80b4253037,104454,"own hash, no publisher reference",0.384
changan,data/sessions/vin240.meta.json,md5+sha256,,md5:47e83a1689021dbbda8173fbf6b963cb sha256:a76a5b7cb3e5edf4ec6ad06c81b42b9b91b4325c96b3c91d581f7cbd7fac585a,306,"own hash, no publisher reference",0.545
changan,data/sessions/vin240.parquet,md5+sha256,,md5:abc6f27da84409510e1d2746167e04ef sha256:e00379351a63eb6e91c027535f5b57e81305f5784eb0eec4ca6e404f07a5aae1,91098,"own hash, no publisher reference",0.495
changan,data/sessions/vin241.meta.json,md5+sha256,,md5:c22261ac6afeb43056ae5a28dc042a1e sha256:df588a06d07119ecbd75f6d2147954de49a7d9c5e759ac6bb1e195743d099bc3,303,"own hash, no publisher reference",0.496
changan,data/sessions/vin241.parquet,md5+sha256,,md5:c7b5308a4eae8458123cf7e36d85b2d0 sha256:f4488e896de0c5819a5cc45b22e05d495f9b03329bfcfbd56a414b80afa3c79c,57288,"own hash, no publisher reference",0.464
changan,data/sessions/vin242.meta.json,md5+sha256,,md5:a7660a1a1cd625dfcc288020b1df1989 sha256:180775df4551f8e12338da029aa532b0873aff6781f00db42e556fc22b21d0f4,303,"own hash, no publisher reference",0.482
changan,data/sessions/vin242.parquet,md5+sha256,,md5:65b12d642589a44db092621b5adb68b4 sha256:4e6c394c289a432750868189d4539db1b774f5343d8a22d668eac5363d713744,66113,"own hash, no publisher reference",0.538
changan,data/sessions/vin243.meta.json,md5+sha256,,md5:633c39c873a82741c534963048f69977 sha256:d4fc5d0059e4f5096628439e5f1c06e9840278b78b2b0de31b8d165deff8406c,303,"own hash, no publisher reference",0.555
changan,data/sessions/vin243.parquet,md5+sha256,,md5:eae2de4ccc0f3b836870896790cd8a04 sha256:6d7d90a6ea685ec35dff95392fa98de17068d190ffd15825b2c0f222a630fd34,155010,"own hash, no publisher reference",0.462
changan,data/sessions/vin244.meta.json,md5+sha256,,md5:f6c3ec46a50ecf1ab30907a1794a4d1e sha256:51554a310cb0a90f96d57c4d97cba4b7b60fe6dabb133c08e2b3c859d3215909,305,"own hash, no publisher reference",0.474
changan,data/sessions/vin244.parquet,md5+sha256,,md5:3722d601db203f9746cb33562a30effd sha256:601ba987b8f5355f8f1c394fa6dcfa8251c3f3eed4f00ae2f92bad18e8114de1,98455,"own hash, no publisher reference",0.538
changan,data/sessions/vin245.meta.json,md5+sha256,,md5:1cedf5515785fc1084864898715e487a sha256:fd8c773e0a21761b8825d136be1cb427f6117ffc7d3951234017455c6fd1197a,301,"own hash, no publisher reference",0.508
changan,data/sessions/vin245.parquet,md5+sha256,,md5:01d3ac6056e47dff372bae82f826bd12 sha256:1e55067775ee141f03dc57cf2fa74caeeda0c33639dd716cbed160a7783b17e6,63719,"own hash, no publisher reference",0.596
changan,data/sessions/vin246.meta.json,md5+sha256,,md5:f5201c7aed7c623dd1f7578e0f9e274d sha256:3a1446a1eb5ef1df576e7d59a7c6f24c7814cccc67a46ecc1a2fdd209b626933,303,"own hash, no publisher reference",0.462
changan,data/sessions/vin246.parquet,md5+sha256,,md5:eec17dc0b08fa63235069b827d7328f3 sha256:9cec12511e5b81671bdec48f744baf54e796504238e3dfc8697e7ca2bab60f3a,70090,"own hash, no publisher reference",0.564
changan,data/sessions/vin247.meta.json,md5+sha256,,md5:d1e92929b396bb12101f022204e3e439 sha256:4238f1cc461810f848c6de4a684a49508426f62d9c2fcafa13aea78f88d407c2,309,"own hash, no publisher reference",0.424
changan,data/sessions/vin247.parquet,md5+sha256,,md5:4d3a667e35a583902085b9a5b37a44d5 sha256:8a571442156ab7a68c18fbbed24bcf731db242248e0d7d169d38915d149663d6,97928,"own hash, no publisher reference",0.469
changan,data/sessions/vin248.meta.json,md5+sha256,,md5:3a2da0cceb40bc00f4282aabcaa47055 sha256:fc6b397af9dac1efd9ea20a7500784a1ba21bd11c5bf47131c5350560cc6407c,306,"own hash, no publisher reference",0.434
changan,data/sessions/vin248.parquet,md5+sha256,,md5:06adf2fd4923f2b0203a46851511721a sha256:afdbc60495dcad131742cf3704b47e47e9d5dda9b99f0db01f642145809d7edf,180856,"own hash, no publisher reference",0.499
changan,data/sessions/vin249.meta.json,md5+sha256,,md5:5708f1a24bf6ad8882579482974de0d0 sha256:716fd4c04b39501f55c712bfe337e2cc234a74eafb44b686e9916b948e36a75e,306,"own hash, no publisher reference",0.425
changan,data/sessions/vin249.parquet,md5+sha256,,md5:ea2894ae6653c2196d6f76b61fe045ac sha256:19e5d4e43e29447d011687f2f689b9a284b28a1e3d35bf9edd3128cfeb9f5fef,79202,"own hash, no publisher reference",0.555
changan,data/sessions/vin25.meta.json,md5+sha256,,md5:b35e097f259ddecb27fa023339e9ee93 sha256:a522563b0dfd4e8417e59b9b4263513b67dd82854f017e85902438ca8fdb539f,305,"own hash, no publisher reference",0.552
changan,data/sessions/vin25.parquet,md5+sha256,,md5:5fac0936afb3e2c28ed1c7f8b56c9c7c sha256:a8b6e6243d5b9d431442b3bcb58d67795a6d637244710c4e9dcecff8f8236ee6,74166,"own hash, no publisher reference",0.438
changan,data/sessions/vin250.meta.json,md5+sha256,,md5:6c38cc3689f6f58228ba5264f4e46237 sha256:bde826e4f758925ba6041616aae569d90be4038c08b5a5af25c31d46a78fd621,309,"own hash, no publisher reference",0.446
changan,data/sessions/vin250.parquet,md5+sha256,,md5:dc997ca580e32ad39c419b704edc081e sha256:e04461c591e6723b562366e8743f94127ab9ed28cdc009c22371cd451d1fd9c1,118479,"own hash, no publisher reference",0.448
changan,data/sessions/vin251.meta.json,md5+sha256,,md5:c203d9a6c783964bd2fb7b6bc89ea39a sha256:f389e064b2a401bbe9afb82492d542ffd28e124912ecbdb099ef246fd0996f9e,308,"own hash, no publisher reference",4.521
changan,data/sessions/vin251.parquet,md5+sha256,,md5:44513d79ade9fbc126d33fb43823a84d sha256:fb5dbbaffff5ff4845ecb1080dff0e335c0e84c043cd577024a8a98bef4f8fea,71610,"own hash, no publisher reference",0.464
changan,data/sessions/vin252.meta.json,md5+sha256,,md5:296126d9c951499539305fbb72299329 sha256:fc93f4c302c1165fe61ab4762efa0407a5a168bb58ffdb86ed3c760fb7ff8f16,306,"own hash, no publisher reference",0.643
changan,data/sessions/vin252.parquet,md5+sha256,,md5:cba5969e35708b484a7b66ce84c78d30 sha256:a343e2b7d779ba5f6a9f74bd4d35d400ea479cc2f9b3b5b6c6e5f10171b331a9,68725,"own hash, no publisher reference",0.480
changan,data/sessions/vin253.meta.json,md5+sha256,,md5:76cef4d22cf027d4168932d0397d7a45 sha256:9ad3d9b4ce841e83f45b77ed03ca10cc55e0754259765800ce03428013b946ff,307,"own hash, no publisher reference",0.482
changan,data/sessions/vin253.parquet,md5+sha256,,md5:b639a0df15eb962cb28a25cbeb273749 sha256:c76a774616b6b491e549bb049c33fa9a19480c7ab866de82934253bad8afd663,94281,"own hash, no publisher reference",0.403
changan,data/sessions/vin254.meta.json,md5+sha256,,md5:7302254e2e1884a8dce5d919b48b7315 sha256:9582ee69ece5f93f31370c6d9bbe3430bc20ce7bd4d24ebb7f75cbfbec64eff4,307,"own hash, no publisher reference",0.499
changan,data/sessions/vin254.parquet,md5+sha256,,md5:73f4e339735d84dd48da3584d68dd54f sha256:cbd0e2ec074fe42d9ea52824e67a7f2b827d48a4cea1bfad2543dfa378bac4bd,71190,"own hash, no publisher reference",0.415
changan,data/sessions/vin255.meta.json,md5+sha256,,md5:8ebc0d2f74a646a88fd3d8cd6e05f84c sha256:1066a144a2596e361943a04f64e15bf31a598ba4502b0c056fd5f3c255ea050f,309,"own hash, no publisher reference",0.466
changan,data/sessions/vin255.parquet,md5+sha256,,md5:fe031fba734a7993d04893fd294fdc5e sha256:bcce3462e3beca622450d2e7dd2fc9986cc242a534f1b6ab03e4c876d65efe67,79207,"own hash, no publisher reference",0.503
changan,data/sessions/vin256.meta.json,md5+sha256,,md5:11d4598c84615fa3a6be81578614e2be sha256:1a6155fa61b0e569d073533604303de1017859e8db2a7b51b6a191b3514f90f3,306,"own hash, no publisher reference",0.525
changan,data/sessions/vin256.parquet,md5+sha256,,md5:3c260972b81acf99df85926b882e44a4 sha256:aab632cea8a530baf14e010e7275ab802d454b42dcd73104dc90fea179caab77,50855,"own hash, no publisher reference",0.473
changan,data/sessions/vin257.meta.json,md5+sha256,,md5:a47a14efa3f9a3a5b058306816da2b14 sha256:5cd13679f0a0d091590cca449eb547f5140618f648a5f1776236e2391e1126ba,307,"own hash, no publisher reference",0.591
changan,data/sessions/vin257.parquet,md5+sha256,,md5:654162672c81a51e6d8ed3303a0c3f25 sha256:55ded3cdfd6f88aa4430953e0553a8c551651e7119d4916b0506d4ded8a3b926,193761,"own hash, no publisher reference",0.562
changan,data/sessions/vin258.meta.json,md5+sha256,,md5:2f46e8dfee7d426298018824d024cd06 sha256:2252fec3d037fae589cdf9ebc3b7aeacacdd4e227e2b22da0a2949e798d9d016,306,"own hash, no publisher reference",0.453
changan,data/sessions/vin258.parquet,md5+sha256,,md5:7ce6c15a7bec430633cc93368b23c108 sha256:d091de7f1a35d986ceb5591123662d0b05dc1939cd24ed5572df192002ad2244,142869,"own hash, no publisher reference",0.443
changan,data/sessions/vin259.meta.json,md5+sha256,,md5:09221268dcdb9fdb793b2c053511ca7a sha256:e62fa88b510b50c0251ab16b15931ef6aa335a4c56b509d0fba1ffd73948e5b9,308,"own hash, no publisher reference",0.730
changan,data/sessions/vin259.parquet,md5+sha256,,md5:27ec9df7889371ec782e9e6ac11b2f2c sha256:f1e87ab69449e1b7045130b9a8685f44334738ed2d11a1775c74b307afa5f732,95229,"own hash, no publisher reference",0.525
changan,data/sessions/vin26.meta.json,md5+sha256,,md5:041545f676f98c163b24143d1307ab52 sha256:f8f0fab18dd93a2454cf83acecb4574a19f7dd920ee92df750c586b4ec5eec85,305,"own hash, no publisher reference",0.466
changan,data/sessions/vin26.parquet,md5+sha256,,md5:9521abcce500a2c9a8b595eec398a4bb sha256:a78521dbdfc20dab82d166cdad5d5e91374a7b1d4cc42365490a36db0c5330e7,78241,"own hash, no publisher reference",0.438
changan,data/sessions/vin260.meta.json,md5+sha256,,md5:b9c0d792072f9d9701877d9b832c3eab sha256:87f04d350ab9395634522be65e6e5375107cd71b758e36abf18cf19407269a79,308,"own hash, no publisher reference",0.426
changan,data/sessions/vin260.parquet,md5+sha256,,md5:a70e59df3c862ba6da90bad60c39c636 sha256:17eae42108f166263fa32ea7b98941930318fa7db7c5ebf9cd01aef8b2f131b0,126746,"own hash, no publisher reference",0.597
changan,data/sessions/vin261.meta.json,md5+sha256,,md5:cdf00b445fc3bad7f449189caa8d10e2 sha256:30093fbeb748a3b485615d8ceb512c04c2642837e2d16df29d01d143902d4e64,306,"own hash, no publisher reference",0.456
changan,data/sessions/vin261.parquet,md5+sha256,,md5:bed3c9d8c146f6bda75527fa8b81c851 sha256:8cf1fd9349c802def3c8f0d7d68af6ab7d895e1453d0a7e5fe83425da0a0b2bd,116734,"own hash, no publisher reference",0.672
changan,data/sessions/vin262.meta.json,md5+sha256,,md5:7107b1da502f22b2d2a6d163056fb4de sha256:3b8d850cc6a3a6033a9584ac3ee49dae0c832c1d91615965dcaf273c86a00833,307,"own hash, no publisher reference",0.403
changan,data/sessions/vin262.parquet,md5+sha256,,md5:72be5e6eda3ad8d88b0c3fad433fcf2f sha256:3efea1ba76686b73d009fa8a257822411716fb9a8ffb29244986e1ac49286be9,112578,"own hash, no publisher reference",2.718
changan,data/sessions/vin263.meta.json,md5+sha256,,md5:7346446fe3feebe165bb385c7f78343d sha256:472848aeae94f1da2e8fc3aa7f9741436c4e899f678737d5f553298fd956a790,307,"own hash, no publisher reference",0.572
changan,data/sessions/vin263.parquet,md5+sha256,,md5:f3605924c09000bfe85177313e9e4f7f sha256:00246e0276425478aa6a654686e22c758f7d2c28b3811b58a836127681508b85,94429,"own hash, no publisher reference",0.498
changan,data/sessions/vin264.meta.json,md5+sha256,,md5:31ee31fb6b7f263c5335fc6ed38e9cd9 sha256:35cf92593750793a0c1ee9e5b04b1c450d91503ed66af923ff7587483cee59e5,307,"own hash, no publisher reference",0.423
changan,data/sessions/vin264.parquet,md5+sha256,,md5:fc9609c46bccdafcae69b0ec91837956 sha256:e946ebbb08da65067863595bad24c8c22ff251d7642a485d2bb151136795963f,129179,"own hash, no publisher reference",0.417
changan,data/sessions/vin265.meta.json,md5+sha256,,md5:b8ec6d38eb041c933973e633efc6072a sha256:b6e358924c2ec579e3cb87c637bb4627bc4ee76634144b89cff2adc132671162,308,"own hash, no publisher reference",0.641
changan,data/sessions/vin265.parquet,md5+sha256,,md5:90348603d6f6336ba7ceb5c65325a4a0 sha256:55e363bb235f823ffcc033c02b018eee5849120f0a58818453532ec1d8e07167,127779,"own hash, no publisher reference",0.423
changan,data/sessions/vin266.meta.json,md5+sha256,,md5:bc6ea5f960e0c8264f313fc24ef673de sha256:372107ee6ea43851d5dc6ee00e2ebc2744929bac5a941a37a007ee462bc06586,305,"own hash, no publisher reference",0.433
changan,data/sessions/vin266.parquet,md5+sha256,,md5:9b787e9e6055a7104aa8f2875b6c3d0a sha256:3cd994a81052d5e60ef4557b25a8c8e2a4af75c7f67fe011774c8c72385d7c06,97617,"own hash, no publisher reference",0.431
changan,data/sessions/vin267.meta.json,md5+sha256,,md5:68749c43409f00be31bc20516fda9eea sha256:836ba29c80da112cecae11342e69b24fb62b79b56a43e642b0d1d7a6b27e8460,307,"own hash, no publisher reference",0.433
changan,data/sessions/vin267.parquet,md5+sha256,,md5:a53bb5a7a338164d52a59d9c7c872715 sha256:811b88af753751d8e7cb27d78e40852613ab6fd483898a9ec7cfcf499b748f1d,85927,"own hash, no publisher reference",0.478
changan,data/sessions/vin268.meta.json,md5+sha256,,md5:444acc6025d19d1e75327ad68a6b4eb2 sha256:5ca94e5efa3e281aa3e9a473591e4e2d3f0a9f649f5aeac2e41748800c99bc1e,311,"own hash, no publisher reference",0.631
changan,data/sessions/vin268.parquet,md5+sha256,,md5:3ebca9d1db25a6e4716203cb5d3d7e6b sha256:11b6ee49fcbaab5170859bc4001598e1736d380b1f7038630840ab504b6274ef,130098,"own hash, no publisher reference",0.490
changan,data/sessions/vin269.meta.json,md5+sha256,,md5:a0dd96e4fa4661d177bff7f590c401e4 sha256:178fc333dfed444d6a53dbeb9795be047dd2cb030505efbb89e8dee73ac064b8,310,"own hash, no publisher reference",0.457
changan,data/sessions/vin269.parquet,md5+sha256,,md5:c9674061360de3b5be706c4d96c476bb sha256:23d18ce05782b4e399f6d76941980b03d69bab633e8f35c7147df6ded83c03b0,148597,"own hash, no publisher reference",0.445
changan,data/sessions/vin27.meta.json,md5+sha256,,md5:03283b07972862dd8fcd3dc71b693d80 sha256:6110a6f84b88e5d213ba35723d7cdd41fa307cae17a04b0e34a7d37c3713b1fe,308,"own hash, no publisher reference",0.609
changan,data/sessions/vin27.parquet,md5+sha256,,md5:a238f375961b5528450472e162c14426 sha256:27d40f0934991937d082efe1c63d365edef76897d7e478ac56335bbc4f4b8936,140652,"own hash, no publisher reference",0.444
changan,data/sessions/vin270.meta.json,md5+sha256,,md5:b6195c264111c645f2af75c7e214ca64 sha256:ddc7371e7e24b3f0934291b40764ecfb80fbca9cfb72345536a6a82443faf1f3,299,"own hash, no publisher reference",0.506
changan,data/sessions/vin270.parquet,md5+sha256,,md5:da0a3e925c3e8c18afe6a338189fe18c sha256:08414f50d05b7480651cbfe92c83304ab3e893cb3eaa9f20562c5b067ff5aed8,88305,"own hash, no publisher reference",0.489
changan,data/sessions/vin271.meta.json,md5+sha256,,md5:a213dbf50c28081593391af4898360cc sha256:53e2bd2699b0d9529481c680a7a1bc59047905115af8b4c9f207d189d8662a23,302,"own hash, no publisher reference",0.447
changan,data/sessions/vin271.parquet,md5+sha256,,md5:f46c6084beed00e0fb64b7097818ef1e sha256:70b398af7c8bddb09399c3605040a3358f79a0ec446dd2233b452f05f73ec180,64518,"own hash, no publisher reference",0.411
changan,data/sessions/vin272.meta.json,md5+sha256,,md5:f91ac022adc1121caaefa400fa8eae42 sha256:ffc39806ad7b7fef9d1a50100b26f70ea67795d8a3cd6fee6d6ead2909e258e7,301,"own hash, no publisher reference",0.482
changan,data/sessions/vin272.parquet,md5+sha256,,md5:381776f76de953e0f9d971be43673459 sha256:3aef5f416ebe505ef665b74923968a48204a525e9ac64873e8ec4a99460d745d,98947,"own hash, no publisher reference",0.457
changan,data/sessions/vin273.meta.json,md5+sha256,,md5:6d8d66f803992e90eef6750aa52321d1 sha256:89e1fde86ebb14ffb89c4f7bd3e50ee08f43c811ae486a65f7df7630a12cd6da,303,"own hash, no publisher reference",0.520
changan,data/sessions/vin273.parquet,md5+sha256,,md5:d61844710f6b783ca648a0bec51805dd sha256:292b140173257009e51c465ce10f5e60f751b3a15af9d316efacc83689e6202a,95427,"own hash, no publisher reference",0.443
changan,data/sessions/vin274.meta.json,md5+sha256,,md5:66ae6a5b4374e3c3bfe45dee4e22a4f4 sha256:cbf464f96d26cc4a0df5d0a0ec986b3ae84ed674f31f92cd49eac4a8472afbc9,303,"own hash, no publisher reference",0.424
changan,data/sessions/vin274.parquet,md5+sha256,,md5:5f8f4485f97da3df8a6ed9c2ef75b2cf sha256:ce74dda21c1c9ec0cff88acf8271f16d4831418c77e840221a719fcad0a25226,66899,"own hash, no publisher reference",0.423
changan,data/sessions/vin275.meta.json,md5+sha256,,md5:4637519746f5536bf08934219f4c26e1 sha256:a063ffc2b4c0a1accbd9689904337ff524e1987a2764f9a8a1f0631e2afff53a,302,"own hash, no publisher reference",0.485
changan,data/sessions/vin275.parquet,md5+sha256,,md5:1c0d234c18d06f92df78420859617b20 sha256:24022be10461cf02a7584d1beff6015832a4a91f487d2b4835acea6394295503,57737,"own hash, no publisher reference",0.431
changan,data/sessions/vin276.meta.json,md5+sha256,,md5:d9ec226ca361b5c9ca4109aad1723360 sha256:9abbaae50627db08287fc384671a154caa3f9aa08e01a6e7f3d0efadaa8f3f8a,303,"own hash, no publisher reference",0.581
changan,data/sessions/vin276.parquet,md5+sha256,,md5:27da96dc4ffad22660ea7b5cfd121d92 sha256:7fdf362a0e76662c805f6a0435836cf0134338171e1b78ad29e55757ff906b89,66928,"own hash, no publisher reference",0.451
changan,data/sessions/vin277.meta.json,md5+sha256,,md5:c361f3fe31827b12b2b9dee6c55fe5c1 sha256:80e7d5d821dc55358bf3131eb008452daf4e68a4f0eadfdc73946ab2e7ee5dc5,302,"own hash, no publisher reference",0.493
changan,data/sessions/vin277.parquet,md5+sha256,,md5:d43fb248c868cb29ddb24b9ebb48f607 sha256:73e97443e2b35ce5dfb8b40dc8e3788a3b7fd8e5bc6317f2fb55ac61ad329685,88632,"own hash, no publisher reference",0.461
changan,data/sessions/vin278.meta.json,md5+sha256,,md5:e798e8a48d6b48d527fd93110ade417d sha256:348c50e32ee414523e2c77a5a1fab6b96ab786c112e55803f209b6d305c61ce9,306,"own hash, no publisher reference",0.475
changan,data/sessions/vin278.parquet,md5+sha256,,md5:8d22a4a6c8b2c56d4871064390508b36 sha256:db1a90af868e7342c7d186bbbee859fc03fc8179f8fcc89b7954b7fb3676ec21,102922,"own hash, no publisher reference",0.536
changan,data/sessions/vin279.meta.json,md5+sha256,,md5:440ae79819e8dd7dbaf1b539c8204dc9 sha256:10bac626cee7bdc0713d6e1ef712c428dda0c85c51a681a9164447a98d2e3d35,309,"own hash, no publisher reference",0.595
changan,data/sessions/vin279.parquet,md5+sha256,,md5:33f2ab1836c23689a2fb9b524dc21181 sha256:7f97e36beaac1b475ec59cca104b308cafd5de3dbbd33a32fd027697efff1508,89978,"own hash, no publisher reference",0.673
changan,data/sessions/vin28.meta.json,md5+sha256,,md5:28ad7bc2f9667e15017efdd3995bfee4 sha256:e69adb5b31a73b118db47106bb589aa4690bd519587f260931a69c481eef07ad,306,"own hash, no publisher reference",0.595
changan,data/sessions/vin28.parquet,md5+sha256,,md5:01fa066d7ca5da52d153fd0e1e4daaf5 sha256:5547eea12e47192abcc03b41278d946fa03519a439bcc26ef410ede6b6ebf03f,80071,"own hash, no publisher reference",0.571
changan,data/sessions/vin280.meta.json,md5+sha256,,md5:afb360c137730733a8cff95c644f0a3d sha256:7cf8cf86c659227b8a32778ca7f164e8b1a003a268e4cf4954addb31401bd34f,305,"own hash, no publisher reference",0.448
changan,data/sessions/vin280.parquet,md5+sha256,,md5:a482b4bb0908e829030461a490d242a4 sha256:5b05424f0c1d526736cbd1f7dbce0f40276ea1589ab61533c6f2a6b86e4499ee,32895,"own hash, no publisher reference",0.407
changan,data/sessions/vin281.meta.json,md5+sha256,,md5:1133af32e6ad3b50b44d28d03c1002ef sha256:80054edcd6544fd82500143df4af8f6b6ff6e51620619aedcd5389a8b035ad5a,307,"own hash, no publisher reference",0.517
changan,data/sessions/vin281.parquet,md5+sha256,,md5:17181a8f3837f05eb168d50ddeedb793 sha256:f6ea1071666b833e7ca3cc3c11bb0910a572f5f88f520e955574c004025f9317,61409,"own hash, no publisher reference",0.414
changan,data/sessions/vin282.meta.json,md5+sha256,,md5:d44e55b78cbc4485b69de348d2249c0a sha256:41e3d6a11a4989fa4caac870d245d9296ca07219719c1a74abc64c33add3ffcc,306,"own hash, no publisher reference",0.434
changan,data/sessions/vin282.parquet,md5+sha256,,md5:11ff589a913740d1992c2b8894b382ef sha256:19e692bbd3f80ce9b5e15814d095ce8ea27e5a59309a2e0e53d3a142152d6feb,63228,"own hash, no publisher reference",0.470
changan,data/sessions/vin283.meta.json,md5+sha256,,md5:49d51fe5c34484df9f699fcd1dbd355b sha256:d92d6b527b5a827e4919986e9437a37ac9e967b713aeaeb35684cc7e3c861b11,307,"own hash, no publisher reference",0.458
changan,data/sessions/vin283.parquet,md5+sha256,,md5:77da2667a2c469b643231946b2337fe4 sha256:37d56b43dcd0eceabef0d38b5befb2f01554826bf4001f7c5469be96bb18433d,56518,"own hash, no publisher reference",0.449
changan,data/sessions/vin284.meta.json,md5+sha256,,md5:38e4561d10ee94a3706021dc05259057 sha256:251466faf4f18a39c686627eb74e863ceb427a1c46794f9268a498eefc835ab3,296,"own hash, no publisher reference",0.557
changan,data/sessions/vin284.parquet,md5+sha256,,md5:63c82f0dd883553db98a9f5061f41478 sha256:3388898ffd98c8c1f24a6aaf82b9c8a66545723e089c68ee9466f0bfca1d0021,119497,"own hash, no publisher reference",0.483
changan,data/sessions/vin285.meta.json,md5+sha256,,md5:e90233d92646be8f866d59038e786fee sha256:29ed7ab76c4caa4edf5086c418e22961118f43dc63d9b3348476d4ad0f55daf1,307,"own hash, no publisher reference",0.593
changan,data/sessions/vin285.parquet,md5+sha256,,md5:8b277d7fdff576decc49abca79658283 sha256:1a995dbdd75a231cadd025cc4f460ce4cd34d3f43d3258e07d15823cf277a224,116949,"own hash, no publisher reference",0.414
changan,data/sessions/vin286.meta.json,md5+sha256,,md5:7fc965a10223d24b1efe811447b9e30e sha256:ea7bdcd91aad547bcb1ebbe7b938e112e1c8dec5fd287889952912989fad57ff,308,"own hash, no publisher reference",0.550
changan,data/sessions/vin286.parquet,md5+sha256,,md5:65a843b6e1d6aeb6324ef6f82e9a5711 sha256:fae78e90a6c0b5c9515b93c49dfa59372689855a8e82bdcfec9187a355473e9a,137237,"own hash, no publisher reference",0.493
changan,data/sessions/vin287.meta.json,md5+sha256,,md5:6f89c6cf3a240225ce9b6432acb2fda8 sha256:4dedaadc2c769331d792ce3c0327c814254d48be0f405b2ee125216f400dc9f7,307,"own hash, no publisher reference",0.639
changan,data/sessions/vin287.parquet,md5+sha256,,md5:874344610830f5cd7ce7887aab37748a sha256:eaf655b7e8c8524f17d4fbada60b1c06d0223be947b3cb6dac75db84b8e12e9f,142552,"own hash, no publisher reference",0.423
changan,data/sessions/vin288.meta.json,md5+sha256,,md5:c67090caa8705c17dd267e3a4c13d3a9 sha256:de96f4cdb80d40de75a64427947925fa961ca2aebf9a26ed68ffac824a3f4f61,307,"own hash, no publisher reference",0.473
changan,data/sessions/vin288.parquet,md5+sha256,,md5:3395c89bdc945aa67f25c872b8fd0038 sha256:a208efa1402fe2731d8f45e478297d52b7710970c7a8e0a8d6bae46c9f12682a,173181,"own hash, no publisher reference",0.455
changan,data/sessions/vin289.meta.json,md5+sha256,,md5:b77c537ac927f78eabf441916af8368d sha256:27c3f34e0652bfd63c3c44ff5f013c1dd3c0d165495f40c10db8d1626369096d,306,"own hash, no publisher reference",0.450
changan,data/sessions/vin289.parquet,md5+sha256,,md5:d4365e29f98feef07fc22eacb3b9aa1b sha256:3d6a1410e1fcc811d9546b667954373a02f117f954faeabc68177e83693b6ba4,111365,"own hash, no publisher reference",0.454
changan,data/sessions/vin29.meta.json,md5+sha256,,md5:efedee8c22a5b4b0094491d22daf93d5 sha256:ff65db980fbd63551e0c71a7516b27de402de4aa0bb675e5dfabc2dad97ef934,306,"own hash, no publisher reference",0.431
changan,data/sessions/vin29.parquet,md5+sha256,,md5:7e8b4e62f7758fea43ddce44262f075c sha256:fbc8b9161e9e2616aa7ad150cb8625d1ebe4a7fc0e9179a4d91f8b4d60805980,54230,"own hash, no publisher reference",0.517
changan,data/sessions/vin290.meta.json,md5+sha256,,md5:6299ef5b0d955e91de26a7dd4cff6498 sha256:78c70b596a9341a309e55281fc20acb3e5d06f27f0708d4fe934a9c5e02a7ade,306,"own hash, no publisher reference",0.437
changan,data/sessions/vin290.parquet,md5+sha256,,md5:b8881735bc4539a6e5b30026374cc7b4 sha256:a1be93caf957f4b2be5f43679c251e824e37613a09b0ad428a6b87095bbea821,93978,"own hash, no publisher reference",0.455
changan,data/sessions/vin291.meta.json,md5+sha256,,md5:929e81b0bc89c6d8fdee6dc76d3ea839 sha256:bfbede691004034200449ce2d0c9c91e057c6b0292284bd712b2e7e4f69be967,306,"own hash, no publisher reference",0.457
changan,data/sessions/vin291.parquet,md5+sha256,,md5:229b628af2dd8b8ab9e6af534374df00 sha256:4607e2d425945391d0cb2d09917fa75b699552b25ed3e41a570dc1b00b746a4a,153783,"own hash, no publisher reference",0.435
changan,data/sessions/vin292.meta.json,md5+sha256,,md5:f56343ebdf7676adefac5159f0e8008c sha256:883e9497105014a9dc7bcf4bc7dd9f86bf4be0eece543e958c9b6a26be373399,308,"own hash, no publisher reference",0.476
changan,data/sessions/vin292.parquet,md5+sha256,,md5:fa9d92fc6f74b9d7c430e56fcaf61248 sha256:fe678b4c66f578efd91339866139da08b9bf5e6a925a74727590c659f43439e4,87793,"own hash, no publisher reference",0.663
changan,data/sessions/vin293.meta.json,md5+sha256,,md5:8bb64c7c67d2d0e2b463688716fcb0eb sha256:092a10fff08708ca3957652def2e59e055b1bdef296a4f3992aad707218e9c34,309,"own hash, no publisher reference",0.380
changan,data/sessions/vin293.parquet,md5+sha256,,md5:a65442a02d6539f7b790e4d4933cc68f sha256:9d50a42f488aaa5be9fc7f74a13be99647ece053ed3163cfcabf1896e7511ace,136700,"own hash, no publisher reference",0.607
changan,data/sessions/vin294.meta.json,md5+sha256,,md5:838cb2e0f07dccf0e9bd7409aade1784 sha256:16754006e7d21f65505cffabc3451e19f4c69645860cdef9166a7406ed88aac6,305,"own hash, no publisher reference",0.422
changan,data/sessions/vin294.parquet,md5+sha256,,md5:42e695e8e461c55e4c540b4bb0e35b1f sha256:cb441038f60a260e5067dde010118926f918f844b3a4f31ae85481c98eaf5044,86908,"own hash, no publisher reference",0.483
changan,data/sessions/vin295.meta.json,md5+sha256,,md5:c04f7c546ff254943c8daefd3284f7f2 sha256:b3581cdf10ac5cc245e08a3058268b7d85556ff47d2928728b500466bad45f32,305,"own hash, no publisher reference",0.502
changan,data/sessions/vin295.parquet,md5+sha256,,md5:974f2e53fd87a07e448463c7878af2ae sha256:eda6d51d18b3e982df1182016157a2df16fffd0f9295bae665bc5352991ff49a,136303,"own hash, no publisher reference",0.515
changan,data/sessions/vin296.meta.json,md5+sha256,,md5:73d335d403a5a15f90e1573e30ed4d9d sha256:c622bf13eb747653c596a145c54c738f9cae79525b8380ecd35799dad5e3dd1f,307,"own hash, no publisher reference",0.424
changan,data/sessions/vin296.parquet,md5+sha256,,md5:38897f2804abfa01f4906ec094c3f8fc sha256:1a684b6f57218929a93b04af995a3237efee8be91bdfa73f46e72c7dc3e19f98,142831,"own hash, no publisher reference",2.485
changan,data/sessions/vin297.meta.json,md5+sha256,,md5:f523970eb62478f70dd9b2a94349eba3 sha256:0d94be9aeabeeaad7f70868d7fdf123fce1cbc2d06db364fa698a74ce7f23db0,308,"own hash, no publisher reference",0.492
changan,data/sessions/vin297.parquet,md5+sha256,,md5:e1285e976dc289211695b1c7b9ab0905 sha256:1e6c1ee7658f4aaef11f5081c3d24bd700d3278b6822147a9cfc18ac9bf0ed00,108007,"own hash, no publisher reference",0.578
changan,data/sessions/vin298.meta.json,md5+sha256,,md5:8ee10a85e121de12c2bab8470d382d8b sha256:98b39973da634bb8631302cea7effcadeb26cfe38b6222b1c1dc2b71155ef942,304,"own hash, no publisher reference",0.471
changan,data/sessions/vin298.parquet,md5+sha256,,md5:0c461cbbb9046d749c874e1a09f3abbe sha256:df195176c1dc9cbe5ae41a2bb7e6717e79684f170b06650fd1c50e74995c5199,123126,"own hash, no publisher reference",0.600
changan,data/sessions/vin299.meta.json,md5+sha256,,md5:c22d9b4a38d26b6dd83c2540d89963bf sha256:6b5db9bcb23f7d28e096e4f8e2bff117c81041b0bbeac197135d37920e7f201d,298,"own hash, no publisher reference",0.507
changan,data/sessions/vin299.parquet,md5+sha256,,md5:e49535c92340f384f637d0d67e0c6e51 sha256:e9a3c58f91523fd673463ff9704de3dc6d4df7a692cd8d07de37496bfcdfbf11,86744,"own hash, no publisher reference",0.650
changan,data/sessions/vin3.meta.json,md5+sha256,,md5:4d7b5dae68462954adbe3f68d5ccd649 sha256:b3283b495afba7daf7ec30ff73c3bfefd511f5121dbaa493dc28d36f012e7726,306,"own hash, no publisher reference",0.606
changan,data/sessions/vin3.parquet,md5+sha256,,md5:8bc6d5022e03e09a270688abd00bb037 sha256:aa5acbe55733936dca4dd0f203c369298ba604016be94ee00870696f3f5cbcd4,96662,"own hash, no publisher reference",0.450
changan,data/sessions/vin30.meta.json,md5+sha256,,md5:2c281e4c529e56bffd950a21e817cd35 sha256:f12a961ec9012514bca7629b5bafd0eb7bb5cb8bed8ab7b7ce040c6633ab52a4,305,"own hash, no publisher reference",0.428
changan,data/sessions/vin30.parquet,md5+sha256,,md5:8c610985dbb2a4b2f9a43a4a612422f0 sha256:82b7b4f1617ba3df0040cb85994840367d92d04aca9f91daaea087224360a462,77630,"own hash, no publisher reference",0.478
changan,data/sessions/vin300.meta.json,md5+sha256,,md5:c2530b676241b7dce3c8d9f4e1a76e6e sha256:33d5f2bdb6e81715ea4bdcd35607632803295df7b10ea51314b66c973f12a552,305,"own hash, no publisher reference",0.459
changan,data/sessions/vin300.parquet,md5+sha256,,md5:009f87ac2ffaf3ceca595d76e59c6631 sha256:967a261cea2fd8d8d9f3d35a94d9ac8477c633965569669fc76af292795db4e8,137570,"own hash, no publisher reference",0.489
changan,data/sessions/vin31.meta.json,md5+sha256,,md5:c6a55cb320d268dffcce308c31ef7f77 sha256:e30828be1251093101332034f4ee265ed346256336301ee537116e000849aa5a,305,"own hash, no publisher reference",0.502
changan,data/sessions/vin31.parquet,md5+sha256,,md5:346287f39ec567900b99359e8c282cbe sha256:6dc9e1181d4020a3eff8332366a3d0ff1f2495a07e06a4cc0ddd5b94370122ca,76574,"own hash, no publisher reference",0.429
changan,data/sessions/vin32.meta.json,md5+sha256,,md5:940460eff2ea3586e0eee771bf1c6c25 sha256:65183d06bd78e6807dc995c851201013c9b3af25a7786a9bce39125f23dd8684,307,"own hash, no publisher reference",0.643
changan,data/sessions/vin32.parquet,md5+sha256,,md5:3b40c2453f87cf36af6d0d0715c40c91 sha256:7a498c9d806178cf37bf2ba807a10ffc9c613dea699403ab210b865a9174905b,139878,"own hash, no publisher reference",0.497
changan,data/sessions/vin33.meta.json,md5+sha256,,md5:d51a65d218bb3062f3a97ef7d3200afc sha256:25bb670372d54ebabd478cf02fbdb11bd7f53a6c0349e419c112559415faab76,306,"own hash, no publisher reference",0.623
changan,data/sessions/vin33.parquet,md5+sha256,,md5:6cc537a0372c00f0ccde3569144b273a sha256:089dc049161d627b07f4374f462ff71fca601f4aaaa1d3141f644624ae0b44dd,147098,"own hash, no publisher reference",0.415
changan,data/sessions/vin34.meta.json,md5+sha256,,md5:b5f33f533f9951ec831c92b96c5092a0 sha256:1e4c00fb2d6f43805566732605776fd204fb4c2eb12432481561c4bec6fa72b3,307,"own hash, no publisher reference",0.503
changan,data/sessions/vin34.parquet,md5+sha256,,md5:948dc4ad976f8d24c0ad1a15381b407e sha256:f92b302fbf6a06ebe15d17a56ce313f4f3d621e6dc2e5a102dd7dc96a1ec9cca,151611,"own hash, no publisher reference",0.530
changan,data/sessions/vin35.meta.json,md5+sha256,,md5:6b760fc3bce847c974bf946f8d0ca8ff sha256:364754d45819712b54aae774121782050b19d7a41d8ac0a711a446fb6ea929d5,307,"own hash, no publisher reference",0.743
changan,data/sessions/vin35.parquet,md5+sha256,,md5:13d35f66cc3c038027485edc2c3744f8 sha256:48f267623380b145adbddd1762c87d69f05e7aa88b98678775e69f1334fc49c9,110800,"own hash, no publisher reference",0.448
changan,data/sessions/vin36.meta.json,md5+sha256,,md5:45528c2805eb8b03619a5af78e327b86 sha256:3555a681b6c11eb5795b5029920e651d28f43775950726546d2499611d8e2a3e,304,"own hash, no publisher reference",0.433
changan,data/sessions/vin36.parquet,md5+sha256,,md5:897945e37faf2396d9e3fce3dafc1fde sha256:1ea1ab6800e65f50e5fc366009d955c1ca7cbfe432294bfe19d5029e8559a5dd,119360,"own hash, no publisher reference",0.454
changan,data/sessions/vin37.meta.json,md5+sha256,,md5:2bfe732322caf30783427cc6959dbb6d sha256:f1fd7e9f2aeef774e1dd13142819ab730f914f1fc93f964f239b468e3fd54c09,300,"own hash, no publisher reference",0.500
changan,data/sessions/vin37.parquet,md5+sha256,,md5:97756aee615f58a3cf67e2a4944d008a sha256:75be26b7953adde64960e34eddfaba887cb18d37cd2bc86d0b4bfe254eb96b91,142404,"own hash, no publisher reference",0.449
changan,data/sessions/vin38.meta.json,md5+sha256,,md5:f0ec085f0ec4beb821b130a5cc35c4a2 sha256:128fbd58ff6d6940fcab5df160725f76ff5c834f27ea579f6a7ecb4aa02c5e3e,309,"own hash, no publisher reference",0.479
changan,data/sessions/vin38.parquet,md5+sha256,,md5:9b56f02e3b17a0482b474e7fcfb4b523 sha256:93d808271b629d2eaa7baedb6cf2578c90da5e1b8c9eca8acb21b62f4e91f71b,135112,"own hash, no publisher reference",0.470
changan,data/sessions/vin39.meta.json,md5+sha256,,md5:7d9baec2d8b9772a90db8ace8ae06e5f sha256:b26ebd07a87cb73048caf0fd0130a965587a6f45d2f50d0f68c3968101e620be,306,"own hash, no publisher reference",0.477
changan,data/sessions/vin39.parquet,md5+sha256,,md5:30c4fd1573b9556410ea3ad433e151b4 sha256:0c811e11e2c932456987cbbe41b53a22ef303fd00d5477433b79df776ba50e47,115145,"own hash, no publisher reference",0.443
changan,data/sessions/vin4.meta.json,md5+sha256,,md5:2ebd71eba43b56ad7e943e6221c3eca5 sha256:a4b4077b314b1f3ae34a441a1d1a18267a5406a9d48781f4a340a33438e044a6,304,"own hash, no publisher reference",0.559
changan,data/sessions/vin4.parquet,md5+sha256,,md5:e0780a20781f4e600ac57ed51245b7b6 sha256:6ed5615dcab6623db3815da97b72e352e83180c533ed9609bfecf0e88e03e536,84501,"own hash, no publisher reference",0.407
changan,data/sessions/vin40.meta.json,md5+sha256,,md5:12838383c82c3e8384d17220508972bc sha256:7ebf172b1b0530be1e77c7dab2e6f6a41c1f917becf04374cf3eb835c274db57,304,"own hash, no publisher reference",0.452
changan,data/sessions/vin40.parquet,md5+sha256,,md5:f3603cefd038991677f43956b640885e sha256:8bd76a460da653485c40376c13d6934b079a36ce5e282e5fed7844018a75eade,81000,"own hash, no publisher reference",0.443
changan,data/sessions/vin41.meta.json,md5+sha256,,md5:aa40d668da6017de93de73ad254193ac sha256:eb5b48e8ac7db22da34f365a4191e5b374ed2f6efb006136313333be0c69c8df,304,"own hash, no publisher reference",0.432
changan,data/sessions/vin41.parquet,md5+sha256,,md5:9045ebc590a5a7dc18781c328f5104ef sha256:4782bf17c638222d7427aba4817576c0575d659acb4d758f9e51412ae2267adf,101489,"own hash, no publisher reference",0.421
changan,data/sessions/vin42.meta.json,md5+sha256,,md5:65942c1e42542c9f00213f8b954cf931 sha256:323c0dc04ec96c914e15d93dd36bf6f0f7a8dbe1cb661aae890d851aab5c8441,303,"own hash, no publisher reference",0.430
changan,data/sessions/vin42.parquet,md5+sha256,,md5:e6288fc9b6a3f4d3610611bb167e10ca sha256:08c766640a3ab574e6bd4c85555e933fccb7c1b5e54f26ebda685dcfd2d4c117,73019,"own hash, no publisher reference",0.759
changan,data/sessions/vin43.meta.json,md5+sha256,,md5:61d66edadbe5d880d2b9f6fbb33557ab sha256:92f30cd30ab10000a4859877352bd3cd67f3631306e165499a600df710b111dd,303,"own hash, no publisher reference",0.588
changan,data/sessions/vin43.parquet,md5+sha256,,md5:682d8db8161c6068a805699d76061269 sha256:279ee37fb9b4e893979522150c2da8916b1e841b7fb7e33d0a51c7c79ba0ed3a,78948,"own hash, no publisher reference",0.486
changan,data/sessions/vin44.meta.json,md5+sha256,,md5:536bdb4a416ba8ec4f8205345cc651b3 sha256:0c179a47d7fe45406086d700205bc44d8e72c09fc9e690af1ad3bca02abe2aad,305,"own hash, no publisher reference",0.444
changan,data/sessions/vin44.parquet,md5+sha256,,md5:42f15ae8fefd93cb8e737b83106c0f30 sha256:e063e3eba46238445ea809e2d7f2de10453e7452f597f0d2e80cb28b77e87913,74614,"own hash, no publisher reference",0.403
changan,data/sessions/vin45.meta.json,md5+sha256,,md5:627a194d7affd5afce05ce45151efe5a sha256:4a57035db1bb109662d5cf99925a19589ba8956c53295e3ee8b6d1836cf6df6c,304,"own hash, no publisher reference",0.433
changan,data/sessions/vin45.parquet,md5+sha256,,md5:5e880ee681cb49afc56949abd9b26add sha256:8a522a63427c9baa895574ef30ce0ecf94caa56f7850d869eeb225b9d6b28220,76103,"own hash, no publisher reference",0.673
changan,data/sessions/vin46.meta.json,md5+sha256,,md5:6dfebf833190c719476934a3c359845a sha256:1a328a6f800e2ad773ef21e8002c014f2f6d402735f59a5547a02236ac959207,299,"own hash, no publisher reference",0.458
changan,data/sessions/vin46.parquet,md5+sha256,,md5:1fdbbe5f12788a9f111a47286876e249 sha256:41dd973c6082e716efb806bd337089268e26ab65498402d8d59b5197abd1a877,54190,"own hash, no publisher reference",0.442
changan,data/sessions/vin47.meta.json,md5+sha256,,md5:bdb627235d2efe52f97f01b6edc7bea4 sha256:83b5d5c46b11f3c412938b79a9bd4345106af68b1b71e5a030e71f5b504835d6,301,"own hash, no publisher reference",0.489
changan,data/sessions/vin47.parquet,md5+sha256,,md5:4afb4d42ae66ceddf5aef6aaa1e117ce sha256:104274b6181e0705fca1ea66c552ecfec6c11e85a11b15dc00a6bed72bbf6128,59163,"own hash, no publisher reference",0.465
changan,data/sessions/vin48.meta.json,md5+sha256,,md5:fcbfac9c7fc100fd7cbdc8dd2183af21 sha256:a0de5b891530d93013782d9fb71b3bbfce19f90d0632442f8d7c812a5c499dc5,301,"own hash, no publisher reference",0.467
changan,data/sessions/vin48.parquet,md5+sha256,,md5:6e201e8172ec2402c678efe9679b2225 sha256:5cbeac82cf6dca19fefea4e01cdbcdfb313281c466900559a4af762c2bb227c0,62007,"own hash, no publisher reference",0.542
changan,data/sessions/vin49.meta.json,md5+sha256,,md5:9eec42df2aefdc1f28482c979da7c7dd sha256:1df8142817054db6c00b473557e48be31cd5f9a935328a4e491fab781b36c49c,303,"own hash, no publisher reference",0.470
changan,data/sessions/vin49.parquet,md5+sha256,,md5:1015e9a4325fe395c51f79efb52d2aae sha256:54e390876667c07a250528a15be49891658ba962be10125b0ba8990310384ae7,115570,"own hash, no publisher reference",0.459
changan,data/sessions/vin5.meta.json,md5+sha256,,md5:602ac94a808853ca82639d0ea9f987ee sha256:1ca2da2a92214f2f5046a21546106db597d6b8658ba348eea6e89641c85bdb3a,304,"own hash, no publisher reference",0.614
changan,data/sessions/vin5.parquet,md5+sha256,,md5:9759b1ffecbd28718c8f997d8662d027 sha256:a727977277a4a6704856c29623822ed1750bf205d8aab65bbe46251411511e78,95912,"own hash, no publisher reference",0.422
changan,data/sessions/vin50.meta.json,md5+sha256,,md5:efb3a407eb5dda60e300a1c5772ece16 sha256:e20d935aa08aaefd747608af94f052dc0404d4cc938b5529ea2d5c4d12fc4361,302,"own hash, no publisher reference",0.453
changan,data/sessions/vin50.parquet,md5+sha256,,md5:4da3ec2120d3d67e96f94fda4a42419d sha256:062118764c82d4fea1f24ba901b543e1c18d5009efbdb64f5934eeedde3a13f9,65339,"own hash, no publisher reference",0.455
changan,data/sessions/vin51.meta.json,md5+sha256,,md5:25c138de58fcaa87d4154987ea1d6cf6 sha256:56199223a3d5c95636216d9dc1e6afda795484cfc5ca53f93b8d31b4bf034b7e,306,"own hash, no publisher reference",0.480
changan,data/sessions/vin51.parquet,md5+sha256,,md5:8dc1e768b8dd1b8740b40e8599987942 sha256:46ed3565274f04fd3140856e21dcd9120d3103cf2b36ff9cbadf634798f4afd1,98219,"own hash, no publisher reference",0.391
changan,data/sessions/vin52.meta.json,md5+sha256,,md5:d383a1d12e435998e5307605517ab711 sha256:19ccb38abe3001309b3d0a0305b3d533bc0d86e5115a6a60a4ac986195649899,306,"own hash, no publisher reference",0.452
changan,data/sessions/vin52.parquet,md5+sha256,,md5:48f6f4c2cb36459f9916f76832a35b78 sha256:6dd0382be10a6c69d23ea94677c2df1a2c561bcc66a02b16ce4faeb25b365939,187773,"own hash, no publisher reference",0.398
changan,data/sessions/vin53.meta.json,md5+sha256,,md5:9a91d1742edb65b20378548fa5370691 sha256:196e4b6623b928807c4f8f94cbbdafebf36d6b51fb62b7c552841824a9db2d5d,302,"own hash, no publisher reference",0.518
changan,data/sessions/vin53.parquet,md5+sha256,,md5:c8a422d077edabd141bcdf6a4be81054 sha256:3ca3526459fb1c3583a255159fc71ac9fb8f1a093050c4f47bb982e1c53716f1,35102,"own hash, no publisher reference",0.456
changan,data/sessions/vin54.meta.json,md5+sha256,,md5:88e3f41b256d650c525a37e3f6487ce6 sha256:6a7fae7f91d7feba1ae6ac85b1c800530b606a5bebb56407fed2eb43ee4f8a3a,307,"own hash, no publisher reference",0.435
changan,data/sessions/vin54.parquet,md5+sha256,,md5:c97776afd3a29dd32417e3bf6f7fd83f sha256:57c80bb1455bcbc3e47355e4bd6d62af1c2ac8a3eca0822767a7316d32e89f41,96452,"own hash, no publisher reference",0.437
changan,data/sessions/vin55.meta.json,md5+sha256,,md5:0e8d274e45ec04fc5c2779288a4aab49 sha256:4ed9da7fc4b533b044d7c06042260f7ad9ffd41211202516edc26f81e31ba18e,308,"own hash, no publisher reference",0.646
changan,data/sessions/vin55.parquet,md5+sha256,,md5:7b4ab9c5f08d6a75a776abcadec82c59 sha256:2ad70fdec62fc5d4758729748389332deef5ad283c3ece7348c65212f2d981aa,131801,"own hash, no publisher reference",0.557
changan,data/sessions/vin56.meta.json,md5+sha256,,md5:c75a853c8acbb76b00f183fa8d47a052 sha256:95fdb3ebfb70a836cacdefc9149f2dfa7d25248f7deb604a809836eeab19b20a,307,"own hash, no publisher reference",0.494
changan,data/sessions/vin56.parquet,md5+sha256,,md5:e7eeb0f6289f1b6f6fb8eed3aec8fa27 sha256:241841009810fd3ae31afb24d3edfaaf79bb4acc36c22c0f675b0abe8172d59f,84535,"own hash, no publisher reference",0.482
changan,data/sessions/vin57.meta.json,md5+sha256,,md5:0ef927827bc714e19fa532fd13cc7c15 sha256:e8496d445037b55d7dc0649057f10fc3b9eb673071ae7ded2634c1482f6dbe94,305,"own hash, no publisher reference",0.458
changan,data/sessions/vin57.parquet,md5+sha256,,md5:3516f68fd3a545fcf535d7980fd2f877 sha256:92e8bc2c70d3a93dead489ec522e041f299dc864caac092b8fac5f4d2ecf9190,79263,"own hash, no publisher reference",0.492
changan,data/sessions/vin58.meta.json,md5+sha256,,md5:6d9c91598317110a9b116674c28c250a sha256:04c9be0f90e6d555f69de8fd957a3b94d153147c04a90f040f2e8ccae198587c,303,"own hash, no publisher reference",0.508
changan,data/sessions/vin58.parquet,md5+sha256,,md5:5dd3cd07ae5bad66aa41a2e70e4678d3 sha256:19b209cdd4db1060a23d435f43ce165b7559cc7697f1a38ee08fe7a4d92d368a,44325,"own hash, no publisher reference",0.493
changan,data/sessions/vin59.meta.json,md5+sha256,,md5:89e998d0f9d8164bfc44a87eb362a4de sha256:05c635b0d97811d84a185ddbfa82b71bfb1cab71906b8b357fb0e25b6296953a,306,"own hash, no publisher reference",0.567
changan,data/sessions/vin59.parquet,md5+sha256,,md5:f8b9d1254c783b06c1799b3829eb779a sha256:41a3ffac1e9857389c553cf540725ed4ca2335baf7478770dcc7498d84fe1029,79711,"own hash, no publisher reference",0.540
changan,data/sessions/vin6.meta.json,md5+sha256,,md5:0270967d92fb8e1122739ee29e7e12eb sha256:78fba6514efd16a5fdbcb8d9d8e12f175fb67ea779558fb57370e84ad1b9f49e,304,"own hash, no publisher reference",0.499
changan,data/sessions/vin6.parquet,md5+sha256,,md5:b6ab731950ceb65e4fa93cba601e9d06 sha256:e7ca0e3a7b310b2dcec38295bdab19e01107b789f1d225d7d6bea40128179531,164467,"own hash, no publisher reference",0.500
changan,data/sessions/vin60.meta.json,md5+sha256,,md5:aa8080ac6d961ba67403806a07133b9e sha256:a00acac73180e5a2afa2fe1ac571ee71fb95971aa6aaa5b12f4c4883bf2ad337,305,"own hash, no publisher reference",0.470
changan,data/sessions/vin60.parquet,md5+sha256,,md5:53285890e781f1202d642c9fb52c453f sha256:a19c4febebdc89c37b50b4b777ce3466660c1ad72b0567aba892855c85abbb8d,77161,"own hash, no publisher reference",0.578
changan,data/sessions/vin61.meta.json,md5+sha256,,md5:87e2319c5b3fc13a07920a47ee2e54df sha256:65684908d670a1037b81dacedc6cec1cc1bad534290b6ab257707bb3ce1d23fc,306,"own hash, no publisher reference",0.514
changan,data/sessions/vin61.parquet,md5+sha256,,md5:09d1fe8ba139ff6190486b944cfc1892 sha256:543409dfab46d9b4106f61ca8d1109c32afac5b13fa72392a2b554a048c361ea,84979,"own hash, no publisher reference",0.478
changan,data/sessions/vin62.meta.json,md5+sha256,,md5:675184288e0e834b705b6755290f3d69 sha256:c5b37ba7ab3c62fcf50db97567c6926a523778e1e78cddf6167ae0ddb66efbd5,307,"own hash, no publisher reference",0.474
changan,data/sessions/vin62.parquet,md5+sha256,,md5:796a74403b7da2101f01464ce7fe9fdd sha256:2a16e6fd489a9aee0216f3f1ff33b3e2bfa23930c4f0e5cdc59dddd4681f4286,116067,"own hash, no publisher reference",0.483
changan,data/sessions/vin63.meta.json,md5+sha256,,md5:8998e60d32c8e7246007f7817762a852 sha256:7c72682f5c832f25198b7ab6c44be39a28b6d65f20d3e5a05aa0dc8163e26c7f,306,"own hash, no publisher reference",0.469
changan,data/sessions/vin63.parquet,md5+sha256,,md5:b97e0e7008d0dd53d040447d30dbac8b sha256:49baea1605dbae718cc9ca85666df25ffb292160630552907a5cfa9ef12a23d6,139538,"own hash, no publisher reference",0.439
changan,data/sessions/vin64.meta.json,md5+sha256,,md5:5e38ff72f2bcdeca5b43e3a2718f7b0c sha256:306cd3224da95e1b2357cfb3639a980122d6128ee20276b389063dd180b02adb,306,"own hash, no publisher reference",0.486
changan,data/sessions/vin64.parquet,md5+sha256,,md5:7f00066859df4f3f014a8d82734d8860 sha256:501db9f077ad744a48349ea8877ef6a12fa71806b42fb2b5a749b552763bc32c,65965,"own hash, no publisher reference",0.564
changan,data/sessions/vin65.meta.json,md5+sha256,,md5:5bd51445e925225bad381f3247a3d90c sha256:7682c51c1d33611d1bc78e1af8baf3a94435a1a10702d2c36c87b383857b1325,306,"own hash, no publisher reference",0.468
changan,data/sessions/vin65.parquet,md5+sha256,,md5:134e69f4c70b399903221c66d256bdd4 sha256:7b5bd3981adc8ab21b5bbe1dab305dbc74851b9e934a6972678e0ba8506e2676,148766,"own hash, no publisher reference",0.420
changan,data/sessions/vin66.meta.json,md5+sha256,,md5:e96eada988f30bf37178c6916cc4b5c0 sha256:84ce603959cffcb71bf4bf2469010f35534963b47b7cf605f72dcf3147a224cc,305,"own hash, no publisher reference",0.421
changan,data/sessions/vin66.parquet,md5+sha256,,md5:61ff5bde6775d3fec2ac00b5d4879cff sha256:92a9be09853667cca53ddb2d6eb589bc8556bac258b021ad60900630c82886dc,157427,"own hash, no publisher reference",0.442
changan,data/sessions/vin67.meta.json,md5+sha256,,md5:148fd7633104ef27024899200f2d00f4 sha256:2f98e6018e045b97e753c52d2f8e90bb7073c9a5691fb9e784af2abf2b157145,307,"own hash, no publisher reference",0.538
changan,data/sessions/vin67.parquet,md5+sha256,,md5:e2b0cb71eaced4d7f0ed85f989be5000 sha256:cc07d4baa215c9c51d576ef8d86fec9341897c3ec812684d48994d67cf182354,100687,"own hash, no publisher reference",0.415
changan,data/sessions/vin68.meta.json,md5+sha256,,md5:8491e4b07ddf12de36f2080d7bf3286d sha256:8ef19050e6e593b1764c7a7e0cf0a05e4198dfde1a1283aa2727b4aa25b96ebb,306,"own hash, no publisher reference",0.531
changan,data/sessions/vin68.parquet,md5+sha256,,md5:cb4c937006d2622ce5a0dc6015f300ed sha256:5a234c092699e2ca1b1f9bba9a8964b1c1d34bfa3ac8e404f9bb38d353d37eef,159828,"own hash, no publisher reference",0.498
changan,data/sessions/vin69.meta.json,md5+sha256,,md5:b4c0f915c24731e638ec3f3cbc55f288 sha256:10799aee21edd66b544575dea10df835c32c518aff77287c056eab221ed1328a,304,"own hash, no publisher reference",0.485
changan,data/sessions/vin69.parquet,md5+sha256,,md5:0227deb4111907a7ea370ea88c1b4147 sha256:cdbc69bc235cd518a573fbff4c30bedeb56618da75a5de187a3273ce8f86776e,83633,"own hash, no publisher reference",0.491
changan,data/sessions/vin7.meta.json,md5+sha256,,md5:aa6b524bffed6c712eaf4b8e14d85c0d sha256:d3663276f7959860d4b8c47ea39f7b3278d8ed955b69d8a959b8309f8fe6f765,307,"own hash, no publisher reference",0.475
changan,data/sessions/vin7.parquet,md5+sha256,,md5:aaa8793cb81a7f7833c72d01d40e48a4 sha256:af45cbefa1e86f0fcd33d782db0342bea323cdc0fc65f246b58d6edc7535bd09,172577,"own hash, no publisher reference",0.568
changan,data/sessions/vin70.meta.json,md5+sha256,,md5:2db868127c116fefbef10a80e9cdde45 sha256:5958957d813ab257bd03e1542a808fa9d759b702e40eba4528e9f473d8c6dde4,308,"own hash, no publisher reference",0.439
changan,data/sessions/vin70.parquet,md5+sha256,,md5:f00422a50a53139800c44633c9bdcc67 sha256:cb95a434b9e459f7e2e4c0c601920df6dd1160f961dc86c2eb3b91787c0b3315,119350,"own hash, no publisher reference",0.569
changan,data/sessions/vin71.meta.json,md5+sha256,,md5:b55d0e94c1300f6b0e7d78c597562f49 sha256:2b9aa6da18426e53e571c5f6fb3ffa6d32b38787734514d7d3b4940c96a32ab8,304,"own hash, no publisher reference",0.411
changan,data/sessions/vin71.parquet,md5+sha256,,md5:5cfc23281e1d8c890f4c6b27d07418ec sha256:472cfcd03a85d2c7354e5b66d0b1351389712a1890aea1640878260842495bf1,125229,"own hash, no publisher reference",0.418
changan,data/sessions/vin72.meta.json,md5+sha256,,md5:0f6206f7c046ca4f8ca9622c50680453 sha256:fcc56cea0e3db3091ff9089edd57bfffbf3a1ea14ac4257ae5be695133731413,302,"own hash, no publisher reference",0.526
changan,data/sessions/vin72.parquet,md5+sha256,,md5:22e83ca2d155eb209db8bd4431dde651 sha256:174386a5ccd3895696e2af91e55d116b2bf68a61c998dffda2db729bf3e02694,86565,"own hash, no publisher reference",0.437
changan,data/sessions/vin73.meta.json,md5+sha256,,md5:d8b72ad8e7daf9cfde3fcdd99a6c162d sha256:d9e69bfd9208fd5c66fc0946e434356439d929f1eb22e297cb844a8aae373205,302,"own hash, no publisher reference",0.410
changan,data/sessions/vin73.parquet,md5+sha256,,md5:afb0809858061ef4a94198ad98687591 sha256:88c25778d409b52d2b1a558cbe4ec3aff39d19f714bb5fee48b3c2ea70ebf433,104906,"own hash, no publisher reference",0.469
changan,data/sessions/vin74.meta.json,md5+sha256,,md5:161b385808f6a05a407c2fb041df0a63 sha256:97fe581b6d1f409a626ce1faed4b9e933c99acda80d705aace790d5eb7955207,305,"own hash, no publisher reference",0.424
changan,data/sessions/vin74.parquet,md5+sha256,,md5:017ea951a3be0497f734edd6c801943a sha256:b0a296e1f0fb5a17d099ae06184cc4385ac24bbfbd5e84524392dec2765fa35a,97518,"own hash, no publisher reference",0.736
changan,data/sessions/vin75.meta.json,md5+sha256,,md5:0bad05decc80bb76ee73bcb1baca03da sha256:0c71100bc5b12240d046b08cb352fa097f14df6317e736c07e35ffe152761ca9,302,"own hash, no publisher reference",0.603
changan,data/sessions/vin75.parquet,md5+sha256,,md5:e404abff56a97aaaceab30091ed6bdcb sha256:0e2f7089fc073677f1eafcb874e8b6540ebf1ed7b09d8af84bdcf748c7f5eab8,65064,"own hash, no publisher reference",0.477
changan,data/sessions/vin76.meta.json,md5+sha256,,md5:b1a65589bbdd598c0c3a9e9f12e60bac sha256:6e8aaa517bcb684df7bf29ffffeca29a64a33d6ca62ed632e6cb3fc76c0623f6,303,"own hash, no publisher reference",0.478
changan,data/sessions/vin76.parquet,md5+sha256,,md5:574728a947049fcfc4ce10ebbec209f8 sha256:755a349f360e5aa44e6b99def73442ca93e9b16c98867b24756908c60bb8060a,86256,"own hash, no publisher reference",0.466
changan,data/sessions/vin77.meta.json,md5+sha256,,md5:3e70c5cc2337004934457e9c53320c18 sha256:9ad8e4dba8196837aca09a0315c3db322ae788f94fff294aab339ad4955f7feb,303,"own hash, no publisher reference",0.484
changan,data/sessions/vin77.parquet,md5+sha256,,md5:80d58db85bb44bec8d29be89d536c07d sha256:d16cf37ad9d781e78152d6b063bece6f6a8f12f3d540148a10fe27b79d36014f,108519,"own hash, no publisher reference",0.446
changan,data/sessions/vin78.meta.json,md5+sha256,,md5:56a6cb5c6379adaa146051e2113dc629 sha256:6a6d5e23b6e1272e68b7e8855389b21297dc95982f21c3552f51dcdd14a1d3e7,302,"own hash, no publisher reference",0.491
changan,data/sessions/vin78.parquet,md5+sha256,,md5:4932072d5c516b0e7af63ec30047e5b0 sha256:94e8c5b0a96252200f8453c566c500f7f03274263c3c9dcbb454cc56fb56a828,79188,"own hash, no publisher reference",0.676
changan,data/sessions/vin79.meta.json,md5+sha256,,md5:79f771c9708235ad4614ba3e0f6d49c5 sha256:a4c54ec7f5cf98ef0b9d54f082ccf6bef939d94738492d7403bd1fd791b132f9,303,"own hash, no publisher reference",0.527
changan,data/sessions/vin79.parquet,md5+sha256,,md5:3aa167d1358d5385a0fdee9bb1fccc48 sha256:36ae8a9cb5e9b7c73d2e598f101e3d15ff1c1eb0e30b4ec747dbbb5cf77dd179,91140,"own hash, no publisher reference",0.434
changan,data/sessions/vin8.meta.json,md5+sha256,,md5:8cb751a736839b3808333fa267cd5487 sha256:857c43e41bb929c1081aa8ae56db028de06efa48c67a022498aab2f3b941fde0,305,"own hash, no publisher reference",0.453
changan,data/sessions/vin8.parquet,md5+sha256,,md5:1260e65e86ef6d41872cde50ba6b5957 sha256:a178f5e96660e4dac65b12013277aabb44e1dce295027165a59a41b36ca61a80,86652,"own hash, no publisher reference",0.606
changan,data/sessions/vin80.meta.json,md5+sha256,,md5:842af1492c9d7f7f7f7a8dd63c72999f sha256:d69f9cb181eda4214736e8f7b9bd31afe1e58a7e1fedaddfeed683b5728966d4,303,"own hash, no publisher reference",0.473
changan,data/sessions/vin80.parquet,md5+sha256,,md5:d3f5f6ebf235f4be87daf9de089edab6 sha256:4cae106f2d237c6fdaa603be94fd51b0bb8e2b89d27a6b21b28bfe348baf44b6,82132,"own hash, no publisher reference",0.477
changan,data/sessions/vin81.meta.json,md5+sha256,,md5:cbbd41da2eb6acbde00bad37f7204338 sha256:390769d5ac9dc8fd063d41a928c8ae4a26ec90fcc2709f5d728e48425f00c359,302,"own hash, no publisher reference",0.481
changan,data/sessions/vin81.parquet,md5+sha256,,md5:f2ab817185b6fa18de89f76a8439cdb6 sha256:c5648ca95f81f1fa7738f64576a7115a9a41004c564187e9ec4f57574e68cb6b,67461,"own hash, no publisher reference",0.467
changan,data/sessions/vin82.meta.json,md5+sha256,,md5:cdf3b56164a824ec29229bcb5592a67d sha256:2c6561ec7d29cb96ab1d8ab3870f5f2a4ab81661c9570408f96fc7545fa7742c,304,"own hash, no publisher reference",0.460
changan,data/sessions/vin82.parquet,md5+sha256,,md5:fcceb1f79f7ed1bba792767f630749ed sha256:e06e18db3ff395c933cf5716d9b169d1f9aee764e8a8995048109b419fb53fcc,63685,"own hash, no publisher reference",0.427
changan,data/sessions/vin83.meta.json,md5+sha256,,md5:5e336fde3d79dee00dbb12e722d4cbb4 sha256:32e9bf475246248bbe7e873af5fcddee978ee15480d6f85a505680ada2aa1f65,303,"own hash, no publisher reference",0.446
changan,data/sessions/vin83.parquet,md5+sha256,,md5:58224751375dad70b8e49cc18caed817 sha256:0e2a72253760f115e07cb1d222a59262d9cfdea646c63c76eec9b622dc24e7c2,72427,"own hash, no publisher reference",0.418
changan,data/sessions/vin84.meta.json,md5+sha256,,md5:4c96da309f6e516f7c2199de3acfae3a sha256:6a9b079b3ecd12570bd40f554a92f65f1198008355ebfaa9a571ffeb81abaa3d,306,"own hash, no publisher reference",0.513
changan,data/sessions/vin84.parquet,md5+sha256,,md5:32a93090be1dd21bf5d87815ad4ac4ed sha256:739f58aa298a6abf51bf00e2a86b538633b2a8b6b3baca0b13cd57e8ceef9b1f,159381,"own hash, no publisher reference",0.493
changan,data/sessions/vin85.meta.json,md5+sha256,,md5:3d2c64ffc9b9935b2b7f7d13778f27c5 sha256:4f9d5c383eb56e676aed70acb64eabf19307149cd56f392436da87df41ffb268,305,"own hash, no publisher reference",0.684
changan,data/sessions/vin85.parquet,md5+sha256,,md5:946f6e2c8b867959a26ae796610be9c3 sha256:2e57b8316f8bf56b6f436566b208fad885f2fe3ae8251341ec15de6c632e0cba,57308,"own hash, no publisher reference",0.457
changan,data/sessions/vin86.meta.json,md5+sha256,,md5:50366a33a6a288aa174421fdf4162fef sha256:13fcdd73e9300699f1749cf0d5d58c81cb460f4ecfe732decbf64f4c42ac319a,308,"own hash, no publisher reference",0.456
changan,data/sessions/vin86.parquet,md5+sha256,,md5:6ff919450a1dfff7d00e541aa4c006e5 sha256:5ca68e45a03916a2c2ac2a1160581186cf0e43b7f5332aa70dfef9717b4e1681,103473,"own hash, no publisher reference",0.620
changan,data/sessions/vin87.meta.json,md5+sha256,,md5:eca962399f65836a6191eff02c2ff5f0 sha256:1a38f4f49cb8a580ad150b8836f47822be85e058eabf5fef09e0343672cd19f1,305,"own hash, no publisher reference",0.473
changan,data/sessions/vin87.parquet,md5+sha256,,md5:30a280ba0f0fcaa4f68201d226b9708a sha256:a64cea1f2c4d1d77e7461e2fdd21d18eb795aa753b9bf2e9240c0dcb51b5340f,75650,"own hash, no publisher reference",0.525
changan,data/sessions/vin88.meta.json,md5+sha256,,md5:84498b9474e86f9c05d81de19815f344 sha256:4be343c116705dbb9fe6e011b7d7b3580228e16108aa2c3e06a6af682607c9c7,308,"own hash, no publisher reference",0.465
changan,data/sessions/vin88.parquet,md5+sha256,,md5:4d15d2ec4c02fae1aaf573a653e3cdfc sha256:7129b50dd1f82e260a8ca5b88c198648624508d3f5db08bb353da8e2a3dc2c9e,60698,"own hash, no publisher reference",0.399
changan,data/sessions/vin89.meta.json,md5+sha256,,md5:aeccfaa0dc503d7f9e0e5c9cc7de624b sha256:15dc029d77e8077c94e93e150410a030f9204e097f0ce89f867241d7556b2d0b,307,"own hash, no publisher reference",0.439
changan,data/sessions/vin89.parquet,md5+sha256,,md5:2f3f623cfea6a12f2cb31382dd204057 sha256:bf51e51d68783f7166b37f7c1dedc80f52a5ee62ab51c0645d88ca2138897315,74566,"own hash, no publisher reference",0.642
changan,data/sessions/vin9.meta.json,md5+sha256,,md5:05d5aaeccecf93b5af432a7dfb07de9e sha256:be194a26ff5287770c1951553c51eb8f37d8de380b041f0633513399603d3c79,305,"own hash, no publisher reference",0.700
changan,data/sessions/vin9.parquet,md5+sha256,,md5:5905b04f60364df0bf11ee867df3606d sha256:df50d679f32ce39cccdc56b79046ec2101b1c7ec8559b82692826303c9e516b1,134378,"own hash, no publisher reference",0.440
changan,data/sessions/vin90.meta.json,md5+sha256,,md5:5d448da3e2697335ab7ed48e0d032e5f sha256:3f2c4023d5a3eb3cfac3981b62446c49d4e0dd2a2ebaf875837d52ad9f9b4f41,307,"own hash, no publisher reference",0.480
changan,data/sessions/vin90.parquet,md5+sha256,,md5:5b3c6ee10d11dd37cd9ab2fa0c602c79 sha256:cc3737d211cb744cd95cf412873ab9f6abe4f2db2e796461350bd9fd66331fa6,155512,"own hash, no publisher reference",0.427
changan,data/sessions/vin91.meta.json,md5+sha256,,md5:96b456cfd29bf4cc51d467ce5ba01ce9 sha256:597a751f53cf66863c7b243d257b0ea0f09ab9fe0f7c8fbba0bce1e7a504bf8a,305,"own hash, no publisher reference",0.547
changan,data/sessions/vin91.parquet,md5+sha256,,md5:769ea64657a42c48afeea076c5e756c8 sha256:db0c9b5b830a0a92eedb5ac26cf8c3bd4fec2a932b419dba8611bbe20009f59e,108542,"own hash, no publisher reference",0.393
changan,data/sessions/vin92.meta.json,md5+sha256,,md5:d616b0ccf5163e8860d6ba38391a79a6 sha256:6f8c6bbb5a0ab0bf6f4bd8471e1c05ded45dfacdec6f7783f150aa58ac27d62a,305,"own hash, no publisher reference",0.537
changan,data/sessions/vin92.parquet,md5+sha256,,md5:fdb68c69e5f3c41651c21f48dddd5a40 sha256:ea20a17db6ff0e5a9d72511adcac3d2b044deafbf242b0515e18eeb2b93f91e3,146354,"own hash, no publisher reference",1.411
changan,data/sessions/vin93.meta.json,md5+sha256,,md5:1d8ea4a32783dc41653f68a7fd39f91a sha256:53af4f6e7a170f77de39117f91bf160f554d60580e3691b88cf483c600687abe,304,"own hash, no publisher reference",0.528
changan,data/sessions/vin93.parquet,md5+sha256,,md5:0efa500b43f0ead8f0231d6f6f5e3ea2 sha256:76c5c9a51d1bf726da415723ff1bf5a1947f566d6a00bfb775f43fe5fbd03d3a,44747,"own hash, no publisher reference",0.482
changan,data/sessions/vin94.meta.json,md5+sha256,,md5:c3c303942185ca47d49110193e4aed39 sha256:56815edc6dd04af3939f1e3382e98846bc5b55c962cfa851f3b4d23b4fffe39a,307,"own hash, no publisher reference",0.422
changan,data/sessions/vin94.parquet,md5+sha256,,md5:cfc38a4add19f78457089f3d311091aa sha256:d23c7689c2873a07bc3a3ee8dfb7b704a4ea7d6c65299976386500661cd696c0,124047,"own hash, no publisher reference",0.407
changan,data/sessions/vin95.meta.json,md5+sha256,,md5:fc8efa3de4f628adcaaeb52400497b7e sha256:63649df6c69a93561dcb209364b6f848dced2f0ba9570a18ebfa6bc0672095a5,300,"own hash, no publisher reference",0.470
changan,data/sessions/vin95.parquet,md5+sha256,,md5:7c5ccfd8ab783fa612528af7863652f7 sha256:a3e2d9e66facc1f8e0ede04db3b3aa7c4ca19d44b95f739126a0b793b2274442,123949,"own hash, no publisher reference",0.439
changan,data/sessions/vin96.meta.json,md5+sha256,,md5:222c0156de3bb8ce7291d02b3544f5c0 sha256:aea367bdf03864a9775efd00c29146bc310aaea381755b22fd076fc5862b4f75,303,"own hash, no publisher reference",0.623
changan,data/sessions/vin96.parquet,md5+sha256,,md5:fa1d88720177d013eec992e36c54708d sha256:0b529b1c2e138d9be519bdac299b276d1cdb78e7326216cd11237bd8f33ca320,93377,"own hash, no publisher reference",0.420
changan,data/sessions/vin97.meta.json,md5+sha256,,md5:8a2223eef1da9f093a51dac567429c83 sha256:af45e62fe50dbdd5b87e850ff7956a4c69a67e5c8a0e67b41548adcec0778ae2,305,"own hash, no publisher reference",0.423
changan,data/sessions/vin97.parquet,md5+sha256,,md5:783f0f862430786f3124993108f2a787 sha256:814089e5021a5867256dac43d73f09f23015ec878b59e30ccaf6f00f5d40e318,103050,"own hash, no publisher reference",0.440
changan,data/sessions/vin98.meta.json,md5+sha256,,md5:1b86d5bdb58f5aec9c69721f377e42f4 sha256:9f4609bb6f437384ad5f994b26e75143859905c133a5522f3b172adea55c10f0,306,"own hash, no publisher reference",0.492
changan,data/sessions/vin98.parquet,md5+sha256,,md5:4e9d3fa566a2159590e6ceb574847539 sha256:9dda4273919758ea0180ebcf574322f62de20b3c81d56b01fa97ea7b805f6413,106612,"own hash, no publisher reference",0.426
changan,data/sessions/vin99.meta.json,md5+sha256,,md5:b90084319e289ebdf016c54f7c798332 sha256:47bfaa43f23ef79a333967788b0626437a1d8f87d8c87ee819007960e44a85be,307,"own hash, no publisher reference",0.997
changan,data/sessions/vin99.parquet,md5+sha256,,md5:1781c72797180f01fd39264186eaa56d sha256:f448e3f5063901d441c6b9ab7f946963d4a71a537f04e6aa936f7c92a869b775,135198,"own hash, no publisher reference",0.458
cloverleaf,data/Monitoring data 2nd life battery.zip,md5,832219661a8d387466d5996352b6d315,832219661a8d387466d5996352b6d315,7593131,match,2.897
deng,data/#1.rar,md5+sha256,,md5:54d2228526e07cf62551a2cd7a56b913 sha256:2e77a7836f441f5f45ae0b2e2116044fa3c4191d67377e89a126562743afc443,12238871,"own hash, no publisher reference",2.321
deng,data/#10.rar,md5+sha256,,md5:1ec40d82258f120ad3334142a60f3425 sha256:cc89ed52f23db5322fccd978cb489826796312c8fa999a6f733d9ebd719f919d,10508142,"own hash, no publisher reference",1.763
deng,data/#11.rar,md5+sha256,,md5:78b4ae61eb5591fd72a9d8f4a9cad0c0 sha256:658dff42f3ee690dbe55379887cceffb5be667ecc08136ebba80020f4ef66f0a,11539660,"own hash, no publisher reference",1.646
deng,data/#12.rar,md5+sha256,,md5:fd517bf17fa7d550ac8be9edf3e6c341 sha256:f6c8bc2ba4bdc8893cbe2e1a58a6f215ff26aff3f5659bbeb13d9f9e8db1bab4,11883835,"own hash, no publisher reference",1.136
deng,data/#13.rar,md5+sha256,,md5:c0145ddd588d75d84854dfc3ed09bae2 sha256:3ae4e287f051dc718b8c9049b51b5d9ab0debfbe1d8951f02c8aac8795413408,11474175,"own hash, no publisher reference",1.317
deng,data/#14.rar,md5+sha256,,md5:d6c34cbcb7ba1a78d482f508a1d7c2cb sha256:0964797a9574c75f0d93c1c05192a2a406a57330cccbfc88ec0258c1ab70109b,11377770,"own hash, no publisher reference",1.452
deng,data/#15.rar,md5+sha256,,md5:5512ac7c5bee7d01e3b425d6278fa682 sha256:d8b4468bd9199a6d281513d2fedb699456a8ef62a77530c30f3632ae5fbd6aa3,10013220,"own hash, no publisher reference",1.227
deng,data/#16.rar,md5+sha256,,md5:703bb1f36568639b05f4870fe32c83de sha256:156a3650976c60283e5ad83f9bb6f9c3492c4248ade1a8d172097dff03ab9df2,11805417,"own hash, no publisher reference",1.143
deng,data/#17.rar,md5+sha256,,md5:d2322e7df6eb65993be383eb8b1ebe32 sha256:70da9fc2225519cd26025aeb26a58d603ba310165475a8b054847a6afed57ccb,10922855,"own hash, no publisher reference",1.212
deng,data/#18.rar,md5+sha256,,md5:2f9621555e105d8ea60e5f98d1941fb2 sha256:da97555e3e3f0dbb1adb72b2f846a9bb7c99d52bcfcfa2eb7c87645106fba85d,12046848,"own hash, no publisher reference",1.077
deng,data/#19.rar,md5+sha256,,md5:474fec6459dda88265b82f5a39ba41bb sha256:0527ebd3eb2721bc16a30fbd0731336edd48c49e6ae886ed80289af62f41bd12,11188518,"own hash, no publisher reference",1.317
deng,data/#2.rar,md5+sha256,,md5:4968363714407768fe8110cd4ebb28ce sha256:52e008eb067e6072016ac98f580e3230480236d67c211404f0d62f44ce3a9421,12088035,"own hash, no publisher reference",1.186
deng,data/#20.rar,md5+sha256,,md5:33e24e7afb7487a035837933b827c46c sha256:37b48debf7b89151bd7a01a96e4c870df0c8aafa7ff48d08fcaf42914c239e31,11502515,"own hash, no publisher reference",1.153
deng,data/#3.rar,md5+sha256,,md5:619d29cef0f3461233e75eef2328a9ae sha256:1cb5d824602929662e09cb0a028a43258fa85055865391e906049df28e9a0ea5,11451253,"own hash, no publisher reference",1.259
deng,data/#4.rar,md5+sha256,,md5:cab39de08d31e9e0dea954bc6fa2bbf0 sha256:df2aa25c7bd471a97d3f997cc8e17f171940138dc161a4e49dc370aaf1257d7c,12084749,"own hash, no publisher reference",1.235
deng,data/#5.rar,md5+sha256,,md5:410cf853bcc7276c2f8cc0cc1015a8ab sha256:16b67a98bbdcb8df7f1727ccdf36e68b9eabb209d9bf2707ae921db489bad1ac,11888317,"own hash, no publisher reference",1.067
deng,data/#6.rar,md5+sha256,,md5:1b383677d2ea8f60f6c7df3fb2e0548e sha256:847b207bea6d5a60fdd92c208b32c8aff7575257e316de663ea7f9bf63642477,11663814,"own hash, no publisher reference",1.196
deng,data/#7.rar,md5+sha256,,md5:c13cfa50927da64a156640d547d66aa1 sha256:3ac79b584d43d54af1d9583c269fd35d1a5a86bb2ef0af64b61dabdb1528baf6,11606222,"own hash, no publisher reference",1.229
deng,data/#8.rar,md5+sha256,,md5:b7706f36f11f4d2ca10cba8b23847410 sha256:4603f6ca0405bb6356401060215ac39bda06eb70b35f0dfe1a88cafe4c7a9b52,11507641,"own hash, no publisher reference",1.133
deng,data/#9.rar,md5+sha256,,md5:c61f048776e62c6bf274cf6e5d1dab80 sha256:a3392323136fe7e0ff5e8db9f5a874d19b68693fa7865dc0082f522290a8a70f,11232824,"own hash, no publisher reference",1.072
deng,data/code/capacity_extract.py,md5+sha256,,md5:12b8ea917213441826ec686a3e75d364 sha256:af762c98eeae065a4ba9f00a68fb466bafc88677437280f007a8cb0eb732905e,6727,"own hash, no publisher reference",0.665
deng,data/code/Fig1.png,md5+sha256,,md5:e4ffbcfe5f509b0f3a2c0789a5581144 sha256:ead375ead51910852967ff767ee3d3e521638c31d4e8bbee1ee3cad36e119e96,2000641,"own hash, no publisher reference",0.580
deng,data/code/Fig2.png,md5+sha256,,md5:0263a3ac6f9c902a05281566f3a7b51f sha256:b10ea7d2096a365b5f28022fd6cb91451e0f7b0c180576f19690bec0661422be,2111998,"own hash, no publisher reference",0.675
deng,data/code/LICENSE,md5+sha256,,md5:56de6554484f1ab5cfb1055f5637209b sha256:424f4b69ace5e11d273d7be9ac0e714a3c930ff761b2fd276f5c1699b7ba4c15,1069,"own hash, no publisher reference",0.503
deng,data/code/README.md,md5+sha256,,md5:67d69d0e347e310733d3976b5ae7fb16 sha256:f317feaec92d2f17a51d7a55baa3efd57a96d715552eb0b8165d1ae604d286fa,1092,"own hash, no publisher reference",0.521
evbattery,data/battery_dataset1.tar.gz,md5,2275beb485c85198cb6b6ff33b5c6816,2275beb485c85198cb6b6ff33b5c6816,812110847,match,21.338
evbattery,data/battery_dataset2.tar.gz,md5,726fb75958e19d1bfed35a945187deb7,726fb75958e19d1bfed35a945187deb7,418251471,match,12.201
evbattery,data/battery_dataset3.tar.gz,md5,78121cca0132b80efa93098e6cf3d773,78121cca0132b80efa93098e6cf3d773,177847087,match,4.554
evbattery,data/code/battery_dataset_neurips23dataset_code_onedrive_2023-06-06_full-experiments.zip,md5+sha256,,md5:f3462f4f75ea692dbd37632bab8d9040 sha256:bcd68abb1843fbbdaa6b93b0135e6ed27d82c44865c4abef7f61442eb836d671,437403,"own hash, no publisher reference",0.514
evbattery,data/code/dynamic_vae_github_2022-01-26_998255e717c5.zip,md5+sha256,,md5:6a8ebb4d6dbf062e5f93c697188984e1 sha256:b2688c7847ac429a91129f49974bb1612a1319b1481f54d71d969dfda5e4893d,67991,"own hash, no publisher reference",0.527
fei_bus,data/vin1.csv,md5+sha256,,md5:14d1d37cbe41a32656b477a955642a8e sha256:61d33c73e7c78698795f47092d322c6d340ef1888b7a73968052b6088e6a4b56,2366,"own hash, no publisher reference",0.437
fei_bus,data/vin12.csv,md5+sha256,,md5:1bc8335e2ddffbfa866f79bd10ec95f6 sha256:7b476bbb994bf081ef7a176e820406afb16c76e543cc4fb68c589930342247f9,7723,"own hash, no publisher reference",0.527
fei_bus,data/vin19.csv,md5+sha256,,md5:ad8ae395c2eddb63a1d24cf3f54527bc sha256:557500445f47b51deff634ca8ed527a7200463140b18b83536ae99170317436e,1667,"own hash, no publisher reference",0.466
fei_bus,data/vin5.csv,md5+sha256,,md5:76616288d4b208425e68d7d886c4ed1a sha256:a5e4937c2e4f76875373f09c0cfbca8a9e9c8b897ed4d29ac9a19c61446fa777,3791,"own hash, no publisher reference",0.417
li2026,data/BatteryData.zip,md5,c28d865877bdacf1cdc16130f4b73cfe,c28d865877bdacf1cdc16130f4b73cfe,19211856,match,1.872
li2026,data/code/DDP-based-dowm-sampling_github_2026-03-26_31ea0d797cbe.zip,md5+sha256,,md5:a7dc8ffca14c8a2d89eb184e37b725a4 sha256:b174c0be0ed03de7b2f70edbde1e3cc097994e554b02a6fdcf95bbb05036f9ac,14420,"own hash, no publisher reference",0.580
m5bat-2023-04,data/M5BAT_04-2023_RAW.zip,sha256,10605d674dc84ea88af6f19f90da6b5dcedd011f1b158bdcfdb1344f7b41a2b2,10605d674dc84ea88af6f19f90da6b5dcedd011f1b158bdcfdb1344f7b41a2b2,101712838,match,1.915
m5bat-pbacid,data/Full_Dataset_M5BAT_Battery_Unit_Pb1.zip,md5+sha256,,md5:35ac898c8696af2a2aaa1684bd231f26 sha256:9355fa8b5d265dc051ba8fbbbc7b920542e101218269cb5357aea47de1322ad4,4653774362,"own hash, no publisher reference",133.765
ppl,data/BESS-Analysis/.DS_Store,md5+sha256,,md5:d3ff15de4df97fa423b637db2d669d93 sha256:7379e665fe5664c38b156b96713deb5950e329bc3c94022050fb01700eff5968,6148,"own hash, no publisher reference",0.540
ppl,data/BESS-Analysis/.gitattributes,md5+sha256,,md5:d8eeab274152ed7457ebd5f1f0c465ea sha256:094df6eaa4e6b21ebf065e847f84c1d08df68bdf3f1081f56c39426fd49788e8,43,"own hash, no publisher reference",0.710
ppl,data/BESS-Analysis/Cell_Level_Data,md5+sha256,,md5:818e94dd6fd1908ae68e996e212dd042 sha256:8108654181afeb4a0586e99c96f24ae1ed20937254e1084ae0ca68c68373fdb8,105,"own hash, no publisher reference",0.509
ppl,data/BESS-Analysis/ESS_2017.csv,md5+sha256,,md5:f24df7dc86d610ccfa1c8264dd438a0b sha256:010c9e7ce3ae0458093789eec6cece79f319d7cc5a3b8bad39671cef5e430c30,8496543,"own hash, no publisher reference",1.083
ppl,data/BESS-Analysis/ESS_2018.csv,md5+sha256,,md5:c94a9da6357dd6a9bf3670b61ed9d76f sha256:ef7e7bfeb8726d20dfde1b0415d978a3306f9126a076d13301e15335cbf3d241,57000312,"own hash, no publisher reference",2.356
ppl,data/BESS-Analysis/ESS_2019.csv,md5+sha256,,md5:cf8ede2a3c4a8b4ff84f7cef82609ee0 sha256:0b18519b87747cccec240a7668d8e859a3e77b0900da2b38663b6fb4324d9735,49434255,"own hash, no publisher reference",2.240
ppl,data/BESS-Analysis/ESS_2020.csv,md5+sha256,,md5:a95567029211758416ab2afaebf72309 sha256:5c5a0d5803e813c2b8c22bf2ea91a34a512d96eb86c1ec35ecd0ef21f2948301,58124546,"own hash, no publisher reference",2.041
ppl,data/BESS-Analysis/ESS_2021.csv,md5+sha256,,md5:5f8f040c8103778fe82f615a1c40fed2 sha256:76a00b85bc768556d1822050f5b8da7020fb293878738227beeebfd6f1720643,52201883,"own hash, no publisher reference",1.403
ppl,data/BESS-Analysis/ESS_2022.csv,md5+sha256,,md5:092b8b09602bb4b848e737e594b8a1e0 sha256:0df82ed0d2c7780a1ffecfe8a4088bcc73819c3b4c2971ecdcd70834b5aa1051,55239647,"own hash, no publisher reference",1.428
ppl,data/BESS-Analysis/ESS_2023.csv,md5+sha256,,md5:87ea3e46bd8c06856acb5cbd617c629e sha256:60318b0f86b2042203f86fc7b3b267b7f7f4c72b27afb824b487efa2e790bb17,60546595,"own hash, no publisher reference",1.513
ppl,data/BESS-Analysis/ESS_2024.csv,md5+sha256,,md5:2ca30dfdf1c77558d657a4a300b030c9 sha256:f32acb2a85287911638a929907bac6f9292d569c9e7f7bd732f863c6301ddcab,50342872,"own hash, no publisher reference",1.475
ppl,data/BESS-Analysis/ESS_2025.csv,md5+sha256,,md5:71b63fdc86bb3a5225fa4d0859bdd784 sha256:765d02bdeeddd6391bf86bfe90fb45fabfadd872ba3362ef1067d1353874edd6,63011755,"own hash, no publisher reference",1.513
ppl,data/BESS-Analysis/README.md,md5+sha256,,md5:7e3e5b5bfd5c6117f9fe06dce66598fc sha256:742a6528eebb521dfdce907a1024bfc9b8719c33aec841194a5aed272f616761,159,"own hash, no publisher reference",0.523
ppl,data/BESS-Analysis/Weather_2017-2025.csv,md5+sha256,,md5:419431b4f55eb590bac7275ae9353bc8 sha256:834354c263a3e716f5bca1cb1dfc7e3adbce7da1336b6f0ba041245ec174a372,494223969,"own hash, no publisher reference",8.253
ppl,data/cell_level/20161201-1231.zip,md5+sha256,,md5:fc2c80f1f6b12b1f08f484a2634779ea sha256:79c3a4fd1308ef314783b3293f94bd159d5ef54896cb24163d16e9f89ca8599b,239584140,"own hash, no publisher reference",3.908
ppl,data/cell_level/20170101-0131.zip,md5+sha256,,md5:4b89fe6d31ad12d5988a27d7bfbce01b sha256:67c22859844570ef30993c063ec1ffd93c78203ddcf9b24712102602b0caca68,409554405,"own hash, no publisher reference",9.829
ppl,data/cell_level/20170201-0228.zip,md5+sha256,,md5:d55c34000387f38743e63cda9bdad709 sha256:9296d1a4b68717495740cee15827752bd4a686e6511f0e1de4dc350ce317f917,325891822,"own hash, no publisher reference",8.873
ppl,data/cell_level/20170301-0331.zip,md5+sha256,,md5:81ac56d36e7365685be5daf806e1776c sha256:f764794fabcc323978161666f57d8a85e37af104b7017c79bb5ccb8642e1dc64,315591740,"own hash, no publisher reference",7.197
ppl,data/cell_level/20170401-0430.zip,md5+sha256,,md5:d4562fc3a070df6c233ce2ef3996a0fa sha256:a5d997c69ecf04e117898a1264814b4116f97469b12fdfbbe74eb8f2eb09e7de,369793700,"own hash, no publisher reference",7.692
ppl,data/cell_level/20170501-0531.zip,md5+sha256,,md5:95019b1026134fe3ab812fd55088ae9b sha256:25759361c3f19742f13f5d82aeb8a0314600c9c5e38e2c816f41e6ee5df29581,363221992,"own hash, no publisher reference",7.788
ppl,data/cell_level/20170601-0630.zip,md5+sha256,,md5:8ad570f00a01f333c468254f0f5b7056 sha256:02f80e2f403fc84608d1b3f58c703a2b184f6525e025fdaf544443e82aee94e0,346761558,"own hash, no publisher reference",7.899
ppl,data/cell_level/20170701-0731.zip,md5+sha256,,md5:c3a95e3de4d48e429e714f14f6c5b9f4 sha256:8d81ffa551828daf99461552a19c97155452dd2119ab337f8890f2e1471a8801,337748455,"own hash, no publisher reference",9.253
ppl,data/cell_level/20170801-0831.zip,md5+sha256,,md5:20abad53325c1d40df40dac8dc7ee232 sha256:4b93498727b8050574a412481af206bf0831ff1aeb9c4b93b316ea9af2792436,316081703,"own hash, no publisher reference",6.740
ppl,data/cell_level/20170901-0930.zip,md5+sha256,,md5:0a5c0bc7e02c20c12efb81dbd8ec9cdd sha256:16a549782384931f10c8d36ff44d6cd1eb532b08eeab77c6ae42e210dbfafc83,411467166,"own hash, no publisher reference",10.319
ppl,data/cell_level/20171001-1031.zip,md5+sha256,,md5:eb5a6fea4ef44716ea25144560530398 sha256:2e9cbd5fc8298a29538b17b118f4ad6a7694156a87d2303d81bfe815442b3827,488363121,"own hash, no publisher reference",10.459
ppl,data/cell_level/20171101-1130.zip,md5+sha256,,md5:81841b53fb5e0ad3a54c3b1e900b9a38 sha256:05d23d354518d8d5e8ad338053747346fa33d2fcd9990c18968403facbe132b0,122141581,"own hash, no publisher reference",3.623
ppl,data/cell_level/20171201-1231.zip,md5+sha256,,md5:be6d225d4447ea16c5e4ceb3681c5f87 sha256:4b073b94693e9fa4d67aab8ad24eef430f810a4696c0190a612600c55fe5c07d,185622382,"own hash, no publisher reference",3.218
ppl,data/cell_level/20180101-0131.zip,md5+sha256,,md5:dab6c077c8654d6973cedff98ae9fd69 sha256:b71cd9aca310100923e236e4166afc16e0e9d94ea8e278497dbc6648e74b5091,491307728,"own hash, no publisher reference",10.301
ppl,data/cell_level/20180201-0228.zip,md5+sha256,,md5:3004513e6b85d795e108fbeb812a3d03 sha256:6180cc5bcb1b9242cb6c928c747ec93a11dd77fb99ea5af8a50b29aff487c436,453533545,"own hash, no publisher reference",10.106
ppl,data/cell_level/20180301-0331.zip,md5+sha256,,md5:fcf066946cec56ca55a85e59a7f6f3c2 sha256:3d673424a74f007fac6ea9ee178fae347425798f00bb5a465795a14250f95e55,589215357,"own hash, no publisher reference",16.655
ppl,data/cell_level/20180401-0430.zip,md5+sha256,,md5:ffe2f26f5cf4e925ed54122574866408 sha256:0a123c39ad5eb9ac955a42747f7b75f1bde2a32fa041dc7e1d65f2c601fbb0d7,541355505,"own hash, no publisher reference",11.503
ppl,data/cell_level/20180501-0531.zip,md5+sha256,,md5:5c0390a2a07231b813c8ababbab06bc5 sha256:ea7eda905a5446e89349705bef62357f109f6fa7e5fd988e8db42cbb3976c9d9,338823017,"own hash, no publisher reference",9.146
ppl,data/cell_level/20180601-0630.zip,md5+sha256,,md5:69049d61001722c4c7f59ba029980bab sha256:4812ecdb9116e15f9a1301d2a7abb192536fcae609f7b014100281f8e5422fa5,548744501,"own hash, no publisher reference",13.280
ppl,data/cell_level/20180701-0731.zip,md5+sha256,,md5:4881f07a0959f429a2b28c6ae9a397fa sha256:fcde22032aeb0c17bc859010b36bc97e119106d088723593b437d4ce2f505cd1,447694338,"own hash, no publisher reference",14.267
ppl,data/cell_level/20180801-0831.zip,md5+sha256,,md5:b3db1b5ab95cd3896ea9dd90868c6881 sha256:e1f6b8bfaf7d17afe97e5e40f95540723e970d63f6dfa5effd413a058dbf8343,572324593,"own hash, no publisher reference",14.456
ppl,data/cell_level/20180901-0930.zip,md5+sha256,,md5:78ddddd5609b1fab24e6e69103c421ce sha256:cae3d703c9d472c30104f1d7ea8ef371d68a14a7491e3e242ca601020b9d0f02,632524748,"own hash, no publisher reference",16.526
ppl,data/cell_level/20181001-1031.zip,md5+sha256,,md5:88435b86d2c2c65a49fa96fe0ddbfd05 sha256:7acf237bd799aeac2f81c5828ef93cdfac8015ebbf204bc870e47705f5c18d3b,519539601,"own hash, no publisher reference",12.660
ppl,data/cell_level/20181101-1130.zip,md5+sha256,,md5:6486ce9dc6a62b2f15fcdce57080a115 sha256:bf80bbb39ab24840ec4e49706839d67e80a1a4f31cf8689f701a96cde4ec33e3,666233826,"own hash, no publisher reference",17.202
ppl,data/cell_level/20181201-1231.zip,md5+sha256,,md5:d0e43fb65a5d85660864326557e87367 sha256:fc106509859613f63d43781c121a97bef87dbe0e31fa4792de0c464db8b5b2b0,773648559,"own hash, no publisher reference",20.765
ppl,data/cell_level/20190101-0131.zip,md5+sha256,,md5:f3d77c52bb934e8ff19218ea0cd2ea4e sha256:fa23f59e6747f2b0d210676c2736c4e6606b8593a4eb0a1385b9b7feae3dc4c7,721843492,"own hash, no publisher reference",20.295
ppl,data/cell_level/20190201-0228.zip,md5+sha256,,md5:29ec73695c6ed4272583e856f5edccb2 sha256:cac7a1be5fc2dc988951d20a399660a82f00d48601fbd965de3f266f92860c42,617320580,"own hash, no publisher reference",16.998
ppl,data/cell_level/20190301-0331.zip,md5+sha256,,md5:e4403c1d6ad4a7f99e72e2c093c5cc93 sha256:c31a2d64061633a1d2b644067d2474067aaa2861fafafaa4e88c60b87eb814ec,816090169,"own hash, no publisher reference",23.986
ppl,data/cell_level/20190401-0430.zip,md5+sha256,,md5:abda99af93e9a8a4622303524ea7ae57 sha256:380d40c325f4e530f0c857caab2cc5fcddf5744385a1d8350234950fa78f0844,872100056,"own hash, no publisher reference",23.182
ppl,data/cell_level/20190501-0531.zip,md5+sha256,,md5:5af5d5164d61284caa09705f055f6b14 sha256:5b706723a7655c7cab7023b7e948086d5439031058da167f8ffbad29debac78b,30307118,"own hash, no publisher reference",1.111
ppl,data/cell_level/20190601-0630.zip,md5+sha256,,md5:589e30c8caa82b5b44f91db28a5dec12 sha256:a709766269078b42870a7cd1b3bcc4efe481f04d128eebd05d64fec863676c66,23931551,"own hash, no publisher reference",1.143
ppl,data/cell_level/20190701-0731.zip,md5+sha256,,md5:b591e3996002d9ff6dd99b434c7bd0c3 sha256:80a4a870d01e748ec4da0d39163cc359349607656eb89a636a62300284c0e967,510868940,"own hash, no publisher reference",13.343
ppl,data/cell_level/20190801-0831.zip,md5+sha256,,md5:54708207361f911567c42585afcd732d sha256:d5032176e7d88ad36e631edbcb0fe85577081a41fbf9b6f1c5201d1bad3723b3,519192801,"own hash, no publisher reference",12.165
ppl,data/cell_level/20190901-0930.zip,md5+sha256,,md5:8383c5516096f35cf1cb6d1c5cb465aa sha256:f8e95c44b18533ab52ce34f47f04d5e55a5a3716fe640ca7348c894b0d32495f,702999390,"own hash, no publisher reference",20.072
ppl,data/cell_level/20191001-1031.zip,md5+sha256,,md5:8d0f4a4961e1608f6332ac2310eadf66 sha256:28db3867f3aba9c5641b096ca0343013739c1bb20123048f32d4a958e32449e1,715891823,"own hash, no publisher reference",22.544
ppl,data/cell_level/20191101-1130.zip,md5+sha256,,md5:1e3e57d26f53acfffe3a44fcba0bc7e5 sha256:0385977104319f5e4f9f3dd399c3a62011bc3a0b0e2aed860356dc239a6ae851,704119416,"own hash, no publisher reference",19.301
ppl,data/cell_level/20191201-1231.zip,md5+sha256,,md5:bf40201ff14be8975c320b47c509687a sha256:c5c13964a15d54fdf06f563b268631e0c66adfd5dc6aaa8cda93e948986d6e69,446265096,"own hash, no publisher reference",10.352
ppl,data/cell_level/20200101-0131.zip,md5+sha256,,md5:7ca1b7daecadd77cee75170fb74aa3c6 sha256:0c5163eee07755b6b00ca0d20b13974da180d0487c49d93ca6be7beb54a28e49,87124155,"own hash, no publisher reference",2.051
ppl,data/cell_level/20200201-0229.zip,md5+sha256,,md5:c3e8d31f16f1a90525946b1cb5a38733 sha256:5be805825084a73866644ec0f371634cf1674cb7cb57a177fc3fa631828cad0e,725100275,"own hash, no publisher reference",18.387
ppl,data/cell_level/20200301-0331.zip,md5+sha256,,md5:a3668a9982b319d75e346078bca09e94 sha256:f943b5812648abcddb8f21f14923723012dbe8badba51d99acc56661ccf64797,778281143,"own hash, no publisher reference",19.718
ppl,data/cell_level/20200401-0417.zip,md5+sha256,,md5:8423fecdf36a0fcb85b2dfbcda8697ad sha256:9195e888d96d23cfab1af8dfae5c5755b3755899e5d5cd91e6c1f463dada3984,395533654,"own hash, no publisher reference",8.760
ppl,data/cell_level/20200401-0430.zip,md5+sha256,,md5:55a47b9e40ac28ac351f722021d25b45 sha256:40ffd5bdedbb2fcce9dc0dbad4228185bd3523a6e6f23d73c37ea934ca2daef2,731888651,"own hash, no publisher reference",18.349
ppl,data/cell_level/20200501-0531.zip,md5+sha256,,md5:22c63684bb5ae798e6feb872f967f879 sha256:2255a4027e9990f80015625cf5b00d23493231df33500a4ff41cd3e6d58071e9,772468315,"own hash, no publisher reference",17.034
ppl,data/cell_level/20200601-0630.zip,md5+sha256,,md5:0467c7525aeb53891dc686c783e4d270 sha256:8c72d012df5e79be5c52a199b21d1b273c1d7833f3dfe884ce7df845dfb4e907,761770154,"own hash, no publisher reference",18.860
ppl,data/cell_level/20200701-0831.zip,md5+sha256,,md5:9172f9acba494d511b2e9e2b03847dc3 sha256:edd599be972ebedc8d9a30792306f46397393b0d66d87da69aaa79b95a147d6a,1564357554,"own hash, no publisher reference",39.790
ppl,data/cell_level/20200901-1029.zip,md5+sha256,,md5:afaa56db3c8f3beeeabb109c60cafb5c sha256:041c3a4fefc8617479d7b6a953f14ff25ecdb4511df89e180eca0033a4534e2d,1450495066,"own hash, no publisher reference",38.057
ppl,data/cell_level/20201019-1031.zip,md5+sha256,,md5:3493908e5759f61151d8b288189f553a sha256:44280ae60bf1c8b5de49807fea800574c0e696acd620212fa345f4584f97b597,322601273,"own hash, no publisher reference",7.159
ppl,data/cell_level/20201101-1130.zip,md5+sha256,,md5:5dc72fc7f32b2d891f67f4979a432cb4 sha256:b8cc9c85d0cce579ad5525ebbb05da5d00b31c471da97ef605bc20a5efc593b4,742024303,"own hash, no publisher reference",18.194
ppl,data/cell_level/20201201-1217.zip,md5+sha256,,md5:00c34f4b6ca10de6243ec4d8bf9c51f3 sha256:b3ef3d11d58ad989ba68061ebedcb7d4b728b16bde23069a4e35d3e2ac0f12f8,427078101,"own hash, no publisher reference",14.321
ppl,data/cell_level/20201217-20210101.zip,md5+sha256,,md5:dfff1913d52661df4a33706e57c5822d sha256:40cdeaa9e2685c206428677fc8bd3863cf8cc1ea721e437e2e6e848799bd6189,385164619,"own hash, no publisher reference",11.395
ppl,data/cell_level/20210101-31.zip,md5+sha256,,md5:24694bbea5de39eca2ec7c2f5c342687 sha256:825aea18270a7343abb8931e807d7c6d7fe3d7f25e7c30f0abe52a585a7757a5,757831292,"own hash, no publisher reference",19.095
ppl,data/cell_level/20210201-0228.zip,md5+sha256,,md5:f72ec8ef86ae92c31af9802762d7312f sha256:0bc440d4475a3ba573803e24209a502c4d71d70492868a6f43e15deb883569a7,718908220,"own hash, no publisher reference",19.503
ppl,data/cell_level/20210301-31.zip,md5+sha256,,md5:2458ec9af24d85c5bac2441550287e55 sha256:8e571be81ac5071d41380bca4b61074b49d250f3a9291a4a06ab782947afa0fd,774938784,"own hash, no publisher reference",20.976
ppl,data/cell_level/20210401-30.zip,md5+sha256,,md5:0f78c8ac2a0be830e55e37f2af78807f sha256:9b1204bb956e3019a31f61e5fe03a4935366787cf082a8593b234d267c527475,743585389,"own hash, no publisher reference",22.280
ppl,data/cell_level/20210501-31.zip,md5+sha256,,md5:471a3dba2f71d24e2f9996d7fa93b419 sha256:c79d6c4209f579176c5b4229dc035419e133ae2a3c286f29f4226dd5f8448f8c,749691444,"own hash, no publisher reference",31.014
ppl,data/cell_level/20210601-30.zip,md5+sha256,,md5:b3d92e908bbe00c7a8146e93218f29ac sha256:797439eac3fcc564a246f964a7164ed4b08b8bf3d185c3a62ab6602855dbe4b5,339376222,"own hash, no publisher reference",8.029
ppl,data/cell_level/20210701-31.zip,md5+sha256,,md5:ffcc5913cdecd1a558881e4a9a82a123 sha256:3b39ee760029190993217971528ab5f29efc28f5244ab48a20fc4ad53792c69c,1110795,"own hash, no publisher reference",0.751
ppl,data/cell_level/20210901-30.zip,md5+sha256,,md5:cab246b2c41f5cd83977c4a969efbf3f sha256:b57799af303ea7edc41e7c39ce0e3a1b08380161899a60f378c5b0ed19c71ff6,208100034,"own hash, no publisher reference",4.591
ppl,data/cell_level/20211001-31.zip,md5+sha256,,md5:34da32584740c4df6a86de2a42cf4cf5 sha256:92ef15db4b2438da1045ef272fb126ff3d7bad10a32891746fc59d8de1f2ee5e,338262824,"own hash, no publisher reference",7.381
ppl,data/cell_level/20211101-30.zip,md5+sha256,,md5:2db1953dab3daf5d3c6fee863f99351f sha256:166f139f8d190f344192976dbeb837fac57148f46b8cb7ba7865ca8cbd61aa9d,758581594,"own hash, no publisher reference",19.085
ppl,data/cell_level/20211201-31.zip,md5+sha256,,md5:c5c11d52acb860e840475840360ed61b sha256:82df1bb1dfea31a7e8d8b0e0ca65ead7e611f57a15662f4aab624e9dbbd32cf2,788976028,"own hash, no publisher reference",19.801
ppl,data/cell_level/20220101-31.zip,md5+sha256,,md5:27d1d26faec4c805fd432c6bd8562aa0 sha256:9633ecb1e2753fa71b585a415baa2059752663bb248eef87fded62c2649a7437,775458048,"own hash, no publisher reference",21.426
ppl,data/cell_level/20220201-28.zip,md5+sha256,,md5:79372dc563c1d9a13247264522b8eda4 sha256:9785899700052f8a7af185ee8d7f7983bf6b4df657a1aac16e862abafadd9acc,706137608,"own hash, no publisher reference",18.687
ppl,data/cell_level/20220401-30.zip,md5+sha256,,md5:23d07b0063223ad05b022e342b6b4de5 sha256:34d70d8a41c8c6cf917157c16f197c053d5a65f2bddb4beefb25af4d10ecb7a8,695312420,"own hash, no publisher reference",20.086
ppl,data/cell_level/20220501-31.zip,md5+sha256,,md5:31caa2d0c13f4d47b9567e6542867b53 sha256:80d7305958602153fb9b32db02cf99e1d2196d772bd89245da79cfb9234ce6e7,761237426,"own hash, no publisher reference",18.044
ppl,data/cell_level/20220601-30.zip,md5+sha256,,md5:5cbc38c1883d2ecdb6d0cda17997ac07 sha256:9c1422029bfef4d028bc04d15b7fe45457c38b5abd955da110054e6a41ee84e9,741239407,"own hash, no publisher reference",18.397
ppl,data/cell_level/20220701-31.zip,md5+sha256,,md5:10278c1fe02ff5f161b7559d7374b140 sha256:d4df3cee1fa915544f75ed7275e0fa81a7368c470730ab9a3899979e6a2904b1,715630362,"own hash, no publisher reference",19.065
ppl,data/cell_level/20220801-0907.zip,md5+sha256,,md5:afd181b79791e6b974951703d8db31fd sha256:0e6703088a9345d00fa558e8f8cb05832ffa331e903936b86a39c533451e1f4b,816723995,"own hash, no publisher reference",20.210
ppl,data/cell_level/20220901-0930.zip,md5+sha256,,md5:e4a30400f988799a1f2239d21e49078c sha256:79579041382adf4874661c9616c132a54b422c2bc92d65c5ac1b262945233080,767172531,"own hash, no publisher reference",18.533
ppl,data/cell_level/20221001-1031.zip,md5+sha256,,md5:94dee3a6e208d578cf9d8de5e3882546 sha256:34d98a783771d1e3977e6b0aad209a5efd917ff91d278e07df0f5ca94f09a519,763756509,"own hash, no publisher reference",18.536
ppl,data/cell_level/20221101-1130.zip,md5+sha256,,md5:b5ded3e0dadd96f7f42c63ab84eb03bb sha256:d4170f3df423418780e5b47e1d29d7faedba0fa87ba987c1810b8d254db37039,766598721,"own hash, no publisher reference",19.567
ppl,data/cell_level/20221201-1231.zip,md5+sha256,,md5:806bdc19eaa97509fdb13592cf47213f sha256:017d99272787b61995ac7b8f55a80764fb6f35294f21f68dae42f2ce0a72d3c6,788192960,"own hash, no publisher reference",20.754
ppl,data/cell_level/20230101-0131.zip,md5+sha256,,md5:e80cd7c09e9305f3e74741f4ea5572e4 sha256:ae01bc0534a888c3d0c3dd65fa94f34c84a2617ac9896d28c92cb04fad715a29,824976909,"own hash, no publisher reference",20.059
ppl,data/cell_level/20230201-0228.zip,md5+sha256,,md5:2f0918248a55c847db09f60d861f038b sha256:b5685ad6b516acd1b6bbf399b8ae2a9cf3179502c9759f009863694d0b13d5b5,698434794,"own hash, no publisher reference",16.813
ppl,data/cell_level/20230301-0331.zip,md5+sha256,,md5:a3251ffe8d2fd4713b87060a22df99c9 sha256:e89c194edab2b044a65fe44ab2c73055361c6bafa9023eb4a0e9b6e02d7d2e21,246261423,"own hash, no publisher reference",4.263
ppl,data/cell_level/20230401-0430.zip,md5+sha256,,md5:7b1bdca0c3e5b82a5b498068a2c18d76 sha256:555a476e043c081700c24a110208831aeb359a47ed289a3d6fb41dd12f42eb96,710048516,"own hash, no publisher reference",19.151
ppl,data/cell_level/20230501-0531.zip,md5+sha256,,md5:e34c14705a5f4e3d30ba9989a5d77160 sha256:0cafed09997f41614d91638f0289a6ed443760758e75d8679b84fb9b51c4a631,749642961,"own hash, no publisher reference",20.357
ppl,data/cell_level/20230601-0630.zip,md5+sha256,,md5:937eeb767064c750534b40b11b6a9db5 sha256:146510f69fc50dce000f13e2954130b6d7800211389bb7c939c03db03a387b24,761587249,"own hash, no publisher reference",20.107
ppl,data/cell_level/20230701-0731.zip,md5+sha256,,md5:b5ffc2b1a2c76bc4eeb37c0d7be9a0c5 sha256:6f167b75d12ede8a38f0200915e55029c57b4607663566cafd75cd397692787c,777289921,"own hash, no publisher reference",21.045
ppl,data/cell_level/20230801-0831.zip,md5+sha256,,md5:55d168378539a7661b53372106b20842 sha256:18d36bd7815058d5fcca6620201483c19e19d1f9f9175fb3cdb478b1a7400910,784815842,"own hash, no publisher reference",19.218
ppl,data/cell_level/20230901_0930.zip,md5+sha256,,md5:e60056e92b617eefb8908d6d847e29f3 sha256:e458f8f54894137445158877d3baa2b3b2c0b62fa90e71c360597db51ce49132,786116965,"own hash, no publisher reference",21.264
ppl,data/cell_level/20231001_1031.zip,md5+sha256,,md5:0128384cdb1680da396f8fb6ddcca903 sha256:985de64829976cd05d9fb752d072833c251115048ae9710ec887c393e5b8f9c2,780772633,"own hash, no publisher reference",21.540
ppl,data/cell_level/20231101_1130.zip,md5+sha256,,md5:5312d73c7f3d5d9f41b4e28f71246b36 sha256:1dcb02cb686611583038092faa4c6452ed11dc08f434c98235f7d949e6c0c4ad,388986482,"own hash, no publisher reference",8.433
ppl,data/cell_level/20231201_1231.zip,md5+sha256,,md5:8f4a6f9674f9f50f52393a6a2aa8c0eb sha256:fd8f42591a1f5cba5bf94a670e591a3e7c2d0c1370019d7a7c7c94ca7d1bcece,423464999,"own hash, no publisher reference",11.591
ppl,data/cell_level/20240101_0131.zip,md5+sha256,,md5:340ca696c75f1dde3e920db9df0b8328 sha256:9600fef06a36be0b5083dc421087709d65ea8951e8d2470fdaba1c73a8761b07,314207117,"own hash, no publisher reference",6.867
ppl,data/cell_level/20240201_0229.zip,md5+sha256,,md5:ce0dfc315f872b7d35d9cc1f3e7507d6 sha256:bcfb7923f16a4e73e4b716e81c3c759eab99c61a776a8ee31021ecd90d5f5836,47280488,"own hash, no publisher reference",1.915
ppl,data/cell_level/20240301_0331.zip,md5+sha256,,md5:dcc3b14832e0a93e0b868ff64292d6c8 sha256:c5b82b71cc4c9ed82773a83c1ceb5a5d0f493663314e3468c84c2ec7ecdec3f6,537840483,"own hash, no publisher reference",16.424
ppl,data/cell_level/20240401_0430.zip,md5+sha256,,md5:64010fc14ce9d459e67cd6be9c5ebda9 sha256:ac5c090854f07fc7654b8f3e03542ccca5b794331cef919e4bd8dfe6ddcbb691,781695044,"own hash, no publisher reference",20.296
ppl,data/cell_level/20240501_0531.zip,md5+sha256,,md5:2a68ceb7db77351d50c58bfa57eeb9cc sha256:472958f94a8e51eba17c827fedce27872e77073074e1b7fc6c789e397a417b3a,821968553,"own hash, no publisher reference",23.245
ppl,data/cell_level/20240601_0630.zip,md5+sha256,,md5:9569ec6a6b9fb0914713b62c2de62c92 sha256:eccff491b64bd593fc65093dadafee2d55303e1c45fafbfed3fd459b78bb9253,741190754,"own hash, no publisher reference",20.464
ppl,data/cell_level/20240701_0731.zip,md5+sha256,,md5:c0c93327d091430e96eebf317b1596e4 sha256:84ffaeeb204303995865f5d2fc0e6febeee0afd0f4903066ca5765082357e4b0,822604384,"own hash, no publisher reference",22.269
ppl,data/cell_level/20240801_0831.zip,md5+sha256,,md5:96222ee8dce9a539bb2efabaef358cb3 sha256:7d3b34ffa55e897d35dc9b9e8da20432d840666cca1f65f727df8e4daa0b8da0,808956941,"own hash, no publisher reference",23.913
ppl,data/cell_level/20240901_0930.zip,md5+sha256,,md5:77ca23618a564968ae0949b1d77731ca sha256:aea812f3af2a4a3acc17f61090f4be9771bd2baf4935007b31d57fb864605d0b,607540894,"own hash, no publisher reference",15.492
ppl,data/cell_level/20241001_1031.zip,md5+sha256,,md5:12c32d8788c9eab3e442c42f46056e70 sha256:9cd45f4ee1f6aa3fc0e4857cc04acf9ecec16e9eb122345b7ae882f2731e8135,3219,"own hash, no publisher reference",0.578
ppl,data/cell_level/20241101_1130.zip,md5+sha256,,md5:67f01e2ab1681577f86c575b893d868e sha256:bef40910ce7dc1991f764e2058d9e24e4d115b671418eac4cedab2564cb02f39,582538800,"own hash, no publisher reference",15.599
ppl,data/cell_level/20241201_1231.zip,md5+sha256,,md5:2d492970dec99d8e69f95ecdb576aaf2 sha256:ee906690b9211ffe7f994db518abd5237ef3259f55d67ea72d04697a495406d8,822407789,"own hash, no publisher reference",26.255
ppl,data/cell_level/20250101_0131.zip,md5+sha256,,md5:e0770d5562f291d087780f37f546af2f sha256:a53d6628187079e9ecdf7fa79565270ddd46d076fc416727b53ddae80c0d3be1,775022924,"own hash, no publisher reference",18.905
ppl,data/cell_level/20250201_0228.zip,md5+sha256,,md5:8770ef70bc56cbada8b8250d730fe507 sha256:1bcd7eceed06bb430dccc099e08b60f8972f9f3742a1c413643a123e6e2e8c82,711279049,"own hash, no publisher reference",17.883
ppl,data/cell_level/20250301_0331.zip,md5+sha256,,md5:71e387e40b3f0e3712959a9ae8b1ba81 sha256:ea7aa8f4f7068be76c8a1d47cc474aef8c2acf10da27daaab67a8cd41eb734b6,737383607,"own hash, no publisher reference",19.125
ppl,data/cell_level/20250401_0430.zip,md5+sha256,,md5:68aa8d349753af12813c38bd779765ea sha256:8ae631c4bc0483312494bd2d22a9a4fd4337e1c3e860a860230625aaae8fa74f,744923378,"own hash, no publisher reference",17.327
ppl,data/cell_level/20250501_0531.zip,md5+sha256,,md5:c0c794b6f00d8fc5aff896b404dec0f0 sha256:ecd350412060c2b3d4f5848af68297b4ab1fffa8488f464d5e5b033d81dc97e6,773177488,"own hash, no publisher reference",18.350
ppl,data/cell_level/20250601_0630.zip,md5+sha256,,md5:bc37339c090bdb856ac77435b821654d sha256:c4b32d3387f9e7745cf0e19e32a09886e1b37918a4c29c0318743e4b23fb8769,759466487,"own hash, no publisher reference",17.497
ppl,data/cell_level/20250701_0731.zip,md5+sha256,,md5:c694ffd87dd3ebddfa98c93d10a4c86b sha256:b9b5fad67265be4160d5a6dacd31a74f37ef59163df81d04294b9e521552ae97,788525843,"own hash, no publisher reference",18.856
ppl,data/cell_level/20250801_0831.zip,md5+sha256,,md5:15ca5872d46a60062c2ec8e3b46ec2be sha256:a0570adb9e2a51f26ba43419c5104419e1676c3b5c38de6637d0e7568bcfc2e0,791357723,"own hash, no publisher reference",18.931
ppl,data/cell_level/20250901_0930.zip,md5+sha256,,md5:6ec7ef88199caa7ce5f784180c2e5891 sha256:800158ca3e72ededed3033bbdd7ae01b8a964487d69e692ea191c3cea0c640f5,764609405,"own hash, no publisher reference",18.947
ppl,data/cell_level/20251001_1031.zip,md5+sha256,,md5:f0233dc969793ea519fcfc7c60ad0d31 sha256:fb454b74bcfac6d9973d7dddf0c067de20f8a97aaf8a446b6c14c679538adf6c,786548749,"own hash, no publisher reference",18.854
ppl,data/cell_level/20251101_1130.zip,md5+sha256,,md5:912df65f10b3243bb9655dca79e07ede sha256:e4deed63aa0fcffbb0b26851c36cea0e24bd718d14ae0ef2d6642a05ba9fd626,766123001,"own hash, no publisher reference",23.347
ppl,data/cell_level/20251201_1231.zip,md5+sha256,,md5:70dd1eee375519ff00e0fe0dbde39292 sha256:f49f575e01c4f6c2027a6874745817f1cd449eb6151e8841e78dbc91bdf79b0c,798688172,"own hash, no publisher reference",19.271
ppl,data/cell_level/20260101_0131.zip,md5+sha256,,md5:db480c05abcf0dc69c9356e36597eb83 sha256:ff4fcbd969462eac670edc5976ba9e2d8c4494a2b753ddaed2a00316a20f56e6,800927876,"own hash, no publisher reference",19.857
ppl,data/cell_level/20260201_0228.zip,md5+sha256,,md5:34a9c1915fcbfff654f74bc0f6143a02 sha256:7d8a01c65ef1c949f387ac9a9f6b7d4a19fd4045ab410213186be0ab14b63449,718177651,"own hash, no publisher reference",19.550
ppl,data/cell_level/ppl_cell_level_manifest_box-snapshot_2026-09-02.csv,md5+sha256,,md5:00a5d46050465765e16907428174e397 sha256:dbaf9e9d144a8e821f1310a7e4ff0469b531d1f9a854428b8be1994b6221197b,6381,"own hash, no publisher reference",0.481
ppl,data/ESS_snapshot_20260825.json,md5+sha256,,md5:67fe939b16af1fc08fc89665c3c75e0c sha256:6f9ce185483e3b78a8e801d611e74d37875f443e237beed148639733d3f32088,1411,"own hash, no publisher reference",0.493
rwth-android,data/Dataset_from_Mobile_Battery_Data_Explorer_2026-04.zip,md5+sha256,,md5:a45f263eb3b513be664f58c7b12337ca sha256:73b542c36e0628392427f4144227092a14d9616a9d26901e4e30262005af69e5,76060541,"own hash, no publisher reference",2.000
rwth-home,data/Data_ID_01.zip,md5,a66d7eef3ad371a157519cc3eda9cbed,a66d7eef3ad371a157519cc3eda9cbed,973143312,match,23.890
rwth-home,data/Data_ID_02.zip,md5,de74d3e7e273806b2860014ecc989cbb,de74d3e7e273806b2860014ecc989cbb,1103425538,match,28.344
rwth-home,data/Data_ID_03.zip,md5,55039f1b5f512267987614b5093ab78a,55039f1b5f512267987614b5093ab78a,1153981898,match,31.490
rwth-home,data/Data_ID_04.zip,md5,17e4ba0c9a7dab64c8ae0ca3556e33ac,17e4ba0c9a7dab64c8ae0ca3556e33ac,907687347,match,23.174
rwth-home,data/Data_ID_05.zip,md5,56a18e3491a39da227b89b4c0656da59,56a18e3491a39da227b89b4c0656da59,855955141,match,22.285
rwth-home,data/Data_ID_06.zip,md5,27f4c1d5d4fb85bd9105fd2b027dc9dc,27f4c1d5d4fb85bd9105fd2b027dc9dc,999553292,match,26.755
rwth-home,data/Data_ID_07.zip,md5,e59f6d9bc8f593f003f14d1b28a4245e,e59f6d9bc8f593f003f14d1b28a4245e,2147184792,match,58.626
rwth-home,data/Data_ID_08.zip,md5,51979a1b808421e1c950253aad0c4bde,51979a1b808421e1c950253aad0c4bde,1024608389,match,30.171
rwth-home,data/Data_ID_09.zip,md5,115752411d830b904a67ec8ba824b45d,115752411d830b904a67ec8ba824b45d,1596772723,match,41.288
rwth-home,data/Data_ID_10.zip,md5,001078f3a37f2d2b28f2bebbab45e2db,001078f3a37f2d2b28f2bebbab45e2db,785190153,match,18.788
rwth-home,data/Data_ID_11.zip,md5,fb7ebf1b5cde25badd7709282b6254d8,fb7ebf1b5cde25badd7709282b6254d8,865844212,match,21.704
rwth-home,data/Data_ID_12.zip,md5,729b0565c7c9404844bd304805db794c,729b0565c7c9404844bd304805db794c,766641530,match,21.559
rwth-home,data/Data_ID_13.zip,md5,76aba4b4d36d893753bbb1b7d29b16d6,76aba4b4d36d893753bbb1b7d29b16d6,596341739,match,14.361
rwth-home,data/Data_ID_14.zip,md5,c9a2cd377ba747601b51ff02a8f421f7,c9a2cd377ba747601b51ff02a8f421f7,1841781891,match,47.619
rwth-home,data/Data_ID_15.zip,md5,2fe4921f22003f866074f99d647374b0,2fe4921f22003f866074f99d647374b0,814182405,match,21.273
rwth-home,data/Data_ID_16.zip,md5,f21ee396d938fbb370fe33979a9a8ed7,f21ee396d938fbb370fe33979a9a8ed7,796158915,match,20.417
rwth-home,data/Data_ID_17.zip,md5,36d5af3d77c3176bd20b6a4c884a05ae,36d5af3d77c3176bd20b6a4c884a05ae,576230771,match,15.065
rwth-home,data/Data_ID_18.zip,md5,f2b6b81e168acc8d56b13e5f0f1d6325,f2b6b81e168acc8d56b13e5f0f1d6325,333321035,match,8.181
rwth-home,data/Data_ID_19.zip,md5,58894900461aa379921ab605b1c9e2bd,58894900461aa379921ab605b1c9e2bd,632928731,match,16.607
rwth-home,data/Data_ID_20.zip,md5,834cbc6ac123053f20887c97de34a40f,834cbc6ac123053f20887c97de34a40f,1100352657,match,30.021
rwth-home,data/Data_ID_21.zip,md5,472b9fedf8b6fe6d4f35ea61a69603e9,472b9fedf8b6fe6d4f35ea61a69603e9,1253118231,match,30.992
rwth-home,data/Metadata_and_Code.zip,md5,23720da306f63fd2fd20fdc1a7b8f106,23720da306f63fd2fd20fdc1a7b8f106,31123,match,0.734
schaeffer,data/battery_system_sketch.pdf,md5,70b8ff15460c84de1743df74fa8741f7,70b8ff15460c84de1743df74fa8741f7,26096,match,0.623
schaeffer,data/code/BattGP_github_2025-01-07_6d5e1db3337f_code-only.zip,md5+sha256,,md5:6f263f90c8f19fb5cdbf6dccfe99b22e sha256:7fed74de40dc5cf7dfdde62183f3440f7a3debc6f5757e56df65429bf02cbfc0,140309,"own hash, no publisher reference",0.571
schaeffer,data/code/BattGP_github_2025-01-07_6d5e1db3337f_EXCLUDED.txt,md5+sha256,,md5:ec46397abe22ef3685dbe60c4fa4edb9 sha256:0f7337734e1f8460941b54c458670fad66c6fd9b23424469a40a671ca30d5cc2,537,"own hash, no publisher reference",0.548
schaeffer,data/field_data.zip,md5,827f508740c4154b7ff7b15de3b2c75d,827f508740c4154b7ff7b15de3b2c75d,1668409464,match,45.180
schaeffer,data/README.md,md5,5c214d4a18078a5707c1f6ee1520f27b,5c214d4a18078a5707c1f6ee1520f27b,2257,match,0.553
tumftm,data/electric-vehicle-uds-dataset/.gitattributes,md5+sha256,,md5:6c66163575397e2f486c051e144defb2 sha256:e46e3afaa57a69005cfd93a80e7744d9d6da411129a410b5f4ff208373305fb7,47,"own hash, no publisher reference",0.568
tumftm,data/electric-vehicle-uds-dataset/.gitignore,md5+sha256,,md5:694ba29c8958daad596cd12679ddac15 sha256:43d36b6fc4b1b8f1b1e7f70f9beec48b90ccf73431bf119003f63781f96c5de1,33,"own hash, no publisher reference",0.522
tumftm,data/electric-vehicle-uds-dataset/LICENSE,md5+sha256,,md5:c242d7dc438524a6012aefbfa820eb2e sha256:8946c49d9a63a62f5621f114027b2842ee914bd237590f2a5496d4b044c95af9,19755,"own hash, no publisher reference",0.629
tumftm,data/electric-vehicle-uds-dataset/main.ipynb,md5+sha256,,md5:e50119398a22fe6d129e33abdc1a9212 sha256:a295cc80aea5b53739ca189a3ddc0ce442629bb02d2318bc226fad04eec9e94b,2025,"own hash, no publisher reference",0.456
tumftm,data/electric-vehicle-uds-dataset/README.MD,md5+sha256,,md5:fa004d2dec5f76a554bbbe32adb7860a sha256:9f93ea16100ccae76823a6d0ae65e4f63ad80e946a3cbf837b3843a0c685cdf6,6157,"own hash, no publisher reference",0.500
tumftm,data/electric-vehicle-uds-dataset/requirements.txt,md5+sha256,,md5:120e4d8c659855d82b6d3a60d7695504 sha256:e6078e52a44b0d43ba11fd29defc4c01418913bc6ab70f94953be52bb5b16d79,55,"own hash, no publisher reference",0.504
xie,data/code/Code_for_Realistic_Multi_Fault_Diagnostics_zenodo-18327925_v1_2026-01-21_bundle.zip,md5+sha256,,md5:c9a46dee6f21db865a80f85304f99e8f sha256:1ab920a7b56d5ea7bff5304df63daf324c00092d33cc265cce994b688627eb35,857852,"own hash, no publisher reference",0.532
xie,data/code/readme_code.md,md5+sha256,,md5:a699b95c9fdd6e2be9f3daf654386a4a sha256:4e3b6079ed9777f2a0fe8b0690cc690881d3f8c58c774bf6b5da172e302102b8,1025,"own hash, no publisher reference",0.596
xie,data/DataForPub.rar,md5,321f9cef9bba62d00a9092a40c089977,321f9cef9bba62d00a9092a40c089977,155930964,match,2.727
xie,data/readme.md,md5,44a6e26616a90fbda2868ff8bdcb0abe,44a6e26616a90fbda2868ff8bdcb0abe,1914,match,0.490
xie,data/readme_superseded-1835B.md,md5+sha256,,md5:41ac6c3b1e7f0c5a8a0f0fedf78aa6eb sha256:a07b53d9467d2ba22712f97835279dbf729c8e078a6e7b63ce092bdd886aebfc,1835,"own hash, no publisher reference",0.609
zhang2023,data/battery_brand1.tar.gz,md5,8d32af34063c0475587c07f6021861a1,8d32af34063c0475587c07f6021861a1,1191991306,match,32.268
zhang2023,data/battery_brand2.tar.gz,md5,8e16ac45307edc13630bcf8b833f361e,8e16ac45307edc13630bcf8b833f361e,236920600,match,5.353
zhang2023,data/battery_brand3.tar.gz,md5,038e953f199bc86f356e03c88098df99,038e953f199bc86f356e03c88098df99,55469605,match,2.026
zhang2023,data/code/Battery_fault_detection_NC_github_github_2023-10-09_e1fa6b52daa2.zip,md5+sha256,,md5:24355ac25463740963bcbed74bff74b8 sha256:aaf15112929d7cb626257a8385d05ed0109e52b9f64614273b316245c299181f,327244,"own hash, no publisher reference",0.625
zhou2026,data/code/Ev-battery-cell-to-cell-inconsistency_github_2026-07-06_dc1dd9226d2c_code-only.zip,md5+sha256,,md5:6a16f525dee2b763d8160424908f2a3b sha256:f442411e32d6433e639ca06ab3714f2aa815936ccdc15f5beb054cd5dd8b7c4c,31467,"own hash, no publisher reference",0.612
zhou2026,data/code/Ev-battery-cell-to-cell-inconsistency_github_2026-07-06_dc1dd9226d2c_EXCLUDED.txt,md5+sha256,,md5:7bed01861409dc07c292581d754b704f sha256:06ce0401c51e9425254b1970e7b2d20c490eafdaf401310653f4fe2a768462fc,577,"own hash, no publisher reference",0.459
zhou2026,data/Vehicle data.zip,md5+sha256,,md5:f8f00e33a8be48a089efe7a97b3fc3b3 sha256:616db7f8a5f309ec32aeffd9765863bf9b87a2f20c8f6f8d28a80778ab118b53,2152839290,"own hash, no publisher reference",58.288
ku_leuven_bev,data/doi-10.48804-8kpdtw.zip :: BEV energy dynamic data_V2.zip,md5,cc2d63758b411c0f8d4b61bdaa1fff1c,cc2d63758b411c0f8d4b61bdaa1fff1c,162310975,match,2.763
ku_leuven_bev,data/doi-10.48804-8kpdtw.zip :: readme_V2.txt,md5,af00ec7244a6680beed61d34d4a8ed9b,af00ec7244a6680beed61d34d4a8ed9b,2004,match,0.000
ku_leuven_bev,data/code/BEV-data_github_2025-07-01_47072183ac49.zip,md5+sha256,,md5:ab6bf191e8a14bcbaad93238fb555e50 sha256:350f3446613de79356f0de6e54d8424780bf1114a5d0e490493e9b8ea1aa1d0f,23173,"own hash, no publisher reference",0.539
ku_leuven_bev,data/doi-10.48804-8kpdtw.zip,md5+sha256,,md5:65c1b289d34c1a5933cdda16355448e1 sha256:dd319f36332919fec7dad5cd078a5e2192e3cb0806e9974dc6bf52cd13736c3d,161636589,"own hash, no publisher reference",1.365
tsukuba,data/294ecef46cba01f6392560efe6c78a28.zip,md5,0344850ce209537c795f5a9a848c8430,0344850ce209537c795f5a9a848c8430,2725973323,match,88.211
flashbattery-agv,data/dataset.csv,md5,2faa82bd0c27763d4b12d4c58510a1f5,2faa82bd0c27763d4b12d4c58510a1f5,2265463,match,0.559
flashbattery-agv,data/README.adoc,md5+sha256,,md5:040c1cef4cb20fed5105144e417b451b sha256:3dcd08591110d89a0669a944824c6607652bf1bc03ce9ec6d909da296465412e,3289,"own hash, no publisher reference",0.502
bilfinger2024,data/data.zip :: m1737452/data/figures/00-POCV_DVA_ICA_VW_halfcells.pdf,sha512,6f315f84026604cfd8cd70370206cc44413455e7aa9a0324026b52bb59c2eedda5c47d334189d00eb62d6db7f4f276178cba131094bf254d95986eb9004b228e,6f315f84026604cfd8cd70370206cc44413455e7aa9a0324026b52bb59c2eedda5c47d334189d00eb62d6db7f4f276178cba131094bf254d95986eb9004b228e,123463,match,0.651
bilfinger2024,data/data.zip :: m1737452/data/figures/00-POCV_DVA_ICA_VW_halfcells.png,sha512,1dec15dbe8bde6fc68bf53de3c98f63620f4a5db4771492e799d30a77b2ca935941c71df136a4b1c5d2a3f9719325249ca6521e9d9dd9e7b5c46c886155048ce,1dec15dbe8bde6fc68bf53de3c98f63620f4a5db4771492e799d30a77b2ca935941c71df136a4b1c5d2a3f9719325249ca6521e9d9dd9e7b5c46c886155048ce,175887,match,0.003
bilfinger2024,data/data.zip :: m1737452/data/figures/01-POCV_DVA_ICA_VW_CC_vs_CP_crate_comp.pdf,sha512,a3edd3d83a8196fb63107a4a5f15bcd575f94cf7384e43ddf60ecb04479b773cb9f7fed1c5e924b3ebab7404aa8a71092c8571e8cce8b2c8f2b5f3160e9e32ef,a3edd3d83a8196fb63107a4a5f15bcd575f94cf7384e43ddf60ecb04479b773cb9f7fed1c5e924b3ebab7404aa8a71092c8571e8cce8b2c8f2b5f3160e9e32ef,173415,match,0.016
bilfinger2024,data/data.zip :: m1737452/data/figures/01-POCV_DVA_ICA_VW_CC_vs_CP_crate_comp.png,sha512,9c2f8f9ebd69ef6e0ead1c468cbd8ce49364e76e5d2548a76d39f0cede5b5175fe61ea57afd0e8c6721f95a1ba8c233dee6c3ec2a83aeca20c10e99e7bcfe39c,9c2f8f9ebd69ef6e0ead1c468cbd8ce49364e76e5d2548a76d39f0cede5b5175fe61ea57afd0e8c6721f95a1ba8c233dee6c3ec2a83aeca20c10e99e7bcfe39c,276299,match,0.006
bilfinger2024,data/data.zip :: m1737452/data/figures/02-DVA_ICA_Frequency_Plot_Tesla.pdf,sha512,211c6305a0f9ab2028202a2ad91298d0df231062920f9a012093892bd309494863825828301c81e14f9c943d9373c846eb5c86ad769c475a423dea394ef12524,211c6305a0f9ab2028202a2ad91298d0df231062920f9a012093892bd309494863825828301c81e14f9c943d9373c846eb5c86ad769c475a423dea394ef12524,405303,match,0.006
bilfinger2024,data/data.zip :: m1737452/data/figures/02-DVA_ICA_Frequency_Plot_Tesla.png,sha512,8933deea26805063e388b687e836b1b1ac7f115804e767457f849975826a072c49cb6296a65744dd55b0096efa54086a7f64f998e0ee6936da881b7046eea1d6,8933deea26805063e388b687e836b1b1ac7f115804e767457f849975826a072c49cb6296a65744dd55b0096efa54086a7f64f998e0ee6936da881b7046eea1d6,302043,match,0.007
bilfinger2024,data/data.zip :: m1737452/data/figures/03-DVA_ICA_Sample_Rate_Tesla.pdf,sha512,5519df288abec9c2c7706e2ae8af18a49c2d64e1ef844107722146d6b59b68d9057b9cbd399828941006d5807cc4f98c2eda101ac246d492c2ee01d08472a47d,5519df288abec9c2c7706e2ae8af18a49c2d64e1ef844107722146d6b59b68d9057b9cbd399828941006d5807cc4f98c2eda101ac246d492c2ee01d08472a47d,61166,match,0.003
bilfinger2024,data/data.zip :: m1737452/data/figures/03-DVA_ICA_Sample_Rate_Tesla.png,sha512,68eb835255390d62a8ab70aaece280beec0ffd33ed235c1bde879ace68d00e293dc68c354066e805b0215e1e3cb4c7a1505b59e404d35037f42f29d9217863da,68eb835255390d62a8ab70aaece280beec0ffd33ed235c1bde879ace68d00e293dc68c354066e805b0215e1e3cb4c7a1505b59e404d35037f42f29d9217863da,139396,match,0.003
bilfinger2024,data/data.zip :: m1737452/data/figures/04-POCV_DVA_ICA_VW_Tesla.pdf,sha512,a33fea618cb6fc13610a52b3c5b9ca4ab4b22cc20b0c2cee86d315916068c557bc9f3ea25cea8b8cec98ae6c7bfe2a7fa256d7f2fef408ecde16e2b9fa71e62c,a33fea618cb6fc13610a52b3c5b9ca4ab4b22cc20b0c2cee86d315916068c557bc9f3ea25cea8b8cec98ae6c7bfe2a7fa256d7f2fef408ecde16e2b9fa71e62c,126626,match,0.004
bilfinger2024,data/data.zip :: m1737452/data/figures/04-POCV_DVA_ICA_VW_Tesla.png,sha512,aa42a7427e50d510f29c6f6f0a2844b9af30e492999a2d912bd7b44b2b00f77537626ab8621e4541e6d8a4a073408e4c55b91afcc775ea0b0ecc98c7e0885841,aa42a7427e50d510f29c6f6f0a2844b9af30e492999a2d912bd7b44b2b00f77537626ab8621e4541e6d8a4a073408e4c55b91afcc775ea0b0ecc98c7e0885841,390981,match,0.006
bilfinger2024,data/data.zip :: m1737452/data/figures/05-POCV_DVA_ICA_VW_Tesla_aging.pdf,sha512,34bcd096175b1b1ccced2acb2b729394870c4a259204741aa515381fc16de6d7ed42fdda6afcfc4513452ed3083cc68fb44aee34e62294d452e85b6997a3e75e,34bcd096175b1b1ccced2acb2b729394870c4a259204741aa515381fc16de6d7ed42fdda6afcfc4513452ed3083cc68fb44aee34e62294d452e85b6997a3e75e,105232,match,0.001
bilfinger2024,data/data.zip :: m1737452/data/figures/05-POCV_DVA_ICA_VW_Tesla_aging.png,sha512,1d2a157a476ad81936ca59104690fbf8a8c502185f3b66a07d9c3253b7d265e9673e528b05ce7139df2afd247ba84b4334798c15a197343f00fb29a1935baf17,1d2a157a476ad81936ca59104690fbf8a8c502185f3b66a07d9c3253b7d265e9673e528b05ce7139df2afd247ba84b4334798c15a197343f00fb29a1935baf17,277844,match,0.003
bilfinger2024,data/data.zip :: m1737452/data/figures/06-SOH_Def_VW_SU.png,sha512,4fa0215a2f9819af452b34b6981f298f6274d47710fb988cc5247c259874c8820de76f4e56cac4a388a1ef4293a5a62ffdfc3813ea8439e18f49000cc55aff25,4fa0215a2f9819af452b34b6981f298f6274d47710fb988cc5247c259874c8820de76f4e56cac4a388a1ef4293a5a62ffdfc3813ea8439e18f49000cc55aff25,60642,match,0.001
bilfinger2024,data/data.zip :: m1737452/data/figures/06-SOH_Def_VW_SUpdf.png,sha512,451e58ff0213ab0af6a2d2faf0355b9eaab42ddc78bfdc65e464db50df2c6d24436086a804b0dc8b598a85282a9ced6723138dcf3952135ae939731d80a0b0da,451e58ff0213ab0af6a2d2faf0355b9eaab42ddc78bfdc65e464db50df2c6d24436086a804b0dc8b598a85282a9ced6723138dcf3952135ae939731d80a0b0da,13844,match,0.002
bilfinger2024,data/data.zip :: m1737452/data/font/Gulliver Regular.otf,sha512,7afb9ff328e0a8b2fa2a86f65d5fd612dd149a24ddb15b54547d6ffadb734e64c643c7a125acbb21925f61fa42bf6007ffb700b4b4d18e3d91e190f86f592df5,7afb9ff328e0a8b2fa2a86f65d5fd612dd149a24ddb15b54547d6ffadb734e64c643c7a125acbb21925f61fa42bf6007ffb700b4b4d18e3d91e190f86f592df5,39276,match,0.001
bilfinger2024,data/data.zip :: m1737452/data/font/STIXTwoText-Bold.ttf,sha512,0b53062c3de379a199be666a3ea5587d2dababd1e825e1f7d179389808e25232338aff5dca67182040aa20669dd084a1f68d472897141b80504da4cd84a9f97d,0b53062c3de379a199be666a3ea5587d2dababd1e825e1f7d179389808e25232338aff5dca67182040aa20669dd084a1f68d472897141b80504da4cd84a9f97d,190948,match,0.003
bilfinger2024,data/data.zip :: m1737452/data/font/STIXTwoText-Italic.ttf,sha512,112336132c027b66fe9da0b7b5ced779bd5658aedc199d23b40477621a225b13fb1e5743e158acb45bef6045ced70d7d42ce784167ab6adde31170ccad07ce84,112336132c027b66fe9da0b7b5ced779bd5658aedc199d23b40477621a225b13fb1e5743e158acb45bef6045ced70d7d42ce784167ab6adde31170ccad07ce84,205644,match,0.003
bilfinger2024,data/data.zip :: m1737452/data/font/STIXTwoText-Regular.ttf,sha512,d9b8789cdfc806cf2758c19b2eb9e7e6a71525c01b1bc4fbf4bde78d35d7f9764e9c0d82fd41ff65d6ad9e21d6b35f9f86207a9cae631816fb898b6b3bd5467d,d9b8789cdfc806cf2758c19b2eb9e7e6a71525c01b1bc4fbf4bde78d35d7f9764e9c0d82fd41ff65d6ad9e21d6b35f9f86207a9cae631816fb898b6b3bd5467d,190640,match,0.001
bilfinger2024,data/data.zip :: m1737452/data/Tesla/cell/Tesla_CATL_161Ah_LFP_20deg_C57.pkl,sha512,9323d0b5c3f853c33582ecb98204a7ac2364a4731c300796721cb800c92f72acc433a3998e1d4e95144774cdc8a3313da96c5ccd009f139f75ada8639e5a4b7e,9323d0b5c3f853c33582ecb98204a7ac2364a4731c300796721cb800c92f72acc433a3998e1d4e95144774cdc8a3313da96c5ccd009f139f75ada8639e5a4b7e,16864704,match,0.101
bilfinger2024,data/data.zip :: m1737452/data/Tesla/vehicle/Tesla_JB_8A_CEE7_C57_2021.pkl,sha512,3a821948b6a9114bca004deb88c7717a1faeb8768d34bd20d6ff705aec4fa3342448d5acb36d153562e05e7821054adc78f8ae5cd7175e30dee0a715de85a9e0,3a821948b6a9114bca004deb88c7717a1faeb8768d34bd20d6ff705aec4fa3342448d5acb36d153562e05e7821054adc78f8ae5cd7175e30dee0a715de85a9e0,19579755,match,0.106
bilfinger2024,data/data.zip :: m1737452/data/Tesla/vehicle/Tesla_JB_8A_CEE7_C57_2022.pkl,sha512,cb1bf9defeca6ad221f077d25761e4e7c35bf826a6388af577f9ba1e743d7f9fe198977721f33568fc8206d097f07b367e8183d67a3b82de3377d609c7a95ef6,cb1bf9defeca6ad221f077d25761e4e7c35bf826a6388af577f9ba1e743d7f9fe198977721f33568fc8206d097f07b367e8183d67a3b82de3377d609c7a95ef6,19085099,match,0.105
bilfinger2024,data/data.zip :: m1737452/data/VW/cell/VW_LG_78Ah_NMC_20deg_CC_C45.pkl,sha512,502b093148cf25e579d4a60fc879155e34f29d96d977440169f6cbf384ab12120aa75237444ed0db913a1068879c589d7e8fff6d0760c3f5af6754634ddad817,502b093148cf25e579d4a60fc879155e34f29d96d977440169f6cbf384ab12120aa75237444ed0db913a1068879c589d7e8fff6d0760c3f5af6754634ddad817,14069344,match,0.074
bilfinger2024,data/data.zip :: m1737452/data/VW/cell/VW_LG_78Ah_NMC_20deg_CC_C50.pkl,sha512,bd662133b0c220b04d186cf8262defb02399f3c91b07aa3eab413ee78115457883d34886641be324cdf83f1bce3254d1ccedc3b86037157d2e57c74eef0db2b7,bd662133b0c220b04d186cf8262defb02399f3c91b07aa3eab413ee78115457883d34886641be324cdf83f1bce3254d1ccedc3b86037157d2e57c74eef0db2b7,1663186,match,0.009
bilfinger2024,data/data.zip :: m1737452/data/VW/cell/VW_LG_78Ah_NMC_20deg_CC_C6.pkl,sha512,df79ec64189d0f9ce1155c3966d03294c3a31fbe91e421fe915097d5e80a005d4f802cdbbe6b3346b14e40a5822d9221e4079075c887f7f5278e0fef84473f20,df79ec64189d0f9ce1155c3966d03294c3a31fbe91e421fe915097d5e80a005d4f802cdbbe6b3346b14e40a5822d9221e4079075c887f7f5278e0fef84473f20,1860922,match,0.011
bilfinger2024,data/data.zip :: m1737452/data/VW/cell/VW_LG_78Ah_NMC_20deg_CP_C45.pkl,sha512,16d82c2c8d82d146d62ae4081a851732242217c90de105b5c6b8870c3e65b67c291a6b01694bfc28be21c898eafbdd896c349f1b820be53f8efdd1b1e4f261eb,16d82c2c8d82d146d62ae4081a851732242217c90de105b5c6b8870c3e65b67c291a6b01694bfc28be21c898eafbdd896c349f1b820be53f8efdd1b1e4f261eb,14269016,match,0.184
bilfinger2024,data/data.zip :: m1737452/data/VW/cell/VW_LG_78Ah_NMC_20deg_CP_C6.pkl,sha512,01c40424b10460d3bcfe44ae6140e2cbb3af82919c7828465fc2f002aa3de79d8832515c89983ccc80952fe785c54910bbd02f640a31e25c9ce926eb2c7048ca,01c40424b10460d3bcfe44ae6140e2cbb3af82919c7828465fc2f002aa3de79d8832515c89983ccc80952fe785c54910bbd02f640a31e25c9ce926eb2c7048ca,1894010,match,0.047
bilfinger2024,data/data.zip :: m1737452/data/VW/halfcell/VW_LG_78Ah_NMC_20deg_C50_Anode.pkl,sha512,b98b4e2c644bb6f257902c26d32857742351648266bd7ba86392b350860265d9a49c94b6b72b00131ebb64acc528ab75f100c86be1c665927de95923f2d6bcc0,b98b4e2c644bb6f257902c26d32857742351648266bd7ba86392b350860265d9a49c94b6b72b00131ebb64acc528ab75f100c86be1c665927de95923f2d6bcc0,1635473,match,0.032
bilfinger2024,data/data.zip :: m1737452/data/VW/halfcell/VW_LG_78Ah_NMC_20deg_C50_Cathode_ch.pkl,sha512,97de16d97c1e8d8b19e099d37b908b60e8971474911110f56a77c607fc445906caa302c535ed878f583f79c5de5c2927a2342c90a930d9b17c01e00f56953515,97de16d97c1e8d8b19e099d37b908b60e8971474911110f56a77c607fc445906caa302c535ed878f583f79c5de5c2927a2342c90a930d9b17c01e00f56953515,1895747,match,0.029
bilfinger2024,data/data.zip :: m1737452/data/VW/halfcell/VW_LG_78Ah_NMC_20deg_C50_Cathode_dch.pkl,sha512,daaa5f64e79891301f293183322e40632c745bd120ff421bbd87a02b2e9d9c5d0b67a1c64ce592e6d585fad0bc310b79fc5557abaeaae9cdc405807b0c8c02f4,daaa5f64e79891301f293183322e40632c745bd120ff421bbd87a02b2e9d9c5d0b67a1c64ce592e6d585fad0bc310b79fc5557abaeaae9cdc405807b0c8c02f4,1663713,match,0.039
bilfinger2024,data/data.zip :: m1737452/data/VW/vehicle/raw/VW_FTM_JB_8A_2021.pkl,sha512,4d15735274e1f032c870bc37b694fce45a000a8944653f7275a9c610dfd4118a1076dd612863ae5f3e812598ec8afe898ab89d57d562fcc19f8c511ad0d356b4,4d15735274e1f032c870bc37b694fce45a000a8944653f7275a9c610dfd4118a1076dd612863ae5f3e812598ec8afe898ab89d57d562fcc19f8c511ad0d356b4,61898933,match,3.511
bilfinger2024,data/data.zip :: m1737452/data/VW/vehicle/raw/VW_FTM_JB_8A_2023.pkl,sha512,10c9a2cbd948b3e2bf2de17654ef508dc7e98bd0e98319cb6f27b3a87f1515f3b3760f5cfe27df4f08b74eb94ea0ec385c7fd49a5ba928f725058950ee42bdc1,10c9a2cbd948b3e2bf2de17654ef508dc7e98bd0e98319cb6f27b3a87f1515f3b3760f5cfe27df4f08b74eb94ea0ec385c7fd49a5ba928f725058950ee42bdc1,33008563,match,0.555
bilfinger2024,data/data.zip :: m1737452/data/VW/vehicle/raw/VW_FTM_JB_8A_2024.feather,sha512,67714d0025ebf3a52268c437fbbfbcd075d07d1fa6be9a7e16cbe14aad830ad2113bc419d27ada5a66054cae1441c97118cee19cee6e8fb5c8c61955dc4ab426,67714d0025ebf3a52268c437fbbfbcd075d07d1fa6be9a7e16cbe14aad830ad2113bc419d27ada5a66054cae1441c97118cee19cee6e8fb5c8c61955dc4ab426,7792282,match,0.103
bilfinger2024,data/data.zip :: m1737452/data/VW/vehicle/VW_ID3_JB_8A_C40_2021.pkl,sha512,0df908b2bfdfbf5a7d55834984c2dc7ef14ec353140ce360c8a75d117e960365cd200a631e241588a2c544ca4dcafc0f78e523318065e63f20d086efe8f49c90,0df908b2bfdfbf5a7d55834984c2dc7ef14ec353140ce360c8a75d117e960365cd200a631e241588a2c544ca4dcafc0f78e523318065e63f20d086efe8f49c90,65736812,match,0.501
bilfinger2024,data/data.zip :: m1737452/data/VW/vehicle/VW_ID3_JB_8A_C40_2023.pkl,sha512,8abe448454834418592647bac47b6d2d5a3976f4a537647af7b8049290fc993cd1e9430579e84a9e01e8cf0053a381248a975de027cb478671c9563661e13d9c,8abe448454834418592647bac47b6d2d5a3976f4a537647af7b8049290fc993cd1e9430579e84a9e01e8cf0053a381248a975de027cb478671c9563661e13d9c,26566038,match,0.172
bilfinger2024,data/data.zip :: m1737452/data/VW/vehicle/VW_ID3_JB_8A_C40_2024.feather,sha512,140a95aff4ba6f5f03b9a9e18961de9353915acfc4f2050e4283550fdf048f1bb91592d8a5fcfe3d169381b5a1ab68f5a0e0258b5aa5cfafcef66b3ba74aa9f5,140a95aff4ba6f5f03b9a9e18961de9353915acfc4f2050e4283550fdf048f1bb91592d8a5fcfe3d169381b5a1ab68f5a0e0258b5aa5cfafcef66b3ba74aa9f5,9543970,match,0.058
bilfinger2024,data/code/.gitignore,md5+sha256,,md5:21ce5b1abceabb43425d56a94aca0886 sha256:725f7e8bd1fec51a34eeec3d1086582689e676c46d73f34628e70cc2c47debb6,1171,"own hash, no publisher reference",0.527
bilfinger2024,data/code/LICENSE,md5+sha256,,md5:e62637ea8a114355b985fd86c9ffbd6e sha256:230184f60bae2feaf244f10a8bac053c8ff33a183bcc365b4d8b876d2b7f4809,35823,"own hash, no publisher reference",0.631
bilfinger2024,data/code/notebooks/00-POCV_DVA_ICA_Halfcells.ipynb,md5+sha256,,md5:ca6d681e9a1506b984465e7563634379 sha256:513dbf7ebd3f27242fb01c689e390e04b47e1a7e6d9ca69f0098b81c6a8b33d7,211824,"own hash, no publisher reference",0.550
bilfinger2024,data/code/notebooks/01-DVA_ICA_CC_vs_CP.ipynb,md5+sha256,,md5:936c99f7a1a709cdba759d92e2d0aeb0 sha256:1bde1868e30be1bdbf239ab83bbb918fde01fbb947569abebac939b4a8ecac74,130039,"own hash, no publisher reference",0.672
bilfinger2024,data/code/notebooks/02-DVA_ICA_Frequency_Plot-Tesla.ipynb,md5+sha256,,md5:81ff1ae6158b6042d35071c16eda5d25 sha256:79d3d7b6dd6fb060c83f76dcca5605afd796ee1c9d4ee149309c9149b89c6e72,137215,"own hash, no publisher reference",0.519
bilfinger2024,data/code/notebooks/03-U_I_DVA_Sample_Rate-Tesla.ipynb,md5+sha256,,md5:39c80bc7e31dc0092ba1536f675c700b sha256:136dc9285c01ee259fe605ef73609d72fea65f709b2b4fc36183d39805654afa,116103,"own hash, no publisher reference",0.781
bilfinger2024,data/code/notebooks/04-pOCV_DVA_ICA_VW_Tesla.ipynb,md5+sha256,,md5:4878cd565e099efe46d330162d596af7 sha256:5dae86f8b4855f09ee8dfdfd6bdd813412ae6bb2eb5727617316b7721ee9dfc1,193618,"own hash, no publisher reference",0.544
bilfinger2024,data/code/notebooks/05-pOCV_DVA_ICA_VW_Tesla-Aging.ipynb,md5+sha256,,md5:731c78f0ca147a24ded3aae6d5d42765 sha256:8ee8f9fe496654032bc7e89a7170bbb563102b3572d60324c6d29048fa82812f,205590,"own hash, no publisher reference",0.539
bilfinger2024,data/code/notebooks/06-SOH-Calculation-IDSoftware.ipynb,md5+sha256,,md5:0150026471bd5bccd255394a322c5be1 sha256:1c2a0c6260db07916ac80a60c713524bb505bec8b9576959b5bfb1ae50462845,32505,"own hash, no publisher reference",0.520
bilfinger2024,data/code/notebooks/data_preprocessing/01-data-VW-cell.ipynb,md5+sha256,,md5:5df99f090f4681a55853deadcfff8916 sha256:76ad9521074c12a0fea8be119cdd8ba013d8bb5f483449e276b5b22973761c4c,275540,"own hash, no publisher reference",0.553
bilfinger2024,data/code/README.md,md5+sha256,,md5:b8d180f093fc239bbb812f6fe5a1f01b sha256:0a265ea50101603ef531be26fae08080b5ed18d397cbc230d5f220cd5a29f3f5,4112,"own hash, no publisher reference",0.535
bilfinger2024,data/code/requirements.txt,md5+sha256,,md5:cb41b7affd2086060d658cb65da293ff sha256:da9887888398cab8184da4ed407eea18fe4b06268caaa8a17c5a7255b4cfccef,4220,"own hash, no publisher reference",0.468
bilfinger2024,data/code/src/__init__.py,md5+sha256,,md5:d41d8cd98f00b204e9800998ecf8427e sha256:e3b0c44298fc1c149afbf4c8996fb92427ae41e4649b934ca495991b7852b855,0,"own hash, no publisher reference",0.010
bilfinger2024,data/code/src/__pycache__/__init__.cpython-313.pyc,md5+sha256,,md5:5243f7afe20117a596d1113ce079737a sha256:2f4ca472b3602c2d17858ba7fbf91610db435b4caf9ff442f348b7b3cf4d3a8e,243,"own hash, no publisher reference",0.562
bilfinger2024,data/code/src/config_base.py,md5+sha256,,md5:117c5c792f54613e3216d2a22e613d9f sha256:e264192d5a40bc15f7d9f6419bf1c3a7b1193edb6c36b43a1cd30bcc3ce52c45,465,"own hash, no publisher reference",0.570
bilfinger2024,data/code/src/config_vehicle_parameters.py,md5+sha256,,md5:913af2fad5540e3d576dcbb407e51d44 sha256:39c2ef80c5c87598c7b5e4151f32ffc14136916af76e364f7fcff91c55e84fa6,1026,"own hash, no publisher reference",0.488
bilfinger2024,data/code/src/data/__init__.py,md5+sha256,,md5:d41d8cd98f00b204e9800998ecf8427e sha256:e3b0c44298fc1c149afbf4c8996fb92427ae41e4649b934ca495991b7852b855,0,"own hash, no publisher reference",0.009
bilfinger2024,data/code/src/data/read_feather.py,md5+sha256,,md5:8a0bcebe37846594dc52aeec6c5e0a9c sha256:50204ddd8c9014352cca048529afa533be1bea52761a29652888ab52b7e46861,601,"own hash, no publisher reference",0.680
bilfinger2024,data/code/src/data/read_pickle.py,md5+sha256,,md5:084fbad88bd39e4d6d028dcc2af46239 sha256:7c16eeb1563efde3ea9f8564638f652b24c80080d746fa0b5c20605ebd304755,1954,"own hash, no publisher reference",0.495
bilfinger2024,data/code/src/filtering/__init__.py,md5+sha256,,md5:d41d8cd98f00b204e9800998ecf8427e sha256:e3b0c44298fc1c149afbf4c8996fb92427ae41e4649b934ca495991b7852b855,0,"own hash, no publisher reference",0.010
bilfinger2024,data/code/src/filtering/__pycache__/__init__.cpython-313.pyc,md5+sha256,,md5:3554547e87c57070efcf59189ad196c2 sha256:e180e7317f23cb4ff08c2b7929f645a325834f23a0770c886f4723602a0d7555,253,"own hash, no publisher reference",0.464
bilfinger2024,data/code/src/filtering/config_filtering.py,md5+sha256,,md5:e494fd36f458898bbfe3ac46d2f9c081 sha256:35ce3f8075a7ad360041a3097332e6ceb8e41d6fd54347ddf082107a3d8c455e,568,"own hash, no publisher reference",0.510
bilfinger2024,data/code/src/filtering/filter_methods.py,md5+sha256,,md5:f1c3846eb9000fd76ebe0f9152041ba3 sha256:98b588427c7b1928b78370885ec93469c4ba93991860771528bacc8ed27d3a2c,3425,"own hash, no publisher reference",0.536
bilfinger2024,data/code/src/utils/__init__.py,md5+sha256,,md5:d41d8cd98f00b204e9800998ecf8427e sha256:e3b0c44298fc1c149afbf4c8996fb92427ae41e4649b934ca495991b7852b855,0,"own hash, no publisher reference",0.018
bilfinger2024,data/code/src/utils/bode_utils.py,md5+sha256,,md5:9713b451c4a68a56b3c155bc26f34ee9 sha256:0bba9581ddc3cbbcfaa50d74d6058896645cd7cd4d82a06bf01caed787446f63,1896,"own hash, no publisher reference",0.549
bilfinger2024,data/code/src/utils/sample_frequency.py,md5+sha256,,md5:e6e3a471cfb47ed70208e818f0667d19 sha256:d8d85621340e954abb00a4c309d12215d49193b6570fc7d25a7e98743f22e890,495,"own hash, no publisher reference",0.540
bilfinger2024,data/code/src/visualization/__init__.py,md5+sha256,,md5:d41d8cd98f00b204e9800998ecf8427e sha256:e3b0c44298fc1c149afbf4c8996fb92427ae41e4649b934ca495991b7852b855,0,"own hash, no publisher reference",0.006
bilfinger2024,data/code/src/visualization/colormaps.py,md5+sha256,,md5:d4de94b87cc2d0661672ae4ecbad96ee sha256:23fcc2d14d945fe65588908636877196f4536c8fc128c0a8f86c12dd93cd95b5,2456,"own hash, no publisher reference",0.512
bilfinger2024,data/code/src/visualization/config_visualization.py,md5+sha256,,md5:9597f00e5bd82a428be05f42713d5a63 sha256:c9b1d384cedc46d279f3a822eb3d383df0ff703bdffdc2d246a2553058263007,3723,"own hash, no publisher reference",0.493
bilfinger2024,data/code/src/visualization/visualize_bode.py,md5+sha256,,md5:34fec722c8bf6c41fe880e4a4d4bf6aa sha256:d907f19e6443f5befa746d4c6918a1601e9cfee328b6bb166dbce72c0d1c3fe6,3598,"own hash, no publisher reference",0.495
bilfinger2024,data/code/src/visualization/visualize_EVS.py,md5+sha256,,md5:90d941bca045b73aa789a5f87ef82f59 sha256:aad755cc6b0f1e6ddd05cddec9ad4e7e491ac0f42291a52a5383f6ff02ef881a,2748,"own hash, no publisher reference",0.498
bilfinger2024,data/code/src/visualization/visualize_pOCV.py,md5+sha256,,md5:2c3a5037ad29ba54a690699eda5f8fac sha256:5a95c6cd380488e94a0e983c687aff63be3867b4ddc2ef5aa0f863aa04017b46,5713,"own hash, no publisher reference",0.471
bilfinger2024,data/code/src/voltage_capacity_analysis/__init__.py,md5+sha256,,md5:d41d8cd98f00b204e9800998ecf8427e sha256:e3b0c44298fc1c149afbf4c8996fb92427ae41e4649b934ca495991b7852b855,0,"own hash, no publisher reference",0.008
bilfinger2024,data/code/src/voltage_capacity_analysis/dva.py,md5+sha256,,md5:619e233a1defed6edbc8dd857343e6c3 sha256:ead747412d5dd084e8651cba2e9a158fa68199c940c6a47e855a1ad398fcbc40,5998,"own hash, no publisher reference",0.555
bilfinger2024,data/code/src/voltage_capacity_analysis/ica.py,md5+sha256,,md5:2e236fc8d877fbe9a8184ffd2117879d sha256:b58b7c822aaa2c4a9537d47fcf82914c59d52d74332bea5f369a0da4be2bfd9c,4589,"own hash, no publisher reference",0.559
bilfinger2024,data/code/src/voltage_capacity_analysis/vca_base.py,md5+sha256,,md5:b969bba62200929a1e3eaa98510b8e92 sha256:92c9eae640d2e4620cefd338a409609261f76163e27cbfb8a276776b7f522696,2876,"own hash, no publisher reference",0.516
bilfinger2024,data/data.zip,md5+sha256,,md5:3a47021268192e712274ea49f48bb0c8 sha256:71f8e706ae6ec6e92c013b597727cc3c01097ff906eae7f6328f39cdec03c8ae,302304324,"own hash, no publisher reference",2.401
bilfinger2024,data/extracted/m1737452/checksums.sha512,md5+sha256,,md5:ca3347a069730bd1d392d63d496968e7 sha256:7183ccf3a1defa126f1d2fedb4ad96abd01a9319b714d49b01505a4479fe5809,6158,"own hash, no publisher reference",0.469
bilfinger2024,data/extracted/m1737452/data/figures/06-SOH_Def_VW_SU.png,md5+sha256,,md5:ffd7ddaa72fa9af8d3606d9dd5ff7b25 sha256:04b13b8e4fccb8bc3fb47e61fce95c5a9e80039fc5913c417897b7086229c0a0,60642,"own hash, no publisher reference",0.517
bilfinger2024,data/extracted/m1737452/data/figures/06-SOH_Def_VW_SUpdf.png,md5+sha256,,md5:a687f2d3c614c9aef2fc5320951c559f sha256:331d5718270519ef6a277caab2b2f84594fbed88993a9c0a046192ede672f45a,13844,"own hash, no publisher reference",0.476
bilfinger2024,data/extracted/m1737452/data/font/Gulliver Regular.otf,md5+sha256,,md5:d85309da297be3a569e5913abbe08d4c sha256:e3f25841a72e4497b548179bd7eb72c132674fa2a4edfdd0a460b636aa18d758,39276,"own hash, no publisher reference",0.657
bilfinger2024,data/extracted/m1737452/data/font/STIXTwoText-Bold.ttf,md5+sha256,,md5:c3db8c59648c221d8e9cd1d8d0953a4e sha256:2c2d4cb39d0ddafe72e0e570537729128403fe28db31dde3a6d97150d5943db2,190948,"own hash, no publisher reference",0.560
bilfinger2024,data/extracted/m1737452/data/font/STIXTwoText-Italic.ttf,md5+sha256,,md5:fcde21ee8b9db63adaf231b6d75a4203 sha256:06ed475d9759ffb1632a3a15f0cbff7c350fe374ae9d33f6b4f90c0c9835280a,205644,"own hash, no publisher reference",0.747
bilfinger2024,data/extracted/m1737452/data/font/STIXTwoText-Regular.ttf,md5+sha256,,md5:b1fbfd4f8bd1eac905fb1c3f836ac2b3 sha256:a203430bd64519f9b745fb8db3f667e6b011ab092aad37de2365f8281ac6defb,190640,"own hash, no publisher reference",0.685
bilfinger2026,data/data.zip :: DVA_robustness/data/Cupra/Cupra_204_JB_8A_CEE7_C45.feather,sha512,4d7066be9cf430be55daeaafbbef2d3d3aefe504c43eeb7bb5e82117d55f30e09b1b2a9946eda24a7d43073947dfb76667a4b8cf56d21a11137563b2a7dcb769,4d7066be9cf430be55daeaafbbef2d3d3aefe504c43eeb7bb5e82117d55f30e09b1b2a9946eda24a7d43073947dfb76667a4b8cf56d21a11137563b2a7dcb769,11219114,match,1.836
bilfinger2026,data/data.zip :: DVA_robustness/data/Cupra/Cupra_213_JB_8A_CEE7_C45.feather,sha512,62698eca23cf5af467f600d41b9cdbf70ee9ce35929becc2d4163b15788f9ce05514690e7adc7c89c5e4009186391cc07e84cca562b1d434e79dfb22265326dd,62698eca23cf5af467f600d41b9cdbf70ee9ce35929becc2d4163b15788f9ce05514690e7adc7c89c5e4009186391cc07e84cca562b1d434e79dfb22265326dd,10398410,match,0.131
bilfinger2026,data/data.zip :: DVA_robustness/data/Cupra/Cupra_213_JB_8A_CEE7_C45_repeatability.feather,sha512,e0d9c81e44e6d0475d8070fca288811de45f11ff2b6d4963726b768597359feed55b38798aacf39694ff19fa26dbbe02333e81c1f191be116681e1729ee0bf8b,e0d9c81e44e6d0475d8070fca288811de45f11ff2b6d4963726b768597359feed55b38798aacf39694ff19fa26dbbe02333e81c1f191be116681e1729ee0bf8b,9276282,match,0.122
bilfinger2026,data/data.zip :: DVA_robustness/data/Cupra/Cupra_213_JB_8A_CEE7_C45_repeatability_2.feather,sha512,bbfc30e32e5d60a43505aa0b646dc1eec803fc605c46f1087b4de74d43070ee11fa30f91e859d249451d9032fa78423ee4e82dbb2e44036b4f02830883218b89,bbfc30e32e5d60a43505aa0b646dc1eec803fc605c46f1087b4de74d43070ee11fa30f91e859d249451d9032fa78423ee4e82dbb2e44036b4f02830883218b89,3062762,match,0.039
bilfinger2026,data/data.zip :: DVA_robustness/data/Cupra/Cupra_288_C10_discharge.feather,sha512,5aa3d3e35d41dd77152f3a6032ad54e8dd71316e3b180f4e4b420bda68b98a2161f146ffe844e0238c1c3fa6df824eba1f5f2b64f421731c6fc8f71163a3f32f,5aa3d3e35d41dd77152f3a6032ad54e8dd71316e3b180f4e4b420bda68b98a2161f146ffe844e0238c1c3fa6df824eba1f5f2b64f421731c6fc8f71163a3f32f,5474034,match,0.064
bilfinger2026,data/data.zip :: DVA_robustness/data/Cupra/Cupra_288_JB_10A_CEE16_C10.feather,sha512,400e722e351bf974ddd37044d3f94adfd8a99ece51df0b14ee757009622f3430bd51e62c58ebb62e74ea9f6113edb3f9d6f90bb100e45a85b4f9e027678f988f,400e722e351bf974ddd37044d3f94adfd8a99ece51df0b14ee757009622f3430bd51e62c58ebb62e74ea9f6113edb3f9d6f90bb100e45a85b4f9e027678f988f,2694194,match,0.036
bilfinger2026,data/data.zip :: DVA_robustness/data/Cupra/Cupra_288_JB_32A_CEE32_C6.feather,sha512,d86f8c9879b7756c647fb83e3e07fa67f2d1be4c88f7959947fce31343217b30280a2a48186dd2ee28824d2be7ff01c5fbe1fb185271a455f8c2e935518e7726,d86f8c9879b7756c647fb83e3e07fa67f2d1be4c88f7959947fce31343217b30280a2a48186dd2ee28824d2be7ff01c5fbe1fb185271a455f8c2e935518e7726,774586,match,0.006
bilfinger2026,data/data.zip :: DVA_robustness/data/Cupra/Cupra_288_JB_6A_CEE16_C17.feather,sha512,c984f0f839dd0ecea374cc9e50e50b205d707043ba6aa875b80a086d4257da68520c1d3291ecd24392afaae5faa5518d827a510e9d8d8386e710138e256f52cd,c984f0f839dd0ecea374cc9e50e50b205d707043ba6aa875b80a086d4257da68520c1d3291ecd24392afaae5faa5518d827a510e9d8d8386e710138e256f52cd,17741786,match,0.215
bilfinger2026,data/data.zip :: DVA_robustness/data/Cupra/Cupra_288_JB_6A_CEE16_C17_outside.feather,sha512,ed425f018d67532dd971c179a52150400dcbbfb1c8caa6038bdea548e24a960dce8d2349be0b2b3ca214beec9455cd944c0f097becefc0366af46ed208e3a0ba,ed425f018d67532dd971c179a52150400dcbbfb1c8caa6038bdea548e24a960dce8d2349be0b2b3ca214beec9455cd944c0f097becefc0366af46ed208e3a0ba,4072738,match,0.041
bilfinger2026,data/data.zip :: DVA_robustness/data/Cupra/Cupra_288_JB_8A_CEE7_C45.feather,sha512,9723b93463382d737d584d038b9711ab73009ad0f9b962a559ad15aa13ce0ea8a4c1e82b08e01e97dcd0a2c745ae66810bc99d9660012cc4307f5c1a2d45c3cc,9723b93463382d737d584d038b9711ab73009ad0f9b962a559ad15aa13ce0ea8a4c1e82b08e01e97dcd0a2c745ae66810bc99d9660012cc4307f5c1a2d45c3cc,3204794,match,0.050
bilfinger2026,data/data.zip :: DVA_robustness/data/Cupra/Cupra_349_JB_8A_CEE7_C45.feather,sha512,0d1629bbe128e6b2e4be4bf032e60f371b887bcb5c4a08e198ef8f7fdedd8e1cc81c2d45ac5698441a58cc78df4a649bc6d360bc1fd813cf12855a1a94ce4198,0d1629bbe128e6b2e4be4bf032e60f371b887bcb5c4a08e198ef8f7fdedd8e1cc81c2d45ac5698441a58cc78df4a649bc6d360bc1fd813cf12855a1a94ce4198,10679778,match,0.269
bilfinger2026,data/data.zip :: DVA_robustness/data/Cupra/Cupra_397_JB_8A_CEE7_C45.feather,sha512,45742814bb24fface1cc7eeb5a6572baf95704f6d00ecfe645ea96bb8fde720cc04973cc6261bf112734c735b8895a70f4db3e31b5db4b91dde239db3f7f7d73,45742814bb24fface1cc7eeb5a6572baf95704f6d00ecfe645ea96bb8fde720cc04973cc6261bf112734c735b8895a70f4db3e31b5db4b91dde239db3f7f7d73,10214330,match,0.233
bilfinger2026,data/data.zip :: DVA_robustness/data/font/STIXTwoText-Bold.ttf,sha512,0b53062c3de379a199be666a3ea5587d2dababd1e825e1f7d179389808e25232338aff5dca67182040aa20669dd084a1f68d472897141b80504da4cd84a9f97d,0b53062c3de379a199be666a3ea5587d2dababd1e825e1f7d179389808e25232338aff5dca67182040aa20669dd084a1f68d472897141b80504da4cd84a9f97d,190948,match,1.019
bilfinger2026,data/data.zip :: DVA_robustness/data/font/STIXTwoText-Italic.ttf,sha512,112336132c027b66fe9da0b7b5ced779bd5658aedc199d23b40477621a225b13fb1e5743e158acb45bef6045ced70d7d42ce784167ab6adde31170ccad07ce84,112336132c027b66fe9da0b7b5ced779bd5658aedc199d23b40477621a225b13fb1e5743e158acb45bef6045ced70d7d42ce784167ab6adde31170ccad07ce84,205644,match,0.009
bilfinger2026,data/data.zip :: DVA_robustness/data/font/STIXTwoText-Regular.ttf,sha512,d9b8789cdfc806cf2758c19b2eb9e7e6a71525c01b1bc4fbf4bde78d35d7f9764e9c0d82fd41ff65d6ad9e21d6b35f9f86207a9cae631816fb898b6b3bd5467d,d9b8789cdfc806cf2758c19b2eb9e7e6a71525c01b1bc4fbf4bde78d35d7f9764e9c0d82fd41ff65d6ad9e21d6b35f9f86207a9cae631816fb898b6b3bd5467d,190640,match,0.010
bilfinger2026,data/data.zip :: DVA_robustness/data/Tesla/Tesla_AC_10A_C8_w_cv.feather,sha512,6bdfa982657c0272a153c148151104633b0225cf158e99072bf37cc4de3a47c04154b7e0f512884ae48c7a9362f90c8378deab460f39b9b4e88a7fe101b975fc,6bdfa982657c0272a153c148151104633b0225cf158e99072bf37cc4de3a47c04154b7e0f512884ae48c7a9362f90c8378deab460f39b9b4e88a7fe101b975fc,2961482,match,0.023
bilfinger2026,data/data.zip :: DVA_robustness/data/Tesla/Tesla_AC_16A_C5_w_cv.feather,sha512,9c3124bc7167bdd299955bee8a40cb5e8386b0c93a5ed857e9d13ec0596346aca5c0e8972561c2c533f1eb4c0b15d37d0716034b51dafb76fb89c82e67b059c0,9c3124bc7167bdd299955bee8a40cb5e8386b0c93a5ed857e9d13ec0596346aca5c0e8972561c2c533f1eb4c0b15d37d0716034b51dafb76fb89c82e67b059c0,1960154,match,0.012
bilfinger2026,data/data.zip :: DVA_robustness/data/Tesla/Tesla_AC_5A_C17_w_cv.feather,sha512,6bfed5b38e0f85c408e4145cc1870c34fe476f9194fd52e9523ad2180539a61c1ffe0590d3575e819b10ea70317b07f685085d564d2d45a4b74ba58ab4ad85a7,6bfed5b38e0f85c408e4145cc1870c34fe476f9194fd52e9523ad2180539a61c1ffe0590d3575e819b10ea70317b07f685085d564d2d45a4b74ba58ab4ad85a7,5416282,match,0.095
bilfinger2026,data/data.zip :: DVA_robustness/data/Tesla/Tesla_AC_8A_C10_w_cv.feather,sha512,cee822ca3a1dce5dfd37d65fa1676fe00aa353c429ca697afc211c52551e5fd00efba9628a8fcf9e747479e3e1506b29bb9b41d664343f34b495298822ac5b1c,cee822ca3a1dce5dfd37d65fa1676fe00aa353c429ca697afc211c52551e5fd00efba9628a8fcf9e747479e3e1506b29bb9b41d664343f34b495298822ac5b1c,3459330,match,0.029
bilfinger2026,data/data.zip :: DVA_robustness/data/Tesla/Tesla_JB_6A_CEE16_C13_outside_w_cv.feather,sha512,b002649c4400c4d71d8328749ea4491ca7458975eb5b29bdf2896b02aa7d4513272836b1389bae331ffa9f383017b83018ecc006d4da20fac0b056ba606b0cd6,b002649c4400c4d71d8328749ea4491ca7458975eb5b29bdf2896b02aa7d4513272836b1389bae331ffa9f383017b83018ecc006d4da20fac0b056ba606b0cd6,4417450,match,0.029
bilfinger2026,data/data.zip :: DVA_robustness/data/Tesla/Tesla_JB_6A_CEE7_C57_2022_w_cv.feather,sha512,203de7cea823f5a0ea3df39ef0c571dcfe324b5019969fdc5e908da2e02441875e3a6192a9449c24548e31ee2f3241cab10601e16d994b1910e1846a7965fbc8,203de7cea823f5a0ea3df39ef0c571dcfe324b5019969fdc5e908da2e02441875e3a6192a9449c24548e31ee2f3241cab10601e16d994b1910e1846a7965fbc8,17948850,match,0.108
bilfinger2026,data/data.zip :: DVA_robustness/data/VW/cell/VW_LG_78Ah_NMC_20deg_CC_C50.feather,sha512,06079b714d78ab2e74c08321a5e7793b5348594c8af5b0d8f7212eceab561cfe19c4ca4654f640f5dd4ee5f782126d7f52accbeeb6bdf93cdf24ddf3bebaa646,06079b714d78ab2e74c08321a5e7793b5348594c8af5b0d8f7212eceab561cfe19c4ca4654f640f5dd4ee5f782126d7f52accbeeb6bdf93cdf24ddf3bebaa646,1080018,match,0.901
bilfinger2026,data/data.zip :: DVA_robustness/data/VW/halfcell/VW_LG_78Ah_NMC_20deg_C50_Anode.feather,sha512,ea8906778f00214f11fa047aba49a0a918c82644d03c605675c036228ea46cba6623b66fe6f51745b84a55a3f31730a050b862d7ff3b05b0e6b0a5434e5c50b2,ea8906778f00214f11fa047aba49a0a918c82644d03c605675c036228ea46cba6623b66fe6f51745b84a55a3f31730a050b862d7ff3b05b0e6b0a5434e5c50b2,880706,match,0.024
bilfinger2026,data/data.zip :: DVA_robustness/data/VW/halfcell/VW_LG_78Ah_NMC_20deg_C50_Cathode_ch.feather,sha512,9d3ca87575c3362bd8a64acf205a9fbc1f841d5bf82603df89ca0e7876a2e313bb3a055e432ac63c3b8356f6cb753d29fb41b78043c2156a9435cd2395ee8104,9d3ca87575c3362bd8a64acf205a9fbc1f841d5bf82603df89ca0e7876a2e313bb3a055e432ac63c3b8356f6cb753d29fb41b78043c2156a9435cd2395ee8104,1006386,match,0.025
bilfinger2026,data/data.zip :: DVA_robustness/data/VW/halfcell/VW_LG_78Ah_NMC_20deg_C50_Cathode_dch.feather,sha512,eac4625dedd4a5eaff4229c3d45a3083d24e7482d5b718cfe7d74dfa85a8278d42b6cfbb3c13fe4f6070a763dfc74901731db67f6d186902396500f274e6b786,eac4625dedd4a5eaff4229c3d45a3083d24e7482d5b718cfe7d74dfa85a8278d42b6cfbb3c13fe4f6070a763dfc74901731db67f6d186902396500f274e6b786,859378,match,0.037
bilfinger2026,data/data.zip :: DVA_robustness/data/VW/VW_ID3_FTM_8A_CEE7_Balancing.feather,sha512,25d9ffe35b6ff6c2e29d1659e72428eb7fe17a1f1a0e789399f39c5178e2aaaae43d9f4d032686574763050c22f54d1029d787c9ab1a6cbb2705873376b8d048,25d9ffe35b6ff6c2e29d1659e72428eb7fe17a1f1a0e789399f39c5178e2aaaae43d9f4d032686574763050c22f54d1029d787c9ab1a6cbb2705873376b8d048,133191258,match,1.071
bilfinger2026,data/data.zip :: DVA_robustness/data/VW/VW_ID3_FTM_8A_CEE7_RelaxHighSOC.feather,sha512,62867af63d372356f79254bd3f441f062bfe4273ab7cf5da7894aacf056ca653f9ea14f80b9a6737d6e4791f47f3f5bda25a79561ea2c8606046dddbb45ea2b5,62867af63d372356f79254bd3f441f062bfe4273ab7cf5da7894aacf056ca653f9ea14f80b9a6737d6e4791f47f3f5bda25a79561ea2c8606046dddbb45ea2b5,13448914,match,0.088
bilfinger2026,data/data.zip :: DVA_robustness/data/VW/VW_ID3_FTM_8A_CEE7_RelaxLowSOC.feather,sha512,95736d16b87089eb1ad593e950fd8d7e08aba11a4fd1ed852a03ea2b4ac581c702f71ceb3019d0a217189fa72388b4db2c0c2651fc8f05ec87f60420ce6fd384,95736d16b87089eb1ad593e950fd8d7e08aba11a4fd1ed852a03ea2b4ac581c702f71ceb3019d0a217189fa72388b4db2c0c2651fc8f05ec87f60420ce6fd384,11340666,match,0.545
bilfinger2026,data/data.zip :: DVA_robustness/data/VW/VW_ID3_FTM_JB_8A_CEE7_preRelax.feather,sha512,140a95aff4ba6f5f03b9a9e18961de9353915acfc4f2050e4283550fdf048f1bb91592d8a5fcfe3d169381b5a1ab68f5a0e0258b5aa5cfafcef66b3ba74aa9f5,140a95aff4ba6f5f03b9a9e18961de9353915acfc4f2050e4283550fdf048f1bb91592d8a5fcfe3d169381b5a1ab68f5a0e0258b5aa5cfafcef66b3ba74aa9f5,9543970,match,0.142
bilfinger2026,data/data.zip :: DVA_robustness/figures/01-FIG-DVA_halfcells.pdf,sha512,7da07a6c1eb74b18a2975dc9e72847c11902d3e7607e142a34d9943001d2b02c89ed24b3d8b58c2f03ec4498f0146424f5aafa7916ac4dc647fd2390ada87e07,7da07a6c1eb74b18a2975dc9e72847c11902d3e7607e142a34d9943001d2b02c89ed24b3d8b58c2f03ec4498f0146424f5aafa7916ac4dc647fd2390ada87e07,69748,match,0.004
bilfinger2026,data/data.zip :: DVA_robustness/figures/01-FIG-DVA_halfcells.png,sha512,332ecedd92080ca67c7aae5efb5af7d46cbd99e84107f08696db580426f0dd8ddd18ece904d1d98e2c95df01630e7eb6522ecc23d98d546756684c17645a469c,332ecedd92080ca67c7aae5efb5af7d46cbd99e84107f08696db580426f0dd8ddd18ece904d1d98e2c95df01630e7eb6522ecc23d98d546756684c17645a469c,85831,match,0.001
bilfinger2026,data/data.zip :: DVA_robustness/figures/02-FIG-C_Rate.pdf,sha512,04b446200f62215f9c8e03bc4a1d9f4c0479db06bc0956cdfe0de763c5a7457a23482fcdbb462b6f34f317954ea2f254651f7d112cb52e86cbe837789dbc28a0,04b446200f62215f9c8e03bc4a1d9f4c0479db06bc0956cdfe0de763c5a7457a23482fcdbb462b6f34f317954ea2f254651f7d112cb52e86cbe837789dbc28a0,341703,match,0.004
bilfinger2026,data/data.zip :: DVA_robustness/figures/02-FIG-C_Rate.png,sha512,dc164b8347aa25cd3ef98b2bc64c7aff0372edadef890290d059fd5f0e24a9dc47a84a2454c9c07dfdad66f98ac92408dcfcdd3024d48c054715873d9b3e2a0d,dc164b8347aa25cd3ef98b2bc64c7aff0372edadef890290d059fd5f0e24a9dc47a84a2454c9c07dfdad66f98ac92408dcfcdd3024d48c054715873d9b3e2a0d,370367,match,0.007
bilfinger2026,data/data.zip :: DVA_robustness/figures/03-FIG-Temperature.pdf,sha512,ef5f6b3eb64e36026e218c834000b38cf3e1b0c7d814e27a14ec3ec4c06ce36a6da147b422bbe8f49229e706750a9f04052a71caf2e644279a8666e17b35525f,ef5f6b3eb64e36026e218c834000b38cf3e1b0c7d814e27a14ec3ec4c06ce36a6da147b422bbe8f49229e706750a9f04052a71caf2e644279a8666e17b35525f,578811,match,0.006
bilfinger2026,data/data.zip :: DVA_robustness/figures/03-FIG-Temperature.png,sha512,5cf1c315d0397d96449af907ae98d05d49df2c417b4fe87bb709b714fc9900ddc63f4eca821799499cbaa1d865f098324c684d271889852b087340e377d919d3,5cf1c315d0397d96449af907ae98d05d49df2c417b4fe87bb709b714fc9900ddc63f4eca821799499cbaa1d865f098324c684d271889852b087340e377d919d3,291437,match,0.005
bilfinger2026,data/data.zip :: DVA_robustness/figures/04-FIG-Roundtrip.pdf,sha512,d2cdabce9821e29e8fdee2aa79190886575cbb2f4a24079ad1bc3837b839d88d825aa803abd8240be07642eba6075a90ccb92a0ad92350a01f7e07ea6dea977a,d2cdabce9821e29e8fdee2aa79190886575cbb2f4a24079ad1bc3837b839d88d825aa803abd8240be07642eba6075a90ccb92a0ad92350a01f7e07ea6dea977a,84927,match,0.004
bilfinger2026,data/data.zip :: DVA_robustness/figures/04-FIG-Roundtrip.png,sha512,39ef68793b5b34e5283da49417ac12c47a21ccf89a5cecad86ad232b541ff65874b8de4460a49ed4bceac5a827428f83bf0d3874c4a5b8cd921f2c4e09e4bc4d,39ef68793b5b34e5283da49417ac12c47a21ccf89a5cecad86ad232b541ff65874b8de4460a49ed4bceac5a827428f83bf0d3874c4a5b8cd921f2c4e09e4bc4d,193889,match,0.002
bilfinger2026,data/data.zip :: DVA_robustness/figures/05-FIG-Relaxation.pdf,sha512,c259d0579cc5aaba3021a5b382b92cc212bf73e3dcadc237708d979e559410513c5529b717fcef0314151fb931aa57704f21af8ecd103237be98161c87941e55,c259d0579cc5aaba3021a5b382b92cc212bf73e3dcadc237708d979e559410513c5529b717fcef0314151fb931aa57704f21af8ecd103237be98161c87941e55,109249,match,0.002
bilfinger2026,data/data.zip :: DVA_robustness/figures/05-FIG-Relaxation.png,sha512,f53956e47af047f1f809ca377f161c4eeb13a043f936c35358e7be0c1d8c37eb0f683fff7b0c1bbd672f2ceb9ad91ea0c89f5466635e8734808f7d62f817885a,f53956e47af047f1f809ca377f161c4eeb13a043f936c35358e7be0c1d8c37eb0f683fff7b0c1bbd672f2ceb9ad91ea0c89f5466635e8734808f7d62f817885a,161847,match,0.001
bilfinger2026,data/data.zip :: DVA_robustness/figures/06-FIG-Repeatability.pdf,sha512,f1788e72e78e8ef89f5ee4fe04c7422d7c06a363c51bd4d5932a27d9884097f23fd0e53fc8038e09025664a2a1b8b6c0c263e33f1e3dc1d6265f2e304663f424,f1788e72e78e8ef89f5ee4fe04c7422d7c06a363c51bd4d5932a27d9884097f23fd0e53fc8038e09025664a2a1b8b6c0c263e33f1e3dc1d6265f2e304663f424,93337,match,0.002
bilfinger2026,data/data.zip :: DVA_robustness/figures/06-FIG-Repeatability.png,sha512,c322afa84786a58a3ee11390f0c8726e0cc5859e57df24221f263a2de786b5a815180c439f5be7207f91e5583d6108ddd1dd206ed5a7788a62f621a96438fbd1,c322afa84786a58a3ee11390f0c8726e0cc5859e57df24221f263a2de786b5a815180c439f5be7207f91e5583d6108ddd1dd206ed5a7788a62f621a96438fbd1,161264,match,0.001
bilfinger2026,data/data.zip :: DVA_robustness/figures/07-FIG-Comparability.pdf,sha512,8c5f3391dce50709aa9936a3d3dd5fafb4a0fb1036ff70ddb38168ba3cca152ff0331aec4f82107ef4844459db2b9c416736a039f54e6501ee7c1e1c55797a44,8c5f3391dce50709aa9936a3d3dd5fafb4a0fb1036ff70ddb38168ba3cca152ff0331aec4f82107ef4844459db2b9c416736a039f54e6501ee7c1e1c55797a44,132650,match,0.002
bilfinger2026,data/data.zip :: DVA_robustness/figures/07-FIG-Comparability.png,sha512,e246280f713047278236f83fe8eb281da0d2738f0ad3f73a009d3e20b45ffbfb604a594f6f151b4e37680c85dabe36c025712cd61cf6fccef4f7e22bf10cc715,e246280f713047278236f83fe8eb281da0d2738f0ad3f73a009d3e20b45ffbfb604a594f6f151b4e37680c85dabe36c025712cd61cf6fccef4f7e22bf10cc715,175987,match,0.002
bilfinger2026,data/data.zip,md5+sha256,,md5:ea1398d9f6248ed89045a581b814d04b sha256:7bcbbd9e7978cabb9db8efdd5108c7a21d242cfcfa17daa5b770ede300e5b25b,299787786,"own hash, no publisher reference",2.462
cao,paper/Paper.pdf,md5+sha256,,md5:35ac17f435e0cbe5e6c9b3fbbe4cfbfd sha256:f7996459f06d4d67f00dfae803120ea73b69640a177aac0fcebf2dc770e5570f,15058341,"own hash, no publisher reference",1.626
cao,supplementary/Peer Review File.pdf,md5+sha256,,md5:089e97236d4e302b9e307a1a0fc308ba sha256:82bb00c78b6ac8a3d6025944597a78a3019fc7f655af8556e14a7bc6dfcc35a9,2689290,"own hash, no publisher reference",0.796
cao,supplementary/Source Data.zip,md5+sha256,,md5:61c5f3bde917f81938879f10daa3b170 sha256:215c2863983ac80ceb5a87219a2512892297a6acdb9da6813b208c7ae102cfd9,349937270,"own hash, no publisher reference",9.930
cao,supplementary/Supplementary Information.pdf,md5+sha256,,md5:8f5bc859e648c07b7cf4e8b504ec7966 sha256:318bc7246da1df5bef7dd8818fce85d6eeb246b9ff200a7e9696fd82dc0f5db2,2709025,"own hash, no publisher reference",0.866
bilfinger2024,data/data.zip :: m1737452/data/figures/00-POCV_DVA_ICA_VW_halfcells.pdf,sha512,6f315f84026604cfd8cd70370206cc44413455e7aa9a0324026b52bb59c2eedda5c47d334189d00eb62d6db7f4f276178cba131094bf254d95986eb9004b228e,6f315f84026604cfd8cd70370206cc44413455e7aa9a0324026b52bb59c2eedda5c47d334189d00eb62d6db7f4f276178cba131094bf254d95986eb9004b228e,123463,match,0.540
bilfinger2024,data/data.zip :: m1737452/data/figures/00-POCV_DVA_ICA_VW_halfcells.png,sha512,1dec15dbe8bde6fc68bf53de3c98f63620f4a5db4771492e799d30a77b2ca935941c71df136a4b1c5d2a3f9719325249ca6521e9d9dd9e7b5c46c886155048ce,1dec15dbe8bde6fc68bf53de3c98f63620f4a5db4771492e799d30a77b2ca935941c71df136a4b1c5d2a3f9719325249ca6521e9d9dd9e7b5c46c886155048ce,175887,match,0.006
bilfinger2024,data/data.zip :: m1737452/data/figures/01-POCV_DVA_ICA_VW_CC_vs_CP_crate_comp.pdf,sha512,a3edd3d83a8196fb63107a4a5f15bcd575f94cf7384e43ddf60ecb04479b773cb9f7fed1c5e924b3ebab7404aa8a71092c8571e8cce8b2c8f2b5f3160e9e32ef,a3edd3d83a8196fb63107a4a5f15bcd575f94cf7384e43ddf60ecb04479b773cb9f7fed1c5e924b3ebab7404aa8a71092c8571e8cce8b2c8f2b5f3160e9e32ef,173415,match,0.006
bilfinger2024,data/data.zip :: m1737452/data/figures/01-POCV_DVA_ICA_VW_CC_vs_CP_crate_comp.png,sha512,9c2f8f9ebd69ef6e0ead1c468cbd8ce49364e76e5d2548a76d39f0cede5b5175fe61ea57afd0e8c6721f95a1ba8c233dee6c3ec2a83aeca20c10e99e7bcfe39c,9c2f8f9ebd69ef6e0ead1c468cbd8ce49364e76e5d2548a76d39f0cede5b5175fe61ea57afd0e8c6721f95a1ba8c233dee6c3ec2a83aeca20c10e99e7bcfe39c,276299,match,0.012
bilfinger2024,data/data.zip :: m1737452/data/figures/02-DVA_ICA_Frequency_Plot_Tesla.pdf,sha512,211c6305a0f9ab2028202a2ad91298d0df231062920f9a012093892bd309494863825828301c81e14f9c943d9373c846eb5c86ad769c475a423dea394ef12524,211c6305a0f9ab2028202a2ad91298d0df231062920f9a012093892bd309494863825828301c81e14f9c943d9373c846eb5c86ad769c475a423dea394ef12524,405303,match,0.015
bilfinger2024,data/data.zip :: m1737452/data/figures/02-DVA_ICA_Frequency_Plot_Tesla.png,sha512,8933deea26805063e388b687e836b1b1ac7f115804e767457f849975826a072c49cb6296a65744dd55b0096efa54086a7f64f998e0ee6936da881b7046eea1d6,8933deea26805063e388b687e836b1b1ac7f115804e767457f849975826a072c49cb6296a65744dd55b0096efa54086a7f64f998e0ee6936da881b7046eea1d6,302043,match,0.012
bilfinger2024,data/data.zip :: m1737452/data/figures/03-DVA_ICA_Sample_Rate_Tesla.pdf,sha512,5519df288abec9c2c7706e2ae8af18a49c2d64e1ef844107722146d6b59b68d9057b9cbd399828941006d5807cc4f98c2eda101ac246d492c2ee01d08472a47d,5519df288abec9c2c7706e2ae8af18a49c2d64e1ef844107722146d6b59b68d9057b9cbd399828941006d5807cc4f98c2eda101ac246d492c2ee01d08472a47d,61166,match,0.005
bilfinger2024,data/data.zip :: m1737452/data/figures/03-DVA_ICA_Sample_Rate_Tesla.png,sha512,68eb835255390d62a8ab70aaece280beec0ffd33ed235c1bde879ace68d00e293dc68c354066e805b0215e1e3cb4c7a1505b59e404d35037f42f29d9217863da,68eb835255390d62a8ab70aaece280beec0ffd33ed235c1bde879ace68d00e293dc68c354066e805b0215e1e3cb4c7a1505b59e404d35037f42f29d9217863da,139396,match,0.003
bilfinger2024,data/data.zip :: m1737452/data/figures/04-POCV_DVA_ICA_VW_Tesla.pdf,sha512,a33fea618cb6fc13610a52b3c5b9ca4ab4b22cc20b0c2cee86d315916068c557bc9f3ea25cea8b8cec98ae6c7bfe2a7fa256d7f2fef408ecde16e2b9fa71e62c,a33fea618cb6fc13610a52b3c5b9ca4ab4b22cc20b0c2cee86d315916068c557bc9f3ea25cea8b8cec98ae6c7bfe2a7fa256d7f2fef408ecde16e2b9fa71e62c,126626,match,0.004
bilfinger2024,data/data.zip :: m1737452/data/figures/04-POCV_DVA_ICA_VW_Tesla.png,sha512,aa42a7427e50d510f29c6f6f0a2844b9af30e492999a2d912bd7b44b2b00f77537626ab8621e4541e6d8a4a073408e4c55b91afcc775ea0b0ecc98c7e0885841,aa42a7427e50d510f29c6f6f0a2844b9af30e492999a2d912bd7b44b2b00f77537626ab8621e4541e6d8a4a073408e4c55b91afcc775ea0b0ecc98c7e0885841,390981,match,0.018
bilfinger2024,data/data.zip :: m1737452/data/figures/05-POCV_DVA_ICA_VW_Tesla_aging.pdf,sha512,34bcd096175b1b1ccced2acb2b729394870c4a259204741aa515381fc16de6d7ed42fdda6afcfc4513452ed3083cc68fb44aee34e62294d452e85b6997a3e75e,34bcd096175b1b1ccced2acb2b729394870c4a259204741aa515381fc16de6d7ed42fdda6afcfc4513452ed3083cc68fb44aee34e62294d452e85b6997a3e75e,105232,match,0.002
bilfinger2024,data/data.zip :: m1737452/data/figures/05-POCV_DVA_ICA_VW_Tesla_aging.png,sha512,1d2a157a476ad81936ca59104690fbf8a8c502185f3b66a07d9c3253b7d265e9673e528b05ce7139df2afd247ba84b4334798c15a197343f00fb29a1935baf17,1d2a157a476ad81936ca59104690fbf8a8c502185f3b66a07d9c3253b7d265e9673e528b05ce7139df2afd247ba84b4334798c15a197343f00fb29a1935baf17,277844,match,0.016
bilfinger2024,data/data.zip :: m1737452/data/figures/06-SOH_Def_VW_SU.png,sha512,4fa0215a2f9819af452b34b6981f298f6274d47710fb988cc5247c259874c8820de76f4e56cac4a388a1ef4293a5a62ffdfc3813ea8439e18f49000cc55aff25,4fa0215a2f9819af452b34b6981f298f6274d47710fb988cc5247c259874c8820de76f4e56cac4a388a1ef4293a5a62ffdfc3813ea8439e18f49000cc55aff25,60642,match,0.002
bilfinger2024,data/data.zip :: m1737452/data/figures/06-SOH_Def_VW_SUpdf.png,sha512,451e58ff0213ab0af6a2d2faf0355b9eaab42ddc78bfdc65e464db50df2c6d24436086a804b0dc8b598a85282a9ced6723138dcf3952135ae939731d80a0b0da,451e58ff0213ab0af6a2d2faf0355b9eaab42ddc78bfdc65e464db50df2c6d24436086a804b0dc8b598a85282a9ced6723138dcf3952135ae939731d80a0b0da,13844,match,0.001
bilfinger2024,data/data.zip :: m1737452/data/font/Gulliver Regular.otf,sha512,7afb9ff328e0a8b2fa2a86f65d5fd612dd149a24ddb15b54547d6ffadb734e64c643c7a125acbb21925f61fa42bf6007ffb700b4b4d18e3d91e190f86f592df5,7afb9ff328e0a8b2fa2a86f65d5fd612dd149a24ddb15b54547d6ffadb734e64c643c7a125acbb21925f61fa42bf6007ffb700b4b4d18e3d91e190f86f592df5,39276,match,0.001
bilfinger2024,data/data.zip :: m1737452/data/font/STIXTwoText-Bold.ttf,sha512,0b53062c3de379a199be666a3ea5587d2dababd1e825e1f7d179389808e25232338aff5dca67182040aa20669dd084a1f68d472897141b80504da4cd84a9f97d,0b53062c3de379a199be666a3ea5587d2dababd1e825e1f7d179389808e25232338aff5dca67182040aa20669dd084a1f68d472897141b80504da4cd84a9f97d,190948,match,0.006
bilfinger2024,data/data.zip :: m1737452/data/font/STIXTwoText-Italic.ttf,sha512,112336132c027b66fe9da0b7b5ced779bd5658aedc199d23b40477621a225b13fb1e5743e158acb45bef6045ced70d7d42ce784167ab6adde31170ccad07ce84,112336132c027b66fe9da0b7b5ced779bd5658aedc199d23b40477621a225b13fb1e5743e158acb45bef6045ced70d7d42ce784167ab6adde31170ccad07ce84,205644,match,0.003
bilfinger2024,data/data.zip :: m1737452/data/font/STIXTwoText-Regular.ttf,sha512,d9b8789cdfc806cf2758c19b2eb9e7e6a71525c01b1bc4fbf4bde78d35d7f9764e9c0d82fd41ff65d6ad9e21d6b35f9f86207a9cae631816fb898b6b3bd5467d,d9b8789cdfc806cf2758c19b2eb9e7e6a71525c01b1bc4fbf4bde78d35d7f9764e9c0d82fd41ff65d6ad9e21d6b35f9f86207a9cae631816fb898b6b3bd5467d,190640,match,0.004
bilfinger2024,data/data.zip :: m1737452/data/Tesla/cell/Tesla_CATL_161Ah_LFP_20deg_C57.pkl,sha512,9323d0b5c3f853c33582ecb98204a7ac2364a4731c300796721cb800c92f72acc433a3998e1d4e95144774cdc8a3313da96c5ccd009f139f75ada8639e5a4b7e,9323d0b5c3f853c33582ecb98204a7ac2364a4731c300796721cb800c92f72acc433a3998e1d4e95144774cdc8a3313da96c5ccd009f139f75ada8639e5a4b7e,16864704,match,0.087
bilfinger2024,data/data.zip :: m1737452/data/Tesla/vehicle/Tesla_JB_8A_CEE7_C57_2021.pkl,sha512,3a821948b6a9114bca004deb88c7717a1faeb8768d34bd20d6ff705aec4fa3342448d5acb36d153562e05e7821054adc78f8ae5cd7175e30dee0a715de85a9e0,3a821948b6a9114bca004deb88c7717a1faeb8768d34bd20d6ff705aec4fa3342448d5acb36d153562e05e7821054adc78f8ae5cd7175e30dee0a715de85a9e0,19579755,match,0.691
bilfinger2024,data/data.zip :: m1737452/data/Tesla/vehicle/Tesla_JB_8A_CEE7_C57_2022.pkl,sha512,cb1bf9defeca6ad221f077d25761e4e7c35bf826a6388af577f9ba1e743d7f9fe198977721f33568fc8206d097f07b367e8183d67a3b82de3377d609c7a95ef6,cb1bf9defeca6ad221f077d25761e4e7c35bf826a6388af577f9ba1e743d7f9fe198977721f33568fc8206d097f07b367e8183d67a3b82de3377d609c7a95ef6,19085099,match,0.375
bilfinger2024,data/data.zip :: m1737452/data/VW/cell/VW_LG_78Ah_NMC_20deg_CC_C45.pkl,sha512,502b093148cf25e579d4a60fc879155e34f29d96d977440169f6cbf384ab12120aa75237444ed0db913a1068879c589d7e8fff6d0760c3f5af6754634ddad817,502b093148cf25e579d4a60fc879155e34f29d96d977440169f6cbf384ab12120aa75237444ed0db913a1068879c589d7e8fff6d0760c3f5af6754634ddad817,14069344,match,0.244
bilfinger2024,data/data.zip :: m1737452/data/VW/cell/VW_LG_78Ah_NMC_20deg_CC_C50.pkl,sha512,bd662133b0c220b04d186cf8262defb02399f3c91b07aa3eab413ee78115457883d34886641be324cdf83f1bce3254d1ccedc3b86037157d2e57c74eef0db2b7,bd662133b0c220b04d186cf8262defb02399f3c91b07aa3eab413ee78115457883d34886641be324cdf83f1bce3254d1ccedc3b86037157d2e57c74eef0db2b7,1663186,match,0.009
bilfinger2024,data/data.zip :: m1737452/data/VW/cell/VW_LG_78Ah_NMC_20deg_CC_C6.pkl,sha512,df79ec64189d0f9ce1155c3966d03294c3a31fbe91e421fe915097d5e80a005d4f802cdbbe6b3346b14e40a5822d9221e4079075c887f7f5278e0fef84473f20,df79ec64189d0f9ce1155c3966d03294c3a31fbe91e421fe915097d5e80a005d4f802cdbbe6b3346b14e40a5822d9221e4079075c887f7f5278e0fef84473f20,1860922,match,0.010
bilfinger2024,data/data.zip :: m1737452/data/VW/cell/VW_LG_78Ah_NMC_20deg_CP_C45.pkl,sha512,16d82c2c8d82d146d62ae4081a851732242217c90de105b5c6b8870c3e65b67c291a6b01694bfc28be21c898eafbdd896c349f1b820be53f8efdd1b1e4f261eb,16d82c2c8d82d146d62ae4081a851732242217c90de105b5c6b8870c3e65b67c291a6b01694bfc28be21c898eafbdd896c349f1b820be53f8efdd1b1e4f261eb,14269016,match,0.164
bilfinger2024,data/data.zip :: m1737452/data/VW/cell/VW_LG_78Ah_NMC_20deg_CP_C6.pkl,sha512,01c40424b10460d3bcfe44ae6140e2cbb3af82919c7828465fc2f002aa3de79d8832515c89983ccc80952fe785c54910bbd02f640a31e25c9ce926eb2c7048ca,01c40424b10460d3bcfe44ae6140e2cbb3af82919c7828465fc2f002aa3de79d8832515c89983ccc80952fe785c54910bbd02f640a31e25c9ce926eb2c7048ca,1894010,match,0.015
bilfinger2024,data/data.zip :: m1737452/data/VW/halfcell/VW_LG_78Ah_NMC_20deg_C50_Anode.pkl,sha512,b98b4e2c644bb6f257902c26d32857742351648266bd7ba86392b350860265d9a49c94b6b72b00131ebb64acc528ab75f100c86be1c665927de95923f2d6bcc0,b98b4e2c644bb6f257902c26d32857742351648266bd7ba86392b350860265d9a49c94b6b72b00131ebb64acc528ab75f100c86be1c665927de95923f2d6bcc0,1635473,match,0.023
bilfinger2024,data/data.zip :: m1737452/data/VW/halfcell/VW_LG_78Ah_NMC_20deg_C50_Cathode_ch.pkl,sha512,97de16d97c1e8d8b19e099d37b908b60e8971474911110f56a77c607fc445906caa302c535ed878f583f79c5de5c2927a2342c90a930d9b17c01e00f56953515,97de16d97c1e8d8b19e099d37b908b60e8971474911110f56a77c607fc445906caa302c535ed878f583f79c5de5c2927a2342c90a930d9b17c01e00f56953515,1895747,match,0.016
bilfinger2024,data/data.zip :: m1737452/data/VW/halfcell/VW_LG_78Ah_NMC_20deg_C50_Cathode_dch.pkl,sha512,daaa5f64e79891301f293183322e40632c745bd120ff421bbd87a02b2e9d9c5d0b67a1c64ce592e6d585fad0bc310b79fc5557abaeaae9cdc405807b0c8c02f4,daaa5f64e79891301f293183322e40632c745bd120ff421bbd87a02b2e9d9c5d0b67a1c64ce592e6d585fad0bc310b79fc5557abaeaae9cdc405807b0c8c02f4,1663713,match,0.019
bilfinger2024,data/data.zip :: m1737452/data/VW/vehicle/raw/VW_FTM_JB_8A_2021.pkl,sha512,4d15735274e1f032c870bc37b694fce45a000a8944653f7275a9c610dfd4118a1076dd612863ae5f3e812598ec8afe898ab89d57d562fcc19f8c511ad0d356b4,4d15735274e1f032c870bc37b694fce45a000a8944653f7275a9c610dfd4118a1076dd612863ae5f3e812598ec8afe898ab89d57d562fcc19f8c511ad0d356b4,61898933,match,2.594
bilfinger2024,data/data.zip :: m1737452/data/VW/vehicle/raw/VW_FTM_JB_8A_2023.pkl,sha512,10c9a2cbd948b3e2bf2de17654ef508dc7e98bd0e98319cb6f27b3a87f1515f3b3760f5cfe27df4f08b74eb94ea0ec385c7fd49a5ba928f725058950ee42bdc1,10c9a2cbd948b3e2bf2de17654ef508dc7e98bd0e98319cb6f27b3a87f1515f3b3760f5cfe27df4f08b74eb94ea0ec385c7fd49a5ba928f725058950ee42bdc1,33008563,match,0.592
bilfinger2024,data/data.zip :: m1737452/data/VW/vehicle/raw/VW_FTM_JB_8A_2024.feather,sha512,67714d0025ebf3a52268c437fbbfbcd075d07d1fa6be9a7e16cbe14aad830ad2113bc419d27ada5a66054cae1441c97118cee19cee6e8fb5c8c61955dc4ab426,67714d0025ebf3a52268c437fbbfbcd075d07d1fa6be9a7e16cbe14aad830ad2113bc419d27ada5a66054cae1441c97118cee19cee6e8fb5c8c61955dc4ab426,7792282,match,0.158
bilfinger2024,data/data.zip :: m1737452/data/VW/vehicle/VW_ID3_JB_8A_C40_2021.pkl,sha512,0df908b2bfdfbf5a7d55834984c2dc7ef14ec353140ce360c8a75d117e960365cd200a631e241588a2c544ca4dcafc0f78e523318065e63f20d086efe8f49c90,0df908b2bfdfbf5a7d55834984c2dc7ef14ec353140ce360c8a75d117e960365cd200a631e241588a2c544ca4dcafc0f78e523318065e63f20d086efe8f49c90,65736812,match,0.472
bilfinger2024,data/data.zip :: m1737452/data/VW/vehicle/VW_ID3_JB_8A_C40_2023.pkl,sha512,8abe448454834418592647bac47b6d2d5a3976f4a537647af7b8049290fc993cd1e9430579e84a9e01e8cf0053a381248a975de027cb478671c9563661e13d9c,8abe448454834418592647bac47b6d2d5a3976f4a537647af7b8049290fc993cd1e9430579e84a9e01e8cf0053a381248a975de027cb478671c9563661e13d9c,26566038,match,0.173
bilfinger2024,data/data.zip :: m1737452/data/VW/vehicle/VW_ID3_JB_8A_C40_2024.feather,sha512,140a95aff4ba6f5f03b9a9e18961de9353915acfc4f2050e4283550fdf048f1bb91592d8a5fcfe3d169381b5a1ab68f5a0e0258b5aa5cfafcef66b3ba74aa9f5,140a95aff4ba6f5f03b9a9e18961de9353915acfc4f2050e4283550fdf048f1bb91592d8a5fcfe3d169381b5a1ab68f5a0e0258b5aa5cfafcef66b3ba74aa9f5,9543970,match,0.053
bilfinger2024,paper/Paper.pdf,md5+sha256,,md5:6196d0ee6592fc6ff9818c135742a97a sha256:9d36639e7916efe9909a87172ea7f1083d38de615be9db92f96313c06f888cf2,2623353,"own hash, no publisher reference",1.160
bilfinger2026,data/data.zip :: DVA_robustness/data/Cupra/Cupra_204_JB_8A_CEE7_C45.feather,sha512,4d7066be9cf430be55daeaafbbef2d3d3aefe504c43eeb7bb5e82117d55f30e09b1b2a9946eda24a7d43073947dfb76667a4b8cf56d21a11137563b2a7dcb769,4d7066be9cf430be55daeaafbbef2d3d3aefe504c43eeb7bb5e82117d55f30e09b1b2a9946eda24a7d43073947dfb76667a4b8cf56d21a11137563b2a7dcb769,11219114,match,0.069
bilfinger2026,data/data.zip :: DVA_robustness/data/Cupra/Cupra_213_JB_8A_CEE7_C45.feather,sha512,62698eca23cf5af467f600d41b9cdbf70ee9ce35929becc2d4163b15788f9ce05514690e7adc7c89c5e4009186391cc07e84cca562b1d434e79dfb22265326dd,62698eca23cf5af467f600d41b9cdbf70ee9ce35929becc2d4163b15788f9ce05514690e7adc7c89c5e4009186391cc07e84cca562b1d434e79dfb22265326dd,10398410,match,0.055
bilfinger2026,data/data.zip :: DVA_robustness/data/Cupra/Cupra_213_JB_8A_CEE7_C45_repeatability.feather,sha512,e0d9c81e44e6d0475d8070fca288811de45f11ff2b6d4963726b768597359feed55b38798aacf39694ff19fa26dbbe02333e81c1f191be116681e1729ee0bf8b,e0d9c81e44e6d0475d8070fca288811de45f11ff2b6d4963726b768597359feed55b38798aacf39694ff19fa26dbbe02333e81c1f191be116681e1729ee0bf8b,9276282,match,0.054
bilfinger2026,data/data.zip :: DVA_robustness/data/Cupra/Cupra_213_JB_8A_CEE7_C45_repeatability_2.feather,sha512,bbfc30e32e5d60a43505aa0b646dc1eec803fc605c46f1087b4de74d43070ee11fa30f91e859d249451d9032fa78423ee4e82dbb2e44036b4f02830883218b89,bbfc30e32e5d60a43505aa0b646dc1eec803fc605c46f1087b4de74d43070ee11fa30f91e859d249451d9032fa78423ee4e82dbb2e44036b4f02830883218b89,3062762,match,0.019
bilfinger2026,data/data.zip :: DVA_robustness/data/Cupra/Cupra_288_C10_discharge.feather,sha512,5aa3d3e35d41dd77152f3a6032ad54e8dd71316e3b180f4e4b420bda68b98a2161f146ffe844e0238c1c3fa6df824eba1f5f2b64f421731c6fc8f71163a3f32f,5aa3d3e35d41dd77152f3a6032ad54e8dd71316e3b180f4e4b420bda68b98a2161f146ffe844e0238c1c3fa6df824eba1f5f2b64f421731c6fc8f71163a3f32f,5474034,match,0.030
bilfinger2026,data/data.zip :: DVA_robustness/data/Cupra/Cupra_288_JB_10A_CEE16_C10.feather,sha512,400e722e351bf974ddd37044d3f94adfd8a99ece51df0b14ee757009622f3430bd51e62c58ebb62e74ea9f6113edb3f9d6f90bb100e45a85b4f9e027678f988f,400e722e351bf974ddd37044d3f94adfd8a99ece51df0b14ee757009622f3430bd51e62c58ebb62e74ea9f6113edb3f9d6f90bb100e45a85b4f9e027678f988f,2694194,match,0.015
bilfinger2026,data/data.zip :: DVA_robustness/data/Cupra/Cupra_288_JB_32A_CEE32_C6.feather,sha512,d86f8c9879b7756c647fb83e3e07fa67f2d1be4c88f7959947fce31343217b30280a2a48186dd2ee28824d2be7ff01c5fbe1fb185271a455f8c2e935518e7726,d86f8c9879b7756c647fb83e3e07fa67f2d1be4c88f7959947fce31343217b30280a2a48186dd2ee28824d2be7ff01c5fbe1fb185271a455f8c2e935518e7726,774586,match,0.003
bilfinger2026,data/data.zip :: DVA_robustness/data/Cupra/Cupra_288_JB_6A_CEE16_C17.feather,sha512,c984f0f839dd0ecea374cc9e50e50b205d707043ba6aa875b80a086d4257da68520c1d3291ecd24392afaae5faa5518d827a510e9d8d8386e710138e256f52cd,c984f0f839dd0ecea374cc9e50e50b205d707043ba6aa875b80a086d4257da68520c1d3291ecd24392afaae5faa5518d827a510e9d8d8386e710138e256f52cd,17741786,match,0.228
bilfinger2026,data/data.zip :: DVA_robustness/data/Cupra/Cupra_288_JB_6A_CEE16_C17_outside.feather,sha512,ed425f018d67532dd971c179a52150400dcbbfb1c8caa6038bdea548e24a960dce8d2349be0b2b3ca214beec9455cd944c0f097becefc0366af46ed208e3a0ba,ed425f018d67532dd971c179a52150400dcbbfb1c8caa6038bdea548e24a960dce8d2349be0b2b3ca214beec9455cd944c0f097becefc0366af46ed208e3a0ba,4072738,match,0.121
bilfinger2026,data/data.zip :: DVA_robustness/data/Cupra/Cupra_288_JB_8A_CEE7_C45.feather,sha512,9723b93463382d737d584d038b9711ab73009ad0f9b962a559ad15aa13ce0ea8a4c1e82b08e01e97dcd0a2c745ae66810bc99d9660012cc4307f5c1a2d45c3cc,9723b93463382d737d584d038b9711ab73009ad0f9b962a559ad15aa13ce0ea8a4c1e82b08e01e97dcd0a2c745ae66810bc99d9660012cc4307f5c1a2d45c3cc,3204794,match,0.065
bilfinger2026,data/data.zip :: DVA_robustness/data/Cupra/Cupra_349_JB_8A_CEE7_C45.feather,sha512,0d1629bbe128e6b2e4be4bf032e60f371b887bcb5c4a08e198ef8f7fdedd8e1cc81c2d45ac5698441a58cc78df4a649bc6d360bc1fd813cf12855a1a94ce4198,0d1629bbe128e6b2e4be4bf032e60f371b887bcb5c4a08e198ef8f7fdedd8e1cc81c2d45ac5698441a58cc78df4a649bc6d360bc1fd813cf12855a1a94ce4198,10679778,match,0.276
bilfinger2026,data/data.zip :: DVA_robustness/data/Cupra/Cupra_397_JB_8A_CEE7_C45.feather,sha512,45742814bb24fface1cc7eeb5a6572baf95704f6d00ecfe645ea96bb8fde720cc04973cc6261bf112734c735b8895a70f4db3e31b5db4b91dde239db3f7f7d73,45742814bb24fface1cc7eeb5a6572baf95704f6d00ecfe645ea96bb8fde720cc04973cc6261bf112734c735b8895a70f4db3e31b5db4b91dde239db3f7f7d73,10214330,match,0.481
bilfinger2026,data/data.zip :: DVA_robustness/data/font/STIXTwoText-Bold.ttf,sha512,0b53062c3de379a199be666a3ea5587d2dababd1e825e1f7d179389808e25232338aff5dca67182040aa20669dd084a1f68d472897141b80504da4cd84a9f97d,0b53062c3de379a199be666a3ea5587d2dababd1e825e1f7d179389808e25232338aff5dca67182040aa20669dd084a1f68d472897141b80504da4cd84a9f97d,190948,match,0.920
bilfinger2026,data/data.zip :: DVA_robustness/data/font/STIXTwoText-Italic.ttf,sha512,112336132c027b66fe9da0b7b5ced779bd5658aedc199d23b40477621a225b13fb1e5743e158acb45bef6045ced70d7d42ce784167ab6adde31170ccad07ce84,112336132c027b66fe9da0b7b5ced779bd5658aedc199d23b40477621a225b13fb1e5743e158acb45bef6045ced70d7d42ce784167ab6adde31170ccad07ce84,205644,match,0.009
bilfinger2026,data/data.zip :: DVA_robustness/data/font/STIXTwoText-Regular.ttf,sha512,d9b8789cdfc806cf2758c19b2eb9e7e6a71525c01b1bc4fbf4bde78d35d7f9764e9c0d82fd41ff65d6ad9e21d6b35f9f86207a9cae631816fb898b6b3bd5467d,d9b8789cdfc806cf2758c19b2eb9e7e6a71525c01b1bc4fbf4bde78d35d7f9764e9c0d82fd41ff65d6ad9e21d6b35f9f86207a9cae631816fb898b6b3bd5467d,190640,match,0.005
bilfinger2026,data/data.zip :: DVA_robustness/data/Tesla/Tesla_AC_10A_C8_w_cv.feather,sha512,6bdfa982657c0272a153c148151104633b0225cf158e99072bf37cc4de3a47c04154b7e0f512884ae48c7a9362f90c8378deab460f39b9b4e88a7fe101b975fc,6bdfa982657c0272a153c148151104633b0225cf158e99072bf37cc4de3a47c04154b7e0f512884ae48c7a9362f90c8378deab460f39b9b4e88a7fe101b975fc,2961482,match,0.058
bilfinger2026,data/data.zip :: DVA_robustness/data/Tesla/Tesla_AC_16A_C5_w_cv.feather,sha512,9c3124bc7167bdd299955bee8a40cb5e8386b0c93a5ed857e9d13ec0596346aca5c0e8972561c2c533f1eb4c0b15d37d0716034b51dafb76fb89c82e67b059c0,9c3124bc7167bdd299955bee8a40cb5e8386b0c93a5ed857e9d13ec0596346aca5c0e8972561c2c533f1eb4c0b15d37d0716034b51dafb76fb89c82e67b059c0,1960154,match,0.010
bilfinger2026,data/data.zip :: DVA_robustness/data/Tesla/Tesla_AC_5A_C17_w_cv.feather,sha512,6bfed5b38e0f85c408e4145cc1870c34fe476f9194fd52e9523ad2180539a61c1ffe0590d3575e819b10ea70317b07f685085d564d2d45a4b74ba58ab4ad85a7,6bfed5b38e0f85c408e4145cc1870c34fe476f9194fd52e9523ad2180539a61c1ffe0590d3575e819b10ea70317b07f685085d564d2d45a4b74ba58ab4ad85a7,5416282,match,0.036
bilfinger2026,data/data.zip :: DVA_robustness/data/Tesla/Tesla_AC_8A_C10_w_cv.feather,sha512,cee822ca3a1dce5dfd37d65fa1676fe00aa353c429ca697afc211c52551e5fd00efba9628a8fcf9e747479e3e1506b29bb9b41d664343f34b495298822ac5b1c,cee822ca3a1dce5dfd37d65fa1676fe00aa353c429ca697afc211c52551e5fd00efba9628a8fcf9e747479e3e1506b29bb9b41d664343f34b495298822ac5b1c,3459330,match,0.018
bilfinger2026,data/data.zip :: DVA_robustness/data/Tesla/Tesla_JB_6A_CEE16_C13_outside_w_cv.feather,sha512,b002649c4400c4d71d8328749ea4491ca7458975eb5b29bdf2896b02aa7d4513272836b1389bae331ffa9f383017b83018ecc006d4da20fac0b056ba606b0cd6,b002649c4400c4d71d8328749ea4491ca7458975eb5b29bdf2896b02aa7d4513272836b1389bae331ffa9f383017b83018ecc006d4da20fac0b056ba606b0cd6,4417450,match,0.021
bilfinger2026,data/data.zip :: DVA_robustness/data/Tesla/Tesla_JB_6A_CEE7_C57_2022_w_cv.feather,sha512,203de7cea823f5a0ea3df39ef0c571dcfe324b5019969fdc5e908da2e02441875e3a6192a9449c24548e31ee2f3241cab10601e16d994b1910e1846a7965fbc8,203de7cea823f5a0ea3df39ef0c571dcfe324b5019969fdc5e908da2e02441875e3a6192a9449c24548e31ee2f3241cab10601e16d994b1910e1846a7965fbc8,17948850,match,0.159
bilfinger2026,data/data.zip :: DVA_robustness/data/VW/cell/VW_LG_78Ah_NMC_20deg_CC_C50.feather,sha512,06079b714d78ab2e74c08321a5e7793b5348594c8af5b0d8f7212eceab561cfe19c4ca4654f640f5dd4ee5f782126d7f52accbeeb6bdf93cdf24ddf3bebaa646,06079b714d78ab2e74c08321a5e7793b5348594c8af5b0d8f7212eceab561cfe19c4ca4654f640f5dd4ee5f782126d7f52accbeeb6bdf93cdf24ddf3bebaa646,1080018,match,0.768
bilfinger2026,data/data.zip :: DVA_robustness/data/VW/halfcell/VW_LG_78Ah_NMC_20deg_C50_Anode.feather,sha512,ea8906778f00214f11fa047aba49a0a918c82644d03c605675c036228ea46cba6623b66fe6f51745b84a55a3f31730a050b862d7ff3b05b0e6b0a5434e5c50b2,ea8906778f00214f11fa047aba49a0a918c82644d03c605675c036228ea46cba6623b66fe6f51745b84a55a3f31730a050b862d7ff3b05b0e6b0a5434e5c50b2,880706,match,0.007
bilfinger2026,data/data.zip :: DVA_robustness/data/VW/halfcell/VW_LG_78Ah_NMC_20deg_C50_Cathode_ch.feather,sha512,9d3ca87575c3362bd8a64acf205a9fbc1f841d5bf82603df89ca0e7876a2e313bb3a055e432ac63c3b8356f6cb753d29fb41b78043c2156a9435cd2395ee8104,9d3ca87575c3362bd8a64acf205a9fbc1f841d5bf82603df89ca0e7876a2e313bb3a055e432ac63c3b8356f6cb753d29fb41b78043c2156a9435cd2395ee8104,1006386,match,0.017
bilfinger2026,data/data.zip :: DVA_robustness/data/VW/halfcell/VW_LG_78Ah_NMC_20deg_C50_Cathode_dch.feather,sha512,eac4625dedd4a5eaff4229c3d45a3083d24e7482d5b718cfe7d74dfa85a8278d42b6cfbb3c13fe4f6070a763dfc74901731db67f6d186902396500f274e6b786,eac4625dedd4a5eaff4229c3d45a3083d24e7482d5b718cfe7d74dfa85a8278d42b6cfbb3c13fe4f6070a763dfc74901731db67f6d186902396500f274e6b786,859378,match,0.041
bilfinger2026,data/data.zip :: DVA_robustness/data/VW/VW_ID3_FTM_8A_CEE7_Balancing.feather,sha512,25d9ffe35b6ff6c2e29d1659e72428eb7fe17a1f1a0e789399f39c5178e2aaaae43d9f4d032686574763050c22f54d1029d787c9ab1a6cbb2705873376b8d048,25d9ffe35b6ff6c2e29d1659e72428eb7fe17a1f1a0e789399f39c5178e2aaaae43d9f4d032686574763050c22f54d1029d787c9ab1a6cbb2705873376b8d048,133191258,match,3.789
bilfinger2026,data/data.zip :: DVA_robustness/data/VW/VW_ID3_FTM_8A_CEE7_RelaxHighSOC.feather,sha512,62867af63d372356f79254bd3f441f062bfe4273ab7cf5da7894aacf056ca653f9ea14f80b9a6737d6e4791f47f3f5bda25a79561ea2c8606046dddbb45ea2b5,62867af63d372356f79254bd3f441f062bfe4273ab7cf5da7894aacf056ca653f9ea14f80b9a6737d6e4791f47f3f5bda25a79561ea2c8606046dddbb45ea2b5,13448914,match,0.380
bilfinger2026,data/data.zip :: DVA_robustness/data/VW/VW_ID3_FTM_8A_CEE7_RelaxLowSOC.feather,sha512,95736d16b87089eb1ad593e950fd8d7e08aba11a4fd1ed852a03ea2b4ac581c702f71ceb3019d0a217189fa72388b4db2c0c2651fc8f05ec87f60420ce6fd384,95736d16b87089eb1ad593e950fd8d7e08aba11a4fd1ed852a03ea2b4ac581c702f71ceb3019d0a217189fa72388b4db2c0c2651fc8f05ec87f60420ce6fd384,11340666,match,0.183
bilfinger2026,data/data.zip :: DVA_robustness/data/VW/VW_ID3_FTM_JB_8A_CEE7_preRelax.feather,sha512,140a95aff4ba6f5f03b9a9e18961de9353915acfc4f2050e4283550fdf048f1bb91592d8a5fcfe3d169381b5a1ab68f5a0e0258b5aa5cfafcef66b3ba74aa9f5,140a95aff4ba6f5f03b9a9e18961de9353915acfc4f2050e4283550fdf048f1bb91592d8a5fcfe3d169381b5a1ab68f5a0e0258b5aa5cfafcef66b3ba74aa9f5,9543970,match,0.256
bilfinger2026,data/data.zip :: DVA_robustness/figures/01-FIG-DVA_halfcells.pdf,sha512,7da07a6c1eb74b18a2975dc9e72847c11902d3e7607e142a34d9943001d2b02c89ed24b3d8b58c2f03ec4498f0146424f5aafa7916ac4dc647fd2390ada87e07,7da07a6c1eb74b18a2975dc9e72847c11902d3e7607e142a34d9943001d2b02c89ed24b3d8b58c2f03ec4498f0146424f5aafa7916ac4dc647fd2390ada87e07,69748,match,0.005
bilfinger2026,data/data.zip :: DVA_robustness/figures/01-FIG-DVA_halfcells.png,sha512,332ecedd92080ca67c7aae5efb5af7d46cbd99e84107f08696db580426f0dd8ddd18ece904d1d98e2c95df01630e7eb6522ecc23d98d546756684c17645a469c,332ecedd92080ca67c7aae5efb5af7d46cbd99e84107f08696db580426f0dd8ddd18ece904d1d98e2c95df01630e7eb6522ecc23d98d546756684c17645a469c,85831,match,0.002
bilfinger2026,data/data.zip :: DVA_robustness/figures/02-FIG-C_Rate.pdf,sha512,04b446200f62215f9c8e03bc4a1d9f4c0479db06bc0956cdfe0de763c5a7457a23482fcdbb462b6f34f317954ea2f254651f7d112cb52e86cbe837789dbc28a0,04b446200f62215f9c8e03bc4a1d9f4c0479db06bc0956cdfe0de763c5a7457a23482fcdbb462b6f34f317954ea2f254651f7d112cb52e86cbe837789dbc28a0,341703,match,0.005
bilfinger2026,data/data.zip :: DVA_robustness/figures/02-FIG-C_Rate.png,sha512,dc164b8347aa25cd3ef98b2bc64c7aff0372edadef890290d059fd5f0e24a9dc47a84a2454c9c07dfdad66f98ac92408dcfcdd3024d48c054715873d9b3e2a0d,dc164b8347aa25cd3ef98b2bc64c7aff0372edadef890290d059fd5f0e24a9dc47a84a2454c9c07dfdad66f98ac92408dcfcdd3024d48c054715873d9b3e2a0d,370367,match,0.005
bilfinger2026,data/data.zip :: DVA_robustness/figures/03-FIG-Temperature.pdf,sha512,ef5f6b3eb64e36026e218c834000b38cf3e1b0c7d814e27a14ec3ec4c06ce36a6da147b422bbe8f49229e706750a9f04052a71caf2e644279a8666e17b35525f,ef5f6b3eb64e36026e218c834000b38cf3e1b0c7d814e27a14ec3ec4c06ce36a6da147b422bbe8f49229e706750a9f04052a71caf2e644279a8666e17b35525f,578811,match,0.004
bilfinger2026,data/data.zip :: DVA_robustness/figures/03-FIG-Temperature.png,sha512,5cf1c315d0397d96449af907ae98d05d49df2c417b4fe87bb709b714fc9900ddc63f4eca821799499cbaa1d865f098324c684d271889852b087340e377d919d3,5cf1c315d0397d96449af907ae98d05d49df2c417b4fe87bb709b714fc9900ddc63f4eca821799499cbaa1d865f098324c684d271889852b087340e377d919d3,291437,match,0.001
bilfinger2026,data/data.zip :: DVA_robustness/figures/04-FIG-Roundtrip.pdf,sha512,d2cdabce9821e29e8fdee2aa79190886575cbb2f4a24079ad1bc3837b839d88d825aa803abd8240be07642eba6075a90ccb92a0ad92350a01f7e07ea6dea977a,d2cdabce9821e29e8fdee2aa79190886575cbb2f4a24079ad1bc3837b839d88d825aa803abd8240be07642eba6075a90ccb92a0ad92350a01f7e07ea6dea977a,84927,match,0.001
bilfinger2026,data/data.zip :: DVA_robustness/figures/04-FIG-Roundtrip.png,sha512,39ef68793b5b34e5283da49417ac12c47a21ccf89a5cecad86ad232b541ff65874b8de4460a49ed4bceac5a827428f83bf0d3874c4a5b8cd921f2c4e09e4bc4d,39ef68793b5b34e5283da49417ac12c47a21ccf89a5cecad86ad232b541ff65874b8de4460a49ed4bceac5a827428f83bf0d3874c4a5b8cd921f2c4e09e4bc4d,193889,match,0.002
bilfinger2026,data/data.zip :: DVA_robustness/figures/05-FIG-Relaxation.pdf,sha512,c259d0579cc5aaba3021a5b382b92cc212bf73e3dcadc237708d979e559410513c5529b717fcef0314151fb931aa57704f21af8ecd103237be98161c87941e55,c259d0579cc5aaba3021a5b382b92cc212bf73e3dcadc237708d979e559410513c5529b717fcef0314151fb931aa57704f21af8ecd103237be98161c87941e55,109249,match,0.001
bilfinger2026,data/data.zip :: DVA_robustness/figures/05-FIG-Relaxation.png,sha512,f53956e47af047f1f809ca377f161c4eeb13a043f936c35358e7be0c1d8c37eb0f683fff7b0c1bbd672f2ceb9ad91ea0c89f5466635e8734808f7d62f817885a,f53956e47af047f1f809ca377f161c4eeb13a043f936c35358e7be0c1d8c37eb0f683fff7b0c1bbd672f2ceb9ad91ea0c89f5466635e8734808f7d62f817885a,161847,match,0.002
bilfinger2026,data/data.zip :: DVA_robustness/figures/06-FIG-Repeatability.pdf,sha512,f1788e72e78e8ef89f5ee4fe04c7422d7c06a363c51bd4d5932a27d9884097f23fd0e53fc8038e09025664a2a1b8b6c0c263e33f1e3dc1d6265f2e304663f424,f1788e72e78e8ef89f5ee4fe04c7422d7c06a363c51bd4d5932a27d9884097f23fd0e53fc8038e09025664a2a1b8b6c0c263e33f1e3dc1d6265f2e304663f424,93337,match,0.005
bilfinger2026,data/data.zip :: DVA_robustness/figures/06-FIG-Repeatability.png,sha512,c322afa84786a58a3ee11390f0c8726e0cc5859e57df24221f263a2de786b5a815180c439f5be7207f91e5583d6108ddd1dd206ed5a7788a62f621a96438fbd1,c322afa84786a58a3ee11390f0c8726e0cc5859e57df24221f263a2de786b5a815180c439f5be7207f91e5583d6108ddd1dd206ed5a7788a62f621a96438fbd1,161264,match,0.002
bilfinger2026,data/data.zip :: DVA_robustness/figures/07-FIG-Comparability.pdf,sha512,8c5f3391dce50709aa9936a3d3dd5fafb4a0fb1036ff70ddb38168ba3cca152ff0331aec4f82107ef4844459db2b9c416736a039f54e6501ee7c1e1c55797a44,8c5f3391dce50709aa9936a3d3dd5fafb4a0fb1036ff70ddb38168ba3cca152ff0331aec4f82107ef4844459db2b9c416736a039f54e6501ee7c1e1c55797a44,132650,match,0.004
bilfinger2026,data/data.zip :: DVA_robustness/figures/07-FIG-Comparability.png,sha512,e246280f713047278236f83fe8eb281da0d2738f0ad3f73a009d3e20b45ffbfb604a594f6f151b4e37680c85dabe36c025712cd61cf6fccef4f7e22bf10cc715,e246280f713047278236f83fe8eb281da0d2738f0ad3f73a009d3e20b45ffbfb604a594f6f151b4e37680c85dabe36c025712cd61cf6fccef4f7e22bf10cc715,175987,match,0.002
bilfinger2026,paper/Paper.pdf,md5+sha256,,md5:a46a27e0e208fcb5c96f3b4b42397422 sha256:2e95f4c4a249a866fa2e9b201291b8ab10fc23330cb2f8c84665a675aa362bdb,3670554,"own hash, no publisher reference",0.848
changan,paper/Paper.pdf,md5+sha256,,md5:1d02cd04d20e613584149d9591f0146e sha256:fa1a7a49ab48a5dfd6b06b27f423f26c65d37ea14c01aa9c4a5a2ba6f3ec766d,2562994,"own hash, no publisher reference",0.914
changan,supplementary/Source Data.zip,md5+sha256,,md5:3ee1d5bf1dbdc25820b971f9a3142184 sha256:e2fde493b5152f22d3e983512952e7d0a52b29297c7a69b847b9813ffa21a1ff,1371066,"own hash, no publisher reference",0.563
changan,supplementary/Supplementary Information.pdf,md5+sha256,,md5:c6570a62da853e52e29ee344ab597872 sha256:d6144525a09b0243ca4ea6f5e6d871a715e09b3a376767f943dffb782121e224,4125797,"own hash, no publisher reference",1.021
changan,supplementary/Transparent Peer Review file.pdf,md5+sha256,,md5:a4cc799a885640a4e1fd2800240873ec sha256:8046d5059b9f4cc3bb533300f2421357f0fb1ee21d35b3c31a6a862099cc77f5,1483356,"own hash, no publisher reference",0.708
deng,supplementary/Supplementary materials.pdf,md5+sha256,,md5:a990616929965b7773d7bda4a6eb1a7d sha256:75524b7776168a2ffb2842ad9683a156bb2d1029618b99cf26df6e13b150e8f2,758732,"own hash, no publisher reference",0.705
evbattery,paper/Paper.pdf,md5+sha256,,md5:802771c0c80804d81f63ee5a268a00a1 sha256:9643bb13629d9a5d2a95c1b163d569b4969b103a92ab0e96c443408aa6991460,655999,"own hash, no publisher reference",0.637
flashbattery-agv,paper/PENDING.txt,md5+sha256,,md5:495a853d80136a5a534257fa87956dec sha256:be783c5735192f4a712e3232f5f26c9438e8285adfa1382d8296cfdc44e6982e,102,"own hash, no publisher reference",0.456
ku_leuven_bev,data/doi-10.48804-8kpdtw.zip :: BEV energy dynamic data_V2.zip,md5,cc2d63758b411c0f8d4b61bdaa1fff1c,cc2d63758b411c0f8d4b61bdaa1fff1c,162310975,match,2.831
ku_leuven_bev,data/doi-10.48804-8kpdtw.zip :: readme_V2.txt,md5,af00ec7244a6680beed61d34d4a8ed9b,af00ec7244a6680beed61d34d4a8ed9b,2004,match,0.001
ku_leuven_bev,paper/Paper.pdf,md5+sha256,,md5:4bf78c2c060673d91acdc383876ba39a sha256:01a98a5bae7cc868bbbadcf24b73e26250673493828ed09086913d80f51887b2,7637547,"own hash, no publisher reference",1.262
li2026,paper/Paper.pdf,md5+sha256,,md5:d8d9f8983c3112913059528d45db07d4 sha256:e80d733926232806569734933397306ae6a0a8c3a6080da71f19541b029dcbdd,8637996,"own hash, no publisher reference",0.979
li2026,"supplementary/Document S1 - Supplemental figures, tables and notes (mmc1).pdf",md5+sha256,,md5:16f08b2ba171f12f39badf7a7a840a37 sha256:ca20b5fd47b693a2d31cef37a762250dc3b6442c8397011f1f06f20f6f7c5f22,5255418,"own hash, no publisher reference",0.759
li2026,supplementary/Document S2 - Article plus supplemental information (mmc2).pdf,md5+sha256,,md5:41d089e612db3d52b964ae35d5d6c8f6 sha256:15ff3f41bf169f1f573ab25b215bdd238e85cc52d75ab1b0166c6ef9a365e34b,25477106,"own hash, no publisher reference",1.675
m5bat-2023-04,paper/Report_04-2023.pdf,md5+sha256,,md5:a425cc8e5aaab41101df6260c4d4ef2f sha256:93ce508a2fdb847cb0d9147499708add3dd1f0c59912b5062570ce669a532058,1167934,"own hash, no publisher reference",1.514
m5bat-pbacid,paper/energies-19-04141.pdf,md5+sha256,,md5:698994bc5827bfc7cbef82536bf65bb5 sha256:dea786465bec9f4b63290e98ac8b4b549ff995b6502a434a66857dc5c0f7665d,2528680,"own hash, no publisher reference",0.865
m5bat-pbacid,supplementary/Description_File.pdf,md5+sha256,,md5:0482ef036d0e1829cb4d092004406878 sha256:c203c7f3e146ee3d9626dc6e1b45bc643c5f641b4ffb38897165ff50ce846e08,77573,"own hash, no publisher reference",0.510
m5bat-pbacid,supplementary/energies-15-01342.pdf,md5+sha256,,md5:1a86e9493953083ddb3361cce108f156 sha256:69ccca8bf5833d4ac3f88e49feafefe671ab1ca28df7bfc3c99f3293fae53ee1,4704859,"own hash, no publisher reference",0.776
ppl,paper/Paper.pdf,md5+sha256,,md5:d8c7a000f21eb68161281a006d236b34 sha256:be72c92eb8b5be80a07c560738b53377f2dcaf92fff51acf175dab73988755b5,2771151,"own hash, no publisher reference",0.877
rwth-android,paper/Battery_Cell_Field_Data_of_Multiple_Mobile_Android_Devices.pdf,md5+sha256,,md5:e6adabae96800e9d22ab3c7226721196 sha256:e42ecd085c5b3d9362a9e2dbed691e04b9c29dec859d293e86e7289f4fb5b9d7,316291,"own hash, no publisher reference",0.582
rwth-android,supplementary/electronics-12-03049.pdf,md5+sha256,,md5:cda88fa7883e28dec756f52d45072407 sha256:b237fa55c27423409d8e97fc7b182e380c0db4e43136a8702cad66d5de26bd1f,4641474,"own hash, no publisher reference",0.845
rwth-home,paper/Figgener2024_arXiv-2411.08025v1_degradation-modes-from-reconstructed-OCV.pdf,md5+sha256,,md5:88d28f6fb1e746b382926e2fbc2da339 sha256:14d19a9eeac219be88e182b6760cab55f0b79140fd88258265c6b07a810afa74,2068565,"own hash, no publisher reference",0.702
rwth-home,paper/Paper.pdf,md5+sha256,,md5:10ee062d3a9e10a6c255b4135adc310d sha256:2acd547311aeeffbe704eb2a9517414336461a2d663f5723b122a9f14f8abde2,1828034,"own hash, no publisher reference",0.646
rwth-home,supplementary/Source Data Fig. 1.xlsx,md5+sha256,,md5:1bdd37c182b70943c2f5ad026f118d68 sha256:225a60183b237a26030b2bcecd32294582ebc190abce3cb24f93bedc7b173a2c,11495322,"own hash, no publisher reference",1.221
rwth-home,supplementary/Source Data Fig. 2.xlsx,md5+sha256,,md5:daf884116b73247aa7b3e38bedf95eb8 sha256:0b4bb9022478bd154a23e1c05a09755f6192c606b9e1f5efc4c210dfaf3bdb09,52418,"own hash, no publisher reference",0.697
rwth-home,supplementary/Source Data Fig. 3.xlsx,md5+sha256,,md5:6ecc97171b608deb8228b929428ada2d sha256:179ec819eb9c96f23b0a9434ed8ce0b759aa655c4c809efd0b25993a8be04f9b,9904066,"own hash, no publisher reference",1.255
rwth-home,supplementary/Source Data Fig. 4.xlsx,md5+sha256,,md5:7fc9b136ac5b8f7ec4cd99ae3146ec61 sha256:773a72e899937612240386b6a040059a0d552a4828b3409b25a08f38de13a3f4,10639,"own hash, no publisher reference",0.490
rwth-home,supplementary/Source Data Fig. 5.xlsx,md5+sha256,,md5:51e440e53c490eb3a77d66af4e390f48 sha256:508eb664f49d44944d7b30234b57acebbeda5f4cb80ac4ad6c791ce7e012cc64,10158,"own hash, no publisher reference",0.546
rwth-home,supplementary/Supplementary Data 1.xlsx,md5+sha256,,md5:d4fb3e29969fd6a673108adf37ad5526 sha256:b14f99b1980ce33c762391c47de6be25658b59540806fe5155a740d245d60ca3,2834217,"own hash, no publisher reference",0.645
rwth-home,supplementary/Supplementary Information.pdf,md5+sha256,,md5:159c7bb468ebc008728cb3253cc83312 sha256:062c57fa945a3eb3b64844d6fe127f7cb245fbfc26e47f841a2d61573f010bfd,1731246,"own hash, no publisher reference",0.569
schaeffer,paper/Paper.pdf,md5+sha256,,md5:92bb0b9cad9ed424ae3909d49422d786 sha256:c3ea5789a296b3165b7a8c6480387c4e30ec347772eb812926de53773f229f8c,6774952,"own hash, no publisher reference",1.359
schaeffer,supplementary/Document S1 - Figures S1-S37 and Notes S1-S7 (mmc1).pdf,md5+sha256,,md5:35cfcfa2491cd97748df8e43da6c0a78 sha256:22215f330c9aee045cd00038ca081f957ccf2364c9862f99d8ab154dc044cf39,34311958,"own hash, no publisher reference",3.424
schaeffer,supplementary/Document S2 - Article plus supplemental information (mmc2).pdf,md5+sha256,,md5:b89bba4cc7dd313234517d86e7e5d018 sha256:db43335c1f45ee290b5e5b345a1c252f0faa3f10d54b5f84829e147eebe05848,41522847,"own hash, no publisher reference",2.633
tsukuba,paper/sdata201920.pdf,md5+sha256,,md5:cac922bcd0abc7d2efaf076efd29e5bf sha256:4b52e6bf19a1bdcdd3bf5333a16e136a90636388b7a3061a08e6c5cceab1674a,1385070,"own hash, no publisher reference",0.571
tumftm,paper/Paper.pdf,md5+sha256,,md5:9ced3f57bb2f972fb300ed0331b0b440 sha256:5d651d35af16092ba7a6ebf1385b791752694ba647b5edf57037d05bbe704973,9242601,"own hash, no publisher reference",1.089
xie,paper/Paper.pdf,md5+sha256,,md5:c0494369981e976777b9a2b37a2ec73b sha256:40435f880b5c3765b151d7f9d9af4b6d1473408fa320519f1d9f22d701e93872,5810787,"own hash, no publisher reference",0.854
xie,"supplementary/Document S1 - Figures S1-S11, Tables S1-S4, Notes S1-S9, Algorithms S1-S2 (mmc1).pdf",md5+sha256,,md5:8e973068d4e30e2ebebfcc482a837363 sha256:beb26c5ff30037627e66aeab5a6352d5cadcc4d188423e14e2d8b2989f4f38b6,1062986,"own hash, no publisher reference",0.658
xie,supplementary/Document S2 - Article plus supplemental information (mmc2).pdf,md5+sha256,,md5:3933d9ac67d9702fba7d1ce84e1c0dd0 sha256:5b851a204550cd63a1b1400f02ea7b744024bcb44c8588618de6fa279591d2f6,9609791,"own hash, no publisher reference",1.235
zhang2023,paper/Paper.pdf,md5+sha256,,md5:0dbd6f0bd444e951ae4a65a247c27af1 sha256:29cec5e8bf98f0cfed39a3478c2a19ac1ab13e48bd48ccd1e2a7a7d589fdda8c,2187157,"own hash, no publisher reference",1.729
zhang2023,supplementary/Peer review file.pdf,md5+sha256,,md5:2a142572622541fda5608296587b82b3 sha256:821be8997504f81460a42678a2c88842a950ac27095dc0ee0c83c34c43d8c6c2,3187290,"own hash, no publisher reference",0.672
zhang2023,supplementary/Supplementary Information.pdf,md5+sha256,,md5:0a7dcbd585b377f3de6408ce7a12dfea sha256:7eed30e77afc47ef334fb095844e884619e393ca042f80a259076e588cebe489,1806978,"own hash, no publisher reference",0.645
zhou2026,paper/Paper.pdf,md5+sha256,,md5:bdfa6ab7cf64de8ef4162d81ec495c0f sha256:4ac575aa816ada490975ca7193d5e35afbb34d83707ec36c6bc335645e68ceb4,2938811,"own hash, no publisher reference",0.736
zhou2026,supplementary/Source Data Fig. 3 a-g.xlsx,md5+sha256,,md5:1cd28fb8027f194e299bd395ff13d819 sha256:e20d6165032294c482057f6b9e7906e066736b3f1a1c17e1ecd9a4b966686cc0,25161533,"own hash, no publisher reference",2.047
zhou2026,supplementary/Source Data Fig. 3 h-j.xlsx,md5+sha256,,md5:b0ae6f7ba4361dbc08c06b5bf37f94ba sha256:7d9be69be3201e6298fcb60f0f6093a076a5c54ab466edb7c412414bedbab626,16722091,"own hash, no publisher reference",1.387
zhou2026,supplementary/Source Data Fig. 4.xlsx,md5+sha256,,md5:cfcba0cf6e965b2180dc7c84d30c093f sha256:e9d03c35760edbc6152f2184509ee572e448c6151c5809fea4efb9d8156cabf3,61312,"own hash, no publisher reference",0.606
zhou2026,supplementary/Source Data Fig. 5.xlsx,md5+sha256,,md5:ab5ad10ed54b2e77080beb512e2e245e sha256:033e24273cab1eca162490f189a967f767cf9bf8c6987e4c5e839635b8052a06,340397,"own hash, no publisher reference",0.667
zhou2026,supplementary/Supplementary Information.pdf,md5+sha256,,md5:f96cf7a37b372773e9ca40d9d5160fa8 sha256:3980924accdde911f674f52c76d856d1ff1425d3a9b4c6c69cf2f0d60f24bf17,3800921,"own hash, no publisher reference",0.718
